+ define_corners nom_tt_025C_1v80
Reading timing models for corner nom_tt_025C_1v80…
Reading cell library for the 'nom_tt_025C_1v80' corner at '/home/admin/.ciel/ciel/sky130/versions/8afc8346a57fe1ab7934ba5a6056ea8b43078e71/sky130A/libs.ref/sky130_fd_sc_hd/lib/sky130_fd_sc_hd__tt_025C_1v80.lib'…
Reading top-level netlist at '/home/admin/Documents/Projekty/Hobby/Nauka/RISC-5/.v/DDCA/code/exercises/ALU/systemIverilog/runs/RUN_2026-09-17_08-26-00/06-yosys-synthesis/ALU.nl.v'…
Linking design 'ALU' from netlist…
Reading design constraints file at '/nix/store/z065pcb7wpk2dlgw6dj6fz025433qjm0-python3.13-librelane-3.0.14/lib/python3.13/site-packages/librelane/scripts/base.sdc'…
Warning: base.sdc line 15, port '__VIRTUAL_CLK__' not found.
[INFO] Using clock __VIRTUAL_CLK__…
[INFO] Setting output delay to: 4.0
[INFO] Setting input delay to: 4.0
Warning: base.sdc line 32, port '__VIRTUAL_CLK__' not found.
[INFO] Setting load to: 0.033442
[INFO] Setting clock uncertainty to: 0.25
[INFO] Setting clock transition to: 0.1499999999999999944488848768742172978818416595458984375
Warning: base.sdc line 69, transition time can not be specified for virtual clocks.
[INFO] Setting timing derate to: 5.0%
%OL_CREATE_REPORT min.rpt

===========================================================================
report_checks -path_delay min (Hold)
============================================================================
======================= nom_tt_025C_1v80 Corner ===================================

Startpoint: A[5] (input port clocked by __VIRTUAL_CLK__)
Endpoint: y[5] (output port clocked by __VIRTUAL_CLK__)
Path Group: __VIRTUAL_CLK__
Path Type: min

Fanout         Cap        Slew       Delay        Time   Description
---------------------------------------------------------------------------------------------
                      0.000000    0.000000    0.000000   clock __VIRTUAL_CLK__ (rise edge)
                                  0.000000    0.000000   clock network delay (ideal)
                                  4.000000    4.000000 v input external delay
     4    0.018303    0.042698    0.027948    4.027948 v A[5] (in)
                                                         A[5] (net)
                      0.042698    0.000000    4.027948 v _507_/A (sky130_fd_sc_hd__nand2_2)
     3    0.008862    0.057988    0.064602    4.092549 ^ _507_/Y (sky130_fd_sc_hd__nand2_2)
                                                         _073_ (net)
                      0.057988    0.000000    4.092549 ^ _517_/A2 (sky130_fd_sc_hd__o21ai_2)
     1    0.033442    0.136441    0.126196    4.218746 v _517_/Y (sky130_fd_sc_hd__o21ai_2)
                                                         y[5] (net)
                      0.136441    0.000000    4.218746 v y[5] (out)
                                              4.218746   data arrival time

                      0.000000    0.000000    0.000000   clock __VIRTUAL_CLK__ (rise edge)
                                  0.000000    0.000000   clock network delay (ideal)
                                  0.250000    0.250000   clock uncertainty
                                  0.000000    0.250000   clock reconvergence pessimism
                                 -4.000000   -3.750000   output external delay
                                             -3.750000   data required time
---------------------------------------------------------------------------------------------
                                             -3.750000   data required time
                                             -4.218746   data arrival time
---------------------------------------------------------------------------------------------
                                              7.968746   slack (MET)


Startpoint: A[10] (input port clocked by __VIRTUAL_CLK__)
Endpoint: y[10] (output port clocked by __VIRTUAL_CLK__)
Path Group: __VIRTUAL_CLK__
Path Type: min

Fanout         Cap        Slew       Delay        Time   Description
---------------------------------------------------------------------------------------------
                      0.000000    0.000000    0.000000   clock __VIRTUAL_CLK__ (rise edge)
                                  0.000000    0.000000   clock network delay (ideal)
                                  4.000000    4.000000 v input external delay
     5    0.022866    0.052430    0.034818    4.034818 v A[10] (in)
                                                         A[10] (net)
                      0.052430    0.000000    4.034818 v _570_/A (sky130_fd_sc_hd__nand2_2)
     2    0.007089    0.049496    0.062512    4.097330 ^ _570_/Y (sky130_fd_sc_hd__nand2_2)
                                                         _131_ (net)
                      0.049496    0.000000    4.097330 ^ _582_/A2 (sky130_fd_sc_hd__o211ai_2)
     1    0.033442    0.209715    0.183631    4.280961 v _582_/Y (sky130_fd_sc_hd__o211ai_2)
                                                         y[10] (net)
                      0.209715    0.000000    4.280961 v y[10] (out)
                                              4.280961   data arrival time

                      0.000000    0.000000    0.000000   clock __VIRTUAL_CLK__ (rise edge)
                                  0.000000    0.000000   clock network delay (ideal)
                                  0.250000    0.250000   clock uncertainty
                                  0.000000    0.250000   clock reconvergence pessimism
                                 -4.000000   -3.750000   output external delay
                                             -3.750000   data required time
---------------------------------------------------------------------------------------------
                                             -3.750000   data required time
                                             -4.280961   data arrival time
---------------------------------------------------------------------------------------------
                                              8.030961   slack (MET)


Startpoint: B[6] (input port clocked by __VIRTUAL_CLK__)
Endpoint: y[6] (output port clocked by __VIRTUAL_CLK__)
Path Group: __VIRTUAL_CLK__
Path Type: min

Fanout         Cap        Slew       Delay        Time   Description
---------------------------------------------------------------------------------------------
                      0.000000    0.000000    0.000000   clock __VIRTUAL_CLK__ (rise edge)
                                  0.000000    0.000000   clock network delay (ideal)
                                  4.000000    4.000000 v input external delay
     5    0.022956    0.052622    0.034953    4.034954 v B[6] (in)
                                                         B[6] (net)
                      0.052622    0.000000    4.034954 v _519_/B (sky130_fd_sc_hd__nor2_2)
     3    0.009722    0.132348    0.117896    4.152850 ^ _519_/Y (sky130_fd_sc_hd__nor2_2)
                                                         _084_ (net)
                      0.132348    0.000000    4.152850 ^ _530_/A2 (sky130_fd_sc_hd__o21ai_2)
     1    0.033442    0.136441    0.145596    4.298445 v _530_/Y (sky130_fd_sc_hd__o21ai_2)
                                                         y[6] (net)
                      0.136441    0.000000    4.298445 v y[6] (out)
                                              4.298445   data arrival time

                      0.000000    0.000000    0.000000   clock __VIRTUAL_CLK__ (rise edge)
                                  0.000000    0.000000   clock network delay (ideal)
                                  0.250000    0.250000   clock uncertainty
                                  0.000000    0.250000   clock reconvergence pessimism
                                 -4.000000   -3.750000   output external delay
                                             -3.750000   data required time
---------------------------------------------------------------------------------------------
                                             -3.750000   data required time
                                             -4.298445   data arrival time
---------------------------------------------------------------------------------------------
                                              8.048446   slack (MET)


Startpoint: A[11] (input port clocked by __VIRTUAL_CLK__)
Endpoint: y[11] (output port clocked by __VIRTUAL_CLK__)
Path Group: __VIRTUAL_CLK__
Path Type: min

Fanout         Cap        Slew       Delay        Time   Description
---------------------------------------------------------------------------------------------
                      0.000000    0.000000    0.000000   clock __VIRTUAL_CLK__ (rise edge)
                                  0.000000    0.000000   clock network delay (ideal)
                                  4.000000    4.000000 v input external delay
     4    0.018303    0.042698    0.027948    4.027948 v A[11] (in)
                                                         A[11] (net)
                      0.042698    0.000000    4.027948 v _584_/A (sky130_fd_sc_hd__nand2_2)
     2    0.005057    0.039328    0.051676    4.079623 ^ _584_/Y (sky130_fd_sc_hd__nand2_2)
                                                         _144_ (net)
                      0.039328    0.000000    4.079623 ^ _595_/A2 (sky130_fd_sc_hd__o21a_2)
     1    0.004522    0.038589    0.104091    4.183715 ^ _595_/X (sky130_fd_sc_hd__o21a_2)
                                                         _155_ (net)
                      0.038589    0.000000    4.183715 ^ _596_/B1 (sky130_fd_sc_hd__o21ai_2)
     1    0.033442    0.136473    0.117784    4.301498 v _596_/Y (sky130_fd_sc_hd__o21ai_2)
                                                         y[11] (net)
                      0.136473    0.000000    4.301498 v y[11] (out)
                                              4.301498   data arrival time

                      0.000000    0.000000    0.000000   clock __VIRTUAL_CLK__ (rise edge)
                                  0.000000    0.000000   clock network delay (ideal)
                                  0.250000    0.250000   clock uncertainty
                                  0.000000    0.250000   clock reconvergence pessimism
                                 -4.000000   -3.750000   output external delay
                                             -3.750000   data required time
---------------------------------------------------------------------------------------------
                                             -3.750000   data required time
                                             -4.301498   data arrival time
---------------------------------------------------------------------------------------------
                                              8.051498   slack (MET)


Startpoint: A[12] (input port clocked by __VIRTUAL_CLK__)
Endpoint: y[12] (output port clocked by __VIRTUAL_CLK__)
Path Group: __VIRTUAL_CLK__
Path Type: min

Fanout         Cap        Slew       Delay        Time   Description
---------------------------------------------------------------------------------------------
                      0.000000    0.000000    0.000000   clock __VIRTUAL_CLK__ (rise edge)
                                  0.000000    0.000000   clock network delay (ideal)
                                  4.000000    4.000000 ^ input external delay
     6    0.023828    0.114624    0.073555    4.073555 ^ A[12] (in)
                                                         A[12] (net)
                      0.114624    0.000000    4.073555 ^ _611_/A1 (sky130_fd_sc_hd__o21ai_2)
     1    0.004244    0.036739    0.070135    4.143689 v _611_/Y (sky130_fd_sc_hd__o21ai_2)
                                                         _170_ (net)
                      0.036739    0.000000    4.143689 v _613_/B1 (sky130_fd_sc_hd__o211ai_2)
     1    0.033442    0.210368    0.160632    4.304321 ^ _613_/Y (sky130_fd_sc_hd__o211ai_2)
                                                         y[12] (net)
                      0.210368    0.000000    4.304321 ^ y[12] (out)
                                              4.304321   data arrival time

                      0.000000    0.000000    0.000000   clock __VIRTUAL_CLK__ (rise edge)
                                  0.000000    0.000000   clock network delay (ideal)
                                  0.250000    0.250000   clock uncertainty
                                  0.000000    0.250000   clock reconvergence pessimism
                                 -4.000000   -3.750000   output external delay
                                             -3.750000   data required time
---------------------------------------------------------------------------------------------
                                             -3.750000   data required time
                                             -4.304321   data arrival time
---------------------------------------------------------------------------------------------
                                              8.054322   slack (MET)


Startpoint: statusIn[0] (input port clocked by __VIRTUAL_CLK__)
Endpoint: y[0] (output port clocked by __VIRTUAL_CLK__)
Path Group: __VIRTUAL_CLK__
Path Type: min

Fanout         Cap        Slew       Delay        Time   Description
---------------------------------------------------------------------------------------------
                      0.000000    0.000000    0.000000   clock __VIRTUAL_CLK__ (rise edge)
                                  0.000000    0.000000   clock network delay (ideal)
                                  4.000000    4.000000 v input external delay
     5    0.014622    0.034847    0.022406    4.022406 v statusIn[0] (in)
                                                         statusIn[0] (net)
                      0.034847    0.000000    4.022406 v _440_/A (sky130_fd_sc_hd__nand2_2)
     4    0.008870    0.057909    0.061475    4.083881 ^ _440_/Y (sky130_fd_sc_hd__nand2_2)
                                                         _011_ (net)
                      0.057909    0.000000    4.083881 ^ _454_/A1 (sky130_fd_sc_hd__a21bo_2)
     1    0.033442    0.184500    0.221403    4.305284 ^ _454_/X (sky130_fd_sc_hd__a21bo_2)
                                                         y[0] (net)
                      0.184500    0.000000    4.305284 ^ y[0] (out)
                                              4.305284   data arrival time

                      0.000000    0.000000    0.000000   clock __VIRTUAL_CLK__ (rise edge)
                                  0.000000    0.000000   clock network delay (ideal)
                                  0.250000    0.250000   clock uncertainty
                                  0.000000    0.250000   clock reconvergence pessimism
                                 -4.000000   -3.750000   output external delay
                                             -3.750000   data required time
---------------------------------------------------------------------------------------------
                                             -3.750000   data required time
                                             -4.305284   data arrival time
---------------------------------------------------------------------------------------------
                                              8.055285   slack (MET)


Startpoint: A[31] (input port clocked by __VIRTUAL_CLK__)
Endpoint: statusOut (output port clocked by __VIRTUAL_CLK__)
Path Group: __VIRTUAL_CLK__
Path Type: min

Fanout         Cap        Slew       Delay        Time   Description
---------------------------------------------------------------------------------------------
                      0.000000    0.000000    0.000000   clock __VIRTUAL_CLK__ (rise edge)
                                  0.000000    0.000000   clock network delay (ideal)
                                  4.000000    4.000000 v input external delay
     3    0.009739    0.024321    0.014952    4.014953 v A[31] (in)
                                                         A[31] (net)
                      0.024321    0.000000    4.014953 v _887_/B2 (sky130_fd_sc_hd__o32ai_2)
     1    0.002423    0.114003    0.067561    4.082513 ^ _887_/Y (sky130_fd_sc_hd__o32ai_2)
                                                         _426_ (net)
                      0.114003    0.000000    4.082513 ^ _890_/A2 (sky130_fd_sc_hd__a21o_2)
     1    0.033442    0.171510    0.229533    4.312047 ^ _890_/X (sky130_fd_sc_hd__a21o_2)
                                                         statusOut (net)
                      0.171510    0.000000    4.312047 ^ statusOut (out)
                                              4.312047   data arrival time

                      0.000000    0.000000    0.000000   clock __VIRTUAL_CLK__ (rise edge)
                                  0.000000    0.000000   clock network delay (ideal)
                                  0.250000    0.250000   clock uncertainty
                                  0.000000    0.250000   clock reconvergence pessimism
                                 -4.000000   -3.750000   output external delay
                                             -3.750000   data required time
---------------------------------------------------------------------------------------------
                                             -3.750000   data required time
                                             -4.312047   data arrival time
---------------------------------------------------------------------------------------------
                                              8.062046   slack (MET)


Startpoint: B[21] (input port clocked by __VIRTUAL_CLK__)
Endpoint: y[21] (output port clocked by __VIRTUAL_CLK__)
Path Group: __VIRTUAL_CLK__
Path Type: min

Fanout         Cap        Slew       Delay        Time   Description
---------------------------------------------------------------------------------------------
                      0.000000    0.000000    0.000000   clock __VIRTUAL_CLK__ (rise edge)
                                  0.000000    0.000000   clock network delay (ideal)
                                  4.000000    4.000000 v input external delay
     5    0.017795    0.041615    0.027183    4.027183 v B[21] (in)
                                                         B[21] (net)
                      0.041615    0.000000    4.027183 v _727_/A (sky130_fd_sc_hd__nand2_2)
     1    0.002547    0.027778    0.042432    4.069615 ^ _727_/Y (sky130_fd_sc_hd__nand2_2)
                                                         _277_ (net)
                      0.027778    0.000000    4.069615 ^ _736_/A2 (sky130_fd_sc_hd__o221a_2)
     1    0.004522    0.050808    0.168817    4.238433 ^ _736_/X (sky130_fd_sc_hd__o221a_2)
                                                         _286_ (net)
                      0.050808    0.000000    4.238433 ^ _737_/B1 (sky130_fd_sc_hd__o21ai_2)
     1    0.033442    0.136441    0.121624    4.360056 v _737_/Y (sky130_fd_sc_hd__o21ai_2)
                                                         y[21] (net)
                      0.136441    0.000000    4.360056 v y[21] (out)
                                              4.360056   data arrival time

                      0.000000    0.000000    0.000000   clock __VIRTUAL_CLK__ (rise edge)
                                  0.000000    0.000000   clock network delay (ideal)
                                  0.250000    0.250000   clock uncertainty
                                  0.000000    0.250000   clock reconvergence pessimism
                                 -4.000000   -3.750000   output external delay
                                             -3.750000   data required time
---------------------------------------------------------------------------------------------
                                             -3.750000   data required time
                                             -4.360056   data arrival time
---------------------------------------------------------------------------------------------
                                              8.110057   slack (MET)


Startpoint: A[17] (input port clocked by __VIRTUAL_CLK__)
Endpoint: y[17] (output port clocked by __VIRTUAL_CLK__)
Path Group: __VIRTUAL_CLK__
Path Type: min

Fanout         Cap        Slew       Delay        Time   Description
---------------------------------------------------------------------------------------------
                      0.000000    0.000000    0.000000   clock __VIRTUAL_CLK__ (rise edge)
                                  0.000000    0.000000   clock network delay (ideal)
                                  4.000000    4.000000 ^ input external delay
     5    0.016367    0.081190    0.051438    4.051438 ^ A[17] (in)
                                                         A[17] (net)
                      0.081190    0.000000    4.051438 ^ _680_/A2 (sky130_fd_sc_hd__a31o_2)
     1    0.002564    0.031062    0.140013    4.191452 ^ _680_/X (sky130_fd_sc_hd__a31o_2)
                                                         _234_ (net)
                      0.031062    0.000000    4.191452 ^ _681_/B1 (sky130_fd_sc_hd__a21o_2)
     1    0.033442    0.171497    0.170429    4.361881 ^ _681_/X (sky130_fd_sc_hd__a21o_2)
                                                         y[17] (net)
                      0.171497    0.000000    4.361881 ^ y[17] (out)
                                              4.361881   data arrival time

                      0.000000    0.000000    0.000000   clock __VIRTUAL_CLK__ (rise edge)
                                  0.000000    0.000000   clock network delay (ideal)
                                  0.250000    0.250000   clock uncertainty
                                  0.000000    0.250000   clock reconvergence pessimism
                                 -4.000000   -3.750000   output external delay
                                             -3.750000   data required time
---------------------------------------------------------------------------------------------
                                             -3.750000   data required time
                                             -4.361881   data arrival time
---------------------------------------------------------------------------------------------
                                              8.111881   slack (MET)


Startpoint: B[1] (input port clocked by __VIRTUAL_CLK__)
Endpoint: y[1] (output port clocked by __VIRTUAL_CLK__)
Path Group: __VIRTUAL_CLK__
Path Type: min

Fanout         Cap        Slew       Delay        Time   Description
---------------------------------------------------------------------------------------------
                      0.000000    0.000000    0.000000   clock __VIRTUAL_CLK__ (rise edge)
                                  0.000000    0.000000   clock network delay (ideal)
                                  4.000000    4.000000 ^ input external delay
     4    0.019472    0.095104    0.060642    4.060642 ^ B[1] (in)
                                                         B[1] (net)
                      0.095104    0.000000    4.060642 ^ _461_/A2 (sky130_fd_sc_hd__o21ai_2)
     1    0.002253    0.026003    0.049240    4.109882 v _461_/Y (sky130_fd_sc_hd__o21ai_2)
                                                         _031_ (net)
                      0.026003    0.000000    4.109882 v _462_/C1 (sky130_fd_sc_hd__o221a_2)
     1    0.004237    0.031327    0.107741    4.217623 v _462_/X (sky130_fd_sc_hd__o221a_2)
                                                         _032_ (net)
                      0.031327    0.000000    4.217623 v _463_/B1 (sky130_fd_sc_hd__o21ai_2)
     1    0.033442    0.204077    0.148418    4.366041 ^ _463_/Y (sky130_fd_sc_hd__o21ai_2)
                                                         y[1] (net)
                      0.204077    0.000000    4.366041 ^ y[1] (out)
                                              4.366041   data arrival time

                      0.000000    0.000000    0.000000   clock __VIRTUAL_CLK__ (rise edge)
                                  0.000000    0.000000   clock network delay (ideal)
                                  0.250000    0.250000   clock uncertainty
                                  0.000000    0.250000   clock reconvergence pessimism
                                 -4.000000   -3.750000   output external delay
                                             -3.750000   data required time
---------------------------------------------------------------------------------------------
                                             -3.750000   data required time
                                             -4.366041   data arrival time
---------------------------------------------------------------------------------------------
                                              8.116041   slack (MET)


Startpoint: B[7] (input port clocked by __VIRTUAL_CLK__)
Endpoint: y[7] (output port clocked by __VIRTUAL_CLK__)
Path Group: __VIRTUAL_CLK__
Path Type: min

Fanout         Cap        Slew       Delay        Time   Description
---------------------------------------------------------------------------------------------
                      0.000000    0.000000    0.000000   clock __VIRTUAL_CLK__ (rise edge)
                                  0.000000    0.000000   clock network delay (ideal)
                                  4.000000    4.000000 ^ input external delay
     4    0.019472    0.095104    0.060642    4.060642 ^ B[7] (in)
                                                         B[7] (net)
                      0.095104    0.000000    4.060642 ^ _537_/A2 (sky130_fd_sc_hd__o21ai_2)
     1    0.002253    0.026003    0.049240    4.109882 v _537_/Y (sky130_fd_sc_hd__o21ai_2)
                                                         _101_ (net)
                      0.026003    0.000000    4.109882 v _538_/C1 (sky130_fd_sc_hd__o221a_2)
     1    0.004237    0.031327    0.107741    4.217623 v _538_/X (sky130_fd_sc_hd__o221a_2)
                                                         _102_ (net)
                      0.031327    0.000000    4.217623 v _539_/B1 (sky130_fd_sc_hd__o21ai_2)
     1    0.033442    0.204077    0.148418    4.366041 ^ _539_/Y (sky130_fd_sc_hd__o21ai_2)
                                                         y[7] (net)
                      0.204077    0.000000    4.366041 ^ y[7] (out)
                                              4.366041   data arrival time

                      0.000000    0.000000    0.000000   clock __VIRTUAL_CLK__ (rise edge)
                                  0.000000    0.000000   clock network delay (ideal)
                                  0.250000    0.250000   clock uncertainty
                                  0.000000    0.250000   clock reconvergence pessimism
                                 -4.000000   -3.750000   output external delay
                                             -3.750000   data required time
---------------------------------------------------------------------------------------------
                                             -3.750000   data required time
                                             -4.366041   data arrival time
---------------------------------------------------------------------------------------------
                                              8.116041   slack (MET)


Startpoint: B[23] (input port clocked by __VIRTUAL_CLK__)
Endpoint: y[23] (output port clocked by __VIRTUAL_CLK__)
Path Group: __VIRTUAL_CLK__
Path Type: min

Fanout         Cap        Slew       Delay        Time   Description
---------------------------------------------------------------------------------------------
                      0.000000    0.000000    0.000000   clock __VIRTUAL_CLK__ (rise edge)
                                  0.000000    0.000000   clock network delay (ideal)
                                  4.000000    4.000000 v input external delay
     3    0.007260    0.018945    0.011139    4.011139 v B[23] (in)
                                                         B[23] (net)
                      0.018945    0.000000    4.011139 v _753_/A (sky130_fd_sc_hd__nand2_2)
     3    0.009527    0.060944    0.057430    4.068569 ^ _753_/Y (sky130_fd_sc_hd__nand2_2)
                                                         _301_ (net)
                      0.060944    0.000000    4.068569 ^ _765_/A2 (sky130_fd_sc_hd__o221a_2)
     1    0.004522    0.050805    0.178263    4.246832 ^ _765_/X (sky130_fd_sc_hd__o221a_2)
                                                         _313_ (net)
                      0.050805    0.000000    4.246832 ^ _766_/B1 (sky130_fd_sc_hd__o21ai_2)
     1    0.033442    0.136441    0.121623    4.368454 v _766_/Y (sky130_fd_sc_hd__o21ai_2)
                                                         y[23] (net)
                      0.136441    0.000000    4.368454 v y[23] (out)
                                              4.368454   data arrival time

                      0.000000    0.000000    0.000000   clock __VIRTUAL_CLK__ (rise edge)
                                  0.000000    0.000000   clock network delay (ideal)
                                  0.250000    0.250000   clock uncertainty
                                  0.000000    0.250000   clock reconvergence pessimism
                                 -4.000000   -3.750000   output external delay
                                             -3.750000   data required time
---------------------------------------------------------------------------------------------
                                             -3.750000   data required time
                                             -4.368454   data arrival time
---------------------------------------------------------------------------------------------
                                              8.118455   slack (MET)


Startpoint: A[20] (input port clocked by __VIRTUAL_CLK__)
Endpoint: y[20] (output port clocked by __VIRTUAL_CLK__)
Path Group: __VIRTUAL_CLK__
Path Type: min

Fanout         Cap        Slew       Delay        Time   Description
---------------------------------------------------------------------------------------------
                      0.000000    0.000000    0.000000   clock __VIRTUAL_CLK__ (rise edge)
                                  0.000000    0.000000   clock network delay (ideal)
                                  4.000000    4.000000 ^ input external delay
     5    0.021914    0.106047    0.067881    4.067881 ^ A[20] (in)
                                                         A[20] (net)
                      0.106047    0.000000    4.067881 ^ _724_/A2 (sky130_fd_sc_hd__o21ai_2)
     1    0.002253    0.027266    0.051096    4.118977 v _724_/Y (sky130_fd_sc_hd__o21ai_2)
                                                         _275_ (net)
                      0.027266    0.000000    4.118977 v _725_/C1 (sky130_fd_sc_hd__o221a_2)
     1    0.004237    0.031325    0.108273    4.227249 v _725_/X (sky130_fd_sc_hd__o221a_2)
                                                         _276_ (net)
                      0.031325    0.000000    4.227249 v _726_/B1 (sky130_fd_sc_hd__o21ai_2)
     1    0.033442    0.204077    0.148418    4.375667 ^ _726_/Y (sky130_fd_sc_hd__o21ai_2)
                                                         y[20] (net)
                      0.204077    0.000000    4.375667 ^ y[20] (out)
                                              4.375667   data arrival time

                      0.000000    0.000000    0.000000   clock __VIRTUAL_CLK__ (rise edge)
                                  0.000000    0.000000   clock network delay (ideal)
                                  0.250000    0.250000   clock uncertainty
                                  0.000000    0.250000   clock reconvergence pessimism
                                 -4.000000   -3.750000   output external delay
                                             -3.750000   data required time
---------------------------------------------------------------------------------------------
                                             -3.750000   data required time
                                             -4.375667   data arrival time
---------------------------------------------------------------------------------------------
                                              8.125667   slack (MET)


Startpoint: B[24] (input port clocked by __VIRTUAL_CLK__)
Endpoint: y[24] (output port clocked by __VIRTUAL_CLK__)
Path Group: __VIRTUAL_CLK__
Path Type: min

Fanout         Cap        Slew       Delay        Time   Description
---------------------------------------------------------------------------------------------
                      0.000000    0.000000    0.000000   clock __VIRTUAL_CLK__ (rise edge)
                                  0.000000    0.000000   clock network delay (ideal)
                                  4.000000    4.000000 v input external delay
     3    0.007260    0.018945    0.011139    4.011139 v B[24] (in)
                                                         B[24] (net)
                      0.018945    0.000000    4.011139 v _768_/A (sky130_fd_sc_hd__nand2_2)
     4    0.011141    0.068952    0.062937    4.074076 ^ _768_/Y (sky130_fd_sc_hd__nand2_2)
                                                         _315_ (net)
                      0.068952    0.000000    4.074076 ^ _783_/A2 (sky130_fd_sc_hd__o221a_2)
     1    0.004522    0.050835    0.180224    4.254300 ^ _783_/X (sky130_fd_sc_hd__o221a_2)
                                                         _330_ (net)
                      0.050835    0.000000    4.254300 ^ _784_/B1 (sky130_fd_sc_hd__o21ai_2)
     1    0.033442    0.136441    0.121632    4.375933 v _784_/Y (sky130_fd_sc_hd__o21ai_2)
                                                         y[24] (net)
                      0.136441    0.000000    4.375933 v y[24] (out)
                                              4.375933   data arrival time

                      0.000000    0.000000    0.000000   clock __VIRTUAL_CLK__ (rise edge)
                                  0.000000    0.000000   clock network delay (ideal)
                                  0.250000    0.250000   clock uncertainty
                                  0.000000    0.250000   clock reconvergence pessimism
                                 -4.000000   -3.750000   output external delay
                                             -3.750000   data required time
---------------------------------------------------------------------------------------------
                                             -3.750000   data required time
                                             -4.375933   data arrival time
---------------------------------------------------------------------------------------------
                                              8.125932   slack (MET)


Startpoint: A[28] (input port clocked by __VIRTUAL_CLK__)
Endpoint: y[28] (output port clocked by __VIRTUAL_CLK__)
Path Group: __VIRTUAL_CLK__
Path Type: min

Fanout         Cap        Slew       Delay        Time   Description
---------------------------------------------------------------------------------------------
                      0.000000    0.000000    0.000000   clock __VIRTUAL_CLK__ (rise edge)
                                  0.000000    0.000000   clock network delay (ideal)
                                  4.000000    4.000000 v input external delay
     5    0.014396    0.034365    0.022066    4.022066 v A[28] (in)
                                                         A[28] (net)
                      0.034365    0.000000    4.022066 v _829_/A (sky130_fd_sc_hd__nand2_2)
     3    0.007474    0.051018    0.056523    4.078588 ^ _829_/Y (sky130_fd_sc_hd__nand2_2)
                                                         _372_ (net)
                      0.051018    0.000000    4.078588 ^ _845_/A2 (sky130_fd_sc_hd__o221a_2)
     1    0.004522    0.050804    0.175722    4.254310 ^ _845_/X (sky130_fd_sc_hd__o221a_2)
                                                         _388_ (net)
                      0.050804    0.000000    4.254310 ^ _846_/B1 (sky130_fd_sc_hd__o21ai_2)
     1    0.033442    0.136441    0.121623    4.375933 v _846_/Y (sky130_fd_sc_hd__o21ai_2)
                                                         y[28] (net)
                      0.136441    0.000000    4.375933 v y[28] (out)
                                              4.375933   data arrival time

                      0.000000    0.000000    0.000000   clock __VIRTUAL_CLK__ (rise edge)
                                  0.000000    0.000000   clock network delay (ideal)
                                  0.250000    0.250000   clock uncertainty
                                  0.000000    0.250000   clock reconvergence pessimism
                                 -4.000000   -3.750000   output external delay
                                             -3.750000   data required time
---------------------------------------------------------------------------------------------
                                             -3.750000   data required time
                                             -4.375933   data arrival time
---------------------------------------------------------------------------------------------
                                              8.125933   slack (MET)


Startpoint: A[3] (input port clocked by __VIRTUAL_CLK__)
Endpoint: y[3] (output port clocked by __VIRTUAL_CLK__)
Path Group: __VIRTUAL_CLK__
Path Type: min

Fanout         Cap        Slew       Delay        Time   Description
---------------------------------------------------------------------------------------------
                      0.000000    0.000000    0.000000   clock __VIRTUAL_CLK__ (rise edge)
                                  0.000000    0.000000   clock network delay (ideal)
                                  4.000000    4.000000 v input external delay
     3    0.009985    0.024854    0.015331    4.015331 v A[3] (in)
                                                         A[3] (net)
                      0.024854    0.000000    4.015331 v _478_/A (sky130_fd_sc_hd__nand2_2)
     3    0.009781    0.062281    0.060577    4.075908 ^ _478_/Y (sky130_fd_sc_hd__nand2_2)
                                                         _046_ (net)
                      0.062281    0.000000    4.075908 ^ _488_/A2 (sky130_fd_sc_hd__o221a_2)
     1    0.004522    0.050818    0.178590    4.254498 ^ _488_/X (sky130_fd_sc_hd__o221a_2)
                                                         _056_ (net)
                      0.050818    0.000000    4.254498 ^ _489_/B1 (sky130_fd_sc_hd__o21ai_2)
     1    0.033442    0.136441    0.121627    4.376125 v _489_/Y (sky130_fd_sc_hd__o21ai_2)
                                                         y[3] (net)
                      0.136441    0.000000    4.376125 v y[3] (out)
                                              4.376125   data arrival time

                      0.000000    0.000000    0.000000   clock __VIRTUAL_CLK__ (rise edge)
                                  0.000000    0.000000   clock network delay (ideal)
                                  0.250000    0.250000   clock uncertainty
                                  0.000000    0.250000   clock reconvergence pessimism
                                 -4.000000   -3.750000   output external delay
                                             -3.750000   data required time
---------------------------------------------------------------------------------------------
                                             -3.750000   data required time
                                             -4.376125   data arrival time
---------------------------------------------------------------------------------------------
                                              8.126125   slack (MET)


Startpoint: A[18] (input port clocked by __VIRTUAL_CLK__)
Endpoint: y[18] (output port clocked by __VIRTUAL_CLK__)
Path Group: __VIRTUAL_CLK__
Path Type: min

Fanout         Cap        Slew       Delay        Time   Description
---------------------------------------------------------------------------------------------
                      0.000000    0.000000    0.000000   clock __VIRTUAL_CLK__ (rise edge)
                                  0.000000    0.000000   clock network delay (ideal)
                                  4.000000    4.000000 v input external delay
     4    0.008351    0.021311    0.012817    4.012817 v A[18] (in)
                                                         A[18] (net)
                      0.021311    0.000000    4.012817 v _683_/B (sky130_fd_sc_hd__nor2_2)
     2    0.004043    0.074641    0.067094    4.079911 ^ _683_/Y (sky130_fd_sc_hd__nor2_2)
                                                         _236_ (net)
                      0.074641    0.000000    4.079911 ^ _698_/A2 (sky130_fd_sc_hd__o221a_2)
     1    0.004522    0.050821    0.181617    4.261528 ^ _698_/X (sky130_fd_sc_hd__o221a_2)
                                                         _251_ (net)
                      0.050821    0.000000    4.261528 ^ _699_/B1 (sky130_fd_sc_hd__o21ai_2)
     1    0.033442    0.136441    0.121628    4.383157 v _699_/Y (sky130_fd_sc_hd__o21ai_2)
                                                         y[18] (net)
                      0.136441    0.000000    4.383157 v y[18] (out)
                                              4.383157   data arrival time

                      0.000000    0.000000    0.000000   clock __VIRTUAL_CLK__ (rise edge)
                                  0.000000    0.000000   clock network delay (ideal)
                                  0.250000    0.250000   clock uncertainty
                                  0.000000    0.250000   clock reconvergence pessimism
                                 -4.000000   -3.750000   output external delay
                                             -3.750000   data required time
---------------------------------------------------------------------------------------------
                                             -3.750000   data required time
                                             -4.383157   data arrival time
---------------------------------------------------------------------------------------------
                                              8.133157   slack (MET)


Startpoint: B[9] (input port clocked by __VIRTUAL_CLK__)
Endpoint: y[9] (output port clocked by __VIRTUAL_CLK__)
Path Group: __VIRTUAL_CLK__
Path Type: min

Fanout         Cap        Slew       Delay        Time   Description
---------------------------------------------------------------------------------------------
                      0.000000    0.000000    0.000000   clock __VIRTUAL_CLK__ (rise edge)
                                  0.000000    0.000000   clock network delay (ideal)
                                  4.000000    4.000000 ^ input external delay
     5    0.023920    0.115036    0.073827    4.073827 ^ B[9] (in)
                                                         B[9] (net)
                      0.115036    0.000000    4.073827 ^ _567_/A2 (sky130_fd_sc_hd__o21ai_2)
     1    0.002253    0.028304    0.052621    4.126448 v _567_/Y (sky130_fd_sc_hd__o21ai_2)
                                                         _129_ (net)
                      0.028304    0.000000    4.126448 v _568_/C1 (sky130_fd_sc_hd__o221a_2)
     1    0.004237    0.031323    0.108709    4.235157 v _568_/X (sky130_fd_sc_hd__o221a_2)
                                                         _130_ (net)
                      0.031323    0.000000    4.235157 v _569_/B1 (sky130_fd_sc_hd__o21ai_2)
     1    0.033442    0.204077    0.148417    4.383574 ^ _569_/Y (sky130_fd_sc_hd__o21ai_2)
                                                         y[9] (net)
                      0.204077    0.000000    4.383574 ^ y[9] (out)
                                              4.383574   data arrival time

                      0.000000    0.000000    0.000000   clock __VIRTUAL_CLK__ (rise edge)
                                  0.000000    0.000000   clock network delay (ideal)
                                  0.250000    0.250000   clock uncertainty
                                  0.000000    0.250000   clock reconvergence pessimism
                                 -4.000000   -3.750000   output external delay
                                             -3.750000   data required time
---------------------------------------------------------------------------------------------
                                             -3.750000   data required time
                                             -4.383574   data arrival time
---------------------------------------------------------------------------------------------
                                              8.133574   slack (MET)


Startpoint: A[31] (input port clocked by __VIRTUAL_CLK__)
Endpoint: y[31] (output port clocked by __VIRTUAL_CLK__)
Path Group: __VIRTUAL_CLK__
Path Type: min

Fanout         Cap        Slew       Delay        Time   Description
---------------------------------------------------------------------------------------------
                      0.000000    0.000000    0.000000   clock __VIRTUAL_CLK__ (rise edge)
                                  0.000000    0.000000   clock network delay (ideal)
                                  4.000000    4.000000 v input external delay
     3    0.009739    0.024321    0.014952    4.014953 v A[31] (in)
                                                         A[31] (net)
                      0.024321    0.000000    4.014953 v _873_/A (sky130_fd_sc_hd__nand2_2)
     3    0.011710    0.071851    0.066964    4.081916 ^ _873_/Y (sky130_fd_sc_hd__nand2_2)
                                                         _413_ (net)
                      0.071851    0.000000    4.081916 ^ _885_/A2 (sky130_fd_sc_hd__o221a_2)
     1    0.004522    0.050804    0.180934    4.262850 ^ _885_/X (sky130_fd_sc_hd__o221a_2)
                                                         _425_ (net)
                      0.050804    0.000000    4.262850 ^ _886_/B1 (sky130_fd_sc_hd__o21ai_2)
     1    0.033442    0.136441    0.121622    4.384472 v _886_/Y (sky130_fd_sc_hd__o21ai_2)
                                                         y[31] (net)
                      0.136441    0.000000    4.384472 v y[31] (out)
                                              4.384472   data arrival time

                      0.000000    0.000000    0.000000   clock __VIRTUAL_CLK__ (rise edge)
                                  0.000000    0.000000   clock network delay (ideal)
                                  0.250000    0.250000   clock uncertainty
                                  0.000000    0.250000   clock reconvergence pessimism
                                 -4.000000   -3.750000   output external delay
                                             -3.750000   data required time
---------------------------------------------------------------------------------------------
                                             -3.750000   data required time
                                             -4.384472   data arrival time
---------------------------------------------------------------------------------------------
                                              8.134473   slack (MET)


Startpoint: B[14] (input port clocked by __VIRTUAL_CLK__)
Endpoint: y[14] (output port clocked by __VIRTUAL_CLK__)
Path Group: __VIRTUAL_CLK__
Path Type: min

Fanout         Cap        Slew       Delay        Time   Description
---------------------------------------------------------------------------------------------
                      0.000000    0.000000    0.000000   clock __VIRTUAL_CLK__ (rise edge)
                                  0.000000    0.000000   clock network delay (ideal)
                                  4.000000    4.000000 ^ input external delay
     5    0.024159    0.116107    0.074536    4.074536 ^ B[14] (in)
                                                         B[14] (net)
                      0.116107    0.000000    4.074536 ^ _634_/A2 (sky130_fd_sc_hd__o21ai_2)
     1    0.002253    0.028428    0.052802    4.127338 v _634_/Y (sky130_fd_sc_hd__o21ai_2)
                                                         _191_ (net)
                      0.028428    0.000000    4.127338 v _635_/C1 (sky130_fd_sc_hd__o221a_2)
     1    0.004237    0.031323    0.108761    4.236099 v _635_/X (sky130_fd_sc_hd__o221a_2)
                                                         _192_ (net)
                      0.031323    0.000000    4.236099 v _636_/B1 (sky130_fd_sc_hd__o21ai_2)
     1    0.033442    0.204077    0.148417    4.384516 ^ _636_/Y (sky130_fd_sc_hd__o21ai_2)
                                                         y[14] (net)
                      0.204077    0.000000    4.384516 ^ y[14] (out)
                                              4.384516   data arrival time

                      0.000000    0.000000    0.000000   clock __VIRTUAL_CLK__ (rise edge)
                                  0.000000    0.000000   clock network delay (ideal)
                                  0.250000    0.250000   clock uncertainty
                                  0.000000    0.250000   clock reconvergence pessimism
                                 -4.000000   -3.750000   output external delay
                                             -3.750000   data required time
---------------------------------------------------------------------------------------------
                                             -3.750000   data required time
                                             -4.384516   data arrival time
---------------------------------------------------------------------------------------------
                                              8.134516   slack (MET)


Startpoint: B[8] (input port clocked by __VIRTUAL_CLK__)
Endpoint: y[8] (output port clocked by __VIRTUAL_CLK__)
Path Group: __VIRTUAL_CLK__
Path Type: min

Fanout         Cap        Slew       Delay        Time   Description
---------------------------------------------------------------------------------------------
                      0.000000    0.000000    0.000000   clock __VIRTUAL_CLK__ (rise edge)
                                  0.000000    0.000000   clock network delay (ideal)
                                  4.000000    4.000000 ^ input external delay
     6    0.024552    0.117868    0.075701    4.075701 ^ B[8] (in)
                                                         B[8] (net)
                      0.117868    0.000000    4.075701 ^ _556_/A2 (sky130_fd_sc_hd__o21ai_2)
     1    0.002253    0.028631    0.053101    4.128802 v _556_/Y (sky130_fd_sc_hd__o21ai_2)
                                                         _119_ (net)
                      0.028631    0.000000    4.128802 v _557_/C1 (sky130_fd_sc_hd__o221a_2)
     1    0.004237    0.031322    0.108847    4.237648 v _557_/X (sky130_fd_sc_hd__o221a_2)
                                                         _120_ (net)
                      0.031322    0.000000    4.237648 v _558_/B1 (sky130_fd_sc_hd__o21ai_2)
     1    0.033442    0.204077    0.148416    4.386065 ^ _558_/Y (sky130_fd_sc_hd__o21ai_2)
                                                         y[8] (net)
                      0.204077    0.000000    4.386065 ^ y[8] (out)
                                              4.386065   data arrival time

                      0.000000    0.000000    0.000000   clock __VIRTUAL_CLK__ (rise edge)
                                  0.000000    0.000000   clock network delay (ideal)
                                  0.250000    0.250000   clock uncertainty
                                  0.000000    0.250000   clock reconvergence pessimism
                                 -4.000000   -3.750000   output external delay
                                             -3.750000   data required time
---------------------------------------------------------------------------------------------
                                             -3.750000   data required time
                                             -4.386065   data arrival time
---------------------------------------------------------------------------------------------
                                              8.136065   slack (MET)


Startpoint: B[26] (input port clocked by __VIRTUAL_CLK__)
Endpoint: y[26] (output port clocked by __VIRTUAL_CLK__)
Path Group: __VIRTUAL_CLK__
Path Type: min

Fanout         Cap        Slew       Delay        Time   Description
---------------------------------------------------------------------------------------------
                      0.000000    0.000000    0.000000   clock __VIRTUAL_CLK__ (rise edge)
                                  0.000000    0.000000   clock network delay (ideal)
                                  4.000000    4.000000 ^ input external delay
     3    0.010857    0.056521    0.034894    4.034894 ^ B[26] (in)
                                                         B[26] (net)
                      0.056521    0.000000    4.034894 ^ _799_/A (sky130_fd_sc_hd__nand2_2)
     3    0.008923    0.045997    0.055654    4.090549 v _799_/Y (sky130_fd_sc_hd__nand2_2)
                                                         _344_ (net)
                      0.045997    0.000000    4.090549 v _800_/B (sky130_fd_sc_hd__nand2b_2)
     6    0.016364    0.102612    0.100371    4.190919 ^ _800_/Y (sky130_fd_sc_hd__nand2b_2)
                                                         _345_ (net)
                      0.102612    0.000000    4.190919 ^ _810_/A2 (sky130_fd_sc_hd__o211ai_2)
     1    0.033442    0.209816    0.195236    4.386155 v _810_/Y (sky130_fd_sc_hd__o211ai_2)
                                                         y[26] (net)
                      0.209816    0.000000    4.386155 v y[26] (out)
                                              4.386155   data arrival time

                      0.000000    0.000000    0.000000   clock __VIRTUAL_CLK__ (rise edge)
                                  0.000000    0.000000   clock network delay (ideal)
                                  0.250000    0.250000   clock uncertainty
                                  0.000000    0.250000   clock reconvergence pessimism
                                 -4.000000   -3.750000   output external delay
                                             -3.750000   data required time
---------------------------------------------------------------------------------------------
                                             -3.750000   data required time
                                             -4.386155   data arrival time
---------------------------------------------------------------------------------------------
                                              8.136155   slack (MET)


Startpoint: B[25] (input port clocked by __VIRTUAL_CLK__)
Endpoint: y[25] (output port clocked by __VIRTUAL_CLK__)
Path Group: __VIRTUAL_CLK__
Path Type: min

Fanout         Cap        Slew       Delay        Time   Description
---------------------------------------------------------------------------------------------
                      0.000000    0.000000    0.000000   clock __VIRTUAL_CLK__ (rise edge)
                                  0.000000    0.000000   clock network delay (ideal)
                                  4.000000    4.000000 v input external delay
     4    0.011450    0.028031    0.017584    4.017584 v B[25] (in)
                                                         B[25] (net)
                      0.028031    0.000000    4.017584 v _785_/A (sky130_fd_sc_hd__nand2_2)
     3    0.009563    0.061239    0.061104    4.078689 ^ _785_/Y (sky130_fd_sc_hd__nand2_2)
                                                         _331_ (net)
                      0.061239    0.000000    4.078689 ^ _796_/A2 (sky130_fd_sc_hd__o22a_2)
     1    0.004448    0.039561    0.128877    4.207566 ^ _796_/X (sky130_fd_sc_hd__o22a_2)
                                                         _342_ (net)
                      0.039561    0.000000    4.207566 ^ _797_/C1 (sky130_fd_sc_hd__o211ai_2)
     1    0.033442    0.210227    0.180668    4.388234 v _797_/Y (sky130_fd_sc_hd__o211ai_2)
                                                         y[25] (net)
                      0.210227    0.000000    4.388234 v y[25] (out)
                                              4.388234   data arrival time

                      0.000000    0.000000    0.000000   clock __VIRTUAL_CLK__ (rise edge)
                                  0.000000    0.000000   clock network delay (ideal)
                                  0.250000    0.250000   clock uncertainty
                                  0.000000    0.250000   clock reconvergence pessimism
                                 -4.000000   -3.750000   output external delay
                                             -3.750000   data required time
---------------------------------------------------------------------------------------------
                                             -3.750000   data required time
                                             -4.388234   data arrival time
---------------------------------------------------------------------------------------------
                                              8.138234   slack (MET)


Startpoint: B[4] (input port clocked by __VIRTUAL_CLK__)
Endpoint: y[4] (output port clocked by __VIRTUAL_CLK__)
Path Group: __VIRTUAL_CLK__
Path Type: min

Fanout         Cap        Slew       Delay        Time   Description
---------------------------------------------------------------------------------------------
                      0.000000    0.000000    0.000000   clock __VIRTUAL_CLK__ (rise edge)
                                  0.000000    0.000000   clock network delay (ideal)
                                  4.000000    4.000000 ^ input external delay
     5    0.025280    0.121130    0.077859    4.077858 ^ B[4] (in)
                                                         B[4] (net)
                      0.121130    0.000000    4.077858 ^ _504_/A2 (sky130_fd_sc_hd__o21ai_2)
     1    0.002253    0.029008    0.053654    4.131513 v _504_/Y (sky130_fd_sc_hd__o21ai_2)
                                                         _071_ (net)
                      0.029008    0.000000    4.131513 v _505_/C1 (sky130_fd_sc_hd__o221a_2)
     1    0.004237    0.031322    0.109005    4.240518 v _505_/X (sky130_fd_sc_hd__o221a_2)
                                                         _072_ (net)
                      0.031322    0.000000    4.240518 v _506_/B1 (sky130_fd_sc_hd__o21ai_2)
     1    0.033442    0.204077    0.148416    4.388934 ^ _506_/Y (sky130_fd_sc_hd__o21ai_2)
                                                         y[4] (net)
                      0.204077    0.000000    4.388934 ^ y[4] (out)
                                              4.388934   data arrival time

                      0.000000    0.000000    0.000000   clock __VIRTUAL_CLK__ (rise edge)
                                  0.000000    0.000000   clock network delay (ideal)
                                  0.250000    0.250000   clock uncertainty
                                  0.000000    0.250000   clock reconvergence pessimism
                                 -4.000000   -3.750000   output external delay
                                             -3.750000   data required time
---------------------------------------------------------------------------------------------
                                             -3.750000   data required time
                                             -4.388934   data arrival time
---------------------------------------------------------------------------------------------
                                              8.138934   slack (MET)


Startpoint: A[30] (input port clocked by __VIRTUAL_CLK__)
Endpoint: y[30] (output port clocked by __VIRTUAL_CLK__)
Path Group: __VIRTUAL_CLK__
Path Type: min

Fanout         Cap        Slew       Delay        Time   Description
---------------------------------------------------------------------------------------------
                      0.000000    0.000000    0.000000   clock __VIRTUAL_CLK__ (rise edge)
                                  0.000000    0.000000   clock network delay (ideal)
                                  4.000000    4.000000 v input external delay
     5    0.012767    0.030887    0.019610    4.019609 v A[30] (in)
                                                         A[30] (net)
                      0.030887    0.000000    4.019609 v _858_/A (sky130_fd_sc_hd__nand2_2)
     3    0.009514    0.061033    0.062082    4.081692 ^ _858_/Y (sky130_fd_sc_hd__nand2_2)
                                                         _399_ (net)
                      0.061033    0.000000    4.081692 ^ _861_/A (sky130_fd_sc_hd__nand2_2)
     3    0.010654    0.051687    0.061692    4.143384 v _861_/Y (sky130_fd_sc_hd__nand2_2)
                                                         _402_ (net)
                      0.051687    0.000000    4.143384 v _868_/A (sky130_fd_sc_hd__nand2_2)
     1    0.002444    0.028120    0.046257    4.189641 ^ _868_/Y (sky130_fd_sc_hd__nand2_2)
                                                         _409_ (net)
                      0.028120    0.000000    4.189641 ^ _872_/A1 (sky130_fd_sc_hd__a21o_2)
     1    0.033442    0.171495    0.199664    4.389306 ^ _872_/X (sky130_fd_sc_hd__a21o_2)
                                                         y[30] (net)
                      0.171495    0.000000    4.389306 ^ y[30] (out)
                                              4.389306   data arrival time

                      0.000000    0.000000    0.000000   clock __VIRTUAL_CLK__ (rise edge)
                                  0.000000    0.000000   clock network delay (ideal)
                                  0.250000    0.250000   clock uncertainty
                                  0.000000    0.250000   clock reconvergence pessimism
                                 -4.000000   -3.750000   output external delay
                                             -3.750000   data required time
---------------------------------------------------------------------------------------------
                                             -3.750000   data required time
                                             -4.389306   data arrival time
---------------------------------------------------------------------------------------------
                                              8.139305   slack (MET)


Startpoint: A[13] (input port clocked by __VIRTUAL_CLK__)
Endpoint: y[13] (output port clocked by __VIRTUAL_CLK__)
Path Group: __VIRTUAL_CLK__
Path Type: min

Fanout         Cap        Slew       Delay        Time   Description
---------------------------------------------------------------------------------------------
                      0.000000    0.000000    0.000000   clock __VIRTUAL_CLK__ (rise edge)
                                  0.000000    0.000000   clock network delay (ideal)
                                  4.000000    4.000000 v input external delay
     5    0.025736    0.058551    0.039139    4.039139 v A[13] (in)
                                                         A[13] (net)
                      0.058551    0.000000    4.039139 v _614_/A (sky130_fd_sc_hd__nand2_2)
     2    0.004970    0.040221    0.057800    4.096939 ^ _614_/Y (sky130_fd_sc_hd__nand2_2)
                                                         _172_ (net)
                      0.040221    0.000000    4.096939 ^ _622_/A2 (sky130_fd_sc_hd__o221a_2)
     1    0.004522    0.050873    0.172514    4.269453 ^ _622_/X (sky130_fd_sc_hd__o221a_2)
                                                         _180_ (net)
                      0.050873    0.000000    4.269453 ^ _623_/B1 (sky130_fd_sc_hd__o21ai_2)
     1    0.033442    0.136441    0.121644    4.391097 v _623_/Y (sky130_fd_sc_hd__o21ai_2)
                                                         y[13] (net)
                      0.136441    0.000000    4.391097 v y[13] (out)
                                              4.391097   data arrival time

                      0.000000    0.000000    0.000000   clock __VIRTUAL_CLK__ (rise edge)
                                  0.000000    0.000000   clock network delay (ideal)
                                  0.250000    0.250000   clock uncertainty
                                  0.000000    0.250000   clock reconvergence pessimism
                                 -4.000000   -3.750000   output external delay
                                             -3.750000   data required time
---------------------------------------------------------------------------------------------
                                             -3.750000   data required time
                                             -4.391097   data arrival time
---------------------------------------------------------------------------------------------
                                              8.141097   slack (MET)


Startpoint: A[16] (input port clocked by __VIRTUAL_CLK__)
Endpoint: y[16] (output port clocked by __VIRTUAL_CLK__)
Path Group: __VIRTUAL_CLK__
Path Type: min

Fanout         Cap        Slew       Delay        Time   Description
---------------------------------------------------------------------------------------------
                      0.000000    0.000000    0.000000   clock __VIRTUAL_CLK__ (rise edge)
                                  0.000000    0.000000   clock network delay (ideal)
                                  4.000000    4.000000 ^ input external delay
     4    0.010072    0.053012    0.032485    4.032485 ^ A[16] (in)
                                                         A[16] (net)
                      0.053012    0.000000    4.032485 ^ _654_/B (sky130_fd_sc_hd__nand2_2)
     3    0.006957    0.038481    0.054681    4.087166 v _654_/Y (sky130_fd_sc_hd__nand2_2)
                                                         _209_ (net)
                      0.038481    0.000000    4.087166 v _668_/B (sky130_fd_sc_hd__nor2_2)
     1    0.002447    0.057997    0.060822    4.147988 ^ _668_/Y (sky130_fd_sc_hd__nor2_2)
                                                         _223_ (net)
                      0.057997    0.000000    4.147988 ^ _669_/C1 (sky130_fd_sc_hd__a221o_2)
     1    0.002564    0.029684    0.092534    4.240522 ^ _669_/X (sky130_fd_sc_hd__a221o_2)
                                                         _224_ (net)
                      0.029684    0.000000    4.240522 ^ _670_/B1 (sky130_fd_sc_hd__a21o_2)
     1    0.033442    0.171498    0.169949    4.410470 ^ _670_/X (sky130_fd_sc_hd__a21o_2)
                                                         y[16] (net)
                      0.171498    0.000000    4.410470 ^ y[16] (out)
                                              4.410470   data arrival time

                      0.000000    0.000000    0.000000   clock __VIRTUAL_CLK__ (rise edge)
                                  0.000000    0.000000   clock network delay (ideal)
                                  0.250000    0.250000   clock uncertainty
                                  0.000000    0.250000   clock reconvergence pessimism
                                 -4.000000   -3.750000   output external delay
                                             -3.750000   data required time
---------------------------------------------------------------------------------------------
                                             -3.750000   data required time
                                             -4.410470   data arrival time
---------------------------------------------------------------------------------------------
                                              8.160470   slack (MET)


Startpoint: A[19] (input port clocked by __VIRTUAL_CLK__)
Endpoint: y[19] (output port clocked by __VIRTUAL_CLK__)
Path Group: __VIRTUAL_CLK__
Path Type: min

Fanout         Cap        Slew       Delay        Time   Description
---------------------------------------------------------------------------------------------
                      0.000000    0.000000    0.000000   clock __VIRTUAL_CLK__ (rise edge)
                                  0.000000    0.000000   clock network delay (ideal)
                                  4.000000    4.000000 ^ input external delay
     3    0.004651    0.028777    0.015848    4.015848 ^ A[19] (in)
                                                         A[19] (net)
                      0.028777    0.000000    4.015848 ^ _701_/B (sky130_fd_sc_hd__or2_2)
     3    0.011786    0.072089    0.115987    4.131835 ^ _701_/X (sky130_fd_sc_hd__or2_2)
                                                         _253_ (net)
                      0.072089    0.000000    4.131835 ^ _711_/B1 (sky130_fd_sc_hd__a221o_2)
     1    0.002564    0.029754    0.127504    4.259340 ^ _711_/X (sky130_fd_sc_hd__a221o_2)
                                                         _263_ (net)
                      0.029754    0.000000    4.259340 ^ _712_/B1 (sky130_fd_sc_hd__a21o_2)
     1    0.033442    0.171498    0.169973    4.429313 ^ _712_/X (sky130_fd_sc_hd__a21o_2)
                                                         y[19] (net)
                      0.171498    0.000000    4.429313 ^ y[19] (out)
                                              4.429313   data arrival time

                      0.000000    0.000000    0.000000   clock __VIRTUAL_CLK__ (rise edge)
                                  0.000000    0.000000   clock network delay (ideal)
                                  0.250000    0.250000   clock uncertainty
                                  0.000000    0.250000   clock reconvergence pessimism
                                 -4.000000   -3.750000   output external delay
                                             -3.750000   data required time
---------------------------------------------------------------------------------------------
                                             -3.750000   data required time
                                             -4.429313   data arrival time
---------------------------------------------------------------------------------------------
                                              8.179314   slack (MET)


Startpoint: B[27] (input port clocked by __VIRTUAL_CLK__)
Endpoint: y[27] (output port clocked by __VIRTUAL_CLK__)
Path Group: __VIRTUAL_CLK__
Path Type: min

Fanout         Cap        Slew       Delay        Time   Description
---------------------------------------------------------------------------------------------
                      0.000000    0.000000    0.000000   clock __VIRTUAL_CLK__ (rise edge)
                                  0.000000    0.000000   clock network delay (ideal)
                                  4.000000    4.000000 v input external delay
     4    0.011450    0.028031    0.017584    4.017584 v B[27] (in)
                                                         B[27] (net)
                      0.028031    0.000000    4.017584 v _811_/A (sky130_fd_sc_hd__nand2_2)
     3    0.009441    0.060635    0.060687    4.078271 ^ _811_/Y (sky130_fd_sc_hd__nand2_2)
                                                         _355_ (net)
                      0.060635    0.000000    4.078271 ^ _814_/A (sky130_fd_sc_hd__nand2_2)
     6    0.015752    0.070617    0.075249    4.153521 v _814_/Y (sky130_fd_sc_hd__nand2_2)
                                                         _358_ (net)
                      0.070617    0.000000    4.153521 v _824_/B (sky130_fd_sc_hd__nor2_2)
     1    0.001615    0.052059    0.066380    4.219901 ^ _824_/Y (sky130_fd_sc_hd__nor2_2)
                                                         _368_ (net)
                      0.052059    0.000000    4.219901 ^ _826_/B (sky130_fd_sc_hd__or3b_2)
     1    0.033442    0.197104    0.211821    4.431722 ^ _826_/X (sky130_fd_sc_hd__or3b_2)
                                                         y[27] (net)
                      0.197104    0.000000    4.431722 ^ y[27] (out)
                                              4.431722   data arrival time

                      0.000000    0.000000    0.000000   clock __VIRTUAL_CLK__ (rise edge)
                                  0.000000    0.000000   clock network delay (ideal)
                                  0.250000    0.250000   clock uncertainty
                                  0.000000    0.250000   clock reconvergence pessimism
                                 -4.000000   -3.750000   output external delay
                                             -3.750000   data required time
---------------------------------------------------------------------------------------------
                                             -3.750000   data required time
                                             -4.431722   data arrival time
---------------------------------------------------------------------------------------------
                                              8.181723   slack (MET)


Startpoint: A[22] (input port clocked by __VIRTUAL_CLK__)
Endpoint: y[22] (output port clocked by __VIRTUAL_CLK__)
Path Group: __VIRTUAL_CLK__
Path Type: min

Fanout         Cap        Slew       Delay        Time   Description
---------------------------------------------------------------------------------------------
                      0.000000    0.000000    0.000000   clock __VIRTUAL_CLK__ (rise edge)
                                  0.000000    0.000000   clock network delay (ideal)
                                  4.000000    4.000000 ^ input external delay
     4    0.013093    0.066519    0.041733    4.041733 ^ A[22] (in)
                                                         A[22] (net)
                      0.066519    0.000000    4.041733 ^ _739_/B (sky130_fd_sc_hd__or2_2)
     2    0.004933    0.039796    0.104922    4.146656 ^ _739_/X (sky130_fd_sc_hd__or2_2)
                                                         _288_ (net)
                      0.039796    0.000000    4.146656 ^ _751_/B1 (sky130_fd_sc_hd__a221o_2)
     1    0.002564    0.029751    0.116774    4.263430 ^ _751_/X (sky130_fd_sc_hd__a221o_2)
                                                         _300_ (net)
                      0.029751    0.000000    4.263430 ^ _752_/B1 (sky130_fd_sc_hd__a21o_2)
     1    0.033442    0.171498    0.169972    4.433402 ^ _752_/X (sky130_fd_sc_hd__a21o_2)
                                                         y[22] (net)
                      0.171498    0.000000    4.433402 ^ y[22] (out)
                                              4.433402   data arrival time

                      0.000000    0.000000    0.000000   clock __VIRTUAL_CLK__ (rise edge)
                                  0.000000    0.000000   clock network delay (ideal)
                                  0.250000    0.250000   clock uncertainty
                                  0.000000    0.250000   clock reconvergence pessimism
                                 -4.000000   -3.750000   output external delay
                                             -3.750000   data required time
---------------------------------------------------------------------------------------------
                                             -3.750000   data required time
                                             -4.433402   data arrival time
---------------------------------------------------------------------------------------------
                                              8.183402   slack (MET)


Startpoint: A[2] (input port clocked by __VIRTUAL_CLK__)
Endpoint: y[2] (output port clocked by __VIRTUAL_CLK__)
Path Group: __VIRTUAL_CLK__
Path Type: min

Fanout         Cap        Slew       Delay        Time   Description
---------------------------------------------------------------------------------------------
                      0.000000    0.000000    0.000000   clock __VIRTUAL_CLK__ (rise edge)
                                  0.000000    0.000000   clock network delay (ideal)
                                  4.000000    4.000000 v input external delay
     4    0.018303    0.042698    0.027948    4.027948 v A[2] (in)
                                                         A[2] (net)
                      0.042698    0.000000    4.027948 v _464_/A (sky130_fd_sc_hd__nand2_2)
     2    0.003911    0.033854    0.047736    4.075685 ^ _464_/Y (sky130_fd_sc_hd__nand2_2)
                                                         _033_ (net)
                      0.033854    0.000000    4.075685 ^ _474_/B (sky130_fd_sc_hd__or2_2)
     1    0.002371    0.027693    0.082683    4.158368 ^ _474_/X (sky130_fd_sc_hd__or2_2)
                                                         _043_ (net)
                      0.027693    0.000000    4.158368 ^ _475_/C1 (sky130_fd_sc_hd__o221a_2)
     1    0.004522    0.050807    0.155833    4.314200 ^ _475_/X (sky130_fd_sc_hd__o221a_2)
                                                         _044_ (net)
                      0.050807    0.000000    4.314200 ^ _476_/B1 (sky130_fd_sc_hd__o21ai_2)
     1    0.033442    0.136441    0.121623    4.435823 v _476_/Y (sky130_fd_sc_hd__o21ai_2)
                                                         y[2] (net)
                      0.136441    0.000000    4.435823 v y[2] (out)
                                              4.435823   data arrival time

                      0.000000    0.000000    0.000000   clock __VIRTUAL_CLK__ (rise edge)
                                  0.000000    0.000000   clock network delay (ideal)
                                  0.250000    0.250000   clock uncertainty
                                  0.000000    0.250000   clock reconvergence pessimism
                                 -4.000000   -3.750000   output external delay
                                             -3.750000   data required time
---------------------------------------------------------------------------------------------
                                             -3.750000   data required time
                                             -4.435823   data arrival time
---------------------------------------------------------------------------------------------
                                              8.185823   slack (MET)


Startpoint: B[15] (input port clocked by __VIRTUAL_CLK__)
Endpoint: y[15] (output port clocked by __VIRTUAL_CLK__)
Path Group: __VIRTUAL_CLK__
Path Type: min

Fanout         Cap        Slew       Delay        Time   Description
---------------------------------------------------------------------------------------------
                      0.000000    0.000000    0.000000   clock __VIRTUAL_CLK__ (rise edge)
                                  0.000000    0.000000   clock network delay (ideal)
                                  4.000000    4.000000 ^ input external delay
     4    0.013966    0.070431    0.044321    4.044322 ^ B[15] (in)
                                                         B[15] (net)
                      0.070431    0.000000    4.044322 ^ _638_/B (sky130_fd_sc_hd__or2_2)
     2    0.007094    0.050020    0.114067    4.158388 ^ _638_/X (sky130_fd_sc_hd__or2_2)
                                                         _194_ (net)
                      0.050020    0.000000    4.158388 ^ _651_/B1 (sky130_fd_sc_hd__a221o_2)
     1    0.002564    0.029699    0.120134    4.278522 ^ _651_/X (sky130_fd_sc_hd__a221o_2)
                                                         _207_ (net)
                      0.029699    0.000000    4.278522 ^ _652_/B1 (sky130_fd_sc_hd__a21o_2)
     1    0.033442    0.171498    0.169954    4.448475 ^ _652_/X (sky130_fd_sc_hd__a21o_2)
                                                         y[15] (net)
                      0.171498    0.000000    4.448475 ^ y[15] (out)
                                              4.448475   data arrival time

                      0.000000    0.000000    0.000000   clock __VIRTUAL_CLK__ (rise edge)
                                  0.000000    0.000000   clock network delay (ideal)
                                  0.250000    0.250000   clock uncertainty
                                  0.000000    0.250000   clock reconvergence pessimism
                                 -4.000000   -3.750000   output external delay
                                             -3.750000   data required time
---------------------------------------------------------------------------------------------
                                             -3.750000   data required time
                                             -4.448475   data arrival time
---------------------------------------------------------------------------------------------
                                              8.198475   slack (MET)


Startpoint: B[28] (input port clocked by __VIRTUAL_CLK__)
Endpoint: y[29] (output port clocked by __VIRTUAL_CLK__)
Path Group: __VIRTUAL_CLK__
Path Type: min

Fanout         Cap        Slew       Delay        Time   Description
---------------------------------------------------------------------------------------------
                      0.000000    0.000000    0.000000   clock __VIRTUAL_CLK__ (rise edge)
                                  0.000000    0.000000   clock network delay (ideal)
                                  4.000000    4.000000 v input external delay
     4    0.014030    0.033585    0.021515    4.021515 v B[28] (in)
                                                         B[28] (net)
                      0.033585    0.000000    4.021515 v _435_/A (sky130_fd_sc_hd__inv_2)
     2    0.005057    0.031296    0.040780    4.062294 ^ _435_/Y (sky130_fd_sc_hd__inv_2)
                                                         _006_ (net)
                      0.031296    0.000000    4.062294 ^ _852_/A2 (sky130_fd_sc_hd__o221a_2)
     2    0.007222    0.064225    0.182117    4.244411 ^ _852_/X (sky130_fd_sc_hd__o221a_2)
                                                         _394_ (net)
                      0.064225    0.000000    4.244411 ^ _853_/A2 (sky130_fd_sc_hd__o21ai_2)
     1    0.002305    0.022615    0.044170    4.288581 v _853_/Y (sky130_fd_sc_hd__o21ai_2)
                                                         _395_ (net)
                      0.022615    0.000000    4.288581 v _857_/A1 (sky130_fd_sc_hd__a21bo_2)
     1    0.033442    0.101275    0.242647    4.531228 v _857_/X (sky130_fd_sc_hd__a21bo_2)
                                                         y[29] (net)
                      0.101275    0.000000    4.531228 v y[29] (out)
                                              4.531228   data arrival time

                      0.000000    0.000000    0.000000   clock __VIRTUAL_CLK__ (rise edge)
                                  0.000000    0.000000   clock network delay (ideal)
                                  0.250000    0.250000   clock uncertainty
                                  0.000000    0.250000   clock reconvergence pessimism
                                 -4.000000   -3.750000   output external delay
                                             -3.750000   data required time
---------------------------------------------------------------------------------------------
                                             -3.750000   data required time
                                             -4.531228   data arrival time
---------------------------------------------------------------------------------------------
                                              8.281227   slack (MET)



%OL_END_REPORT
%OL_CREATE_REPORT max.rpt

===========================================================================
report_checks -path_delay max (Setup)
============================================================================
======================= nom_tt_025C_1v80 Corner ===================================

Startpoint: A[4] (input port clocked by __VIRTUAL_CLK__)
Endpoint: y[25] (output port clocked by __VIRTUAL_CLK__)
Path Group: __VIRTUAL_CLK__
Path Type: max

Fanout         Cap        Slew       Delay        Time   Description
---------------------------------------------------------------------------------------------
                      0.000000    0.000000    0.000000   clock __VIRTUAL_CLK__ (rise edge)
                                  0.000000    0.000000   clock network delay (ideal)
                                  4.000000    4.000000 v input external delay
     4    0.021492    0.049500    0.036196    4.036196 v A[4] (in)
                                                         A[4] (net)
                      0.049500    0.000000    4.036196 v _491_/A (sky130_fd_sc_hd__xnor2_2)
     7    0.025016    0.131988    0.209245    4.245441 v _491_/Y (sky130_fd_sc_hd__xnor2_2)
                                                         _058_ (net)
                      0.131988    0.000000    4.245441 v _546_/A (sky130_fd_sc_hd__or4_2)
     2    0.005468    0.112553    0.734423    4.979865 v _546_/X (sky130_fd_sc_hd__or4_2)
                                                         _109_ (net)
                      0.112553    0.000000    4.979865 v _658_/A (sky130_fd_sc_hd__or4_2)
     2    0.004550    0.108627    0.721558    5.701423 v _658_/X (sky130_fd_sc_hd__or4_2)
                                                         _213_ (net)
                      0.108627    0.000000    5.701423 v _660_/B1 (sky130_fd_sc_hd__o221a_2)
     3    0.008819    0.060639    0.303122    6.004545 v _660_/X (sky130_fd_sc_hd__o221a_2)
                                                         _215_ (net)
                      0.060639    0.000000    6.004545 v _688_/A1 (sky130_fd_sc_hd__a21o_2)
     4    0.010184    0.053284    0.223074    6.227619 v _688_/X (sky130_fd_sc_hd__a21o_2)
                                                         _241_ (net)
                      0.053284    0.000000    6.227619 v _778_/A2 (sky130_fd_sc_hd__o41a_2)
     3    0.007878    0.079481    0.510318    6.737936 v _778_/X (sky130_fd_sc_hd__o41a_2)
                                                         _325_ (net)
                      0.079481    0.000000    6.737936 v _789_/B (sky130_fd_sc_hd__or2_2)
     2    0.003616    0.058067    0.298445    7.036381 v _789_/X (sky130_fd_sc_hd__or2_2)
                                                         _335_ (net)
                      0.058067    0.000000    7.036381 v _790_/C (sky130_fd_sc_hd__and3_2)
     2    0.006133    0.047373    0.231424    7.267805 v _790_/X (sky130_fd_sc_hd__and3_2)
                                                         _336_ (net)
                      0.047373    0.000000    7.267805 v _793_/B (sky130_fd_sc_hd__or3_2)
     1    0.004337    0.083959    0.474784    7.742589 v _793_/X (sky130_fd_sc_hd__or3_2)
                                                         _339_ (net)
                      0.083959    0.000000    7.742589 v _795_/B (sky130_fd_sc_hd__nand3_2)
     1    0.004518    0.053326    0.089356    7.831945 ^ _795_/Y (sky130_fd_sc_hd__nand3_2)
                                                         _341_ (net)
                      0.053326    0.000000    7.831945 ^ _797_/B1 (sky130_fd_sc_hd__o211ai_2)
     1    0.033442    0.247620    0.216825    8.048770 v _797_/Y (sky130_fd_sc_hd__o211ai_2)
                                                         y[25] (net)
                      0.247620    0.000000    8.048770 v y[25] (out)
                                              8.048770   data arrival time

                      0.000000   20.000000   20.000000   clock __VIRTUAL_CLK__ (rise edge)
                                  0.000000   20.000000   clock network delay (ideal)
                                 -0.250000   19.750002   clock uncertainty
                                  0.000000   19.750002   clock reconvergence pessimism
                                 -4.000000   15.750001   output external delay
                                             15.750001   data required time
---------------------------------------------------------------------------------------------
                                             15.750001   data required time
                                             -8.048770   data arrival time
---------------------------------------------------------------------------------------------
                                              7.701231   slack (MET)


Startpoint: A[4] (input port clocked by __VIRTUAL_CLK__)
Endpoint: y[26] (output port clocked by __VIRTUAL_CLK__)
Path Group: __VIRTUAL_CLK__
Path Type: max

Fanout         Cap        Slew       Delay        Time   Description
---------------------------------------------------------------------------------------------
                      0.000000    0.000000    0.000000   clock __VIRTUAL_CLK__ (rise edge)
                                  0.000000    0.000000   clock network delay (ideal)
                                  4.000000    4.000000 v input external delay
     4    0.021492    0.049500    0.036196    4.036196 v A[4] (in)
                                                         A[4] (net)
                      0.049500    0.000000    4.036196 v _491_/A (sky130_fd_sc_hd__xnor2_2)
     7    0.025016    0.131988    0.209245    4.245441 v _491_/Y (sky130_fd_sc_hd__xnor2_2)
                                                         _058_ (net)
                      0.131988    0.000000    4.245441 v _546_/A (sky130_fd_sc_hd__or4_2)
     2    0.005468    0.112553    0.734423    4.979865 v _546_/X (sky130_fd_sc_hd__or4_2)
                                                         _109_ (net)
                      0.112553    0.000000    4.979865 v _658_/A (sky130_fd_sc_hd__or4_2)
     2    0.004550    0.108627    0.721558    5.701423 v _658_/X (sky130_fd_sc_hd__or4_2)
                                                         _213_ (net)
                      0.108627    0.000000    5.701423 v _660_/B1 (sky130_fd_sc_hd__o221a_2)
     3    0.008819    0.060639    0.303122    6.004545 v _660_/X (sky130_fd_sc_hd__o221a_2)
                                                         _215_ (net)
                      0.060639    0.000000    6.004545 v _688_/A1 (sky130_fd_sc_hd__a21o_2)
     4    0.010184    0.053284    0.223074    6.227619 v _688_/X (sky130_fd_sc_hd__a21o_2)
                                                         _241_ (net)
                      0.053284    0.000000    6.227619 v _778_/A2 (sky130_fd_sc_hd__o41a_2)
     3    0.007878    0.079481    0.510318    6.737936 v _778_/X (sky130_fd_sc_hd__o41a_2)
                                                         _325_ (net)
                      0.079481    0.000000    6.737936 v _789_/B (sky130_fd_sc_hd__or2_2)
     2    0.003616    0.058067    0.298445    7.036381 v _789_/X (sky130_fd_sc_hd__or2_2)
                                                         _335_ (net)
                      0.058067    0.000000    7.036381 v _805_/A2 (sky130_fd_sc_hd__o211a_2)
     2    0.005412    0.048837    0.259603    7.295985 v _805_/X (sky130_fd_sc_hd__o211a_2)
                                                         _350_ (net)
                      0.048837    0.000000    7.295985 v _806_/C (sky130_fd_sc_hd__or3_2)
     1    0.004337    0.084037    0.435272    7.731257 v _806_/X (sky130_fd_sc_hd__or3_2)
                                                         _351_ (net)
                      0.084037    0.000000    7.731257 v _808_/B (sky130_fd_sc_hd__nand3_2)
     1    0.004518    0.053612    0.089392    7.820649 ^ _808_/Y (sky130_fd_sc_hd__nand3_2)
                                                         _353_ (net)
                      0.053612    0.000000    7.820649 ^ _810_/B1 (sky130_fd_sc_hd__o211ai_2)
     1    0.033442    0.247620    0.216915    8.037564 v _810_/Y (sky130_fd_sc_hd__o211ai_2)
                                                         y[26] (net)
                      0.247620    0.000000    8.037564 v y[26] (out)
                                              8.037564   data arrival time

                      0.000000   20.000000   20.000000   clock __VIRTUAL_CLK__ (rise edge)
                                  0.000000   20.000000   clock network delay (ideal)
                                 -0.250000   19.750002   clock uncertainty
                                  0.000000   19.750002   clock reconvergence pessimism
                                 -4.000000   15.750001   output external delay
                                             15.750001   data required time
---------------------------------------------------------------------------------------------
                                             15.750001   data required time
                                             -8.037564   data arrival time
---------------------------------------------------------------------------------------------
                                              7.712436   slack (MET)


Startpoint: A[4] (input port clocked by __VIRTUAL_CLK__)
Endpoint: y[27] (output port clocked by __VIRTUAL_CLK__)
Path Group: __VIRTUAL_CLK__
Path Type: max

Fanout         Cap        Slew       Delay        Time   Description
---------------------------------------------------------------------------------------------
                      0.000000    0.000000    0.000000   clock __VIRTUAL_CLK__ (rise edge)
                                  0.000000    0.000000   clock network delay (ideal)
                                  4.000000    4.000000 v input external delay
     4    0.021492    0.049500    0.036196    4.036196 v A[4] (in)
                                                         A[4] (net)
                      0.049500    0.000000    4.036196 v _491_/A (sky130_fd_sc_hd__xnor2_2)
     7    0.025016    0.131988    0.209245    4.245441 v _491_/Y (sky130_fd_sc_hd__xnor2_2)
                                                         _058_ (net)
                      0.131988    0.000000    4.245441 v _546_/A (sky130_fd_sc_hd__or4_2)
     2    0.005468    0.112553    0.734423    4.979865 v _546_/X (sky130_fd_sc_hd__or4_2)
                                                         _109_ (net)
                      0.112553    0.000000    4.979865 v _658_/A (sky130_fd_sc_hd__or4_2)
     2    0.004550    0.108627    0.721558    5.701423 v _658_/X (sky130_fd_sc_hd__or4_2)
                                                         _213_ (net)
                      0.108627    0.000000    5.701423 v _660_/B1 (sky130_fd_sc_hd__o221a_2)
     3    0.008819    0.060639    0.303122    6.004545 v _660_/X (sky130_fd_sc_hd__o221a_2)
                                                         _215_ (net)
                      0.060639    0.000000    6.004545 v _688_/A1 (sky130_fd_sc_hd__a21o_2)
     4    0.010184    0.053284    0.223074    6.227619 v _688_/X (sky130_fd_sc_hd__a21o_2)
                                                         _241_ (net)
                      0.053284    0.000000    6.227619 v _778_/A2 (sky130_fd_sc_hd__o41a_2)
     3    0.007878    0.079481    0.510318    6.737936 v _778_/X (sky130_fd_sc_hd__o41a_2)
                                                         _325_ (net)
                      0.079481    0.000000    6.737936 v _821_/A1 (sky130_fd_sc_hd__o211a_2)
     2    0.006285    0.050922    0.293245    7.031181 v _821_/X (sky130_fd_sc_hd__o211a_2)
                                                         _365_ (net)
                      0.050922    0.000000    7.031181 v _823_/A3 (sky130_fd_sc_hd__o311a_2)
     1    0.001394    0.049851    0.330338    7.361519 v _823_/X (sky130_fd_sc_hd__o311a_2)
                                                         _367_ (net)
                      0.049851    0.000000    7.361519 v _826_/A (sky130_fd_sc_hd__or3b_2)
     1    0.033442    0.167582    0.620230    7.981749 v _826_/X (sky130_fd_sc_hd__or3b_2)
                                                         y[27] (net)
                      0.167582    0.000000    7.981749 v y[27] (out)
                                              7.981749   data arrival time

                      0.000000   20.000000   20.000000   clock __VIRTUAL_CLK__ (rise edge)
                                  0.000000   20.000000   clock network delay (ideal)
                                 -0.250000   19.750002   clock uncertainty
                                  0.000000   19.750002   clock reconvergence pessimism
                                 -4.000000   15.750001   output external delay
                                             15.750001   data required time
---------------------------------------------------------------------------------------------
                                             15.750001   data required time
                                             -7.981749   data arrival time
---------------------------------------------------------------------------------------------
                                              7.768252   slack (MET)


Startpoint: A[4] (input port clocked by __VIRTUAL_CLK__)
Endpoint: y[31] (output port clocked by __VIRTUAL_CLK__)
Path Group: __VIRTUAL_CLK__
Path Type: max

Fanout         Cap        Slew       Delay        Time   Description
---------------------------------------------------------------------------------------------
                      0.000000    0.000000    0.000000   clock __VIRTUAL_CLK__ (rise edge)
                                  0.000000    0.000000   clock network delay (ideal)
                                  4.000000    4.000000 v input external delay
     4    0.021492    0.049500    0.036196    4.036196 v A[4] (in)
                                                         A[4] (net)
                      0.049500    0.000000    4.036196 v _491_/A (sky130_fd_sc_hd__xnor2_2)
     7    0.025016    0.131988    0.209245    4.245441 v _491_/Y (sky130_fd_sc_hd__xnor2_2)
                                                         _058_ (net)
                      0.131988    0.000000    4.245441 v _546_/A (sky130_fd_sc_hd__or4_2)
     2    0.005468    0.112553    0.734423    4.979865 v _546_/X (sky130_fd_sc_hd__or4_2)
                                                         _109_ (net)
                      0.112553    0.000000    4.979865 v _658_/A (sky130_fd_sc_hd__or4_2)
     2    0.004550    0.108627    0.721558    5.701423 v _658_/X (sky130_fd_sc_hd__or4_2)
                                                         _213_ (net)
                      0.108627    0.000000    5.701423 v _660_/B1 (sky130_fd_sc_hd__o221a_2)
     3    0.008819    0.060639    0.303122    6.004545 v _660_/X (sky130_fd_sc_hd__o221a_2)
                                                         _215_ (net)
                      0.060639    0.000000    6.004545 v _835_/A1 (sky130_fd_sc_hd__a211o_2)
     1    0.001403    0.041807    0.296118    6.300663 v _835_/X (sky130_fd_sc_hd__a211o_2)
                                                         _378_ (net)
                      0.041807    0.000000    6.300663 v _836_/B (sky130_fd_sc_hd__and2_2)
     3    0.005868    0.045222    0.202154    6.502816 v _836_/X (sky130_fd_sc_hd__and2_2)
                                                         _379_ (net)
                      0.045222    0.000000    6.502816 v _863_/A2 (sky130_fd_sc_hd__o31a_2)
     2    0.003712    0.054145    0.335215    6.838032 v _863_/X (sky130_fd_sc_hd__o31a_2)
                                                         _404_ (net)
                      0.054145    0.000000    6.838032 v _880_/A2 (sky130_fd_sc_hd__a21o_2)
     2    0.005930    0.042902    0.229634    7.067665 v _880_/X (sky130_fd_sc_hd__a21o_2)
                                                         _420_ (net)
                      0.042902    0.000000    7.067665 v _881_/B (sky130_fd_sc_hd__or2_2)
     1    0.002264    0.052437    0.275476    7.343142 v _881_/X (sky130_fd_sc_hd__or2_2)
                                                         _421_ (net)
                      0.052437    0.000000    7.343142 v _882_/B1 (sky130_fd_sc_hd__o31a_2)
     1    0.008077    0.066047    0.131922    7.475063 v _882_/X (sky130_fd_sc_hd__o31a_2)
                                                         _422_ (net)
                      0.066047    0.000000    7.475063 v _883_/B (sky130_fd_sc_hd__xnor2_2)
     1    0.004124    0.048518    0.139918    7.614982 v _883_/Y (sky130_fd_sc_hd__xnor2_2)
                                                         _423_ (net)
                      0.048518    0.000000    7.614982 v _886_/A2 (sky130_fd_sc_hd__o21ai_2)
     1    0.033442    0.399373    0.346454    7.961435 ^ _886_/Y (sky130_fd_sc_hd__o21ai_2)
                                                         y[31] (net)
                      0.399373    0.000000    7.961435 ^ y[31] (out)
                                              7.961435   data arrival time

                      0.000000   20.000000   20.000000   clock __VIRTUAL_CLK__ (rise edge)
                                  0.000000   20.000000   clock network delay (ideal)
                                 -0.250000   19.750002   clock uncertainty
                                  0.000000   19.750002   clock reconvergence pessimism
                                 -4.000000   15.750001   output external delay
                                             15.750001   data required time
---------------------------------------------------------------------------------------------
                                             15.750001   data required time
                                             -7.961435   data arrival time
---------------------------------------------------------------------------------------------
                                              7.788566   slack (MET)


Startpoint: A[4] (input port clocked by __VIRTUAL_CLK__)
Endpoint: y[30] (output port clocked by __VIRTUAL_CLK__)
Path Group: __VIRTUAL_CLK__
Path Type: max

Fanout         Cap        Slew       Delay        Time   Description
---------------------------------------------------------------------------------------------
                      0.000000    0.000000    0.000000   clock __VIRTUAL_CLK__ (rise edge)
                                  0.000000    0.000000   clock network delay (ideal)
                                  4.000000    4.000000 v input external delay
     4    0.021492    0.049500    0.036196    4.036196 v A[4] (in)
                                                         A[4] (net)
                      0.049500    0.000000    4.036196 v _491_/A (sky130_fd_sc_hd__xnor2_2)
     7    0.025016    0.131988    0.209245    4.245441 v _491_/Y (sky130_fd_sc_hd__xnor2_2)
                                                         _058_ (net)
                      0.131988    0.000000    4.245441 v _546_/A (sky130_fd_sc_hd__or4_2)
     2    0.005468    0.112553    0.734423    4.979865 v _546_/X (sky130_fd_sc_hd__or4_2)
                                                         _109_ (net)
                      0.112553    0.000000    4.979865 v _658_/A (sky130_fd_sc_hd__or4_2)
     2    0.004550    0.108627    0.721558    5.701423 v _658_/X (sky130_fd_sc_hd__or4_2)
                                                         _213_ (net)
                      0.108627    0.000000    5.701423 v _660_/B1 (sky130_fd_sc_hd__o221a_2)
     3    0.008819    0.060639    0.303122    6.004545 v _660_/X (sky130_fd_sc_hd__o221a_2)
                                                         _215_ (net)
                      0.060639    0.000000    6.004545 v _835_/A1 (sky130_fd_sc_hd__a211o_2)
     1    0.001403    0.041807    0.296118    6.300663 v _835_/X (sky130_fd_sc_hd__a211o_2)
                                                         _378_ (net)
                      0.041807    0.000000    6.300663 v _836_/B (sky130_fd_sc_hd__and2_2)
     3    0.005868    0.045222    0.202154    6.502816 v _836_/X (sky130_fd_sc_hd__and2_2)
                                                         _379_ (net)
                      0.045222    0.000000    6.502816 v _863_/A2 (sky130_fd_sc_hd__o31a_2)
     2    0.003712    0.054145    0.335215    6.838032 v _863_/X (sky130_fd_sc_hd__o31a_2)
                                                         _404_ (net)
                      0.054145    0.000000    6.838032 v _867_/A0 (sky130_fd_sc_hd__mux2_1)
     2    0.006458    0.075408    0.320753    7.158785 v _867_/X (sky130_fd_sc_hd__mux2_1)
                                                         _408_ (net)
                      0.075408    0.000000    7.158785 v _869_/A2 (sky130_fd_sc_hd__o21a_2)
     1    0.002207    0.032174    0.204517    7.363302 v _869_/X (sky130_fd_sc_hd__o21a_2)
                                                         _410_ (net)
                      0.032174    0.000000    7.363302 v _872_/A2 (sky130_fd_sc_hd__a21o_2)
     1    0.033442    0.102892    0.292660    7.655962 v _872_/X (sky130_fd_sc_hd__a21o_2)
                                                         y[30] (net)
                      0.102892    0.000000    7.655962 v y[30] (out)
                                              7.655962   data arrival time

                      0.000000   20.000000   20.000000   clock __VIRTUAL_CLK__ (rise edge)
                                  0.000000   20.000000   clock network delay (ideal)
                                 -0.250000   19.750002   clock uncertainty
                                  0.000000   19.750002   clock reconvergence pessimism
                                 -4.000000   15.750001   output external delay
                                             15.750001   data required time
---------------------------------------------------------------------------------------------
                                             15.750001   data required time
                                             -7.655962   data arrival time
---------------------------------------------------------------------------------------------
                                              8.094040   slack (MET)


Startpoint: A[4] (input port clocked by __VIRTUAL_CLK__)
Endpoint: y[21] (output port clocked by __VIRTUAL_CLK__)
Path Group: __VIRTUAL_CLK__
Path Type: max

Fanout         Cap        Slew       Delay        Time   Description
---------------------------------------------------------------------------------------------
                      0.000000    0.000000    0.000000   clock __VIRTUAL_CLK__ (rise edge)
                                  0.000000    0.000000   clock network delay (ideal)
                                  4.000000    4.000000 v input external delay
     4    0.021492    0.049500    0.036196    4.036196 v A[4] (in)
                                                         A[4] (net)
                      0.049500    0.000000    4.036196 v _491_/A (sky130_fd_sc_hd__xnor2_2)
     7    0.025016    0.131988    0.209245    4.245441 v _491_/Y (sky130_fd_sc_hd__xnor2_2)
                                                         _058_ (net)
                      0.131988    0.000000    4.245441 v _546_/A (sky130_fd_sc_hd__or4_2)
     2    0.005468    0.112553    0.734423    4.979865 v _546_/X (sky130_fd_sc_hd__or4_2)
                                                         _109_ (net)
                      0.112553    0.000000    4.979865 v _658_/A (sky130_fd_sc_hd__or4_2)
     2    0.004550    0.108627    0.721558    5.701423 v _658_/X (sky130_fd_sc_hd__or4_2)
                                                         _213_ (net)
                      0.108627    0.000000    5.701423 v _660_/B1 (sky130_fd_sc_hd__o221a_2)
     3    0.008819    0.060639    0.303122    6.004545 v _660_/X (sky130_fd_sc_hd__o221a_2)
                                                         _215_ (net)
                      0.060639    0.000000    6.004545 v _688_/A1 (sky130_fd_sc_hd__a21o_2)
     4    0.010184    0.053284    0.223074    6.227619 v _688_/X (sky130_fd_sc_hd__a21o_2)
                                                         _241_ (net)
                      0.053284    0.000000    6.227619 v _716_/A2 (sky130_fd_sc_hd__o31a_2)
     4    0.012687    0.078268    0.376667    6.604286 v _716_/X (sky130_fd_sc_hd__o31a_2)
                                                         _267_ (net)
                      0.078268    0.000000    6.604286 v _730_/A2 (sky130_fd_sc_hd__o211a_2)
     1    0.002195    0.039213    0.252388    6.856674 v _730_/X (sky130_fd_sc_hd__o211a_2)
                                                         _280_ (net)
                      0.039213    0.000000    6.856674 v _733_/B1 (sky130_fd_sc_hd__a21o_2)
     1    0.008077    0.048022    0.206919    7.063593 v _733_/X (sky130_fd_sc_hd__a21o_2)
                                                         _283_ (net)
                      0.048022    0.000000    7.063593 v _734_/B (sky130_fd_sc_hd__xnor2_2)
     1    0.004124    0.067083    0.132045    7.195638 v _734_/Y (sky130_fd_sc_hd__xnor2_2)
                                                         _284_ (net)
                      0.067083    0.000000    7.195638 v _737_/A2 (sky130_fd_sc_hd__o21ai_2)
     1    0.033442    0.399373    0.353985    7.549623 ^ _737_/Y (sky130_fd_sc_hd__o21ai_2)
                                                         y[21] (net)
                      0.399373    0.000000    7.549623 ^ y[21] (out)
                                              7.549623   data arrival time

                      0.000000   20.000000   20.000000   clock __VIRTUAL_CLK__ (rise edge)
                                  0.000000   20.000000   clock network delay (ideal)
                                 -0.250000   19.750002   clock uncertainty
                                  0.000000   19.750002   clock reconvergence pessimism
                                 -4.000000   15.750001   output external delay
                                             15.750001   data required time
---------------------------------------------------------------------------------------------
                                             15.750001   data required time
                                             -7.549623   data arrival time
---------------------------------------------------------------------------------------------
                                              8.200378   slack (MET)


Startpoint: A[4] (input port clocked by __VIRTUAL_CLK__)
Endpoint: y[22] (output port clocked by __VIRTUAL_CLK__)
Path Group: __VIRTUAL_CLK__
Path Type: max

Fanout         Cap        Slew       Delay        Time   Description
---------------------------------------------------------------------------------------------
                      0.000000    0.000000    0.000000   clock __VIRTUAL_CLK__ (rise edge)
                                  0.000000    0.000000   clock network delay (ideal)
                                  4.000000    4.000000 v input external delay
     4    0.021492    0.049500    0.036196    4.036196 v A[4] (in)
                                                         A[4] (net)
                      0.049500    0.000000    4.036196 v _491_/A (sky130_fd_sc_hd__xnor2_2)
     7    0.025016    0.131988    0.209245    4.245441 v _491_/Y (sky130_fd_sc_hd__xnor2_2)
                                                         _058_ (net)
                      0.131988    0.000000    4.245441 v _546_/A (sky130_fd_sc_hd__or4_2)
     2    0.005468    0.112553    0.734423    4.979865 v _546_/X (sky130_fd_sc_hd__or4_2)
                                                         _109_ (net)
                      0.112553    0.000000    4.979865 v _658_/A (sky130_fd_sc_hd__or4_2)
     2    0.004550    0.108627    0.721558    5.701423 v _658_/X (sky130_fd_sc_hd__or4_2)
                                                         _213_ (net)
                      0.108627    0.000000    5.701423 v _660_/B1 (sky130_fd_sc_hd__o221a_2)
     3    0.008819    0.060639    0.303122    6.004545 v _660_/X (sky130_fd_sc_hd__o221a_2)
                                                         _215_ (net)
                      0.060639    0.000000    6.004545 v _688_/A1 (sky130_fd_sc_hd__a21o_2)
     4    0.010184    0.053284    0.223074    6.227619 v _688_/X (sky130_fd_sc_hd__a21o_2)
                                                         _241_ (net)
                      0.053284    0.000000    6.227619 v _716_/A2 (sky130_fd_sc_hd__o31a_2)
     4    0.012687    0.078268    0.376667    6.604286 v _716_/X (sky130_fd_sc_hd__o31a_2)
                                                         _267_ (net)
                      0.078268    0.000000    6.604286 v _747_/A2 (sky130_fd_sc_hd__o311a_2)
     1    0.004119    0.060484    0.402432    7.006718 v _747_/X (sky130_fd_sc_hd__o311a_2)
                                                         _296_ (net)
                      0.060484    0.000000    7.006718 v _748_/B1 (sky130_fd_sc_hd__a21oi_2)
     1    0.008442    0.140519    0.149037    7.155755 ^ _748_/Y (sky130_fd_sc_hd__a21oi_2)
                                                         _297_ (net)
                      0.140519    0.000000    7.155755 ^ _749_/B (sky130_fd_sc_hd__xnor2_2)
     1    0.002207    0.061261    0.067971    7.223726 v _749_/Y (sky130_fd_sc_hd__xnor2_2)
                                                         _298_ (net)
                      0.061261    0.000000    7.223726 v _752_/A2 (sky130_fd_sc_hd__a21o_2)
     1    0.033442    0.103054    0.305048    7.528774 v _752_/X (sky130_fd_sc_hd__a21o_2)
                                                         y[22] (net)
                      0.103054    0.000000    7.528774 v y[22] (out)
                                              7.528774   data arrival time

                      0.000000   20.000000   20.000000   clock __VIRTUAL_CLK__ (rise edge)
                                  0.000000   20.000000   clock network delay (ideal)
                                 -0.250000   19.750002   clock uncertainty
                                  0.000000   19.750002   clock reconvergence pessimism
                                 -4.000000   15.750001   output external delay
                                             15.750001   data required time
---------------------------------------------------------------------------------------------
                                             15.750001   data required time
                                             -7.528774   data arrival time
---------------------------------------------------------------------------------------------
                                              8.221227   slack (MET)


Startpoint: A[4] (input port clocked by __VIRTUAL_CLK__)
Endpoint: statusOut (output port clocked by __VIRTUAL_CLK__)
Path Group: __VIRTUAL_CLK__
Path Type: max

Fanout         Cap        Slew       Delay        Time   Description
---------------------------------------------------------------------------------------------
                      0.000000    0.000000    0.000000   clock __VIRTUAL_CLK__ (rise edge)
                                  0.000000    0.000000   clock network delay (ideal)
                                  4.000000    4.000000 v input external delay
     4    0.021492    0.049500    0.036196    4.036196 v A[4] (in)
                                                         A[4] (net)
                      0.049500    0.000000    4.036196 v _491_/A (sky130_fd_sc_hd__xnor2_2)
     7    0.025016    0.131988    0.209245    4.245441 v _491_/Y (sky130_fd_sc_hd__xnor2_2)
                                                         _058_ (net)
                      0.131988    0.000000    4.245441 v _546_/A (sky130_fd_sc_hd__or4_2)
     2    0.005468    0.112553    0.734423    4.979865 v _546_/X (sky130_fd_sc_hd__or4_2)
                                                         _109_ (net)
                      0.112553    0.000000    4.979865 v _658_/A (sky130_fd_sc_hd__or4_2)
     2    0.004550    0.108627    0.721558    5.701423 v _658_/X (sky130_fd_sc_hd__or4_2)
                                                         _213_ (net)
                      0.108627    0.000000    5.701423 v _660_/B1 (sky130_fd_sc_hd__o221a_2)
     3    0.008819    0.060639    0.303122    6.004545 v _660_/X (sky130_fd_sc_hd__o221a_2)
                                                         _215_ (net)
                      0.060639    0.000000    6.004545 v _835_/A1 (sky130_fd_sc_hd__a211o_2)
     1    0.001403    0.041807    0.296118    6.300663 v _835_/X (sky130_fd_sc_hd__a211o_2)
                                                         _378_ (net)
                      0.041807    0.000000    6.300663 v _836_/B (sky130_fd_sc_hd__and2_2)
     3    0.005868    0.045222    0.202154    6.502816 v _836_/X (sky130_fd_sc_hd__and2_2)
                                                         _379_ (net)
                      0.045222    0.000000    6.502816 v _863_/A2 (sky130_fd_sc_hd__o31a_2)
     2    0.003712    0.054145    0.335215    6.838032 v _863_/X (sky130_fd_sc_hd__o31a_2)
                                                         _404_ (net)
                      0.054145    0.000000    6.838032 v _880_/A2 (sky130_fd_sc_hd__a21o_2)
     2    0.005930    0.042902    0.229634    7.067665 v _880_/X (sky130_fd_sc_hd__a21o_2)
                                                         _420_ (net)
                      0.042902    0.000000    7.067665 v _889_/A2 (sky130_fd_sc_hd__a21oi_2)
     1    0.002564    0.079760    0.123765    7.191431 ^ _889_/Y (sky130_fd_sc_hd__a21oi_2)
                                                         _428_ (net)
                      0.079760    0.000000    7.191431 ^ _890_/B1 (sky130_fd_sc_hd__a21o_2)
     1    0.033442    0.178437    0.206054    7.397485 ^ _890_/X (sky130_fd_sc_hd__a21o_2)
                                                         statusOut (net)
                      0.178437    0.000000    7.397485 ^ statusOut (out)
                                              7.397485   data arrival time

                      0.000000   20.000000   20.000000   clock __VIRTUAL_CLK__ (rise edge)
                                  0.000000   20.000000   clock network delay (ideal)
                                 -0.250000   19.750002   clock uncertainty
                                  0.000000   19.750002   clock reconvergence pessimism
                                 -4.000000   15.750001   output external delay
                                             15.750001   data required time
---------------------------------------------------------------------------------------------
                                             15.750001   data required time
                                             -7.397485   data arrival time
---------------------------------------------------------------------------------------------
                                              8.352515   slack (MET)


Startpoint: A[4] (input port clocked by __VIRTUAL_CLK__)
Endpoint: y[29] (output port clocked by __VIRTUAL_CLK__)
Path Group: __VIRTUAL_CLK__
Path Type: max

Fanout         Cap        Slew       Delay        Time   Description
---------------------------------------------------------------------------------------------
                      0.000000    0.000000    0.000000   clock __VIRTUAL_CLK__ (rise edge)
                                  0.000000    0.000000   clock network delay (ideal)
                                  4.000000    4.000000 v input external delay
     4    0.021492    0.049500    0.036196    4.036196 v A[4] (in)
                                                         A[4] (net)
                      0.049500    0.000000    4.036196 v _491_/A (sky130_fd_sc_hd__xnor2_2)
     7    0.025016    0.131988    0.209245    4.245441 v _491_/Y (sky130_fd_sc_hd__xnor2_2)
                                                         _058_ (net)
                      0.131988    0.000000    4.245441 v _546_/A (sky130_fd_sc_hd__or4_2)
     2    0.005468    0.112553    0.734423    4.979865 v _546_/X (sky130_fd_sc_hd__or4_2)
                                                         _109_ (net)
                      0.112553    0.000000    4.979865 v _658_/A (sky130_fd_sc_hd__or4_2)
     2    0.004550    0.108627    0.721558    5.701423 v _658_/X (sky130_fd_sc_hd__or4_2)
                                                         _213_ (net)
                      0.108627    0.000000    5.701423 v _660_/B1 (sky130_fd_sc_hd__o221a_2)
     3    0.008819    0.060639    0.303122    6.004545 v _660_/X (sky130_fd_sc_hd__o221a_2)
                                                         _215_ (net)
                      0.060639    0.000000    6.004545 v _835_/A1 (sky130_fd_sc_hd__a211o_2)
     1    0.001403    0.041807    0.296118    6.300663 v _835_/X (sky130_fd_sc_hd__a211o_2)
                                                         _378_ (net)
                      0.041807    0.000000    6.300663 v _836_/B (sky130_fd_sc_hd__and2_2)
     3    0.005868    0.045222    0.202154    6.502816 v _836_/X (sky130_fd_sc_hd__and2_2)
                                                         _379_ (net)
                      0.045222    0.000000    6.502816 v _851_/A2 (sky130_fd_sc_hd__o211a_2)
     2    0.006796    0.052195    0.259843    6.762659 v _851_/X (sky130_fd_sc_hd__o211a_2)
                                                         _393_ (net)
                      0.052195    0.000000    6.762659 v _854_/A2 (sky130_fd_sc_hd__o31a_2)
     1    0.002264    0.049028    0.328716    7.091375 v _854_/X (sky130_fd_sc_hd__o31a_2)
                                                         _396_ (net)
                      0.049028    0.000000    7.091375 v _857_/A2 (sky130_fd_sc_hd__a21bo_2)
     1    0.033442    0.103230    0.303006    7.394381 v _857_/X (sky130_fd_sc_hd__a21bo_2)
                                                         y[29] (net)
                      0.103230    0.000000    7.394381 v y[29] (out)
                                              7.394381   data arrival time

                      0.000000   20.000000   20.000000   clock __VIRTUAL_CLK__ (rise edge)
                                  0.000000   20.000000   clock network delay (ideal)
                                 -0.250000   19.750002   clock uncertainty
                                  0.000000   19.750002   clock reconvergence pessimism
                                 -4.000000   15.750001   output external delay
                                             15.750001   data required time
---------------------------------------------------------------------------------------------
                                             15.750001   data required time
                                             -7.394381   data arrival time
---------------------------------------------------------------------------------------------
                                              8.355620   slack (MET)


Startpoint: A[4] (input port clocked by __VIRTUAL_CLK__)
Endpoint: y[24] (output port clocked by __VIRTUAL_CLK__)
Path Group: __VIRTUAL_CLK__
Path Type: max

Fanout         Cap        Slew       Delay        Time   Description
---------------------------------------------------------------------------------------------
                      0.000000    0.000000    0.000000   clock __VIRTUAL_CLK__ (rise edge)
                                  0.000000    0.000000   clock network delay (ideal)
                                  4.000000    4.000000 v input external delay
     4    0.021492    0.049500    0.036196    4.036196 v A[4] (in)
                                                         A[4] (net)
                      0.049500    0.000000    4.036196 v _491_/A (sky130_fd_sc_hd__xnor2_2)
     7    0.025016    0.131988    0.209245    4.245441 v _491_/Y (sky130_fd_sc_hd__xnor2_2)
                                                         _058_ (net)
                      0.131988    0.000000    4.245441 v _546_/A (sky130_fd_sc_hd__or4_2)
     2    0.005468    0.112553    0.734423    4.979865 v _546_/X (sky130_fd_sc_hd__or4_2)
                                                         _109_ (net)
                      0.112553    0.000000    4.979865 v _658_/A (sky130_fd_sc_hd__or4_2)
     2    0.004550    0.108627    0.721558    5.701423 v _658_/X (sky130_fd_sc_hd__or4_2)
                                                         _213_ (net)
                      0.108627    0.000000    5.701423 v _660_/B1 (sky130_fd_sc_hd__o221a_2)
     3    0.008819    0.060639    0.303122    6.004545 v _660_/X (sky130_fd_sc_hd__o221a_2)
                                                         _215_ (net)
                      0.060639    0.000000    6.004545 v _688_/A1 (sky130_fd_sc_hd__a21o_2)
     4    0.010184    0.053284    0.223074    6.227619 v _688_/X (sky130_fd_sc_hd__a21o_2)
                                                         _241_ (net)
                      0.053284    0.000000    6.227619 v _778_/A2 (sky130_fd_sc_hd__o41a_2)
     3    0.007878    0.079481    0.510318    6.737936 v _778_/X (sky130_fd_sc_hd__o41a_2)
                                                         _325_ (net)
                      0.079481    0.000000    6.737936 v _779_/A (sky130_fd_sc_hd__inv_2)
     1    0.001964    0.027351    0.050647    6.788583 ^ _779_/Y (sky130_fd_sc_hd__inv_2)
                                                         _326_ (net)
                      0.027351    0.000000    6.788583 ^ _780_/A1 (sky130_fd_sc_hd__mux2_1)
     1    0.008493    0.094059    0.157191    6.945774 ^ _780_/X (sky130_fd_sc_hd__mux2_1)
                                                         _327_ (net)
                      0.094059    0.000000    6.945774 ^ _781_/B (sky130_fd_sc_hd__xor2_2)
     1    0.004124    0.050920    0.071538    7.017312 v _781_/X (sky130_fd_sc_hd__xor2_2)
                                                         _328_ (net)
                      0.050920    0.000000    7.017312 v _784_/A2 (sky130_fd_sc_hd__o21ai_2)
     1    0.033442    0.399373    0.347398    7.364710 ^ _784_/Y (sky130_fd_sc_hd__o21ai_2)
                                                         y[24] (net)
                      0.399373    0.000000    7.364710 ^ y[24] (out)
                                              7.364710   data arrival time

                      0.000000   20.000000   20.000000   clock __VIRTUAL_CLK__ (rise edge)
                                  0.000000   20.000000   clock network delay (ideal)
                                 -0.250000   19.750002   clock uncertainty
                                  0.000000   19.750002   clock reconvergence pessimism
                                 -4.000000   15.750001   output external delay
                                             15.750001   data required time
---------------------------------------------------------------------------------------------
                                             15.750001   data required time
                                             -7.364710   data arrival time
---------------------------------------------------------------------------------------------
                                              8.385291   slack (MET)


Startpoint: A[4] (input port clocked by __VIRTUAL_CLK__)
Endpoint: y[28] (output port clocked by __VIRTUAL_CLK__)
Path Group: __VIRTUAL_CLK__
Path Type: max

Fanout         Cap        Slew       Delay        Time   Description
---------------------------------------------------------------------------------------------
                      0.000000    0.000000    0.000000   clock __VIRTUAL_CLK__ (rise edge)
                                  0.000000    0.000000   clock network delay (ideal)
                                  4.000000    4.000000 v input external delay
     4    0.021492    0.049500    0.036196    4.036196 v A[4] (in)
                                                         A[4] (net)
                      0.049500    0.000000    4.036196 v _491_/A (sky130_fd_sc_hd__xnor2_2)
     7    0.025016    0.131988    0.209245    4.245441 v _491_/Y (sky130_fd_sc_hd__xnor2_2)
                                                         _058_ (net)
                      0.131988    0.000000    4.245441 v _546_/A (sky130_fd_sc_hd__or4_2)
     2    0.005468    0.112553    0.734423    4.979865 v _546_/X (sky130_fd_sc_hd__or4_2)
                                                         _109_ (net)
                      0.112553    0.000000    4.979865 v _658_/A (sky130_fd_sc_hd__or4_2)
     2    0.004550    0.108627    0.721558    5.701423 v _658_/X (sky130_fd_sc_hd__or4_2)
                                                         _213_ (net)
                      0.108627    0.000000    5.701423 v _660_/B1 (sky130_fd_sc_hd__o221a_2)
     3    0.008819    0.060639    0.303122    6.004545 v _660_/X (sky130_fd_sc_hd__o221a_2)
                                                         _215_ (net)
                      0.060639    0.000000    6.004545 v _835_/A1 (sky130_fd_sc_hd__a211o_2)
     1    0.001403    0.041807    0.296118    6.300663 v _835_/X (sky130_fd_sc_hd__a211o_2)
                                                         _378_ (net)
                      0.041807    0.000000    6.300663 v _836_/B (sky130_fd_sc_hd__and2_2)
     3    0.005868    0.045222    0.202154    6.502816 v _836_/X (sky130_fd_sc_hd__and2_2)
                                                         _379_ (net)
                      0.045222    0.000000    6.502816 v _842_/A0 (sky130_fd_sc_hd__mux2_1)
     1    0.008077    0.083287    0.329077    6.831893 v _842_/X (sky130_fd_sc_hd__mux2_1)
                                                         _385_ (net)
                      0.083287    0.000000    6.831893 v _843_/B (sky130_fd_sc_hd__xnor2_2)
     1    0.004124    0.048646    0.147539    6.979432 v _843_/Y (sky130_fd_sc_hd__xnor2_2)
                                                         _386_ (net)
                      0.048646    0.000000    6.979432 v _846_/A2 (sky130_fd_sc_hd__o21ai_2)
     1    0.033442    0.399373    0.346504    7.325936 ^ _846_/Y (sky130_fd_sc_hd__o21ai_2)
                                                         y[28] (net)
                      0.399373    0.000000    7.325936 ^ y[28] (out)
                                              7.325936   data arrival time

                      0.000000   20.000000   20.000000   clock __VIRTUAL_CLK__ (rise edge)
                                  0.000000   20.000000   clock network delay (ideal)
                                 -0.250000   19.750002   clock uncertainty
                                  0.000000   19.750002   clock reconvergence pessimism
                                 -4.000000   15.750001   output external delay
                                             15.750001   data required time
---------------------------------------------------------------------------------------------
                                             15.750001   data required time
                                             -7.325936   data arrival time
---------------------------------------------------------------------------------------------
                                              8.424066   slack (MET)


Startpoint: A[4] (input port clocked by __VIRTUAL_CLK__)
Endpoint: y[23] (output port clocked by __VIRTUAL_CLK__)
Path Group: __VIRTUAL_CLK__
Path Type: max

Fanout         Cap        Slew       Delay        Time   Description
---------------------------------------------------------------------------------------------
                      0.000000    0.000000    0.000000   clock __VIRTUAL_CLK__ (rise edge)
                                  0.000000    0.000000   clock network delay (ideal)
                                  4.000000    4.000000 v input external delay
     4    0.021492    0.049500    0.036196    4.036196 v A[4] (in)
                                                         A[4] (net)
                      0.049500    0.000000    4.036196 v _491_/A (sky130_fd_sc_hd__xnor2_2)
     7    0.025016    0.131988    0.209245    4.245441 v _491_/Y (sky130_fd_sc_hd__xnor2_2)
                                                         _058_ (net)
                      0.131988    0.000000    4.245441 v _546_/A (sky130_fd_sc_hd__or4_2)
     2    0.005468    0.112553    0.734423    4.979865 v _546_/X (sky130_fd_sc_hd__or4_2)
                                                         _109_ (net)
                      0.112553    0.000000    4.979865 v _658_/A (sky130_fd_sc_hd__or4_2)
     2    0.004550    0.108627    0.721558    5.701423 v _658_/X (sky130_fd_sc_hd__or4_2)
                                                         _213_ (net)
                      0.108627    0.000000    5.701423 v _660_/B1 (sky130_fd_sc_hd__o221a_2)
     3    0.008819    0.060639    0.303122    6.004545 v _660_/X (sky130_fd_sc_hd__o221a_2)
                                                         _215_ (net)
                      0.060639    0.000000    6.004545 v _688_/A1 (sky130_fd_sc_hd__a21o_2)
     4    0.010184    0.053284    0.223074    6.227619 v _688_/X (sky130_fd_sc_hd__a21o_2)
                                                         _241_ (net)
                      0.053284    0.000000    6.227619 v _716_/A2 (sky130_fd_sc_hd__o31a_2)
     4    0.012687    0.078268    0.376667    6.604286 v _716_/X (sky130_fd_sc_hd__o31a_2)
                                                         _267_ (net)
                      0.078268    0.000000    6.604286 v _760_/A (sky130_fd_sc_hd__nor2_2)
     1    0.002510    0.062877    0.108150    6.712436 ^ _760_/Y (sky130_fd_sc_hd__nor2_2)
                                                         _308_ (net)
                      0.062877    0.000000    6.712436 ^ _762_/A2 (sky130_fd_sc_hd__o31a_2)
     1    0.008493    0.076054    0.163624    6.876060 ^ _762_/X (sky130_fd_sc_hd__o31a_2)
                                                         _310_ (net)
                      0.076054    0.000000    6.876060 ^ _763_/B (sky130_fd_sc_hd__xor2_2)
     1    0.004124    0.046544    0.065782    6.941843 v _763_/X (sky130_fd_sc_hd__xor2_2)
                                                         _311_ (net)
                      0.046544    0.000000    6.941843 v _766_/A2 (sky130_fd_sc_hd__o21ai_2)
     1    0.033442    0.399373    0.345677    7.287519 ^ _766_/Y (sky130_fd_sc_hd__o21ai_2)
                                                         y[23] (net)
                      0.399373    0.000000    7.287519 ^ y[23] (out)
                                              7.287519   data arrival time

                      0.000000   20.000000   20.000000   clock __VIRTUAL_CLK__ (rise edge)
                                  0.000000   20.000000   clock network delay (ideal)
                                 -0.250000   19.750002   clock uncertainty
                                  0.000000   19.750002   clock reconvergence pessimism
                                 -4.000000   15.750001   output external delay
                                             15.750001   data required time
---------------------------------------------------------------------------------------------
                                             15.750001   data required time
                                             -7.287519   data arrival time
---------------------------------------------------------------------------------------------
                                              8.462481   slack (MET)


Startpoint: A[4] (input port clocked by __VIRTUAL_CLK__)
Endpoint: y[20] (output port clocked by __VIRTUAL_CLK__)
Path Group: __VIRTUAL_CLK__
Path Type: max

Fanout         Cap        Slew       Delay        Time   Description
---------------------------------------------------------------------------------------------
                      0.000000    0.000000    0.000000   clock __VIRTUAL_CLK__ (rise edge)
                                  0.000000    0.000000   clock network delay (ideal)
                                  4.000000    4.000000 v input external delay
     4    0.021492    0.049500    0.036196    4.036196 v A[4] (in)
                                                         A[4] (net)
                      0.049500    0.000000    4.036196 v _491_/A (sky130_fd_sc_hd__xnor2_2)
     7    0.025016    0.131988    0.209245    4.245441 v _491_/Y (sky130_fd_sc_hd__xnor2_2)
                                                         _058_ (net)
                      0.131988    0.000000    4.245441 v _546_/A (sky130_fd_sc_hd__or4_2)
     2    0.005468    0.112553    0.734423    4.979865 v _546_/X (sky130_fd_sc_hd__or4_2)
                                                         _109_ (net)
                      0.112553    0.000000    4.979865 v _658_/A (sky130_fd_sc_hd__or4_2)
     2    0.004550    0.108627    0.721558    5.701423 v _658_/X (sky130_fd_sc_hd__or4_2)
                                                         _213_ (net)
                      0.108627    0.000000    5.701423 v _660_/B1 (sky130_fd_sc_hd__o221a_2)
     3    0.008819    0.060639    0.303122    6.004545 v _660_/X (sky130_fd_sc_hd__o221a_2)
                                                         _215_ (net)
                      0.060639    0.000000    6.004545 v _688_/A1 (sky130_fd_sc_hd__a21o_2)
     4    0.010184    0.053284    0.223074    6.227619 v _688_/X (sky130_fd_sc_hd__a21o_2)
                                                         _241_ (net)
                      0.053284    0.000000    6.227619 v _716_/A2 (sky130_fd_sc_hd__o31a_2)
     4    0.012687    0.078268    0.376667    6.604286 v _716_/X (sky130_fd_sc_hd__o31a_2)
                                                         _267_ (net)
                      0.078268    0.000000    6.604286 v _717_/B (sky130_fd_sc_hd__nor2_2)
     1    0.002564    0.066182    0.084388    6.688673 ^ _717_/Y (sky130_fd_sc_hd__nor2_2)
                                                         _268_ (net)
                      0.066182    0.000000    6.688673 ^ _722_/B1 (sky130_fd_sc_hd__a21o_2)
     1    0.008493    0.071547    0.112610    6.801283 ^ _722_/X (sky130_fd_sc_hd__a21o_2)
                                                         _273_ (net)
                      0.071547    0.000000    6.801283 ^ _723_/B (sky130_fd_sc_hd__xor2_2)
     1    0.004124    0.075646    0.064342    6.865625 v _723_/X (sky130_fd_sc_hd__xor2_2)
                                                         _274_ (net)
                      0.075646    0.000000    6.865625 v _726_/A2 (sky130_fd_sc_hd__o21ai_2)
     1    0.033442    0.399373    0.357494    7.223119 ^ _726_/Y (sky130_fd_sc_hd__o21ai_2)
                                                         y[20] (net)
                      0.399373    0.000000    7.223119 ^ y[20] (out)
                                              7.223119   data arrival time

                      0.000000   20.000000   20.000000   clock __VIRTUAL_CLK__ (rise edge)
                                  0.000000   20.000000   clock network delay (ideal)
                                 -0.250000   19.750002   clock uncertainty
                                  0.000000   19.750002   clock reconvergence pessimism
                                 -4.000000   15.750001   output external delay
                                             15.750001   data required time
---------------------------------------------------------------------------------------------
                                             15.750001   data required time
                                             -7.223119   data arrival time
---------------------------------------------------------------------------------------------
                                              8.526882   slack (MET)


Startpoint: B[0] (input port clocked by __VIRTUAL_CLK__)
Endpoint: y[15] (output port clocked by __VIRTUAL_CLK__)
Path Group: __VIRTUAL_CLK__
Path Type: max

Fanout         Cap        Slew       Delay        Time   Description
---------------------------------------------------------------------------------------------
                      0.000000    0.000000    0.000000   clock __VIRTUAL_CLK__ (rise edge)
                                  0.000000    0.000000   clock network delay (ideal)
                                  4.000000    4.000000 ^ input external delay
     6    0.033773    0.159188    0.113880    4.113880 ^ B[0] (in)
                                                         B[0] (net)
                      0.159188    0.000000    4.113880 ^ _438_/B (sky130_fd_sc_hd__xor2_2)
     2    0.007185    0.140198    0.181251    4.295131 ^ _438_/X (sky130_fd_sc_hd__xor2_2)
                                                         _009_ (net)
                      0.140198    0.000000    4.295131 ^ _440_/B (sky130_fd_sc_hd__nand2_2)
     4    0.008127    0.052596    0.085661    4.380792 v _440_/Y (sky130_fd_sc_hd__nand2_2)
                                                         _011_ (net)
                      0.052596    0.000000    4.380792 v _497_/A (sky130_fd_sc_hd__or4_2)
     2    0.003630    0.103864    0.693735    5.074527 v _497_/X (sky130_fd_sc_hd__or4_2)
                                                         _064_ (net)
                      0.103864    0.000000    5.074527 v _500_/A (sky130_fd_sc_hd__and2_2)
     3    0.011052    0.057096    0.226501    5.301028 v _500_/X (sky130_fd_sc_hd__and2_2)
                                                         _067_ (net)
                      0.057096    0.000000    5.301028 v _547_/A1 (sky130_fd_sc_hd__o21ai_2)
     3    0.011890    0.177984    0.202951    5.503979 ^ _547_/Y (sky130_fd_sc_hd__o21ai_2)
                                                         _110_ (net)
                      0.177984    0.000000    5.503979 ^ _573_/B (sky130_fd_sc_hd__nand2b_2)
     3    0.008675    0.062432    0.097968    5.601947 v _573_/Y (sky130_fd_sc_hd__nand2b_2)
                                                         _134_ (net)
                      0.062432    0.000000    5.601947 v _608_/A1 (sky130_fd_sc_hd__o21a_2)
     3    0.005505    0.041672    0.230405    5.832353 v _608_/X (sky130_fd_sc_hd__o21a_2)
                                                         _167_ (net)
                      0.041672    0.000000    5.832353 v _626_/B (sky130_fd_sc_hd__or3_2)
     2    0.004302    0.083923    0.472878    6.305230 v _626_/X (sky130_fd_sc_hd__or3_2)
                                                         _183_ (net)
                      0.083923    0.000000    6.305230 v _647_/A2 (sky130_fd_sc_hd__o211a_2)
     1    0.002147    0.039022    0.254524    6.559754 v _647_/X (sky130_fd_sc_hd__o211a_2)
                                                         _203_ (net)
                      0.039022    0.000000    6.559754 v _648_/B1 (sky130_fd_sc_hd__a31o_2)
     1    0.008077    0.051328    0.236368    6.796123 v _648_/X (sky130_fd_sc_hd__a31o_2)
                                                         _204_ (net)
                      0.051328    0.000000    6.796123 v _649_/B (sky130_fd_sc_hd__xnor2_2)
     1    0.002207    0.040636    0.126136    6.922258 v _649_/Y (sky130_fd_sc_hd__xnor2_2)
                                                         _205_ (net)
                      0.040636    0.000000    6.922258 v _652_/A2 (sky130_fd_sc_hd__a21o_2)
     1    0.033442    0.102970    0.296315    7.218573 v _652_/X (sky130_fd_sc_hd__a21o_2)
                                                         y[15] (net)
                      0.102970    0.000000    7.218573 v y[15] (out)
                                              7.218573   data arrival time

                      0.000000   20.000000   20.000000   clock __VIRTUAL_CLK__ (rise edge)
                                  0.000000   20.000000   clock network delay (ideal)
                                 -0.250000   19.750002   clock uncertainty
                                  0.000000   19.750002   clock reconvergence pessimism
                                 -4.000000   15.750001   output external delay
                                             15.750001   data required time
---------------------------------------------------------------------------------------------
                                             15.750001   data required time
                                             -7.218573   data arrival time
---------------------------------------------------------------------------------------------
                                              8.531428   slack (MET)


Startpoint: B[0] (input port clocked by __VIRTUAL_CLK__)
Endpoint: y[14] (output port clocked by __VIRTUAL_CLK__)
Path Group: __VIRTUAL_CLK__
Path Type: max

Fanout         Cap        Slew       Delay        Time   Description
---------------------------------------------------------------------------------------------
                      0.000000    0.000000    0.000000   clock __VIRTUAL_CLK__ (rise edge)
                                  0.000000    0.000000   clock network delay (ideal)
                                  4.000000    4.000000 ^ input external delay
     6    0.033773    0.159188    0.113880    4.113880 ^ B[0] (in)
                                                         B[0] (net)
                      0.159188    0.000000    4.113880 ^ _438_/B (sky130_fd_sc_hd__xor2_2)
     2    0.007185    0.140198    0.181251    4.295131 ^ _438_/X (sky130_fd_sc_hd__xor2_2)
                                                         _009_ (net)
                      0.140198    0.000000    4.295131 ^ _440_/B (sky130_fd_sc_hd__nand2_2)
     4    0.008127    0.052596    0.085661    4.380792 v _440_/Y (sky130_fd_sc_hd__nand2_2)
                                                         _011_ (net)
                      0.052596    0.000000    4.380792 v _497_/A (sky130_fd_sc_hd__or4_2)
     2    0.003630    0.103864    0.693735    5.074527 v _497_/X (sky130_fd_sc_hd__or4_2)
                                                         _064_ (net)
                      0.103864    0.000000    5.074527 v _500_/A (sky130_fd_sc_hd__and2_2)
     3    0.011052    0.057096    0.226501    5.301028 v _500_/X (sky130_fd_sc_hd__and2_2)
                                                         _067_ (net)
                      0.057096    0.000000    5.301028 v _547_/A1 (sky130_fd_sc_hd__o21ai_2)
     3    0.011890    0.177984    0.202951    5.503979 ^ _547_/Y (sky130_fd_sc_hd__o21ai_2)
                                                         _110_ (net)
                      0.177984    0.000000    5.503979 ^ _573_/B (sky130_fd_sc_hd__nand2b_2)
     3    0.008675    0.062432    0.097968    5.601947 v _573_/Y (sky130_fd_sc_hd__nand2b_2)
                                                         _134_ (net)
                      0.062432    0.000000    5.601947 v _608_/A1 (sky130_fd_sc_hd__o21a_2)
     3    0.005505    0.041672    0.230405    5.832353 v _608_/X (sky130_fd_sc_hd__o21a_2)
                                                         _167_ (net)
                      0.041672    0.000000    5.832353 v _626_/B (sky130_fd_sc_hd__or3_2)
     2    0.004302    0.083923    0.472878    6.305230 v _626_/X (sky130_fd_sc_hd__or3_2)
                                                         _183_ (net)
                      0.083923    0.000000    6.305230 v _632_/B1 (sky130_fd_sc_hd__a32o_2)
     1    0.008077    0.053743    0.258332    6.563562 v _632_/X (sky130_fd_sc_hd__a32o_2)
                                                         _189_ (net)
                      0.053743    0.000000    6.563562 v _633_/B (sky130_fd_sc_hd__xnor2_2)
     1    0.004124    0.081147    0.134480    6.698042 v _633_/Y (sky130_fd_sc_hd__xnor2_2)
                                                         _190_ (net)
                      0.081147    0.000000    6.698042 v _636_/A2 (sky130_fd_sc_hd__o21ai_2)
     1    0.033442    0.399373    0.359748    7.057790 ^ _636_/Y (sky130_fd_sc_hd__o21ai_2)
                                                         y[14] (net)
                      0.399373    0.000000    7.057790 ^ y[14] (out)
                                              7.057790   data arrival time

                      0.000000   20.000000   20.000000   clock __VIRTUAL_CLK__ (rise edge)
                                  0.000000   20.000000   clock network delay (ideal)
                                 -0.250000   19.750002   clock uncertainty
                                  0.000000   19.750002   clock reconvergence pessimism
                                 -4.000000   15.750001   output external delay
                                             15.750001   data required time
---------------------------------------------------------------------------------------------
                                             15.750001   data required time
                                             -7.057790   data arrival time
---------------------------------------------------------------------------------------------
                                              8.692212   slack (MET)


Startpoint: A[4] (input port clocked by __VIRTUAL_CLK__)
Endpoint: y[17] (output port clocked by __VIRTUAL_CLK__)
Path Group: __VIRTUAL_CLK__
Path Type: max

Fanout         Cap        Slew       Delay        Time   Description
---------------------------------------------------------------------------------------------
                      0.000000    0.000000    0.000000   clock __VIRTUAL_CLK__ (rise edge)
                                  0.000000    0.000000   clock network delay (ideal)
                                  4.000000    4.000000 v input external delay
     4    0.021492    0.049500    0.036196    4.036196 v A[4] (in)
                                                         A[4] (net)
                      0.049500    0.000000    4.036196 v _491_/A (sky130_fd_sc_hd__xnor2_2)
     7    0.025016    0.131988    0.209245    4.245441 v _491_/Y (sky130_fd_sc_hd__xnor2_2)
                                                         _058_ (net)
                      0.131988    0.000000    4.245441 v _546_/A (sky130_fd_sc_hd__or4_2)
     2    0.005468    0.112553    0.734423    4.979865 v _546_/X (sky130_fd_sc_hd__or4_2)
                                                         _109_ (net)
                      0.112553    0.000000    4.979865 v _658_/A (sky130_fd_sc_hd__or4_2)
     2    0.004550    0.108627    0.721558    5.701423 v _658_/X (sky130_fd_sc_hd__or4_2)
                                                         _213_ (net)
                      0.108627    0.000000    5.701423 v _660_/B1 (sky130_fd_sc_hd__o221a_2)
     3    0.008819    0.060639    0.303122    6.004545 v _660_/X (sky130_fd_sc_hd__o221a_2)
                                                         _215_ (net)
                      0.060639    0.000000    6.004545 v _662_/A (sky130_fd_sc_hd__nand2_2)
     2    0.006663    0.055260    0.071199    6.075743 ^ _662_/Y (sky130_fd_sc_hd__nand2_2)
                                                         _217_ (net)
                      0.055260    0.000000    6.075743 ^ _673_/A2 (sky130_fd_sc_hd__a21oi_2)
     1    0.001403    0.148630    0.047776    6.123519 v _673_/Y (sky130_fd_sc_hd__a21oi_2)
                                                         _227_ (net)
                      0.148630    0.000000    6.123519 v _674_/B (sky130_fd_sc_hd__and2_2)
     1    0.002147    0.035077    0.238490    6.362010 v _674_/X (sky130_fd_sc_hd__and2_2)
                                                         _228_ (net)
                      0.035077    0.000000    6.362010 v _677_/B1 (sky130_fd_sc_hd__a31o_2)
     1    0.008077    0.051296    0.235042    6.597052 v _677_/X (sky130_fd_sc_hd__a31o_2)
                                                         _231_ (net)
                      0.051296    0.000000    6.597052 v _678_/B (sky130_fd_sc_hd__xnor2_2)
     1    0.002207    0.064216    0.126123    6.723174 v _678_/Y (sky130_fd_sc_hd__xnor2_2)
                                                         _232_ (net)
                      0.064216    0.000000    6.723174 v _681_/A2 (sky130_fd_sc_hd__a21o_2)
     1    0.033442    0.103042    0.306260    7.029434 v _681_/X (sky130_fd_sc_hd__a21o_2)
                                                         y[17] (net)
                      0.103042    0.000000    7.029434 v y[17] (out)
                                              7.029434   data arrival time

                      0.000000   20.000000   20.000000   clock __VIRTUAL_CLK__ (rise edge)
                                  0.000000   20.000000   clock network delay (ideal)
                                 -0.250000   19.750002   clock uncertainty
                                  0.000000   19.750002   clock reconvergence pessimism
                                 -4.000000   15.750001   output external delay
                                             15.750001   data required time
---------------------------------------------------------------------------------------------
                                             15.750001   data required time
                                             -7.029434   data arrival time
---------------------------------------------------------------------------------------------
                                              8.720567   slack (MET)


Startpoint: A[4] (input port clocked by __VIRTUAL_CLK__)
Endpoint: y[18] (output port clocked by __VIRTUAL_CLK__)
Path Group: __VIRTUAL_CLK__
Path Type: max

Fanout         Cap        Slew       Delay        Time   Description
---------------------------------------------------------------------------------------------
                      0.000000    0.000000    0.000000   clock __VIRTUAL_CLK__ (rise edge)
                                  0.000000    0.000000   clock network delay (ideal)
                                  4.000000    4.000000 v input external delay
     4    0.021492    0.049500    0.036196    4.036196 v A[4] (in)
                                                         A[4] (net)
                      0.049500    0.000000    4.036196 v _491_/A (sky130_fd_sc_hd__xnor2_2)
     7    0.025016    0.131988    0.209245    4.245441 v _491_/Y (sky130_fd_sc_hd__xnor2_2)
                                                         _058_ (net)
                      0.131988    0.000000    4.245441 v _546_/A (sky130_fd_sc_hd__or4_2)
     2    0.005468    0.112553    0.734423    4.979865 v _546_/X (sky130_fd_sc_hd__or4_2)
                                                         _109_ (net)
                      0.112553    0.000000    4.979865 v _658_/A (sky130_fd_sc_hd__or4_2)
     2    0.004550    0.108627    0.721558    5.701423 v _658_/X (sky130_fd_sc_hd__or4_2)
                                                         _213_ (net)
                      0.108627    0.000000    5.701423 v _660_/B1 (sky130_fd_sc_hd__o221a_2)
     3    0.008819    0.060639    0.303122    6.004545 v _660_/X (sky130_fd_sc_hd__o221a_2)
                                                         _215_ (net)
                      0.060639    0.000000    6.004545 v _688_/A1 (sky130_fd_sc_hd__a21o_2)
     4    0.010184    0.053284    0.223074    6.227619 v _688_/X (sky130_fd_sc_hd__a21o_2)
                                                         _241_ (net)
                      0.053284    0.000000    6.227619 v _695_/A1_N (sky130_fd_sc_hd__o2bb2a_2)
     1    0.008493    0.067338    0.280332    6.507950 ^ _695_/X (sky130_fd_sc_hd__o2bb2a_2)
                                                         _248_ (net)
                      0.067338    0.000000    6.507950 ^ _696_/B (sky130_fd_sc_hd__xor2_2)
     1    0.004124    0.052341    0.062996    6.570946 v _696_/X (sky130_fd_sc_hd__xor2_2)
                                                         _249_ (net)
                      0.052341    0.000000    6.570946 v _699_/A2 (sky130_fd_sc_hd__o21ai_2)
     1    0.033442    0.399373    0.347957    6.918903 ^ _699_/Y (sky130_fd_sc_hd__o21ai_2)
                                                         y[18] (net)
                      0.399373    0.000000    6.918903 ^ y[18] (out)
                                              6.918903   data arrival time

                      0.000000   20.000000   20.000000   clock __VIRTUAL_CLK__ (rise edge)
                                  0.000000   20.000000   clock network delay (ideal)
                                 -0.250000   19.750002   clock uncertainty
                                  0.000000   19.750002   clock reconvergence pessimism
                                 -4.000000   15.750001   output external delay
                                             15.750001   data required time
---------------------------------------------------------------------------------------------
                                             15.750001   data required time
                                             -6.918903   data arrival time
---------------------------------------------------------------------------------------------
                                              8.831098   slack (MET)


Startpoint: A[4] (input port clocked by __VIRTUAL_CLK__)
Endpoint: y[19] (output port clocked by __VIRTUAL_CLK__)
Path Group: __VIRTUAL_CLK__
Path Type: max

Fanout         Cap        Slew       Delay        Time   Description
---------------------------------------------------------------------------------------------
                      0.000000    0.000000    0.000000   clock __VIRTUAL_CLK__ (rise edge)
                                  0.000000    0.000000   clock network delay (ideal)
                                  4.000000    4.000000 v input external delay
     4    0.021492    0.049500    0.036196    4.036196 v A[4] (in)
                                                         A[4] (net)
                      0.049500    0.000000    4.036196 v _491_/A (sky130_fd_sc_hd__xnor2_2)
     7    0.025016    0.131988    0.209245    4.245441 v _491_/Y (sky130_fd_sc_hd__xnor2_2)
                                                         _058_ (net)
                      0.131988    0.000000    4.245441 v _546_/A (sky130_fd_sc_hd__or4_2)
     2    0.005468    0.112553    0.734423    4.979865 v _546_/X (sky130_fd_sc_hd__or4_2)
                                                         _109_ (net)
                      0.112553    0.000000    4.979865 v _658_/A (sky130_fd_sc_hd__or4_2)
     2    0.004550    0.108627    0.721558    5.701423 v _658_/X (sky130_fd_sc_hd__or4_2)
                                                         _213_ (net)
                      0.108627    0.000000    5.701423 v _660_/B1 (sky130_fd_sc_hd__o221a_2)
     3    0.008819    0.060639    0.303122    6.004545 v _660_/X (sky130_fd_sc_hd__o221a_2)
                                                         _215_ (net)
                      0.060639    0.000000    6.004545 v _688_/A1 (sky130_fd_sc_hd__a21o_2)
     4    0.010184    0.053284    0.223074    6.227619 v _688_/X (sky130_fd_sc_hd__a21o_2)
                                                         _241_ (net)
                      0.053284    0.000000    6.227619 v _707_/B (sky130_fd_sc_hd__nor2_2)
     1    0.002502    0.061386    0.073375    6.300994 ^ _707_/Y (sky130_fd_sc_hd__nor2_2)
                                                         _259_ (net)
                      0.061386    0.000000    6.300994 ^ _708_/A3 (sky130_fd_sc_hd__o31a_2)
     1    0.008442    0.075825    0.146804    6.447798 ^ _708_/X (sky130_fd_sc_hd__o31a_2)
                                                         _260_ (net)
                      0.075825    0.000000    6.447798 ^ _709_/B (sky130_fd_sc_hd__xnor2_2)
     1    0.002207    0.044026    0.057058    6.504856 v _709_/Y (sky130_fd_sc_hd__xnor2_2)
                                                         _261_ (net)
                      0.044026    0.000000    6.504856 v _712_/A2 (sky130_fd_sc_hd__a21o_2)
     1    0.033442    0.103002    0.297780    6.802636 v _712_/X (sky130_fd_sc_hd__a21o_2)
                                                         y[19] (net)
                      0.103002    0.000000    6.802636 v y[19] (out)
                                              6.802636   data arrival time

                      0.000000   20.000000   20.000000   clock __VIRTUAL_CLK__ (rise edge)
                                  0.000000   20.000000   clock network delay (ideal)
                                 -0.250000   19.750002   clock uncertainty
                                  0.000000   19.750002   clock reconvergence pessimism
                                 -4.000000   15.750001   output external delay
                                             15.750001   data required time
---------------------------------------------------------------------------------------------
                                             15.750001   data required time
                                             -6.802636   data arrival time
---------------------------------------------------------------------------------------------
                                              8.947366   slack (MET)


Startpoint: B[0] (input port clocked by __VIRTUAL_CLK__)
Endpoint: y[13] (output port clocked by __VIRTUAL_CLK__)
Path Group: __VIRTUAL_CLK__
Path Type: max

Fanout         Cap        Slew       Delay        Time   Description
---------------------------------------------------------------------------------------------
                      0.000000    0.000000    0.000000   clock __VIRTUAL_CLK__ (rise edge)
                                  0.000000    0.000000   clock network delay (ideal)
                                  4.000000    4.000000 ^ input external delay
     6    0.033773    0.159188    0.113880    4.113880 ^ B[0] (in)
                                                         B[0] (net)
                      0.159188    0.000000    4.113880 ^ _438_/B (sky130_fd_sc_hd__xor2_2)
     2    0.007185    0.140198    0.181251    4.295131 ^ _438_/X (sky130_fd_sc_hd__xor2_2)
                                                         _009_ (net)
                      0.140198    0.000000    4.295131 ^ _440_/B (sky130_fd_sc_hd__nand2_2)
     4    0.008127    0.052596    0.085661    4.380792 v _440_/Y (sky130_fd_sc_hd__nand2_2)
                                                         _011_ (net)
                      0.052596    0.000000    4.380792 v _497_/A (sky130_fd_sc_hd__or4_2)
     2    0.003630    0.103864    0.693735    5.074527 v _497_/X (sky130_fd_sc_hd__or4_2)
                                                         _064_ (net)
                      0.103864    0.000000    5.074527 v _500_/A (sky130_fd_sc_hd__and2_2)
     3    0.011052    0.057096    0.226501    5.301028 v _500_/X (sky130_fd_sc_hd__and2_2)
                                                         _067_ (net)
                      0.057096    0.000000    5.301028 v _547_/A1 (sky130_fd_sc_hd__o21ai_2)
     3    0.011890    0.177984    0.202951    5.503979 ^ _547_/Y (sky130_fd_sc_hd__o21ai_2)
                                                         _110_ (net)
                      0.177984    0.000000    5.503979 ^ _573_/B (sky130_fd_sc_hd__nand2b_2)
     3    0.008675    0.062432    0.097968    5.601947 v _573_/Y (sky130_fd_sc_hd__nand2b_2)
                                                         _134_ (net)
                      0.062432    0.000000    5.601947 v _608_/A1 (sky130_fd_sc_hd__o21a_2)
     3    0.005505    0.041672    0.230405    5.832353 v _608_/X (sky130_fd_sc_hd__o21a_2)
                                                         _167_ (net)
                      0.041672    0.000000    5.832353 v _618_/A2 (sky130_fd_sc_hd__o211a_2)
     1    0.002147    0.039044    0.237033    6.069386 v _618_/X (sky130_fd_sc_hd__o211a_2)
                                                         _176_ (net)
                      0.039044    0.000000    6.069386 v _619_/B1 (sky130_fd_sc_hd__a31o_2)
     1    0.008077    0.051252    0.236376    6.305761 v _619_/X (sky130_fd_sc_hd__a31o_2)
                                                         _177_ (net)
                      0.051252    0.000000    6.305761 v _620_/B (sky130_fd_sc_hd__xnor2_2)
     1    0.004124    0.082969    0.133413    6.439175 v _620_/Y (sky130_fd_sc_hd__xnor2_2)
                                                         _178_ (net)
                      0.082969    0.000000    6.439175 v _623_/A2 (sky130_fd_sc_hd__o21ai_2)
     1    0.033442    0.399373    0.360495    6.799669 ^ _623_/Y (sky130_fd_sc_hd__o21ai_2)
                                                         y[13] (net)
                      0.399373    0.000000    6.799669 ^ y[13] (out)
                                              6.799669   data arrival time

                      0.000000   20.000000   20.000000   clock __VIRTUAL_CLK__ (rise edge)
                                  0.000000   20.000000   clock network delay (ideal)
                                 -0.250000   19.750002   clock uncertainty
                                  0.000000   19.750002   clock reconvergence pessimism
                                 -4.000000   15.750001   output external delay
                                             15.750001   data required time
---------------------------------------------------------------------------------------------
                                             15.750001   data required time
                                             -6.799669   data arrival time
---------------------------------------------------------------------------------------------
                                              8.950332   slack (MET)


Startpoint: B[0] (input port clocked by __VIRTUAL_CLK__)
Endpoint: y[12] (output port clocked by __VIRTUAL_CLK__)
Path Group: __VIRTUAL_CLK__
Path Type: max

Fanout         Cap        Slew       Delay        Time   Description
---------------------------------------------------------------------------------------------
                      0.000000    0.000000    0.000000   clock __VIRTUAL_CLK__ (rise edge)
                                  0.000000    0.000000   clock network delay (ideal)
                                  4.000000    4.000000 ^ input external delay
     6    0.033773    0.159188    0.113880    4.113880 ^ B[0] (in)
                                                         B[0] (net)
                      0.159188    0.000000    4.113880 ^ _438_/B (sky130_fd_sc_hd__xor2_2)
     2    0.007185    0.140198    0.181251    4.295131 ^ _438_/X (sky130_fd_sc_hd__xor2_2)
                                                         _009_ (net)
                      0.140198    0.000000    4.295131 ^ _440_/B (sky130_fd_sc_hd__nand2_2)
     4    0.008127    0.052596    0.085661    4.380792 v _440_/Y (sky130_fd_sc_hd__nand2_2)
                                                         _011_ (net)
                      0.052596    0.000000    4.380792 v _497_/A (sky130_fd_sc_hd__or4_2)
     2    0.003630    0.103864    0.693735    5.074527 v _497_/X (sky130_fd_sc_hd__or4_2)
                                                         _064_ (net)
                      0.103864    0.000000    5.074527 v _500_/A (sky130_fd_sc_hd__and2_2)
     3    0.011052    0.057096    0.226501    5.301028 v _500_/X (sky130_fd_sc_hd__and2_2)
                                                         _067_ (net)
                      0.057096    0.000000    5.301028 v _547_/A1 (sky130_fd_sc_hd__o21ai_2)
     3    0.011890    0.177984    0.202951    5.503979 ^ _547_/Y (sky130_fd_sc_hd__o21ai_2)
                                                         _110_ (net)
                      0.177984    0.000000    5.503979 ^ _573_/B (sky130_fd_sc_hd__nand2b_2)
     3    0.008675    0.062432    0.097968    5.601947 v _573_/Y (sky130_fd_sc_hd__nand2b_2)
                                                         _134_ (net)
                      0.062432    0.000000    5.601947 v _608_/A1 (sky130_fd_sc_hd__o21a_2)
     3    0.005505    0.041672    0.230405    5.832353 v _608_/X (sky130_fd_sc_hd__o21a_2)
                                                         _167_ (net)
                      0.041672    0.000000    5.832353 v _609_/A1 (sky130_fd_sc_hd__mux2_1)
     1    0.007837    0.082115    0.338352    6.170704 v _609_/X (sky130_fd_sc_hd__mux2_1)
                                                         _168_ (net)
                      0.082115    0.000000    6.170704 v _610_/B (sky130_fd_sc_hd__xor2_2)
     1    0.001696    0.063460    0.150264    6.320968 v _610_/X (sky130_fd_sc_hd__xor2_2)
                                                         _169_ (net)
                      0.063460    0.000000    6.320968 v _612_/A2_N (sky130_fd_sc_hd__o2bb2a_2)
     1    0.004448    0.053113    0.254635    6.575603 ^ _612_/X (sky130_fd_sc_hd__o2bb2a_2)
                                                         _171_ (net)
                      0.053113    0.000000    6.575603 ^ _613_/C1 (sky130_fd_sc_hd__o211ai_2)
     1    0.033442    0.240051    0.204051    6.779654 v _613_/Y (sky130_fd_sc_hd__o211ai_2)
                                                         y[12] (net)
                      0.240051    0.000000    6.779654 v y[12] (out)
                                              6.779654   data arrival time

                      0.000000   20.000000   20.000000   clock __VIRTUAL_CLK__ (rise edge)
                                  0.000000   20.000000   clock network delay (ideal)
                                 -0.250000   19.750002   clock uncertainty
                                  0.000000   19.750002   clock reconvergence pessimism
                                 -4.000000   15.750001   output external delay
                                             15.750001   data required time
---------------------------------------------------------------------------------------------
                                             15.750001   data required time
                                             -6.779654   data arrival time
---------------------------------------------------------------------------------------------
                                              8.970347   slack (MET)


Startpoint: A[1] (input port clocked by __VIRTUAL_CLK__)
Endpoint: y[10] (output port clocked by __VIRTUAL_CLK__)
Path Group: __VIRTUAL_CLK__
Path Type: max

Fanout         Cap        Slew       Delay        Time   Description
---------------------------------------------------------------------------------------------
                      0.000000    0.000000    0.000000   clock __VIRTUAL_CLK__ (rise edge)
                                  0.000000    0.000000   clock network delay (ideal)
                                  4.000000    4.000000 v input external delay
     4    0.018707    0.043560    0.031562    4.031562 v A[1] (in)
                                                         A[1] (net)
                      0.043560    0.000000    4.031562 v _456_/A (sky130_fd_sc_hd__xnor2_2)
     9    0.025842    0.135362    0.209377    4.240939 v _456_/Y (sky130_fd_sc_hd__xnor2_2)
                                                         _026_ (net)
                      0.135362    0.000000    4.240939 v _470_/A3 (sky130_fd_sc_hd__a31o_2)
     2    0.006222    0.046922    0.302120    4.543059 v _470_/X (sky130_fd_sc_hd__a31o_2)
                                                         _039_ (net)
                      0.046922    0.000000    4.543059 v _482_/A2 (sky130_fd_sc_hd__a21o_2)
     3    0.009046    0.050485    0.237257    4.780316 v _482_/X (sky130_fd_sc_hd__a21o_2)
                                                         _050_ (net)
                      0.050485    0.000000    4.780316 v _496_/A2 (sky130_fd_sc_hd__a211o_2)
     3    0.010591    0.070465    0.375408    5.155724 v _496_/X (sky130_fd_sc_hd__a211o_2)
                                                         _063_ (net)
                      0.070465    0.000000    5.155724 v _523_/A2 (sky130_fd_sc_hd__a31o_2)
     2    0.005682    0.045557    0.257945    5.413669 v _523_/X (sky130_fd_sc_hd__a31o_2)
                                                         _088_ (net)
                      0.045557    0.000000    5.413669 v _553_/A1 (sky130_fd_sc_hd__a21oi_2)
     2    0.009460    0.151305    0.169577    5.583246 ^ _553_/Y (sky130_fd_sc_hd__a21oi_2)
                                                         _116_ (net)
                      0.151305    0.000000    5.583246 ^ _563_/B (sky130_fd_sc_hd__nor2_2)
     2    0.003605    0.036467    0.048653    5.631898 v _563_/Y (sky130_fd_sc_hd__nor2_2)
                                                         _125_ (net)
                      0.036467    0.000000    5.631898 v _575_/B (sky130_fd_sc_hd__and2_2)
     2    0.006811    0.047414    0.202809    5.834707 v _575_/X (sky130_fd_sc_hd__and2_2)
                                                         _136_ (net)
                      0.047414    0.000000    5.834707 v _578_/A2 (sky130_fd_sc_hd__o31a_2)
     1    0.007837    0.065407    0.354675    6.189382 v _578_/X (sky130_fd_sc_hd__o31a_2)
                                                         _139_ (net)
                      0.065407    0.000000    6.189382 v _579_/B (sky130_fd_sc_hd__xor2_2)
     1    0.002302    0.074551    0.145939    6.335321 v _579_/X (sky130_fd_sc_hd__xor2_2)
                                                         _140_ (net)
                      0.074551    0.000000    6.335321 v _581_/B1 (sky130_fd_sc_hd__o22a_2)
     1    0.004253    0.042378    0.221347    6.556668 v _581_/X (sky130_fd_sc_hd__o22a_2)
                                                         _142_ (net)
                      0.042378    0.000000    6.556668 v _582_/C1 (sky130_fd_sc_hd__o211ai_2)
     1    0.033442    0.431100    0.171919    6.728588 ^ _582_/Y (sky130_fd_sc_hd__o211ai_2)
                                                         y[10] (net)
                      0.431100    0.000000    6.728588 ^ y[10] (out)
                                              6.728588   data arrival time

                      0.000000   20.000000   20.000000   clock __VIRTUAL_CLK__ (rise edge)
                                  0.000000   20.000000   clock network delay (ideal)
                                 -0.250000   19.750002   clock uncertainty
                                  0.000000   19.750002   clock reconvergence pessimism
                                 -4.000000   15.750001   output external delay
                                             15.750001   data required time
---------------------------------------------------------------------------------------------
                                             15.750001   data required time
                                             -6.728588   data arrival time
---------------------------------------------------------------------------------------------
                                              9.021413   slack (MET)


Startpoint: B[0] (input port clocked by __VIRTUAL_CLK__)
Endpoint: y[7] (output port clocked by __VIRTUAL_CLK__)
Path Group: __VIRTUAL_CLK__
Path Type: max

Fanout         Cap        Slew       Delay        Time   Description
---------------------------------------------------------------------------------------------
                      0.000000    0.000000    0.000000   clock __VIRTUAL_CLK__ (rise edge)
                                  0.000000    0.000000   clock network delay (ideal)
                                  4.000000    4.000000 ^ input external delay
     6    0.033773    0.159188    0.113880    4.113880 ^ B[0] (in)
                                                         B[0] (net)
                      0.159188    0.000000    4.113880 ^ _438_/B (sky130_fd_sc_hd__xor2_2)
     2    0.007185    0.140198    0.181251    4.295131 ^ _438_/X (sky130_fd_sc_hd__xor2_2)
                                                         _009_ (net)
                      0.140198    0.000000    4.295131 ^ _440_/B (sky130_fd_sc_hd__nand2_2)
     4    0.008127    0.052596    0.085661    4.380792 v _440_/Y (sky130_fd_sc_hd__nand2_2)
                                                         _011_ (net)
                      0.052596    0.000000    4.380792 v _497_/A (sky130_fd_sc_hd__or4_2)
     2    0.003630    0.103864    0.693735    5.074527 v _497_/X (sky130_fd_sc_hd__or4_2)
                                                         _064_ (net)
                      0.103864    0.000000    5.074527 v _500_/A (sky130_fd_sc_hd__and2_2)
     3    0.011052    0.057096    0.226501    5.301028 v _500_/X (sky130_fd_sc_hd__and2_2)
                                                         _067_ (net)
                      0.057096    0.000000    5.301028 v _512_/A2 (sky130_fd_sc_hd__o21a_2)
     2    0.004460    0.039127    0.207691    5.508718 v _512_/X (sky130_fd_sc_hd__o21a_2)
                                                         _078_ (net)
                      0.039127    0.000000    5.508718 v _525_/A2 (sky130_fd_sc_hd__o21a_2)
     2    0.004443    0.039147    0.200571    5.709290 v _525_/X (sky130_fd_sc_hd__o21a_2)
                                                         _090_ (net)
                      0.039147    0.000000    5.709290 v _533_/A2 (sky130_fd_sc_hd__a211o_2)
     1    0.002270    0.045249    0.330133    6.039423 v _533_/X (sky130_fd_sc_hd__a211o_2)
                                                         _097_ (net)
                      0.045249    0.000000    6.039423 v _535_/B1 (sky130_fd_sc_hd__o311a_2)
     1    0.008077    0.070985    0.149485    6.188907 v _535_/X (sky130_fd_sc_hd__o311a_2)
                                                         _099_ (net)
                      0.070985    0.000000    6.188907 v _536_/B (sky130_fd_sc_hd__xnor2_2)
     1    0.004124    0.068598    0.142101    6.331008 v _536_/Y (sky130_fd_sc_hd__xnor2_2)
                                                         _100_ (net)
                      0.068598    0.000000    6.331008 v _539_/A2 (sky130_fd_sc_hd__o21ai_2)
     1    0.033442    0.399373    0.354606    6.685614 ^ _539_/Y (sky130_fd_sc_hd__o21ai_2)
                                                         y[7] (net)
                      0.399373    0.000000    6.685614 ^ y[7] (out)
                                              6.685614   data arrival time

                      0.000000   20.000000   20.000000   clock __VIRTUAL_CLK__ (rise edge)
                                  0.000000   20.000000   clock network delay (ideal)
                                 -0.250000   19.750002   clock uncertainty
                                  0.000000   19.750002   clock reconvergence pessimism
                                 -4.000000   15.750001   output external delay
                                             15.750001   data required time
---------------------------------------------------------------------------------------------
                                             15.750001   data required time
                                             -6.685614   data arrival time
---------------------------------------------------------------------------------------------
                                              9.064386   slack (MET)


Startpoint: A[4] (input port clocked by __VIRTUAL_CLK__)
Endpoint: y[16] (output port clocked by __VIRTUAL_CLK__)
Path Group: __VIRTUAL_CLK__
Path Type: max

Fanout         Cap        Slew       Delay        Time   Description
---------------------------------------------------------------------------------------------
                      0.000000    0.000000    0.000000   clock __VIRTUAL_CLK__ (rise edge)
                                  0.000000    0.000000   clock network delay (ideal)
                                  4.000000    4.000000 v input external delay
     4    0.021492    0.049500    0.036196    4.036196 v A[4] (in)
                                                         A[4] (net)
                      0.049500    0.000000    4.036196 v _491_/A (sky130_fd_sc_hd__xnor2_2)
     7    0.025016    0.131988    0.209245    4.245441 v _491_/Y (sky130_fd_sc_hd__xnor2_2)
                                                         _058_ (net)
                      0.131988    0.000000    4.245441 v _546_/A (sky130_fd_sc_hd__or4_2)
     2    0.005468    0.112553    0.734423    4.979865 v _546_/X (sky130_fd_sc_hd__or4_2)
                                                         _109_ (net)
                      0.112553    0.000000    4.979865 v _658_/A (sky130_fd_sc_hd__or4_2)
     2    0.004550    0.108627    0.721558    5.701423 v _658_/X (sky130_fd_sc_hd__or4_2)
                                                         _213_ (net)
                      0.108627    0.000000    5.701423 v _660_/B1 (sky130_fd_sc_hd__o221a_2)
     3    0.008819    0.060639    0.303122    6.004545 v _660_/X (sky130_fd_sc_hd__o221a_2)
                                                         _215_ (net)
                      0.060639    0.000000    6.004545 v _662_/A (sky130_fd_sc_hd__nand2_2)
     2    0.006663    0.055260    0.071199    6.075743 ^ _662_/Y (sky130_fd_sc_hd__nand2_2)
                                                         _217_ (net)
                      0.055260    0.000000    6.075743 ^ _666_/A0 (sky130_fd_sc_hd__mux2_1)
     1    0.008493    0.099878    0.164685    6.240428 ^ _666_/X (sky130_fd_sc_hd__mux2_1)
                                                         _221_ (net)
                      0.099878    0.000000    6.240428 ^ _667_/B (sky130_fd_sc_hd__xor2_2)
     1    0.002423    0.087510    0.132032    6.372460 ^ _667_/X (sky130_fd_sc_hd__xor2_2)
                                                         _222_ (net)
                      0.087510    0.000000    6.372460 ^ _670_/A2 (sky130_fd_sc_hd__a21o_2)
     1    0.033442    0.174435    0.245177    6.617637 ^ _670_/X (sky130_fd_sc_hd__a21o_2)
                                                         y[16] (net)
                      0.174435    0.000000    6.617637 ^ y[16] (out)
                                              6.617637   data arrival time

                      0.000000   20.000000   20.000000   clock __VIRTUAL_CLK__ (rise edge)
                                  0.000000   20.000000   clock network delay (ideal)
                                 -0.250000   19.750002   clock uncertainty
                                  0.000000   19.750002   clock reconvergence pessimism
                                 -4.000000   15.750001   output external delay
                                             15.750001   data required time
---------------------------------------------------------------------------------------------
                                             15.750001   data required time
                                             -6.617637   data arrival time
---------------------------------------------------------------------------------------------
                                              9.132363   slack (MET)


Startpoint: B[0] (input port clocked by __VIRTUAL_CLK__)
Endpoint: y[11] (output port clocked by __VIRTUAL_CLK__)
Path Group: __VIRTUAL_CLK__
Path Type: max

Fanout         Cap        Slew       Delay        Time   Description
---------------------------------------------------------------------------------------------
                      0.000000    0.000000    0.000000   clock __VIRTUAL_CLK__ (rise edge)
                                  0.000000    0.000000   clock network delay (ideal)
                                  4.000000    4.000000 ^ input external delay
     6    0.033773    0.159188    0.113880    4.113880 ^ B[0] (in)
                                                         B[0] (net)
                      0.159188    0.000000    4.113880 ^ _438_/B (sky130_fd_sc_hd__xor2_2)
     2    0.007185    0.140198    0.181251    4.295131 ^ _438_/X (sky130_fd_sc_hd__xor2_2)
                                                         _009_ (net)
                      0.140198    0.000000    4.295131 ^ _440_/B (sky130_fd_sc_hd__nand2_2)
     4    0.008127    0.052596    0.085661    4.380792 v _440_/Y (sky130_fd_sc_hd__nand2_2)
                                                         _011_ (net)
                      0.052596    0.000000    4.380792 v _497_/A (sky130_fd_sc_hd__or4_2)
     2    0.003630    0.103864    0.693735    5.074527 v _497_/X (sky130_fd_sc_hd__or4_2)
                                                         _064_ (net)
                      0.103864    0.000000    5.074527 v _500_/A (sky130_fd_sc_hd__and2_2)
     3    0.011052    0.057096    0.226501    5.301028 v _500_/X (sky130_fd_sc_hd__and2_2)
                                                         _067_ (net)
                      0.057096    0.000000    5.301028 v _547_/A1 (sky130_fd_sc_hd__o21ai_2)
     3    0.011890    0.177984    0.202951    5.503979 ^ _547_/Y (sky130_fd_sc_hd__o21ai_2)
                                                         _110_ (net)
                      0.177984    0.000000    5.503979 ^ _573_/B (sky130_fd_sc_hd__nand2b_2)
     3    0.008675    0.062432    0.097968    5.601947 v _573_/Y (sky130_fd_sc_hd__nand2b_2)
                                                         _134_ (net)
                      0.062432    0.000000    5.601947 v _590_/A2 (sky130_fd_sc_hd__o211a_2)
     1    0.002195    0.039188    0.245640    5.847587 v _590_/X (sky130_fd_sc_hd__o211a_2)
                                                         _150_ (net)
                      0.039188    0.000000    5.847587 v _592_/B1 (sky130_fd_sc_hd__a21o_2)
     1    0.008077    0.048027    0.206911    6.054498 v _592_/X (sky130_fd_sc_hd__a21o_2)
                                                         _152_ (net)
                      0.048027    0.000000    6.054498 v _593_/B (sky130_fd_sc_hd__xnor2_2)
     1    0.004124    0.070226    0.132046    6.186544 v _593_/Y (sky130_fd_sc_hd__xnor2_2)
                                                         _153_ (net)
                      0.070226    0.000000    6.186544 v _596_/A2 (sky130_fd_sc_hd__o21ai_2)
     1    0.033442    0.399373    0.355273    6.541817 ^ _596_/Y (sky130_fd_sc_hd__o21ai_2)
                                                         y[11] (net)
                      0.399373    0.000000    6.541817 ^ y[11] (out)
                                              6.541817   data arrival time

                      0.000000   20.000000   20.000000   clock __VIRTUAL_CLK__ (rise edge)
                                  0.000000   20.000000   clock network delay (ideal)
                                 -0.250000   19.750002   clock uncertainty
                                  0.000000   19.750002   clock reconvergence pessimism
                                 -4.000000   15.750001   output external delay
                                             15.750001   data required time
---------------------------------------------------------------------------------------------
                                             15.750001   data required time
                                             -6.541817   data arrival time
---------------------------------------------------------------------------------------------
                                              9.208184   slack (MET)


Startpoint: A[1] (input port clocked by __VIRTUAL_CLK__)
Endpoint: y[9] (output port clocked by __VIRTUAL_CLK__)
Path Group: __VIRTUAL_CLK__
Path Type: max

Fanout         Cap        Slew       Delay        Time   Description
---------------------------------------------------------------------------------------------
                      0.000000    0.000000    0.000000   clock __VIRTUAL_CLK__ (rise edge)
                                  0.000000    0.000000   clock network delay (ideal)
                                  4.000000    4.000000 v input external delay
     4    0.018707    0.043560    0.031562    4.031562 v A[1] (in)
                                                         A[1] (net)
                      0.043560    0.000000    4.031562 v _456_/A (sky130_fd_sc_hd__xnor2_2)
     9    0.025842    0.135362    0.209377    4.240939 v _456_/Y (sky130_fd_sc_hd__xnor2_2)
                                                         _026_ (net)
                      0.135362    0.000000    4.240939 v _470_/A3 (sky130_fd_sc_hd__a31o_2)
     2    0.006222    0.046922    0.302120    4.543059 v _470_/X (sky130_fd_sc_hd__a31o_2)
                                                         _039_ (net)
                      0.046922    0.000000    4.543059 v _482_/A2 (sky130_fd_sc_hd__a21o_2)
     3    0.009046    0.050485    0.237257    4.780316 v _482_/X (sky130_fd_sc_hd__a21o_2)
                                                         _050_ (net)
                      0.050485    0.000000    4.780316 v _496_/A2 (sky130_fd_sc_hd__a211o_2)
     3    0.010591    0.070465    0.375408    5.155724 v _496_/X (sky130_fd_sc_hd__a211o_2)
                                                         _063_ (net)
                      0.070465    0.000000    5.155724 v _523_/A2 (sky130_fd_sc_hd__a31o_2)
     2    0.005682    0.045557    0.257945    5.413669 v _523_/X (sky130_fd_sc_hd__a31o_2)
                                                         _088_ (net)
                      0.045557    0.000000    5.413669 v _553_/A1 (sky130_fd_sc_hd__a21oi_2)
     2    0.009460    0.151305    0.169577    5.583246 ^ _553_/Y (sky130_fd_sc_hd__a21oi_2)
                                                         _116_ (net)
                      0.151305    0.000000    5.583246 ^ _563_/B (sky130_fd_sc_hd__nor2_2)
     2    0.003605    0.036467    0.048653    5.631898 v _563_/Y (sky130_fd_sc_hd__nor2_2)
                                                         _125_ (net)
                      0.036467    0.000000    5.631898 v _565_/A2 (sky130_fd_sc_hd__o31a_2)
     1    0.007837    0.065382    0.350540    5.982439 v _565_/X (sky130_fd_sc_hd__o31a_2)
                                                         _127_ (net)
                      0.065382    0.000000    5.982439 v _566_/B (sky130_fd_sc_hd__xor2_2)
     1    0.004124    0.081100    0.152969    6.135407 v _566_/X (sky130_fd_sc_hd__xor2_2)
                                                         _128_ (net)
                      0.081100    0.000000    6.135407 v _569_/A2 (sky130_fd_sc_hd__o21ai_2)
     1    0.033442    0.399373    0.359729    6.495136 ^ _569_/Y (sky130_fd_sc_hd__o21ai_2)
                                                         y[9] (net)
                      0.399373    0.000000    6.495136 ^ y[9] (out)
                                              6.495136   data arrival time

                      0.000000   20.000000   20.000000   clock __VIRTUAL_CLK__ (rise edge)
                                  0.000000   20.000000   clock network delay (ideal)
                                 -0.250000   19.750002   clock uncertainty
                                  0.000000   19.750002   clock reconvergence pessimism
                                 -4.000000   15.750001   output external delay
                                             15.750001   data required time
---------------------------------------------------------------------------------------------
                                             15.750001   data required time
                                             -6.495136   data arrival time
---------------------------------------------------------------------------------------------
                                              9.254865   slack (MET)


Startpoint: B[0] (input port clocked by __VIRTUAL_CLK__)
Endpoint: y[6] (output port clocked by __VIRTUAL_CLK__)
Path Group: __VIRTUAL_CLK__
Path Type: max

Fanout         Cap        Slew       Delay        Time   Description
---------------------------------------------------------------------------------------------
                      0.000000    0.000000    0.000000   clock __VIRTUAL_CLK__ (rise edge)
                                  0.000000    0.000000   clock network delay (ideal)
                                  4.000000    4.000000 ^ input external delay
     6    0.033773    0.159188    0.113880    4.113880 ^ B[0] (in)
                                                         B[0] (net)
                      0.159188    0.000000    4.113880 ^ _438_/B (sky130_fd_sc_hd__xor2_2)
     2    0.007185    0.140198    0.181251    4.295131 ^ _438_/X (sky130_fd_sc_hd__xor2_2)
                                                         _009_ (net)
                      0.140198    0.000000    4.295131 ^ _440_/B (sky130_fd_sc_hd__nand2_2)
     4    0.008127    0.052596    0.085661    4.380792 v _440_/Y (sky130_fd_sc_hd__nand2_2)
                                                         _011_ (net)
                      0.052596    0.000000    4.380792 v _497_/A (sky130_fd_sc_hd__or4_2)
     2    0.003630    0.103864    0.693735    5.074527 v _497_/X (sky130_fd_sc_hd__or4_2)
                                                         _064_ (net)
                      0.103864    0.000000    5.074527 v _500_/A (sky130_fd_sc_hd__and2_2)
     3    0.011052    0.057096    0.226501    5.301028 v _500_/X (sky130_fd_sc_hd__and2_2)
                                                         _067_ (net)
                      0.057096    0.000000    5.301028 v _512_/A2 (sky130_fd_sc_hd__o21a_2)
     2    0.004460    0.039127    0.207691    5.508718 v _512_/X (sky130_fd_sc_hd__o21a_2)
                                                         _078_ (net)
                      0.039127    0.000000    5.508718 v _525_/A2 (sky130_fd_sc_hd__o21a_2)
     2    0.004443    0.039147    0.200571    5.709290 v _525_/X (sky130_fd_sc_hd__o21a_2)
                                                         _090_ (net)
                      0.039147    0.000000    5.709290 v _526_/A2 (sky130_fd_sc_hd__o21ba_2)
     2    0.008733    0.050292    0.218425    5.927714 v _526_/X (sky130_fd_sc_hd__o21ba_2)
                                                         _091_ (net)
                      0.050292    0.000000    5.927714 v _527_/A2 (sky130_fd_sc_hd__a21oi_2)
     1    0.004522    0.117094    0.143358    6.071072 ^ _527_/Y (sky130_fd_sc_hd__a21oi_2)
                                                         _092_ (net)
                      0.117094    0.000000    6.071072 ^ _528_/B1 (sky130_fd_sc_hd__o21ai_2)
     1    0.002253    0.056291    0.063671    6.134743 v _528_/Y (sky130_fd_sc_hd__o21ai_2)
                                                         _093_ (net)
                      0.056291    0.000000    6.134743 v _529_/C1 (sky130_fd_sc_hd__o221a_2)
     1    0.004237    0.047821    0.133196    6.267939 v _529_/X (sky130_fd_sc_hd__o221a_2)
                                                         _094_ (net)
                      0.047821    0.000000    6.267939 v _530_/B1 (sky130_fd_sc_hd__o21ai_2)
     1    0.033442    0.399103    0.170992    6.438931 ^ _530_/Y (sky130_fd_sc_hd__o21ai_2)
                                                         y[6] (net)
                      0.399103    0.000000    6.438931 ^ y[6] (out)
                                              6.438931   data arrival time

                      0.000000   20.000000   20.000000   clock __VIRTUAL_CLK__ (rise edge)
                                  0.000000   20.000000   clock network delay (ideal)
                                 -0.250000   19.750002   clock uncertainty
                                  0.000000   19.750002   clock reconvergence pessimism
                                 -4.000000   15.750001   output external delay
                                             15.750001   data required time
---------------------------------------------------------------------------------------------
                                             15.750001   data required time
                                             -6.438931   data arrival time
---------------------------------------------------------------------------------------------
                                              9.311069   slack (MET)


Startpoint: B[0] (input port clocked by __VIRTUAL_CLK__)
Endpoint: y[5] (output port clocked by __VIRTUAL_CLK__)
Path Group: __VIRTUAL_CLK__
Path Type: max

Fanout         Cap        Slew       Delay        Time   Description
---------------------------------------------------------------------------------------------
                      0.000000    0.000000    0.000000   clock __VIRTUAL_CLK__ (rise edge)
                                  0.000000    0.000000   clock network delay (ideal)
                                  4.000000    4.000000 ^ input external delay
     6    0.033773    0.159188    0.113880    4.113880 ^ B[0] (in)
                                                         B[0] (net)
                      0.159188    0.000000    4.113880 ^ _438_/B (sky130_fd_sc_hd__xor2_2)
     2    0.007185    0.140198    0.181251    4.295131 ^ _438_/X (sky130_fd_sc_hd__xor2_2)
                                                         _009_ (net)
                      0.140198    0.000000    4.295131 ^ _440_/B (sky130_fd_sc_hd__nand2_2)
     4    0.008127    0.052596    0.085661    4.380792 v _440_/Y (sky130_fd_sc_hd__nand2_2)
                                                         _011_ (net)
                      0.052596    0.000000    4.380792 v _497_/A (sky130_fd_sc_hd__or4_2)
     2    0.003630    0.103864    0.693735    5.074527 v _497_/X (sky130_fd_sc_hd__or4_2)
                                                         _064_ (net)
                      0.103864    0.000000    5.074527 v _500_/A (sky130_fd_sc_hd__and2_2)
     3    0.011052    0.057096    0.226501    5.301028 v _500_/X (sky130_fd_sc_hd__and2_2)
                                                         _067_ (net)
                      0.057096    0.000000    5.301028 v _512_/A2 (sky130_fd_sc_hd__o21a_2)
     2    0.004460    0.039127    0.207691    5.508718 v _512_/X (sky130_fd_sc_hd__o21a_2)
                                                         _078_ (net)
                      0.039127    0.000000    5.508718 v _513_/B1 (sky130_fd_sc_hd__a22o_2)
     2    0.004507    0.045781    0.217639    5.726357 v _513_/X (sky130_fd_sc_hd__a22o_2)
                                                         _079_ (net)
                      0.045781    0.000000    5.726357 v _514_/A2 (sky130_fd_sc_hd__o21a_2)
     1    0.001290    0.029257    0.187358    5.913715 v _514_/X (sky130_fd_sc_hd__o21a_2)
                                                         _080_ (net)
                      0.029257    0.000000    5.913715 v _515_/B1_N (sky130_fd_sc_hd__a21bo_2)
     1    0.002371    0.034726    0.178875    6.092590 ^ _515_/X (sky130_fd_sc_hd__a21bo_2)
                                                         _081_ (net)
                      0.034726    0.000000    6.092590 ^ _516_/C1 (sky130_fd_sc_hd__o221a_2)
     1    0.004522    0.056801    0.174514    6.267104 ^ _516_/X (sky130_fd_sc_hd__o221a_2)
                                                         _082_ (net)
                      0.056801    0.000000    6.267104 ^ _517_/B1 (sky130_fd_sc_hd__o21ai_2)
     1    0.033442    0.171172    0.136549    6.403653 v _517_/Y (sky130_fd_sc_hd__o21ai_2)
                                                         y[5] (net)
                      0.171172    0.000000    6.403653 v y[5] (out)
                                              6.403653   data arrival time

                      0.000000   20.000000   20.000000   clock __VIRTUAL_CLK__ (rise edge)
                                  0.000000   20.000000   clock network delay (ideal)
                                 -0.250000   19.750002   clock uncertainty
                                  0.000000   19.750002   clock reconvergence pessimism
                                 -4.000000   15.750001   output external delay
                                             15.750001   data required time
---------------------------------------------------------------------------------------------
                                             15.750001   data required time
                                             -6.403653   data arrival time
---------------------------------------------------------------------------------------------
                                              9.346348   slack (MET)


Startpoint: A[1] (input port clocked by __VIRTUAL_CLK__)
Endpoint: y[8] (output port clocked by __VIRTUAL_CLK__)
Path Group: __VIRTUAL_CLK__
Path Type: max

Fanout         Cap        Slew       Delay        Time   Description
---------------------------------------------------------------------------------------------
                      0.000000    0.000000    0.000000   clock __VIRTUAL_CLK__ (rise edge)
                                  0.000000    0.000000   clock network delay (ideal)
                                  4.000000    4.000000 v input external delay
     4    0.018707    0.043560    0.031562    4.031562 v A[1] (in)
                                                         A[1] (net)
                      0.043560    0.000000    4.031562 v _456_/A (sky130_fd_sc_hd__xnor2_2)
     9    0.025842    0.135362    0.209377    4.240939 v _456_/Y (sky130_fd_sc_hd__xnor2_2)
                                                         _026_ (net)
                      0.135362    0.000000    4.240939 v _470_/A3 (sky130_fd_sc_hd__a31o_2)
     2    0.006222    0.046922    0.302120    4.543059 v _470_/X (sky130_fd_sc_hd__a31o_2)
                                                         _039_ (net)
                      0.046922    0.000000    4.543059 v _482_/A2 (sky130_fd_sc_hd__a21o_2)
     3    0.009046    0.050485    0.237257    4.780316 v _482_/X (sky130_fd_sc_hd__a21o_2)
                                                         _050_ (net)
                      0.050485    0.000000    4.780316 v _496_/A2 (sky130_fd_sc_hd__a211o_2)
     3    0.010591    0.070465    0.375408    5.155724 v _496_/X (sky130_fd_sc_hd__a211o_2)
                                                         _063_ (net)
                      0.070465    0.000000    5.155724 v _523_/A2 (sky130_fd_sc_hd__a31o_2)
     2    0.005682    0.045557    0.257945    5.413669 v _523_/X (sky130_fd_sc_hd__a31o_2)
                                                         _088_ (net)
                      0.045557    0.000000    5.413669 v _553_/A1 (sky130_fd_sc_hd__a21oi_2)
     2    0.009460    0.151305    0.169577    5.583246 ^ _553_/Y (sky130_fd_sc_hd__a21oi_2)
                                                         _116_ (net)
                      0.151305    0.000000    5.583246 ^ _554_/A2 (sky130_fd_sc_hd__o21ai_2)
     1    0.008077    0.113960    0.086841    5.670086 v _554_/Y (sky130_fd_sc_hd__o21ai_2)
                                                         _117_ (net)
                      0.113960    0.000000    5.670086 v _555_/B (sky130_fd_sc_hd__xnor2_2)
     1    0.004124    0.048875    0.161097    5.831183 v _555_/Y (sky130_fd_sc_hd__xnor2_2)
                                                         _118_ (net)
                      0.048875    0.000000    5.831183 v _558_/A2 (sky130_fd_sc_hd__o21ai_2)
     1    0.033442    0.399373    0.346594    6.177777 ^ _558_/Y (sky130_fd_sc_hd__o21ai_2)
                                                         y[8] (net)
                      0.399373    0.000000    6.177777 ^ y[8] (out)
                                              6.177777   data arrival time

                      0.000000   20.000000   20.000000   clock __VIRTUAL_CLK__ (rise edge)
                                  0.000000   20.000000   clock network delay (ideal)
                                 -0.250000   19.750002   clock uncertainty
                                  0.000000   19.750002   clock reconvergence pessimism
                                 -4.000000   15.750001   output external delay
                                             15.750001   data required time
---------------------------------------------------------------------------------------------
                                             15.750001   data required time
                                             -6.177777   data arrival time
---------------------------------------------------------------------------------------------
                                              9.572225   slack (MET)


Startpoint: B[0] (input port clocked by __VIRTUAL_CLK__)
Endpoint: y[4] (output port clocked by __VIRTUAL_CLK__)
Path Group: __VIRTUAL_CLK__
Path Type: max

Fanout         Cap        Slew       Delay        Time   Description
---------------------------------------------------------------------------------------------
                      0.000000    0.000000    0.000000   clock __VIRTUAL_CLK__ (rise edge)
                                  0.000000    0.000000   clock network delay (ideal)
                                  4.000000    4.000000 ^ input external delay
     6    0.033773    0.159188    0.113880    4.113880 ^ B[0] (in)
                                                         B[0] (net)
                      0.159188    0.000000    4.113880 ^ _438_/B (sky130_fd_sc_hd__xor2_2)
     2    0.007185    0.140198    0.181251    4.295131 ^ _438_/X (sky130_fd_sc_hd__xor2_2)
                                                         _009_ (net)
                      0.140198    0.000000    4.295131 ^ _440_/B (sky130_fd_sc_hd__nand2_2)
     4    0.008127    0.052596    0.085661    4.380792 v _440_/Y (sky130_fd_sc_hd__nand2_2)
                                                         _011_ (net)
                      0.052596    0.000000    4.380792 v _497_/A (sky130_fd_sc_hd__or4_2)
     2    0.003630    0.103864    0.693735    5.074527 v _497_/X (sky130_fd_sc_hd__or4_2)
                                                         _064_ (net)
                      0.103864    0.000000    5.074527 v _500_/A (sky130_fd_sc_hd__and2_2)
     3    0.011052    0.057096    0.226501    5.301028 v _500_/X (sky130_fd_sc_hd__and2_2)
                                                         _067_ (net)
                      0.057096    0.000000    5.301028 v _501_/B (sky130_fd_sc_hd__nand2_2)
     1    0.004522    0.085540    0.071433    5.372461 ^ _501_/Y (sky130_fd_sc_hd__nand2_2)
                                                         _068_ (net)
                      0.085540    0.000000    5.372461 ^ _502_/B1 (sky130_fd_sc_hd__o21ai_2)
     1    0.008077    0.113960    0.075311    5.447772 v _502_/Y (sky130_fd_sc_hd__o21ai_2)
                                                         _069_ (net)
                      0.113960    0.000000    5.447772 v _503_/B (sky130_fd_sc_hd__xnor2_2)
     1    0.004124    0.075954    0.161097    5.608869 v _503_/Y (sky130_fd_sc_hd__xnor2_2)
                                                         _070_ (net)
                      0.075954    0.000000    5.608869 v _506_/A2 (sky130_fd_sc_hd__o21ai_2)
     1    0.033442    0.399373    0.357620    5.966489 ^ _506_/Y (sky130_fd_sc_hd__o21ai_2)
                                                         y[4] (net)
                      0.399373    0.000000    5.966489 ^ y[4] (out)
                                              5.966489   data arrival time

                      0.000000   20.000000   20.000000   clock __VIRTUAL_CLK__ (rise edge)
                                  0.000000   20.000000   clock network delay (ideal)
                                 -0.250000   19.750002   clock uncertainty
                                  0.000000   19.750002   clock reconvergence pessimism
                                 -4.000000   15.750001   output external delay
                                             15.750001   data required time
---------------------------------------------------------------------------------------------
                                             15.750001   data required time
                                             -5.966489   data arrival time
---------------------------------------------------------------------------------------------
                                              9.783512   slack (MET)


Startpoint: opCode[0] (input port clocked by __VIRTUAL_CLK__)
Endpoint: y[3] (output port clocked by __VIRTUAL_CLK__)
Path Group: __VIRTUAL_CLK__
Path Type: max

Fanout         Cap        Slew       Delay        Time   Description
---------------------------------------------------------------------------------------------
                      0.000000    0.000000    0.000000   clock __VIRTUAL_CLK__ (rise edge)
                                  0.000000    0.000000   clock network delay (ideal)
                                  4.000000    4.000000 ^ input external delay
     9    0.023186    0.111747    0.079194    4.079194 ^ opCode[0] (in)
                                                         opCode[0] (net)
                      0.111747    0.000000    4.079194 ^ _442_/C_N (sky130_fd_sc_hd__or3b_2)
    35    0.100501    0.307682    0.773928    4.853122 v _442_/X (sky130_fd_sc_hd__or3b_2)
                                                         _013_ (net)
                      0.307682    0.000000    4.853122 v _485_/A1 (sky130_fd_sc_hd__o31a_2)
     1    0.007837    0.065413    0.473224    5.326346 v _485_/X (sky130_fd_sc_hd__o31a_2)
                                                         _053_ (net)
                      0.065413    0.000000    5.326346 v _486_/B (sky130_fd_sc_hd__xor2_2)
     1    0.004124    0.051827    0.152982    5.479327 v _486_/X (sky130_fd_sc_hd__xor2_2)
                                                         _054_ (net)
                      0.051827    0.000000    5.479327 v _489_/A2 (sky130_fd_sc_hd__o21ai_2)
     1    0.033442    0.399373    0.347755    5.827082 ^ _489_/Y (sky130_fd_sc_hd__o21ai_2)
                                                         y[3] (net)
                      0.399373    0.000000    5.827082 ^ y[3] (out)
                                              5.827082   data arrival time

                      0.000000   20.000000   20.000000   clock __VIRTUAL_CLK__ (rise edge)
                                  0.000000   20.000000   clock network delay (ideal)
                                 -0.250000   19.750002   clock uncertainty
                                  0.000000   19.750002   clock reconvergence pessimism
                                 -4.000000   15.750001   output external delay
                                             15.750001   data required time
---------------------------------------------------------------------------------------------
                                             15.750001   data required time
                                             -5.827082   data arrival time
---------------------------------------------------------------------------------------------
                                              9.922918   slack (MET)


Startpoint: opCode[0] (input port clocked by __VIRTUAL_CLK__)
Endpoint: y[1] (output port clocked by __VIRTUAL_CLK__)
Path Group: __VIRTUAL_CLK__
Path Type: max

Fanout         Cap        Slew       Delay        Time   Description
---------------------------------------------------------------------------------------------
                      0.000000    0.000000    0.000000   clock __VIRTUAL_CLK__ (rise edge)
                                  0.000000    0.000000   clock network delay (ideal)
                                  4.000000    4.000000 ^ input external delay
     9    0.023186    0.111747    0.079194    4.079194 ^ opCode[0] (in)
                                                         opCode[0] (net)
                      0.111747    0.000000    4.079194 ^ _442_/C_N (sky130_fd_sc_hd__or3b_2)
    35    0.100501    0.307682    0.773928    4.853122 v _442_/X (sky130_fd_sc_hd__or3b_2)
                                                         _013_ (net)
                      0.307682    0.000000    4.853122 v _457_/B1 (sky130_fd_sc_hd__a21o_2)
     1    0.004119    0.039243    0.303853    5.156975 v _457_/X (sky130_fd_sc_hd__a21o_2)
                                                         _027_ (net)
                      0.039243    0.000000    5.156975 v _458_/B1 (sky130_fd_sc_hd__a21oi_2)
     1    0.002504    0.077799    0.091636    5.248611 ^ _458_/Y (sky130_fd_sc_hd__a21oi_2)
                                                         _028_ (net)
                      0.077799    0.000000    5.248611 ^ _459_/B1 (sky130_fd_sc_hd__a31o_2)
     1    0.008442    0.073345    0.130617    5.379229 ^ _459_/X (sky130_fd_sc_hd__a31o_2)
                                                         _029_ (net)
                      0.073345    0.000000    5.379229 ^ _460_/B (sky130_fd_sc_hd__xnor2_2)
     1    0.004124    0.077699    0.064076    5.443305 v _460_/Y (sky130_fd_sc_hd__xnor2_2)
                                                         _030_ (net)
                      0.077699    0.000000    5.443305 v _463_/A2 (sky130_fd_sc_hd__o21ai_2)
     1    0.033442    0.399373    0.358335    5.801640 ^ _463_/Y (sky130_fd_sc_hd__o21ai_2)
                                                         y[1] (net)
                      0.399373    0.000000    5.801640 ^ y[1] (out)
                                              5.801640   data arrival time

                      0.000000   20.000000   20.000000   clock __VIRTUAL_CLK__ (rise edge)
                                  0.000000   20.000000   clock network delay (ideal)
                                 -0.250000   19.750002   clock uncertainty
                                  0.000000   19.750002   clock reconvergence pessimism
                                 -4.000000   15.750001   output external delay
                                             15.750001   data required time
---------------------------------------------------------------------------------------------
                                             15.750001   data required time
                                             -5.801640   data arrival time
---------------------------------------------------------------------------------------------
                                              9.948360   slack (MET)


Startpoint: opCode[0] (input port clocked by __VIRTUAL_CLK__)
Endpoint: y[2] (output port clocked by __VIRTUAL_CLK__)
Path Group: __VIRTUAL_CLK__
Path Type: max

Fanout         Cap        Slew       Delay        Time   Description
---------------------------------------------------------------------------------------------
                      0.000000    0.000000    0.000000   clock __VIRTUAL_CLK__ (rise edge)
                                  0.000000    0.000000   clock network delay (ideal)
                                  4.000000    4.000000 ^ input external delay
     9    0.023186    0.111747    0.079194    4.079194 ^ opCode[0] (in)
                                                         opCode[0] (net)
                      0.111747    0.000000    4.079194 ^ _442_/C_N (sky130_fd_sc_hd__or3b_2)
    35    0.100501    0.307682    0.773928    4.853122 v _442_/X (sky130_fd_sc_hd__or3b_2)
                                                         _013_ (net)
                      0.307682    0.000000    4.853122 v _471_/C1 (sky130_fd_sc_hd__a311oi_2)
     1    0.002504    0.184472    0.281262    5.134384 ^ _471_/Y (sky130_fd_sc_hd__a311oi_2)
                                                         _040_ (net)
                      0.184472    0.000000    5.134384 ^ _472_/B1 (sky130_fd_sc_hd__a31o_2)
     1    0.008442    0.073928    0.162217    5.296601 ^ _472_/X (sky130_fd_sc_hd__a31o_2)
                                                         _041_ (net)
                      0.073928    0.000000    5.296601 ^ _473_/B (sky130_fd_sc_hd__xnor2_2)
     1    0.004124    0.065788    0.064201    5.360803 v _473_/Y (sky130_fd_sc_hd__xnor2_2)
                                                         _042_ (net)
                      0.065788    0.000000    5.360803 v _476_/A2 (sky130_fd_sc_hd__o21ai_2)
     1    0.033442    0.399373    0.353454    5.714257 ^ _476_/Y (sky130_fd_sc_hd__o21ai_2)
                                                         y[2] (net)
                      0.399373    0.000000    5.714257 ^ y[2] (out)
                                              5.714257   data arrival time

                      0.000000   20.000000   20.000000   clock __VIRTUAL_CLK__ (rise edge)
                                  0.000000   20.000000   clock network delay (ideal)
                                 -0.250000   19.750002   clock uncertainty
                                  0.000000   19.750002   clock reconvergence pessimism
                                 -4.000000   15.750001   output external delay
                                             15.750001   data required time
---------------------------------------------------------------------------------------------
                                             15.750001   data required time
                                             -5.714257   data arrival time
---------------------------------------------------------------------------------------------
                                             10.035744   slack (MET)


Startpoint: opCode[2] (input port clocked by __VIRTUAL_CLK__)
Endpoint: y[0] (output port clocked by __VIRTUAL_CLK__)
Path Group: __VIRTUAL_CLK__
Path Type: max

Fanout         Cap        Slew       Delay        Time   Description
---------------------------------------------------------------------------------------------
                      0.000000    0.000000    0.000000   clock __VIRTUAL_CLK__ (rise edge)
                                  0.000000    0.000000   clock network delay (ideal)
                                  4.000000    4.000000 ^ input external delay
    11    0.025856    0.123711    0.087941    4.087941 ^ opCode[2] (in)
                                                         opCode[2] (net)
                      0.123711    0.000000    4.087941 ^ _447_/C_N (sky130_fd_sc_hd__or3b_2)
    30    0.080126    0.265538    0.729155    4.817096 v _447_/X (sky130_fd_sc_hd__or3b_2)
                                                         _018_ (net)
                      0.265538    0.000000    4.817096 v _453_/A2 (sky130_fd_sc_hd__o221a_2)
     1    0.001290    0.038189    0.359020    5.176116 v _453_/X (sky130_fd_sc_hd__o221a_2)
                                                         _024_ (net)
                      0.038189    0.000000    5.176116 v _454_/B1_N (sky130_fd_sc_hd__a21bo_2)
     1    0.033442    0.186428    0.305919    5.482035 ^ _454_/X (sky130_fd_sc_hd__a21bo_2)
                                                         y[0] (net)
                      0.186428    0.000000    5.482035 ^ y[0] (out)
                                              5.482035   data arrival time

                      0.000000   20.000000   20.000000   clock __VIRTUAL_CLK__ (rise edge)
                                  0.000000   20.000000   clock network delay (ideal)
                                 -0.250000   19.750002   clock uncertainty
                                  0.000000   19.750002   clock reconvergence pessimism
                                 -4.000000   15.750001   output external delay
                                             15.750001   data required time
---------------------------------------------------------------------------------------------
                                             15.750001   data required time
                                             -5.482035   data arrival time
---------------------------------------------------------------------------------------------
                                             10.267966   slack (MET)



%OL_END_REPORT
%OL_CREATE_REPORT checks.rpt

===========================================================================
report_checks -unconstrained
===========================================================================
======================= nom_tt_025C_1v80 Corner ===================================

Startpoint: A[4] (input port clocked by __VIRTUAL_CLK__)
Endpoint: y[25] (output port clocked by __VIRTUAL_CLK__)
Path Group: __VIRTUAL_CLK__
Path Type: max

Fanout         Cap        Slew       Delay        Time   Description
---------------------------------------------------------------------------------------------
                      0.000000    0.000000    0.000000   clock __VIRTUAL_CLK__ (rise edge)
                                  0.000000    0.000000   clock network delay (ideal)
                                  4.000000    4.000000 v input external delay
     4    0.021492    0.049500    0.036196    4.036196 v A[4] (in)
                                                         A[4] (net)
                      0.049500    0.000000    4.036196 v _491_/A (sky130_fd_sc_hd__xnor2_2)
     7    0.025016    0.131988    0.209245    4.245441 v _491_/Y (sky130_fd_sc_hd__xnor2_2)
                                                         _058_ (net)
                      0.131988    0.000000    4.245441 v _546_/A (sky130_fd_sc_hd__or4_2)
     2    0.005468    0.112553    0.734423    4.979865 v _546_/X (sky130_fd_sc_hd__or4_2)
                                                         _109_ (net)
                      0.112553    0.000000    4.979865 v _658_/A (sky130_fd_sc_hd__or4_2)
     2    0.004550    0.108627    0.721558    5.701423 v _658_/X (sky130_fd_sc_hd__or4_2)
                                                         _213_ (net)
                      0.108627    0.000000    5.701423 v _660_/B1 (sky130_fd_sc_hd__o221a_2)
     3    0.008819    0.060639    0.303122    6.004545 v _660_/X (sky130_fd_sc_hd__o221a_2)
                                                         _215_ (net)
                      0.060639    0.000000    6.004545 v _688_/A1 (sky130_fd_sc_hd__a21o_2)
     4    0.010184    0.053284    0.223074    6.227619 v _688_/X (sky130_fd_sc_hd__a21o_2)
                                                         _241_ (net)
                      0.053284    0.000000    6.227619 v _778_/A2 (sky130_fd_sc_hd__o41a_2)
     3    0.007878    0.079481    0.510318    6.737936 v _778_/X (sky130_fd_sc_hd__o41a_2)
                                                         _325_ (net)
                      0.079481    0.000000    6.737936 v _789_/B (sky130_fd_sc_hd__or2_2)
     2    0.003616    0.058067    0.298445    7.036381 v _789_/X (sky130_fd_sc_hd__or2_2)
                                                         _335_ (net)
                      0.058067    0.000000    7.036381 v _790_/C (sky130_fd_sc_hd__and3_2)
     2    0.006133    0.047373    0.231424    7.267805 v _790_/X (sky130_fd_sc_hd__and3_2)
                                                         _336_ (net)
                      0.047373    0.000000    7.267805 v _793_/B (sky130_fd_sc_hd__or3_2)
     1    0.004337    0.083959    0.474784    7.742589 v _793_/X (sky130_fd_sc_hd__or3_2)
                                                         _339_ (net)
                      0.083959    0.000000    7.742589 v _795_/B (sky130_fd_sc_hd__nand3_2)
     1    0.004518    0.053326    0.089356    7.831945 ^ _795_/Y (sky130_fd_sc_hd__nand3_2)
                                                         _341_ (net)
                      0.053326    0.000000    7.831945 ^ _797_/B1 (sky130_fd_sc_hd__o211ai_2)
     1    0.033442    0.247620    0.216825    8.048770 v _797_/Y (sky130_fd_sc_hd__o211ai_2)
                                                         y[25] (net)
                      0.247620    0.000000    8.048770 v y[25] (out)
                                              8.048770   data arrival time

                      0.000000   20.000000   20.000000   clock __VIRTUAL_CLK__ (rise edge)
                                  0.000000   20.000000   clock network delay (ideal)
                                 -0.250000   19.750002   clock uncertainty
                                  0.000000   19.750002   clock reconvergence pessimism
                                 -4.000000   15.750001   output external delay
                                             15.750001   data required time
---------------------------------------------------------------------------------------------
                                             15.750001   data required time
                                             -8.048770   data arrival time
---------------------------------------------------------------------------------------------
                                              7.701231   slack (MET)




===========================================================================
report_checks --slack_max -0.01
============================================================================
======================= nom_tt_025C_1v80 Corner ===================================

No paths found.


===========================================================================
 report_check_types -max_slew -max_cap -max_fanout -violators
============================================================================
======================= nom_tt_025C_1v80 Corner ===================================

max slew

Pin                                        Limit        Slew       Slack
------------------------------------------------------------------------
_441_/Y                                 0.750000    1.074469   -0.324469 (VIOLATED)
_524_/A                                 0.750000    1.074469   -0.324469 (VIOLATED)
_526_/A1                                0.750000    1.074469   -0.324469 (VIOLATED)
_533_/C1                                0.750000    1.074469   -0.324469 (VIOLATED)
_562_/B1                                0.750000    1.074469   -0.324469 (VIOLATED)
_592_/A1                                0.750000    1.074469   -0.324469 (VIOLATED)
_619_/A1                                0.750000    1.074469   -0.324469 (VIOLATED)
_632_/A1                                0.750000    1.074469   -0.324469 (VIOLATED)
_648_/A1                                0.750000    1.074469   -0.324469 (VIOLATED)
_666_/S                                 0.750000    1.074469   -0.324469 (VIOLATED)
_673_/B1                                0.750000    1.074469   -0.324469 (VIOLATED)
_677_/A1                                0.750000    1.074469   -0.324469 (VIOLATED)
_689_/B1                                0.750000    1.074469   -0.324469 (VIOLATED)
_708_/A1                                0.750000    1.074469   -0.324469 (VIOLATED)
_717_/A                                 0.750000    1.074469   -0.324469 (VIOLATED)
_722_/A1                                0.750000    1.074469   -0.324469 (VIOLATED)
_733_/A1                                0.750000    1.074469   -0.324469 (VIOLATED)
_748_/A1                                0.750000    1.074469   -0.324469 (VIOLATED)
_762_/A1                                0.750000    1.074469   -0.324469 (VIOLATED)
_842_/S                                 0.750000    1.074469   -0.324469 (VIOLATED)
_852_/C1                                0.750000    1.074469   -0.324469 (VIOLATED)
_867_/S                                 0.750000    1.074469   -0.324469 (VIOLATED)
_881_/A                                 0.750000    1.074469   -0.324469 (VIOLATED)
_890_/A1                                0.750000    1.074469   -0.324469 (VIOLATED)

max fanout

Pin                                   Limit Fanout  Slack
---------------------------------------------------------
_442_/X                                  10     35    -25 (VIOLATED)
_447_/X                                  10     30    -20 (VIOLATED)
_449_/X                                  10     26    -16 (VIOLATED)
_441_/Y                                  10     23    -13 (VIOLATED)
_450_/X                                  10     20    -10 (VIOLATED)
_443_/X                                  10     19     -9 (VIOLATED)
_444_/Y                                  10     13     -3 (VIOLATED)
_451_/Y                                  10     12     -2 (VIOLATED)
opCode[1]                                10     11        (VIOLATED)
opCode[2]                                10     11        (VIOLATED)



===========================================================================
report_parasitic_annotation -report_unannotated
============================================================================
Found 532 unannotated drivers.
 A[0]
 A[10]
 A[11]
 A[12]
 A[13]
 A[14]
 A[15]
 A[16]
 A[17]
 A[18]
 A[19]
 A[1]
 A[20]
 A[21]
 A[22]
 A[23]
 A[24]
 A[25]
 A[26]
 A[27]
 A[28]
 A[29]
 A[2]
 A[30]
 A[31]
 A[3]
 A[4]
 A[5]
 A[6]
 A[7]
 A[8]
 A[9]
 B[0]
 B[10]
 B[11]
 B[12]
 B[13]
 B[14]
 B[15]
 B[16]
 B[17]
 B[18]
 B[19]
 B[1]
 B[20]
 B[21]
 B[22]
 B[23]
 B[24]
 B[25]
 B[26]
 B[27]
 B[28]
 B[29]
 B[2]
 B[30]
 B[31]
 B[3]
 B[4]
 B[5]
 B[6]
 B[7]
 B[8]
 B[9]
 opCode[0]
 opCode[1]
 opCode[2]
 statusIn[0]
 statusIn[1]
 statusIn[2]
 _429_/Y
 _430_/Y
 _431_/Y
 _432_/Y
 _433_/Y
 _434_/Y
 _435_/Y
 _436_/Y
 _437_/Y
 _438_/X
 _439_/Y
 _440_/Y
 _441_/Y
 _442_/X
 _443_/X
 _444_/Y
 _445_/X
 _446_/Y
 _447_/X
 _448_/Y
 _449_/X
 _450_/X
 _451_/Y
 _452_/Y
 _453_/X
 _454_/X
 _455_/Y
 _456_/Y
 _457_/X
 _458_/Y
 _459_/X
 _460_/Y
 _461_/Y
 _462_/X
 _463_/Y
 _464_/Y
 _465_/Y
 _466_/Y
 _467_/X
 _468_/X
 _469_/X
 _470_/X
 _471_/Y
 _472_/X
 _473_/Y
 _474_/X
 _475_/X
 _476_/Y
 _477_/Y
 _478_/Y
 _479_/Y
 _480_/X
 _481_/X
 _482_/X
 _483_/X
 _484_/Y
 _485_/X
 _486_/X
 _487_/X
 _488_/X
 _489_/Y
 _490_/Y
 _491_/Y
 _492_/X
 _493_/Y
 _494_/X
 _495_/Y
 _496_/X
 _497_/X
 _498_/X
 _499_/X
 _500_/X
 _501_/Y
 _502_/Y
 _503_/Y
 _504_/Y
 _505_/X
 _506_/Y
 _507_/Y
 _508_/Y
 _509_/Y
 _510_/Y
 _511_/Y
 _512_/X
 _513_/X
 _514_/X
 _515_/X
 _516_/X
 _517_/Y
 _518_/Y
 _519_/Y
 _520_/Y
 _521_/X
 _522_/X
 _523_/X
 _524_/X
 _525_/X
 _526_/X
 _527_/Y
 _528_/Y
 _529_/X
 _530_/Y
 _531_/Y
 _532_/Y
 _533_/X
 _534_/Y
 _535_/X
 _536_/Y
 _537_/Y
 _538_/X
 _539_/Y
 _540_/Y
 _541_/Y
 _542_/Y
 _543_/X
 _544_/X
 _545_/X
 _546_/X
 _547_/Y
 _548_/Y
 _549_/X
 _550_/X
 _551_/X
 _552_/Y
 _553_/Y
 _554_/Y
 _555_/Y
 _556_/Y
 _557_/X
 _558_/Y
 _559_/Y
 _560_/Y
 _561_/X
 _562_/X
 _563_/Y
 _564_/X
 _565_/X
 _566_/X
 _567_/Y
 _568_/X
 _569_/Y
 _570_/Y
 _571_/Y
 _572_/X
 _573_/Y
 _574_/Y
 _575_/X
 _576_/X
 _577_/X
 _578_/X
 _579_/X
 _580_/Y
 _581_/X
 _582_/Y
 _583_/Y
 _584_/Y
 _585_/Y
 _586_/Y
 _587_/X
 _588_/X
 _589_/X
 _590_/X
 _591_/Y
 _592_/X
 _593_/Y
 _594_/X
 _595_/X
 _596_/Y
 _597_/Y
 _598_/Y
 _599_/Y
 _600_/Y
 _601_/X
 _602_/Y
 _603_/X
 _604_/Y
 _605_/Y
 _606_/X
 _607_/X
 _608_/X
 _609_/X
 _610_/X
 _611_/Y
 _612_/X
 _613_/Y
 _614_/Y
 _615_/Y
 _616_/Y
 _617_/Y
 _618_/X
 _619_/X
 _620_/Y
 _621_/Y
 _622_/X
 _623_/Y
 _624_/Y
 _625_/Y
 _626_/X
 _627_/X
 _628_/Y
 _629_/Y
 _630_/X
 _631_/X
 _632_/X
 _633_/Y
 _634_/Y
 _635_/X
 _636_/Y
 _637_/X
 _638_/X
 _639_/Y
 _640_/Y
 _641_/Y
 _642_/X
 _643_/Y
 _644_/Y
 _645_/Y
 _646_/Y
 _647_/X
 _648_/X
 _649_/Y
 _650_/Y
 _651_/X
 _652_/X
 _653_/X
 _654_/Y
 _655_/X
 _656_/X
 _657_/X
 _658_/X
 _659_/Y
 _660_/X
 _661_/X
 _662_/Y
 _663_/X
 _664_/Y
 _665_/X
 _666_/X
 _667_/X
 _668_/Y
 _669_/X
 _670_/X
 _671_/X
 _672_/X
 _673_/Y
 _674_/X
 _675_/Y
 _676_/Y
 _677_/X
 _678_/Y
 _679_/X
 _680_/X
 _681_/X
 _682_/X
 _683_/Y
 _684_/X
 _685_/X
 _686_/X
 _687_/Y
 _688_/X
 _689_/Y
 _690_/Y
 _691_/X
 _692_/Y
 _693_/Y
 _694_/X
 _695_/X
 _696_/X
 _697_/Y
 _698_/X
 _699_/Y
 _700_/X
 _701_/X
 _702_/Y
 _703_/X
 _704_/X
 _705_/X
 _706_/X
 _707_/Y
 _708_/X
 _709_/Y
 _710_/Y
 _711_/X
 _712_/X
 _713_/Y
 _714_/Y
 _715_/Y
 _716_/X
 _717_/Y
 _718_/X
 _719_/X
 _720_/X
 _721_/X
 _722_/X
 _723_/X
 _724_/Y
 _725_/X
 _726_/Y
 _727_/Y
 _728_/X
 _729_/Y
 _730_/X
 _731_/X
 _732_/Y
 _733_/X
 _734_/Y
 _735_/Y
 _736_/X
 _737_/Y
 _738_/X
 _739_/X
 _740_/Y
 _741_/X
 _742_/X
 _743_/X
 _744_/Y
 _745_/X
 _746_/Y
 _747_/X
 _748_/Y
 _749_/Y
 _750_/Y
 _751_/X
 _752_/X
 _753_/Y
 _754_/X
 _755_/Y
 _756_/X
 _757_/X
 _758_/X
 _759_/X
 _760_/Y
 _761_/X
 _762_/X
 _763_/X
 _764_/Y
 _765_/X
 _766_/Y
 _767_/X
 _768_/Y
 _769_/Y
 _770_/X
 _771_/X
 _772_/X
 _773_/X
 _774_/X
 _775_/Y
 _776_/X
 _777_/X
 _778_/X
 _779_/Y
 _780_/X
 _781_/X
 _782_/Y
 _783_/X
 _784_/Y
 _785_/Y
 _786_/Y
 _787_/X
 _788_/Y
 _789_/X
 _790_/X
 _791_/X
 _792_/Y
 _793_/X
 _794_/Y
 _795_/Y
 _796_/X
 _797_/Y
 _798_/Y
 _799_/Y
 _800_/Y
 _801_/X
 _802_/X
 _803_/Y
 _804_/X
 _805_/X
 _806_/X
 _807_/Y
 _808_/Y
 _809_/X
 _810_/Y
 _811_/Y
 _812_/Y
 _813_/X
 _814_/Y
 _815_/X
 _816_/X
 _817_/X
 _818_/Y
 _819_/X
 _820_/X
 _821_/X
 _822_/Y
 _823_/X
 _824_/Y
 _825_/X
 _826_/X
 _827_/Y
 _828_/X
 _829_/Y
 _830_/Y
 _831_/X
 _832_/X
 _833_/X
 _834_/X
 _835_/X
 _836_/X
 _837_/X
 _838_/X
 _839_/X
 _840_/X
 _841_/Y
 _842_/X
 _843_/Y
 _844_/X
 _845_/X
 _846_/Y
 _847_/Y
 _848_/X
 _849_/Y
 _850_/X
 _851_/X
 _852_/X
 _853_/Y
 _854_/X
 _855_/Y
 _856_/X
 _857_/X
 _858_/Y
 _859_/Y
 _860_/X
 _861_/Y
 _862_/X
 _863_/X
 _864_/Y
 _865_/X
 _866_/X
 _867_/X
 _868_/Y
 _869_/X
 _870_/X
 _871_/Y
 _872_/X
 _873_/Y
 _874_/X
 _875_/Y
 _876_/Y
 _877_/X
 _878_/Y
 _879_/X
 _880_/X
 _881_/X
 _882_/X
 _883_/Y
 _884_/Y
 _885_/X
 _886_/Y
 _887_/Y
 _888_/X
 _889_/Y
 _890_/X
Found 0 partially unannotated drivers.

===========================================================================
max slew violation count 24
%OL_METRIC_I design__max_slew_violation__count__corner:nom_tt_025C_1v80 24
max fanout violation count 10
%OL_METRIC_I design__max_fanout_violation__count__corner:nom_tt_025C_1v80 10
max cap violation count 0
%OL_METRIC_I design__max_cap_violation__count__corner:nom_tt_025C_1v80 0
============================================================================

===========================================================================
check_setup -verbose -unconstrained_endpoints -multiple_clock -no_clock -no_input_delay -loops -generated_clocks
===========================================================================
%OL_END_REPORT
%OL_CREATE_REPORT power.rpt

===========================================================================
 report_power
============================================================================
======================= nom_tt_025C_1v80 Corner ===================================

Group                    Internal    Switching      Leakage        Total
                            Power        Power        Power        Power (Watts)
------------------------------------------------------------------------
Sequential           0.000000e+00 0.000000e+00 0.000000e+00 0.000000e+00   0.0%
Combinational        6.277711e-05 6.453724e-05 1.652412e-09 1.273160e-04 100.0%
Clock                0.000000e+00 0.000000e+00 0.000000e+00 0.000000e+00   0.0%
Macro                0.000000e+00 0.000000e+00 0.000000e+00 0.000000e+00   0.0%
Pad                  0.000000e+00 0.000000e+00 0.000000e+00 0.000000e+00   0.0%
------------------------------------------------------------------------
Total                6.277711e-05 6.453724e-05 1.652412e-09 1.273160e-04 100.0%
                            49.3%        50.7%         0.0%
%OL_METRIC_F power__internal__total 6.277710781432688e-5
%OL_METRIC_F power__switching__total 6.453724199673161e-5
%OL_METRIC_F power__leakage__total 1.652411540931098e-9
%OL_METRIC_F power__total 0.00012731601600535214

%OL_END_REPORT
%OL_CREATE_REPORT skew.min.rpt

===========================================================================
Clock Skew (Hold)
============================================================================
%OL_METRIC_F clock__skew__worst_hold__corner:nom_tt_025C_1v80 0.0
======================= nom_tt_025C_1v80 Corner ===================================

Clock __VIRTUAL_CLK__
No launch/capture paths found.

%OL_END_REPORT
%OL_CREATE_REPORT skew.max.rpt

===========================================================================
Clock Skew (Setup)
============================================================================
%OL_METRIC_F clock__skew__worst_setup__corner:nom_tt_025C_1v80 0.0
======================= nom_tt_025C_1v80 Corner ===================================

Clock __VIRTUAL_CLK__
No launch/capture paths found.

%OL_END_REPORT
%OL_CREATE_REPORT ws.min.rpt

===========================================================================
Worst Slack (Hold)
============================================================================
%OL_METRIC_F timing__hold__ws__corner:nom_tt_025C_1v80 7.968745888705246
nom_tt_025C_1v80: 7.968745888705246
%OL_END_REPORT
%OL_CREATE_REPORT ws.max.rpt

===========================================================================
Worst Slack (Setup)
============================================================================
%OL_METRIC_F timing__setup__ws__corner:nom_tt_025C_1v80 7.701230982017828
nom_tt_025C_1v80: 7.701230982017828
%OL_END_REPORT
%OL_CREATE_REPORT tns.min.rpt

===========================================================================
Total Negative Slack (Hold)
============================================================================
%OL_METRIC_F timing__hold__tns__corner:nom_tt_025C_1v80 0.0
nom_tt_025C_1v80: 0.0
%OL_END_REPORT
%OL_CREATE_REPORT tns.max.rpt

===========================================================================
Total Negative Slack (Setup)
============================================================================
%OL_METRIC_F timing__setup__tns__corner:nom_tt_025C_1v80 0.0
nom_tt_025C_1v80: 0.0
%OL_END_REPORT
%OL_CREATE_REPORT wns.min.rpt

===========================================================================
Worst Negative Slack (Hold)
============================================================================
%OL_METRIC_F timing__hold__wns__corner:nom_tt_025C_1v80 0
nom_tt_025C_1v80: 0
%OL_END_REPORT
%OL_CREATE_REPORT wns.max.rpt

===========================================================================
Worst Negative Slack (Setup)
============================================================================
%OL_METRIC_F timing__setup__wns__corner:nom_tt_025C_1v80 0.0
nom_tt_025C_1v80: 0.0
%OL_END_REPORT
%OL_CREATE_REPORT violator_list.rpt

===========================================================================
Violator List
============================================================================
%OL_METRIC_I timing__hold_vio__count__corner:nom_tt_025C_1v80 0
%OL_METRIC_F timing__hold_r2r__ws__corner:nom_tt_025C_1v80 inf
%OL_METRIC_I timing__hold_r2r_vio__count__corner:nom_tt_025C_1v80 0
%OL_METRIC_I timing__setup_vio__count__corner:nom_tt_025C_1v80 0
%OL_METRIC_F timing__setup_r2r__ws__corner:nom_tt_025C_1v80 inf
%OL_METRIC_I timing__setup_r2r_vio__count__corner:nom_tt_025C_1v80 0
%OL_END_REPORT
%OL_CREATE_REPORT unpropagated.rpt
__VIRTUAL_CLK__
%OL_END_REPORT
%OL_CREATE_REPORT clock.rpt
Clock: __VIRTUAL_CLK__
Sources: 
Generated: no
Virtual: yes
Propagated: no
Period: 20.000000

===========================================================================
report_clock_properties
============================================================================
Clock                   Period          Waveform
----------------------------------------------------
__VIRTUAL_CLK__      20.000000    0.000000 10.000000

===========================================================================
report_clock_latency
============================================================================
Clock __VIRTUAL_CLK__


===========================================================================
report_clock_min_period
============================================================================
__VIRTUAL_CLK__ period_min = 0.00 fmax = inf
%OL_END_REPORT
Writing SDF files for all corners…
