Instance,Terminal,Layer,X location,Y location,Voltage
FILLER_39_237,VPWR,li1,114.7700,116.9600,1.799890
FILLER_39_234,VPWR,li1,113.8500,116.9600,1.799890
FILLER_39_231,VPWR,li1,112.4700,116.9600,1.799890
FILLER_39_228,VPWR,li1,111.0900,116.9600,1.799890
FILLER_39_225,VPWR,li1,109.7100,116.9600,1.799890
FILLER_39_221,VPWR,li1,107.8700,116.9600,1.799890
FILLER_39_218,VPWR,li1,106.4900,116.9600,1.799890
FILLER_39_215,VPWR,li1,105.1100,116.9600,1.799890
FILLER_39_212,VPWR,li1,103.7300,116.9600,1.799890
FILLER_39_209,VPWR,li1,102.3500,116.9600,1.799890
FILLER_39_206,VPWR,li1,100.9700,116.9600,1.799890
FILLER_39_203,VPWR,li1,99.5900,116.9600,1.799890
FILLER_39_200,VPWR,li1,98.2100,116.9600,1.799890
FILLER_39_197,VPWR,li1,96.8300,116.9600,1.799890
FILLER_39_193,VPWR,li1,94.9900,116.9600,1.799890
FILLER_39_190,VPWR,li1,93.6100,116.9600,1.799890
FILLER_39_187,VPWR,li1,92.2300,116.9600,1.799890
FILLER_39_184,VPWR,li1,90.8500,116.9600,1.799890
FILLER_39_181,VPWR,li1,89.4700,116.9600,1.799890
FILLER_39_178,VPWR,li1,88.0900,116.9600,1.799890
FILLER_39_175,VPWR,li1,86.7100,116.9600,1.799890
FILLER_39_172,VPWR,li1,85.3300,116.9600,1.799890
FILLER_39_169,VPWR,li1,83.9500,116.9600,1.799890
FILLER_39_167,VPWR,li1,82.5700,116.9600,1.799890
FILLER_39_156,VPWR,li1,77.9700,116.9600,1.799890
FILLER_39_153,VPWR,li1,76.5900,116.9600,1.799890
FILLER_39_150,VPWR,li1,75.2100,116.9600,1.799890
FILLER_39_147,VPWR,li1,73.8300,116.9600,1.799890
FILLER_39_144,VPWR,li1,72.4500,116.9600,1.799891
FILLER_39_141,VPWR,li1,71.0700,116.9600,1.799891
FILLER_39_139,VPWR,li1,69.6900,116.9600,1.799891
FILLER_39_113,VPWR,li1,57.9600,116.9600,1.799894
FILLER_39_102,VPWR,li1,52.6700,116.9600,1.799897
FILLER_39_85,VPWR,li1,45.3100,116.9600,1.799912
FILLER_39_57,VPWR,li1,32.2000,116.9600,1.799942
FILLER_39_50,VPWR,li1,28.7500,116.9600,1.799949
FILLER_39_47,VPWR,li1,27.8300,116.9600,1.799956
FILLER_39_44,VPWR,li1,26.4500,116.9600,1.799956
FILLER_39_41,VPWR,li1,25.0700,116.9600,1.799965
FILLER_39_38,VPWR,li1,23.6900,116.9600,1.799965
FILLER_39_35,VPWR,li1,22.3100,116.9600,1.799970
FILLER_39_32,VPWR,li1,20.9300,116.9600,1.799970
FILLER_39_29,VPWR,li1,19.5500,116.9600,1.799970
FILLER_39_27,VPWR,li1,18.1700,116.9600,1.799970
FILLER_39_24,VPWR,li1,17.2500,116.9600,1.799970
FILLER_39_21,VPWR,li1,15.8700,116.9600,1.799970
FILLER_39_18,VPWR,li1,14.4900,116.9600,1.799970
FILLER_39_15,VPWR,li1,13.1100,116.9600,1.799970
FILLER_39_12,VPWR,li1,11.7300,116.9600,1.799970
FILLER_39_9,VPWR,li1,10.3500,116.9600,1.799970
FILLER_39_6,VPWR,li1,8.9700,116.9600,1.799970
FILLER_39_3,VPWR,li1,7.5900,116.9600,1.799970
FILLER_38_236,VPWR,li1,114.5400,116.9600,1.799890
FILLER_38_233,VPWR,li1,113.3900,116.9600,1.799890
FILLER_38_230,VPWR,li1,112.0100,116.9600,1.799890
FILLER_38_227,VPWR,li1,110.6300,116.9600,1.799890
FILLER_38_224,VPWR,li1,109.2500,116.9600,1.799890
FILLER_38_221,VPWR,li1,107.8700,116.9600,1.799890
FILLER_38_218,VPWR,li1,106.4900,116.9600,1.799890
FILLER_38_215,VPWR,li1,105.1100,116.9600,1.799890
FILLER_38_212,VPWR,li1,103.7300,116.9600,1.799890
FILLER_38_209,VPWR,li1,102.3500,116.9600,1.799890
FILLER_38_206,VPWR,li1,100.9700,116.9600,1.799890
FILLER_38_203,VPWR,li1,99.5900,116.9600,1.799890
FILLER_38_200,VPWR,li1,98.2100,116.9600,1.799890
FILLER_38_197,VPWR,li1,96.8300,116.9600,1.799890
FILLER_38_195,VPWR,li1,95.4500,116.9600,1.799890
FILLER_38_192,VPWR,li1,94.5300,116.9600,1.799890
FILLER_38_189,VPWR,li1,93.1500,116.9600,1.799890
FILLER_38_186,VPWR,li1,91.7700,116.9600,1.799890
FILLER_38_183,VPWR,li1,90.3900,116.9600,1.799890
FILLER_38_180,VPWR,li1,89.0100,116.9600,1.799890
FILLER_38_177,VPWR,li1,87.6300,116.9600,1.799890
FILLER_38_174,VPWR,li1,86.2500,116.9600,1.799890
FILLER_38_171,VPWR,li1,84.8700,116.9600,1.799890
FILLER_38_168,VPWR,li1,83.4900,116.9600,1.799890
FILLER_38_165,VPWR,li1,82.1100,116.9600,1.799890
FILLER_38_162,VPWR,li1,80.7300,116.9600,1.799890
FILLER_38_159,VPWR,li1,79.3500,116.9600,1.799890
FILLER_38_156,VPWR,li1,77.9700,116.9600,1.799890
FILLER_38_153,VPWR,li1,76.5900,116.9600,1.799890
FILLER_38_150,VPWR,li1,75.2100,116.9600,1.799890
FILLER_38_147,VPWR,li1,73.8300,116.9600,1.799890
FILLER_38_144,VPWR,li1,72.4500,116.9600,1.799891
FILLER_38_141,VPWR,li1,71.0700,116.9600,1.799891
FILLER_38_137,VPWR,li1,69.2300,116.9600,1.799891
FILLER_38_128,VPWR,li1,64.6300,116.9600,1.799892
FILLER_38_113,VPWR,li1,57.9600,116.9600,1.799894
FILLER_38_110,VPWR,li1,56.8100,116.9600,1.799894
FILLER_38_102,VPWR,li1,52.6700,116.9600,1.799897
FILLER_38_99,VPWR,li1,51.7500,116.9600,1.799900
FILLER_38_96,VPWR,li1,50.3700,116.9600,1.799900
FILLER_38_93,VPWR,li1,48.9900,116.9600,1.799905
FILLER_38_90,VPWR,li1,47.6100,116.9600,1.799905
FILLER_38_83,VPWR,li1,43.9300,116.9600,1.799912
FILLER_38_70,VPWR,li1,37.9500,116.9600,1.799926
FILLER_38_67,VPWR,li1,37.0300,116.9600,1.799926
FILLER_38_58,VPWR,li1,32.4300,116.9600,1.799942
FILLER_38_55,VPWR,li1,31.5100,116.9600,1.799942
FILLER_38_41,VPWR,li1,24.8400,116.9600,1.799965
FILLER_38_38,VPWR,li1,23.6900,116.9600,1.799965
FILLER_38_35,VPWR,li1,22.3100,116.9600,1.799970
FILLER_38_32,VPWR,li1,20.9300,116.9600,1.799970
FILLER_38_29,VPWR,li1,19.5500,116.9600,1.799970
FILLER_38_27,VPWR,li1,18.1700,116.9600,1.799970
FILLER_38_24,VPWR,li1,17.2500,116.9600,1.799970
FILLER_38_21,VPWR,li1,15.8700,116.9600,1.799970
FILLER_38_18,VPWR,li1,14.4900,116.9600,1.799970
FILLER_38_15,VPWR,li1,13.1100,116.9600,1.799970
FILLER_38_12,VPWR,li1,11.7300,116.9600,1.799970
FILLER_38_9,VPWR,li1,10.3500,116.9600,1.799970
FILLER_38_6,VPWR,li1,8.9700,116.9600,1.799970
FILLER_38_3,VPWR,li1,7.5900,116.9600,1.799970
FILLER_37_237,VPWR,li1,114.7700,111.5200,1.799914
FILLER_37_234,VPWR,li1,113.8500,111.5200,1.799914
FILLER_37_231,VPWR,li1,112.4700,111.5200,1.799914
FILLER_37_228,VPWR,li1,111.0900,111.5200,1.799914
FILLER_37_225,VPWR,li1,109.7100,111.5200,1.799914
FILLER_37_223,VPWR,li1,108.3300,111.5200,1.799914
FILLER_37_220,VPWR,li1,107.4100,111.5200,1.799914
FILLER_37_217,VPWR,li1,106.0300,111.5200,1.799914
FILLER_37_214,VPWR,li1,104.6500,111.5200,1.799914
FILLER_37_211,VPWR,li1,103.2700,111.5200,1.799914
FILLER_37_208,VPWR,li1,101.8900,111.5200,1.799914
FILLER_37_205,VPWR,li1,100.5100,111.5200,1.799914
FILLER_37_202,VPWR,li1,99.1300,111.5200,1.799914
FILLER_37_199,VPWR,li1,97.7500,111.5200,1.799914
FILLER_37_196,VPWR,li1,96.3700,111.5200,1.799914
FILLER_37_193,VPWR,li1,94.9900,111.5200,1.799914
FILLER_37_190,VPWR,li1,93.6100,111.5200,1.799914
FILLER_37_187,VPWR,li1,92.2300,111.5200,1.799914
FILLER_37_184,VPWR,li1,90.8500,111.5200,1.799914
FILLER_37_181,VPWR,li1,89.4700,111.5200,1.799914
FILLER_37_178,VPWR,li1,88.0900,111.5200,1.799914
FILLER_37_175,VPWR,li1,86.7100,111.5200,1.799914
FILLER_37_172,VPWR,li1,85.3300,111.5200,1.799914
FILLER_37_169,VPWR,li1,83.9500,111.5200,1.799914
FILLER_37_165,VPWR,li1,82.1100,111.5200,1.799914
FILLER_37_162,VPWR,li1,80.7300,111.5200,1.799914
FILLER_37_159,VPWR,li1,79.3500,111.5200,1.799914
FILLER_37_156,VPWR,li1,77.9700,111.5200,1.799914
FILLER_37_153,VPWR,li1,76.5900,111.5200,1.799914
FILLER_37_150,VPWR,li1,75.2100,111.5200,1.799914
FILLER_37_147,VPWR,li1,73.8300,111.5200,1.799914
FILLER_37_144,VPWR,li1,72.4500,111.5200,1.799914
FILLER_37_141,VPWR,li1,71.0700,111.5200,1.799914
FILLER_37_138,VPWR,li1,69.6900,111.5200,1.799914
FILLER_37_135,VPWR,li1,68.3100,111.5200,1.799914
FILLER_37_132,VPWR,li1,66.9300,111.5200,1.799914
FILLER_37_122,VPWR,li1,61.8700,111.5200,1.799916
FILLER_37_113,VPWR,li1,57.9600,111.5200,1.799920
FILLER_37_98,VPWR,li1,50.8300,111.5200,1.799927
FILLER_37_95,VPWR,li1,49.9100,111.5200,1.799931
FILLER_37_92,VPWR,li1,48.5300,111.5200,1.799931
FILLER_37_89,VPWR,li1,47.1500,111.5200,1.799933
FILLER_37_86,VPWR,li1,45.7700,111.5200,1.799936
FILLER_37_83,VPWR,li1,44.3900,111.5200,1.799936
FILLER_37_75,VPWR,li1,40.4800,111.5200,1.799941
FILLER_37_72,VPWR,li1,39.3300,111.5200,1.799945
FILLER_37_69,VPWR,li1,37.9500,111.5200,1.799945
FILLER_37_66,VPWR,li1,36.5700,111.5200,1.799948
FILLER_37_63,VPWR,li1,35.1900,111.5200,1.799951
FILLER_37_60,VPWR,li1,33.8100,111.5200,1.799951
FILLER_37_57,VPWR,li1,32.4300,111.5200,1.799954
FILLER_37_47,VPWR,li1,27.3700,111.5200,1.799964
FILLER_37_44,VPWR,li1,26.4500,111.5200,1.799964
FILLER_37_41,VPWR,li1,25.0700,111.5200,1.799968
FILLER_37_38,VPWR,li1,23.6900,111.5200,1.799968
FILLER_37_35,VPWR,li1,22.3100,111.5200,1.799973
FILLER_37_32,VPWR,li1,20.9300,111.5200,1.799973
FILLER_37_29,VPWR,li1,19.5500,111.5200,1.799971
FILLER_37_26,VPWR,li1,18.1700,111.5200,1.799969
FILLER_37_23,VPWR,li1,16.7900,111.5200,1.799969
FILLER_37_20,VPWR,li1,15.4100,111.5200,1.799967
FILLER_37_17,VPWR,li1,14.0300,111.5200,1.799967
FILLER_37_14,VPWR,li1,12.6500,111.5200,1.799965
FILLER_37_11,VPWR,li1,11.2700,111.5200,1.799965
FILLER_36_236,VPWR,li1,114.5400,111.5200,1.799914
FILLER_36_233,VPWR,li1,113.3900,111.5200,1.799914
FILLER_36_230,VPWR,li1,112.0100,111.5200,1.799914
FILLER_36_227,VPWR,li1,110.6300,111.5200,1.799914
FILLER_36_224,VPWR,li1,109.2500,111.5200,1.799914
FILLER_36_221,VPWR,li1,107.8700,111.5200,1.799914
FILLER_36_218,VPWR,li1,106.4900,111.5200,1.799914
FILLER_36_215,VPWR,li1,105.1100,111.5200,1.799914
FILLER_36_212,VPWR,li1,103.7300,111.5200,1.799914
FILLER_36_209,VPWR,li1,102.3500,111.5200,1.799914
FILLER_36_206,VPWR,li1,100.9700,111.5200,1.799914
FILLER_36_203,VPWR,li1,99.5900,111.5200,1.799914
FILLER_36_200,VPWR,li1,98.2100,111.5200,1.799914
FILLER_36_197,VPWR,li1,96.8300,111.5200,1.799914
FILLER_36_195,VPWR,li1,95.4500,111.5200,1.799914
FILLER_36_192,VPWR,li1,94.5300,111.5200,1.799914
FILLER_36_189,VPWR,li1,93.1500,111.5200,1.799914
FILLER_36_186,VPWR,li1,91.7700,111.5200,1.799914
FILLER_36_183,VPWR,li1,90.3900,111.5200,1.799914
FILLER_36_180,VPWR,li1,89.0100,111.5200,1.799914
FILLER_36_177,VPWR,li1,87.6300,111.5200,1.799914
FILLER_36_174,VPWR,li1,86.2500,111.5200,1.799914
FILLER_36_171,VPWR,li1,84.8700,111.5200,1.799914
FILLER_36_168,VPWR,li1,83.4900,111.5200,1.799914
FILLER_36_165,VPWR,li1,82.1100,111.5200,1.799914
FILLER_36_162,VPWR,li1,80.7300,111.5200,1.799914
FILLER_36_159,VPWR,li1,79.3500,111.5200,1.799914
FILLER_36_156,VPWR,li1,77.9700,111.5200,1.799914
FILLER_36_153,VPWR,li1,76.5900,111.5200,1.799914
FILLER_36_150,VPWR,li1,75.2100,111.5200,1.799914
FILLER_36_147,VPWR,li1,73.8300,111.5200,1.799914
FILLER_36_144,VPWR,li1,72.4500,111.5200,1.799914
FILLER_36_141,VPWR,li1,71.0700,111.5200,1.799914
FILLER_36_122,VPWR,li1,61.8700,111.5200,1.799916
FILLER_36_119,VPWR,li1,60.9500,111.5200,1.799918
FILLER_36_116,VPWR,li1,59.5700,111.5200,1.799918
FILLER_36_113,VPWR,li1,58.1900,111.5200,1.799920
FILLER_36_110,VPWR,li1,56.8100,111.5200,1.799922
FILLER_36_107,VPWR,li1,55.4300,111.5200,1.799922
FILLER_36_97,VPWR,li1,50.8300,111.5200,1.799927
FILLER_36_94,VPWR,li1,49.4500,111.5200,1.799931
FILLER_36_91,VPWR,li1,48.0700,111.5200,1.799933
FILLER_36_88,VPWR,li1,46.6900,111.5200,1.799933
FILLER_36_85,VPWR,li1,45.3100,111.5200,1.799936
FILLER_36_83,VPWR,li1,43.9300,111.5200,1.799939
FILLER_36_80,VPWR,li1,43.0100,111.5200,1.799939
FILLER_36_73,VPWR,li1,39.5600,111.5200,1.799945
FILLER_36_70,VPWR,li1,38.4100,111.5200,1.799945
FILLER_36_67,VPWR,li1,37.0300,111.5200,1.799948
FILLER_36_64,VPWR,li1,35.6500,111.5200,1.799948
FILLER_36_61,VPWR,li1,34.2700,111.5200,1.799951
FILLER_36_38,VPWR,li1,23.6900,111.5200,1.799968
FILLER_36_35,VPWR,li1,22.3100,111.5200,1.799973
FILLER_36_32,VPWR,li1,20.9300,111.5200,1.799973
FILLER_36_29,VPWR,li1,19.5500,111.5200,1.799971
FILLER_36_26,VPWR,li1,17.9400,111.5200,1.799969
FILLER_36_23,VPWR,li1,16.7900,111.5200,1.799969
FILLER_36_20,VPWR,li1,15.4100,111.5200,1.799967
FILLER_36_17,VPWR,li1,14.0300,111.5200,1.799967
FILLER_35_237,VPWR,li1,114.7700,106.0800,1.799936
FILLER_35_234,VPWR,li1,113.8500,106.0800,1.799936
FILLER_35_231,VPWR,li1,112.4700,106.0800,1.799936
FILLER_35_228,VPWR,li1,111.0900,106.0800,1.799936
FILLER_35_225,VPWR,li1,109.7100,106.0800,1.799936
FILLER_35_223,VPWR,li1,108.3300,106.0800,1.799936
FILLER_35_220,VPWR,li1,107.4100,106.0800,1.799936
FILLER_35_217,VPWR,li1,106.0300,106.0800,1.799936
FILLER_35_214,VPWR,li1,104.6500,106.0800,1.799936
FILLER_35_211,VPWR,li1,103.2700,106.0800,1.799936
FILLER_35_208,VPWR,li1,101.8900,106.0800,1.799936
FILLER_35_205,VPWR,li1,100.5100,106.0800,1.799936
FILLER_35_202,VPWR,li1,99.1300,106.0800,1.799936
FILLER_35_199,VPWR,li1,97.7500,106.0800,1.799936
FILLER_35_196,VPWR,li1,96.3700,106.0800,1.799936
FILLER_35_193,VPWR,li1,94.9900,106.0800,1.799936
FILLER_35_190,VPWR,li1,93.6100,106.0800,1.799936
FILLER_35_187,VPWR,li1,92.2300,106.0800,1.799936
FILLER_35_184,VPWR,li1,90.8500,106.0800,1.799936
FILLER_35_181,VPWR,li1,89.4700,106.0800,1.799936
FILLER_35_178,VPWR,li1,88.0900,106.0800,1.799936
FILLER_35_175,VPWR,li1,86.7100,106.0800,1.799936
FILLER_35_172,VPWR,li1,85.3300,106.0800,1.799936
FILLER_35_169,VPWR,li1,83.9500,106.0800,1.799936
FILLER_35_167,VPWR,li1,82.5700,106.0800,1.799936
FILLER_35_164,VPWR,li1,81.6500,106.0800,1.799936
FILLER_35_161,VPWR,li1,80.2700,106.0800,1.799936
FILLER_35_158,VPWR,li1,78.8900,106.0800,1.799936
FILLER_35_155,VPWR,li1,77.5100,106.0800,1.799936
FILLER_35_152,VPWR,li1,76.1300,106.0800,1.799936
FILLER_35_149,VPWR,li1,74.7500,106.0800,1.799936
FILLER_35_146,VPWR,li1,73.3700,106.0800,1.799936
FILLER_35_143,VPWR,li1,71.9900,106.0800,1.799936
FILLER_35_140,VPWR,li1,70.6100,106.0800,1.799936
FILLER_35_116,VPWR,li1,59.3400,106.0800,1.799939
FILLER_35_113,VPWR,li1,58.1900,106.0800,1.799939
FILLER_35_111,VPWR,li1,56.8100,106.0800,1.799940
FILLER_35_96,VPWR,li1,50.1400,106.0800,1.799946
FILLER_35_93,VPWR,li1,48.9900,106.0800,1.799946
FILLER_35_90,VPWR,li1,47.6100,106.0800,1.799947
FILLER_35_66,VPWR,li1,36.5700,106.0800,1.799958
FILLER_35_63,VPWR,li1,35.1900,106.0800,1.799961
FILLER_35_60,VPWR,li1,33.8100,106.0800,1.799961
FILLER_35_57,VPWR,li1,32.4300,106.0800,1.799964
FILLER_35_53,VPWR,li1,30.5900,106.0800,1.799967
FILLER_35_50,VPWR,li1,29.2100,106.0800,1.799969
FILLER_35_47,VPWR,li1,27.8300,106.0800,1.799969
FILLER_35_44,VPWR,li1,26.4500,106.0800,1.799971
FILLER_35_41,VPWR,li1,25.0700,106.0800,1.799975
FILLER_35_38,VPWR,li1,23.6900,106.0800,1.799975
FILLER_35_35,VPWR,li1,22.3100,106.0800,1.799977
FILLER_35_32,VPWR,li1,20.9300,106.0800,1.799976
FILLER_35_29,VPWR,li1,19.5500,106.0800,1.799976
FILLER_35_26,VPWR,li1,18.1700,106.0800,1.799974
FILLER_35_23,VPWR,li1,16.7900,106.0800,1.799972
FILLER_35_20,VPWR,li1,15.4100,106.0800,1.799972
FILLER_34_236,VPWR,li1,114.5400,106.0800,1.799936
FILLER_34_233,VPWR,li1,113.3900,106.0800,1.799936
FILLER_34_230,VPWR,li1,112.0100,106.0800,1.799936
FILLER_34_227,VPWR,li1,110.6300,106.0800,1.799936
FILLER_34_224,VPWR,li1,109.2500,106.0800,1.799936
FILLER_34_221,VPWR,li1,107.8700,106.0800,1.799936
FILLER_34_218,VPWR,li1,106.4900,106.0800,1.799936
FILLER_34_215,VPWR,li1,105.1100,106.0800,1.799936
FILLER_34_212,VPWR,li1,103.7300,106.0800,1.799936
FILLER_34_209,VPWR,li1,102.3500,106.0800,1.799936
FILLER_34_206,VPWR,li1,100.9700,106.0800,1.799936
FILLER_34_203,VPWR,li1,99.5900,106.0800,1.799936
FILLER_34_200,VPWR,li1,98.2100,106.0800,1.799936
FILLER_34_197,VPWR,li1,96.8300,106.0800,1.799936
FILLER_34_193,VPWR,li1,94.9900,106.0800,1.799936
FILLER_34_190,VPWR,li1,93.6100,106.0800,1.799936
FILLER_34_187,VPWR,li1,92.2300,106.0800,1.799936
FILLER_34_184,VPWR,li1,90.8500,106.0800,1.799936
FILLER_34_181,VPWR,li1,89.4700,106.0800,1.799936
FILLER_34_178,VPWR,li1,88.0900,106.0800,1.799936
FILLER_34_175,VPWR,li1,86.7100,106.0800,1.799936
FILLER_34_172,VPWR,li1,85.3300,106.0800,1.799936
FILLER_34_169,VPWR,li1,83.9500,106.0800,1.799936
FILLER_34_166,VPWR,li1,82.5700,106.0800,1.799936
FILLER_34_163,VPWR,li1,81.1900,106.0800,1.799936
FILLER_34_160,VPWR,li1,79.8100,106.0800,1.799936
FILLER_34_157,VPWR,li1,78.4300,106.0800,1.799936
FILLER_34_154,VPWR,li1,77.0500,106.0800,1.799936
FILLER_34_151,VPWR,li1,75.6700,106.0800,1.799936
FILLER_34_148,VPWR,li1,74.2900,106.0800,1.799936
FILLER_34_145,VPWR,li1,72.9100,106.0800,1.799936
FILLER_34_137,VPWR,li1,69.2300,106.0800,1.799936
FILLER_34_134,VPWR,li1,67.8500,106.0800,1.799936
FILLER_34_118,VPWR,li1,60.0300,106.0800,1.799938
FILLER_34_103,VPWR,li1,53.3600,106.0800,1.799942
FILLER_34_100,VPWR,li1,52.2100,106.0800,1.799944
FILLER_34_97,VPWR,li1,50.8300,106.0800,1.799944
FILLER_34_94,VPWR,li1,49.4500,106.0800,1.799946
FILLER_34_91,VPWR,li1,48.0700,106.0800,1.799947
FILLER_34_88,VPWR,li1,46.6900,106.0800,1.799947
FILLER_34_85,VPWR,li1,45.3100,106.0800,1.799949
FILLER_34_75,VPWR,li1,40.2500,106.0800,1.799955
FILLER_34_72,VPWR,li1,39.3300,106.0800,1.799955
FILLER_34_69,VPWR,li1,37.9500,106.0800,1.799958
FILLER_34_66,VPWR,li1,36.5700,106.0800,1.799958
FILLER_34_63,VPWR,li1,35.1900,106.0800,1.799961
FILLER_34_60,VPWR,li1,33.8100,106.0800,1.799961
FILLER_34_57,VPWR,li1,32.4300,106.0800,1.799964
FILLER_34_54,VPWR,li1,31.0500,106.0800,1.799967
FILLER_34_51,VPWR,li1,29.6700,106.0800,1.799967
FILLER_34_35,VPWR,li1,22.0800,106.0800,1.799977
FILLER_34_32,VPWR,li1,20.9300,106.0800,1.799976
FILLER_34_29,VPWR,li1,19.5500,106.0800,1.799976
FILLER_34_27,VPWR,li1,18.1700,106.0800,1.799974
FILLER_34_24,VPWR,li1,17.2500,106.0800,1.799974
FILLER_34_9,VPWR,li1,9.8900,106.0800,1.799970
FILLER_34_6,VPWR,li1,8.9700,106.0800,1.799970
FILLER_34_3,VPWR,li1,7.5900,106.0800,1.799970
FILLER_33_225,VPWR,li1,109.7100,100.6400,1.799868
FILLER_33_223,VPWR,li1,108.3300,100.6400,1.799868
FILLER_33_220,VPWR,li1,107.4100,100.6400,1.799870
FILLER_33_217,VPWR,li1,106.0300,100.6400,1.799870
FILLER_33_214,VPWR,li1,104.6500,100.6400,1.799872
FILLER_33_211,VPWR,li1,103.2700,100.6400,1.799874
FILLER_33_208,VPWR,li1,101.8900,100.6400,1.799874
FILLER_33_205,VPWR,li1,100.5100,100.6400,1.799876
FILLER_33_202,VPWR,li1,99.1300,100.6400,1.799877
FILLER_33_199,VPWR,li1,97.7500,100.6400,1.799877
FILLER_33_196,VPWR,li1,96.3700,100.6400,1.799879
FILLER_33_193,VPWR,li1,94.9900,100.6400,1.799881
FILLER_33_190,VPWR,li1,93.6100,100.6400,1.799881
FILLER_33_187,VPWR,li1,92.2300,100.6400,1.799883
FILLER_33_184,VPWR,li1,90.8500,100.6400,1.799885
FILLER_33_181,VPWR,li1,89.4700,100.6400,1.799885
FILLER_33_178,VPWR,li1,88.0900,100.6400,1.799887
FILLER_33_175,VPWR,li1,86.7100,100.6400,1.799887
FILLER_33_172,VPWR,li1,85.3300,100.6400,1.799890
FILLER_33_169,VPWR,li1,83.9500,100.6400,1.799890
FILLER_33_167,VPWR,li1,82.5700,100.6400,1.799893
FILLER_33_164,VPWR,li1,81.6500,100.6400,1.799895
FILLER_33_161,VPWR,li1,80.2700,100.6400,1.799895
FILLER_33_158,VPWR,li1,78.8900,100.6400,1.799897
FILLER_33_155,VPWR,li1,77.5100,100.6400,1.799899
FILLER_33_152,VPWR,li1,76.1300,100.6400,1.799899
FILLER_33_149,VPWR,li1,74.7500,100.6400,1.799902
FILLER_33_146,VPWR,li1,73.3700,100.6400,1.799904
FILLER_33_143,VPWR,li1,71.9900,100.6400,1.799904
FILLER_33_140,VPWR,li1,70.6100,100.6400,1.799906
FILLER_33_137,VPWR,li1,69.2300,100.6400,1.799909
FILLER_33_134,VPWR,li1,67.8500,100.6400,1.799909
FILLER_33_131,VPWR,li1,66.4700,100.6400,1.799912
FILLER_33_128,VPWR,li1,65.0900,100.6400,1.799914
FILLER_33_125,VPWR,li1,63.7100,100.6400,1.799914
FILLER_33_122,VPWR,li1,62.3300,100.6400,1.799916
FILLER_33_119,VPWR,li1,60.9500,100.6400,1.799918
FILLER_33_116,VPWR,li1,59.5700,100.6400,1.799918
FILLER_33_113,VPWR,li1,58.1900,100.6400,1.799921
FILLER_33_96,VPWR,li1,50.3700,100.6400,1.799931
FILLER_33_93,VPWR,li1,48.9900,100.6400,1.799934
FILLER_33_90,VPWR,li1,47.6100,100.6400,1.799934
FILLER_33_87,VPWR,li1,46.2300,100.6400,1.799937
FILLER_33_84,VPWR,li1,44.8500,100.6400,1.799940
FILLER_33_81,VPWR,li1,43.4700,100.6400,1.799940
FILLER_33_78,VPWR,li1,42.0900,100.6400,1.799944
FILLER_33_66,VPWR,li1,36.3400,100.6400,1.799953
FILLER_33_63,VPWR,li1,35.1900,100.6400,1.799953
FILLER_33_60,VPWR,li1,33.8100,100.6400,1.799956
FILLER_33_57,VPWR,li1,32.4300,100.6400,1.799960
FILLER_33_53,VPWR,li1,30.5900,100.6400,1.799964
FILLER_33_50,VPWR,li1,29.2100,100.6400,1.799964
FILLER_33_41,VPWR,li1,25.0700,100.6400,1.799974
FILLER_33_38,VPWR,li1,23.6900,100.6400,1.799974
FILLER_33_35,VPWR,li1,22.3100,100.6400,1.799977
FILLER_33_32,VPWR,li1,20.9300,100.6400,1.799976
FILLER_33_29,VPWR,li1,19.5500,100.6400,1.799976
FILLER_33_9,VPWR,li1,10.1200,100.6400,1.799974
FILLER_33_6,VPWR,li1,8.9700,100.6400,1.799974
FILLER_33_3,VPWR,li1,7.5900,100.6400,1.799974
FILLER_32_221,VPWR,li1,107.4100,100.6400,1.799870
FILLER_32_218,VPWR,li1,106.4900,100.6400,1.799870
FILLER_32_215,VPWR,li1,105.1100,100.6400,1.799872
FILLER_32_212,VPWR,li1,103.7300,100.6400,1.799872
FILLER_32_209,VPWR,li1,102.3500,100.6400,1.799874
FILLER_32_206,VPWR,li1,100.9700,100.6400,1.799876
FILLER_32_203,VPWR,li1,99.5900,100.6400,1.799876
FILLER_32_200,VPWR,li1,98.2100,100.6400,1.799877
FILLER_32_197,VPWR,li1,96.8300,100.6400,1.799879
FILLER_32_194,VPWR,li1,95.2200,100.6400,1.799881
FILLER_32_191,VPWR,li1,94.0700,100.6400,1.799881
FILLER_32_188,VPWR,li1,92.6900,100.6400,1.799883
FILLER_32_185,VPWR,li1,91.3100,100.6400,1.799883
FILLER_32_168,VPWR,li1,83.0300,100.6400,1.799893
FILLER_32_165,VPWR,li1,82.1100,100.6400,1.799893
FILLER_32_162,VPWR,li1,80.7300,100.6400,1.799895
FILLER_32_159,VPWR,li1,79.3500,100.6400,1.799897
FILLER_32_156,VPWR,li1,77.9700,100.6400,1.799897
FILLER_32_153,VPWR,li1,76.5900,100.6400,1.799899
FILLER_32_150,VPWR,li1,75.2100,100.6400,1.799902
FILLER_32_147,VPWR,li1,73.8300,100.6400,1.799902
FILLER_32_144,VPWR,li1,72.4500,100.6400,1.799904
FILLER_32_141,VPWR,li1,71.0700,100.6400,1.799906
FILLER_32_138,VPWR,li1,69.4600,100.6400,1.799909
FILLER_32_135,VPWR,li1,68.3100,100.6400,1.799909
FILLER_32_132,VPWR,li1,66.9300,100.6400,1.799912
FILLER_32_129,VPWR,li1,65.5500,100.6400,1.799912
FILLER_32_126,VPWR,li1,64.1700,100.6400,1.799914
FILLER_32_123,VPWR,li1,62.7900,100.6400,1.799916
FILLER_32_120,VPWR,li1,61.4100,100.6400,1.799916
FILLER_32_117,VPWR,li1,60.0300,100.6400,1.799918
FILLER_32_114,VPWR,li1,58.6500,100.6400,1.799921
FILLER_32_111,VPWR,li1,57.2700,100.6400,1.799921
FILLER_32_108,VPWR,li1,55.8900,100.6400,1.799924
FILLER_32_105,VPWR,li1,54.5100,100.6400,1.799924
FILLER_32_97,VPWR,li1,50.8300,100.6400,1.799931
FILLER_32_94,VPWR,li1,49.4500,100.6400,1.799931
FILLER_32_91,VPWR,li1,48.0700,100.6400,1.799934
FILLER_32_88,VPWR,li1,46.6900,100.6400,1.799937
FILLER_32_85,VPWR,li1,45.3100,100.6400,1.799937
FILLER_32_81,VPWR,li1,43.4700,100.6400,1.799940
FILLER_32_78,VPWR,li1,42.0900,100.6400,1.799944
FILLER_32_75,VPWR,li1,40.7100,100.6400,1.799944
FILLER_32_72,VPWR,li1,39.3300,100.6400,1.799949
FILLER_32_69,VPWR,li1,37.9500,100.6400,1.799949
FILLER_32_62,VPWR,li1,34.2700,100.6400,1.799956
FILLER_32_59,VPWR,li1,33.3500,100.6400,1.799956
FILLER_32_56,VPWR,li1,31.9700,100.6400,1.799960
FILLER_32_53,VPWR,li1,30.5900,100.6400,1.799964
FILLER_32_50,VPWR,li1,29.2100,100.6400,1.799964
FILLER_32_47,VPWR,li1,27.8300,100.6400,1.799969
FILLER_32_44,VPWR,li1,26.4500,100.6400,1.799969
FILLER_32_41,VPWR,li1,25.0700,100.6400,1.799974
FILLER_32_38,VPWR,li1,23.6900,100.6400,1.799974
FILLER_32_35,VPWR,li1,22.3100,100.6400,1.799977
FILLER_32_32,VPWR,li1,20.9300,100.6400,1.799976
FILLER_32_29,VPWR,li1,19.5500,100.6400,1.799976
FILLER_32_26,VPWR,li1,17.9400,100.6400,1.799976
FILLER_32_23,VPWR,li1,16.7900,100.6400,1.799975
FILLER_32_20,VPWR,li1,15.4100,100.6400,1.799975
FILLER_32_17,VPWR,li1,14.0300,100.6400,1.799975
FILLER_32_3,VPWR,li1,7.1300,100.6400,1.799974
FILLER_31_221,VPWR,li1,107.8700,95.2000,1.799900
FILLER_31_218,VPWR,li1,106.4900,95.2000,1.799900
FILLER_31_215,VPWR,li1,105.1100,95.2000,1.799901
FILLER_31_212,VPWR,li1,103.7300,95.2000,1.799901
FILLER_31_209,VPWR,li1,102.3500,95.2000,1.799902
FILLER_31_206,VPWR,li1,100.9700,95.2000,1.799903
FILLER_31_203,VPWR,li1,99.5900,95.2000,1.799903
FILLER_31_200,VPWR,li1,98.2100,95.2000,1.799903
FILLER_31_197,VPWR,li1,96.8300,95.2000,1.799904
FILLER_31_194,VPWR,li1,95.4500,95.2000,1.799905
FILLER_31_191,VPWR,li1,94.0700,95.2000,1.799905
FILLER_31_167,VPWR,li1,82.5700,95.2000,1.799913
FILLER_31_164,VPWR,li1,81.6500,95.2000,1.799914
FILLER_31_161,VPWR,li1,80.2700,95.2000,1.799915
FILLER_31_158,VPWR,li1,78.8900,95.2000,1.799915
FILLER_31_155,VPWR,li1,77.5100,95.2000,1.799917
FILLER_31_152,VPWR,li1,76.1300,95.2000,1.799919
FILLER_31_149,VPWR,li1,74.7500,95.2000,1.799919
FILLER_31_146,VPWR,li1,73.3700,95.2000,1.799921
FILLER_31_143,VPWR,li1,71.9900,95.2000,1.799922
FILLER_31_140,VPWR,li1,70.6100,95.2000,1.799922
FILLER_31_137,VPWR,li1,69.2300,95.2000,1.799924
FILLER_31_134,VPWR,li1,67.8500,95.2000,1.799925
FILLER_31_131,VPWR,li1,66.4700,95.2000,1.799925
FILLER_31_128,VPWR,li1,65.0900,95.2000,1.799927
FILLER_31_125,VPWR,li1,63.7100,95.2000,1.799929
FILLER_31_122,VPWR,li1,62.3300,95.2000,1.799929
FILLER_31_119,VPWR,li1,60.9500,95.2000,1.799930
FILLER_31_116,VPWR,li1,59.5700,95.2000,1.799932
FILLER_31_113,VPWR,li1,58.1900,95.2000,1.799932
FILLER_31_111,VPWR,li1,56.8100,95.2000,1.799933
FILLER_31_108,VPWR,li1,55.8900,95.2000,1.799935
FILLER_31_105,VPWR,li1,54.5100,95.2000,1.799935
FILLER_31_102,VPWR,li1,53.1300,95.2000,1.799937
FILLER_31_99,VPWR,li1,51.7500,95.2000,1.799938
FILLER_31_96,VPWR,li1,50.3700,95.2000,1.799938
FILLER_31_93,VPWR,li1,48.9900,95.2000,1.799940
FILLER_31_90,VPWR,li1,47.6100,95.2000,1.799942
FILLER_31_87,VPWR,li1,46.2300,95.2000,1.799942
FILLER_31_84,VPWR,li1,44.8500,95.2000,1.799943
FILLER_31_81,VPWR,li1,43.4700,95.2000,1.799945
FILLER_31_78,VPWR,li1,42.0900,95.2000,1.799945
FILLER_31_75,VPWR,li1,40.7100,95.2000,1.799946
FILLER_31_72,VPWR,li1,39.3300,95.2000,1.799948
FILLER_31_69,VPWR,li1,37.9500,95.2000,1.799948
FILLER_31_60,VPWR,li1,33.5800,95.2000,1.799954
FILLER_31_57,VPWR,li1,32.4300,95.2000,1.799954
FILLER_31_54,VPWR,li1,30.8200,95.2000,1.799956
FILLER_31_51,VPWR,li1,29.6700,95.2000,1.799959
FILLER_31_40,VPWR,li1,24.1500,95.2000,1.799966
FILLER_31_37,VPWR,li1,23.2300,95.2000,1.799969
FILLER_31_34,VPWR,li1,21.8500,95.2000,1.799972
FILLER_31_31,VPWR,li1,20.4700,95.2000,1.799972
FILLER_31_28,VPWR,li1,19.0900,95.2000,1.799970
FILLER_31_25,VPWR,li1,17.7100,95.2000,1.799968
FILLER_31_22,VPWR,li1,16.3300,95.2000,1.799966
FILLER_30_215,VPWR,li1,104.8800,95.2000,1.799901
FILLER_30_212,VPWR,li1,103.7300,95.2000,1.799901
FILLER_30_200,VPWR,li1,97.7500,95.2000,1.799903
FILLER_30_197,VPWR,li1,96.8300,95.2000,1.799904
FILLER_30_195,VPWR,li1,95.4500,95.2000,1.799905
FILLER_30_192,VPWR,li1,94.5300,95.2000,1.799905
FILLER_30_180,VPWR,li1,88.5500,95.2000,1.799908
FILLER_30_177,VPWR,li1,87.6300,95.2000,1.799908
FILLER_30_174,VPWR,li1,86.2500,95.2000,1.799911
FILLER_30_171,VPWR,li1,84.8700,95.2000,1.799911
FILLER_30_168,VPWR,li1,83.4900,95.2000,1.799913
FILLER_30_165,VPWR,li1,82.1100,95.2000,1.799914
FILLER_30_162,VPWR,li1,80.7300,95.2000,1.799914
FILLER_30_159,VPWR,li1,79.3500,95.2000,1.799915
FILLER_30_156,VPWR,li1,77.9700,95.2000,1.799917
FILLER_30_153,VPWR,li1,76.5900,95.2000,1.799917
FILLER_30_150,VPWR,li1,75.2100,95.2000,1.799919
FILLER_30_147,VPWR,li1,73.8300,95.2000,1.799921
FILLER_30_144,VPWR,li1,72.4500,95.2000,1.799921
FILLER_30_141,VPWR,li1,71.0700,95.2000,1.799922
FILLER_30_139,VPWR,li1,69.6900,95.2000,1.799924
FILLER_30_136,VPWR,li1,68.7700,95.2000,1.799924
FILLER_30_133,VPWR,li1,67.3900,95.2000,1.799925
FILLER_30_130,VPWR,li1,66.0100,95.2000,1.799927
FILLER_30_127,VPWR,li1,64.6300,95.2000,1.799927
FILLER_30_124,VPWR,li1,63.2500,95.2000,1.799929
FILLER_30_121,VPWR,li1,61.8700,95.2000,1.799930
FILLER_30_118,VPWR,li1,60.4900,95.2000,1.799930
FILLER_30_115,VPWR,li1,59.1100,95.2000,1.799932
FILLER_30_112,VPWR,li1,57.7300,95.2000,1.799933
FILLER_30_109,VPWR,li1,56.3500,95.2000,1.799933
FILLER_30_106,VPWR,li1,54.9700,95.2000,1.799935
FILLER_30_103,VPWR,li1,53.5900,95.2000,1.799937
FILLER_30_100,VPWR,li1,52.2100,95.2000,1.799937
FILLER_30_97,VPWR,li1,50.8300,95.2000,1.799938
FILLER_30_94,VPWR,li1,49.4500,95.2000,1.799940
FILLER_30_91,VPWR,li1,48.0700,95.2000,1.799940
FILLER_30_88,VPWR,li1,46.6900,95.2000,1.799942
FILLER_30_85,VPWR,li1,45.3100,95.2000,1.799943
FILLER_30_83,VPWR,li1,43.9300,95.2000,1.799943
FILLER_30_80,VPWR,li1,43.0100,95.2000,1.799945
FILLER_30_77,VPWR,li1,41.6300,95.2000,1.799946
FILLER_30_74,VPWR,li1,40.2500,95.2000,1.799946
FILLER_30_71,VPWR,li1,38.8700,95.2000,1.799948
FILLER_30_56,VPWR,li1,31.7400,95.2000,1.799956
FILLER_30_53,VPWR,li1,30.5900,95.2000,1.799956
FILLER_30_44,VPWR,li1,26.2200,95.2000,1.799962
FILLER_30_41,VPWR,li1,25.0700,95.2000,1.799966
FILLER_30_38,VPWR,li1,23.6900,95.2000,1.799969
FILLER_30_35,VPWR,li1,22.3100,95.2000,1.799969
FILLER_30_32,VPWR,li1,20.9300,95.2000,1.799972
FILLER_30_29,VPWR,li1,19.5500,95.2000,1.799970
FILLER_30_27,VPWR,li1,18.1700,95.2000,1.799968
FILLER_30_19,VPWR,li1,14.9500,95.2000,1.799966
FILLER_29_178,VPWR,li1,87.8600,89.7600,1.799901
FILLER_29_175,VPWR,li1,86.7100,89.7600,1.799901
FILLER_29_172,VPWR,li1,85.3300,89.7600,1.799904
FILLER_29_169,VPWR,li1,83.9500,89.7600,1.799904
FILLER_29_167,VPWR,li1,82.5700,89.7600,1.799906
FILLER_29_164,VPWR,li1,81.6500,89.7600,1.799908
FILLER_29_161,VPWR,li1,80.2700,89.7600,1.799908
FILLER_29_158,VPWR,li1,78.8900,89.7600,1.799910
FILLER_29_155,VPWR,li1,77.5100,89.7600,1.799912
FILLER_29_152,VPWR,li1,76.1300,89.7600,1.799912
FILLER_29_149,VPWR,li1,74.7500,89.7600,1.799914
FILLER_29_146,VPWR,li1,73.3700,89.7600,1.799916
FILLER_29_143,VPWR,li1,71.9900,89.7600,1.799916
FILLER_29_140,VPWR,li1,70.6100,89.7600,1.799919
FILLER_29_137,VPWR,li1,69.2300,89.7600,1.799920
FILLER_29_134,VPWR,li1,67.8500,89.7600,1.799920
FILLER_29_131,VPWR,li1,66.4700,89.7600,1.799922
FILLER_29_128,VPWR,li1,65.0900,89.7600,1.799925
FILLER_29_125,VPWR,li1,63.7100,89.7600,1.799925
FILLER_29_122,VPWR,li1,62.3300,89.7600,1.799927
FILLER_29_119,VPWR,li1,60.9500,89.7600,1.799929
FILLER_29_116,VPWR,li1,59.5700,89.7600,1.799929
FILLER_29_113,VPWR,li1,58.1900,89.7600,1.799931
FILLER_29_111,VPWR,li1,56.8100,89.7600,1.799933
FILLER_29_108,VPWR,li1,55.8900,89.7600,1.799933
FILLER_29_105,VPWR,li1,54.5100,89.7600,1.799935
FILLER_29_102,VPWR,li1,53.1300,89.7600,1.799937
FILLER_29_99,VPWR,li1,51.7500,89.7600,1.799937
FILLER_29_96,VPWR,li1,50.3700,89.7600,1.799939
FILLER_29_93,VPWR,li1,48.9900,89.7600,1.799941
FILLER_29_90,VPWR,li1,47.6100,89.7600,1.799941
FILLER_29_87,VPWR,li1,46.2300,89.7600,1.799944
FILLER_29_84,VPWR,li1,44.8500,89.7600,1.799946
FILLER_29_81,VPWR,li1,43.4700,89.7600,1.799946
FILLER_29_78,VPWR,li1,42.0900,89.7600,1.799948
FILLER_29_75,VPWR,li1,40.7100,89.7600,1.799950
FILLER_29_72,VPWR,li1,39.3300,89.7600,1.799950
FILLER_29_69,VPWR,li1,37.9500,89.7600,1.799952
FILLER_29_66,VPWR,li1,36.5700,89.7600,1.799954
FILLER_29_63,VPWR,li1,35.1900,89.7600,1.799954
FILLER_29_60,VPWR,li1,33.8100,89.7600,1.799957
FILLER_29_57,VPWR,li1,32.4300,89.7600,1.799959
FILLER_29_55,VPWR,li1,31.0500,89.7600,1.799959
FILLER_29_52,VPWR,li1,30.1300,89.7600,1.799961
FILLER_29_49,VPWR,li1,28.7500,89.7600,1.799961
FILLER_29_46,VPWR,li1,27.3700,89.7600,1.799964
FILLER_29_43,VPWR,li1,25.9900,89.7600,1.799964
FILLER_29_29,VPWR,li1,19.0900,89.7600,1.799967
FILLER_29_3,VPWR,li1,7.3600,89.7600,1.799957
FILLER_28_236,VPWR,li1,114.5400,89.7600,1.799888
FILLER_28_233,VPWR,li1,113.3900,89.7600,1.799888
FILLER_28_221,VPWR,li1,107.8700,89.7600,1.799888
FILLER_28_218,VPWR,li1,106.4900,89.7600,1.799888
FILLER_28_200,VPWR,li1,98.2100,89.7600,1.799891
FILLER_28_197,VPWR,li1,96.8300,89.7600,1.799893
FILLER_28_180,VPWR,li1,89.0100,89.7600,1.799899
FILLER_28_177,VPWR,li1,87.6300,89.7600,1.799901
FILLER_28_174,VPWR,li1,86.2500,89.7600,1.799901
FILLER_28_171,VPWR,li1,84.8700,89.7600,1.799904
FILLER_28_168,VPWR,li1,83.4900,89.7600,1.799906
FILLER_28_165,VPWR,li1,82.1100,89.7600,1.799906
FILLER_28_162,VPWR,li1,80.7300,89.7600,1.799908
FILLER_28_159,VPWR,li1,79.3500,89.7600,1.799910
FILLER_28_156,VPWR,li1,77.9700,89.7600,1.799910
FILLER_28_153,VPWR,li1,76.5900,89.7600,1.799912
FILLER_28_150,VPWR,li1,75.2100,89.7600,1.799914
FILLER_28_147,VPWR,li1,73.8300,89.7600,1.799914
FILLER_28_144,VPWR,li1,72.4500,89.7600,1.799916
FILLER_28_141,VPWR,li1,71.0700,89.7600,1.799919
FILLER_28_139,VPWR,li1,69.6900,89.7600,1.799919
FILLER_28_136,VPWR,li1,68.7700,89.7600,1.799920
FILLER_28_133,VPWR,li1,67.3900,89.7600,1.799922
FILLER_28_130,VPWR,li1,66.0100,89.7600,1.799922
FILLER_28_127,VPWR,li1,64.6300,89.7600,1.799925
FILLER_28_124,VPWR,li1,63.2500,89.7600,1.799927
FILLER_28_121,VPWR,li1,61.8700,89.7600,1.799927
FILLER_28_118,VPWR,li1,60.4900,89.7600,1.799929
FILLER_28_115,VPWR,li1,59.1100,89.7600,1.799931
FILLER_28_112,VPWR,li1,57.7300,89.7600,1.799931
FILLER_28_109,VPWR,li1,56.3500,89.7600,1.799933
FILLER_28_106,VPWR,li1,54.9700,89.7600,1.799935
FILLER_28_103,VPWR,li1,53.5900,89.7600,1.799935
FILLER_28_100,VPWR,li1,52.2100,89.7600,1.799937
FILLER_28_97,VPWR,li1,50.8300,89.7600,1.799939
FILLER_28_94,VPWR,li1,49.4500,89.7600,1.799939
FILLER_28_91,VPWR,li1,48.0700,89.7600,1.799941
FILLER_28_88,VPWR,li1,46.6900,89.7600,1.799944
FILLER_28_85,VPWR,li1,45.3100,89.7600,1.799944
FILLER_28_82,VPWR,li1,43.7000,89.7600,1.799946
FILLER_28_79,VPWR,li1,42.5500,89.7600,1.799948
FILLER_28_76,VPWR,li1,41.1700,89.7600,1.799948
FILLER_28_73,VPWR,li1,39.7900,89.7600,1.799950
FILLER_28_70,VPWR,li1,38.4100,89.7600,1.799952
FILLER_28_67,VPWR,li1,37.0300,89.7600,1.799952
FILLER_28_61,VPWR,li1,33.8100,89.7600,1.799957
FILLER_28_58,VPWR,li1,32.8900,89.7600,1.799957
FILLER_28_55,VPWR,li1,31.5100,89.7600,1.799959
FILLER_28_52,VPWR,li1,30.1300,89.7600,1.799961
FILLER_28_38,VPWR,li1,23.2300,89.7600,1.799968
FILLER_28_35,VPWR,li1,22.3100,89.7600,1.799971
FILLER_28_32,VPWR,li1,20.9300,89.7600,1.799971
FILLER_28_26,VPWR,li1,17.9400,89.7600,1.799967
FILLER_28_16,VPWR,li1,13.1100,89.7600,1.799960
FILLER_27_228,VPWR,li1,110.8600,84.3200,1.799863
FILLER_27_225,VPWR,li1,109.7100,84.3200,1.799864
FILLER_27_210,VPWR,li1,102.3500,84.3200,1.799870
FILLER_27_207,VPWR,li1,101.4300,84.3200,1.799870
FILLER_27_204,VPWR,li1,100.0500,84.3200,1.799873
FILLER_27_201,VPWR,li1,98.6700,84.3200,1.799873
FILLER_27_198,VPWR,li1,97.2900,84.3200,1.799875
FILLER_27_195,VPWR,li1,95.9100,84.3200,1.799877
FILLER_27_192,VPWR,li1,94.5300,84.3200,1.799877
FILLER_27_187,VPWR,li1,91.7700,84.3200,1.799881
FILLER_27_184,VPWR,li1,90.8500,84.3200,1.799881
FILLER_27_181,VPWR,li1,89.4700,84.3200,1.799883
FILLER_27_178,VPWR,li1,88.0900,84.3200,1.799886
FILLER_27_175,VPWR,li1,86.7100,84.3200,1.799886
FILLER_27_172,VPWR,li1,85.3300,84.3200,1.799889
FILLER_27_169,VPWR,li1,83.9500,84.3200,1.799892
FILLER_27_167,VPWR,li1,82.5700,84.3200,1.799892
FILLER_27_164,VPWR,li1,81.6500,84.3200,1.799894
FILLER_27_161,VPWR,li1,80.2700,84.3200,1.799896
FILLER_27_158,VPWR,li1,78.8900,84.3200,1.799896
FILLER_27_155,VPWR,li1,77.5100,84.3200,1.799899
FILLER_27_152,VPWR,li1,76.1300,84.3200,1.799902
FILLER_27_149,VPWR,li1,74.7500,84.3200,1.799902
FILLER_27_146,VPWR,li1,73.3700,84.3200,1.799905
FILLER_27_143,VPWR,li1,71.9900,84.3200,1.799907
FILLER_27_140,VPWR,li1,70.6100,84.3200,1.799907
FILLER_27_137,VPWR,li1,69.2300,84.3200,1.799909
FILLER_27_134,VPWR,li1,67.8500,84.3200,1.799912
FILLER_27_131,VPWR,li1,66.4700,84.3200,1.799912
FILLER_27_128,VPWR,li1,65.0900,84.3200,1.799915
FILLER_27_125,VPWR,li1,63.7100,84.3200,1.799918
FILLER_27_122,VPWR,li1,62.3300,84.3200,1.799918
FILLER_27_119,VPWR,li1,60.9500,84.3200,1.799920
FILLER_27_116,VPWR,li1,59.5700,84.3200,1.799923
FILLER_27_113,VPWR,li1,58.1900,84.3200,1.799923
FILLER_27_111,VPWR,li1,56.8100,84.3200,1.799925
FILLER_27_108,VPWR,li1,55.8900,84.3200,1.799928
FILLER_27_105,VPWR,li1,54.5100,84.3200,1.799928
FILLER_27_102,VPWR,li1,53.1300,84.3200,1.799931
FILLER_27_99,VPWR,li1,51.7500,84.3200,1.799933
FILLER_27_96,VPWR,li1,50.3700,84.3200,1.799933
FILLER_27_93,VPWR,li1,48.9900,84.3200,1.799936
FILLER_27_90,VPWR,li1,47.6100,84.3200,1.799938
FILLER_27_87,VPWR,li1,46.2300,84.3200,1.799938
FILLER_27_84,VPWR,li1,44.8500,84.3200,1.799941
FILLER_27_81,VPWR,li1,43.4700,84.3200,1.799943
FILLER_27_78,VPWR,li1,42.0900,84.3200,1.799946
FILLER_27_75,VPWR,li1,40.7100,84.3200,1.799946
FILLER_27_72,VPWR,li1,39.3300,84.3200,1.799949
FILLER_27_69,VPWR,li1,37.9500,84.3200,1.799951
FILLER_27_66,VPWR,li1,36.5700,84.3200,1.799951
FILLER_27_63,VPWR,li1,35.1900,84.3200,1.799954
FILLER_27_60,VPWR,li1,33.8100,84.3200,1.799956
FILLER_27_57,VPWR,li1,32.4300,84.3200,1.799956
FILLER_27_48,VPWR,li1,28.2900,84.3200,1.799962
FILLER_27_32,VPWR,li1,20.9300,84.3200,1.799971
FILLER_27_29,VPWR,li1,19.5500,84.3200,1.799971
FILLER_27_26,VPWR,li1,18.1700,84.3200,1.799969
FILLER_27_16,VPWR,li1,13.3400,84.3200,1.799966
FILLER_27_3,VPWR,li1,7.1300,84.3200,1.799965
FILLER_26_203,VPWR,li1,99.5900,84.3200,1.799873
FILLER_26_200,VPWR,li1,98.2100,84.3200,1.799875
FILLER_26_197,VPWR,li1,96.8300,84.3200,1.799875
FILLER_26_180,VPWR,li1,89.0100,84.3200,1.799883
FILLER_26_177,VPWR,li1,87.6300,84.3200,1.799886
FILLER_26_174,VPWR,li1,86.2500,84.3200,1.799889
FILLER_26_171,VPWR,li1,84.8700,84.3200,1.799889
FILLER_26_168,VPWR,li1,83.4900,84.3200,1.799892
FILLER_26_165,VPWR,li1,82.1100,84.3200,1.799894
FILLER_26_162,VPWR,li1,80.7300,84.3200,1.799894
FILLER_26_159,VPWR,li1,79.3500,84.3200,1.799896
FILLER_26_156,VPWR,li1,77.9700,84.3200,1.799899
FILLER_26_153,VPWR,li1,76.5900,84.3200,1.799899
FILLER_26_150,VPWR,li1,75.2100,84.3200,1.799902
FILLER_26_147,VPWR,li1,73.8300,84.3200,1.799905
FILLER_26_144,VPWR,li1,72.4500,84.3200,1.799905
FILLER_26_141,VPWR,li1,71.0700,84.3200,1.799907
FILLER_26_139,VPWR,li1,69.6900,84.3200,1.799909
FILLER_26_136,VPWR,li1,68.7700,84.3200,1.799909
FILLER_26_133,VPWR,li1,67.3900,84.3200,1.799912
FILLER_26_130,VPWR,li1,66.0100,84.3200,1.799915
FILLER_26_127,VPWR,li1,64.6300,84.3200,1.799915
FILLER_26_124,VPWR,li1,63.2500,84.3200,1.799918
FILLER_26_121,VPWR,li1,61.8700,84.3200,1.799920
FILLER_26_118,VPWR,li1,60.4900,84.3200,1.799920
FILLER_26_115,VPWR,li1,59.1100,84.3200,1.799923
FILLER_26_112,VPWR,li1,57.7300,84.3200,1.799925
FILLER_26_109,VPWR,li1,56.3500,84.3200,1.799925
FILLER_26_106,VPWR,li1,54.9700,84.3200,1.799928
FILLER_26_103,VPWR,li1,53.5900,84.3200,1.799931
FILLER_26_100,VPWR,li1,52.2100,84.3200,1.799931
FILLER_26_97,VPWR,li1,50.8300,84.3200,1.799933
FILLER_26_94,VPWR,li1,49.4500,84.3200,1.799936
FILLER_26_91,VPWR,li1,48.0700,84.3200,1.799936
FILLER_26_88,VPWR,li1,46.6900,84.3200,1.799938
FILLER_26_85,VPWR,li1,45.3100,84.3200,1.799941
FILLER_26_82,VPWR,li1,43.7000,84.3200,1.799943
FILLER_26_79,VPWR,li1,42.5500,84.3200,1.799943
FILLER_26_76,VPWR,li1,41.1700,84.3200,1.799946
FILLER_26_73,VPWR,li1,39.7900,84.3200,1.799949
FILLER_26_70,VPWR,li1,38.4100,84.3200,1.799949
FILLER_26_67,VPWR,li1,37.0300,84.3200,1.799951
FILLER_26_64,VPWR,li1,35.6500,84.3200,1.799954
FILLER_26_61,VPWR,li1,34.2700,84.3200,1.799954
FILLER_26_55,VPWR,li1,31.0500,84.3200,1.799959
FILLER_26_32,VPWR,li1,20.4700,84.3200,1.799971
FILLER_26_29,VPWR,li1,19.5500,84.3200,1.799971
FILLER_26_25,VPWR,li1,17.7100,84.3200,1.799969
FILLER_26_22,VPWR,li1,16.3300,84.3200,1.799967
FILLER_26_19,VPWR,li1,14.9500,84.3200,1.799967
FILLER_26_11,VPWR,li1,11.0400,84.3200,1.799965
FILLER_25_229,VPWR,li1,111.0900,78.8800,1.799919
FILLER_25_222,VPWR,li1,108.1000,78.8800,1.799920
FILLER_25_215,VPWR,li1,104.6500,78.8800,1.799921
FILLER_25_212,VPWR,li1,103.7300,78.8800,1.799921
FILLER_25_209,VPWR,li1,102.3500,78.8800,1.799922
FILLER_25_206,VPWR,li1,100.9700,78.8800,1.799922
FILLER_25_203,VPWR,li1,99.5900,78.8800,1.799923
FILLER_25_200,VPWR,li1,98.2100,78.8800,1.799923
FILLER_25_197,VPWR,li1,96.8300,78.8800,1.799925
FILLER_25_194,VPWR,li1,95.4500,78.8800,1.799925
FILLER_25_178,VPWR,li1,87.8600,78.8800,1.799931
FILLER_25_175,VPWR,li1,86.7100,78.8800,1.799931
FILLER_25_172,VPWR,li1,85.3300,78.8800,1.799933
FILLER_25_169,VPWR,li1,83.9500,78.8800,1.799933
FILLER_25_167,VPWR,li1,82.5700,78.8800,1.799934
FILLER_25_164,VPWR,li1,81.6500,78.8800,1.799936
FILLER_25_161,VPWR,li1,80.2700,78.8800,1.799936
FILLER_25_158,VPWR,li1,78.8900,78.8800,1.799938
FILLER_25_155,VPWR,li1,77.5100,78.8800,1.799940
FILLER_25_152,VPWR,li1,76.1300,78.8800,1.799940
FILLER_25_149,VPWR,li1,74.7500,78.8800,1.799942
FILLER_25_146,VPWR,li1,73.3700,78.8800,1.799943
FILLER_25_143,VPWR,li1,71.9900,78.8800,1.799943
FILLER_25_140,VPWR,li1,70.6100,78.8800,1.799945
FILLER_25_137,VPWR,li1,69.2300,78.8800,1.799947
FILLER_25_134,VPWR,li1,67.8500,78.8800,1.799947
FILLER_25_131,VPWR,li1,66.4700,78.8800,1.799948
FILLER_25_128,VPWR,li1,65.0900,78.8800,1.799950
FILLER_25_125,VPWR,li1,63.7100,78.8800,1.799950
FILLER_25_122,VPWR,li1,62.3300,78.8800,1.799952
FILLER_25_119,VPWR,li1,60.9500,78.8800,1.799954
FILLER_25_116,VPWR,li1,59.5700,78.8800,1.799954
FILLER_25_113,VPWR,li1,58.1900,78.8800,1.799955
FILLER_25_111,VPWR,li1,56.8100,78.8800,1.799957
FILLER_25_108,VPWR,li1,55.8900,78.8800,1.799957
FILLER_25_105,VPWR,li1,54.5100,78.8800,1.799959
FILLER_25_102,VPWR,li1,53.1300,78.8800,1.799961
FILLER_25_99,VPWR,li1,51.7500,78.8800,1.799961
FILLER_25_96,VPWR,li1,50.3700,78.8800,1.799963
FILLER_25_93,VPWR,li1,48.9900,78.8800,1.799964
FILLER_25_90,VPWR,li1,47.6100,78.8800,1.799964
FILLER_25_87,VPWR,li1,46.2300,78.8800,1.799966
FILLER_25_84,VPWR,li1,44.8500,78.8800,1.799968
FILLER_25_81,VPWR,li1,43.4700,78.8800,1.799968
FILLER_25_78,VPWR,li1,42.0900,78.8800,1.799969
FILLER_25_75,VPWR,li1,40.7100,78.8800,1.799971
FILLER_25_72,VPWR,li1,39.3300,78.8800,1.799971
FILLER_25_69,VPWR,li1,37.9500,78.8800,1.799973
FILLER_25_66,VPWR,li1,36.5700,78.8800,1.799975
FILLER_25_63,VPWR,li1,35.1900,78.8800,1.799975
FILLER_25_60,VPWR,li1,33.8100,78.8800,1.799977
FILLER_25_57,VPWR,li1,32.4300,78.8800,1.799979
FILLER_25_55,VPWR,li1,31.0500,78.8800,1.799979
FILLER_25_52,VPWR,li1,30.1300,78.8800,1.799980
FILLER_25_36,VPWR,li1,22.7700,78.8800,1.799987
FILLER_25_33,VPWR,li1,21.3900,78.8800,1.799987
FILLER_25_30,VPWR,li1,20.0100,78.8800,1.799987
FILLER_25_27,VPWR,li1,18.6300,78.8800,1.799986
FILLER_25_24,VPWR,li1,17.2500,78.8800,1.799986
FILLER_25_21,VPWR,li1,15.8700,78.8800,1.799985
FILLER_24_237,VPWR,li1,114.7700,78.8800,1.799919
FILLER_24_212,VPWR,li1,103.7300,78.8800,1.799921
FILLER_24_209,VPWR,li1,102.3500,78.8800,1.799922
FILLER_24_206,VPWR,li1,100.9700,78.8800,1.799922
FILLER_24_203,VPWR,li1,99.5900,78.8800,1.799923
FILLER_24_200,VPWR,li1,98.2100,78.8800,1.799923
FILLER_24_197,VPWR,li1,96.8300,78.8800,1.799925
FILLER_24_180,VPWR,li1,89.0100,78.8800,1.799928
FILLER_24_177,VPWR,li1,87.6300,78.8800,1.799931
FILLER_24_174,VPWR,li1,86.2500,78.8800,1.799931
FILLER_24_171,VPWR,li1,84.8700,78.8800,1.799933
FILLER_24_168,VPWR,li1,83.4900,78.8800,1.799934
FILLER_24_165,VPWR,li1,82.1100,78.8800,1.799934
FILLER_24_162,VPWR,li1,80.7300,78.8800,1.799936
FILLER_24_159,VPWR,li1,79.3500,78.8800,1.799938
FILLER_24_156,VPWR,li1,77.9700,78.8800,1.799938
FILLER_24_153,VPWR,li1,76.5900,78.8800,1.799940
FILLER_24_150,VPWR,li1,75.2100,78.8800,1.799942
FILLER_24_147,VPWR,li1,73.8300,78.8800,1.799942
FILLER_24_144,VPWR,li1,72.4500,78.8800,1.799943
FILLER_24_141,VPWR,li1,71.0700,78.8800,1.799945
FILLER_24_139,VPWR,li1,69.6900,78.8800,1.799945
FILLER_24_136,VPWR,li1,68.7700,78.8800,1.799947
FILLER_24_133,VPWR,li1,67.3900,78.8800,1.799948
FILLER_24_130,VPWR,li1,66.0100,78.8800,1.799948
FILLER_24_127,VPWR,li1,64.6300,78.8800,1.799950
FILLER_24_124,VPWR,li1,63.2500,78.8800,1.799952
FILLER_24_121,VPWR,li1,61.8700,78.8800,1.799952
FILLER_24_118,VPWR,li1,60.4900,78.8800,1.799954
FILLER_24_115,VPWR,li1,59.1100,78.8800,1.799955
FILLER_24_112,VPWR,li1,57.7300,78.8800,1.799955
FILLER_24_109,VPWR,li1,56.3500,78.8800,1.799957
FILLER_24_106,VPWR,li1,54.9700,78.8800,1.799959
FILLER_24_103,VPWR,li1,53.5900,78.8800,1.799959
FILLER_24_100,VPWR,li1,52.2100,78.8800,1.799961
FILLER_24_97,VPWR,li1,50.8300,78.8800,1.799963
FILLER_24_94,VPWR,li1,49.4500,78.8800,1.799963
FILLER_24_91,VPWR,li1,48.0700,78.8800,1.799964
FILLER_24_88,VPWR,li1,46.6900,78.8800,1.799966
FILLER_24_85,VPWR,li1,45.3100,78.8800,1.799966
FILLER_24_83,VPWR,li1,43.9300,78.8800,1.799968
FILLER_24_80,VPWR,li1,43.0100,78.8800,1.799969
FILLER_24_77,VPWR,li1,41.6300,78.8800,1.799969
FILLER_24_74,VPWR,li1,40.2500,78.8800,1.799971
FILLER_24_71,VPWR,li1,38.8700,78.8800,1.799973
FILLER_24_68,VPWR,li1,37.4900,78.8800,1.799973
FILLER_24_65,VPWR,li1,36.1100,78.8800,1.799975
FILLER_24_62,VPWR,li1,34.7300,78.8800,1.799977
FILLER_24_59,VPWR,li1,33.3500,78.8800,1.799977
FILLER_24_56,VPWR,li1,31.9700,78.8800,1.799979
FILLER_24_53,VPWR,li1,30.5900,78.8800,1.799980
FILLER_24_50,VPWR,li1,29.2100,78.8800,1.799980
FILLER_24_47,VPWR,li1,27.8300,78.8800,1.799983
FILLER_24_44,VPWR,li1,26.4500,78.8800,1.799983
FILLER_24_41,VPWR,li1,25.0700,78.8800,1.799985
FILLER_24_38,VPWR,li1,23.6900,78.8800,1.799985
FILLER_24_35,VPWR,li1,22.3100,78.8800,1.799987
FILLER_24_32,VPWR,li1,20.9300,78.8800,1.799987
FILLER_24_29,VPWR,li1,19.5500,78.8800,1.799987
FILLER_24_25,VPWR,li1,17.7100,78.8800,1.799986
FILLER_24_22,VPWR,li1,16.3300,78.8800,1.799985
FILLER_24_19,VPWR,li1,14.9500,78.8800,1.799985
FILLER_23_210,VPWR,li1,102.5800,73.4400,1.799792
FILLER_23_207,VPWR,li1,101.4300,73.4400,1.799792
FILLER_23_204,VPWR,li1,100.0500,73.4400,1.799797
FILLER_23_201,VPWR,li1,98.6700,73.4400,1.799797
FILLER_23_198,VPWR,li1,97.2900,73.4400,1.799800
FILLER_23_195,VPWR,li1,95.9100,73.4400,1.799804
FILLER_23_185,VPWR,li1,90.8500,73.4400,1.799814
FILLER_23_182,VPWR,li1,89.9300,73.4400,1.799814
FILLER_23_172,VPWR,li1,85.3300,73.4400,1.799825
FILLER_23_169,VPWR,li1,83.9500,73.4400,1.799830
FILLER_23_167,VPWR,li1,82.5700,73.4400,1.799830
FILLER_23_164,VPWR,li1,81.6500,73.4400,1.799834
FILLER_23_161,VPWR,li1,80.2700,73.4400,1.799838
FILLER_23_158,VPWR,li1,78.8900,73.4400,1.799838
FILLER_23_155,VPWR,li1,77.5100,73.4400,1.799843
FILLER_23_152,VPWR,li1,76.1300,73.4400,1.799847
FILLER_23_149,VPWR,li1,74.7500,73.4400,1.799847
FILLER_23_146,VPWR,li1,73.3700,73.4400,1.799853
FILLER_23_143,VPWR,li1,71.9900,73.4400,1.799857
FILLER_23_140,VPWR,li1,70.6100,73.4400,1.799857
FILLER_23_137,VPWR,li1,69.2300,73.4400,1.799861
FILLER_23_134,VPWR,li1,67.8500,73.4400,1.799866
FILLER_23_131,VPWR,li1,66.4700,73.4400,1.799866
FILLER_23_128,VPWR,li1,65.0900,73.4400,1.799870
FILLER_23_125,VPWR,li1,63.7100,73.4400,1.799876
FILLER_23_122,VPWR,li1,62.3300,73.4400,1.799876
FILLER_23_119,VPWR,li1,60.9500,73.4400,1.799880
FILLER_23_116,VPWR,li1,59.5700,73.4400,1.799885
FILLER_23_113,VPWR,li1,58.1900,73.4400,1.799885
FILLER_23_111,VPWR,li1,56.8100,73.4400,1.799889
FILLER_23_108,VPWR,li1,55.8900,73.4400,1.799893
FILLER_23_105,VPWR,li1,54.5100,73.4400,1.799893
FILLER_23_102,VPWR,li1,53.1300,73.4400,1.799899
FILLER_23_99,VPWR,li1,51.7500,73.4400,1.799903
FILLER_23_96,VPWR,li1,50.3700,73.4400,1.799903
FILLER_23_93,VPWR,li1,48.9900,73.4400,1.799908
FILLER_23_90,VPWR,li1,47.6100,73.4400,1.799912
FILLER_23_87,VPWR,li1,46.2300,73.4400,1.799912
FILLER_23_84,VPWR,li1,44.8500,73.4400,1.799916
FILLER_23_81,VPWR,li1,43.4700,73.4400,1.799922
FILLER_23_78,VPWR,li1,42.0900,73.4400,1.799922
FILLER_23_75,VPWR,li1,40.7100,73.4400,1.799928
FILLER_23_72,VPWR,li1,39.3300,73.4400,1.799928
FILLER_23_69,VPWR,li1,37.9500,73.4400,1.799934
FILLER_23_66,VPWR,li1,36.5700,73.4400,1.799934
FILLER_23_63,VPWR,li1,35.1900,73.4400,1.799940
FILLER_23_60,VPWR,li1,33.8100,73.4400,1.799940
FILLER_23_57,VPWR,li1,32.4300,73.4400,1.799946
FILLER_23_54,VPWR,li1,30.8200,73.4400,1.799951
FILLER_23_51,VPWR,li1,29.6700,73.4400,1.799951
FILLER_23_44,VPWR,li1,26.2200,73.4400,1.799959
FILLER_23_41,VPWR,li1,25.0700,73.4400,1.799965
FILLER_23_38,VPWR,li1,23.6900,73.4400,1.799965
FILLER_23_35,VPWR,li1,22.3100,73.4400,1.799970
FILLER_23_32,VPWR,li1,20.9300,73.4400,1.799968
FILLER_23_29,VPWR,li1,19.5500,73.4400,1.799968
FILLER_23_17,VPWR,li1,13.8000,73.4400,1.799966
FILLER_23_3,VPWR,li1,7.1300,73.4400,1.799965
FILLER_22_237,VPWR,li1,114.7700,73.4400,1.799776
FILLER_22_206,VPWR,li1,100.9700,73.4400,1.799792
FILLER_22_203,VPWR,li1,99.5900,73.4400,1.799797
FILLER_22_200,VPWR,li1,98.2100,73.4400,1.799800
FILLER_22_197,VPWR,li1,96.8300,73.4400,1.799800
FILLER_22_193,VPWR,li1,94.9900,73.4400,1.799804
FILLER_22_190,VPWR,li1,93.6100,73.4400,1.799809
FILLER_22_187,VPWR,li1,92.2300,73.4400,1.799809
FILLER_22_184,VPWR,li1,90.8500,73.4400,1.799814
FILLER_22_175,VPWR,li1,86.2500,73.4400,1.799825
FILLER_22_168,VPWR,li1,83.0300,73.4400,1.799830
FILLER_22_165,VPWR,li1,82.1100,73.4400,1.799834
FILLER_22_162,VPWR,li1,80.7300,73.4400,1.799834
FILLER_22_159,VPWR,li1,79.3500,73.4400,1.799838
FILLER_22_156,VPWR,li1,77.9700,73.4400,1.799843
FILLER_22_153,VPWR,li1,76.5900,73.4400,1.799843
FILLER_22_150,VPWR,li1,75.2100,73.4400,1.799847
FILLER_22_147,VPWR,li1,73.8300,73.4400,1.799853
FILLER_22_144,VPWR,li1,72.4500,73.4400,1.799853
FILLER_22_141,VPWR,li1,71.0700,73.4400,1.799857
FILLER_22_139,VPWR,li1,69.6900,73.4400,1.799861
FILLER_22_136,VPWR,li1,68.7700,73.4400,1.799861
FILLER_22_133,VPWR,li1,67.3900,73.4400,1.799866
FILLER_22_130,VPWR,li1,66.0100,73.4400,1.799870
FILLER_22_127,VPWR,li1,64.6300,73.4400,1.799870
FILLER_22_124,VPWR,li1,63.2500,73.4400,1.799876
FILLER_22_121,VPWR,li1,61.8700,73.4400,1.799880
FILLER_22_118,VPWR,li1,60.4900,73.4400,1.799880
FILLER_22_115,VPWR,li1,59.1100,73.4400,1.799885
FILLER_22_112,VPWR,li1,57.7300,73.4400,1.799889
FILLER_22_109,VPWR,li1,56.3500,73.4400,1.799889
FILLER_22_106,VPWR,li1,54.9700,73.4400,1.799893
FILLER_22_103,VPWR,li1,53.5900,73.4400,1.799899
FILLER_22_100,VPWR,li1,52.2100,73.4400,1.799899
FILLER_22_97,VPWR,li1,50.8300,73.4400,1.799903
FILLER_22_94,VPWR,li1,49.4500,73.4400,1.799908
FILLER_22_91,VPWR,li1,48.0700,73.4400,1.799908
FILLER_22_88,VPWR,li1,46.6900,73.4400,1.799912
FILLER_22_85,VPWR,li1,45.3100,73.4400,1.799916
FILLER_22_81,VPWR,li1,43.4700,73.4400,1.799922
FILLER_22_78,VPWR,li1,42.0900,73.4400,1.799922
FILLER_22_75,VPWR,li1,40.7100,73.4400,1.799928
FILLER_22_72,VPWR,li1,39.3300,73.4400,1.799928
FILLER_22_69,VPWR,li1,37.9500,73.4400,1.799934
FILLER_22_66,VPWR,li1,36.5700,73.4400,1.799934
FILLER_22_63,VPWR,li1,35.1900,73.4400,1.799940
FILLER_22_42,VPWR,li1,25.0700,73.4400,1.799965
FILLER_22_39,VPWR,li1,24.1500,73.4400,1.799965
FILLER_22_36,VPWR,li1,22.7700,73.4400,1.799970
FILLER_22_27,VPWR,li1,18.1700,73.4400,1.799968
FILLER_21_198,VPWR,li1,97.0600,68.0000,1.799888
FILLER_21_195,VPWR,li1,95.9100,68.0000,1.799888
FILLER_21_192,VPWR,li1,94.5300,68.0000,1.799891
FILLER_21_189,VPWR,li1,93.1500,68.0000,1.799891
FILLER_21_186,VPWR,li1,91.7700,68.0000,1.799894
FILLER_21_183,VPWR,li1,90.3900,68.0000,1.799896
FILLER_21_180,VPWR,li1,89.0100,68.0000,1.799896
FILLER_21_177,VPWR,li1,87.6300,68.0000,1.799898
FILLER_21_167,VPWR,li1,82.5700,68.0000,1.799903
FILLER_21_164,VPWR,li1,81.6500,68.0000,1.799905
FILLER_21_161,VPWR,li1,80.2700,68.0000,1.799905
FILLER_21_158,VPWR,li1,78.8900,68.0000,1.799909
FILLER_21_155,VPWR,li1,77.5100,68.0000,1.799909
FILLER_21_152,VPWR,li1,76.1300,68.0000,1.799912
FILLER_21_149,VPWR,li1,74.7500,68.0000,1.799914
FILLER_21_146,VPWR,li1,73.3700,68.0000,1.799914
FILLER_21_143,VPWR,li1,71.9900,68.0000,1.799917
FILLER_21_140,VPWR,li1,70.6100,68.0000,1.799919
FILLER_21_137,VPWR,li1,69.2300,68.0000,1.799919
FILLER_21_134,VPWR,li1,67.8500,68.0000,1.799921
FILLER_21_131,VPWR,li1,66.4700,68.0000,1.799924
FILLER_21_128,VPWR,li1,65.0900,68.0000,1.799924
FILLER_21_125,VPWR,li1,63.7100,68.0000,1.799926
FILLER_21_122,VPWR,li1,62.3300,68.0000,1.799929
FILLER_21_119,VPWR,li1,60.9500,68.0000,1.799929
FILLER_21_116,VPWR,li1,59.5700,68.0000,1.799931
FILLER_21_113,VPWR,li1,58.1900,68.0000,1.799933
FILLER_21_109,VPWR,li1,56.3500,68.0000,1.799936
FILLER_21_106,VPWR,li1,54.9700,68.0000,1.799936
FILLER_21_103,VPWR,li1,53.5900,68.0000,1.799940
FILLER_21_100,VPWR,li1,52.2100,68.0000,1.799940
FILLER_21_97,VPWR,li1,50.8300,68.0000,1.799943
FILLER_21_94,VPWR,li1,49.4500,68.0000,1.799943
FILLER_21_91,VPWR,li1,48.0700,68.0000,1.799946
FILLER_21_88,VPWR,li1,46.6900,68.0000,1.799946
FILLER_21_85,VPWR,li1,45.3100,68.0000,1.799950
FILLER_21_82,VPWR,li1,43.9300,68.0000,1.799950
FILLER_21_79,VPWR,li1,42.5500,68.0000,1.799953
FILLER_21_76,VPWR,li1,41.1700,68.0000,1.799953
FILLER_21_73,VPWR,li1,39.7900,68.0000,1.799956
FILLER_21_70,VPWR,li1,38.4100,68.0000,1.799956
FILLER_21_67,VPWR,li1,37.0300,68.0000,1.799960
FILLER_21_64,VPWR,li1,35.6500,68.0000,1.799960
FILLER_21_47,VPWR,li1,27.8300,68.0000,1.799972
FILLER_21_44,VPWR,li1,26.4500,68.0000,1.799972
FILLER_21_41,VPWR,li1,25.0700,68.0000,1.799976
FILLER_21_38,VPWR,li1,23.6900,68.0000,1.799976
FILLER_21_35,VPWR,li1,22.3100,68.0000,1.799980
FILLER_21_20,VPWR,li1,15.1800,68.0000,1.799977
FILLER_21_17,VPWR,li1,14.0300,68.0000,1.799977
FILLER_21_3,VPWR,li1,7.1300,68.0000,1.799976
FILLER_20_237,VPWR,li1,114.7700,68.0000,1.799878
FILLER_20_234,VPWR,li1,113.8500,68.0000,1.799878
FILLER_20_219,VPWR,li1,106.7200,68.0000,1.799880
FILLER_20_187,VPWR,li1,92.0000,68.0000,1.799894
FILLER_20_184,VPWR,li1,90.8500,68.0000,1.799894
FILLER_20_181,VPWR,li1,89.4700,68.0000,1.799896
FILLER_20_178,VPWR,li1,88.0900,68.0000,1.799898
FILLER_20_175,VPWR,li1,86.7100,68.0000,1.799898
FILLER_20_159,VPWR,li1,79.1200,68.0000,1.799909
FILLER_20_156,VPWR,li1,77.9700,68.0000,1.799909
FILLER_20_153,VPWR,li1,76.5900,68.0000,1.799912
FILLER_20_150,VPWR,li1,75.2100,68.0000,1.799912
FILLER_20_147,VPWR,li1,73.8300,68.0000,1.799914
FILLER_20_144,VPWR,li1,72.4500,68.0000,1.799917
FILLER_20_141,VPWR,li1,71.0700,68.0000,1.799917
FILLER_20_139,VPWR,li1,69.6900,68.0000,1.799919
FILLER_20_136,VPWR,li1,68.7700,68.0000,1.799921
FILLER_20_133,VPWR,li1,67.3900,68.0000,1.799921
FILLER_20_130,VPWR,li1,66.0100,68.0000,1.799924
FILLER_20_127,VPWR,li1,64.6300,68.0000,1.799926
FILLER_20_124,VPWR,li1,63.2500,68.0000,1.799926
FILLER_20_121,VPWR,li1,61.8700,68.0000,1.799929
FILLER_20_118,VPWR,li1,60.4900,68.0000,1.799931
FILLER_20_115,VPWR,li1,59.1100,68.0000,1.799931
FILLER_20_112,VPWR,li1,57.7300,68.0000,1.799933
FILLER_20_109,VPWR,li1,56.3500,68.0000,1.799936
FILLER_20_106,VPWR,li1,54.9700,68.0000,1.799936
FILLER_20_103,VPWR,li1,53.5900,68.0000,1.799940
FILLER_20_100,VPWR,li1,52.2100,68.0000,1.799940
FILLER_20_97,VPWR,li1,50.8300,68.0000,1.799943
FILLER_20_94,VPWR,li1,49.4500,68.0000,1.799943
FILLER_20_91,VPWR,li1,48.0700,68.0000,1.799946
FILLER_20_88,VPWR,li1,46.6900,68.0000,1.799946
FILLER_20_85,VPWR,li1,45.3100,68.0000,1.799950
FILLER_20_82,VPWR,li1,43.7000,68.0000,1.799950
FILLER_20_79,VPWR,li1,42.5500,68.0000,1.799953
FILLER_20_76,VPWR,li1,41.1700,68.0000,1.799953
FILLER_20_73,VPWR,li1,39.7900,68.0000,1.799956
FILLER_20_70,VPWR,li1,38.4100,68.0000,1.799956
FILLER_20_67,VPWR,li1,37.0300,68.0000,1.799960
FILLER_20_64,VPWR,li1,35.6500,68.0000,1.799960
FILLER_20_61,VPWR,li1,34.2700,68.0000,1.799962
FILLER_20_53,VPWR,li1,30.1300,68.0000,1.799968
FILLER_20_50,VPWR,li1,29.2100,68.0000,1.799968
FILLER_20_47,VPWR,li1,27.8300,68.0000,1.799972
FILLER_20_44,VPWR,li1,26.4500,68.0000,1.799972
FILLER_20_41,VPWR,li1,25.0700,68.0000,1.799976
FILLER_20_38,VPWR,li1,23.6900,68.0000,1.799976
FILLER_20_35,VPWR,li1,22.3100,68.0000,1.799980
FILLER_20_32,VPWR,li1,20.9300,68.0000,1.799980
FILLER_20_29,VPWR,li1,19.5500,68.0000,1.799978
FILLER_20_27,VPWR,li1,18.1700,68.0000,1.799978
FILLER_19_221,VPWR,li1,107.8700,62.5600,1.799726
FILLER_19_210,VPWR,li1,102.8100,62.5600,1.799741
FILLER_19_207,VPWR,li1,101.4300,62.5600,1.799741
FILLER_19_204,VPWR,li1,100.0500,62.5600,1.799745
FILLER_19_180,VPWR,li1,88.7800,62.5600,1.799771
FILLER_19_177,VPWR,li1,87.6300,62.5600,1.799777
FILLER_19_174,VPWR,li1,86.2500,62.5600,1.799777
FILLER_19_167,VPWR,li1,82.5700,62.5600,1.799789
FILLER_19_164,VPWR,li1,81.6500,62.5600,1.799789
FILLER_19_161,VPWR,li1,80.2700,62.5600,1.799795
FILLER_19_158,VPWR,li1,78.8900,62.5600,1.799799
FILLER_19_155,VPWR,li1,77.5100,62.5600,1.799799
FILLER_19_152,VPWR,li1,76.1300,62.5600,1.799805
FILLER_19_149,VPWR,li1,74.7500,62.5600,1.799810
FILLER_19_146,VPWR,li1,73.3700,62.5600,1.799810
FILLER_19_143,VPWR,li1,71.9900,62.5600,1.799816
FILLER_19_140,VPWR,li1,70.6100,62.5600,1.799820
FILLER_19_137,VPWR,li1,69.2300,62.5600,1.799820
FILLER_19_134,VPWR,li1,67.8500,62.5600,1.799825
FILLER_19_131,VPWR,li1,66.4700,62.5600,1.799831
FILLER_19_128,VPWR,li1,65.0900,62.5600,1.799831
FILLER_19_125,VPWR,li1,63.7100,62.5600,1.799836
FILLER_19_122,VPWR,li1,62.3300,62.5600,1.799841
FILLER_19_119,VPWR,li1,60.9500,62.5600,1.799841
FILLER_19_116,VPWR,li1,59.5700,62.5600,1.799846
FILLER_19_113,VPWR,li1,58.1900,62.5600,1.799851
FILLER_19_110,VPWR,li1,56.5800,62.5600,1.799855
FILLER_19_107,VPWR,li1,55.4300,62.5600,1.799855
FILLER_19_104,VPWR,li1,54.0500,62.5600,1.799860
FILLER_19_101,VPWR,li1,52.6700,62.5600,1.799866
FILLER_19_98,VPWR,li1,51.2900,62.5600,1.799866
FILLER_19_95,VPWR,li1,49.9100,62.5600,1.799871
FILLER_19_92,VPWR,li1,48.5300,62.5600,1.799877
FILLER_19_89,VPWR,li1,47.1500,62.5600,1.799877
FILLER_19_86,VPWR,li1,45.7700,62.5600,1.799884
FILLER_19_83,VPWR,li1,44.3900,62.5600,1.799884
FILLER_19_80,VPWR,li1,43.0100,62.5600,1.799888
FILLER_19_72,VPWR,li1,39.3300,62.5600,1.799901
FILLER_19_69,VPWR,li1,37.9500,62.5600,1.799901
FILLER_19_66,VPWR,li1,36.5700,62.5600,1.799908
FILLER_19_63,VPWR,li1,35.1900,62.5600,1.799908
FILLER_19_60,VPWR,li1,33.8100,62.5600,1.799915
FILLER_19_57,VPWR,li1,32.4300,62.5600,1.799915
FILLER_19_55,VPWR,li1,31.0500,62.5600,1.799922
FILLER_19_52,VPWR,li1,30.1300,62.5600,1.799922
FILLER_19_49,VPWR,li1,28.7500,62.5600,1.799927
FILLER_19_46,VPWR,li1,27.3700,62.5600,1.799935
FILLER_19_43,VPWR,li1,25.9900,62.5600,1.799935
FILLER_19_40,VPWR,li1,24.6100,62.5600,1.799942
FILLER_19_37,VPWR,li1,23.2300,62.5600,1.799942
FILLER_19_27,VPWR,li1,18.4000,62.5600,1.799947
FILLER_18_212,VPWR,li1,103.5000,62.5600,1.799736
FILLER_18_209,VPWR,li1,102.3500,62.5600,1.799741
FILLER_18_206,VPWR,li1,100.9700,62.5600,1.799745
FILLER_18_203,VPWR,li1,99.5900,62.5600,1.799745
FILLER_18_200,VPWR,li1,98.2100,62.5600,1.799751
FILLER_18_197,VPWR,li1,96.8300,62.5600,1.799751
FILLER_18_195,VPWR,li1,95.4500,62.5600,1.799757
FILLER_18_192,VPWR,li1,94.5300,62.5600,1.799757
FILLER_18_189,VPWR,li1,93.1500,62.5600,1.799763
FILLER_18_186,VPWR,li1,91.7700,62.5600,1.799763
FILLER_18_183,VPWR,li1,90.3900,62.5600,1.799771
FILLER_18_180,VPWR,li1,89.0100,62.5600,1.799771
FILLER_18_177,VPWR,li1,87.6300,62.5600,1.799777
FILLER_18_174,VPWR,li1,86.2500,62.5600,1.799777
FILLER_18_171,VPWR,li1,84.8700,62.5600,1.799784
FILLER_18_168,VPWR,li1,83.4900,62.5600,1.799784
FILLER_18_165,VPWR,li1,82.1100,62.5600,1.799789
FILLER_18_162,VPWR,li1,80.7300,62.5600,1.799795
FILLER_18_159,VPWR,li1,79.3500,62.5600,1.799795
FILLER_18_156,VPWR,li1,77.9700,62.5600,1.799799
FILLER_18_153,VPWR,li1,76.5900,62.5600,1.799805
FILLER_18_150,VPWR,li1,75.2100,62.5600,1.799805
FILLER_18_147,VPWR,li1,73.8300,62.5600,1.799810
FILLER_18_144,VPWR,li1,72.4500,62.5600,1.799816
FILLER_18_141,VPWR,li1,71.0700,62.5600,1.799816
FILLER_18_139,VPWR,li1,69.6900,62.5600,1.799820
FILLER_18_136,VPWR,li1,68.7700,62.5600,1.799825
FILLER_18_133,VPWR,li1,67.3900,62.5600,1.799825
FILLER_18_130,VPWR,li1,66.0100,62.5600,1.799831
FILLER_18_127,VPWR,li1,64.6300,62.5600,1.799836
FILLER_18_124,VPWR,li1,63.2500,62.5600,1.799836
FILLER_18_121,VPWR,li1,61.8700,62.5600,1.799841
FILLER_18_118,VPWR,li1,60.4900,62.5600,1.799846
FILLER_18_115,VPWR,li1,59.1100,62.5600,1.799846
FILLER_18_112,VPWR,li1,57.7300,62.5600,1.799851
FILLER_18_109,VPWR,li1,56.3500,62.5600,1.799855
FILLER_18_106,VPWR,li1,54.9700,62.5600,1.799860
FILLER_18_103,VPWR,li1,53.5900,62.5600,1.799860
FILLER_18_100,VPWR,li1,52.2100,62.5600,1.799866
FILLER_18_97,VPWR,li1,50.8300,62.5600,1.799871
FILLER_18_94,VPWR,li1,49.4500,62.5600,1.799871
FILLER_18_91,VPWR,li1,48.0700,62.5600,1.799877
FILLER_18_69,VPWR,li1,37.9500,62.5600,1.799901
FILLER_18_66,VPWR,li1,36.5700,62.5600,1.799908
FILLER_18_63,VPWR,li1,35.1900,62.5600,1.799908
FILLER_18_49,VPWR,li1,28.2900,62.5600,1.799927
FILLER_18_46,VPWR,li1,27.3700,62.5600,1.799935
FILLER_18_3,VPWR,li1,7.5900,62.5600,1.799942
FILLER_17_228,VPWR,li1,110.6300,57.1200,1.799816
FILLER_17_225,VPWR,li1,109.7100,57.1200,1.799818
FILLER_17_208,VPWR,li1,101.8900,57.1200,1.799825
FILLER_17_205,VPWR,li1,100.5100,57.1200,1.799828
FILLER_17_202,VPWR,li1,99.1300,57.1200,1.799828
FILLER_17_199,VPWR,li1,97.7500,57.1200,1.799831
FILLER_17_196,VPWR,li1,96.3700,57.1200,1.799833
FILLER_17_193,VPWR,li1,94.9900,57.1200,1.799833
FILLER_17_184,VPWR,li1,90.8500,57.1200,1.799841
FILLER_17_181,VPWR,li1,89.4700,57.1200,1.799841
FILLER_17_178,VPWR,li1,88.0900,57.1200,1.799845
FILLER_17_175,VPWR,li1,86.7100,57.1200,1.799848
FILLER_17_172,VPWR,li1,85.3300,57.1200,1.799848
FILLER_17_169,VPWR,li1,83.9500,57.1200,1.799851
FILLER_17_167,VPWR,li1,82.5700,57.1200,1.799854
FILLER_17_164,VPWR,li1,81.6500,57.1200,1.799854
FILLER_17_161,VPWR,li1,80.2700,57.1200,1.799858
FILLER_17_158,VPWR,li1,78.8900,57.1200,1.799861
FILLER_17_155,VPWR,li1,77.5100,57.1200,1.799861
FILLER_17_152,VPWR,li1,76.1300,57.1200,1.799865
FILLER_17_149,VPWR,li1,74.7500,57.1200,1.799869
FILLER_17_146,VPWR,li1,73.3700,57.1200,1.799869
FILLER_17_143,VPWR,li1,71.9900,57.1200,1.799873
FILLER_17_140,VPWR,li1,70.6100,57.1200,1.799876
FILLER_17_137,VPWR,li1,69.2300,57.1200,1.799876
FILLER_17_134,VPWR,li1,67.8500,57.1200,1.799879
FILLER_17_131,VPWR,li1,66.4700,57.1200,1.799883
FILLER_17_128,VPWR,li1,65.0900,57.1200,1.799883
FILLER_17_125,VPWR,li1,63.7100,57.1200,1.799886
FILLER_17_122,VPWR,li1,62.3300,57.1200,1.799890
FILLER_17_119,VPWR,li1,60.9500,57.1200,1.799890
FILLER_17_116,VPWR,li1,59.5700,57.1200,1.799893
FILLER_17_113,VPWR,li1,58.1900,57.1200,1.799896
FILLER_17_109,VPWR,li1,56.3500,57.1200,1.799900
FILLER_17_106,VPWR,li1,54.9700,57.1200,1.799900
FILLER_17_103,VPWR,li1,53.5900,57.1200,1.799905
FILLER_17_100,VPWR,li1,52.2100,57.1200,1.799905
FILLER_17_97,VPWR,li1,50.8300,57.1200,1.799910
FILLER_17_94,VPWR,li1,49.4500,57.1200,1.799910
FILLER_17_91,VPWR,li1,48.0700,57.1200,1.799914
FILLER_17_88,VPWR,li1,46.6900,57.1200,1.799914
FILLER_17_85,VPWR,li1,45.3100,57.1200,1.799918
FILLER_17_82,VPWR,li1,43.9300,57.1200,1.799921
FILLER_17_79,VPWR,li1,42.5500,57.1200,1.799921
FILLER_17_76,VPWR,li1,41.1700,57.1200,1.799925
FILLER_17_73,VPWR,li1,39.7900,57.1200,1.799928
FILLER_17_70,VPWR,li1,38.4100,57.1200,1.799928
FILLER_17_67,VPWR,li1,37.0300,57.1200,1.799933
FILLER_17_64,VPWR,li1,35.6500,57.1200,1.799933
FILLER_17_47,VPWR,li1,27.6000,57.1200,1.799950
FILLER_17_44,VPWR,li1,26.4500,57.1200,1.799950
FILLER_17_29,VPWR,li1,19.3200,57.1200,1.799957
FILLER_17_26,VPWR,li1,18.1700,57.1200,1.799957
FILLER_17_20,VPWR,li1,15.1800,57.1200,1.799951
FILLER_16_237,VPWR,li1,114.7700,57.1200,1.799814
FILLER_16_217,VPWR,li1,105.5700,57.1200,1.799821
FILLER_16_200,VPWR,li1,97.9800,57.1200,1.799831
FILLER_16_197,VPWR,li1,96.8300,57.1200,1.799831
FILLER_16_177,VPWR,li1,87.4000,57.1200,1.799845
FILLER_16_174,VPWR,li1,86.2500,57.1200,1.799848
FILLER_16_171,VPWR,li1,84.8700,57.1200,1.799851
FILLER_16_168,VPWR,li1,83.4900,57.1200,1.799851
FILLER_16_165,VPWR,li1,82.1100,57.1200,1.799854
FILLER_16_162,VPWR,li1,80.7300,57.1200,1.799858
FILLER_16_159,VPWR,li1,79.3500,57.1200,1.799858
FILLER_16_156,VPWR,li1,77.9700,57.1200,1.799861
FILLER_16_153,VPWR,li1,76.5900,57.1200,1.799865
FILLER_16_150,VPWR,li1,75.2100,57.1200,1.799865
FILLER_16_147,VPWR,li1,73.8300,57.1200,1.799869
FILLER_16_144,VPWR,li1,72.4500,57.1200,1.799873
FILLER_16_141,VPWR,li1,71.0700,57.1200,1.799873
FILLER_16_139,VPWR,li1,69.6900,57.1200,1.799876
FILLER_16_136,VPWR,li1,68.7700,57.1200,1.799879
FILLER_16_133,VPWR,li1,67.3900,57.1200,1.799879
FILLER_16_130,VPWR,li1,66.0100,57.1200,1.799883
FILLER_16_127,VPWR,li1,64.6300,57.1200,1.799886
FILLER_16_124,VPWR,li1,63.2500,57.1200,1.799886
FILLER_16_121,VPWR,li1,61.8700,57.1200,1.799890
FILLER_16_118,VPWR,li1,60.4900,57.1200,1.799893
FILLER_16_115,VPWR,li1,59.1100,57.1200,1.799893
FILLER_16_112,VPWR,li1,57.7300,57.1200,1.799896
FILLER_16_109,VPWR,li1,56.3500,57.1200,1.799900
FILLER_16_106,VPWR,li1,54.9700,57.1200,1.799900
FILLER_16_103,VPWR,li1,53.5900,57.1200,1.799905
FILLER_16_100,VPWR,li1,52.2100,57.1200,1.799905
FILLER_16_97,VPWR,li1,50.8300,57.1200,1.799910
FILLER_16_94,VPWR,li1,49.4500,57.1200,1.799910
FILLER_16_91,VPWR,li1,48.0700,57.1200,1.799914
FILLER_16_88,VPWR,li1,46.6900,57.1200,1.799914
FILLER_16_85,VPWR,li1,45.3100,57.1200,1.799918
FILLER_16_83,VPWR,li1,43.9300,57.1200,1.799921
FILLER_16_80,VPWR,li1,43.0100,57.1200,1.799921
FILLER_16_77,VPWR,li1,41.6300,57.1200,1.799925
FILLER_16_74,VPWR,li1,40.2500,57.1200,1.799925
FILLER_16_71,VPWR,li1,38.8700,57.1200,1.799928
FILLER_16_65,VPWR,li1,35.6500,57.1200,1.799933
FILLER_16_62,VPWR,li1,34.7300,57.1200,1.799937
FILLER_16_59,VPWR,li1,33.3500,57.1200,1.799937
FILLER_16_56,VPWR,li1,31.9700,57.1200,1.799941
FILLER_16_53,VPWR,li1,30.5900,57.1200,1.799945
FILLER_16_50,VPWR,li1,29.2100,57.1200,1.799945
FILLER_16_47,VPWR,li1,27.8300,57.1200,1.799950
FILLER_16_44,VPWR,li1,26.4500,57.1200,1.799950
FILLER_16_41,VPWR,li1,25.0700,57.1200,1.799956
FILLER_16_38,VPWR,li1,23.6900,57.1200,1.799956
FILLER_16_35,VPWR,li1,22.3100,57.1200,1.799961
FILLER_16_32,VPWR,li1,20.9300,57.1200,1.799961
FILLER_16_29,VPWR,li1,19.5500,57.1200,1.799957
FILLER_16_27,VPWR,li1,18.1700,57.1200,1.799957
FILLER_15_206,VPWR,li1,100.5100,51.6800,1.799850
FILLER_15_203,VPWR,li1,99.5900,51.6800,1.799852
FILLER_15_172,VPWR,li1,84.8700,51.6800,1.799866
FILLER_15_169,VPWR,li1,83.9500,51.6800,1.799866
FILLER_15_167,VPWR,li1,82.5700,51.6800,1.799868
FILLER_15_164,VPWR,li1,81.6500,51.6800,1.799871
FILLER_15_161,VPWR,li1,80.2700,51.6800,1.799871
FILLER_15_158,VPWR,li1,78.8900,51.6800,1.799874
FILLER_15_155,VPWR,li1,77.5100,51.6800,1.799876
FILLER_15_152,VPWR,li1,76.1300,51.6800,1.799876
FILLER_15_149,VPWR,li1,74.7500,51.6800,1.799879
FILLER_15_146,VPWR,li1,73.3700,51.6800,1.799881
FILLER_15_143,VPWR,li1,71.9900,51.6800,1.799881
FILLER_15_140,VPWR,li1,70.6100,51.6800,1.799883
FILLER_15_137,VPWR,li1,69.2300,51.6800,1.799886
FILLER_15_134,VPWR,li1,67.8500,51.6800,1.799886
FILLER_15_131,VPWR,li1,66.4700,51.6800,1.799889
FILLER_15_128,VPWR,li1,65.0900,51.6800,1.799891
FILLER_15_125,VPWR,li1,63.7100,51.6800,1.799891
FILLER_15_122,VPWR,li1,62.3300,51.6800,1.799894
FILLER_15_119,VPWR,li1,60.9500,51.6800,1.799896
FILLER_15_116,VPWR,li1,59.5700,51.6800,1.799896
FILLER_15_113,VPWR,li1,58.1900,51.6800,1.799899
FILLER_15_110,VPWR,li1,56.5800,51.6800,1.799902
FILLER_15_107,VPWR,li1,55.4300,51.6800,1.799902
FILLER_15_104,VPWR,li1,54.0500,51.6800,1.799906
FILLER_15_101,VPWR,li1,52.6700,51.6800,1.799909
FILLER_15_98,VPWR,li1,51.2900,51.6800,1.799909
FILLER_15_92,VPWR,li1,48.0700,51.6800,1.799916
FILLER_15_89,VPWR,li1,47.1500,51.6800,1.799916
FILLER_15_86,VPWR,li1,45.7700,51.6800,1.799919
FILLER_15_83,VPWR,li1,44.3900,51.6800,1.799924
FILLER_15_80,VPWR,li1,43.0100,51.6800,1.799924
FILLER_15_77,VPWR,li1,41.6300,51.6800,1.799927
FILLER_15_63,VPWR,li1,34.9600,51.6800,1.799942
FILLER_15_60,VPWR,li1,33.8100,51.6800,1.799942
FILLER_15_57,VPWR,li1,32.4300,51.6800,1.799947
FILLER_15_55,VPWR,li1,31.0500,51.6800,1.799947
FILLER_15_52,VPWR,li1,30.1300,51.6800,1.799951
FILLER_15_49,VPWR,li1,28.7500,51.6800,1.799954
FILLER_15_46,VPWR,li1,27.3700,51.6800,1.799954
FILLER_15_6,VPWR,li1,8.5100,51.6800,1.799964
FILLER_15_3,VPWR,li1,7.5900,51.6800,1.799964
FILLER_14_212,VPWR,li1,103.7300,51.6800,1.799849
FILLER_14_209,VPWR,li1,102.3500,51.6800,1.799849
FILLER_14_206,VPWR,li1,100.9700,51.6800,1.799850
FILLER_14_203,VPWR,li1,99.5900,51.6800,1.799852
FILLER_14_200,VPWR,li1,98.2100,51.6800,1.799852
FILLER_14_197,VPWR,li1,96.8300,51.6800,1.799854
FILLER_14_195,VPWR,li1,95.4500,51.6800,1.799854
FILLER_14_180,VPWR,li1,88.7800,51.6800,1.799860
FILLER_14_177,VPWR,li1,87.6300,51.6800,1.799863
FILLER_14_174,VPWR,li1,86.2500,51.6800,1.799863
FILLER_14_171,VPWR,li1,84.8700,51.6800,1.799866
FILLER_14_168,VPWR,li1,83.4900,51.6800,1.799868
FILLER_14_165,VPWR,li1,82.1100,51.6800,1.799868
FILLER_14_162,VPWR,li1,80.7300,51.6800,1.799871
FILLER_14_159,VPWR,li1,79.3500,51.6800,1.799874
FILLER_14_156,VPWR,li1,77.9700,51.6800,1.799874
FILLER_14_153,VPWR,li1,76.5900,51.6800,1.799876
FILLER_14_150,VPWR,li1,75.2100,51.6800,1.799879
FILLER_14_147,VPWR,li1,73.8300,51.6800,1.799879
FILLER_14_144,VPWR,li1,72.4500,51.6800,1.799881
FILLER_14_141,VPWR,li1,71.0700,51.6800,1.799883
FILLER_14_138,VPWR,li1,69.4600,51.6800,1.799886
FILLER_14_135,VPWR,li1,68.3100,51.6800,1.799886
FILLER_14_132,VPWR,li1,66.9300,51.6800,1.799889
FILLER_14_129,VPWR,li1,65.5500,51.6800,1.799889
FILLER_14_126,VPWR,li1,64.1700,51.6800,1.799891
FILLER_14_123,VPWR,li1,62.7900,51.6800,1.799894
FILLER_14_120,VPWR,li1,61.4100,51.6800,1.799894
FILLER_14_105,VPWR,li1,54.2800,51.6800,1.799906
FILLER_14_102,VPWR,li1,53.1300,51.6800,1.799906
FILLER_14_99,VPWR,li1,51.7500,51.6800,1.799909
FILLER_14_88,VPWR,li1,46.6900,51.6800,1.799919
FILLER_14_85,VPWR,li1,45.3100,51.6800,1.799919
FILLER_14_82,VPWR,li1,43.7000,51.6800,1.799924
FILLER_14_79,VPWR,li1,42.5500,51.6800,1.799927
FILLER_14_76,VPWR,li1,41.1700,51.6800,1.799927
FILLER_14_68,VPWR,li1,37.2600,51.6800,1.799937
FILLER_14_65,VPWR,li1,36.1100,51.6800,1.799937
FILLER_14_62,VPWR,li1,34.7300,51.6800,1.799942
FILLER_14_59,VPWR,li1,33.3500,51.6800,1.799942
FILLER_14_53,VPWR,li1,30.1300,51.6800,1.799951
FILLER_14_50,VPWR,li1,29.2100,51.6800,1.799951
FILLER_14_47,VPWR,li1,27.8300,51.6800,1.799954
FILLER_14_44,VPWR,li1,26.4500,51.6800,1.799959
FILLER_14_41,VPWR,li1,25.0700,51.6800,1.799959
FILLER_14_38,VPWR,li1,23.6900,51.6800,1.799964
FILLER_14_35,VPWR,li1,22.3100,51.6800,1.799964
FILLER_14_25,VPWR,li1,17.7100,51.6800,1.799967
FILLER_14_3,VPWR,li1,7.1300,51.6800,1.799964
FILLER_13_218,VPWR,li1,106.0300,46.2400,1.799715
FILLER_13_215,VPWR,li1,105.1100,46.2400,1.799715
FILLER_13_212,VPWR,li1,103.7300,46.2400,1.799720
FILLER_13_209,VPWR,li1,102.3500,46.2400,1.799720
FILLER_13_206,VPWR,li1,100.9700,46.2400,1.799726
FILLER_13_203,VPWR,li1,99.5900,46.2400,1.799726
FILLER_13_200,VPWR,li1,98.2100,46.2400,1.799730
FILLER_13_197,VPWR,li1,96.8300,46.2400,1.799735
FILLER_13_194,VPWR,li1,95.4500,46.2400,1.799735
FILLER_13_184,VPWR,li1,90.8500,46.2400,1.799746
FILLER_13_181,VPWR,li1,89.4700,46.2400,1.799750
FILLER_13_178,VPWR,li1,88.0900,46.2400,1.799755
FILLER_13_175,VPWR,li1,86.7100,46.2400,1.799755
FILLER_13_172,VPWR,li1,85.3300,46.2400,1.799760
FILLER_13_169,VPWR,li1,83.9500,46.2400,1.799765
FILLER_13_167,VPWR,li1,82.5700,46.2400,1.799765
FILLER_13_164,VPWR,li1,81.6500,46.2400,1.799769
FILLER_13_161,VPWR,li1,80.2700,46.2400,1.799773
FILLER_13_158,VPWR,li1,78.8900,46.2400,1.799773
FILLER_13_155,VPWR,li1,77.5100,46.2400,1.799779
FILLER_13_152,VPWR,li1,76.1300,46.2400,1.799783
FILLER_13_149,VPWR,li1,74.7500,46.2400,1.799783
FILLER_13_146,VPWR,li1,73.3700,46.2400,1.799788
FILLER_13_143,VPWR,li1,71.9900,46.2400,1.799793
FILLER_13_140,VPWR,li1,70.6100,46.2400,1.799793
FILLER_13_137,VPWR,li1,69.2300,46.2400,1.799797
FILLER_13_134,VPWR,li1,67.8500,46.2400,1.799803
FILLER_13_131,VPWR,li1,66.4700,46.2400,1.799803
FILLER_13_128,VPWR,li1,65.0900,46.2400,1.799810
FILLER_13_125,VPWR,li1,63.7100,46.2400,1.799810
FILLER_13_122,VPWR,li1,62.3300,46.2400,1.799818
FILLER_13_119,VPWR,li1,60.9500,46.2400,1.799818
FILLER_13_116,VPWR,li1,59.5700,46.2400,1.799825
FILLER_13_113,VPWR,li1,58.1900,46.2400,1.799825
FILLER_13_109,VPWR,li1,56.3500,46.2400,1.799830
FILLER_13_103,VPWR,li1,53.1300,46.2400,1.799842
FILLER_13_100,VPWR,li1,52.2100,46.2400,1.799842
FILLER_13_97,VPWR,li1,50.8300,46.2400,1.799851
FILLER_13_94,VPWR,li1,49.4500,46.2400,1.799851
FILLER_13_91,VPWR,li1,48.0700,46.2400,1.799860
FILLER_13_88,VPWR,li1,46.6900,46.2400,1.799860
FILLER_13_72,VPWR,li1,39.3300,46.2400,1.799886
FILLER_13_69,VPWR,li1,37.9500,46.2400,1.799894
FILLER_13_66,VPWR,li1,36.5700,46.2400,1.799894
FILLER_13_63,VPWR,li1,35.1900,46.2400,1.799903
FILLER_13_60,VPWR,li1,33.8100,46.2400,1.799903
FILLER_13_57,VPWR,li1,32.4300,46.2400,1.799912
FILLER_13_54,VPWR,li1,30.8200,46.2400,1.799919
FILLER_13_51,VPWR,li1,29.6700,46.2400,1.799919
FILLER_13_48,VPWR,li1,28.2900,46.2400,1.799928
FILLER_13_45,VPWR,li1,26.9100,46.2400,1.799935
FILLER_13_42,VPWR,li1,25.5300,46.2400,1.799935
FILLER_13_39,VPWR,li1,24.1500,46.2400,1.799942
FILLER_13_36,VPWR,li1,22.7700,46.2400,1.799950
FILLER_13_33,VPWR,li1,21.3900,46.2400,1.799950
FILLER_13_30,VPWR,li1,20.0100,46.2400,1.799948
FILLER_13_27,VPWR,li1,18.6300,46.2400,1.799946
FILLER_12_207,VPWR,li1,101.2000,46.2400,1.799726
FILLER_12_204,VPWR,li1,100.0500,46.2400,1.799726
FILLER_12_195,VPWR,li1,95.4500,46.2400,1.799735
FILLER_12_192,VPWR,li1,94.5300,46.2400,1.799741
FILLER_12_183,VPWR,li1,89.9300,46.2400,1.799750
FILLER_12_180,VPWR,li1,89.0100,46.2400,1.799750
FILLER_12_177,VPWR,li1,87.6300,46.2400,1.799755
FILLER_12_174,VPWR,li1,86.2500,46.2400,1.799760
FILLER_12_171,VPWR,li1,84.8700,46.2400,1.799760
FILLER_12_168,VPWR,li1,83.4900,46.2400,1.799765
FILLER_12_165,VPWR,li1,82.1100,46.2400,1.799769
FILLER_12_162,VPWR,li1,80.7300,46.2400,1.799769
FILLER_12_159,VPWR,li1,79.3500,46.2400,1.799773
FILLER_12_156,VPWR,li1,77.9700,46.2400,1.799779
FILLER_12_153,VPWR,li1,76.5900,46.2400,1.799779
FILLER_12_150,VPWR,li1,75.2100,46.2400,1.799783
FILLER_12_147,VPWR,li1,73.8300,46.2400,1.799788
FILLER_12_144,VPWR,li1,72.4500,46.2400,1.799788
FILLER_12_141,VPWR,li1,71.0700,46.2400,1.799793
FILLER_12_119,VPWR,li1,60.9500,46.2400,1.799818
FILLER_12_116,VPWR,li1,59.5700,46.2400,1.799825
FILLER_12_88,VPWR,li1,46.4600,46.2400,1.799860
FILLER_12_85,VPWR,li1,45.3100,46.2400,1.799868
FILLER_12_83,VPWR,li1,43.9300,46.2400,1.799868
FILLER_12_80,VPWR,li1,43.0100,46.2400,1.799876
FILLER_12_77,VPWR,li1,41.6300,46.2400,1.799876
FILLER_12_74,VPWR,li1,40.2500,46.2400,1.799886
FILLER_12_71,VPWR,li1,38.8700,46.2400,1.799886
FILLER_12_68,VPWR,li1,37.4900,46.2400,1.799894
FILLER_12_47,VPWR,li1,27.3700,46.2400,1.799928
FILLER_12_44,VPWR,li1,26.4500,46.2400,1.799935
FILLER_12_41,VPWR,li1,25.0700,46.2400,1.799942
FILLER_12_38,VPWR,li1,23.6900,46.2400,1.799942
FILLER_12_35,VPWR,li1,22.3100,46.2400,1.799950
FILLER_12_32,VPWR,li1,20.9300,46.2400,1.799948
FILLER_12_29,VPWR,li1,19.5500,46.2400,1.799948
FILLER_12_25,VPWR,li1,17.7100,46.2400,1.799946
FILLER_12_17,VPWR,li1,14.0300,46.2400,1.799942
FILLER_12_14,VPWR,li1,12.6500,46.2400,1.799939
FILLER_12_11,VPWR,li1,11.2700,46.2400,1.799939
FILLER_11_210,VPWR,li1,102.3500,40.8000,1.799892
FILLER_11_207,VPWR,li1,101.4300,40.8000,1.799892
FILLER_11_184,VPWR,li1,90.6200,40.8000,1.799902
FILLER_11_181,VPWR,li1,89.4700,40.8000,1.799902
FILLER_11_178,VPWR,li1,88.0900,40.8000,1.799904
FILLER_11_175,VPWR,li1,86.7100,40.8000,1.799904
FILLER_11_172,VPWR,li1,85.3300,40.8000,1.799906
FILLER_11_169,VPWR,li1,83.9500,40.8000,1.799908
FILLER_11_165,VPWR,li1,82.1100,40.8000,1.799910
FILLER_11_162,VPWR,li1,80.7300,40.8000,1.799910
FILLER_11_159,VPWR,li1,79.3500,40.8000,1.799913
FILLER_11_156,VPWR,li1,77.9700,40.8000,1.799913
FILLER_11_153,VPWR,li1,76.5900,40.8000,1.799915
FILLER_11_150,VPWR,li1,75.2100,40.8000,1.799915
FILLER_11_147,VPWR,li1,73.8300,40.8000,1.799918
FILLER_11_144,VPWR,li1,72.4500,40.8000,1.799918
FILLER_11_141,VPWR,li1,71.0700,40.8000,1.799921
FILLER_11_138,VPWR,li1,69.6900,40.8000,1.799921
FILLER_11_135,VPWR,li1,68.3100,40.8000,1.799923
FILLER_11_132,VPWR,li1,66.9300,40.8000,1.799925
FILLER_11_129,VPWR,li1,65.5500,40.8000,1.799925
FILLER_11_126,VPWR,li1,64.1700,40.8000,1.799927
FILLER_11_116,VPWR,li1,59.1100,40.8000,1.799931
FILLER_11_113,VPWR,li1,58.1900,40.8000,1.799934
FILLER_11_111,VPWR,li1,56.8100,40.8000,1.799934
FILLER_11_108,VPWR,li1,55.8900,40.8000,1.799937
FILLER_11_105,VPWR,li1,54.5100,40.8000,1.799939
FILLER_11_102,VPWR,li1,53.1300,40.8000,1.799939
FILLER_11_99,VPWR,li1,51.7500,40.8000,1.799942
FILLER_11_96,VPWR,li1,50.3700,40.8000,1.799944
FILLER_11_93,VPWR,li1,48.9900,40.8000,1.799944
FILLER_11_90,VPWR,li1,47.6100,40.8000,1.799947
FILLER_11_87,VPWR,li1,46.2300,40.8000,1.799949
FILLER_11_84,VPWR,li1,44.8500,40.8000,1.799949
FILLER_11_81,VPWR,li1,43.4700,40.8000,1.799951
FILLER_11_78,VPWR,li1,42.0900,40.8000,1.799954
FILLER_11_75,VPWR,li1,40.7100,40.8000,1.799954
FILLER_11_72,VPWR,li1,39.3300,40.8000,1.799956
FILLER_11_69,VPWR,li1,37.9500,40.8000,1.799959
FILLER_11_66,VPWR,li1,36.5700,40.8000,1.799959
FILLER_11_63,VPWR,li1,35.1900,40.8000,1.799961
FILLER_11_60,VPWR,li1,33.8100,40.8000,1.799964
FILLER_11_57,VPWR,li1,32.4300,40.8000,1.799964
FILLER_11_54,VPWR,li1,30.8200,40.8000,1.799966
FILLER_11_39,VPWR,li1,23.9200,40.8000,1.799976
FILLER_11_36,VPWR,li1,22.7700,40.8000,1.799979
FILLER_11_33,VPWR,li1,21.3900,40.8000,1.799979
FILLER_11_30,VPWR,li1,20.0100,40.8000,1.799979
FILLER_11_27,VPWR,li1,18.6300,40.8000,1.799978
FILLER_11_24,VPWR,li1,17.2500,40.8000,1.799978
FILLER_11_21,VPWR,li1,15.8700,40.8000,1.799978
FILLER_10_236,VPWR,li1,114.5400,40.8000,1.799888
FILLER_10_221,VPWR,li1,107.6400,40.8000,1.799889
FILLER_10_218,VPWR,li1,106.4900,40.8000,1.799890
FILLER_10_215,VPWR,li1,105.1100,40.8000,1.799891
FILLER_10_212,VPWR,li1,103.7300,40.8000,1.799891
FILLER_10_209,VPWR,li1,102.3500,40.8000,1.799892
FILLER_10_206,VPWR,li1,100.9700,40.8000,1.799892
FILLER_10_203,VPWR,li1,99.5900,40.8000,1.799894
FILLER_10_200,VPWR,li1,98.2100,40.8000,1.799894
FILLER_10_197,VPWR,li1,96.8300,40.8000,1.799896
FILLER_10_193,VPWR,li1,94.9900,40.8000,1.799897
FILLER_10_186,VPWR,li1,91.5400,40.8000,1.799899
FILLER_10_183,VPWR,li1,90.3900,40.8000,1.799902
FILLER_10_180,VPWR,li1,89.0100,40.8000,1.799902
FILLER_10_177,VPWR,li1,87.6300,40.8000,1.799904
FILLER_10_174,VPWR,li1,86.2500,40.8000,1.799906
FILLER_10_171,VPWR,li1,84.8700,40.8000,1.799906
FILLER_10_168,VPWR,li1,83.4900,40.8000,1.799908
FILLER_10_165,VPWR,li1,82.1100,40.8000,1.799910
FILLER_10_162,VPWR,li1,80.7300,40.8000,1.799910
FILLER_10_159,VPWR,li1,79.3500,40.8000,1.799913
FILLER_10_156,VPWR,li1,77.9700,40.8000,1.799913
FILLER_10_153,VPWR,li1,76.5900,40.8000,1.799915
FILLER_10_150,VPWR,li1,75.2100,40.8000,1.799915
FILLER_10_147,VPWR,li1,73.8300,40.8000,1.799918
FILLER_10_144,VPWR,li1,72.4500,40.8000,1.799918
FILLER_10_141,VPWR,li1,71.0700,40.8000,1.799921
FILLER_10_137,VPWR,li1,69.2300,40.8000,1.799923
FILLER_10_134,VPWR,li1,67.8500,40.8000,1.799923
FILLER_10_131,VPWR,li1,66.4700,40.8000,1.799925
FILLER_10_128,VPWR,li1,65.0900,40.8000,1.799927
FILLER_10_125,VPWR,li1,63.7100,40.8000,1.799927
FILLER_10_122,VPWR,li1,62.3300,40.8000,1.799929
FILLER_10_112,VPWR,li1,57.2700,40.8000,1.799934
FILLER_10_109,VPWR,li1,56.3500,40.8000,1.799937
FILLER_10_106,VPWR,li1,54.9700,40.8000,1.799937
FILLER_10_103,VPWR,li1,53.5900,40.8000,1.799939
FILLER_10_100,VPWR,li1,52.2100,40.8000,1.799942
FILLER_10_97,VPWR,li1,50.8300,40.8000,1.799942
FILLER_10_94,VPWR,li1,49.4500,40.8000,1.799944
FILLER_10_91,VPWR,li1,48.0700,40.8000,1.799947
FILLER_10_88,VPWR,li1,46.6900,40.8000,1.799947
FILLER_10_85,VPWR,li1,45.3100,40.8000,1.799949
FILLER_10_83,VPWR,li1,43.9300,40.8000,1.799951
FILLER_10_80,VPWR,li1,43.0100,40.8000,1.799951
FILLER_10_77,VPWR,li1,41.6300,40.8000,1.799954
FILLER_10_74,VPWR,li1,40.2500,40.8000,1.799956
FILLER_10_71,VPWR,li1,38.8700,40.8000,1.799956
FILLER_10_68,VPWR,li1,37.4900,40.8000,1.799959
FILLER_10_65,VPWR,li1,36.1100,40.8000,1.799961
FILLER_10_62,VPWR,li1,34.7300,40.8000,1.799961
FILLER_10_59,VPWR,li1,33.3500,40.8000,1.799964
FILLER_10_56,VPWR,li1,31.9700,40.8000,1.799966
FILLER_10_53,VPWR,li1,30.5900,40.8000,1.799966
FILLER_10_29,VPWR,li1,19.3200,40.8000,1.799978
FILLER_10_26,VPWR,li1,17.9400,40.8000,1.799978
FILLER_10_23,VPWR,li1,16.7900,40.8000,1.799978
FILLER_10_14,VPWR,li1,12.1900,40.8000,1.799977
FILLER_10_11,VPWR,li1,11.2700,40.8000,1.799977
FILLER_9_223,VPWR,li1,108.3300,35.3600,1.799875
FILLER_9_220,VPWR,li1,107.4100,35.3600,1.799875
FILLER_9_217,VPWR,li1,106.0300,35.3600,1.799877
FILLER_9_214,VPWR,li1,104.6500,35.3600,1.799877
FILLER_9_211,VPWR,li1,103.2700,35.3600,1.799879
FILLER_9_208,VPWR,li1,101.8900,35.3600,1.799881
FILLER_9_205,VPWR,li1,100.5100,35.3600,1.799881
FILLER_9_202,VPWR,li1,99.1300,35.3600,1.799884
FILLER_9_199,VPWR,li1,97.7500,35.3600,1.799884
FILLER_9_196,VPWR,li1,96.3700,35.3600,1.799888
FILLER_9_193,VPWR,li1,94.9900,35.3600,1.799888
FILLER_9_190,VPWR,li1,93.6100,35.3600,1.799890
FILLER_9_187,VPWR,li1,92.2300,35.3600,1.799893
FILLER_9_184,VPWR,li1,90.8500,35.3600,1.799893
FILLER_9_181,VPWR,li1,89.4700,35.3600,1.799895
FILLER_9_178,VPWR,li1,88.0900,35.3600,1.799898
FILLER_9_175,VPWR,li1,86.7100,35.3600,1.799898
FILLER_9_172,VPWR,li1,85.3300,35.3600,1.799900
FILLER_9_169,VPWR,li1,83.9500,35.3600,1.799903
FILLER_9_167,VPWR,li1,82.5700,35.3600,1.799903
FILLER_9_164,VPWR,li1,81.6500,35.3600,1.799905
FILLER_9_161,VPWR,li1,80.2700,35.3600,1.799907
FILLER_9_158,VPWR,li1,78.8900,35.3600,1.799907
FILLER_9_155,VPWR,li1,77.5100,35.3600,1.799910
FILLER_9_152,VPWR,li1,76.1300,35.3600,1.799913
FILLER_9_149,VPWR,li1,74.7500,35.3600,1.799913
FILLER_9_146,VPWR,li1,73.3700,35.3600,1.799915
FILLER_9_143,VPWR,li1,71.9900,35.3600,1.799918
FILLER_9_140,VPWR,li1,70.6100,35.3600,1.799918
FILLER_9_137,VPWR,li1,69.2300,35.3600,1.799920
FILLER_9_134,VPWR,li1,67.8500,35.3600,1.799923
FILLER_9_131,VPWR,li1,66.4700,35.3600,1.799923
FILLER_9_128,VPWR,li1,65.0900,35.3600,1.799925
FILLER_9_125,VPWR,li1,63.7100,35.3600,1.799928
FILLER_9_122,VPWR,li1,62.3300,35.3600,1.799928
FILLER_9_119,VPWR,li1,60.9500,35.3600,1.799930
FILLER_9_116,VPWR,li1,59.5700,35.3600,1.799933
FILLER_9_113,VPWR,li1,58.1900,35.3600,1.799933
FILLER_9_111,VPWR,li1,56.8100,35.3600,1.799935
FILLER_9_108,VPWR,li1,55.8900,35.3600,1.799938
FILLER_9_105,VPWR,li1,54.5100,35.3600,1.799938
FILLER_9_102,VPWR,li1,53.1300,35.3600,1.799940
FILLER_9_99,VPWR,li1,51.7500,35.3600,1.799943
FILLER_9_96,VPWR,li1,50.3700,35.3600,1.799943
FILLER_9_93,VPWR,li1,48.9900,35.3600,1.799945
FILLER_9_90,VPWR,li1,47.6100,35.3600,1.799948
FILLER_9_87,VPWR,li1,46.2300,35.3600,1.799948
FILLER_9_84,VPWR,li1,44.8500,35.3600,1.799950
FILLER_9_81,VPWR,li1,43.4700,35.3600,1.799953
FILLER_9_78,VPWR,li1,42.0900,35.3600,1.799953
FILLER_9_75,VPWR,li1,40.7100,35.3600,1.799956
FILLER_9_72,VPWR,li1,39.3300,35.3600,1.799956
FILLER_9_69,VPWR,li1,37.9500,35.3600,1.799960
FILLER_9_66,VPWR,li1,36.5700,35.3600,1.799960
FILLER_9_63,VPWR,li1,35.1900,35.3600,1.799963
FILLER_9_60,VPWR,li1,33.8100,35.3600,1.799963
FILLER_9_57,VPWR,li1,32.4300,35.3600,1.799966
FILLER_9_55,VPWR,li1,31.0500,35.3600,1.799968
FILLER_9_40,VPWR,li1,24.3800,35.3600,1.799975
FILLER_9_37,VPWR,li1,23.2300,35.3600,1.799979
FILLER_9_34,VPWR,li1,21.8500,35.3600,1.799981
FILLER_9_31,VPWR,li1,20.4700,35.3600,1.799981
FILLER_9_28,VPWR,li1,19.0900,35.3600,1.799981
FILLER_9_25,VPWR,li1,17.7100,35.3600,1.799980
FILLER_9_22,VPWR,li1,16.3300,35.3600,1.799980
FILLER_9_14,VPWR,li1,12.1900,35.3600,1.799979
FILLER_9_11,VPWR,li1,11.2700,35.3600,1.799979
FILLER_8_225,VPWR,li1,109.7100,35.3600,1.799874
FILLER_8_222,VPWR,li1,108.3300,35.3600,1.799875
FILLER_8_219,VPWR,li1,106.9500,35.3600,1.799875
FILLER_8_216,VPWR,li1,105.5700,35.3600,1.799877
FILLER_8_213,VPWR,li1,104.1900,35.3600,1.799879
FILLER_8_210,VPWR,li1,102.8100,35.3600,1.799879
FILLER_8_195,VPWR,li1,95.4500,35.3600,1.799888
FILLER_8_192,VPWR,li1,94.5300,35.3600,1.799890
FILLER_8_189,VPWR,li1,93.1500,35.3600,1.799890
FILLER_8_186,VPWR,li1,91.7700,35.3600,1.799893
FILLER_8_183,VPWR,li1,90.3900,35.3600,1.799895
FILLER_8_180,VPWR,li1,89.0100,35.3600,1.799895
FILLER_8_177,VPWR,li1,87.6300,35.3600,1.799898
FILLER_8_174,VPWR,li1,86.2500,35.3600,1.799900
FILLER_8_171,VPWR,li1,84.8700,35.3600,1.799900
FILLER_8_168,VPWR,li1,83.4900,35.3600,1.799903
FILLER_8_165,VPWR,li1,82.1100,35.3600,1.799905
FILLER_8_162,VPWR,li1,80.7300,35.3600,1.799905
FILLER_8_159,VPWR,li1,79.3500,35.3600,1.799907
FILLER_8_156,VPWR,li1,77.9700,35.3600,1.799910
FILLER_8_153,VPWR,li1,76.5900,35.3600,1.799910
FILLER_8_150,VPWR,li1,75.2100,35.3600,1.799913
FILLER_8_147,VPWR,li1,73.8300,35.3600,1.799915
FILLER_8_144,VPWR,li1,72.4500,35.3600,1.799915
FILLER_8_141,VPWR,li1,71.0700,35.3600,1.799918
FILLER_8_139,VPWR,li1,69.6900,35.3600,1.799920
FILLER_8_136,VPWR,li1,68.7700,35.3600,1.799920
FILLER_8_133,VPWR,li1,67.3900,35.3600,1.799923
FILLER_8_130,VPWR,li1,66.0100,35.3600,1.799925
FILLER_8_127,VPWR,li1,64.6300,35.3600,1.799925
FILLER_8_124,VPWR,li1,63.2500,35.3600,1.799928
FILLER_8_121,VPWR,li1,61.8700,35.3600,1.799930
FILLER_8_118,VPWR,li1,60.4900,35.3600,1.799930
FILLER_8_115,VPWR,li1,59.1100,35.3600,1.799933
FILLER_8_112,VPWR,li1,57.7300,35.3600,1.799935
FILLER_8_109,VPWR,li1,56.3500,35.3600,1.799935
FILLER_8_106,VPWR,li1,54.9700,35.3600,1.799938
FILLER_8_103,VPWR,li1,53.5900,35.3600,1.799940
FILLER_8_100,VPWR,li1,52.2100,35.3600,1.799940
FILLER_8_97,VPWR,li1,50.8300,35.3600,1.799943
FILLER_8_94,VPWR,li1,49.4500,35.3600,1.799945
FILLER_8_91,VPWR,li1,48.0700,35.3600,1.799945
FILLER_8_88,VPWR,li1,46.6900,35.3600,1.799948
FILLER_8_85,VPWR,li1,45.3100,35.3600,1.799950
FILLER_8_81,VPWR,li1,43.4700,35.3600,1.799953
FILLER_8_78,VPWR,li1,42.0900,35.3600,1.799953
FILLER_8_75,VPWR,li1,40.7100,35.3600,1.799956
FILLER_8_72,VPWR,li1,39.3300,35.3600,1.799956
FILLER_8_69,VPWR,li1,37.9500,35.3600,1.799960
FILLER_8_66,VPWR,li1,36.5700,35.3600,1.799960
FILLER_8_63,VPWR,li1,35.1900,35.3600,1.799963
FILLER_8_60,VPWR,li1,33.8100,35.3600,1.799963
FILLER_8_57,VPWR,li1,32.4300,35.3600,1.799966
FILLER_8_54,VPWR,li1,31.0500,35.3600,1.799968
FILLER_8_51,VPWR,li1,29.6700,35.3600,1.799968
FILLER_8_48,VPWR,li1,28.2900,35.3600,1.799971
FILLER_8_38,VPWR,li1,23.4600,35.3600,1.799979
FILLER_8_35,VPWR,li1,22.3100,35.3600,1.799979
FILLER_8_32,VPWR,li1,20.9300,35.3600,1.799981
FILLER_8_29,VPWR,li1,19.5500,35.3600,1.799981
FILLER_8_26,VPWR,li1,17.9400,35.3600,1.799980
FILLER_8_23,VPWR,li1,16.7900,35.3600,1.799980
FILLER_8_20,VPWR,li1,15.4100,35.3600,1.799980
FILLER_8_17,VPWR,li1,14.0300,35.3600,1.799980
FILLER_7_228,VPWR,li1,110.8600,29.9200,1.799840
FILLER_7_225,VPWR,li1,109.7100,29.9200,1.799842
FILLER_7_222,VPWR,li1,108.1000,29.9200,1.799842
FILLER_7_206,VPWR,li1,100.9700,29.9200,1.799849
FILLER_7_193,VPWR,li1,94.7600,29.9200,1.799859
FILLER_7_190,VPWR,li1,93.6100,29.9200,1.799859
FILLER_7_187,VPWR,li1,92.2300,29.9200,1.799864
FILLER_7_184,VPWR,li1,90.8500,29.9200,1.799864
FILLER_7_181,VPWR,li1,89.4700,29.9200,1.799867
FILLER_7_178,VPWR,li1,88.0900,29.9200,1.799871
FILLER_7_175,VPWR,li1,86.7100,29.9200,1.799871
FILLER_7_172,VPWR,li1,85.3300,29.9200,1.799874
FILLER_7_169,VPWR,li1,83.9500,29.9200,1.799878
FILLER_7_167,VPWR,li1,82.5700,29.9200,1.799878
FILLER_7_164,VPWR,li1,81.6500,29.9200,1.799881
FILLER_7_161,VPWR,li1,80.2700,29.9200,1.799884
FILLER_7_158,VPWR,li1,78.8900,29.9200,1.799884
FILLER_7_155,VPWR,li1,77.5100,29.9200,1.799888
FILLER_7_152,VPWR,li1,76.1300,29.9200,1.799891
FILLER_7_149,VPWR,li1,74.7500,29.9200,1.799891
FILLER_7_146,VPWR,li1,73.3700,29.9200,1.799895
FILLER_7_143,VPWR,li1,71.9900,29.9200,1.799898
FILLER_7_140,VPWR,li1,70.6100,29.9200,1.799898
FILLER_7_137,VPWR,li1,69.2300,29.9200,1.799901
FILLER_7_134,VPWR,li1,67.8500,29.9200,1.799905
FILLER_7_131,VPWR,li1,66.4700,29.9200,1.799905
FILLER_7_128,VPWR,li1,65.0900,29.9200,1.799908
FILLER_7_125,VPWR,li1,63.7100,29.9200,1.799912
FILLER_7_122,VPWR,li1,62.3300,29.9200,1.799912
FILLER_7_119,VPWR,li1,60.9500,29.9200,1.799915
FILLER_7_116,VPWR,li1,59.5700,29.9200,1.799919
FILLER_7_113,VPWR,li1,58.1900,29.9200,1.799919
FILLER_7_111,VPWR,li1,56.8100,29.9200,1.799922
FILLER_7_108,VPWR,li1,55.8900,29.9200,1.799925
FILLER_7_105,VPWR,li1,54.5100,29.9200,1.799925
FILLER_7_102,VPWR,li1,53.1300,29.9200,1.799929
FILLER_7_99,VPWR,li1,51.7500,29.9200,1.799932
FILLER_7_96,VPWR,li1,50.3700,29.9200,1.799932
FILLER_7_93,VPWR,li1,48.9900,29.9200,1.799936
FILLER_7_90,VPWR,li1,47.6100,29.9200,1.799939
FILLER_7_87,VPWR,li1,46.2300,29.9200,1.799939
FILLER_7_84,VPWR,li1,44.8500,29.9200,1.799942
FILLER_7_81,VPWR,li1,43.4700,29.9200,1.799946
FILLER_7_78,VPWR,li1,42.0900,29.9200,1.799946
FILLER_7_75,VPWR,li1,40.7100,29.9200,1.799951
FILLER_7_72,VPWR,li1,39.3300,29.9200,1.799951
FILLER_7_69,VPWR,li1,37.9500,29.9200,1.799955
FILLER_7_66,VPWR,li1,36.5700,29.9200,1.799955
FILLER_7_63,VPWR,li1,35.1900,29.9200,1.799960
FILLER_7_60,VPWR,li1,33.8100,29.9200,1.799960
FILLER_7_57,VPWR,li1,32.4300,29.9200,1.799964
FILLER_7_54,VPWR,li1,30.8200,29.9200,1.799967
FILLER_7_51,VPWR,li1,29.6700,29.9200,1.799967
FILLER_7_48,VPWR,li1,28.2900,29.9200,1.799972
FILLER_7_45,VPWR,li1,26.9100,29.9200,1.799972
FILLER_7_42,VPWR,li1,25.5300,29.9200,1.799976
FILLER_7_39,VPWR,li1,24.1500,29.9200,1.799976
FILLER_7_36,VPWR,li1,22.7700,29.9200,1.799980
FILLER_7_33,VPWR,li1,21.3900,29.9200,1.799980
FILLER_7_30,VPWR,li1,20.0100,29.9200,1.799980
FILLER_7_27,VPWR,li1,18.6300,29.9200,1.799979
FILLER_7_24,VPWR,li1,17.2500,29.9200,1.799979
FILLER_7_21,VPWR,li1,15.8700,29.9200,1.799979
FILLER_7_11,VPWR,li1,11.2700,29.9200,1.799978
FILLER_6_235,VPWR,li1,114.3100,29.9200,1.799838
FILLER_6_232,VPWR,li1,112.9300,29.9200,1.799838
FILLER_6_218,VPWR,li1,106.0300,29.9200,1.799845
FILLER_6_215,VPWR,li1,105.1100,29.9200,1.799845
FILLER_6_212,VPWR,li1,103.7300,29.9200,1.799847
FILLER_6_209,VPWR,li1,102.3500,29.9200,1.799847
FILLER_6_195,VPWR,li1,95.4500,29.9200,1.799856
FILLER_6_186,VPWR,li1,91.5400,29.9200,1.799864
FILLER_6_183,VPWR,li1,90.3900,29.9200,1.799867
FILLER_6_180,VPWR,li1,89.0100,29.9200,1.799867
FILLER_6_177,VPWR,li1,87.6300,29.9200,1.799871
FILLER_6_174,VPWR,li1,86.2500,29.9200,1.799874
FILLER_6_171,VPWR,li1,84.8700,29.9200,1.799874
FILLER_6_168,VPWR,li1,83.4900,29.9200,1.799878
FILLER_6_165,VPWR,li1,82.1100,29.9200,1.799881
FILLER_6_162,VPWR,li1,80.7300,29.9200,1.799881
FILLER_6_159,VPWR,li1,79.3500,29.9200,1.799884
FILLER_6_156,VPWR,li1,77.9700,29.9200,1.799888
FILLER_6_153,VPWR,li1,76.5900,29.9200,1.799888
FILLER_6_150,VPWR,li1,75.2100,29.9200,1.799891
FILLER_6_147,VPWR,li1,73.8300,29.9200,1.799895
FILLER_6_144,VPWR,li1,72.4500,29.9200,1.799895
FILLER_6_141,VPWR,li1,71.0700,29.9200,1.799898
FILLER_6_139,VPWR,li1,69.6900,29.9200,1.799901
FILLER_6_136,VPWR,li1,68.7700,29.9200,1.799901
FILLER_6_133,VPWR,li1,67.3900,29.9200,1.799905
FILLER_6_130,VPWR,li1,66.0100,29.9200,1.799908
FILLER_6_127,VPWR,li1,64.6300,29.9200,1.799908
FILLER_6_124,VPWR,li1,63.2500,29.9200,1.799912
FILLER_6_121,VPWR,li1,61.8700,29.9200,1.799915
FILLER_6_118,VPWR,li1,60.4900,29.9200,1.799915
FILLER_6_115,VPWR,li1,59.1100,29.9200,1.799919
FILLER_6_112,VPWR,li1,57.7300,29.9200,1.799922
FILLER_6_109,VPWR,li1,56.3500,29.9200,1.799922
FILLER_6_106,VPWR,li1,54.9700,29.9200,1.799925
FILLER_6_103,VPWR,li1,53.5900,29.9200,1.799929
FILLER_6_100,VPWR,li1,52.2100,29.9200,1.799929
FILLER_6_97,VPWR,li1,50.8300,29.9200,1.799932
FILLER_6_94,VPWR,li1,49.4500,29.9200,1.799936
FILLER_6_91,VPWR,li1,48.0700,29.9200,1.799936
FILLER_6_88,VPWR,li1,46.6900,29.9200,1.799939
FILLER_6_85,VPWR,li1,45.3100,29.9200,1.799942
FILLER_6_81,VPWR,li1,43.4700,29.9200,1.799946
FILLER_6_78,VPWR,li1,42.0900,29.9200,1.799946
FILLER_6_75,VPWR,li1,40.7100,29.9200,1.799951
FILLER_6_72,VPWR,li1,39.3300,29.9200,1.799951
FILLER_6_69,VPWR,li1,37.9500,29.9200,1.799955
FILLER_6_66,VPWR,li1,36.5700,29.9200,1.799955
FILLER_6_63,VPWR,li1,35.1900,29.9200,1.799960
FILLER_6_60,VPWR,li1,33.8100,29.9200,1.799960
FILLER_6_57,VPWR,li1,32.4300,29.9200,1.799964
FILLER_6_54,VPWR,li1,31.0500,29.9200,1.799967
FILLER_6_51,VPWR,li1,29.6700,29.9200,1.799967
FILLER_6_48,VPWR,li1,28.2900,29.9200,1.799972
FILLER_6_45,VPWR,li1,26.9100,29.9200,1.799972
FILLER_6_42,VPWR,li1,25.5300,29.9200,1.799976
FILLER_6_39,VPWR,li1,24.1500,29.9200,1.799976
FILLER_6_36,VPWR,li1,22.7700,29.9200,1.799980
FILLER_6_29,VPWR,li1,19.3200,29.9200,1.799979
FILLER_6_27,VPWR,li1,18.1700,29.9200,1.799979
FILLER_6_24,VPWR,li1,17.2500,29.9200,1.799979
FILLER_6_21,VPWR,li1,15.8700,29.9200,1.799979
FILLER_6_14,VPWR,li1,12.1900,29.9200,1.799978
FILLER_6_6,VPWR,li1,8.9700,29.9200,1.799978
FILLER_6_3,VPWR,li1,7.5900,29.9200,1.799978
FILLER_5_228,VPWR,li1,110.8600,24.4800,1.799790
FILLER_5_225,VPWR,li1,109.7100,24.4800,1.799792
FILLER_5_221,VPWR,li1,107.8700,24.4800,1.799794
FILLER_5_218,VPWR,li1,106.4900,24.4800,1.799794
FILLER_5_215,VPWR,li1,105.1100,24.4800,1.799796
FILLER_5_212,VPWR,li1,103.7300,24.4800,1.799799
FILLER_5_209,VPWR,li1,102.3500,24.4800,1.799799
FILLER_5_206,VPWR,li1,100.9700,24.4800,1.799800
FILLER_5_190,VPWR,li1,93.1500,24.4800,1.799813
FILLER_5_187,VPWR,li1,92.2300,24.4800,1.799813
FILLER_5_184,VPWR,li1,90.8500,24.4800,1.799817
FILLER_5_181,VPWR,li1,89.4700,24.4800,1.799817
FILLER_5_178,VPWR,li1,88.0900,24.4800,1.799821
FILLER_5_175,VPWR,li1,86.7100,24.4800,1.799821
FILLER_5_172,VPWR,li1,85.3300,24.4800,1.799826
FILLER_5_169,VPWR,li1,83.9500,24.4800,1.799826
FILLER_5_167,VPWR,li1,82.5700,24.4800,1.799830
FILLER_5_164,VPWR,li1,81.6500,24.4800,1.799830
FILLER_5_161,VPWR,li1,80.2700,24.4800,1.799835
FILLER_5_158,VPWR,li1,78.8900,24.4800,1.799835
FILLER_5_155,VPWR,li1,77.5100,24.4800,1.799839
FILLER_5_152,VPWR,li1,76.1300,24.4800,1.799843
FILLER_5_149,VPWR,li1,74.7500,24.4800,1.799843
FILLER_5_146,VPWR,li1,73.3700,24.4800,1.799847
FILLER_5_143,VPWR,li1,71.9900,24.4800,1.799850
FILLER_5_140,VPWR,li1,70.6100,24.4800,1.799850
FILLER_5_137,VPWR,li1,69.2300,24.4800,1.799854
FILLER_5_134,VPWR,li1,67.8500,24.4800,1.799858
FILLER_5_131,VPWR,li1,66.4700,24.4800,1.799858
FILLER_5_128,VPWR,li1,65.0900,24.4800,1.799863
FILLER_5_125,VPWR,li1,63.7100,24.4800,1.799863
FILLER_5_122,VPWR,li1,62.3300,24.4800,1.799869
FILLER_5_119,VPWR,li1,60.9500,24.4800,1.799869
FILLER_5_116,VPWR,li1,59.5700,24.4800,1.799875
FILLER_5_113,VPWR,li1,58.1900,24.4800,1.799875
FILLER_5_109,VPWR,li1,56.3500,24.4800,1.799879
FILLER_5_106,VPWR,li1,54.9700,24.4800,1.799884
FILLER_5_103,VPWR,li1,53.5900,24.4800,1.799889
FILLER_5_100,VPWR,li1,52.2100,24.4800,1.799889
FILLER_5_97,VPWR,li1,50.8300,24.4800,1.799895
FILLER_5_94,VPWR,li1,49.4500,24.4800,1.799895
FILLER_5_91,VPWR,li1,48.0700,24.4800,1.799902
FILLER_5_88,VPWR,li1,46.6900,24.4800,1.799902
FILLER_5_85,VPWR,li1,45.3100,24.4800,1.799907
FILLER_5_82,VPWR,li1,43.9300,24.4800,1.799911
FILLER_5_79,VPWR,li1,42.5500,24.4800,1.799911
FILLER_5_76,VPWR,li1,41.1700,24.4800,1.799917
FILLER_5_73,VPWR,li1,39.7900,24.4800,1.799921
FILLER_5_70,VPWR,li1,38.4100,24.4800,1.799921
FILLER_5_46,VPWR,li1,26.9100,24.4800,1.799953
FILLER_5_43,VPWR,li1,25.9900,24.4800,1.799953
FILLER_5_40,VPWR,li1,24.6100,24.4800,1.799960
FILLER_5_29,VPWR,li1,19.0900,24.4800,1.799968
FILLER_5_26,VPWR,li1,18.1700,24.4800,1.799968
FILLER_5_23,VPWR,li1,16.7900,24.4800,1.799967
FILLER_5_20,VPWR,li1,15.4100,24.4800,1.799967
FILLER_5_17,VPWR,li1,14.0300,24.4800,1.799967
FILLER_5_3,VPWR,li1,7.1300,24.4800,1.799966
FILLER_4_235,VPWR,li1,114.3100,24.4800,1.799789
FILLER_4_232,VPWR,li1,112.9300,24.4800,1.799789
FILLER_4_217,VPWR,li1,105.8000,24.4800,1.799796
FILLER_4_214,VPWR,li1,104.6500,24.4800,1.799796
FILLER_4_211,VPWR,li1,103.2700,24.4800,1.799799
FILLER_4_206,VPWR,li1,100.5100,24.4800,1.799800
FILLER_4_203,VPWR,li1,99.5900,24.4800,1.799803
FILLER_4_200,VPWR,li1,98.2100,24.4800,1.799803
FILLER_4_197,VPWR,li1,96.8300,24.4800,1.799806
FILLER_4_194,VPWR,li1,95.2200,24.4800,1.799809
FILLER_4_191,VPWR,li1,94.0700,24.4800,1.799809
FILLER_4_181,VPWR,li1,89.4700,24.4800,1.799817
FILLER_4_178,VPWR,li1,88.0900,24.4800,1.799821
FILLER_4_175,VPWR,li1,86.7100,24.4800,1.799821
FILLER_4_159,VPWR,li1,79.3500,24.4800,1.799835
FILLER_4_156,VPWR,li1,77.9700,24.4800,1.799839
FILLER_4_153,VPWR,li1,76.5900,24.4800,1.799839
FILLER_4_150,VPWR,li1,75.2100,24.4800,1.799843
FILLER_4_147,VPWR,li1,73.8300,24.4800,1.799847
FILLER_4_144,VPWR,li1,72.4500,24.4800,1.799847
FILLER_4_141,VPWR,li1,71.0700,24.4800,1.799850
FILLER_4_139,VPWR,li1,69.6900,24.4800,1.799854
FILLER_4_136,VPWR,li1,68.7700,24.4800,1.799854
FILLER_4_133,VPWR,li1,67.3900,24.4800,1.799858
FILLER_4_110,VPWR,li1,56.8100,24.4800,1.799879
FILLER_4_100,VPWR,li1,51.9800,24.4800,1.799889
FILLER_4_97,VPWR,li1,50.8300,24.4800,1.799895
FILLER_4_94,VPWR,li1,49.4500,24.4800,1.799895
FILLER_4_91,VPWR,li1,48.0700,24.4800,1.799902
FILLER_4_88,VPWR,li1,46.6900,24.4800,1.799902
FILLER_4_85,VPWR,li1,45.3100,24.4800,1.799907
FILLER_4_83,VPWR,li1,43.9300,24.4800,1.799911
FILLER_4_80,VPWR,li1,43.0100,24.4800,1.799911
FILLER_4_77,VPWR,li1,41.6300,24.4800,1.799917
FILLER_4_74,VPWR,li1,40.2500,24.4800,1.799917
FILLER_4_71,VPWR,li1,38.8700,24.4800,1.799921
FILLER_4_68,VPWR,li1,37.4900,24.4800,1.799926
FILLER_4_65,VPWR,li1,36.1100,24.4800,1.799926
FILLER_4_41,VPWR,li1,25.0700,24.4800,1.799960
FILLER_4_38,VPWR,li1,23.6900,24.4800,1.799960
FILLER_4_35,VPWR,li1,22.3100,24.4800,1.799968
FILLER_4_32,VPWR,li1,20.9300,24.4800,1.799968
FILLER_4_29,VPWR,li1,19.5500,24.4800,1.799968
FILLER_4_27,VPWR,li1,18.1700,24.4800,1.799968
FILLER_4_24,VPWR,li1,17.2500,24.4800,1.799967
FILLER_4_21,VPWR,li1,15.8700,24.4800,1.799967
FILLER_4_18,VPWR,li1,14.4900,24.4800,1.799967
FILLER_4_15,VPWR,li1,13.1100,24.4800,1.799967
FILLER_4_12,VPWR,li1,11.7300,24.4800,1.799967
FILLER_4_9,VPWR,li1,10.3500,24.4800,1.799966
FILLER_4_6,VPWR,li1,8.9700,24.4800,1.799966
FILLER_4_3,VPWR,li1,7.5900,24.4800,1.799966
FILLER_3_237,VPWR,li1,114.7700,19.0400,1.799889
FILLER_3_234,VPWR,li1,113.8500,19.0400,1.799889
FILLER_3_231,VPWR,li1,112.4700,19.0400,1.799889
FILLER_3_228,VPWR,li1,111.0900,19.0400,1.799889
FILLER_3_225,VPWR,li1,109.7100,19.0400,1.799889
FILLER_3_222,VPWR,li1,108.1000,19.0400,1.799889
FILLER_3_219,VPWR,li1,106.9500,19.0400,1.799889
FILLER_3_216,VPWR,li1,105.5700,19.0400,1.799889
FILLER_3_208,VPWR,li1,101.4300,19.0400,1.799889
FILLER_3_205,VPWR,li1,100.5100,19.0400,1.799889
FILLER_3_181,VPWR,li1,89.2400,19.0400,1.799892
FILLER_3_178,VPWR,li1,88.0900,19.0400,1.799894
FILLER_3_175,VPWR,li1,86.7100,19.0400,1.799894
FILLER_3_172,VPWR,li1,85.3300,19.0400,1.799895
FILLER_3_169,VPWR,li1,83.9500,19.0400,1.799895
FILLER_3_160,VPWR,li1,79.8100,19.0400,1.799900
FILLER_3_157,VPWR,li1,78.4300,19.0400,1.799900
FILLER_3_154,VPWR,li1,77.0500,19.0400,1.799902
FILLER_3_151,VPWR,li1,75.6700,19.0400,1.799902
FILLER_3_148,VPWR,li1,74.2900,19.0400,1.799905
FILLER_3_145,VPWR,li1,72.9100,19.0400,1.799905
FILLER_3_142,VPWR,li1,71.5300,19.0400,1.799907
FILLER_3_139,VPWR,li1,70.1500,19.0400,1.799908
FILLER_3_125,VPWR,li1,63.2500,19.0400,1.799916
FILLER_3_122,VPWR,li1,62.3300,19.0400,1.799916
FILLER_3_119,VPWR,li1,60.9500,19.0400,1.799919
FILLER_3_116,VPWR,li1,59.5700,19.0400,1.799919
FILLER_3_113,VPWR,li1,58.1900,19.0400,1.799923
FILLER_3_111,VPWR,li1,56.8100,19.0400,1.799923
FILLER_3_103,VPWR,li1,53.1300,19.0400,1.799929
FILLER_3_96,VPWR,li1,49.9100,19.0400,1.799936
FILLER_3_93,VPWR,li1,48.9900,19.0400,1.799936
FILLER_3_90,VPWR,li1,47.6100,19.0400,1.799940
FILLER_3_87,VPWR,li1,46.2300,19.0400,1.799940
FILLER_3_84,VPWR,li1,44.8500,19.0400,1.799943
FILLER_3_81,VPWR,li1,43.4700,19.0400,1.799946
FILLER_3_78,VPWR,li1,42.0900,19.0400,1.799946
FILLER_3_75,VPWR,li1,40.7100,19.0400,1.799951
FILLER_3_72,VPWR,li1,39.3300,19.0400,1.799951
FILLER_3_69,VPWR,li1,37.9500,19.0400,1.799955
FILLER_3_66,VPWR,li1,36.5700,19.0400,1.799955
FILLER_3_63,VPWR,li1,35.1900,19.0400,1.799960
FILLER_3_60,VPWR,li1,33.8100,19.0400,1.799960
FILLER_3_57,VPWR,li1,32.4300,19.0400,1.799964
FILLER_3_53,VPWR,li1,30.5900,19.0400,1.799967
FILLER_3_41,VPWR,li1,24.8400,19.0400,1.799975
FILLER_3_30,VPWR,li1,20.0100,19.0400,1.799980
FILLER_3_27,VPWR,li1,18.6300,19.0400,1.799980
FILLER_3_24,VPWR,li1,17.2500,19.0400,1.799980
FILLER_3_21,VPWR,li1,15.8700,19.0400,1.799980
FILLER_3_18,VPWR,li1,14.4900,19.0400,1.799980
FILLER_3_15,VPWR,li1,13.1100,19.0400,1.799980
FILLER_3_12,VPWR,li1,11.7300,19.0400,1.799980
FILLER_3_9,VPWR,li1,10.3500,19.0400,1.799980
FILLER_3_6,VPWR,li1,8.9700,19.0400,1.799980
FILLER_3_3,VPWR,li1,7.5900,19.0400,1.799980
FILLER_2_236,VPWR,li1,114.5400,19.0400,1.799889
FILLER_2_233,VPWR,li1,113.3900,19.0400,1.799889
FILLER_2_230,VPWR,li1,112.0100,19.0400,1.799889
FILLER_2_227,VPWR,li1,110.6300,19.0400,1.799889
FILLER_2_224,VPWR,li1,109.2500,19.0400,1.799889
FILLER_2_221,VPWR,li1,107.8700,19.0400,1.799889
FILLER_2_218,VPWR,li1,106.4900,19.0400,1.799889
FILLER_2_212,VPWR,li1,103.2700,19.0400,1.799889
FILLER_2_209,VPWR,li1,102.3500,19.0400,1.799889
FILLER_2_206,VPWR,li1,100.9700,19.0400,1.799889
FILLER_2_203,VPWR,li1,99.5900,19.0400,1.799889
FILLER_2_200,VPWR,li1,98.2100,19.0400,1.799889
FILLER_2_197,VPWR,li1,96.8300,19.0400,1.799890
FILLER_2_193,VPWR,li1,94.9900,19.0400,1.799890
FILLER_2_190,VPWR,li1,93.6100,19.0400,1.799890
FILLER_2_147,VPWR,li1,73.6000,19.0400,1.799905
FILLER_2_144,VPWR,li1,72.4500,19.0400,1.799907
FILLER_2_141,VPWR,li1,71.0700,19.0400,1.799907
FILLER_2_137,VPWR,li1,69.2300,19.0400,1.799908
FILLER_2_134,VPWR,li1,67.8500,19.0400,1.799911
FILLER_2_131,VPWR,li1,66.4700,19.0400,1.799911
FILLER_2_128,VPWR,li1,65.0900,19.0400,1.799914
FILLER_2_125,VPWR,li1,63.7100,19.0400,1.799914
FILLER_2_112,VPWR,li1,57.7300,19.0400,1.799923
FILLER_2_109,VPWR,li1,56.3500,19.0400,1.799926
FILLER_2_106,VPWR,li1,54.9700,19.0400,1.799926
FILLER_2_103,VPWR,li1,53.5900,19.0400,1.799929
FILLER_2_88,VPWR,li1,46.6900,19.0400,1.799940
FILLER_2_85,VPWR,li1,45.3100,19.0400,1.799943
FILLER_2_81,VPWR,li1,43.4700,19.0400,1.799946
FILLER_2_78,VPWR,li1,42.0900,19.0400,1.799946
FILLER_2_75,VPWR,li1,40.7100,19.0400,1.799951
FILLER_2_72,VPWR,li1,39.3300,19.0400,1.799951
FILLER_2_69,VPWR,li1,37.9500,19.0400,1.799955
FILLER_2_66,VPWR,li1,36.5700,19.0400,1.799955
FILLER_2_63,VPWR,li1,35.1900,19.0400,1.799960
FILLER_2_60,VPWR,li1,33.8100,19.0400,1.799960
FILLER_2_57,VPWR,li1,32.4300,19.0400,1.799964
FILLER_2_54,VPWR,li1,31.0500,19.0400,1.799967
FILLER_2_51,VPWR,li1,29.6700,19.0400,1.799967
FILLER_2_48,VPWR,li1,28.2900,19.0400,1.799971
FILLER_2_45,VPWR,li1,26.9100,19.0400,1.799971
FILLER_2_32,VPWR,li1,20.9300,19.0400,1.799980
FILLER_2_29,VPWR,li1,19.5500,19.0400,1.799980
FILLER_2_27,VPWR,li1,18.1700,19.0400,1.799980
FILLER_2_24,VPWR,li1,17.2500,19.0400,1.799980
FILLER_2_21,VPWR,li1,15.8700,19.0400,1.799980
FILLER_2_18,VPWR,li1,14.4900,19.0400,1.799980
FILLER_2_15,VPWR,li1,13.1100,19.0400,1.799980
FILLER_2_12,VPWR,li1,11.7300,19.0400,1.799980
FILLER_2_9,VPWR,li1,10.3500,19.0400,1.799980
FILLER_2_6,VPWR,li1,8.9700,19.0400,1.799980
FILLER_2_3,VPWR,li1,7.5900,19.0400,1.799980
FILLER_1_237,VPWR,li1,114.7700,13.6000,1.799676
FILLER_1_234,VPWR,li1,113.8500,13.6000,1.799676
FILLER_1_231,VPWR,li1,112.4700,13.6000,1.799676
FILLER_1_228,VPWR,li1,111.0900,13.6000,1.799676
FILLER_1_225,VPWR,li1,109.7100,13.6000,1.799676
FILLER_1_222,VPWR,li1,108.1000,13.6000,1.799676
FILLER_1_219,VPWR,li1,106.9500,13.6000,1.799676
FILLER_1_216,VPWR,li1,105.5700,13.6000,1.799676
FILLER_1_213,VPWR,li1,104.1900,13.6000,1.799676
FILLER_1_166,VPWR,li1,82.3400,13.6000,1.799685
FILLER_1_163,VPWR,li1,81.1900,13.6000,1.799686
FILLER_1_154,VPWR,li1,76.5900,13.6000,1.799690
FILLER_1_151,VPWR,li1,75.6700,13.6000,1.799690
FILLER_1_140,VPWR,li1,70.6100,13.6000,1.799700
FILLER_1_137,VPWR,li1,69.2300,13.6000,1.799705
FILLER_1_134,VPWR,li1,67.8500,13.6000,1.799705
FILLER_1_131,VPWR,li1,66.4700,13.6000,1.799713
FILLER_1_110,VPWR,li1,56.5800,13.6000,1.799742
FILLER_1_101,VPWR,li1,52.4400,13.6000,1.799756
FILLER_1_90,VPWR,li1,47.6100,13.6000,1.799780
FILLER_1_87,VPWR,li1,46.2300,13.6000,1.799780
FILLER_1_80,VPWR,li1,43.0100,13.6000,1.799804
FILLER_1_77,VPWR,li1,41.6300,13.6000,1.799804
FILLER_1_40,VPWR,li1,24.6100,13.6000,1.799911
FILLER_1_24,VPWR,li1,17.2500,13.6000,1.799930
FILLER_1_21,VPWR,li1,15.8700,13.6000,1.799930
FILLER_1_18,VPWR,li1,14.4900,13.6000,1.799930
FILLER_1_15,VPWR,li1,13.1100,13.6000,1.799930
FILLER_1_12,VPWR,li1,11.7300,13.6000,1.799930
FILLER_1_9,VPWR,li1,10.3500,13.6000,1.799930
FILLER_1_6,VPWR,li1,8.9700,13.6000,1.799930
FILLER_1_3,VPWR,li1,7.5900,13.6000,1.799930
FILLER_0_237,VPWR,li1,114.7700,13.6000,1.799676
FILLER_0_234,VPWR,li1,113.8500,13.6000,1.799676
FILLER_0_231,VPWR,li1,112.4700,13.6000,1.799676
FILLER_0_228,VPWR,li1,111.0900,13.6000,1.799676
FILLER_0_225,VPWR,li1,109.7100,13.6000,1.799676
FILLER_0_222,VPWR,li1,108.1000,13.6000,1.799676
FILLER_0_219,VPWR,li1,106.9500,13.6000,1.799676
FILLER_0_216,VPWR,li1,105.5700,13.6000,1.799676
FILLER_0_213,VPWR,li1,104.1900,13.6000,1.799676
FILLER_0_210,VPWR,li1,102.8100,13.6000,1.799676
FILLER_0_194,VPWR,li1,95.2200,13.6000,1.799678
FILLER_0_191,VPWR,li1,94.0700,13.6000,1.799678
FILLER_0_167,VPWR,li1,82.5700,13.6000,1.799685
FILLER_0_129,VPWR,li1,65.3200,13.6000,1.799713
FILLER_0_109,VPWR,li1,56.3500,13.6000,1.799742
FILLER_0_99,VPWR,li1,51.5200,13.6000,1.799764
FILLER_0_81,VPWR,li1,43.4700,13.6000,1.799793
FILLER_0_60,VPWR,li1,33.5800,13.6000,1.799854
FILLER_0_57,VPWR,li1,32.4300,13.6000,1.799866
FILLER_0_47,VPWR,li1,27.3700,13.6000,1.799899
FILLER_0_38,VPWR,li1,23.2300,13.6000,1.799930
FILLER_0_35,VPWR,li1,22.3100,13.6000,1.799930
FILLER_0_32,VPWR,li1,20.9300,13.6000,1.799930
FILLER_0_29,VPWR,li1,19.5500,13.6000,1.799930
FILLER_0_27,VPWR,li1,18.1700,13.6000,1.799930
FILLER_0_24,VPWR,li1,17.2500,13.6000,1.799930
FILLER_0_21,VPWR,li1,15.8700,13.6000,1.799930
FILLER_0_18,VPWR,li1,14.4900,13.6000,1.799930
FILLER_0_15,VPWR,li1,13.1100,13.6000,1.799930
FILLER_0_12,VPWR,li1,11.7300,13.6000,1.799930
FILLER_0_9,VPWR,li1,10.3500,13.6000,1.799930
FILLER_0_6,VPWR,li1,8.9700,13.6000,1.799930
FILLER_0_3,VPWR,li1,7.5900,13.6000,1.799930
rebuffer138,VPWR,li1,25.7600,62.5600,1.799935
rebuffer123,VPWR,li1,71.3000,106.0800,1.799936
rebuffer121,VPWR,li1,109.9400,78.8800,1.799919
rebuffer120,VPWR,li1,113.1600,57.1200,1.799814
rebuffer119,VPWR,li1,104.8800,89.7600,1.799889
rebuffer118,VPWR,li1,103.9600,89.7600,1.799889
rebuffer117,VPWR,li1,97.5200,24.4800,1.799806
rebuffer115,VPWR,li1,88.3200,19.0400,1.799894
rebuffer114,VPWR,li1,101.6600,24.4800,1.799800
rebuffer113,VPWR,li1,109.9400,62.5600,1.799724
rebuffer112,VPWR,li1,103.9600,73.4400,1.799787
rebuffer111,VPWR,li1,89.7000,95.2000,1.799907
rebuffer110,VPWR,li1,92.9200,84.3200,1.799879
rebuffer116,VPWR,li1,99.3600,24.4800,1.799803
load_slew109,VPWR,li1,108.5600,84.3200,1.799864
load_slew108,VPWR,li1,88.7800,51.6800,1.799860
fanout107,VPWR,li1,67.1600,111.5200,1.799914
load_slew106,VPWR,li1,86.9400,100.6400,1.799887
fanout105,VPWR,li1,67.1600,106.0800,1.799936
fanout103,VPWR,li1,8.9700,106.0800,1.799970
load_slew102,VPWR,li1,15.4100,89.7600,1.799964
fanout101,VPWR,li1,11.5000,84.3200,1.799965
load_slew100,VPWR,li1,11.2700,35.3600,1.799979
fanout99,VPWR,li1,12.1900,57.1200,1.799948
output98,VPWR,li1,12.1900,106.0800,1.799970
output97,VPWR,li1,109.2500,62.5600,1.799726
output96,VPWR,li1,113.1600,46.2400,1.799703
output95,VPWR,li1,112.7000,35.3600,1.799870
output94,VPWR,li1,113.1600,24.4800,1.799789
output93,VPWR,li1,113.1600,29.9200,1.799838
output92,VPWR,li1,109.4800,46.2400,1.799706
output91,VPWR,li1,106.7200,73.4400,1.799782
output90,VPWR,li1,8.9700,111.5200,1.799963
output89,VPWR,li1,38.4100,116.9600,1.799926
output88,VPWR,li1,113.1600,84.3200,1.799861
output87,VPWR,li1,8.9700,95.2000,1.799960
output86,VPWR,li1,9.2000,89.7600,1.799957
output85,VPWR,li1,51.0600,116.9600,1.799900
output84,VPWR,li1,64.1700,111.5200,1.799914
output83,VPWR,li1,54.9700,116.9600,1.799895
output82,VPWR,li1,12.8800,84.3200,1.799966
output81,VPWR,li1,8.9700,57.1200,1.799945
output80,VPWR,li1,16.3300,62.5600,1.799944
output79,VPWR,li1,8.9700,46.2400,1.799937
output78,VPWR,li1,16.5600,57.1200,1.799951
output77,VPWR,li1,109.4800,100.6400,1.799868
output76,VPWR,li1,44.6200,13.6000,1.799793
output75,VPWR,li1,41.4000,13.6000,1.799804
output74,VPWR,li1,50.1400,13.6000,1.799764
output73,VPWR,li1,46.9200,13.6000,1.799780
output72,VPWR,li1,67.8500,13.6000,1.799705
output71,VPWR,li1,112.9300,57.1200,1.799814
output70,VPWR,li1,72.6800,13.6000,1.799693
output69,VPWR,li1,73.1400,13.6000,1.799693
output68,VPWR,li1,112.9300,62.5600,1.799721
output67,VPWR,li1,113.1600,73.4400,1.799776
output66,VPWR,li1,113.1600,100.6400,1.799867
input65,VPWR,li1,9.6600,95.2000,1.799960
input64,VPWR,li1,113.1600,51.6800,1.799846
input63,VPWR,li1,105.8000,46.2400,1.799715
input62,VPWR,li1,109.4800,51.6800,1.799846
input61,VPWR,li1,80.5000,13.6000,1.799686
input60,VPWR,li1,81.8800,19.0400,1.799897
input59,VPWR,li1,76.8200,13.6000,1.799690
input58,VPWR,li1,105.3400,62.5600,1.799732
input57,VPWR,li1,12.8800,106.0800,1.799970
input56,VPWR,li1,34.5000,116.9600,1.799933
input55,VPWR,li1,106.7200,84.3200,1.799866
input54,VPWR,li1,8.7400,89.7600,1.799957
input53,VPWR,li1,8.7400,84.3200,1.799965
input52,VPWR,li1,42.3200,116.9600,1.799916
input51,VPWR,li1,66.7000,116.9600,1.799891
input50,VPWR,li1,67.6200,116.9600,1.799891
input49,VPWR,li1,8.7400,73.4400,1.799965
input48,VPWR,li1,12.4200,73.4400,1.799966
input47,VPWR,li1,12.4200,78.8800,1.799984
input46,VPWR,li1,8.7400,62.5600,1.799942
input45,VPWR,li1,12.8800,46.2400,1.799939
input44,VPWR,li1,80.5000,116.9600,1.799890
input43,VPWR,li1,8.7400,40.8000,1.799976
input42,VPWR,li1,8.7400,35.3600,1.799979
input41,VPWR,li1,8.7400,29.9200,1.799978
input40,VPWR,li1,25.3000,13.6000,1.799911
input39,VPWR,li1,16.1000,57.1200,1.799951
input38,VPWR,li1,12.4200,68.0000,1.799977
input37,VPWR,li1,50.1400,13.6000,1.799764
input36,VPWR,li1,59.3400,13.6000,1.799732
input35,VPWR,li1,113.1600,62.5600,1.799721
input34,VPWR,li1,113.1600,78.8800,1.799919
input33,VPWR,li1,112.7000,100.6400,1.799867
input32,VPWR,li1,106.7200,57.1200,1.799821
input31,VPWR,li1,113.1600,40.8000,1.799888
input30,VPWR,li1,106.7200,51.6800,1.799847
input29,VPWR,li1,97.9800,13.6000,1.799676
input28,VPWR,li1,85.5600,19.0400,1.799895
input27,VPWR,li1,78.6600,13.6000,1.799688
input26,VPWR,li1,103.0400,68.0000,1.799882
input25,VPWR,li1,8.7400,111.5200,1.799963
input24,VPWR,li1,34.5000,116.9600,1.799933
input23,VPWR,li1,113.1600,84.3200,1.799861
input22,VPWR,li1,15.6400,84.3200,1.799967
input21,VPWR,li1,12.4200,89.7600,1.799960
input20,VPWR,li1,47.8400,116.9600,1.799905
input19,VPWR,li1,60.2600,116.9600,1.799893
input18,VPWR,li1,63.9400,116.9600,1.799892
input17,VPWR,li1,8.7400,78.8800,1.799984
input16,VPWR,li1,8.7400,68.0000,1.799976
input15,VPWR,li1,16.1000,73.4400,1.799967
input14,VPWR,li1,16.1000,68.0000,1.799977
input13,VPWR,li1,16.1000,62.5600,1.799944
input12,VPWR,li1,106.7200,89.7600,1.799888
input11,VPWR,li1,15.1800,51.6800,1.799966
input10,VPWR,li1,8.7400,40.8000,1.799976
input9,VPWR,li1,29.4400,13.6000,1.799879
input8,VPWR,li1,29.4400,13.6000,1.799879
input7,VPWR,li1,8.7400,46.2400,1.799937
input6,VPWR,li1,12.4200,62.5600,1.799942
input5,VPWR,li1,53.8200,13.6000,1.799756
input4,VPWR,li1,63.0200,13.6000,1.799720
input3,VPWR,li1,110.8600,73.4400,1.799778
input2,VPWR,li1,106.7200,68.0000,1.799880
input1,VPWR,li1,113.1600,95.2000,1.799898
TAP_TAPCELL_ROW_39_247,VPWR,li1,108.7900,117.2660,1.799890
TAP_TAPCELL_ROW_39_246,VPWR,li1,95.9100,117.2660,1.799890
TAP_TAPCELL_ROW_39_245,VPWR,li1,83.0300,117.2660,1.799890
TAP_TAPCELL_ROW_39_244,VPWR,li1,70.1500,117.2660,1.799891
TAP_TAPCELL_ROW_39_243,VPWR,li1,57.2700,117.2660,1.799894
TAP_TAPCELL_ROW_39_242,VPWR,li1,44.3900,117.2660,1.799912
TAP_TAPCELL_ROW_39_241,VPWR,li1,31.5100,117.2660,1.799942
TAP_TAPCELL_ROW_39_240,VPWR,li1,18.6300,117.2660,1.799970
TAP_TAPCELL_ROW_38_239,VPWR,li1,95.9100,116.6530,1.799890
TAP_TAPCELL_ROW_38_238,VPWR,li1,70.1500,116.6530,1.799891
TAP_TAPCELL_ROW_38_237,VPWR,li1,44.3900,116.6530,1.799912
TAP_TAPCELL_ROW_38_236,VPWR,li1,18.6300,116.6530,1.799970
TAP_TAPCELL_ROW_37_235,VPWR,li1,108.7900,111.8260,1.799914
TAP_TAPCELL_ROW_37_234,VPWR,li1,83.0300,111.8260,1.799914
TAP_TAPCELL_ROW_37_233,VPWR,li1,57.2700,111.8260,1.799920
TAP_TAPCELL_ROW_37_232,VPWR,li1,31.5100,111.8260,1.799954
TAP_TAPCELL_ROW_36_231,VPWR,li1,95.9100,111.2130,1.799914
TAP_TAPCELL_ROW_36_230,VPWR,li1,70.1500,111.2130,1.799914
TAP_TAPCELL_ROW_36_229,VPWR,li1,44.3900,111.2130,1.799936
TAP_TAPCELL_ROW_36_228,VPWR,li1,18.6300,111.2130,1.799971
TAP_TAPCELL_ROW_35_227,VPWR,li1,108.7900,106.3860,1.799936
TAP_TAPCELL_ROW_35_226,VPWR,li1,83.0300,106.3860,1.799936
TAP_TAPCELL_ROW_35_225,VPWR,li1,57.2700,106.3860,1.799940
TAP_TAPCELL_ROW_35_224,VPWR,li1,31.5100,106.3860,1.799964
TAP_TAPCELL_ROW_34_223,VPWR,li1,95.9100,105.7730,1.799936
TAP_TAPCELL_ROW_34_222,VPWR,li1,70.1500,105.7730,1.799936
TAP_TAPCELL_ROW_34_221,VPWR,li1,44.3900,105.7730,1.799949
TAP_TAPCELL_ROW_34_220,VPWR,li1,18.6300,105.7730,1.799974
TAP_TAPCELL_ROW_33_219,VPWR,li1,108.7900,100.9460,1.799868
TAP_TAPCELL_ROW_33_218,VPWR,li1,83.0300,100.9460,1.799893
TAP_TAPCELL_ROW_33_217,VPWR,li1,57.2700,100.9460,1.799921
TAP_TAPCELL_ROW_33_216,VPWR,li1,31.5100,100.9460,1.799960
TAP_TAPCELL_ROW_32_215,VPWR,li1,95.9100,100.3330,1.799879
TAP_TAPCELL_ROW_32_214,VPWR,li1,70.1500,100.3330,1.799906
TAP_TAPCELL_ROW_32_213,VPWR,li1,44.3900,100.3330,1.799940
TAP_TAPCELL_ROW_32_212,VPWR,li1,18.6300,100.3330,1.799976
TAP_TAPCELL_ROW_31_211,VPWR,li1,108.7900,95.5060,1.799899
TAP_TAPCELL_ROW_31_210,VPWR,li1,83.0300,95.5060,1.799913
TAP_TAPCELL_ROW_31_209,VPWR,li1,57.2700,95.5060,1.799933
TAP_TAPCELL_ROW_31_208,VPWR,li1,31.5100,95.5060,1.799956
TAP_TAPCELL_ROW_30_207,VPWR,li1,95.9100,94.8930,1.799904
TAP_TAPCELL_ROW_30_206,VPWR,li1,70.1500,94.8930,1.799924
TAP_TAPCELL_ROW_30_205,VPWR,li1,44.3900,94.8930,1.799943
TAP_TAPCELL_ROW_30_204,VPWR,li1,18.6300,94.8930,1.799970
TAP_TAPCELL_ROW_29_203,VPWR,li1,108.7900,90.0660,1.799888
TAP_TAPCELL_ROW_29_202,VPWR,li1,83.0300,90.0660,1.799906
TAP_TAPCELL_ROW_29_201,VPWR,li1,57.2700,90.0660,1.799933
TAP_TAPCELL_ROW_29_200,VPWR,li1,31.5100,90.0660,1.799959
TAP_TAPCELL_ROW_28_199,VPWR,li1,95.9100,89.4530,1.799893
TAP_TAPCELL_ROW_28_198,VPWR,li1,70.1500,89.4530,1.799919
TAP_TAPCELL_ROW_28_197,VPWR,li1,44.3900,89.4530,1.799946
TAP_TAPCELL_ROW_28_196,VPWR,li1,18.6300,89.4530,1.799967
TAP_TAPCELL_ROW_27_195,VPWR,li1,108.7900,84.6260,1.799864
TAP_TAPCELL_ROW_27_194,VPWR,li1,83.0300,84.6260,1.799892
TAP_TAPCELL_ROW_27_193,VPWR,li1,57.2700,84.6260,1.799925
TAP_TAPCELL_ROW_27_192,VPWR,li1,31.5100,84.6260,1.799959
TAP_TAPCELL_ROW_26_191,VPWR,li1,95.9100,84.0130,1.799877
TAP_TAPCELL_ROW_26_190,VPWR,li1,70.1500,84.0130,1.799909
TAP_TAPCELL_ROW_26_189,VPWR,li1,44.3900,84.0130,1.799941
TAP_TAPCELL_ROW_26_188,VPWR,li1,18.6300,84.0130,1.799969
TAP_TAPCELL_ROW_25_187,VPWR,li1,108.7900,79.1860,1.799920
TAP_TAPCELL_ROW_25_186,VPWR,li1,83.0300,79.1860,1.799934
TAP_TAPCELL_ROW_25_185,VPWR,li1,57.2700,79.1860,1.799957
TAP_TAPCELL_ROW_25_184,VPWR,li1,31.5100,79.1860,1.799979
TAP_TAPCELL_ROW_24_183,VPWR,li1,95.9100,78.5730,1.799925
TAP_TAPCELL_ROW_24_182,VPWR,li1,70.1500,78.5730,1.799945
TAP_TAPCELL_ROW_24_181,VPWR,li1,44.3900,78.5730,1.799968
TAP_TAPCELL_ROW_24_180,VPWR,li1,18.6300,78.5730,1.799986
TAP_TAPCELL_ROW_23_179,VPWR,li1,108.7900,73.7460,1.799780
TAP_TAPCELL_ROW_23_178,VPWR,li1,83.0300,73.7460,1.799830
TAP_TAPCELL_ROW_23_177,VPWR,li1,57.2700,73.7460,1.799889
TAP_TAPCELL_ROW_23_176,VPWR,li1,31.5100,73.7460,1.799946
TAP_TAPCELL_ROW_22_175,VPWR,li1,95.9100,73.1330,1.799804
TAP_TAPCELL_ROW_22_174,VPWR,li1,70.1500,73.1330,1.799861
TAP_TAPCELL_ROW_22_173,VPWR,li1,44.3900,73.1330,1.799916
TAP_TAPCELL_ROW_22_172,VPWR,li1,18.6300,73.1330,1.799968
TAP_TAPCELL_ROW_21_171,VPWR,li1,108.7900,68.3060,1.799879
TAP_TAPCELL_ROW_21_170,VPWR,li1,83.0300,68.3060,1.799903
TAP_TAPCELL_ROW_21_169,VPWR,li1,57.2700,68.3060,1.799933
TAP_TAPCELL_ROW_21_168,VPWR,li1,31.5100,68.3060,1.799965
TAP_TAPCELL_ROW_20_167,VPWR,li1,95.9100,67.6930,1.799888
TAP_TAPCELL_ROW_20_166,VPWR,li1,70.1500,67.6930,1.799919
TAP_TAPCELL_ROW_20_165,VPWR,li1,44.3900,67.6930,1.799950
TAP_TAPCELL_ROW_20_164,VPWR,li1,18.6300,67.6930,1.799978
TAP_TAPCELL_ROW_19_163,VPWR,li1,108.7900,62.8660,1.799726
TAP_TAPCELL_ROW_19_162,VPWR,li1,83.0300,62.8660,1.799789
TAP_TAPCELL_ROW_19_161,VPWR,li1,57.2700,62.8660,1.799851
TAP_TAPCELL_ROW_19_160,VPWR,li1,31.5100,62.8660,1.799922
TAP_TAPCELL_ROW_18_159,VPWR,li1,95.9100,62.2530,1.799757
TAP_TAPCELL_ROW_18_158,VPWR,li1,70.1500,62.2530,1.799820
TAP_TAPCELL_ROW_18_157,VPWR,li1,44.3900,62.2530,1.799884
TAP_TAPCELL_ROW_18_156,VPWR,li1,18.6300,62.2530,1.799947
TAP_TAPCELL_ROW_17_155,VPWR,li1,108.7900,57.4260,1.799818
TAP_TAPCELL_ROW_17_154,VPWR,li1,83.0300,57.4260,1.799854
TAP_TAPCELL_ROW_17_153,VPWR,li1,57.2700,57.4260,1.799896
TAP_TAPCELL_ROW_17_152,VPWR,li1,31.5100,57.4260,1.799941
TAP_TAPCELL_ROW_16_151,VPWR,li1,95.9100,56.8130,1.799833
TAP_TAPCELL_ROW_16_150,VPWR,li1,70.1500,56.8130,1.799876
TAP_TAPCELL_ROW_16_149,VPWR,li1,44.3900,56.8130,1.799918
TAP_TAPCELL_ROW_16_148,VPWR,li1,18.6300,56.8130,1.799957
TAP_TAPCELL_ROW_15_147,VPWR,li1,108.7900,51.9860,1.799846
TAP_TAPCELL_ROW_15_146,VPWR,li1,83.0300,51.9860,1.799868
TAP_TAPCELL_ROW_15_145,VPWR,li1,57.2700,51.9860,1.799899
TAP_TAPCELL_ROW_15_144,VPWR,li1,31.5100,51.9860,1.799947
TAP_TAPCELL_ROW_14_143,VPWR,li1,95.9100,51.3730,1.799854
TAP_TAPCELL_ROW_14_142,VPWR,li1,70.1500,51.3730,1.799883
TAP_TAPCELL_ROW_14_141,VPWR,li1,44.3900,51.3730,1.799924
TAP_TAPCELL_ROW_14_140,VPWR,li1,18.6300,51.3730,1.799967
TAP_TAPCELL_ROW_13_139,VPWR,li1,108.7900,46.5460,1.799710
TAP_TAPCELL_ROW_13_138,VPWR,li1,83.0300,46.5460,1.799765
TAP_TAPCELL_ROW_13_137,VPWR,li1,57.2700,46.5460,1.799830
TAP_TAPCELL_ROW_13_136,VPWR,li1,31.5100,46.5460,1.799912
TAP_TAPCELL_ROW_12_135,VPWR,li1,95.9100,45.9330,1.799735
TAP_TAPCELL_ROW_12_134,VPWR,li1,70.1500,45.9330,1.799797
TAP_TAPCELL_ROW_12_133,VPWR,li1,44.3900,45.9330,1.799868
TAP_TAPCELL_ROW_12_132,VPWR,li1,18.6300,45.9330,1.799946
TAP_TAPCELL_ROW_11_131,VPWR,li1,108.7900,41.1060,1.799889
TAP_TAPCELL_ROW_11_130,VPWR,li1,83.0300,41.1060,1.799908
TAP_TAPCELL_ROW_11_129,VPWR,li1,57.2700,41.1060,1.799934
TAP_TAPCELL_ROW_11_128,VPWR,li1,31.5100,41.1060,1.799966
TAP_TAPCELL_ROW_10_127,VPWR,li1,95.9100,40.4930,1.799896
TAP_TAPCELL_ROW_10_126,VPWR,li1,70.1500,40.4930,1.799921
TAP_TAPCELL_ROW_10_125,VPWR,li1,44.3900,40.4930,1.799951
TAP_TAPCELL_ROW_10_124,VPWR,li1,18.6300,40.4930,1.799978
TAP_TAPCELL_ROW_9_123,VPWR,li1,108.7900,35.6660,1.799874
TAP_TAPCELL_ROW_9_122,VPWR,li1,83.0300,35.6660,1.799903
TAP_TAPCELL_ROW_9_121,VPWR,li1,57.2700,35.6660,1.799935
TAP_TAPCELL_ROW_9_120,VPWR,li1,31.5100,35.6660,1.799966
TAP_TAPCELL_ROW_8_119,VPWR,li1,95.9100,35.0530,1.799888
TAP_TAPCELL_ROW_8_118,VPWR,li1,70.1500,35.0530,1.799920
TAP_TAPCELL_ROW_8_117,VPWR,li1,44.3900,35.0530,1.799950
TAP_TAPCELL_ROW_8_116,VPWR,li1,18.6300,35.0530,1.799981
TAP_TAPCELL_ROW_7_115,VPWR,li1,108.7900,30.2260,1.799842
TAP_TAPCELL_ROW_7_114,VPWR,li1,83.0300,30.2260,1.799878
TAP_TAPCELL_ROW_7_113,VPWR,li1,57.2700,30.2260,1.799922
TAP_TAPCELL_ROW_7_112,VPWR,li1,31.5100,30.2260,1.799964
TAP_TAPCELL_ROW_6_111,VPWR,li1,95.9100,29.6130,1.799856
TAP_TAPCELL_ROW_6_110,VPWR,li1,70.1500,29.6130,1.799901
TAP_TAPCELL_ROW_6_109,VPWR,li1,44.3900,29.6130,1.799942
TAP_TAPCELL_ROW_6_108,VPWR,li1,18.6300,29.6130,1.799979
TAP_TAPCELL_ROW_5_107,VPWR,li1,108.7900,24.7860,1.799792
TAP_TAPCELL_ROW_5_106,VPWR,li1,83.0300,24.7860,1.799830
TAP_TAPCELL_ROW_5_105,VPWR,li1,57.2700,24.7860,1.799879
TAP_TAPCELL_ROW_5_104,VPWR,li1,31.5100,24.7860,1.799938
TAP_TAPCELL_ROW_4_103,VPWR,li1,95.9100,24.1730,1.799806
TAP_TAPCELL_ROW_4_102,VPWR,li1,70.1500,24.1730,1.799854
TAP_TAPCELL_ROW_4_101,VPWR,li1,44.3900,24.1730,1.799907
TAP_TAPCELL_ROW_4_100,VPWR,li1,18.6300,24.1730,1.799968
TAP_TAPCELL_ROW_3_99,VPWR,li1,108.7900,19.3460,1.799889
TAP_TAPCELL_ROW_3_98,VPWR,li1,83.0300,19.3460,1.799897
TAP_TAPCELL_ROW_3_97,VPWR,li1,57.2700,19.3460,1.799923
TAP_TAPCELL_ROW_3_96,VPWR,li1,31.5100,19.3460,1.799964
TAP_TAPCELL_ROW_2_95,VPWR,li1,95.9100,18.7330,1.799890
TAP_TAPCELL_ROW_2_94,VPWR,li1,70.1500,18.7330,1.799908
TAP_TAPCELL_ROW_2_93,VPWR,li1,44.3900,18.7330,1.799943
TAP_TAPCELL_ROW_2_92,VPWR,li1,18.6300,18.7330,1.799980
TAP_TAPCELL_ROW_1_91,VPWR,li1,108.7900,13.9060,1.799676
TAP_TAPCELL_ROW_1_90,VPWR,li1,83.0300,13.9060,1.799685
TAP_TAPCELL_ROW_1_89,VPWR,li1,57.2700,13.9060,1.799742
TAP_TAPCELL_ROW_1_88,VPWR,li1,31.5100,13.9060,1.799866
TAP_TAPCELL_ROW_0_87,VPWR,li1,108.7900,13.2930,1.799676
TAP_TAPCELL_ROW_0_86,VPWR,li1,95.9100,13.2930,1.799677
TAP_TAPCELL_ROW_0_85,VPWR,li1,83.0300,13.2930,1.799685
TAP_TAPCELL_ROW_0_84,VPWR,li1,70.1500,13.2930,1.799700
TAP_TAPCELL_ROW_0_83,VPWR,li1,57.2700,13.2930,1.799742
TAP_TAPCELL_ROW_0_82,VPWR,li1,44.3900,13.2930,1.799793
TAP_TAPCELL_ROW_0_81,VPWR,li1,31.5100,13.2930,1.799866
TAP_TAPCELL_ROW_0_80,VPWR,li1,18.6300,13.2930,1.799930
PHY_EDGE_ROW_39_Left_79,VPWR,li1,6.2100,116.9600,1.799970
PHY_EDGE_ROW_38_Left_78,VPWR,li1,6.2100,116.9600,1.799970
PHY_EDGE_ROW_37_Left_77,VPWR,li1,6.2100,111.5200,1.799963
PHY_EDGE_ROW_36_Left_76,VPWR,li1,6.2100,111.5200,1.799963
PHY_EDGE_ROW_35_Left_75,VPWR,li1,6.2100,106.0800,1.799970
PHY_EDGE_ROW_34_Left_74,VPWR,li1,6.2100,106.0800,1.799970
PHY_EDGE_ROW_33_Left_73,VPWR,li1,6.2100,100.6400,1.799974
PHY_EDGE_ROW_32_Left_72,VPWR,li1,6.2100,100.6400,1.799974
PHY_EDGE_ROW_31_Left_71,VPWR,li1,6.2100,95.2000,1.799960
PHY_EDGE_ROW_30_Left_70,VPWR,li1,6.2100,95.2000,1.799960
PHY_EDGE_ROW_29_Left_69,VPWR,li1,6.2100,89.7600,1.799957
PHY_EDGE_ROW_28_Left_68,VPWR,li1,6.2100,89.7600,1.799957
PHY_EDGE_ROW_27_Left_67,VPWR,li1,6.2100,84.3200,1.799965
PHY_EDGE_ROW_26_Left_66,VPWR,li1,6.2100,84.3200,1.799965
PHY_EDGE_ROW_25_Left_65,VPWR,li1,6.2100,78.8800,1.799984
PHY_EDGE_ROW_24_Left_64,VPWR,li1,6.2100,78.8800,1.799984
PHY_EDGE_ROW_23_Left_63,VPWR,li1,6.2100,73.4400,1.799965
PHY_EDGE_ROW_22_Left_62,VPWR,li1,6.2100,73.4400,1.799965
PHY_EDGE_ROW_21_Left_61,VPWR,li1,6.2100,68.0000,1.799976
PHY_EDGE_ROW_20_Left_60,VPWR,li1,6.2100,68.0000,1.799976
PHY_EDGE_ROW_19_Left_59,VPWR,li1,6.2100,62.5600,1.799942
PHY_EDGE_ROW_18_Left_58,VPWR,li1,6.2100,62.5600,1.799942
PHY_EDGE_ROW_17_Left_57,VPWR,li1,6.2100,57.1200,1.799945
PHY_EDGE_ROW_16_Left_56,VPWR,li1,6.2100,57.1200,1.799945
PHY_EDGE_ROW_15_Left_55,VPWR,li1,6.2100,51.6800,1.799964
PHY_EDGE_ROW_14_Left_54,VPWR,li1,6.2100,51.6800,1.799964
PHY_EDGE_ROW_13_Left_53,VPWR,li1,6.2100,46.2400,1.799937
PHY_EDGE_ROW_12_Left_52,VPWR,li1,6.2100,46.2400,1.799937
PHY_EDGE_ROW_11_Left_51,VPWR,li1,6.2100,40.8000,1.799976
PHY_EDGE_ROW_10_Left_50,VPWR,li1,6.2100,40.8000,1.799976
PHY_EDGE_ROW_9_Left_49,VPWR,li1,6.2100,35.3600,1.799979
PHY_EDGE_ROW_8_Left_48,VPWR,li1,6.2100,35.3600,1.799979
PHY_EDGE_ROW_7_Left_47,VPWR,li1,6.2100,29.9200,1.799978
PHY_EDGE_ROW_6_Left_46,VPWR,li1,6.2100,29.9200,1.799978
PHY_EDGE_ROW_5_Left_45,VPWR,li1,6.2100,24.4800,1.799966
PHY_EDGE_ROW_4_Left_44,VPWR,li1,6.2100,24.4800,1.799966
PHY_EDGE_ROW_3_Left_43,VPWR,li1,6.2100,19.0400,1.799980
PHY_EDGE_ROW_2_Left_42,VPWR,li1,6.2100,19.0400,1.799980
PHY_EDGE_ROW_1_Left_41,VPWR,li1,6.2100,13.6000,1.799930
PHY_EDGE_ROW_0_Left_40,VPWR,li1,6.2100,13.6000,1.799930
PHY_EDGE_ROW_39_Right_39,VPWR,li1,115.6900,116.9600,1.799890
PHY_EDGE_ROW_38_Right_38,VPWR,li1,115.6900,116.9600,1.799890
PHY_EDGE_ROW_37_Right_37,VPWR,li1,115.6900,111.5200,1.799914
PHY_EDGE_ROW_36_Right_36,VPWR,li1,115.6900,111.5200,1.799914
PHY_EDGE_ROW_35_Right_35,VPWR,li1,115.6900,106.0800,1.799936
PHY_EDGE_ROW_34_Right_34,VPWR,li1,115.6900,106.0800,1.799936
PHY_EDGE_ROW_33_Right_33,VPWR,li1,115.6900,100.6400,1.799867
PHY_EDGE_ROW_32_Right_32,VPWR,li1,115.6900,100.6400,1.799867
PHY_EDGE_ROW_31_Right_31,VPWR,li1,115.6900,95.2000,1.799898
PHY_EDGE_ROW_30_Right_30,VPWR,li1,115.6900,95.2000,1.799898
PHY_EDGE_ROW_29_Right_29,VPWR,li1,115.6900,89.7600,1.799888
PHY_EDGE_ROW_28_Right_28,VPWR,li1,115.6900,89.7600,1.799888
PHY_EDGE_ROW_27_Right_27,VPWR,li1,115.6900,84.3200,1.799861
PHY_EDGE_ROW_26_Right_26,VPWR,li1,115.6900,84.3200,1.799861
PHY_EDGE_ROW_25_Right_25,VPWR,li1,115.6900,78.8800,1.799919
PHY_EDGE_ROW_24_Right_24,VPWR,li1,115.6900,78.8800,1.799919
PHY_EDGE_ROW_23_Right_23,VPWR,li1,115.6900,73.4400,1.799776
PHY_EDGE_ROW_22_Right_22,VPWR,li1,115.6900,73.4400,1.799776
PHY_EDGE_ROW_21_Right_21,VPWR,li1,115.6900,68.0000,1.799878
PHY_EDGE_ROW_20_Right_20,VPWR,li1,115.6900,68.0000,1.799878
PHY_EDGE_ROW_19_Right_19,VPWR,li1,115.6900,62.5600,1.799721
PHY_EDGE_ROW_18_Right_18,VPWR,li1,115.6900,62.5600,1.799721
PHY_EDGE_ROW_17_Right_17,VPWR,li1,115.6900,57.1200,1.799814
PHY_EDGE_ROW_16_Right_16,VPWR,li1,115.6900,57.1200,1.799814
PHY_EDGE_ROW_15_Right_15,VPWR,li1,115.6900,51.6800,1.799846
PHY_EDGE_ROW_14_Right_14,VPWR,li1,115.6900,51.6800,1.799846
PHY_EDGE_ROW_13_Right_13,VPWR,li1,115.6900,46.2400,1.799703
PHY_EDGE_ROW_12_Right_12,VPWR,li1,115.6900,46.2400,1.799703
PHY_EDGE_ROW_11_Right_11,VPWR,li1,115.6900,40.8000,1.799888
PHY_EDGE_ROW_10_Right_10,VPWR,li1,115.6900,40.8000,1.799888
PHY_EDGE_ROW_9_Right_9,VPWR,li1,115.6900,35.3600,1.799870
PHY_EDGE_ROW_8_Right_8,VPWR,li1,115.6900,35.3600,1.799870
PHY_EDGE_ROW_7_Right_7,VPWR,li1,115.6900,29.9200,1.799838
PHY_EDGE_ROW_6_Right_6,VPWR,li1,115.6900,29.9200,1.799838
PHY_EDGE_ROW_5_Right_5,VPWR,li1,115.6900,24.4800,1.799789
PHY_EDGE_ROW_4_Right_4,VPWR,li1,115.6900,24.4800,1.799789
PHY_EDGE_ROW_3_Right_3,VPWR,li1,115.6900,19.0400,1.799889
PHY_EDGE_ROW_2_Right_2,VPWR,li1,115.6900,19.0400,1.799889
PHY_EDGE_ROW_1_Right_1,VPWR,li1,115.6900,13.6000,1.799676
PHY_EDGE_ROW_0_Right_0,VPWR,li1,115.6900,13.6000,1.799676
_448_,VPWR,li1,39.3300,51.6800,1.799931
_447_,VPWR,li1,39.1000,51.6800,1.799931
_446_,VPWR,li1,37.0300,57.1200,1.799933
_445_,VPWR,li1,36.5700,51.6800,1.799937
_444_,VPWR,li1,49.4500,51.6800,1.799912
_443_,VPWR,li1,42.5500,62.5600,1.799888
_442_,VPWR,li1,46.0000,62.5600,1.799884
_441_,VPWR,li1,39.7900,62.5600,1.799896
_440_,VPWR,li1,41.1700,62.5600,1.799896
_439_,VPWR,li1,54.9700,19.0400,1.799926
_438_,VPWR,li1,51.2900,19.0400,1.799931
_437_,VPWR,li1,51.5200,19.0400,1.799931
_436_,VPWR,li1,48.5300,19.0400,1.799936
_435_,VPWR,li1,54.5100,13.6000,1.799748
_434_,VPWR,li1,61.8700,19.0400,1.799916
_433_,VPWR,li1,64.6300,13.6000,1.799720
_432_,VPWR,li1,59.5700,19.0400,1.799919
_431_,VPWR,li1,60.4900,13.6000,1.799732
_430_,VPWR,li1,68.5400,46.2400,1.799797
_429_,VPWR,li1,91.7700,57.1200,1.799837
_428_,VPWR,li1,93.1500,73.4400,1.799809
_427_,VPWR,li1,87.6300,73.4400,1.799818
_426_,VPWR,li1,89.9300,78.8800,1.799928
_425_,VPWR,li1,101.4300,89.7600,1.799890
_424_,VPWR,li1,101.8900,95.2000,1.799902
_423_,VPWR,li1,97.9800,89.7600,1.799891
_422_,VPWR,li1,88.3200,73.4400,1.799818
_421_,VPWR,li1,84.4100,68.0000,1.799901
_420_,VPWR,li1,104.1900,84.3200,1.799868
_419_,VPWR,li1,90.6200,89.7600,1.799899
_418_,VPWR,li1,92.2300,95.2000,1.799906
_417_,VPWR,li1,93.8400,89.7600,1.799895
_416_,VPWR,li1,99.3600,95.2000,1.799903
_415_,VPWR,li1,108.3300,95.2000,1.799899
_414_,VPWR,li1,88.3200,95.2000,1.799908
_413_,VPWR,li1,106.2600,78.8800,1.799920
_412_,VPWR,li1,101.4300,84.3200,1.799870
_411_,VPWR,li1,103.7300,84.3200,1.799868
_410_,VPWR,li1,85.1000,68.0000,1.799901
_409_,VPWR,li1,84.6400,73.4400,1.799825
_408_,VPWR,li1,84.4100,62.5600,1.799784
_407_,VPWR,li1,81.1900,68.0000,1.799905
_406_,VPWR,li1,95.6800,51.6800,1.799854
_405_,VPWR,li1,103.0400,57.1200,1.799825
_404_,VPWR,li1,94.0700,68.0000,1.799891
_403_,VPWR,li1,99.3600,68.0000,1.799885
_402_,VPWR,li1,97.7500,29.9200,1.799853
_401_,VPWR,li1,94.0700,40.8000,1.799897
_400_,VPWR,li1,83.0300,24.4800,1.799830
_399_,VPWR,li1,92.0000,46.2400,1.799746
_398_,VPWR,li1,93.1500,40.8000,1.799899
_397_,VPWR,li1,93.6100,29.9200,1.799859
_396_,VPWR,li1,91.7700,24.4800,1.799813
_395_,VPWR,li1,91.0800,19.0400,1.799891
_394_,VPWR,li1,100.5100,29.9200,1.799849
_393_,VPWR,li1,98.4400,13.6000,1.799676
_392_,VPWR,li1,100.9700,13.6000,1.799676
_391_,VPWR,li1,104.6500,19.0400,1.799889
_390_,VPWR,li1,88.3200,13.6000,1.799680
_389_,VPWR,li1,94.7600,19.0400,1.799890
_388_,VPWR,li1,88.3200,13.6000,1.799680
_387_,VPWR,li1,81.6500,19.0400,1.799897
_386_,VPWR,li1,77.0500,19.0400,1.799902
_385_,VPWR,li1,93.1500,46.2400,1.799741
_384_,VPWR,li1,97.7500,46.2400,1.799730
_383_,VPWR,li1,92.2300,51.6800,1.799857
_382_,VPWR,li1,102.8100,51.6800,1.799849
_381_,VPWR,li1,108.7900,57.1200,1.799818
_380_,VPWR,li1,103.7300,57.1200,1.799823
_379_,VPWR,li1,99.5900,57.1200,1.799828
_378_,VPWR,li1,112.0100,51.6800,1.799846
_377_,VPWR,li1,111.0900,40.8000,1.799888
_376_,VPWR,li1,110.1700,40.8000,1.799888
_375_,VPWR,li1,112.0100,35.3600,1.799870
_374_,VPWR,li1,106.7200,73.4400,1.799782
_373_,VPWR,li1,113.8500,73.4400,1.799776
_372_,VPWR,li1,109.4800,78.8800,1.799920
_371_,VPWR,li1,101.2000,68.0000,1.799883
_370_,VPWR,li1,94.3000,62.5600,1.799757
_369_,VPWR,li1,14.0300,95.2000,1.799963
_368_,VPWR,li1,55.8900,46.2400,1.799835
_367_,VPWR,li1,49.9100,46.2400,1.799851
_366_,VPWR,li1,57.7300,51.6800,1.799899
_365_,VPWR,li1,54.5100,46.2400,1.799835
_364_,VPWR,li1,61.4100,40.8000,1.799929
_363_,VPWR,li1,63.7100,24.4800,1.799863
_362_,VPWR,li1,59.1100,24.4800,1.799875
_361_,VPWR,li1,66.4700,19.0400,1.799911
_360_,VPWR,li1,112.0100,68.0000,1.799878
_359_,VPWR,li1,105.5700,62.5600,1.799732
_358_,VPWR,li1,110.1700,68.0000,1.799879
_357_,VPWR,li1,106.0300,51.6800,1.799847
_356_,VPWR,li1,112.0100,46.2400,1.799703
_355_,VPWR,li1,107.4100,46.2400,1.799710
_354_,VPWR,li1,105.5700,40.8000,1.799890
_353_,VPWR,li1,102.8100,46.2400,1.799720
_352_,VPWR,li1,98.9000,40.8000,1.799894
_351_,VPWR,li1,99.1300,35.3600,1.799884
_350_,VPWR,li1,94.9900,24.4800,1.799809
_349_,VPWR,li1,109.2500,24.4800,1.799792
_348_,VPWR,li1,103.2700,19.0400,1.799889
_347_,VPWR,li1,109.2500,29.9200,1.799842
_346_,VPWR,li1,97.7500,29.9200,1.799853
_345_,VPWR,li1,104.6500,29.9200,1.799845
_344_,VPWR,li1,92.9200,57.1200,1.799837
_343_,VPWR,li1,92.6900,78.8800,1.799926
_342_,VPWR,li1,93.1500,78.8800,1.799926
_341_,VPWR,li1,92.6900,84.3200,1.799879
_340_,VPWR,li1,90.8500,89.7600,1.799897
_339_,VPWR,li1,112.0100,95.2000,1.799898
_338_,VPWR,li1,110.6300,89.7600,1.799888
_337_,VPWR,li1,112.0100,89.7600,1.799888
_336_,VPWR,li1,13.5700,100.6400,1.799975
_335_,VPWR,li1,25.7600,106.0800,1.799971
_334_,VPWR,li1,17.7100,100.6400,1.799976
_333_,VPWR,li1,15.4100,106.0800,1.799972
_332_,VPWR,li1,12.1900,111.5200,1.799965
_331_,VPWR,li1,10.3500,100.6400,1.799974
_330_,VPWR,li1,30.5900,111.5200,1.799957
_329_,VPWR,li1,27.1400,100.6400,1.799969
_328_,VPWR,li1,16.5600,89.7600,1.799964
_327_,VPWR,li1,26.6800,95.2000,1.799962
_326_,VPWR,li1,25.9900,111.5200,1.799964
_325_,VPWR,li1,29.4400,111.5200,1.799957
_324_,VPWR,li1,29.2100,116.9600,1.799949
_323_,VPWR,li1,30.1300,116.9600,1.799949
_322_,VPWR,li1,26.4500,116.9600,1.799956
_321_,VPWR,li1,24.6100,84.3200,1.799967
_320_,VPWR,li1,25.7600,84.3200,1.799967
_319_,VPWR,li1,16.7900,95.2000,1.799968
_318_,VPWR,li1,8.7400,84.3200,1.799965
_317_,VPWR,li1,19.5500,89.7600,1.799967
_316_,VPWR,li1,12.6500,95.2000,1.799963
_315_,VPWR,li1,11.7300,89.7600,1.799960
_314_,VPWR,li1,8.0500,78.8800,1.799984
_313_,VPWR,li1,26.4500,89.7600,1.799964
_312_,VPWR,li1,28.2900,95.2000,1.799959
_311_,VPWR,li1,35.8800,100.6400,1.799953
_310_,VPWR,li1,39.1000,100.6400,1.799949
_309_,VPWR,li1,39.1000,106.0800,1.799955
_308_,VPWR,li1,22.3100,89.7600,1.799971
_307_,VPWR,li1,12.1900,78.8800,1.799984
_306_,VPWR,li1,43.9300,106.0800,1.799951
_305_,VPWR,li1,42.3200,106.0800,1.799951
_304_,VPWR,li1,53.1300,111.5200,1.799924
_303_,VPWR,li1,41.1700,111.5200,1.799941
_302_,VPWR,li1,42.0900,116.9600,1.799916
_301_,VPWR,li1,42.3200,111.5200,1.799939
_300_,VPWR,li1,39.3300,116.9600,1.799921
_299_,VPWR,li1,45.7700,116.9600,1.799909
_298_,VPWR,li1,54.0500,111.5200,1.799924
_297_,VPWR,li1,53.5900,106.0800,1.799942
_296_,VPWR,li1,55.6600,106.0800,1.799940
_295_,VPWR,li1,54.5100,116.9600,1.799895
_294_,VPWR,li1,60.2600,116.9600,1.799893
_293_,VPWR,li1,60.0300,111.5200,1.799918
_292_,VPWR,li1,63.2500,116.9600,1.799892
_291_,VPWR,li1,63.2500,111.5200,1.799916
_290_,VPWR,li1,54.0500,100.6400,1.799926
_289_,VPWR,li1,52.6700,100.6400,1.799926
_288_,VPWR,li1,58.6500,106.0800,1.799939
_287_,VPWR,li1,65.3200,106.0800,1.799937
_286_,VPWR,li1,61.8700,106.0800,1.799938
_285_,VPWR,li1,63.2500,106.0800,1.799938
_284_,VPWR,li1,60.9500,106.0800,1.799938
_283_,VPWR,li1,36.5700,95.2000,1.799950
_282_,VPWR,li1,35.6500,95.2000,1.799950
_281_,VPWR,li1,33.5800,95.2000,1.799954
_280_,VPWR,li1,30.8200,46.2400,1.799919
_279_,VPWR,li1,32.6600,73.4400,1.799946
_278_,VPWR,li1,33.3500,68.0000,1.799962
_277_,VPWR,li1,31.5100,51.6800,1.799947
_276_,VPWR,li1,33.3500,57.1200,1.799937
_275_,VPWR,li1,35.1900,89.7600,1.799954
_274_,VPWR,li1,30.1300,84.3200,1.799959
_273_,VPWR,li1,32.4300,84.3200,1.799956
_272_,VPWR,li1,26.4500,78.8800,1.799983
_271_,VPWR,li1,31.5100,62.5600,1.799922
_270_,VPWR,li1,29.6700,57.1200,1.799945
_269_,VPWR,li1,20.4700,73.4400,1.799968
_268_,VPWR,li1,23.9200,57.1200,1.799956
_267_,VPWR,li1,31.9700,68.0000,1.799965
_266_,VPWR,li1,29.2100,73.4400,1.799951
_265_,VPWR,li1,29.9000,68.0000,1.799968
_264_,VPWR,li1,27.8300,73.4400,1.799959
_263_,VPWR,li1,26.4500,73.4400,1.799959
_262_,VPWR,li1,21.8500,62.5600,1.799950
_261_,VPWR,li1,20.7000,62.5600,1.799950
_260_,VPWR,li1,8.5100,57.1200,1.799945
_259_,VPWR,li1,12.8800,57.1200,1.799948
_258_,VPWR,li1,20.9300,57.1200,1.799961
_257_,VPWR,li1,18.6300,68.0000,1.799978
_256_,VPWR,li1,17.7100,73.4400,1.799968
_255_,VPWR,li1,15.4100,73.4400,1.799967
_254_,VPWR,li1,10.3500,73.4400,1.799965
_253_,VPWR,li1,11.7300,51.6800,1.799964
_252_,VPWR,li1,16.3300,46.2400,1.799944
_251_,VPWR,li1,11.2700,62.5600,1.799942
_250_,VPWR,li1,10.3500,68.0000,1.799976
_249_,VPWR,li1,23.6900,51.6800,1.799964
_248_,VPWR,li1,27.3700,40.8000,1.799970
_247_,VPWR,li1,28.2900,40.8000,1.799970
_246_,VPWR,li1,21.6200,40.8000,1.799979
_245_,VPWR,li1,17.7100,51.6800,1.799967
_244_,VPWR,li1,20.2400,51.6800,1.799969
_243_,VPWR,li1,15.8700,46.2400,1.799944
_242_,VPWR,li1,10.3500,51.6800,1.799964
_241_,VPWR,li1,27.8300,35.3600,1.799971
_240_,VPWR,li1,25.7600,35.3600,1.799975
_239_,VPWR,li1,21.6200,24.4800,1.799968
_238_,VPWR,li1,29.2100,24.4800,1.799945
_237_,VPWR,li1,25.0700,40.8000,1.799976
_236_,VPWR,li1,14.2600,40.8000,1.799977
_235_,VPWR,li1,14.0300,35.3600,1.799980
_234_,VPWR,li1,11.7300,40.8000,1.799977
_233_,VPWR,li1,14.0300,40.8000,1.799977
_232_,VPWR,li1,34.7300,24.4800,1.799932
_231_,VPWR,li1,27.6000,19.0400,1.799971
_230_,VPWR,li1,22.5400,19.0400,1.799980
_229_,VPWR,li1,33.5800,24.4800,1.799932
_228_,VPWR,li1,20.9300,29.9200,1.799980
_227_,VPWR,li1,13.8000,29.9200,1.799979
_226_,VPWR,li1,13.5700,29.9200,1.799979
_225_,VPWR,li1,10.8100,29.9200,1.799978
_224_,VPWR,li1,8.0500,35.3600,1.799979
_223_,VPWR,li1,37.0300,13.6000,1.799830
_222_,VPWR,li1,33.3500,13.6000,1.799854
_221_,VPWR,li1,28.7500,24.4800,1.799945
_220_,VPWR,li1,10.3500,24.4800,1.799966
_219_,VPWR,li1,37.9500,13.6000,1.799830
_218_,VPWR,li1,26.4500,13.6000,1.799899
_217_,VPWR,li1,22.7700,19.0400,1.799980
_216_,VPWR,li1,25.0700,19.0400,1.799975
_215_,VPWR,li1,20.9300,13.6000,1.799930
_214_,VPWR,li1,35.4200,46.2400,1.799903
_213_,VPWR,li1,41.8600,46.2400,1.799876
_212_,VPWR,li1,49.2200,51.6800,1.799912
_211_,VPWR,li1,54.2800,24.4800,1.799884
_210_,VPWR,li1,64.4000,46.2400,1.799810
_209_,VPWR,li1,59.5700,40.8000,1.799931
_208_,VPWR,li1,44.8500,46.2400,1.799868
