+ define_corners min_ff_n40C_1v95
Reading timing models for corner min_ff_n40C_1v95…
Reading cell library for the 'min_ff_n40C_1v95' corner at '/home/admin/.ciel/ciel/sky130/versions/8afc8346a57fe1ab7934ba5a6056ea8b43078e71/sky130A/libs.ref/sky130_fd_sc_hd/lib/sky130_fd_sc_hd__ff_n40C_1v95.lib'…
Reading top-level netlist at '/home/admin/Documents/Projekty/Hobby/Nauka/RISC-5/.v/DDCA/code/exercises/ALUDesignIverilog/ALU/systemIverilog/build/runs/RUN_2026-09-29_09-19-13/51-openroad-fillinsertion/addsub32.nl.v'…
Linking design 'addsub32' from netlist…
Warning: /home/admin/Documents/Projekty/Hobby/Nauka/RISC-5/.v/DDCA/code/exercises/ALUDesignIverilog/ALU/systemIverilog/build/runs/RUN_2026-09-29_09-19-13/51-openroad-fillinsertion/addsub32.nl.v line 514, module sky130_fd_sc_hd__fill_1 not found. Creating black box for FILLER_0_116.
Warning: /home/admin/Documents/Projekty/Hobby/Nauka/RISC-5/.v/DDCA/code/exercises/ALUDesignIverilog/ALU/systemIverilog/build/runs/RUN_2026-09-29_09-19-13/51-openroad-fillinsertion/addsub32.nl.v line 522, module sky130_fd_sc_hd__fill_2 not found. Creating black box for FILLER_0_166.
Warning: /home/admin/Documents/Projekty/Hobby/Nauka/RISC-5/.v/DDCA/code/exercises/ALUDesignIverilog/ALU/systemIverilog/build/runs/RUN_2026-09-29_09-19-13/51-openroad-fillinsertion/addsub32.nl.v line 1674, module sky130_fd_sc_hd__tapvpwrvgnd_1 not found. Creating black box for TAP_TAPCELL_ROW_0_72.
Reading design constraints file at '/nix/store/33pw6r3szpqrlxwi0ri36rfq68whzq26-python3-3.13.9-env/lib/python3.13/site-packages/librelane/scripts/base.sdc'…
Warning: base.sdc line 15, port '__VIRTUAL_CLK__' not found.
[INFO] Using clock __VIRTUAL_CLK__…
[INFO] Setting output delay to: 0.8
[INFO] Setting input delay to: 0.8
Warning: base.sdc line 32, port '__VIRTUAL_CLK__' not found.
[INFO] Setting load to: 0.033442
[INFO] Setting clock uncertainty to: 0.25
[INFO] Setting clock transition to: 0.1499999999999999944488848768742172978818416595458984375
Warning: base.sdc line 69, transition time can not be specified for virtual clocks.
[INFO] Setting timing derate to: 5.0%
Warning: base.sdc line 79, virtual clock __VIRTUAL_CLK__ can not be propagated.
Reading top-level design parasitics for the 'min_ff_n40C_1v95' corner at '/home/admin/Documents/Projekty/Hobby/Nauka/RISC-5/.v/DDCA/code/exercises/ALUDesignIverilog/ALU/systemIverilog/build/runs/RUN_2026-09-29_09-19-13/53-openroad-rcx/min/addsub32.min.spef'…
%OL_CREATE_REPORT min.rpt

===========================================================================
report_checks -path_delay min (Hold)
============================================================================
======================= min_ff_n40C_1v95 Corner ===================================

Startpoint: A[31] (input port clocked by __VIRTUAL_CLK__)
Endpoint: carryOut (output port clocked by __VIRTUAL_CLK__)
Path Group: __VIRTUAL_CLK__
Path Type: min

Fanout         Cap        Slew       Delay        Time   Description
---------------------------------------------------------------------------------------------
                      0.000000    0.000000    0.000000   clock __VIRTUAL_CLK__ (rise edge)
                                  0.000000    0.000000   clock network delay (ideal)
                                  0.800000    0.800000 v input external delay
     1    0.003590    0.005886    0.002808    0.802808 v A[31] (in)
                                                         A[31] (net)
                      0.005886    0.000000    0.802808 v input25/A (sky130_fd_sc_hd__clkdlybuf4s25_1)
     2    0.018129    0.097960    0.197402    1.000210 v input25/X (sky130_fd_sc_hd__clkdlybuf4s25_1)
                                                         net25 (net)
                      0.097960    0.000162    1.000372 v _651_/A1_N (sky130_fd_sc_hd__o2bb2ai_4)
     1    0.004879    0.017630    0.096328    1.096700 v _651_/Y (sky130_fd_sc_hd__o2bb2ai_4)
                                                         net98 (net)
                      0.017630    0.000046    1.096746 v output98/A (sky130_fd_sc_hd__buf_6)
     1    0.035865    0.032940    0.081845    1.178591 v output98/X (sky130_fd_sc_hd__buf_6)
                                                         carryOut (net)
                      0.032942    0.000275    1.178867 v carryOut (out)
                                              1.178867   data arrival time

                      0.000000    0.000000    0.000000   clock __VIRTUAL_CLK__ (rise edge)
                                  0.000000    0.000000   clock network delay (ideal)
                                  0.250000    0.250000   clock uncertainty
                                  0.000000    0.250000   clock reconvergence pessimism
                                 -0.800000   -0.550000   output external delay
                                             -0.550000   data required time
---------------------------------------------------------------------------------------------
                                             -0.550000   data required time
                                             -1.178867   data arrival time
---------------------------------------------------------------------------------------------
                                              1.728867   slack (MET)


Startpoint: A[29] (input port clocked by __VIRTUAL_CLK__)
Endpoint: S[29] (output port clocked by __VIRTUAL_CLK__)
Path Group: __VIRTUAL_CLK__
Path Type: min

Fanout         Cap        Slew       Delay        Time   Description
---------------------------------------------------------------------------------------------
                      0.000000    0.000000    0.000000   clock __VIRTUAL_CLK__ (rise edge)
                                  0.000000    0.000000   clock network delay (ideal)
                                  0.800000    0.800000 ^ input external delay
     1    0.004070    0.018465    0.010028    0.810028 ^ A[29] (in)
                                                         A[29] (net)
                      0.018465    0.000000    0.810028 ^ input22/A (sky130_fd_sc_hd__clkdlybuf4s25_1)
     3    0.006844    0.060046    0.166504    0.976532 ^ input22/X (sky130_fd_sc_hd__clkdlybuf4s25_1)
                                                         net22 (net)
                      0.060046    0.000089    0.976621 ^ _586_/B1_N (sky130_fd_sc_hd__o21bai_2)
     2    0.008952    0.042196    0.082937    1.059557 ^ _586_/Y (sky130_fd_sc_hd__o21bai_2)
                                                         _302_ (net)
                      0.042196    0.000101    1.059659 ^ _587_/B (sky130_fd_sc_hd__nand2_2)
     2    0.006788    0.025318    0.033562    1.093220 v _587_/Y (sky130_fd_sc_hd__nand2_2)
                                                         _303_ (net)
                      0.025318    0.000060    1.093280 v _589_/B1 (sky130_fd_sc_hd__o21ai_2)
     1    0.004897    0.028656    0.034514    1.127794 ^ _589_/Y (sky130_fd_sc_hd__o21ai_2)
                                                         _305_ (net)
                      0.028656    0.000040    1.127833 ^ _590_/B1 (sky130_fd_sc_hd__o21ai_2)
     1    0.005959    0.018736    0.022470    1.150304 v _590_/Y (sky130_fd_sc_hd__o21ai_2)
                                                         net87 (net)
                      0.018736    0.000074    1.150378 v output87/A (sky130_fd_sc_hd__buf_6)
     1    0.034721    0.032310    0.081662    1.232039 v output87/X (sky130_fd_sc_hd__buf_6)
                                                         S[29] (net)
                      0.032313    0.000317    1.232357 v S[29] (out)
                                              1.232357   data arrival time

                      0.000000    0.000000    0.000000   clock __VIRTUAL_CLK__ (rise edge)
                                  0.000000    0.000000   clock network delay (ideal)
                                  0.250000    0.250000   clock uncertainty
                                  0.000000    0.250000   clock reconvergence pessimism
                                 -0.800000   -0.550000   output external delay
                                             -0.550000   data required time
---------------------------------------------------------------------------------------------
                                             -0.550000   data required time
                                             -1.232357   data arrival time
---------------------------------------------------------------------------------------------
                                              1.782357   slack (MET)


Startpoint: A[20] (input port clocked by __VIRTUAL_CLK__)
Endpoint: S[21] (output port clocked by __VIRTUAL_CLK__)
Path Group: __VIRTUAL_CLK__
Path Type: min

Fanout         Cap        Slew       Delay        Time   Description
---------------------------------------------------------------------------------------------
                      0.000000    0.000000    0.000000   clock __VIRTUAL_CLK__ (rise edge)
                                  0.000000    0.000000   clock network delay (ideal)
                                  0.800000    0.800000 v input external delay
     1    0.005232    0.008596    0.004298    0.804298 v A[20] (in)
                                                         A[20] (net)
                      0.008597    0.000000    0.804298 v input13/A (sky130_fd_sc_hd__clkdlybuf4s25_1)
     2    0.013211    0.074474    0.180979    0.985277 v input13/X (sky130_fd_sc_hd__clkdlybuf4s25_1)
                                                         net13 (net)
                      0.074474    0.000269    0.985546 v _460_/B1 (sky130_fd_sc_hd__o21ai_4)
     3    0.014155    0.048349    0.065014    1.050560 ^ _460_/Y (sky130_fd_sc_hd__o21ai_4)
                                                         _185_ (net)
                      0.048349    0.000148    1.050709 ^ _479_/B2 (sky130_fd_sc_hd__o2bb2ai_2)
     1    0.005004    0.019898    0.032215    1.082923 v _479_/Y (sky130_fd_sc_hd__o2bb2ai_2)
                                                         _203_ (net)
                      0.019898    0.000030    1.082953 v _481_/B1 (sky130_fd_sc_hd__o21ai_2)
     1    0.009119    0.044773    0.043981    1.126934 ^ _481_/Y (sky130_fd_sc_hd__o21ai_2)
                                                         _205_ (net)
                      0.044773    0.000076    1.127010 ^ _482_/A (sky130_fd_sc_hd__nand2_4)
     1    0.007710    0.020640    0.025451    1.152460 v _482_/Y (sky130_fd_sc_hd__nand2_4)
                                                         net79 (net)
                      0.020640    0.000097    1.152558 v output79/A (sky130_fd_sc_hd__buf_8)
     1    0.034889    0.029962    0.080765    1.233323 v output79/X (sky130_fd_sc_hd__buf_8)
                                                         S[21] (net)
                      0.029972    0.000500    1.233823 v S[21] (out)
                                              1.233823   data arrival time

                      0.000000    0.000000    0.000000   clock __VIRTUAL_CLK__ (rise edge)
                                  0.000000    0.000000   clock network delay (ideal)
                                  0.250000    0.250000   clock uncertainty
                                  0.000000    0.250000   clock reconvergence pessimism
                                 -0.800000   -0.550000   output external delay
                                             -0.550000   data required time
---------------------------------------------------------------------------------------------
                                             -0.550000   data required time
                                             -1.233823   data arrival time
---------------------------------------------------------------------------------------------
                                              1.783823   slack (MET)


Startpoint: A[12] (input port clocked by __VIRTUAL_CLK__)
Endpoint: S[13] (output port clocked by __VIRTUAL_CLK__)
Path Group: __VIRTUAL_CLK__
Path Type: min

Fanout         Cap        Slew       Delay        Time   Description
---------------------------------------------------------------------------------------------
                      0.000000    0.000000    0.000000   clock __VIRTUAL_CLK__ (rise edge)
                                  0.000000    0.000000   clock network delay (ideal)
                                  0.800000    0.800000 ^ input external delay
     1    0.004573    0.020242    0.011271    0.811271 ^ A[12] (in)
                                                         A[12] (net)
                      0.020242    0.000000    0.811271 ^ input4/A (sky130_fd_sc_hd__clkdlybuf4s25_1)
     4    0.017808    0.139200    0.220200    1.031471 ^ input4/X (sky130_fd_sc_hd__clkdlybuf4s25_1)
                                                         net4 (net)
                      0.139200    0.000074    1.031545 ^ _643_/A1 (sky130_fd_sc_hd__a22o_4)
     1    0.008653    0.028282    0.087887    1.119432 ^ _643_/X (sky130_fd_sc_hd__a22o_4)
                                                         _343_ (net)
                      0.028282    0.000070    1.119502 ^ _644_/B (sky130_fd_sc_hd__xnor2_2)
     1    0.004961    0.023187    0.032276    1.151778 v _644_/Y (sky130_fd_sc_hd__xnor2_2)
                                                         net70 (net)
                      0.023187    0.000047    1.151825 v output70/A (sky130_fd_sc_hd__buf_6)
     1    0.034933    0.032451    0.083436    1.235261 v output70/X (sky130_fd_sc_hd__buf_6)
                                                         S[13] (net)
                      0.032452    0.000212    1.235474 v S[13] (out)
                                              1.235474   data arrival time

                      0.000000    0.000000    0.000000   clock __VIRTUAL_CLK__ (rise edge)
                                  0.000000    0.000000   clock network delay (ideal)
                                  0.250000    0.250000   clock uncertainty
                                  0.000000    0.250000   clock reconvergence pessimism
                                 -0.800000   -0.550000   output external delay
                                             -0.550000   data required time
---------------------------------------------------------------------------------------------
                                             -0.550000   data required time
                                             -1.235474   data arrival time
---------------------------------------------------------------------------------------------
                                              1.785473   slack (MET)


Startpoint: A[2] (input port clocked by __VIRTUAL_CLK__)
Endpoint: S[3] (output port clocked by __VIRTUAL_CLK__)
Path Group: __VIRTUAL_CLK__
Path Type: min

Fanout         Cap        Slew       Delay        Time   Description
---------------------------------------------------------------------------------------------
                      0.000000    0.000000    0.000000   clock __VIRTUAL_CLK__ (rise edge)
                                  0.000000    0.000000   clock network delay (ideal)
                                  0.800000    0.800000 v input external delay
     1    0.004112    0.006690    0.003241    0.803241 v A[2] (in)
                                                         A[2] (net)
                      0.006690    0.000000    0.803241 v input23/A (sky130_fd_sc_hd__clkdlybuf4s25_1)
     2    0.007307    0.047482    0.158614    0.961856 v input23/X (sky130_fd_sc_hd__clkdlybuf4s25_1)
                                                         net23 (net)
                      0.047482    0.000012    0.961867 v _396_/B1_N (sky130_fd_sc_hd__o21bai_4)
     5    0.022348    0.044307    0.114523    1.076390 v _396_/Y (sky130_fd_sc_hd__o21bai_4)
                                                         _125_ (net)
                      0.044315    0.000567    1.076957 v _622_/A (sky130_fd_sc_hd__nand3_2)
     1    0.005033    0.031973    0.043540    1.120497 ^ _622_/Y (sky130_fd_sc_hd__nand3_2)
                                                         _332_ (net)
                      0.031973    0.000043    1.120540 ^ _623_/B (sky130_fd_sc_hd__nand2b_2)
     1    0.006991    0.026779    0.034629    1.155169 v _623_/Y (sky130_fd_sc_hd__nand2b_2)
                                                         net91 (net)
                      0.026779    0.000142    1.155311 v output91/A (sky130_fd_sc_hd__buf_6)
     1    0.035061    0.032517    0.084777    1.240088 v output91/X (sky130_fd_sc_hd__buf_6)
                                                         S[3] (net)
                      0.032528    0.000539    1.240627 v S[3] (out)
                                              1.240627   data arrival time

                      0.000000    0.000000    0.000000   clock __VIRTUAL_CLK__ (rise edge)
                                  0.000000    0.000000   clock network delay (ideal)
                                  0.250000    0.250000   clock uncertainty
                                  0.000000    0.250000   clock reconvergence pessimism
                                 -0.800000   -0.550000   output external delay
                                             -0.550000   data required time
---------------------------------------------------------------------------------------------
                                             -0.550000   data required time
                                             -1.240627   data arrival time
---------------------------------------------------------------------------------------------
                                              1.790627   slack (MET)


Startpoint: A[9] (input port clocked by __VIRTUAL_CLK__)
Endpoint: S[9] (output port clocked by __VIRTUAL_CLK__)
Path Group: __VIRTUAL_CLK__
Path Type: min

Fanout         Cap        Slew       Delay        Time   Description
---------------------------------------------------------------------------------------------
                      0.000000    0.000000    0.000000   clock __VIRTUAL_CLK__ (rise edge)
                                  0.000000    0.000000   clock network delay (ideal)
                                  0.800000    0.800000 v input external delay
     1    0.003335    0.005515    0.002594    0.802594 v A[9] (in)
                                                         A[9] (net)
                      0.005515    0.000000    0.802594 v input32/A (sky130_fd_sc_hd__clkdlybuf4s25_1)
     3    0.007159    0.046806    0.157595    0.960188 v input32/X (sky130_fd_sc_hd__clkdlybuf4s25_1)
                                                         net32 (net)
                      0.046806    0.000091    0.960279 v _697_/B1_N (sky130_fd_sc_hd__o21bai_4)
     3    0.016398    0.034937    0.108309    1.068588 v _697_/Y (sky130_fd_sc_hd__o21bai_4)
                                                         _044_ (net)
                      0.034937    0.000117    1.068705 v _700_/A (sky130_fd_sc_hd__nand2_2)
     1    0.009550    0.044657    0.049487    1.118192 ^ _700_/Y (sky130_fd_sc_hd__nand2_2)
                                                         _047_ (net)
                      0.044657    0.000098    1.118290 ^ _635_/A (sky130_fd_sc_hd__xnor2_2)
     1    0.005070    0.023541    0.039817    1.158107 v _635_/Y (sky130_fd_sc_hd__xnor2_2)
                                                         net97 (net)
                      0.023541    0.000055    1.158162 v output97/A (sky130_fd_sc_hd__buf_6)
     1    0.034502    0.032219    0.083264    1.241426 v output97/X (sky130_fd_sc_hd__buf_6)
                                                         S[9] (net)
                      0.032225    0.000413    1.241839 v S[9] (out)
                                              1.241839   data arrival time

                      0.000000    0.000000    0.000000   clock __VIRTUAL_CLK__ (rise edge)
                                  0.000000    0.000000   clock network delay (ideal)
                                  0.250000    0.250000   clock uncertainty
                                  0.000000    0.250000   clock reconvergence pessimism
                                 -0.800000   -0.550000   output external delay
                                             -0.550000   data required time
---------------------------------------------------------------------------------------------
                                             -0.550000   data required time
                                             -1.241839   data arrival time
---------------------------------------------------------------------------------------------
                                              1.791839   slack (MET)


Startpoint: A[4] (input port clocked by __VIRTUAL_CLK__)
Endpoint: S[4] (output port clocked by __VIRTUAL_CLK__)
Path Group: __VIRTUAL_CLK__
Path Type: min

Fanout         Cap        Slew       Delay        Time   Description
---------------------------------------------------------------------------------------------
                      0.000000    0.000000    0.000000   clock __VIRTUAL_CLK__ (rise edge)
                                  0.000000    0.000000   clock network delay (ideal)
                                  0.800000    0.800000 v input external delay
     1    0.003595    0.005891    0.002822    0.802822 v A[4] (in)
                                                         A[4] (net)
                      0.005891    0.000000    0.802822 v input27/A (sky130_fd_sc_hd__clkdlybuf4s25_1)
     3    0.012311    0.070161    0.176959    0.979781 v input27/X (sky130_fd_sc_hd__clkdlybuf4s25_1)
                                                         net27 (net)
                      0.070161    0.000127    0.979908 v _364_/B1 (sky130_fd_sc_hd__o21ai_4)
     3    0.012508    0.044223    0.060780    1.040687 ^ _364_/Y (sky130_fd_sc_hd__o21ai_4)
                                                         _093_ (net)
                      0.044223    0.000033    1.040720 ^ _368_/A2 (sky130_fd_sc_hd__o21a_2)
     1    0.009256    0.042712    0.081260    1.121980 ^ _368_/X (sky130_fd_sc_hd__o21a_2)
                                                         _097_ (net)
                      0.042712    0.000077    1.122057 ^ _625_/A (sky130_fd_sc_hd__xnor2_2)
     1    0.005445    0.025213    0.040280    1.162338 v _625_/Y (sky130_fd_sc_hd__xnor2_2)
                                                         net92 (net)
                      0.025213    0.000067    1.162405 v output92/A (sky130_fd_sc_hd__buf_6)
     1    0.034744    0.032346    0.084030    1.246435 v output92/X (sky130_fd_sc_hd__buf_6)
                                                         S[4] (net)
                      0.032354    0.000462    1.246898 v S[4] (out)
                                              1.246898   data arrival time

                      0.000000    0.000000    0.000000   clock __VIRTUAL_CLK__ (rise edge)
                                  0.000000    0.000000   clock network delay (ideal)
                                  0.250000    0.250000   clock uncertainty
                                  0.000000    0.250000   clock reconvergence pessimism
                                 -0.800000   -0.550000   output external delay
                                             -0.550000   data required time
---------------------------------------------------------------------------------------------
                                             -0.550000   data required time
                                             -1.246898   data arrival time
---------------------------------------------------------------------------------------------
                                              1.796898   slack (MET)


Startpoint: A[30] (input port clocked by __VIRTUAL_CLK__)
Endpoint: S[30] (output port clocked by __VIRTUAL_CLK__)
Path Group: __VIRTUAL_CLK__
Path Type: min

Fanout         Cap        Slew       Delay        Time   Description
---------------------------------------------------------------------------------------------
                      0.000000    0.000000    0.000000   clock __VIRTUAL_CLK__ (rise edge)
                                  0.000000    0.000000   clock network delay (ideal)
                                  0.800000    0.800000 ^ input external delay
     1    0.003263    0.015571    0.008011    0.808011 ^ A[30] (in)
                                                         A[30] (net)
                      0.015571    0.000000    0.808011 ^ input24/A (sky130_fd_sc_hd__clkdlybuf4s25_1)
     3    0.005867    0.053090    0.161007    0.969019 ^ input24/X (sky130_fd_sc_hd__clkdlybuf4s25_1)
                                                         net24 (net)
                      0.053090    0.000042    0.969060 ^ _595_/B1_N (sky130_fd_sc_hd__o21bai_2)
     2    0.012648    0.054789    0.090389    1.059449 ^ _595_/Y (sky130_fd_sc_hd__o21bai_2)
                                                         _310_ (net)
                      0.054789    0.000137    1.059587 ^ _596_/B (sky130_fd_sc_hd__nand2_2)
     2    0.007501    0.028421    0.037032    1.096619 v _596_/Y (sky130_fd_sc_hd__nand2_2)
                                                         _311_ (net)
                      0.028421    0.000020    1.096638 v _602_/B1 (sky130_fd_sc_hd__o21ai_2)
     1    0.009637    0.046889    0.048535    1.145174 ^ _602_/Y (sky130_fd_sc_hd__o21ai_2)
                                                         _317_ (net)
                      0.046889    0.000087    1.145261 ^ _604_/B1 (sky130_fd_sc_hd__o21ai_4)
     1    0.006725    0.020680    0.022813    1.168074 v _604_/Y (sky130_fd_sc_hd__o21ai_4)
                                                         net89 (net)
                      0.020680    0.000095    1.168169 v output89/A (sky130_fd_sc_hd__buf_6)
     1    0.034237    0.032056    0.082155    1.250323 v output89/X (sky130_fd_sc_hd__buf_6)
                                                         S[30] (net)
                      0.032058    0.000263    1.250586 v S[30] (out)
                                              1.250586   data arrival time

                      0.000000    0.000000    0.000000   clock __VIRTUAL_CLK__ (rise edge)
                                  0.000000    0.000000   clock network delay (ideal)
                                  0.250000    0.250000   clock uncertainty
                                  0.000000    0.250000   clock reconvergence pessimism
                                 -0.800000   -0.550000   output external delay
                                             -0.550000   data required time
---------------------------------------------------------------------------------------------
                                             -0.550000   data required time
                                             -1.250586   data arrival time
---------------------------------------------------------------------------------------------
                                              1.800586   slack (MET)


Startpoint: A[23] (input port clocked by __VIRTUAL_CLK__)
Endpoint: S[23] (output port clocked by __VIRTUAL_CLK__)
Path Group: __VIRTUAL_CLK__
Path Type: min

Fanout         Cap        Slew       Delay        Time   Description
---------------------------------------------------------------------------------------------
                      0.000000    0.000000    0.000000   clock __VIRTUAL_CLK__ (rise edge)
                                  0.000000    0.000000   clock network delay (ideal)
                                  0.800000    0.800000 v input external delay
     1    0.004131    0.006709    0.003276    0.803276 v A[23] (in)
                                                         A[23] (net)
                      0.006709    0.000000    0.803276 v input16/A (sky130_fd_sc_hd__clkdlybuf4s25_1)
     3    0.009485    0.057321    0.167088    0.970365 v input16/X (sky130_fd_sc_hd__clkdlybuf4s25_1)
                                                         net16 (net)
                      0.057321    0.000095    0.970460 v _502_/B1 (sky130_fd_sc_hd__o21ai_2)
     4    0.017976    0.080154    0.081599    1.052059 ^ _502_/Y (sky130_fd_sc_hd__o21ai_2)
                                                         _224_ (net)
                      0.080155    0.000094    1.052153 ^ _505_/A2 (sky130_fd_sc_hd__o21ai_2)
     1    0.009087    0.026968    0.042313    1.094467 v _505_/Y (sky130_fd_sc_hd__o21ai_2)
                                                         _227_ (net)
                      0.026977    0.000109    1.094576 v _512_/B1 (sky130_fd_sc_hd__a21oi_4)
     1    0.009730    0.055878    0.052719    1.147294 ^ _512_/Y (sky130_fd_sc_hd__a21oi_4)
                                                         _234_ (net)
                      0.055879    0.000098    1.147393 ^ _513_/A (sky130_fd_sc_hd__nor2_4)
     1    0.004879    0.020767    0.022533    1.169926 v _513_/Y (sky130_fd_sc_hd__nor2_4)
                                                         net81 (net)
                      0.020767    0.000046    1.169971 v output81/A (sky130_fd_sc_hd__buf_6)
     1    0.034841    0.032401    0.082369    1.252341 v output81/X (sky130_fd_sc_hd__buf_6)
                                                         S[23] (net)
                      0.032410    0.000484    1.252824 v S[23] (out)
                                              1.252824   data arrival time

                      0.000000    0.000000    0.000000   clock __VIRTUAL_CLK__ (rise edge)
                                  0.000000    0.000000   clock network delay (ideal)
                                  0.250000    0.250000   clock uncertainty
                                  0.000000    0.250000   clock reconvergence pessimism
                                 -0.800000   -0.550000   output external delay
                                             -0.550000   data required time
---------------------------------------------------------------------------------------------
                                             -0.550000   data required time
                                             -1.252824   data arrival time
---------------------------------------------------------------------------------------------
                                              1.802824   slack (MET)


Startpoint: A[25] (input port clocked by __VIRTUAL_CLK__)
Endpoint: S[25] (output port clocked by __VIRTUAL_CLK__)
Path Group: __VIRTUAL_CLK__
Path Type: min

Fanout         Cap        Slew       Delay        Time   Description
---------------------------------------------------------------------------------------------
                      0.000000    0.000000    0.000000   clock __VIRTUAL_CLK__ (rise edge)
                                  0.000000    0.000000   clock network delay (ideal)
                                  0.800000    0.800000 v input external delay
     1    0.003121    0.005199    0.002416    0.802416 v A[25] (in)
                                                         A[25] (net)
                      0.005199    0.000000    0.802416 v input18/A (sky130_fd_sc_hd__clkdlybuf4s25_1)
     2    0.006372    0.043165    0.154425    0.956841 v input18/X (sky130_fd_sc_hd__clkdlybuf4s25_1)
                                                         net18 (net)
                      0.043165    0.000054    0.956894 v _535_/B1 (sky130_fd_sc_hd__o21ai_2)
     2    0.008518    0.043254    0.051203    1.008097 ^ _535_/Y (sky130_fd_sc_hd__o21ai_2)
                                                         _255_ (net)
                      0.043254    0.000073    1.008170 ^ _537_/A2 (sky130_fd_sc_hd__o21bai_2)
     4    0.019854    0.056896    0.061976    1.070146 v _537_/Y (sky130_fd_sc_hd__o21bai_2)
                                                         _257_ (net)
                      0.056897    0.000293    1.070439 v _539_/B1 (sky130_fd_sc_hd__o21ai_2)
     1    0.005823    0.035550    0.049294    1.119733 ^ _539_/Y (sky130_fd_sc_hd__o21ai_2)
                                                         _259_ (net)
                      0.035550    0.000069    1.119802 ^ _540_/B (sky130_fd_sc_hd__nand2_2)
     1    0.002589    0.015853    0.024271    1.144073 v _540_/Y (sky130_fd_sc_hd__nand2_2)
                                                         net83 (net)
                      0.015853    0.000013    1.144086 v output83/A (sky130_fd_sc_hd__clkbuf_2)
     1    0.035665    0.094932    0.117558    1.261645 v output83/X (sky130_fd_sc_hd__clkbuf_2)
                                                         S[25] (net)
                      0.094936    0.000653    1.262298 v S[25] (out)
                                              1.262298   data arrival time

                      0.000000    0.000000    0.000000   clock __VIRTUAL_CLK__ (rise edge)
                                  0.000000    0.000000   clock network delay (ideal)
                                  0.250000    0.250000   clock uncertainty
                                  0.000000    0.250000   clock reconvergence pessimism
                                 -0.800000   -0.550000   output external delay
                                             -0.550000   data required time
---------------------------------------------------------------------------------------------
                                             -0.550000   data required time
                                             -1.262298   data arrival time
---------------------------------------------------------------------------------------------
                                              1.812298   slack (MET)


Startpoint: A[30] (input port clocked by __VIRTUAL_CLK__)
Endpoint: S[31] (output port clocked by __VIRTUAL_CLK__)
Path Group: __VIRTUAL_CLK__
Path Type: min

Fanout         Cap        Slew       Delay        Time   Description
---------------------------------------------------------------------------------------------
                      0.000000    0.000000    0.000000   clock __VIRTUAL_CLK__ (rise edge)
                                  0.000000    0.000000   clock network delay (ideal)
                                  0.800000    0.800000 v input external delay
     1    0.003037    0.005078    0.002343    0.802343 v A[30] (in)
                                                         A[30] (net)
                      0.005078    0.000000    0.802343 v input24/A (sky130_fd_sc_hd__clkdlybuf4s25_1)
     3    0.005505    0.039221    0.151005    0.953348 v input24/X (sky130_fd_sc_hd__clkdlybuf4s25_1)
                                                         net24 (net)
                      0.039221    0.000039    0.953387 v _595_/B1_N (sky130_fd_sc_hd__o21bai_2)
     2    0.011926    0.039303    0.115187    1.068574 v _595_/Y (sky130_fd_sc_hd__o21bai_2)
                                                         _310_ (net)
                      0.039303    0.000130    1.068704 v _605_/C (sky130_fd_sc_hd__nand4_2)
     1    0.009208    0.051131    0.074760    1.143464 ^ _605_/Y (sky130_fd_sc_hd__nand4_2)
                                                         _319_ (net)
                      0.051131    0.000091    1.143555 ^ _614_/A1 (sky130_fd_sc_hd__a22oi_4)
     1    0.006513    0.023565    0.036348    1.179903 v _614_/Y (sky130_fd_sc_hd__a22oi_4)
                                                         net90 (net)
                      0.023565    0.000108    1.180012 v output90/A (sky130_fd_sc_hd__buf_6)
     1    0.034329    0.032113    0.083253    1.263265 v output90/X (sky130_fd_sc_hd__buf_6)
                                                         S[31] (net)
                      0.032115    0.000288    1.263553 v S[31] (out)
                                              1.263553   data arrival time

                      0.000000    0.000000    0.000000   clock __VIRTUAL_CLK__ (rise edge)
                                  0.000000    0.000000   clock network delay (ideal)
                                  0.250000    0.250000   clock uncertainty
                                  0.000000    0.250000   clock reconvergence pessimism
                                 -0.800000   -0.550000   output external delay
                                             -0.550000   data required time
---------------------------------------------------------------------------------------------
                                             -0.550000   data required time
                                             -1.263553   data arrival time
---------------------------------------------------------------------------------------------
                                              1.813553   slack (MET)


Startpoint: A[26] (input port clocked by __VIRTUAL_CLK__)
Endpoint: S[27] (output port clocked by __VIRTUAL_CLK__)
Path Group: __VIRTUAL_CLK__
Path Type: min

Fanout         Cap        Slew       Delay        Time   Description
---------------------------------------------------------------------------------------------
                      0.000000    0.000000    0.000000   clock __VIRTUAL_CLK__ (rise edge)
                                  0.000000    0.000000   clock network delay (ideal)
                                  0.800000    0.800000 ^ input external delay
     1    0.003210    0.015383    0.007878    0.807878 ^ A[26] (in)
                                                         A[26] (net)
                      0.015383    0.000000    0.807878 ^ input19/A (sky130_fd_sc_hd__clkdlybuf4s25_1)
     2    0.004355    0.042431    0.153550    0.961429 ^ input19/X (sky130_fd_sc_hd__clkdlybuf4s25_1)
                                                         net19 (net)
                      0.042431    0.000035    0.961464 ^ _548_/B1_N (sky130_fd_sc_hd__o21bai_2)
     2    0.008977    0.042174    0.078261    1.039725 ^ _548_/Y (sky130_fd_sc_hd__o21bai_2)
                                                         _267_ (net)
                      0.042174    0.000109    1.039834 ^ _560_/A2 (sky130_fd_sc_hd__a21boi_2)
     3    0.013906    0.038973    0.046059    1.085893 v _560_/Y (sky130_fd_sc_hd__a21boi_2)
                                                         _278_ (net)
                      0.038973    0.000183    1.086076 v _563_/A (sky130_fd_sc_hd__nand2_2)
     1    0.005351    0.030371    0.040487    1.126563 ^ _563_/Y (sky130_fd_sc_hd__nand2_2)
                                                         _281_ (net)
                      0.030371    0.000057    1.126620 ^ _564_/A2 (sky130_fd_sc_hd__o21ai_2)
     1    0.003852    0.015451    0.026348    1.152968 v _564_/Y (sky130_fd_sc_hd__o21ai_2)
                                                         net85 (net)
                      0.015451    0.000056    1.153023 v output85/A (sky130_fd_sc_hd__clkbuf_4)
     1    0.035341    0.057749    0.112233    1.265257 v output85/X (sky130_fd_sc_hd__clkbuf_4)
                                                         S[27] (net)
                      0.057751    0.000342    1.265598 v S[27] (out)
                                              1.265598   data arrival time

                      0.000000    0.000000    0.000000   clock __VIRTUAL_CLK__ (rise edge)
                                  0.000000    0.000000   clock network delay (ideal)
                                  0.250000    0.250000   clock uncertainty
                                  0.000000    0.250000   clock reconvergence pessimism
                                 -0.800000   -0.550000   output external delay
                                             -0.550000   data required time
---------------------------------------------------------------------------------------------
                                             -0.550000   data required time
                                             -1.265598   data arrival time
---------------------------------------------------------------------------------------------
                                              1.815598   slack (MET)


Startpoint: A[6] (input port clocked by __VIRTUAL_CLK__)
Endpoint: S[6] (output port clocked by __VIRTUAL_CLK__)
Path Group: __VIRTUAL_CLK__
Path Type: min

Fanout         Cap        Slew       Delay        Time   Description
---------------------------------------------------------------------------------------------
                      0.000000    0.000000    0.000000   clock __VIRTUAL_CLK__ (rise edge)
                                  0.000000    0.000000   clock network delay (ideal)
                                  0.800000    0.800000 v input external delay
     1    0.003988    0.006479    0.003150    0.803150 v A[6] (in)
                                                         A[6] (net)
                      0.006479    0.000000    0.803150 v input29/A (sky130_fd_sc_hd__clkdlybuf4s25_1)
     2    0.011876    0.068109    0.175589    0.978739 v input29/X (sky130_fd_sc_hd__clkdlybuf4s25_1)
                                                         net29 (net)
                      0.068109    0.000206    0.978945 v _730_/B1 (sky130_fd_sc_hd__o21ai_4)
     4    0.023761    0.067791    0.077614    1.056559 ^ _730_/Y (sky130_fd_sc_hd__o21ai_4)
                                                         _077_ (net)
                      0.067816    0.000212    1.056771 ^ _350_/A2 (sky130_fd_sc_hd__o21ai_2)
     1    0.009468    0.033713    0.042031    1.098803 v _350_/Y (sky130_fd_sc_hd__o21ai_2)
                                                         _079_ (net)
                      0.033713    0.000123    1.098926 v _629_/A (sky130_fd_sc_hd__xnor2_2)
     1    0.004663    0.027044    0.083826    1.182752 v _629_/Y (sky130_fd_sc_hd__xnor2_2)
                                                         net94 (net)
                      0.027044    0.000038    1.182790 v output94/A (sky130_fd_sc_hd__buf_6)
     1    0.035047    0.032511    0.084870    1.267660 v output94/X (sky130_fd_sc_hd__buf_6)
                                                         S[6] (net)
                      0.032523    0.000550    1.268210 v S[6] (out)
                                              1.268210   data arrival time

                      0.000000    0.000000    0.000000   clock __VIRTUAL_CLK__ (rise edge)
                                  0.000000    0.000000   clock network delay (ideal)
                                  0.250000    0.250000   clock uncertainty
                                  0.000000    0.250000   clock reconvergence pessimism
                                 -0.800000   -0.550000   output external delay
                                             -0.550000   data required time
---------------------------------------------------------------------------------------------
                                             -0.550000   data required time
                                             -1.268210   data arrival time
---------------------------------------------------------------------------------------------
                                              1.818210   slack (MET)


Startpoint: A[1] (input port clocked by __VIRTUAL_CLK__)
Endpoint: S[1] (output port clocked by __VIRTUAL_CLK__)
Path Group: __VIRTUAL_CLK__
Path Type: min

Fanout         Cap        Slew       Delay        Time   Description
---------------------------------------------------------------------------------------------
                      0.000000    0.000000    0.000000   clock __VIRTUAL_CLK__ (rise edge)
                                  0.000000    0.000000   clock network delay (ideal)
                                  0.800000    0.800000 v input external delay
     1    0.003051    0.005098    0.002357    0.802357 v A[1] (in)
                                                         A[1] (net)
                      0.005098    0.000000    0.802357 v input12/A (sky130_fd_sc_hd__clkdlybuf4s25_1)
     2    0.008031    0.050872    0.160859    0.963216 v input12/X (sky130_fd_sc_hd__clkdlybuf4s25_1)
                                                         net12 (net)
                      0.050872    0.000068    0.963284 v _383_/B (sky130_fd_sc_hd__nand2_2)
     3    0.021801    0.089577    0.092110    1.055394 ^ _383_/Y (sky130_fd_sc_hd__nand2_2)
                                                         _112_ (net)
                      0.089579    0.000272    1.055666 ^ _386_/A2 (sky130_fd_sc_hd__o21ai_4)
     2    0.017846    0.036750    0.045775    1.101440 v _386_/Y (sky130_fd_sc_hd__o21ai_4)
                                                         _115_ (net)
                      0.036751    0.000191    1.101632 v _617_/A (sky130_fd_sc_hd__xnor2_2)
     1    0.004671    0.022901    0.084985    1.186617 v _617_/Y (sky130_fd_sc_hd__xnor2_2)
                                                         net77 (net)
                      0.022901    0.000038    1.186655 v output77/A (sky130_fd_sc_hd__buf_6)
     1    0.035213    0.032601    0.083459    1.270114 v output77/X (sky130_fd_sc_hd__buf_6)
                                                         S[1] (net)
                      0.032602    0.000226    1.270340 v S[1] (out)
                                              1.270340   data arrival time

                      0.000000    0.000000    0.000000   clock __VIRTUAL_CLK__ (rise edge)
                                  0.000000    0.000000   clock network delay (ideal)
                                  0.250000    0.250000   clock uncertainty
                                  0.000000    0.250000   clock reconvergence pessimism
                                 -0.800000   -0.550000   output external delay
                                             -0.550000   data required time
---------------------------------------------------------------------------------------------
                                             -0.550000   data required time
                                             -1.270340   data arrival time
---------------------------------------------------------------------------------------------
                                              1.820340   slack (MET)


Startpoint: A[12] (input port clocked by __VIRTUAL_CLK__)
Endpoint: S[14] (output port clocked by __VIRTUAL_CLK__)
Path Group: __VIRTUAL_CLK__
Path Type: min

Fanout         Cap        Slew       Delay        Time   Description
---------------------------------------------------------------------------------------------
                      0.000000    0.000000    0.000000   clock __VIRTUAL_CLK__ (rise edge)
                                  0.000000    0.000000   clock network delay (ideal)
                                  0.800000    0.800000 ^ input external delay
     1    0.004573    0.020242    0.011271    0.811271 ^ A[12] (in)
                                                         A[12] (net)
                      0.020242    0.000000    0.811271 ^ input4/A (sky130_fd_sc_hd__clkdlybuf4s25_1)
     4    0.017808    0.139200    0.220200    1.031471 ^ input4/X (sky130_fd_sc_hd__clkdlybuf4s25_1)
                                                         net4 (net)
                      0.139200    0.000071    1.031542 ^ _677_/C (sky130_fd_sc_hd__nand3_2)
     2    0.010399    0.056498    0.061941    1.093483 v _677_/Y (sky130_fd_sc_hd__nand3_2)
                                                         _024_ (net)
                      0.056498    0.000071    1.093554 v _645_/C1 (sky130_fd_sc_hd__o211ai_2)
     1    0.008711    0.047448    0.059450    1.153003 ^ _645_/Y (sky130_fd_sc_hd__o211ai_2)
                                                         _344_ (net)
                      0.047448    0.000060    1.153063 ^ _647_/B (sky130_fd_sc_hd__xor2_2)
     1    0.004955    0.025083    0.035479    1.188542 v _647_/X (sky130_fd_sc_hd__xor2_2)
                                                         net71 (net)
                      0.025083    0.000048    1.188590 v output71/A (sky130_fd_sc_hd__buf_6)
     1    0.035358    0.032677    0.084389    1.272979 v output71/X (sky130_fd_sc_hd__buf_6)
                                                         S[14] (net)
                      0.032679    0.000251    1.273230 v S[14] (out)
                                              1.273230   data arrival time

                      0.000000    0.000000    0.000000   clock __VIRTUAL_CLK__ (rise edge)
                                  0.000000    0.000000   clock network delay (ideal)
                                  0.250000    0.250000   clock uncertainty
                                  0.000000    0.250000   clock reconvergence pessimism
                                 -0.800000   -0.550000   output external delay
                                             -0.550000   data required time
---------------------------------------------------------------------------------------------
                                             -0.550000   data required time
                                             -1.273230   data arrival time
---------------------------------------------------------------------------------------------
                                              1.823230   slack (MET)


Startpoint: A[2] (input port clocked by __VIRTUAL_CLK__)
Endpoint: S[2] (output port clocked by __VIRTUAL_CLK__)
Path Group: __VIRTUAL_CLK__
Path Type: min

Fanout         Cap        Slew       Delay        Time   Description
---------------------------------------------------------------------------------------------
                      0.000000    0.000000    0.000000   clock __VIRTUAL_CLK__ (rise edge)
                                  0.000000    0.000000   clock network delay (ideal)
                                  0.800000    0.800000 v input external delay
     1    0.004112    0.006690    0.003241    0.803241 v A[2] (in)
                                                         A[2] (net)
                      0.006690    0.000000    0.803241 v input23/A (sky130_fd_sc_hd__clkdlybuf4s25_1)
     2    0.007307    0.047482    0.158614    0.961856 v input23/X (sky130_fd_sc_hd__clkdlybuf4s25_1)
                                                         net23 (net)
                      0.047482    0.000043    0.961898 v _397_/B1 (sky130_fd_sc_hd__o21ai_2)
     3    0.014511    0.066236    0.068602    1.030500 ^ _397_/Y (sky130_fd_sc_hd__o21ai_2)
                                                         _126_ (net)
                      0.066236    0.000110    1.030610 ^ _398_/A2 (sky130_fd_sc_hd__o21a_2)
     1    0.011632    0.051404    0.091490    1.122101 ^ _398_/X (sky130_fd_sc_hd__o21a_2)
                                                         _127_ (net)
                      0.051404    0.000188    1.122289 ^ _620_/A (sky130_fd_sc_hd__xor2_2)
     1    0.003108    0.021894    0.037109    1.159398 v _620_/X (sky130_fd_sc_hd__xor2_2)
                                                         net88 (net)
                      0.021894    0.000036    1.159434 v output88/A (sky130_fd_sc_hd__clkbuf_4)
     1    0.036943    0.059732    0.116146    1.275580 v output88/X (sky130_fd_sc_hd__clkbuf_4)
                                                         S[2] (net)
                      0.059733    0.000388    1.275968 v S[2] (out)
                                              1.275968   data arrival time

                      0.000000    0.000000    0.000000   clock __VIRTUAL_CLK__ (rise edge)
                                  0.000000    0.000000   clock network delay (ideal)
                                  0.250000    0.250000   clock uncertainty
                                  0.000000    0.250000   clock reconvergence pessimism
                                 -0.800000   -0.550000   output external delay
                                             -0.550000   data required time
---------------------------------------------------------------------------------------------
                                             -0.550000   data required time
                                             -1.275968   data arrival time
---------------------------------------------------------------------------------------------
                                              1.825968   slack (MET)


Startpoint: A[8] (input port clocked by __VIRTUAL_CLK__)
Endpoint: S[8] (output port clocked by __VIRTUAL_CLK__)
Path Group: __VIRTUAL_CLK__
Path Type: min

Fanout         Cap        Slew       Delay        Time   Description
---------------------------------------------------------------------------------------------
                      0.000000    0.000000    0.000000   clock __VIRTUAL_CLK__ (rise edge)
                                  0.000000    0.000000   clock network delay (ideal)
                                  0.800000    0.800000 v input external delay
     1    0.004253    0.006907    0.003389    0.803389 v A[8] (in)
                                                         A[8] (net)
                      0.006911    0.000000    0.803389 v input31/A (sky130_fd_sc_hd__clkdlybuf4s25_1)
     2    0.007866    0.050094    0.160869    0.964258 v input31/X (sky130_fd_sc_hd__clkdlybuf4s25_1)
                                                         net31 (net)
                      0.050094    0.000039    0.964297 v _706_/A_N (sky130_fd_sc_hd__nand3b_4)
     4    0.021878    0.060094    0.123528    1.087825 v _706_/Y (sky130_fd_sc_hd__nand3b_4)
                                                         _053_ (net)
                      0.060094    0.000119    1.087944 v _707_/B (sky130_fd_sc_hd__nand2_2)
     1    0.009589    0.044911    0.065966    1.153910 ^ _707_/Y (sky130_fd_sc_hd__nand2_2)
                                                         _054_ (net)
                      0.044911    0.000093    1.154003 ^ _633_/A (sky130_fd_sc_hd__xnor2_2)
     1    0.005035    0.023429    0.039785    1.193788 v _633_/Y (sky130_fd_sc_hd__xnor2_2)
                                                         net96 (net)
                      0.023429    0.000053    1.193840 v output96/A (sky130_fd_sc_hd__buf_6)
     1    0.034555    0.032249    0.083239    1.277079 v output96/X (sky130_fd_sc_hd__buf_6)
                                                         S[8] (net)
                      0.032255    0.000424    1.277503 v S[8] (out)
                                              1.277503   data arrival time

                      0.000000    0.000000    0.000000   clock __VIRTUAL_CLK__ (rise edge)
                                  0.000000    0.000000   clock network delay (ideal)
                                  0.250000    0.250000   clock uncertainty
                                  0.000000    0.250000   clock reconvergence pessimism
                                 -0.800000   -0.550000   output external delay
                                             -0.550000   data required time
---------------------------------------------------------------------------------------------
                                             -0.550000   data required time
                                             -1.277503   data arrival time
---------------------------------------------------------------------------------------------
                                              1.827503   slack (MET)


Startpoint: A[15] (input port clocked by __VIRTUAL_CLK__)
Endpoint: S[15] (output port clocked by __VIRTUAL_CLK__)
Path Group: __VIRTUAL_CLK__
Path Type: min

Fanout         Cap        Slew       Delay        Time   Description
---------------------------------------------------------------------------------------------
                      0.000000    0.000000    0.000000   clock __VIRTUAL_CLK__ (rise edge)
                                  0.000000    0.000000   clock network delay (ideal)
                                  0.800000    0.800000 ^ input external delay
     1    0.003658    0.016997    0.009001    0.809001 ^ A[15] (in)
                                                         A[15] (net)
                      0.016997    0.000000    0.809001 ^ input7/A (sky130_fd_sc_hd__clkdlybuf4s25_1)
     2    0.004218    0.041470    0.153287    0.962288 ^ input7/X (sky130_fd_sc_hd__clkdlybuf4s25_1)
                                                         net7 (net)
                      0.041470    0.000033    0.962321 ^ _681_/B1_N (sky130_fd_sc_hd__o21bai_2)
     6    0.023154    0.092051    0.112322    1.074643 ^ _681_/Y (sky130_fd_sc_hd__o21bai_2)
                                                         _028_ (net)
                      0.092051    0.000137    1.074780 ^ _649_/A2 (sky130_fd_sc_hd__a22oi_2)
     1    0.008540    0.030697    0.055213    1.129993 v _649_/Y (sky130_fd_sc_hd__a22oi_2)
                                                         _347_ (net)
                      0.030697    0.000079    1.130072 v _650_/B (sky130_fd_sc_hd__nor2_4)
     1    0.003569    0.040933    0.042705    1.172777 ^ _650_/Y (sky130_fd_sc_hd__nor2_4)
                                                         net72 (net)
                      0.040933    0.000043    1.172819 ^ output72/A (sky130_fd_sc_hd__buf_4)
     1    0.035266    0.078447    0.104826    1.277645 ^ output72/X (sky130_fd_sc_hd__buf_4)
                                                         S[15] (net)
                      0.078447    0.000235    1.277879 ^ S[15] (out)
                                              1.277879   data arrival time

                      0.000000    0.000000    0.000000   clock __VIRTUAL_CLK__ (rise edge)
                                  0.000000    0.000000   clock network delay (ideal)
                                  0.250000    0.250000   clock uncertainty
                                  0.000000    0.250000   clock reconvergence pessimism
                                 -0.800000   -0.550000   output external delay
                                             -0.550000   data required time
---------------------------------------------------------------------------------------------
                                             -0.550000   data required time
                                             -1.277879   data arrival time
---------------------------------------------------------------------------------------------
                                              1.827879   slack (MET)


Startpoint: A[22] (input port clocked by __VIRTUAL_CLK__)
Endpoint: S[22] (output port clocked by __VIRTUAL_CLK__)
Path Group: __VIRTUAL_CLK__
Path Type: min

Fanout         Cap        Slew       Delay        Time   Description
---------------------------------------------------------------------------------------------
                      0.000000    0.000000    0.000000   clock __VIRTUAL_CLK__ (rise edge)
                                  0.000000    0.000000   clock network delay (ideal)
                                  0.800000    0.800000 v input external delay
     1    0.004549    0.007440    0.003626    0.803626 v A[22] (in)
                                                         A[22] (net)
                      0.007440    0.000000    0.803626 v input15/A (sky130_fd_sc_hd__clkdlybuf4s25_1)
     3    0.015248    0.084158    0.187836    0.991461 v input15/X (sky130_fd_sc_hd__clkdlybuf4s25_1)
                                                         net15 (net)
                      0.084158    0.000128    0.991589 v _491_/C (sky130_fd_sc_hd__nand3b_4)
     6    0.029013    0.077582    0.102130    1.093720 ^ _491_/Y (sky130_fd_sc_hd__nand3b_4)
                                                         _214_ (net)
                      0.077582    0.000347    1.094067 ^ _494_/A (sky130_fd_sc_hd__nand2_2)
     2    0.008215    0.029942    0.036339    1.130406 v _494_/Y (sky130_fd_sc_hd__nand2_2)
                                                         _217_ (net)
                      0.029942    0.000096    1.130502 v _496_/A (sky130_fd_sc_hd__nand2_2)
     1    0.009736    0.045133    0.048001    1.178504 ^ _496_/Y (sky130_fd_sc_hd__nand2_2)
                                                         _219_ (net)
                      0.045133    0.000107    1.178610 ^ _497_/A (sky130_fd_sc_hd__nand2_4)
     1    0.007411    0.020293    0.025172    1.203782 v _497_/Y (sky130_fd_sc_hd__nand2_4)
                                                         net80 (net)
                      0.020293    0.000079    1.203862 v output80/A (sky130_fd_sc_hd__buf_8)
     1    0.034829    0.029930    0.080612    1.284473 v output80/X (sky130_fd_sc_hd__buf_8)
                                                         S[22] (net)
                      0.029940    0.000499    1.284972 v S[22] (out)
                                              1.284972   data arrival time

                      0.000000    0.000000    0.000000   clock __VIRTUAL_CLK__ (rise edge)
                                  0.000000    0.000000   clock network delay (ideal)
                                  0.250000    0.250000   clock uncertainty
                                  0.000000    0.250000   clock reconvergence pessimism
                                 -0.800000   -0.550000   output external delay
                                             -0.550000   data required time
---------------------------------------------------------------------------------------------
                                             -0.550000   data required time
                                             -1.284972   data arrival time
---------------------------------------------------------------------------------------------
                                              1.834972   slack (MET)


Startpoint: A[16] (input port clocked by __VIRTUAL_CLK__)
Endpoint: S[17] (output port clocked by __VIRTUAL_CLK__)
Path Group: __VIRTUAL_CLK__
Path Type: min

Fanout         Cap        Slew       Delay        Time   Description
---------------------------------------------------------------------------------------------
                      0.000000    0.000000    0.000000   clock __VIRTUAL_CLK__ (rise edge)
                                  0.000000    0.000000   clock network delay (ideal)
                                  0.800000    0.800000 v input external delay
     1    0.003960    0.006439    0.003122    0.803122 v A[16] (in)
                                                         A[16] (net)
                      0.006439    0.000000    0.803122 v input8/A (sky130_fd_sc_hd__clkdlybuf4s25_1)
     2    0.013894    0.077740    0.182614    0.985736 v input8/X (sky130_fd_sc_hd__clkdlybuf4s25_1)
                                                         net8 (net)
                      0.077740    0.000310    0.986046 v _657_/C (sky130_fd_sc_hd__nand3b_4)
     4    0.016117    0.050761    0.081688    1.067735 ^ _657_/Y (sky130_fd_sc_hd__nand3b_4)
                                                         _004_ (net)
                      0.050761    0.000168    1.067903 ^ _432_/A1 (sky130_fd_sc_hd__a21bo_2)
     1    0.008762    0.042869    0.086292    1.154195 ^ _432_/X (sky130_fd_sc_hd__a21bo_2)
                                                         _160_ (net)
                      0.042869    0.000063    1.154258 ^ _433_/B (sky130_fd_sc_hd__xor2_2)
     1    0.010136    0.033922    0.044349    1.198607 v _433_/X (sky130_fd_sc_hd__xor2_2)
                                                         net74 (net)
                      0.033926    0.000337    1.198943 v output74/A (sky130_fd_sc_hd__buf_6)
     1    0.034700    0.032268    0.087614    1.286557 v output74/X (sky130_fd_sc_hd__buf_6)
                                                         S[17] (net)
                      0.032270    0.000273    1.286830 v S[17] (out)
                                              1.286830   data arrival time

                      0.000000    0.000000    0.000000   clock __VIRTUAL_CLK__ (rise edge)
                                  0.000000    0.000000   clock network delay (ideal)
                                  0.250000    0.250000   clock uncertainty
                                  0.000000    0.250000   clock reconvergence pessimism
                                 -0.800000   -0.550000   output external delay
                                             -0.550000   data required time
---------------------------------------------------------------------------------------------
                                             -0.550000   data required time
                                             -1.286830   data arrival time
---------------------------------------------------------------------------------------------
                                              1.836830   slack (MET)


Startpoint: A[28] (input port clocked by __VIRTUAL_CLK__)
Endpoint: S[28] (output port clocked by __VIRTUAL_CLK__)
Path Group: __VIRTUAL_CLK__
Path Type: min

Fanout         Cap        Slew       Delay        Time   Description
---------------------------------------------------------------------------------------------
                      0.000000    0.000000    0.000000   clock __VIRTUAL_CLK__ (rise edge)
                                  0.000000    0.000000   clock network delay (ideal)
                                  0.800000    0.800000 ^ input external delay
     1    0.003814    0.017559    0.009392    0.809391 ^ A[28] (in)
                                                         A[28] (net)
                      0.017559    0.000000    0.809391 ^ input21/A (sky130_fd_sc_hd__clkdlybuf4s25_1)
     3    0.006303    0.056188    0.163640    0.973032 ^ input21/X (sky130_fd_sc_hd__clkdlybuf4s25_1)
                                                         net21 (net)
                      0.056188    0.000046    0.973078 ^ _567_/B1_N (sky130_fd_sc_hd__o21bai_2)
     3    0.013614    0.058231    0.093403    1.066481 ^ _567_/Y (sky130_fd_sc_hd__o21bai_2)
                                                         _284_ (net)
                      0.058231    0.000219    1.066701 ^ _580_/A1 (sky130_fd_sc_hd__a21o_2)
     1    0.003010    0.019264    0.067802    1.134503 ^ _580_/X (sky130_fd_sc_hd__a21o_2)
                                                         _297_ (net)
                      0.019264    0.000026    1.134529 ^ _581_/B (sky130_fd_sc_hd__and2b_4)
     1    0.005914    0.029797    0.080825    1.215353 ^ _581_/X (sky130_fd_sc_hd__and2b_4)
                                                         net86 (net)
                      0.029797    0.000053    1.215406 ^ output86/A (sky130_fd_sc_hd__buf_6)
     1    0.034805    0.058122    0.081342    1.296748 ^ output86/X (sky130_fd_sc_hd__buf_6)
                                                         S[28] (net)
                      0.058122    0.000202    1.296950 ^ S[28] (out)
                                              1.296950   data arrival time

                      0.000000    0.000000    0.000000   clock __VIRTUAL_CLK__ (rise edge)
                                  0.000000    0.000000   clock network delay (ideal)
                                  0.250000    0.250000   clock uncertainty
                                  0.000000    0.250000   clock reconvergence pessimism
                                 -0.800000   -0.550000   output external delay
                                             -0.550000   data required time
---------------------------------------------------------------------------------------------
                                             -0.550000   data required time
                                             -1.296950   data arrival time
---------------------------------------------------------------------------------------------
                                              1.846950   slack (MET)


Startpoint: sub (input port clocked by __VIRTUAL_CLK__)
Endpoint: S[26] (output port clocked by __VIRTUAL_CLK__)
Path Group: __VIRTUAL_CLK__
Path Type: min

Fanout         Cap        Slew       Delay        Time   Description
---------------------------------------------------------------------------------------------
                      0.000000    0.000000    0.000000   clock __VIRTUAL_CLK__ (rise edge)
                                  0.000000    0.000000   clock network delay (ideal)
                                  0.800000    0.800000 ^ input external delay
     1    0.008490    0.033407    0.020334    0.820334 ^ sub (in)
                                                         sub (net)
                      0.033407    0.000000    0.820334 ^ input65/A (sky130_fd_sc_hd__buf_8)
     5    0.039844    0.055623    0.079496    0.899830 ^ input65/X (sky130_fd_sc_hd__buf_8)
                                                         net65 (net)
                      0.055646    0.000874    0.900705 ^ rebuffer135/A (sky130_fd_sc_hd__buf_2)
     1    0.006539    0.031144    0.072048    0.972752 ^ rebuffer135/X (sky130_fd_sc_hd__buf_2)
                                                         net135 (net)
                      0.031144    0.000160    0.972912 ^ _536_/A1 (sky130_fd_sc_hd__a21o_2)
     1    0.005791    0.028238    0.069698    1.042609 ^ _536_/X (sky130_fd_sc_hd__a21o_2)
                                                         _256_ (net)
                      0.028238    0.000058    1.042668 ^ _543_/A2 (sky130_fd_sc_hd__a21oi_2)
     3    0.014836    0.028804    0.044494    1.087161 v _543_/Y (sky130_fd_sc_hd__a21oi_2)
                                                         _262_ (net)
                      0.028807    0.000211    1.087372 v _550_/A2 (sky130_fd_sc_hd__o21bai_2)
     1    0.004955    0.029754    0.073014    1.160386 ^ _550_/Y (sky130_fd_sc_hd__o21bai_2)
                                                         _269_ (net)
                      0.029754    0.000025    1.160411 ^ _552_/A (sky130_fd_sc_hd__nand2_2)
     1    0.003116    0.016738    0.020342    1.180752 v _552_/Y (sky130_fd_sc_hd__nand2_2)
                                                         net84 (net)
                      0.016738    0.000036    1.180789 v output84/A (sky130_fd_sc_hd__clkbuf_2)
     1    0.035434    0.094261    0.117718    1.298507 v output84/X (sky130_fd_sc_hd__clkbuf_2)
                                                         S[26] (net)
                      0.094261    0.000328    1.298834 v S[26] (out)
                                              1.298834   data arrival time

                      0.000000    0.000000    0.000000   clock __VIRTUAL_CLK__ (rise edge)
                                  0.000000    0.000000   clock network delay (ideal)
                                  0.250000    0.250000   clock uncertainty
                                  0.000000    0.250000   clock reconvergence pessimism
                                 -0.800000   -0.550000   output external delay
                                             -0.550000   data required time
---------------------------------------------------------------------------------------------
                                             -0.550000   data required time
                                             -1.298834   data arrival time
---------------------------------------------------------------------------------------------
                                              1.848834   slack (MET)


Startpoint: A[4] (input port clocked by __VIRTUAL_CLK__)
Endpoint: S[5] (output port clocked by __VIRTUAL_CLK__)
Path Group: __VIRTUAL_CLK__
Path Type: min

Fanout         Cap        Slew       Delay        Time   Description
---------------------------------------------------------------------------------------------
                      0.000000    0.000000    0.000000   clock __VIRTUAL_CLK__ (rise edge)
                                  0.000000    0.000000   clock network delay (ideal)
                                  0.800000    0.800000 v input external delay
     1    0.003595    0.005891    0.002822    0.802822 v A[4] (in)
                                                         A[4] (net)
                      0.005891    0.000000    0.802822 v input27/A (sky130_fd_sc_hd__clkdlybuf4s25_1)
     3    0.012311    0.070161    0.176959    0.979781 v input27/X (sky130_fd_sc_hd__clkdlybuf4s25_1)
                                                         net27 (net)
                      0.070161    0.000127    0.979908 v _364_/B1 (sky130_fd_sc_hd__o21ai_4)
     3    0.012508    0.044223    0.060780    1.040687 ^ _364_/Y (sky130_fd_sc_hd__o21ai_4)
                                                         _093_ (net)
                      0.044223    0.000058    1.040745 ^ _626_/A2 (sky130_fd_sc_hd__o22a_2)
     3    0.019680    0.078156    0.109838    1.150583 ^ _626_/X (sky130_fd_sc_hd__o22a_2)
                                                         _334_ (net)
                      0.078156    0.000180    1.150763 ^ _627_/B (sky130_fd_sc_hd__xnor2_2)
     1    0.003175    0.023578    0.032861    1.183624 v _627_/Y (sky130_fd_sc_hd__xnor2_2)
                                                         net93 (net)
                      0.023578    0.000037    1.183661 v output93/A (sky130_fd_sc_hd__clkbuf_4)
     1    0.036099    0.058811    0.115708    1.299368 v output93/X (sky130_fd_sc_hd__clkbuf_4)
                                                         S[5] (net)
                      0.058820    0.000697    1.300065 v S[5] (out)
                                              1.300065   data arrival time

                      0.000000    0.000000    0.000000   clock __VIRTUAL_CLK__ (rise edge)
                                  0.000000    0.000000   clock network delay (ideal)
                                  0.250000    0.250000   clock uncertainty
                                  0.000000    0.250000   clock reconvergence pessimism
                                 -0.800000   -0.550000   output external delay
                                             -0.550000   data required time
---------------------------------------------------------------------------------------------
                                             -0.550000   data required time
                                             -1.300065   data arrival time
---------------------------------------------------------------------------------------------
                                              1.850065   slack (MET)


Startpoint: A[12] (input port clocked by __VIRTUAL_CLK__)
Endpoint: S[12] (output port clocked by __VIRTUAL_CLK__)
Path Group: __VIRTUAL_CLK__
Path Type: min

Fanout         Cap        Slew       Delay        Time   Description
---------------------------------------------------------------------------------------------
                      0.000000    0.000000    0.000000   clock __VIRTUAL_CLK__ (rise edge)
                                  0.000000    0.000000   clock network delay (ideal)
                                  0.800000    0.800000 v input external delay
     1    0.004347    0.007080    0.003432    0.803432 v A[12] (in)
                                                         A[12] (net)
                      0.007080    0.000000    0.803432 v input4/A (sky130_fd_sc_hd__clkdlybuf4s25_1)
     4    0.016509    0.090169    0.192182    0.995614 v input4/X (sky130_fd_sc_hd__clkdlybuf4s25_1)
                                                         net4 (net)
                      0.090169    0.000074    0.995689 v _675_/B1 (sky130_fd_sc_hd__o21ai_2)
     2    0.010038    0.054864    0.073838    1.069526 ^ _675_/Y (sky130_fd_sc_hd__o21ai_2)
                                                         _022_ (net)
                      0.054864    0.000075    1.069602 ^ _687_/A2 (sky130_fd_sc_hd__o21a_4)
     5    0.028679    0.072105    0.108224    1.177825 ^ _687_/X (sky130_fd_sc_hd__o21a_4)
                                                         _034_ (net)
                      0.072105    0.000271    1.178096 ^ _642_/B (sky130_fd_sc_hd__xor2_2)
     1    0.005251    0.025566    0.039759    1.217855 v _642_/X (sky130_fd_sc_hd__xor2_2)
                                                         net69 (net)
                      0.025566    0.000062    1.217917 v output69/A (sky130_fd_sc_hd__buf_6)
     1    0.035598    0.032773    0.084672    1.302588 v output69/X (sky130_fd_sc_hd__buf_6)
                                                         S[12] (net)
                      0.032776    0.000317    1.302906 v S[12] (out)
                                              1.302906   data arrival time

                      0.000000    0.000000    0.000000   clock __VIRTUAL_CLK__ (rise edge)
                                  0.000000    0.000000   clock network delay (ideal)
                                  0.250000    0.250000   clock uncertainty
                                  0.000000    0.250000   clock reconvergence pessimism
                                 -0.800000   -0.550000   output external delay
                                             -0.550000   data required time
---------------------------------------------------------------------------------------------
                                             -0.550000   data required time
                                             -1.302906   data arrival time
---------------------------------------------------------------------------------------------
                                              1.852906   slack (MET)


Startpoint: A[11] (input port clocked by __VIRTUAL_CLK__)
Endpoint: S[11] (output port clocked by __VIRTUAL_CLK__)
Path Group: __VIRTUAL_CLK__
Path Type: min

Fanout         Cap        Slew       Delay        Time   Description
---------------------------------------------------------------------------------------------
                      0.000000    0.000000    0.000000   clock __VIRTUAL_CLK__ (rise edge)
                                  0.000000    0.000000   clock network delay (ideal)
                                  0.800000    0.800000 ^ input external delay
     1    0.003944    0.018020    0.009721    0.809721 ^ A[11] (in)
                                                         A[11] (net)
                      0.018020    0.000000    0.809721 ^ input3/A (sky130_fd_sc_hd__clkdlybuf4s25_1)
     2    0.016116    0.126911    0.211371    1.021092 ^ input3/X (sky130_fd_sc_hd__clkdlybuf4s25_1)
                                                         net3 (net)
                      0.126911    0.000197    1.021289 ^ _720_/B1 (sky130_fd_sc_hd__a21oi_4)
     1    0.008800    0.030778    0.019300    1.040589 v _720_/Y (sky130_fd_sc_hd__a21oi_4)
                                                         _067_ (net)
                      0.030778    0.000075    1.040663 v _721_/B1 (sky130_fd_sc_hd__o21ai_4)
     4    0.020696    0.058645    0.058361    1.099024 ^ _721_/Y (sky130_fd_sc_hd__o21ai_4)
                                                         _068_ (net)
                      0.058648    0.000327    1.099351 ^ _722_/B1 (sky130_fd_sc_hd__o21a_2)
     1    0.009641    0.044049    0.076865    1.176216 ^ _722_/X (sky130_fd_sc_hd__o21a_2)
                                                         _069_ (net)
                      0.044049    0.000108    1.176324 ^ _639_/B (sky130_fd_sc_hd__xor2_2)
     1    0.007870    0.030226    0.040354    1.216678 v _639_/X (sky130_fd_sc_hd__xor2_2)
                                                         net68 (net)
                      0.030227    0.000171    1.216849 v output68/A (sky130_fd_sc_hd__buf_6)
     1    0.035512    0.032722    0.086469    1.303317 v output68/X (sky130_fd_sc_hd__buf_6)
                                                         S[11] (net)
                      0.032727    0.000382    1.303699 v S[11] (out)
                                              1.303699   data arrival time

                      0.000000    0.000000    0.000000   clock __VIRTUAL_CLK__ (rise edge)
                                  0.000000    0.000000   clock network delay (ideal)
                                  0.250000    0.250000   clock uncertainty
                                  0.000000    0.250000   clock reconvergence pessimism
                                 -0.800000   -0.550000   output external delay
                                             -0.550000   data required time
---------------------------------------------------------------------------------------------
                                             -0.550000   data required time
                                             -1.303699   data arrival time
---------------------------------------------------------------------------------------------
                                              1.853699   slack (MET)


Startpoint: A[16] (input port clocked by __VIRTUAL_CLK__)
Endpoint: S[16] (output port clocked by __VIRTUAL_CLK__)
Path Group: __VIRTUAL_CLK__
Path Type: min

Fanout         Cap        Slew       Delay        Time   Description
---------------------------------------------------------------------------------------------
                      0.000000    0.000000    0.000000   clock __VIRTUAL_CLK__ (rise edge)
                                  0.000000    0.000000   clock network delay (ideal)
                                  0.800000    0.800000 ^ input external delay
     1    0.004186    0.018876    0.010319    0.810319 ^ A[16] (in)
                                                         A[16] (net)
                      0.018877    0.000000    0.810319 ^ input8/A (sky130_fd_sc_hd__clkdlybuf4s25_1)
     2    0.015109    0.119617    0.206648    1.016967 ^ input8/X (sky130_fd_sc_hd__clkdlybuf4s25_1)
                                                         net8 (net)
                      0.119617    0.000340    1.017307 ^ _657_/C (sky130_fd_sc_hd__nand3b_4)
     4    0.015361    0.048546    0.058949    1.076256 v _657_/Y (sky130_fd_sc_hd__nand3b_4)
                                                         _004_ (net)
                      0.048546    0.000135    1.076392 v _659_/A (sky130_fd_sc_hd__nand2_2)
     2    0.020912    0.086129    0.083034    1.159426 ^ _659_/Y (sky130_fd_sc_hd__nand2_2)
                                                         _006_ (net)
                      0.086131    0.000327    1.159753 ^ _425_/A (sky130_fd_sc_hd__xor2_2)
     1    0.009617    0.033127    0.056052    1.215805 v _425_/X (sky130_fd_sc_hd__xor2_2)
                                                         net73 (net)
                      0.033132    0.000293    1.216098 v output73/A (sky130_fd_sc_hd__buf_6)
     1    0.035062    0.032486    0.087374    1.303473 v output73/X (sky130_fd_sc_hd__buf_6)
                                                         S[16] (net)
                      0.032493    0.000461    1.303934 v S[16] (out)
                                              1.303934   data arrival time

                      0.000000    0.000000    0.000000   clock __VIRTUAL_CLK__ (rise edge)
                                  0.000000    0.000000   clock network delay (ideal)
                                  0.250000    0.250000   clock uncertainty
                                  0.000000    0.250000   clock reconvergence pessimism
                                 -0.800000   -0.550000   output external delay
                                             -0.550000   data required time
---------------------------------------------------------------------------------------------
                                             -0.550000   data required time
                                             -1.303934   data arrival time
---------------------------------------------------------------------------------------------
                                              1.853933   slack (MET)


Startpoint: A[7] (input port clocked by __VIRTUAL_CLK__)
Endpoint: S[7] (output port clocked by __VIRTUAL_CLK__)
Path Group: __VIRTUAL_CLK__
Path Type: min

Fanout         Cap        Slew       Delay        Time   Description
---------------------------------------------------------------------------------------------
                      0.000000    0.000000    0.000000   clock __VIRTUAL_CLK__ (rise edge)
                                  0.000000    0.000000   clock network delay (ideal)
                                  0.800000    0.800000 v input external delay
     1    0.003804    0.006197    0.003000    0.803000 v A[7] (in)
                                                         A[7] (net)
                      0.006197    0.000000    0.803000 v input30/A (sky130_fd_sc_hd__clkdlybuf4s25_1)
     3    0.007923    0.050387    0.160793    0.963793 v input30/X (sky130_fd_sc_hd__clkdlybuf4s25_1)
                                                         net30 (net)
                      0.050387    0.000117    0.963910 v _371_/B1_N (sky130_fd_sc_hd__o21bai_4)
     4    0.033019    0.056464    0.126711    1.090621 v _371_/Y (sky130_fd_sc_hd__o21bai_4)
                                                         _100_ (net)
                      0.056464    0.000250    1.090871 v _375_/B1 (sky130_fd_sc_hd__o21ai_2)
     1    0.010162    0.049945    0.060663    1.151535 ^ _375_/Y (sky130_fd_sc_hd__o21ai_2)
                                                         _104_ (net)
                      0.049945    0.000114    1.151649 ^ _631_/A (sky130_fd_sc_hd__xor2_2)
     1    0.004352    0.024124    0.039395    1.191044 v _631_/X (sky130_fd_sc_hd__xor2_2)
                                                         net95 (net)
                      0.024124    0.000073    1.191118 v output95/A (sky130_fd_sc_hd__clkbuf_4)
     1    0.034844    0.057204    0.114814    1.305931 v output95/X (sky130_fd_sc_hd__clkbuf_4)
                                                         S[7] (net)
                      0.057207    0.000463    1.306394 v S[7] (out)
                                              1.306394   data arrival time

                      0.000000    0.000000    0.000000   clock __VIRTUAL_CLK__ (rise edge)
                                  0.000000    0.000000   clock network delay (ideal)
                                  0.250000    0.250000   clock uncertainty
                                  0.000000    0.250000   clock reconvergence pessimism
                                 -0.800000   -0.550000   output external delay
                                             -0.550000   data required time
---------------------------------------------------------------------------------------------
                                             -0.550000   data required time
                                             -1.306394   data arrival time
---------------------------------------------------------------------------------------------
                                              1.856394   slack (MET)


Startpoint: A[19] (input port clocked by __VIRTUAL_CLK__)
Endpoint: S[19] (output port clocked by __VIRTUAL_CLK__)
Path Group: __VIRTUAL_CLK__
Path Type: min

Fanout         Cap        Slew       Delay        Time   Description
---------------------------------------------------------------------------------------------
                      0.000000    0.000000    0.000000   clock __VIRTUAL_CLK__ (rise edge)
                                  0.000000    0.000000   clock network delay (ideal)
                                  0.800000    0.800000 ^ input external delay
     1    0.003608    0.016820    0.008882    0.808882 ^ A[19] (in)
                                                         A[19] (net)
                      0.016820    0.000000    0.808882 ^ input11/A (sky130_fd_sc_hd__clkdlybuf4s25_1)
     4    0.021064    0.162940    0.234788    1.043671 ^ input11/X (sky130_fd_sc_hd__clkdlybuf4s25_1)
                                                         net11 (net)
                      0.162940    0.000536    1.044207 ^ _451_/B (sky130_fd_sc_hd__nand2_2)
     5    0.021237    0.074158    0.076493    1.120700 v _451_/Y (sky130_fd_sc_hd__nand2_2)
                                                         _177_ (net)
                      0.074160    0.000317    1.121016 v _456_/B (sky130_fd_sc_hd__nand4_2)
     1    0.004924    0.038559    0.071042    1.192058 ^ _456_/Y (sky130_fd_sc_hd__nand4_2)
                                                         _182_ (net)
                      0.038559    0.000041    1.192099 ^ _457_/B (sky130_fd_sc_hd__nand2_2)
     1    0.005575    0.021904    0.030701    1.222800 v _457_/Y (sky130_fd_sc_hd__nand2_2)
                                                         net76 (net)
                      0.021906    0.000130    1.222930 v output76/A (sky130_fd_sc_hd__clkbuf_4)
     1    0.034716    0.057042    0.113859    1.336789 v output76/X (sky130_fd_sc_hd__clkbuf_4)
                                                         S[19] (net)
                      0.057045    0.000452    1.337241 v S[19] (out)
                                              1.337241   data arrival time

                      0.000000    0.000000    0.000000   clock __VIRTUAL_CLK__ (rise edge)
                                  0.000000    0.000000   clock network delay (ideal)
                                  0.250000    0.250000   clock uncertainty
                                  0.000000    0.250000   clock reconvergence pessimism
                                 -0.800000   -0.550000   output external delay
                                             -0.550000   data required time
---------------------------------------------------------------------------------------------
                                             -0.550000   data required time
                                             -1.337241   data arrival time
---------------------------------------------------------------------------------------------
                                              1.887241   slack (MET)


Startpoint: A[10] (input port clocked by __VIRTUAL_CLK__)
Endpoint: S[10] (output port clocked by __VIRTUAL_CLK__)
Path Group: __VIRTUAL_CLK__
Path Type: min

Fanout         Cap        Slew       Delay        Time   Description
---------------------------------------------------------------------------------------------
                      0.000000    0.000000    0.000000   clock __VIRTUAL_CLK__ (rise edge)
                                  0.000000    0.000000   clock network delay (ideal)
                                  0.800000    0.800000 v input external delay
     1    0.004048    0.006574    0.003203    0.803203 v A[10] (in)
                                                         A[10] (net)
                      0.006575    0.000000    0.803203 v input2/A (sky130_fd_sc_hd__clkdlybuf4s25_1)
     2    0.007272    0.047330    0.158408    0.961611 v input2/X (sky130_fd_sc_hd__clkdlybuf4s25_1)
                                                         net2 (net)
                      0.047330    0.000059    0.961669 v _713_/A_N (sky130_fd_sc_hd__nand3b_2)
     3    0.019710    0.081118    0.163769    1.125438 v _713_/Y (sky130_fd_sc_hd__nand3b_2)
                                                         _060_ (net)
                      0.081122    0.000399    1.125837 v _716_/A (sky130_fd_sc_hd__nand2_2)
     2    0.019793    0.084284    0.093439    1.219276 ^ _716_/Y (sky130_fd_sc_hd__nand2_2)
                                                         _063_ (net)
                      0.084312    0.000197    1.219473 ^ _637_/A (sky130_fd_sc_hd__xor2_2)
     1    0.006118    0.026980    0.047871    1.267344 v _637_/X (sky130_fd_sc_hd__xor2_2)
                                                         net67 (net)
                      0.026980    0.000089    1.267433 v output67/A (sky130_fd_sc_hd__buf_6)
     1    0.034953    0.032436    0.084899    1.352331 v output67/X (sky130_fd_sc_hd__buf_6)
                                                         S[10] (net)
                      0.032441    0.000361    1.352692 v S[10] (out)
                                              1.352692   data arrival time

                      0.000000    0.000000    0.000000   clock __VIRTUAL_CLK__ (rise edge)
                                  0.000000    0.000000   clock network delay (ideal)
                                  0.250000    0.250000   clock uncertainty
                                  0.000000    0.250000   clock reconvergence pessimism
                                 -0.800000   -0.550000   output external delay
                                             -0.550000   data required time
---------------------------------------------------------------------------------------------
                                             -0.550000   data required time
                                             -1.352692   data arrival time
---------------------------------------------------------------------------------------------
                                              1.902692   slack (MET)


Startpoint: B[0] (input port clocked by __VIRTUAL_CLK__)
Endpoint: S[0] (output port clocked by __VIRTUAL_CLK__)
Path Group: __VIRTUAL_CLK__
Path Type: min

Fanout         Cap        Slew       Delay        Time   Description
---------------------------------------------------------------------------------------------
                      0.000000    0.000000    0.000000   clock __VIRTUAL_CLK__ (rise edge)
                                  0.000000    0.000000   clock network delay (ideal)
                                  0.800000    0.800000 v input external delay
     1    0.004657    0.007628    0.003693    0.803693 v B[0] (in)
                                                         B[0] (net)
                      0.007628    0.000000    0.803693 v input33/A (sky130_fd_sc_hd__dlymetal6s2s_1)
     7    0.048756    0.164487    0.181610    0.985303 v input33/X (sky130_fd_sc_hd__dlymetal6s2s_1)
                                                         net33 (net)
                      0.164487    0.000384    0.985686 v _615_/B (sky130_fd_sc_hd__xor2_2)
     1    0.003048    0.022374    0.127095    1.112782 v _615_/X (sky130_fd_sc_hd__xor2_2)
                                                         net66 (net)
                      0.022374    0.000033    1.112815 v output66/A (sky130_fd_sc_hd__clkdlybuf4s25_1)
     1    0.035143    0.179556    0.262564    1.375379 v output66/X (sky130_fd_sc_hd__clkdlybuf4s25_1)
                                                         S[0] (net)
                      0.179556    0.000361    1.375740 v S[0] (out)
                                              1.375740   data arrival time

                      0.000000    0.000000    0.000000   clock __VIRTUAL_CLK__ (rise edge)
                                  0.000000    0.000000   clock network delay (ideal)
                                  0.250000    0.250000   clock uncertainty
                                  0.000000    0.250000   clock reconvergence pessimism
                                 -0.800000   -0.550000   output external delay
                                             -0.550000   data required time
---------------------------------------------------------------------------------------------
                                             -0.550000   data required time
                                             -1.375740   data arrival time
---------------------------------------------------------------------------------------------
                                              1.925740   slack (MET)


Startpoint: A[18] (input port clocked by __VIRTUAL_CLK__)
Endpoint: S[18] (output port clocked by __VIRTUAL_CLK__)
Path Group: __VIRTUAL_CLK__
Path Type: min

Fanout         Cap        Slew       Delay        Time   Description
---------------------------------------------------------------------------------------------
                      0.000000    0.000000    0.000000   clock __VIRTUAL_CLK__ (rise edge)
                                  0.000000    0.000000   clock network delay (ideal)
                                  0.800000    0.800000 ^ input external delay
     1    0.003844    0.017666    0.009468    0.809468 ^ A[18] (in)
                                                         A[18] (net)
                      0.017666    0.000000    0.809468 ^ input10/A (sky130_fd_sc_hd__clkdlybuf4s25_1)
     3    0.017605    0.137784    0.218286    1.027754 ^ input10/X (sky130_fd_sc_hd__clkdlybuf4s25_1)
                                                         net10 (net)
                      0.137784    0.000533    1.028287 ^ _438_/C (sky130_fd_sc_hd__nand3b_2)
     2    0.011103    0.052715    0.065818    1.094105 v _438_/Y (sky130_fd_sc_hd__nand3b_2)
                                                         _165_ (net)
                      0.052732    0.000130    1.094235 v _440_/A (sky130_fd_sc_hd__nand2_4)
     2    0.011671    0.036257    0.050281    1.144516 ^ _440_/Y (sky130_fd_sc_hd__nand2_4)
                                                         _167_ (net)
                      0.036257    0.000053    1.144568 ^ rebuffer143/A (sky130_fd_sc_hd__buf_2)
     2    0.012244    0.050430    0.080485    1.225054 ^ rebuffer143/X (sky130_fd_sc_hd__buf_2)
                                                         net143 (net)
                      0.050430    0.000152    1.225206 ^ _445_/A (sky130_fd_sc_hd__xor2_2)
     1    0.006560    0.027784    0.043907    1.269113 v _445_/X (sky130_fd_sc_hd__xor2_2)
                                                         net75 (net)
                      0.027784    0.000138    1.269251 v output75/A (sky130_fd_sc_hd__buf_2)
     1    0.035036    0.063738    0.111756    1.381007 v output75/X (sky130_fd_sc_hd__buf_2)
                                                         S[18] (net)
                      0.063738    0.000214    1.381221 v S[18] (out)
                                              1.381221   data arrival time

                      0.000000    0.000000    0.000000   clock __VIRTUAL_CLK__ (rise edge)
                                  0.000000    0.000000   clock network delay (ideal)
                                  0.250000    0.250000   clock uncertainty
                                  0.000000    0.250000   clock reconvergence pessimism
                                 -0.800000   -0.550000   output external delay
                                             -0.550000   data required time
---------------------------------------------------------------------------------------------
                                             -0.550000   data required time
                                             -1.381221   data arrival time
---------------------------------------------------------------------------------------------
                                              1.931221   slack (MET)


Startpoint: A[24] (input port clocked by __VIRTUAL_CLK__)
Endpoint: S[24] (output port clocked by __VIRTUAL_CLK__)
Path Group: __VIRTUAL_CLK__
Path Type: min

Fanout         Cap        Slew       Delay        Time   Description
---------------------------------------------------------------------------------------------
                      0.000000    0.000000    0.000000   clock __VIRTUAL_CLK__ (rise edge)
                                  0.000000    0.000000   clock network delay (ideal)
                                  0.800000    0.800000 ^ input external delay
     1    0.004393    0.019608    0.010844    0.810844 ^ A[24] (in)
                                                         A[24] (net)
                      0.019608    0.000000    0.810844 ^ input17/A (sky130_fd_sc_hd__clkdlybuf4s25_1)
     3    0.009752    0.080790    0.181041    0.991884 ^ input17/X (sky130_fd_sc_hd__clkdlybuf4s25_1)
                                                         net17 (net)
                      0.080790    0.000074    0.991958 ^ _526_/B1_N (sky130_fd_sc_hd__o21bai_2)
     1    0.005707    0.032056    0.079399    1.071357 ^ _526_/Y (sky130_fd_sc_hd__o21bai_2)
                                                         _247_ (net)
                      0.032056    0.000066    1.071424 ^ _527_/B (sky130_fd_sc_hd__nand2_2)
     5    0.024720    0.065680    0.062116    1.133540 v _527_/Y (sky130_fd_sc_hd__nand2_2)
                                                         _248_ (net)
                      0.065687    0.000530    1.134069 v _530_/B1 (sky130_fd_sc_hd__o211ai_2)
     1    0.002598    0.023193    0.053350    1.187419 ^ _530_/Y (sky130_fd_sc_hd__o211ai_2)
                                                         _251_ (net)
                      0.023193    0.000030    1.187449 ^ _531_/B (sky130_fd_sc_hd__and2_2)
     1    0.003789    0.027909    0.075784    1.263233 ^ _531_/X (sky130_fd_sc_hd__and2_2)
                                                         net82 (net)
                      0.027909    0.000049    1.263282 ^ output82/A (sky130_fd_sc_hd__clkbuf_2)
     1    0.035415    0.149918    0.140601    1.403883 ^ output82/X (sky130_fd_sc_hd__clkbuf_2)
                                                         S[24] (net)
                      0.149923    0.000660    1.404543 ^ S[24] (out)
                                              1.404543   data arrival time

                      0.000000    0.000000    0.000000   clock __VIRTUAL_CLK__ (rise edge)
                                  0.000000    0.000000   clock network delay (ideal)
                                  0.250000    0.250000   clock uncertainty
                                  0.000000    0.250000   clock reconvergence pessimism
                                 -0.800000   -0.550000   output external delay
                                             -0.550000   data required time
---------------------------------------------------------------------------------------------
                                             -0.550000   data required time
                                             -1.404543   data arrival time
---------------------------------------------------------------------------------------------
                                              1.954543   slack (MET)


Startpoint: A[20] (input port clocked by __VIRTUAL_CLK__)
Endpoint: S[20] (output port clocked by __VIRTUAL_CLK__)
Path Group: __VIRTUAL_CLK__
Path Type: min

Fanout         Cap        Slew       Delay        Time   Description
---------------------------------------------------------------------------------------------
                      0.000000    0.000000    0.000000   clock __VIRTUAL_CLK__ (rise edge)
                                  0.000000    0.000000   clock network delay (ideal)
                                  0.800000    0.800000 v input external delay
     1    0.005232    0.008596    0.004298    0.804298 v A[20] (in)
                                                         A[20] (net)
                      0.008597    0.000000    0.804298 v input13/A (sky130_fd_sc_hd__clkdlybuf4s25_1)
     2    0.013211    0.074474    0.180979    0.985277 v input13/X (sky130_fd_sc_hd__clkdlybuf4s25_1)
                                                         net13 (net)
                      0.074474    0.000279    0.985556 v _462_/B1_N (sky130_fd_sc_hd__o21ba_2)
     2    0.016476    0.078514    0.174504    1.160060 ^ _462_/X (sky130_fd_sc_hd__o21ba_2)
                                                         _187_ (net)
                      0.078514    0.000207    1.160266 ^ _463_/B (sky130_fd_sc_hd__nor2_2)
     4    0.028145    0.054446    0.057021    1.217288 v _463_/Y (sky130_fd_sc_hd__nor2_2)
                                                         _188_ (net)
                      0.054450    0.000373    1.217660 v _471_/A (sky130_fd_sc_hd__xor2_4)
     1    0.004762    0.023268    0.113118    1.330778 v _471_/X (sky130_fd_sc_hd__xor2_4)
                                                         net78 (net)
                      0.023268    0.000036    1.330815 v output78/A (sky130_fd_sc_hd__buf_6)
     1    0.034648    0.032298    0.083218    1.414033 v output78/X (sky130_fd_sc_hd__buf_6)
                                                         S[20] (net)
                      0.032305    0.000425    1.414459 v S[20] (out)
                                              1.414459   data arrival time

                      0.000000    0.000000    0.000000   clock __VIRTUAL_CLK__ (rise edge)
                                  0.000000    0.000000   clock network delay (ideal)
                                  0.250000    0.250000   clock uncertainty
                                  0.000000    0.250000   clock reconvergence pessimism
                                 -0.800000   -0.550000   output external delay
                                             -0.550000   data required time
---------------------------------------------------------------------------------------------
                                             -0.550000   data required time
                                             -1.414459   data arrival time
---------------------------------------------------------------------------------------------
                                              1.964458   slack (MET)



%OL_END_REPORT
%OL_CREATE_REPORT max.rpt

===========================================================================
report_checks -path_delay max (Setup)
============================================================================
======================= min_ff_n40C_1v95 Corner ===================================

Startpoint: sub (input port clocked by __VIRTUAL_CLK__)
Endpoint: S[23] (output port clocked by __VIRTUAL_CLK__)
Path Group: __VIRTUAL_CLK__
Path Type: max

Fanout         Cap        Slew       Delay        Time   Description
---------------------------------------------------------------------------------------------
                      0.000000    0.000000    0.000000   clock __VIRTUAL_CLK__ (rise edge)
                                  0.000000    0.000000   clock network delay (ideal)
                                  0.800000    0.800000 v input external delay
     1    0.007823    0.012789    0.007788    0.807788 v sub (in)
                                                         sub (net)
                      0.012790    0.000000    0.807788 v input65/A (sky130_fd_sc_hd__buf_8)
     5    0.038252    0.031802    0.087644    0.895431 v input65/X (sky130_fd_sc_hd__buf_8)
                                                         net65 (net)
                      0.031864    0.001309    0.896740 v fanout106/A (sky130_fd_sc_hd__buf_4)
     7    0.033370    0.042038    0.116397    1.013137 v fanout106/X (sky130_fd_sc_hd__buf_4)
                                                         net106 (net)
                      0.042045    0.000606    1.013743 v fanout104/A (sky130_fd_sc_hd__clkbuf_2)
     4    0.022003    0.061603    0.114409    1.128153 v fanout104/X (sky130_fd_sc_hd__clkbuf_2)
                                                         net104 (net)
                      0.061603    0.000337    1.128489 v load_slew105/A (sky130_fd_sc_hd__buf_6)
     7    0.044300    0.037492    0.114201    1.242690 v load_slew105/X (sky130_fd_sc_hd__buf_6)
                                                         net105 (net)
                      0.037510    0.000808    1.243499 v _364_/A1 (sky130_fd_sc_hd__o21ai_4)
     3    0.012508    0.109297    0.127302    1.370800 ^ _364_/Y (sky130_fd_sc_hd__o21ai_4)
                                                         _093_ (net)
                      0.109297    0.000063    1.370864 ^ _365_/B1 (sky130_fd_sc_hd__a21oi_2)
     2    0.007780    0.051021    0.030405    1.401269 v _365_/Y (sky130_fd_sc_hd__a21oi_2)
                                                         _094_ (net)
                      0.051021    0.000014    1.401283 v _376_/A_N (sky130_fd_sc_hd__nand4b_4)
     2    0.012370    0.073575    0.132701    1.533984 v _376_/Y (sky130_fd_sc_hd__nand4b_4)
                                                         _105_ (net)
                      0.073576    0.000193    1.534177 v _377_/A (sky130_fd_sc_hd__nor2_4)
     3    0.024977    0.128581    0.148725    1.682902 ^ _377_/Y (sky130_fd_sc_hd__nor2_4)
                                                         _106_ (net)
                      0.128582    0.000267    1.683170 ^ _410_/B (sky130_fd_sc_hd__nand4_4)
     3    0.016482    0.080321    0.088763    1.771932 v _410_/Y (sky130_fd_sc_hd__nand4_4)
                                                         _139_ (net)
                      0.080321    0.000266    1.772198 v _415_/C (sky130_fd_sc_hd__nand3_4)
     3    0.025759    0.087833    0.110663    1.882862 ^ _415_/Y (sky130_fd_sc_hd__nand3_4)
                                                         _144_ (net)
                      0.087834    0.000634    1.883496 ^ _424_/B2 (sky130_fd_sc_hd__o22ai_4)
     3    0.015959    0.062253    0.047261    1.930757 v _424_/Y (sky130_fd_sc_hd__o22ai_4)
                                                         _153_ (net)
                      0.062254    0.000415    1.931172 v _470_/B1 (sky130_fd_sc_hd__o22ai_4)
     7    0.038572    0.224149    0.214277    2.145449 ^ _470_/Y (sky130_fd_sc_hd__o22ai_4)
                                                         _195_ (net)
                      0.224154    0.000892    2.146341 ^ _507_/B (sky130_fd_sc_hd__nand2_2)
     1    0.009065    0.057004    0.052560    2.198900 v _507_/Y (sky130_fd_sc_hd__nand2_2)
                                                         _229_ (net)
                      0.057004    0.000045    2.198945 v _512_/A2 (sky130_fd_sc_hd__a21oi_4)
     1    0.009730    0.092019    0.125971    2.324916 ^ _512_/Y (sky130_fd_sc_hd__a21oi_4)
                                                         _234_ (net)
                      0.092019    0.000109    2.325025 ^ _513_/A (sky130_fd_sc_hd__nor2_4)
     1    0.004879    0.032433    0.025551    2.350576 v _513_/Y (sky130_fd_sc_hd__nor2_4)
                                                         net81 (net)
                      0.032433    0.000050    2.350626 v output81/A (sky130_fd_sc_hd__buf_6)
     1    0.034841    0.032376    0.096127    2.446753 v output81/X (sky130_fd_sc_hd__buf_6)
                                                         S[23] (net)
                      0.032384    0.000534    2.447287 v S[23] (out)
                                              2.447287   data arrival time

                      0.000000    4.000000    4.000000   clock __VIRTUAL_CLK__ (rise edge)
                                  0.000000    4.000000   clock network delay (ideal)
                                 -0.250000    3.750000   clock uncertainty
                                  0.000000    3.750000   clock reconvergence pessimism
                                 -0.800000    2.950000   output external delay
                                              2.950000   data required time
---------------------------------------------------------------------------------------------
                                              2.950000   data required time
                                             -2.447287   data arrival time
---------------------------------------------------------------------------------------------
                                              0.502713   slack (MET)


Startpoint: sub (input port clocked by __VIRTUAL_CLK__)
Endpoint: S[20] (output port clocked by __VIRTUAL_CLK__)
Path Group: __VIRTUAL_CLK__
Path Type: max

Fanout         Cap        Slew       Delay        Time   Description
---------------------------------------------------------------------------------------------
                      0.000000    0.000000    0.000000   clock __VIRTUAL_CLK__ (rise edge)
                                  0.000000    0.000000   clock network delay (ideal)
                                  0.800000    0.800000 v input external delay
     1    0.007823    0.012789    0.007788    0.807788 v sub (in)
                                                         sub (net)
                      0.012790    0.000000    0.807788 v input65/A (sky130_fd_sc_hd__buf_8)
     5    0.038252    0.031802    0.087644    0.895431 v input65/X (sky130_fd_sc_hd__buf_8)
                                                         net65 (net)
                      0.031864    0.001309    0.896740 v fanout106/A (sky130_fd_sc_hd__buf_4)
     7    0.033370    0.042038    0.116397    1.013137 v fanout106/X (sky130_fd_sc_hd__buf_4)
                                                         net106 (net)
                      0.042045    0.000606    1.013743 v fanout104/A (sky130_fd_sc_hd__clkbuf_2)
     4    0.022003    0.061603    0.114409    1.128153 v fanout104/X (sky130_fd_sc_hd__clkbuf_2)
                                                         net104 (net)
                      0.061603    0.000337    1.128489 v load_slew105/A (sky130_fd_sc_hd__buf_6)
     7    0.044300    0.037492    0.114201    1.242690 v load_slew105/X (sky130_fd_sc_hd__buf_6)
                                                         net105 (net)
                      0.037510    0.000808    1.243499 v _364_/A1 (sky130_fd_sc_hd__o21ai_4)
     3    0.012508    0.109297    0.127302    1.370800 ^ _364_/Y (sky130_fd_sc_hd__o21ai_4)
                                                         _093_ (net)
                      0.109297    0.000063    1.370864 ^ _365_/B1 (sky130_fd_sc_hd__a21oi_2)
     2    0.007780    0.051021    0.030405    1.401269 v _365_/Y (sky130_fd_sc_hd__a21oi_2)
                                                         _094_ (net)
                      0.051021    0.000014    1.401283 v _376_/A_N (sky130_fd_sc_hd__nand4b_4)
     2    0.012370    0.073575    0.132701    1.533984 v _376_/Y (sky130_fd_sc_hd__nand4b_4)
                                                         _105_ (net)
                      0.073576    0.000193    1.534177 v _377_/A (sky130_fd_sc_hd__nor2_4)
     3    0.024977    0.128581    0.148725    1.682902 ^ _377_/Y (sky130_fd_sc_hd__nor2_4)
                                                         _106_ (net)
                      0.128582    0.000267    1.683170 ^ _410_/B (sky130_fd_sc_hd__nand4_4)
     3    0.016482    0.080321    0.088763    1.771932 v _410_/Y (sky130_fd_sc_hd__nand4_4)
                                                         _139_ (net)
                      0.080321    0.000266    1.772198 v _415_/C (sky130_fd_sc_hd__nand3_4)
     3    0.025759    0.087833    0.110663    1.882862 ^ _415_/Y (sky130_fd_sc_hd__nand3_4)
                                                         _144_ (net)
                      0.087834    0.000634    1.883496 ^ _424_/B2 (sky130_fd_sc_hd__o22ai_4)
     3    0.015959    0.062253    0.047261    1.930757 v _424_/Y (sky130_fd_sc_hd__o22ai_4)
                                                         _153_ (net)
                      0.062254    0.000415    1.931172 v _470_/B1 (sky130_fd_sc_hd__o22ai_4)
     7    0.038572    0.224149    0.214277    2.145449 ^ _470_/Y (sky130_fd_sc_hd__o22ai_4)
                                                         _195_ (net)
                      0.224162    0.001398    2.146848 ^ rebuffer124/A (sky130_fd_sc_hd__buf_6)
     1    0.015858    0.035728    0.090307    2.237155 ^ rebuffer124/X (sky130_fd_sc_hd__buf_6)
                                                         net124 (net)
                      0.035728    0.000147    2.237302 ^ _471_/B (sky130_fd_sc_hd__xor2_4)
     1    0.005250    0.081132    0.097734    2.335036 ^ _471_/X (sky130_fd_sc_hd__xor2_4)
                                                         net78 (net)
                      0.081132    0.000044    2.335080 ^ output78/A (sky130_fd_sc_hd__buf_6)
     1    0.034648    0.058333    0.100407    2.435487 ^ output78/X (sky130_fd_sc_hd__buf_6)
                                                         S[20] (net)
                      0.058335    0.000470    2.435957 ^ S[20] (out)
                                              2.435957   data arrival time

                      0.000000    4.000000    4.000000   clock __VIRTUAL_CLK__ (rise edge)
                                  0.000000    4.000000   clock network delay (ideal)
                                 -0.250000    3.750000   clock uncertainty
                                  0.000000    3.750000   clock reconvergence pessimism
                                 -0.800000    2.950000   output external delay
                                              2.950000   data required time
---------------------------------------------------------------------------------------------
                                              2.950000   data required time
                                             -2.435957   data arrival time
---------------------------------------------------------------------------------------------
                                              0.514043   slack (MET)


Startpoint: sub (input port clocked by __VIRTUAL_CLK__)
Endpoint: S[17] (output port clocked by __VIRTUAL_CLK__)
Path Group: __VIRTUAL_CLK__
Path Type: max

Fanout         Cap        Slew       Delay        Time   Description
---------------------------------------------------------------------------------------------
                      0.000000    0.000000    0.000000   clock __VIRTUAL_CLK__ (rise edge)
                                  0.000000    0.000000   clock network delay (ideal)
                                  0.800000    0.800000 v input external delay
     1    0.007823    0.012789    0.007788    0.807788 v sub (in)
                                                         sub (net)
                      0.012790    0.000000    0.807788 v input65/A (sky130_fd_sc_hd__buf_8)
     5    0.038252    0.031802    0.087644    0.895431 v input65/X (sky130_fd_sc_hd__buf_8)
                                                         net65 (net)
                      0.031864    0.001309    0.896740 v fanout106/A (sky130_fd_sc_hd__buf_4)
     7    0.033370    0.042038    0.116397    1.013137 v fanout106/X (sky130_fd_sc_hd__buf_4)
                                                         net106 (net)
                      0.042045    0.000606    1.013743 v fanout104/A (sky130_fd_sc_hd__clkbuf_2)
     4    0.022003    0.061603    0.114409    1.128153 v fanout104/X (sky130_fd_sc_hd__clkbuf_2)
                                                         net104 (net)
                      0.061603    0.000337    1.128489 v load_slew105/A (sky130_fd_sc_hd__buf_6)
     7    0.044300    0.037492    0.114201    1.242690 v load_slew105/X (sky130_fd_sc_hd__buf_6)
                                                         net105 (net)
                      0.037510    0.000808    1.243499 v _364_/A1 (sky130_fd_sc_hd__o21ai_4)
     3    0.012508    0.109297    0.127302    1.370800 ^ _364_/Y (sky130_fd_sc_hd__o21ai_4)
                                                         _093_ (net)
                      0.109297    0.000063    1.370864 ^ _365_/B1 (sky130_fd_sc_hd__a21oi_2)
     2    0.007780    0.051021    0.030405    1.401269 v _365_/Y (sky130_fd_sc_hd__a21oi_2)
                                                         _094_ (net)
                      0.051021    0.000014    1.401283 v _376_/A_N (sky130_fd_sc_hd__nand4b_4)
     2    0.012370    0.073575    0.132701    1.533984 v _376_/Y (sky130_fd_sc_hd__nand4b_4)
                                                         _105_ (net)
                      0.073576    0.000193    1.534177 v _377_/A (sky130_fd_sc_hd__nor2_4)
     3    0.024977    0.128581    0.148725    1.682902 ^ _377_/Y (sky130_fd_sc_hd__nor2_4)
                                                         _106_ (net)
                      0.128582    0.000267    1.683170 ^ _410_/B (sky130_fd_sc_hd__nand4_4)
     3    0.016482    0.080321    0.088763    1.771932 v _410_/Y (sky130_fd_sc_hd__nand4_4)
                                                         _139_ (net)
                      0.080321    0.000266    1.772198 v _415_/C (sky130_fd_sc_hd__nand3_4)
     3    0.025759    0.087833    0.110663    1.882862 ^ _415_/Y (sky130_fd_sc_hd__nand3_4)
                                                         _144_ (net)
                      0.087834    0.000634    1.883496 ^ _424_/B2 (sky130_fd_sc_hd__o22ai_4)
     3    0.015959    0.062253    0.047261    1.930757 v _424_/Y (sky130_fd_sc_hd__o22ai_4)
                                                         _153_ (net)
                      0.062253    0.000137    1.930894 v rebuffer244/A (sky130_fd_sc_hd__buf_2)
     2    0.007775    0.024631    0.098379    2.029273 v rebuffer244/X (sky130_fd_sc_hd__buf_2)
                                                         net244 (net)
                      0.024632    0.000208    2.029481 v _432_/A2 (sky130_fd_sc_hd__a21bo_2)
     1    0.008069    0.034683    0.148331    2.177812 v _432_/X (sky130_fd_sc_hd__a21bo_2)
                                                         _160_ (net)
                      0.034683    0.000064    2.177876 v _433_/B (sky130_fd_sc_hd__xor2_2)
     1    0.010624    0.129524    0.128134    2.306010 ^ _433_/X (sky130_fd_sc_hd__xor2_2)
                                                         net74 (net)
                      0.129524    0.000396    2.306406 ^ output74/A (sky130_fd_sc_hd__buf_6)
     1    0.034700    0.058917    0.107456    2.413862 ^ output74/X (sky130_fd_sc_hd__buf_6)
                                                         S[17] (net)
                      0.058917    0.000301    2.414164 ^ S[17] (out)
                                              2.414164   data arrival time

                      0.000000    4.000000    4.000000   clock __VIRTUAL_CLK__ (rise edge)
                                  0.000000    4.000000   clock network delay (ideal)
                                 -0.250000    3.750000   clock uncertainty
                                  0.000000    3.750000   clock reconvergence pessimism
                                 -0.800000    2.950000   output external delay
                                              2.950000   data required time
---------------------------------------------------------------------------------------------
                                              2.950000   data required time
                                             -2.414164   data arrival time
---------------------------------------------------------------------------------------------
                                              0.535836   slack (MET)


Startpoint: sub (input port clocked by __VIRTUAL_CLK__)
Endpoint: S[22] (output port clocked by __VIRTUAL_CLK__)
Path Group: __VIRTUAL_CLK__
Path Type: max

Fanout         Cap        Slew       Delay        Time   Description
---------------------------------------------------------------------------------------------
                      0.000000    0.000000    0.000000   clock __VIRTUAL_CLK__ (rise edge)
                                  0.000000    0.000000   clock network delay (ideal)
                                  0.800000    0.800000 v input external delay
     1    0.007823    0.012789    0.007788    0.807788 v sub (in)
                                                         sub (net)
                      0.012790    0.000000    0.807788 v input65/A (sky130_fd_sc_hd__buf_8)
     5    0.038252    0.031802    0.087644    0.895431 v input65/X (sky130_fd_sc_hd__buf_8)
                                                         net65 (net)
                      0.031864    0.001309    0.896740 v fanout106/A (sky130_fd_sc_hd__buf_4)
     7    0.033370    0.042038    0.116397    1.013137 v fanout106/X (sky130_fd_sc_hd__buf_4)
                                                         net106 (net)
                      0.042045    0.000606    1.013743 v fanout104/A (sky130_fd_sc_hd__clkbuf_2)
     4    0.022003    0.061603    0.114409    1.128153 v fanout104/X (sky130_fd_sc_hd__clkbuf_2)
                                                         net104 (net)
                      0.061603    0.000337    1.128489 v load_slew105/A (sky130_fd_sc_hd__buf_6)
     7    0.044300    0.037492    0.114201    1.242690 v load_slew105/X (sky130_fd_sc_hd__buf_6)
                                                         net105 (net)
                      0.037510    0.000808    1.243499 v _364_/A1 (sky130_fd_sc_hd__o21ai_4)
     3    0.012508    0.109297    0.127302    1.370800 ^ _364_/Y (sky130_fd_sc_hd__o21ai_4)
                                                         _093_ (net)
                      0.109297    0.000063    1.370864 ^ _365_/B1 (sky130_fd_sc_hd__a21oi_2)
     2    0.007780    0.051021    0.030405    1.401269 v _365_/Y (sky130_fd_sc_hd__a21oi_2)
                                                         _094_ (net)
                      0.051021    0.000014    1.401283 v _376_/A_N (sky130_fd_sc_hd__nand4b_4)
     2    0.012370    0.073575    0.132701    1.533984 v _376_/Y (sky130_fd_sc_hd__nand4b_4)
                                                         _105_ (net)
                      0.073576    0.000193    1.534177 v _377_/A (sky130_fd_sc_hd__nor2_4)
     3    0.024977    0.128581    0.148725    1.682902 ^ _377_/Y (sky130_fd_sc_hd__nor2_4)
                                                         _106_ (net)
                      0.128582    0.000267    1.683170 ^ _410_/B (sky130_fd_sc_hd__nand4_4)
     3    0.016482    0.080321    0.088763    1.771932 v _410_/Y (sky130_fd_sc_hd__nand4_4)
                                                         _139_ (net)
                      0.080321    0.000266    1.772198 v _415_/C (sky130_fd_sc_hd__nand3_4)
     3    0.025759    0.087833    0.110663    1.882862 ^ _415_/Y (sky130_fd_sc_hd__nand3_4)
                                                         _144_ (net)
                      0.087834    0.000634    1.883496 ^ _424_/B2 (sky130_fd_sc_hd__o22ai_4)
     3    0.015959    0.062253    0.047261    1.930757 v _424_/Y (sky130_fd_sc_hd__o22ai_4)
                                                         _153_ (net)
                      0.062254    0.000415    1.931172 v _470_/B1 (sky130_fd_sc_hd__o22ai_4)
     7    0.038572    0.224149    0.214277    2.145449 ^ _470_/Y (sky130_fd_sc_hd__o22ai_4)
                                                         _195_ (net)
                      0.224158    0.001195    2.146644 ^ _487_/A1_N (sky130_fd_sc_hd__o2bb2ai_2)
     1    0.005029    0.079564    0.080004    2.226648 ^ _487_/Y (sky130_fd_sc_hd__o2bb2ai_2)
                                                         _210_ (net)
                      0.079564    0.000049    2.226697 ^ _496_/B (sky130_fd_sc_hd__nand2_2)
     1    0.009220    0.036085    0.047366    2.274063 v _496_/Y (sky130_fd_sc_hd__nand2_2)
                                                         _219_ (net)
                      0.036085    0.000111    2.274174 v _497_/A (sky130_fd_sc_hd__nand2_4)
     1    0.008078    0.036052    0.042646    2.316821 ^ _497_/Y (sky130_fd_sc_hd__nand2_4)
                                                         net80 (net)
                      0.036052    0.000095    2.316916 ^ output80/A (sky130_fd_sc_hd__buf_8)
     1    0.034829    0.049941    0.084361    2.401278 ^ output80/X (sky130_fd_sc_hd__buf_8)
                                                         S[22] (net)
                      0.049946    0.000552    2.401829 ^ S[22] (out)
                                              2.401829   data arrival time

                      0.000000    4.000000    4.000000   clock __VIRTUAL_CLK__ (rise edge)
                                  0.000000    4.000000   clock network delay (ideal)
                                 -0.250000    3.750000   clock uncertainty
                                  0.000000    3.750000   clock reconvergence pessimism
                                 -0.800000    2.950000   output external delay
                                              2.950000   data required time
---------------------------------------------------------------------------------------------
                                              2.950000   data required time
                                             -2.401829   data arrival time
---------------------------------------------------------------------------------------------
                                              0.548170   slack (MET)


Startpoint: sub (input port clocked by __VIRTUAL_CLK__)
Endpoint: S[26] (output port clocked by __VIRTUAL_CLK__)
Path Group: __VIRTUAL_CLK__
Path Type: max

Fanout         Cap        Slew       Delay        Time   Description
---------------------------------------------------------------------------------------------
                      0.000000    0.000000    0.000000   clock __VIRTUAL_CLK__ (rise edge)
                                  0.000000    0.000000   clock network delay (ideal)
                                  0.800000    0.800000 ^ input external delay
     1    0.008490    0.033407    0.022474    0.822474 ^ sub (in)
                                                         sub (net)
                      0.033407    0.000000    0.822474 ^ input65/A (sky130_fd_sc_hd__buf_8)
     5    0.039844    0.055623    0.087864    0.910339 ^ input65/X (sky130_fd_sc_hd__buf_8)
                                                         net65 (net)
                      0.055700    0.001756    0.912094 ^ fanout118/A (sky130_fd_sc_hd__buf_8)
     4    0.021824    0.035634    0.077281    0.989376 ^ fanout118/X (sky130_fd_sc_hd__buf_8)
                                                         net118 (net)
                      0.035634    0.000087    0.989462 ^ fanout112/A (sky130_fd_sc_hd__buf_6)
     2    0.011174    0.025883    0.065144    1.054607 ^ fanout112/X (sky130_fd_sc_hd__buf_6)
                                                         net112 (net)
                      0.025884    0.000147    1.054754 ^ load_slew114/A (sky130_fd_sc_hd__buf_8)
     3    0.029870    0.044284    0.077497    1.132251 ^ load_slew114/X (sky130_fd_sc_hd__buf_8)
                                                         net114 (net)
                      0.044285    0.000327    1.132578 ^ load_slew113/A (sky130_fd_sc_hd__buf_8)
     4    0.018452    0.031845    0.071691    1.204268 ^ load_slew113/X (sky130_fd_sc_hd__buf_8)
                                                         net113 (net)
                      0.031846    0.000197    1.204465 ^ _714_/A2 (sky130_fd_sc_hd__o21a_4)
     2    0.012028    0.038651    0.086697    1.291163 ^ _714_/X (sky130_fd_sc_hd__o21a_4)
                                                         _061_ (net)
                      0.038651    0.000130    1.291293 ^ _715_/A (sky130_fd_sc_hd__nand2_4)
     2    0.010927    0.027814    0.030947    1.322240 v _715_/Y (sky130_fd_sc_hd__nand2_4)
                                                         _062_ (net)
                      0.027814    0.000087    1.322327 v rebuffer130/A (sky130_fd_sc_hd__buf_2)
     3    0.018579    0.039779    0.101510    1.423837 v rebuffer130/X (sky130_fd_sc_hd__buf_2)
                                                         net130 (net)
                      0.039779    0.000154    1.423992 v _723_/B1 (sky130_fd_sc_hd__o2111a_2)
     1    0.009037    0.040657    0.117590    1.541582 v _723_/X (sky130_fd_sc_hd__o2111a_2)
                                                         _070_ (net)
                      0.040657    0.000085    1.541667 v _414_/A2 (sky130_fd_sc_hd__a21oi_4)
     3    0.025589    0.163123    0.175804    1.717471 ^ _414_/Y (sky130_fd_sc_hd__a21oi_4)
                                                         _143_ (net)
                      0.163123    0.000395    1.717867 ^ _415_/A (sky130_fd_sc_hd__nand3_4)
     3    0.023401    0.083062    0.083603    1.801469 v _415_/Y (sky130_fd_sc_hd__nand3_4)
                                                         _144_ (net)
                      0.083062    0.000555    1.802024 v _520_/B2 (sky130_fd_sc_hd__o221ai_2)
     4    0.020186    0.215301    0.206223    2.008246 ^ _520_/Y (sky130_fd_sc_hd__o221ai_2)
                                                         _241_ (net)
                      0.215301    0.000427    2.008673 ^ _542_/A1 (sky130_fd_sc_hd__a21boi_2)
     2    0.006893    0.057202    0.043574    2.052248 v _542_/Y (sky130_fd_sc_hd__a21boi_2)
                                                         _261_ (net)
                      0.057202    0.000067    2.052314 v _551_/A_N (sky130_fd_sc_hd__nand3b_2)
     1    0.004657    0.043067    0.140821    2.193135 v _551_/Y (sky130_fd_sc_hd__nand3b_2)
                                                         _270_ (net)
                      0.043067    0.000046    2.193181 v _552_/B (sky130_fd_sc_hd__nand2_2)
     1    0.003345    0.030583    0.048347    2.241528 ^ _552_/Y (sky130_fd_sc_hd__nand2_2)
                                                         net84 (net)
                      0.030583    0.000043    2.241572 ^ output84/A (sky130_fd_sc_hd__clkbuf_2)
     1    0.035434    0.149932    0.156518    2.398090 ^ output84/X (sky130_fd_sc_hd__clkbuf_2)
                                                         S[26] (net)
                      0.149933    0.000362    2.398452 ^ S[26] (out)
                                              2.398452   data arrival time

                      0.000000    4.000000    4.000000   clock __VIRTUAL_CLK__ (rise edge)
                                  0.000000    4.000000   clock network delay (ideal)
                                 -0.250000    3.750000   clock uncertainty
                                  0.000000    3.750000   clock reconvergence pessimism
                                 -0.800000    2.950000   output external delay
                                              2.950000   data required time
---------------------------------------------------------------------------------------------
                                              2.950000   data required time
                                             -2.398452   data arrival time
---------------------------------------------------------------------------------------------
                                              0.551548   slack (MET)


Startpoint: sub (input port clocked by __VIRTUAL_CLK__)
Endpoint: S[21] (output port clocked by __VIRTUAL_CLK__)
Path Group: __VIRTUAL_CLK__
Path Type: max

Fanout         Cap        Slew       Delay        Time   Description
---------------------------------------------------------------------------------------------
                      0.000000    0.000000    0.000000   clock __VIRTUAL_CLK__ (rise edge)
                                  0.000000    0.000000   clock network delay (ideal)
                                  0.800000    0.800000 v input external delay
     1    0.007823    0.012789    0.007788    0.807788 v sub (in)
                                                         sub (net)
                      0.012790    0.000000    0.807788 v input65/A (sky130_fd_sc_hd__buf_8)
     5    0.038252    0.031802    0.087644    0.895431 v input65/X (sky130_fd_sc_hd__buf_8)
                                                         net65 (net)
                      0.031864    0.001309    0.896740 v fanout106/A (sky130_fd_sc_hd__buf_4)
     7    0.033370    0.042038    0.116397    1.013137 v fanout106/X (sky130_fd_sc_hd__buf_4)
                                                         net106 (net)
                      0.042045    0.000606    1.013743 v fanout104/A (sky130_fd_sc_hd__clkbuf_2)
     4    0.022003    0.061603    0.114409    1.128153 v fanout104/X (sky130_fd_sc_hd__clkbuf_2)
                                                         net104 (net)
                      0.061603    0.000337    1.128489 v load_slew105/A (sky130_fd_sc_hd__buf_6)
     7    0.044300    0.037492    0.114201    1.242690 v load_slew105/X (sky130_fd_sc_hd__buf_6)
                                                         net105 (net)
                      0.037510    0.000808    1.243499 v _364_/A1 (sky130_fd_sc_hd__o21ai_4)
     3    0.012508    0.109297    0.127302    1.370800 ^ _364_/Y (sky130_fd_sc_hd__o21ai_4)
                                                         _093_ (net)
                      0.109297    0.000063    1.370864 ^ _365_/B1 (sky130_fd_sc_hd__a21oi_2)
     2    0.007780    0.051021    0.030405    1.401269 v _365_/Y (sky130_fd_sc_hd__a21oi_2)
                                                         _094_ (net)
                      0.051021    0.000014    1.401283 v _376_/A_N (sky130_fd_sc_hd__nand4b_4)
     2    0.012370    0.073575    0.132701    1.533984 v _376_/Y (sky130_fd_sc_hd__nand4b_4)
                                                         _105_ (net)
                      0.073576    0.000193    1.534177 v _377_/A (sky130_fd_sc_hd__nor2_4)
     3    0.024977    0.128581    0.148725    1.682902 ^ _377_/Y (sky130_fd_sc_hd__nor2_4)
                                                         _106_ (net)
                      0.128582    0.000267    1.683170 ^ _410_/B (sky130_fd_sc_hd__nand4_4)
     3    0.016482    0.080321    0.088763    1.771932 v _410_/Y (sky130_fd_sc_hd__nand4_4)
                                                         _139_ (net)
                      0.080321    0.000266    1.772198 v _415_/C (sky130_fd_sc_hd__nand3_4)
     3    0.025759    0.087833    0.110663    1.882862 ^ _415_/Y (sky130_fd_sc_hd__nand3_4)
                                                         _144_ (net)
                      0.087834    0.000634    1.883496 ^ _424_/B2 (sky130_fd_sc_hd__o22ai_4)
     3    0.015959    0.062253    0.047261    1.930757 v _424_/Y (sky130_fd_sc_hd__o22ai_4)
                                                         _153_ (net)
                      0.062254    0.000415    1.931172 v _470_/B1 (sky130_fd_sc_hd__o22ai_4)
     7    0.038572    0.224149    0.214277    2.145449 ^ _470_/Y (sky130_fd_sc_hd__o22ai_4)
                                                         _195_ (net)
                      0.224163    0.001479    2.146928 ^ _480_/A1 (sky130_fd_sc_hd__a211o_2)
     1    0.010117    0.045875    0.121588    2.268517 ^ _480_/X (sky130_fd_sc_hd__a211o_2)
                                                         _204_ (net)
                      0.045875    0.000119    2.268635 ^ _482_/B (sky130_fd_sc_hd__nand2_4)
     1    0.007710    0.033124    0.031430    2.300065 v _482_/Y (sky130_fd_sc_hd__nand2_4)
                                                         net79 (net)
                      0.033124    0.000107    2.300173 v output79/A (sky130_fd_sc_hd__buf_8)
     1    0.034889    0.029994    0.094460    2.394633 v output79/X (sky130_fd_sc_hd__buf_8)
                                                         S[21] (net)
                      0.030004    0.000553    2.395186 v S[21] (out)
                                              2.395186   data arrival time

                      0.000000    4.000000    4.000000   clock __VIRTUAL_CLK__ (rise edge)
                                  0.000000    4.000000   clock network delay (ideal)
                                 -0.250000    3.750000   clock uncertainty
                                  0.000000    3.750000   clock reconvergence pessimism
                                 -0.800000    2.950000   output external delay
                                              2.950000   data required time
---------------------------------------------------------------------------------------------
                                              2.950000   data required time
                                             -2.395186   data arrival time
---------------------------------------------------------------------------------------------
                                              0.554814   slack (MET)


Startpoint: sub (input port clocked by __VIRTUAL_CLK__)
Endpoint: S[30] (output port clocked by __VIRTUAL_CLK__)
Path Group: __VIRTUAL_CLK__
Path Type: max

Fanout         Cap        Slew       Delay        Time   Description
---------------------------------------------------------------------------------------------
                      0.000000    0.000000    0.000000   clock __VIRTUAL_CLK__ (rise edge)
                                  0.000000    0.000000   clock network delay (ideal)
                                  0.800000    0.800000 ^ input external delay
     1    0.008490    0.033407    0.022474    0.822474 ^ sub (in)
                                                         sub (net)
                      0.033407    0.000000    0.822474 ^ input65/A (sky130_fd_sc_hd__buf_8)
     5    0.039844    0.055623    0.087864    0.910339 ^ input65/X (sky130_fd_sc_hd__buf_8)
                                                         net65 (net)
                      0.055700    0.001756    0.912094 ^ fanout118/A (sky130_fd_sc_hd__buf_8)
     4    0.021824    0.035634    0.077281    0.989376 ^ fanout118/X (sky130_fd_sc_hd__buf_8)
                                                         net118 (net)
                      0.035634    0.000087    0.989462 ^ fanout112/A (sky130_fd_sc_hd__buf_6)
     2    0.011174    0.025883    0.065144    1.054607 ^ fanout112/X (sky130_fd_sc_hd__buf_6)
                                                         net112 (net)
                      0.025884    0.000147    1.054754 ^ load_slew114/A (sky130_fd_sc_hd__buf_8)
     3    0.029870    0.044284    0.077497    1.132251 ^ load_slew114/X (sky130_fd_sc_hd__buf_8)
                                                         net114 (net)
                      0.044285    0.000327    1.132578 ^ load_slew113/A (sky130_fd_sc_hd__buf_8)
     4    0.018452    0.031845    0.071691    1.204268 ^ load_slew113/X (sky130_fd_sc_hd__buf_8)
                                                         net113 (net)
                      0.031846    0.000197    1.204465 ^ _714_/A2 (sky130_fd_sc_hd__o21a_4)
     2    0.012028    0.038651    0.086697    1.291163 ^ _714_/X (sky130_fd_sc_hd__o21a_4)
                                                         _061_ (net)
                      0.038651    0.000130    1.291293 ^ _715_/A (sky130_fd_sc_hd__nand2_4)
     2    0.010927    0.027814    0.030947    1.322240 v _715_/Y (sky130_fd_sc_hd__nand2_4)
                                                         _062_ (net)
                      0.027814    0.000087    1.322327 v rebuffer130/A (sky130_fd_sc_hd__buf_2)
     3    0.018579    0.039779    0.101510    1.423837 v rebuffer130/X (sky130_fd_sc_hd__buf_2)
                                                         net130 (net)
                      0.039779    0.000154    1.423992 v _723_/B1 (sky130_fd_sc_hd__o2111a_2)
     1    0.009037    0.040657    0.117590    1.541582 v _723_/X (sky130_fd_sc_hd__o2111a_2)
                                                         _070_ (net)
                      0.040657    0.000085    1.541667 v _414_/A2 (sky130_fd_sc_hd__a21oi_4)
     3    0.025589    0.163123    0.175804    1.717471 ^ _414_/Y (sky130_fd_sc_hd__a21oi_4)
                                                         _143_ (net)
                      0.163123    0.000395    1.717867 ^ _415_/A (sky130_fd_sc_hd__nand3_4)
     3    0.023401    0.083062    0.083603    1.801469 v _415_/Y (sky130_fd_sc_hd__nand3_4)
                                                         _144_ (net)
                      0.083062    0.000533    1.802002 v _574_/B2 (sky130_fd_sc_hd__o221ai_4)
     3    0.027483    0.202033    0.193422    1.995425 ^ _574_/Y (sky130_fd_sc_hd__o221ai_4)
                                                         _291_ (net)
                      0.202035    0.001196    1.996621 ^ _577_/B (sky130_fd_sc_hd__nand2_4)
     5    0.021853    0.060070    0.058125    2.054745 v _577_/Y (sky130_fd_sc_hd__nand2_4)
                                                         _294_ (net)
                      0.060089    0.000246    2.054991 v _603_/A1 (sky130_fd_sc_hd__a21o_2)
     1    0.008097    0.034197    0.143550    2.198541 v _603_/X (sky130_fd_sc_hd__a21o_2)
                                                         _318_ (net)
                      0.034197    0.000074    2.198616 v _604_/A2 (sky130_fd_sc_hd__o21ai_4)
     1    0.007213    0.084149    0.091305    2.289921 ^ _604_/Y (sky130_fd_sc_hd__o21ai_4)
                                                         net89 (net)
                      0.084149    0.000114    2.290035 ^ output89/A (sky130_fd_sc_hd__buf_6)
     1    0.034237    0.057774    0.100558    2.390593 ^ output89/X (sky130_fd_sc_hd__buf_6)
                                                         S[30] (net)
                      0.057774    0.000291    2.390884 ^ S[30] (out)
                                              2.390884   data arrival time

                      0.000000    4.000000    4.000000   clock __VIRTUAL_CLK__ (rise edge)
                                  0.000000    4.000000   clock network delay (ideal)
                                 -0.250000    3.750000   clock uncertainty
                                  0.000000    3.750000   clock reconvergence pessimism
                                 -0.800000    2.950000   output external delay
                                              2.950000   data required time
---------------------------------------------------------------------------------------------
                                              2.950000   data required time
                                             -2.390884   data arrival time
---------------------------------------------------------------------------------------------
                                              0.559116   slack (MET)


Startpoint: sub (input port clocked by __VIRTUAL_CLK__)
Endpoint: S[24] (output port clocked by __VIRTUAL_CLK__)
Path Group: __VIRTUAL_CLK__
Path Type: max

Fanout         Cap        Slew       Delay        Time   Description
---------------------------------------------------------------------------------------------
                      0.000000    0.000000    0.000000   clock __VIRTUAL_CLK__ (rise edge)
                                  0.000000    0.000000   clock network delay (ideal)
                                  0.800000    0.800000 v input external delay
     1    0.007823    0.012789    0.007788    0.807788 v sub (in)
                                                         sub (net)
                      0.012790    0.000000    0.807788 v input65/A (sky130_fd_sc_hd__buf_8)
     5    0.038252    0.031802    0.087644    0.895431 v input65/X (sky130_fd_sc_hd__buf_8)
                                                         net65 (net)
                      0.031864    0.001309    0.896740 v fanout106/A (sky130_fd_sc_hd__buf_4)
     7    0.033370    0.042038    0.116397    1.013137 v fanout106/X (sky130_fd_sc_hd__buf_4)
                                                         net106 (net)
                      0.042045    0.000606    1.013743 v fanout104/A (sky130_fd_sc_hd__clkbuf_2)
     4    0.022003    0.061603    0.114409    1.128153 v fanout104/X (sky130_fd_sc_hd__clkbuf_2)
                                                         net104 (net)
                      0.061603    0.000337    1.128489 v load_slew105/A (sky130_fd_sc_hd__buf_6)
     7    0.044300    0.037492    0.114201    1.242690 v load_slew105/X (sky130_fd_sc_hd__buf_6)
                                                         net105 (net)
                      0.037510    0.000808    1.243499 v _364_/A1 (sky130_fd_sc_hd__o21ai_4)
     3    0.012508    0.109297    0.127302    1.370800 ^ _364_/Y (sky130_fd_sc_hd__o21ai_4)
                                                         _093_ (net)
                      0.109297    0.000063    1.370864 ^ _365_/B1 (sky130_fd_sc_hd__a21oi_2)
     2    0.007780    0.051021    0.030405    1.401269 v _365_/Y (sky130_fd_sc_hd__a21oi_2)
                                                         _094_ (net)
                      0.051021    0.000014    1.401283 v _376_/A_N (sky130_fd_sc_hd__nand4b_4)
     2    0.012370    0.073575    0.132701    1.533984 v _376_/Y (sky130_fd_sc_hd__nand4b_4)
                                                         _105_ (net)
                      0.073576    0.000193    1.534177 v _377_/A (sky130_fd_sc_hd__nor2_4)
     3    0.024977    0.128581    0.148725    1.682902 ^ _377_/Y (sky130_fd_sc_hd__nor2_4)
                                                         _106_ (net)
                      0.128582    0.000267    1.683170 ^ _410_/B (sky130_fd_sc_hd__nand4_4)
     3    0.016482    0.080321    0.088763    1.771932 v _410_/Y (sky130_fd_sc_hd__nand4_4)
                                                         _139_ (net)
                      0.080321    0.000266    1.772198 v _415_/C (sky130_fd_sc_hd__nand3_4)
     3    0.025759    0.087833    0.110663    1.882862 ^ _415_/Y (sky130_fd_sc_hd__nand3_4)
                                                         _144_ (net)
                      0.087834    0.000634    1.883496 ^ _424_/B2 (sky130_fd_sc_hd__o22ai_4)
     3    0.015959    0.062253    0.047261    1.930757 v _424_/Y (sky130_fd_sc_hd__o22ai_4)
                                                         _153_ (net)
                      0.062253    0.000195    1.930951 v rebuffer126/A (sky130_fd_sc_hd__buf_2)
     1    0.005078    0.020919    0.093540    2.024492 v rebuffer126/X (sky130_fd_sc_hd__buf_2)
                                                         net126 (net)
                      0.020919    0.000066    2.024557 v _530_/A1 (sky130_fd_sc_hd__o211ai_2)
     1    0.002598    0.081593    0.100694    2.125251 ^ _530_/Y (sky130_fd_sc_hd__o211ai_2)
                                                         _251_ (net)
                      0.081593    0.000033    2.125285 ^ _531_/B (sky130_fd_sc_hd__and2_2)
     1    0.003789    0.028363    0.098027    2.223312 ^ _531_/X (sky130_fd_sc_hd__and2_2)
                                                         net82 (net)
                      0.028363    0.000054    2.223366 ^ output82/A (sky130_fd_sc_hd__clkbuf_2)
     1    0.035415    0.149914    0.155541    2.378907 ^ output82/X (sky130_fd_sc_hd__clkbuf_2)
                                                         S[24] (net)
                      0.149919    0.000730    2.379637 ^ S[24] (out)
                                              2.379637   data arrival time

                      0.000000    4.000000    4.000000   clock __VIRTUAL_CLK__ (rise edge)
                                  0.000000    4.000000   clock network delay (ideal)
                                 -0.250000    3.750000   clock uncertainty
                                  0.000000    3.750000   clock reconvergence pessimism
                                 -0.800000    2.950000   output external delay
                                              2.950000   data required time
---------------------------------------------------------------------------------------------
                                              2.950000   data required time
                                             -2.379637   data arrival time
---------------------------------------------------------------------------------------------
                                              0.570363   slack (MET)


Startpoint: sub (input port clocked by __VIRTUAL_CLK__)
Endpoint: S[15] (output port clocked by __VIRTUAL_CLK__)
Path Group: __VIRTUAL_CLK__
Path Type: max

Fanout         Cap        Slew       Delay        Time   Description
---------------------------------------------------------------------------------------------
                      0.000000    0.000000    0.000000   clock __VIRTUAL_CLK__ (rise edge)
                                  0.000000    0.000000   clock network delay (ideal)
                                  0.800000    0.800000 v input external delay
     1    0.007823    0.012789    0.007788    0.807788 v sub (in)
                                                         sub (net)
                      0.012790    0.000000    0.807788 v input65/A (sky130_fd_sc_hd__buf_8)
     5    0.038252    0.031802    0.087644    0.895431 v input65/X (sky130_fd_sc_hd__buf_8)
                                                         net65 (net)
                      0.031864    0.001309    0.896740 v fanout106/A (sky130_fd_sc_hd__buf_4)
     7    0.033370    0.042038    0.116397    1.013137 v fanout106/X (sky130_fd_sc_hd__buf_4)
                                                         net106 (net)
                      0.042045    0.000606    1.013743 v fanout104/A (sky130_fd_sc_hd__clkbuf_2)
     4    0.022003    0.061603    0.114409    1.128153 v fanout104/X (sky130_fd_sc_hd__clkbuf_2)
                                                         net104 (net)
                      0.061603    0.000337    1.128489 v load_slew105/A (sky130_fd_sc_hd__buf_6)
     7    0.044300    0.037492    0.114201    1.242690 v load_slew105/X (sky130_fd_sc_hd__buf_6)
                                                         net105 (net)
                      0.037510    0.000808    1.243499 v _364_/A1 (sky130_fd_sc_hd__o21ai_4)
     3    0.012508    0.109297    0.127302    1.370800 ^ _364_/Y (sky130_fd_sc_hd__o21ai_4)
                                                         _093_ (net)
                      0.109297    0.000063    1.370864 ^ _365_/B1 (sky130_fd_sc_hd__a21oi_2)
     2    0.007780    0.051021    0.030405    1.401269 v _365_/Y (sky130_fd_sc_hd__a21oi_2)
                                                         _094_ (net)
                      0.051021    0.000014    1.401283 v _376_/A_N (sky130_fd_sc_hd__nand4b_4)
     2    0.012370    0.073575    0.132701    1.533984 v _376_/Y (sky130_fd_sc_hd__nand4b_4)
                                                         _105_ (net)
                      0.073576    0.000193    1.534177 v _377_/A (sky130_fd_sc_hd__nor2_4)
     3    0.024977    0.128581    0.148725    1.682902 ^ _377_/Y (sky130_fd_sc_hd__nor2_4)
                                                         _106_ (net)
                      0.128582    0.000267    1.683170 ^ _410_/B (sky130_fd_sc_hd__nand4_4)
     3    0.016482    0.080321    0.088763    1.771932 v _410_/Y (sky130_fd_sc_hd__nand4_4)
                                                         _139_ (net)
                      0.080321    0.000292    1.772224 v rebuffer258/A (sky130_fd_sc_hd__buf_2)
     1    0.004799    0.020901    0.100735    1.872959 v rebuffer258/X (sky130_fd_sc_hd__buf_2)
                                                         net258 (net)
                      0.020901    0.000028    1.872988 v rebuffer146/A (sky130_fd_sc_hd__buf_6)
     1    0.008641    0.018251    0.073032    1.946019 v rebuffer146/X (sky130_fd_sc_hd__buf_6)
                                                         net146 (net)
                      0.018251    0.000084    1.946103 v _640_/A (sky130_fd_sc_hd__nand4_4)
     3    0.014163    0.076087    0.050762    1.996865 ^ _640_/Y (sky130_fd_sc_hd__nand4_4)
                                                         _341_ (net)
                      0.076088    0.000313    1.997179 ^ _646_/A1 (sky130_fd_sc_hd__a21o_2)
     2    0.007551    0.036823    0.092302    2.089481 ^ _646_/X (sky130_fd_sc_hd__a21o_2)
                                                         _345_ (net)
                      0.036823    0.000079    2.089560 ^ _648_/A (sky130_fd_sc_hd__and4_2)
     1    0.009675    0.056738    0.138744    2.228304 ^ _648_/X (sky130_fd_sc_hd__and4_2)
                                                         _346_ (net)
                      0.056738    0.000100    2.228405 ^ _650_/A (sky130_fd_sc_hd__nor2_4)
     1    0.003308    0.022076    0.023040    2.251444 v _650_/Y (sky130_fd_sc_hd__nor2_4)
                                                         net72 (net)
                      0.022076    0.000043    2.251487 v output72/A (sky130_fd_sc_hd__buf_4)
     1    0.035266    0.043416    0.113925    2.365413 v output72/X (sky130_fd_sc_hd__buf_4)
                                                         S[15] (net)
                      0.043416    0.000259    2.365672 v S[15] (out)
                                              2.365672   data arrival time

                      0.000000    4.000000    4.000000   clock __VIRTUAL_CLK__ (rise edge)
                                  0.000000    4.000000   clock network delay (ideal)
                                 -0.250000    3.750000   clock uncertainty
                                  0.000000    3.750000   clock reconvergence pessimism
                                 -0.800000    2.950000   output external delay
                                              2.950000   data required time
---------------------------------------------------------------------------------------------
                                              2.950000   data required time
                                             -2.365672   data arrival time
---------------------------------------------------------------------------------------------
                                              0.584328   slack (MET)


Startpoint: sub (input port clocked by __VIRTUAL_CLK__)
Endpoint: S[27] (output port clocked by __VIRTUAL_CLK__)
Path Group: __VIRTUAL_CLK__
Path Type: max

Fanout         Cap        Slew       Delay        Time   Description
---------------------------------------------------------------------------------------------
                      0.000000    0.000000    0.000000   clock __VIRTUAL_CLK__ (rise edge)
                                  0.000000    0.000000   clock network delay (ideal)
                                  0.800000    0.800000 v input external delay
     1    0.007823    0.012789    0.007788    0.807788 v sub (in)
                                                         sub (net)
                      0.012790    0.000000    0.807788 v input65/A (sky130_fd_sc_hd__buf_8)
     5    0.038252    0.031802    0.087644    0.895431 v input65/X (sky130_fd_sc_hd__buf_8)
                                                         net65 (net)
                      0.031864    0.001309    0.896740 v fanout106/A (sky130_fd_sc_hd__buf_4)
     7    0.033370    0.042038    0.116397    1.013137 v fanout106/X (sky130_fd_sc_hd__buf_4)
                                                         net106 (net)
                      0.042045    0.000606    1.013743 v fanout104/A (sky130_fd_sc_hd__clkbuf_2)
     4    0.022003    0.061603    0.114409    1.128153 v fanout104/X (sky130_fd_sc_hd__clkbuf_2)
                                                         net104 (net)
                      0.061603    0.000337    1.128489 v load_slew105/A (sky130_fd_sc_hd__buf_6)
     7    0.044300    0.037492    0.114201    1.242690 v load_slew105/X (sky130_fd_sc_hd__buf_6)
                                                         net105 (net)
                      0.037510    0.000808    1.243499 v _364_/A1 (sky130_fd_sc_hd__o21ai_4)
     3    0.012508    0.109297    0.127302    1.370800 ^ _364_/Y (sky130_fd_sc_hd__o21ai_4)
                                                         _093_ (net)
                      0.109297    0.000063    1.370864 ^ _365_/B1 (sky130_fd_sc_hd__a21oi_2)
     2    0.007780    0.051021    0.030405    1.401269 v _365_/Y (sky130_fd_sc_hd__a21oi_2)
                                                         _094_ (net)
                      0.051021    0.000014    1.401283 v _376_/A_N (sky130_fd_sc_hd__nand4b_4)
     2    0.012370    0.073575    0.132701    1.533984 v _376_/Y (sky130_fd_sc_hd__nand4b_4)
                                                         _105_ (net)
                      0.073576    0.000193    1.534177 v _377_/A (sky130_fd_sc_hd__nor2_4)
     3    0.024977    0.128581    0.148725    1.682902 ^ _377_/Y (sky130_fd_sc_hd__nor2_4)
                                                         _106_ (net)
                      0.128582    0.000267    1.683170 ^ _410_/B (sky130_fd_sc_hd__nand4_4)
     3    0.016482    0.080321    0.088763    1.771932 v _410_/Y (sky130_fd_sc_hd__nand4_4)
                                                         _139_ (net)
                      0.080321    0.000266    1.772198 v _415_/C (sky130_fd_sc_hd__nand3_4)
     3    0.025759    0.087833    0.110663    1.882862 ^ _415_/Y (sky130_fd_sc_hd__nand3_4)
                                                         _144_ (net)
                      0.087834    0.000613    1.883475 ^ _520_/B2 (sky130_fd_sc_hd__o221ai_2)
     4    0.018965    0.086511    0.086785    1.970259 v _520_/Y (sky130_fd_sc_hd__o221ai_2)
                                                         _241_ (net)
                      0.086513    0.000334    1.970594 v _559_/A1 (sky130_fd_sc_hd__a21oi_2)
     2    0.011376    0.120374    0.150820    2.121414 ^ _559_/Y (sky130_fd_sc_hd__a21oi_2)
                                                         _277_ (net)
                      0.120374    0.000142    2.121556 ^ _562_/A1 (sky130_fd_sc_hd__o21bai_2)
     1    0.004745    0.037822    0.053636    2.175192 v _562_/Y (sky130_fd_sc_hd__o21bai_2)
                                                         _280_ (net)
                      0.037822    0.000048    2.175240 v _564_/B1 (sky130_fd_sc_hd__o21ai_2)
     1    0.004096    0.070522    0.041287    2.216527 ^ _564_/Y (sky130_fd_sc_hd__o21ai_2)
                                                         net85 (net)
                      0.070522    0.000066    2.216593 ^ output85/A (sky130_fd_sc_hd__clkbuf_4)
     1    0.035341    0.086640    0.145699    2.362292 ^ output85/X (sky130_fd_sc_hd__clkbuf_4)
                                                         S[27] (net)
                      0.086640    0.000378    2.362669 ^ S[27] (out)
                                              2.362669   data arrival time

                      0.000000    4.000000    4.000000   clock __VIRTUAL_CLK__ (rise edge)
                                  0.000000    4.000000   clock network delay (ideal)
                                 -0.250000    3.750000   clock uncertainty
                                  0.000000    3.750000   clock reconvergence pessimism
                                 -0.800000    2.950000   output external delay
                                              2.950000   data required time
---------------------------------------------------------------------------------------------
                                              2.950000   data required time
                                             -2.362669   data arrival time
---------------------------------------------------------------------------------------------
                                              0.587330   slack (MET)


Startpoint: sub (input port clocked by __VIRTUAL_CLK__)
Endpoint: S[14] (output port clocked by __VIRTUAL_CLK__)
Path Group: __VIRTUAL_CLK__
Path Type: max

Fanout         Cap        Slew       Delay        Time   Description
---------------------------------------------------------------------------------------------
                      0.000000    0.000000    0.000000   clock __VIRTUAL_CLK__ (rise edge)
                                  0.000000    0.000000   clock network delay (ideal)
                                  0.800000    0.800000 v input external delay
     1    0.007823    0.012789    0.007788    0.807788 v sub (in)
                                                         sub (net)
                      0.012790    0.000000    0.807788 v input65/A (sky130_fd_sc_hd__buf_8)
     5    0.038252    0.031802    0.087644    0.895431 v input65/X (sky130_fd_sc_hd__buf_8)
                                                         net65 (net)
                      0.031864    0.001309    0.896740 v fanout106/A (sky130_fd_sc_hd__buf_4)
     7    0.033370    0.042038    0.116397    1.013137 v fanout106/X (sky130_fd_sc_hd__buf_4)
                                                         net106 (net)
                      0.042045    0.000606    1.013743 v fanout104/A (sky130_fd_sc_hd__clkbuf_2)
     4    0.022003    0.061603    0.114409    1.128153 v fanout104/X (sky130_fd_sc_hd__clkbuf_2)
                                                         net104 (net)
                      0.061603    0.000337    1.128489 v load_slew105/A (sky130_fd_sc_hd__buf_6)
     7    0.044300    0.037492    0.114201    1.242690 v load_slew105/X (sky130_fd_sc_hd__buf_6)
                                                         net105 (net)
                      0.037510    0.000808    1.243499 v _364_/A1 (sky130_fd_sc_hd__o21ai_4)
     3    0.012508    0.109297    0.127302    1.370800 ^ _364_/Y (sky130_fd_sc_hd__o21ai_4)
                                                         _093_ (net)
                      0.109297    0.000063    1.370864 ^ _365_/B1 (sky130_fd_sc_hd__a21oi_2)
     2    0.007780    0.051021    0.030405    1.401269 v _365_/Y (sky130_fd_sc_hd__a21oi_2)
                                                         _094_ (net)
                      0.051021    0.000014    1.401283 v _376_/A_N (sky130_fd_sc_hd__nand4b_4)
     2    0.012370    0.073575    0.132701    1.533984 v _376_/Y (sky130_fd_sc_hd__nand4b_4)
                                                         _105_ (net)
                      0.073576    0.000193    1.534177 v _377_/A (sky130_fd_sc_hd__nor2_4)
     3    0.024977    0.128581    0.148725    1.682902 ^ _377_/Y (sky130_fd_sc_hd__nor2_4)
                                                         _106_ (net)
                      0.128582    0.000267    1.683170 ^ _410_/B (sky130_fd_sc_hd__nand4_4)
     3    0.016482    0.080321    0.088763    1.771932 v _410_/Y (sky130_fd_sc_hd__nand4_4)
                                                         _139_ (net)
                      0.080321    0.000292    1.772224 v rebuffer258/A (sky130_fd_sc_hd__buf_2)
     1    0.004799    0.020901    0.100735    1.872959 v rebuffer258/X (sky130_fd_sc_hd__buf_2)
                                                         net258 (net)
                      0.020901    0.000028    1.872988 v rebuffer146/A (sky130_fd_sc_hd__buf_6)
     1    0.008641    0.018251    0.073032    1.946019 v rebuffer146/X (sky130_fd_sc_hd__buf_6)
                                                         net146 (net)
                      0.018251    0.000084    1.946103 v _640_/A (sky130_fd_sc_hd__nand4_4)
     3    0.014163    0.076087    0.050762    1.996865 ^ _640_/Y (sky130_fd_sc_hd__nand4_4)
                                                         _341_ (net)
                      0.076088    0.000197    1.997062 ^ _641_/A (sky130_fd_sc_hd__nand2_2)
     1    0.004514    0.028625    0.030752    2.027814 v _641_/Y (sky130_fd_sc_hd__nand2_2)
                                                         _342_ (net)
                      0.028625    0.000026    2.027840 v _645_/A2 (sky130_fd_sc_hd__o211ai_2)
     1    0.008711    0.125503    0.124633    2.152473 ^ _645_/Y (sky130_fd_sc_hd__o211ai_2)
                                                         _344_ (net)
                      0.125503    0.000066    2.152539 ^ _647_/B (sky130_fd_sc_hd__xor2_2)
     1    0.005443    0.089290    0.102087    2.254626 ^ _647_/X (sky130_fd_sc_hd__xor2_2)
                                                         net71 (net)
                      0.089290    0.000059    2.254685 ^ output71/A (sky130_fd_sc_hd__buf_6)
     1    0.035358    0.059395    0.102579    2.357264 ^ output71/X (sky130_fd_sc_hd__buf_6)
                                                         S[14] (net)
                      0.059395    0.000277    2.357541 ^ S[14] (out)
                                              2.357541   data arrival time

                      0.000000    4.000000    4.000000   clock __VIRTUAL_CLK__ (rise edge)
                                  0.000000    4.000000   clock network delay (ideal)
                                 -0.250000    3.750000   clock uncertainty
                                  0.000000    3.750000   clock reconvergence pessimism
                                 -0.800000    2.950000   output external delay
                                              2.950000   data required time
---------------------------------------------------------------------------------------------
                                              2.950000   data required time
                                             -2.357541   data arrival time
---------------------------------------------------------------------------------------------
                                              0.592459   slack (MET)


Startpoint: sub (input port clocked by __VIRTUAL_CLK__)
Endpoint: S[25] (output port clocked by __VIRTUAL_CLK__)
Path Group: __VIRTUAL_CLK__
Path Type: max

Fanout         Cap        Slew       Delay        Time   Description
---------------------------------------------------------------------------------------------
                      0.000000    0.000000    0.000000   clock __VIRTUAL_CLK__ (rise edge)
                                  0.000000    0.000000   clock network delay (ideal)
                                  0.800000    0.800000 ^ input external delay
     1    0.008490    0.033407    0.022474    0.822474 ^ sub (in)
                                                         sub (net)
                      0.033407    0.000000    0.822474 ^ input65/A (sky130_fd_sc_hd__buf_8)
     5    0.039844    0.055623    0.087864    0.910339 ^ input65/X (sky130_fd_sc_hd__buf_8)
                                                         net65 (net)
                      0.055700    0.001756    0.912094 ^ fanout118/A (sky130_fd_sc_hd__buf_8)
     4    0.021824    0.035634    0.077281    0.989376 ^ fanout118/X (sky130_fd_sc_hd__buf_8)
                                                         net118 (net)
                      0.035634    0.000087    0.989462 ^ fanout112/A (sky130_fd_sc_hd__buf_6)
     2    0.011174    0.025883    0.065144    1.054607 ^ fanout112/X (sky130_fd_sc_hd__buf_6)
                                                         net112 (net)
                      0.025884    0.000147    1.054754 ^ load_slew114/A (sky130_fd_sc_hd__buf_8)
     3    0.029870    0.044284    0.077497    1.132251 ^ load_slew114/X (sky130_fd_sc_hd__buf_8)
                                                         net114 (net)
                      0.044285    0.000327    1.132578 ^ load_slew113/A (sky130_fd_sc_hd__buf_8)
     4    0.018452    0.031845    0.071691    1.204268 ^ load_slew113/X (sky130_fd_sc_hd__buf_8)
                                                         net113 (net)
                      0.031846    0.000197    1.204465 ^ _714_/A2 (sky130_fd_sc_hd__o21a_4)
     2    0.012028    0.038651    0.086697    1.291163 ^ _714_/X (sky130_fd_sc_hd__o21a_4)
                                                         _061_ (net)
                      0.038651    0.000130    1.291293 ^ _715_/A (sky130_fd_sc_hd__nand2_4)
     2    0.010927    0.027814    0.030947    1.322240 v _715_/Y (sky130_fd_sc_hd__nand2_4)
                                                         _062_ (net)
                      0.027814    0.000087    1.322327 v rebuffer130/A (sky130_fd_sc_hd__buf_2)
     3    0.018579    0.039779    0.101510    1.423837 v rebuffer130/X (sky130_fd_sc_hd__buf_2)
                                                         net130 (net)
                      0.039779    0.000154    1.423992 v _723_/B1 (sky130_fd_sc_hd__o2111a_2)
     1    0.009037    0.040657    0.117590    1.541582 v _723_/X (sky130_fd_sc_hd__o2111a_2)
                                                         _070_ (net)
                      0.040657    0.000085    1.541667 v _414_/A2 (sky130_fd_sc_hd__a21oi_4)
     3    0.025589    0.163123    0.175804    1.717471 ^ _414_/Y (sky130_fd_sc_hd__a21oi_4)
                                                         _143_ (net)
                      0.163123    0.000395    1.717867 ^ _415_/A (sky130_fd_sc_hd__nand3_4)
     3    0.023401    0.083062    0.083603    1.801469 v _415_/Y (sky130_fd_sc_hd__nand3_4)
                                                         _144_ (net)
                      0.083062    0.000555    1.802024 v _520_/B2 (sky130_fd_sc_hd__o221ai_2)
     4    0.020186    0.215301    0.206223    2.008246 ^ _520_/Y (sky130_fd_sc_hd__o221ai_2)
                                                         _241_ (net)
                      0.215301    0.000451    2.008698 ^ _529_/A1 (sky130_fd_sc_hd__a21o_2)
     2    0.007334    0.038156    0.106597    2.115295 ^ _529_/X (sky130_fd_sc_hd__a21o_2)
                                                         _250_ (net)
                      0.038156    0.000079    2.115373 ^ _538_/B (sky130_fd_sc_hd__nand3b_2)
     1    0.004556    0.042794    0.043857    2.159231 v _538_/Y (sky130_fd_sc_hd__nand3b_2)
                                                         _258_ (net)
                      0.042794    0.000042    2.159272 v _540_/A (sky130_fd_sc_hd__nand2_2)
     1    0.002818    0.029146    0.038741    2.198014 ^ _540_/Y (sky130_fd_sc_hd__nand2_2)
                                                         net83 (net)
                      0.029146    0.000016    2.198030 ^ output83/A (sky130_fd_sc_hd__clkbuf_2)
     1    0.035665    0.150918    0.156501    2.354531 ^ output83/X (sky130_fd_sc_hd__clkbuf_2)
                                                         S[25] (net)
                      0.150923    0.000722    2.355253 ^ S[25] (out)
                                              2.355253   data arrival time

                      0.000000    4.000000    4.000000   clock __VIRTUAL_CLK__ (rise edge)
                                  0.000000    4.000000   clock network delay (ideal)
                                 -0.250000    3.750000   clock uncertainty
                                  0.000000    3.750000   clock reconvergence pessimism
                                 -0.800000    2.950000   output external delay
                                              2.950000   data required time
---------------------------------------------------------------------------------------------
                                              2.950000   data required time
                                             -2.355253   data arrival time
---------------------------------------------------------------------------------------------
                                              0.594747   slack (MET)


Startpoint: sub (input port clocked by __VIRTUAL_CLK__)
Endpoint: S[28] (output port clocked by __VIRTUAL_CLK__)
Path Group: __VIRTUAL_CLK__
Path Type: max

Fanout         Cap        Slew       Delay        Time   Description
---------------------------------------------------------------------------------------------
                      0.000000    0.000000    0.000000   clock __VIRTUAL_CLK__ (rise edge)
                                  0.000000    0.000000   clock network delay (ideal)
                                  0.800000    0.800000 ^ input external delay
     1    0.008490    0.033407    0.022474    0.822474 ^ sub (in)
                                                         sub (net)
                      0.033407    0.000000    0.822474 ^ input65/A (sky130_fd_sc_hd__buf_8)
     5    0.039844    0.055623    0.087864    0.910339 ^ input65/X (sky130_fd_sc_hd__buf_8)
                                                         net65 (net)
                      0.055700    0.001756    0.912094 ^ fanout118/A (sky130_fd_sc_hd__buf_8)
     4    0.021824    0.035634    0.077281    0.989376 ^ fanout118/X (sky130_fd_sc_hd__buf_8)
                                                         net118 (net)
                      0.035634    0.000087    0.989462 ^ fanout112/A (sky130_fd_sc_hd__buf_6)
     2    0.011174    0.025883    0.065144    1.054607 ^ fanout112/X (sky130_fd_sc_hd__buf_6)
                                                         net112 (net)
                      0.025884    0.000147    1.054754 ^ load_slew114/A (sky130_fd_sc_hd__buf_8)
     3    0.029870    0.044284    0.077497    1.132251 ^ load_slew114/X (sky130_fd_sc_hd__buf_8)
                                                         net114 (net)
                      0.044285    0.000327    1.132578 ^ load_slew113/A (sky130_fd_sc_hd__buf_8)
     4    0.018452    0.031845    0.071691    1.204268 ^ load_slew113/X (sky130_fd_sc_hd__buf_8)
                                                         net113 (net)
                      0.031846    0.000197    1.204465 ^ _714_/A2 (sky130_fd_sc_hd__o21a_4)
     2    0.012028    0.038651    0.086697    1.291163 ^ _714_/X (sky130_fd_sc_hd__o21a_4)
                                                         _061_ (net)
                      0.038651    0.000130    1.291293 ^ _715_/A (sky130_fd_sc_hd__nand2_4)
     2    0.010927    0.027814    0.030947    1.322240 v _715_/Y (sky130_fd_sc_hd__nand2_4)
                                                         _062_ (net)
                      0.027814    0.000087    1.322327 v rebuffer130/A (sky130_fd_sc_hd__buf_2)
     3    0.018579    0.039779    0.101510    1.423837 v rebuffer130/X (sky130_fd_sc_hd__buf_2)
                                                         net130 (net)
                      0.039779    0.000154    1.423992 v _723_/B1 (sky130_fd_sc_hd__o2111a_2)
     1    0.009037    0.040657    0.117590    1.541582 v _723_/X (sky130_fd_sc_hd__o2111a_2)
                                                         _070_ (net)
                      0.040657    0.000085    1.541667 v _414_/A2 (sky130_fd_sc_hd__a21oi_4)
     3    0.025589    0.163123    0.175804    1.717471 ^ _414_/Y (sky130_fd_sc_hd__a21oi_4)
                                                         _143_ (net)
                      0.163123    0.000395    1.717867 ^ _415_/A (sky130_fd_sc_hd__nand3_4)
     3    0.023401    0.083062    0.083603    1.801469 v _415_/Y (sky130_fd_sc_hd__nand3_4)
                                                         _144_ (net)
                      0.083062    0.000533    1.802002 v _574_/B2 (sky130_fd_sc_hd__o221ai_4)
     3    0.027483    0.202033    0.193422    1.995425 ^ _574_/Y (sky130_fd_sc_hd__o221ai_4)
                                                         _291_ (net)
                      0.202035    0.001196    1.996621 ^ _577_/B (sky130_fd_sc_hd__nand2_4)
     5    0.021853    0.060070    0.058125    2.054745 v _577_/Y (sky130_fd_sc_hd__nand2_4)
                                                         _294_ (net)
                      0.060088    0.000141    2.054887 v _580_/B1 (sky130_fd_sc_hd__a21o_2)
     1    0.002717    0.024292    0.095545    2.150431 v _580_/X (sky130_fd_sc_hd__a21o_2)
                                                         _297_ (net)
                      0.024292    0.000026    2.150457 v _581_/B (sky130_fd_sc_hd__and2b_4)
     1    0.005426    0.025392    0.105463    2.255920 v _581_/X (sky130_fd_sc_hd__and2b_4)
                                                         net86 (net)
                      0.025392    0.000053    2.255973 v output86/A (sky130_fd_sc_hd__buf_6)
     1    0.034805    0.032375    0.093134    2.349108 v output86/X (sky130_fd_sc_hd__buf_6)
                                                         S[28] (net)
                      0.032375    0.000223    2.349331 v S[28] (out)
                                              2.349331   data arrival time

                      0.000000    4.000000    4.000000   clock __VIRTUAL_CLK__ (rise edge)
                                  0.000000    4.000000   clock network delay (ideal)
                                 -0.250000    3.750000   clock uncertainty
                                  0.000000    3.750000   clock reconvergence pessimism
                                 -0.800000    2.950000   output external delay
                                              2.950000   data required time
---------------------------------------------------------------------------------------------
                                              2.950000   data required time
                                             -2.349331   data arrival time
---------------------------------------------------------------------------------------------
                                              0.600669   slack (MET)


Startpoint: sub (input port clocked by __VIRTUAL_CLK__)
Endpoint: S[16] (output port clocked by __VIRTUAL_CLK__)
Path Group: __VIRTUAL_CLK__
Path Type: max

Fanout         Cap        Slew       Delay        Time   Description
---------------------------------------------------------------------------------------------
                      0.000000    0.000000    0.000000   clock __VIRTUAL_CLK__ (rise edge)
                                  0.000000    0.000000   clock network delay (ideal)
                                  0.800000    0.800000 ^ input external delay
     1    0.008490    0.033407    0.022474    0.822474 ^ sub (in)
                                                         sub (net)
                      0.033407    0.000000    0.822474 ^ input65/A (sky130_fd_sc_hd__buf_8)
     5    0.039844    0.055623    0.087864    0.910339 ^ input65/X (sky130_fd_sc_hd__buf_8)
                                                         net65 (net)
                      0.055700    0.001756    0.912094 ^ fanout118/A (sky130_fd_sc_hd__buf_8)
     4    0.021824    0.035634    0.077281    0.989376 ^ fanout118/X (sky130_fd_sc_hd__buf_8)
                                                         net118 (net)
                      0.035634    0.000087    0.989462 ^ fanout112/A (sky130_fd_sc_hd__buf_6)
     2    0.011174    0.025883    0.065144    1.054607 ^ fanout112/X (sky130_fd_sc_hd__buf_6)
                                                         net112 (net)
                      0.025884    0.000147    1.054754 ^ load_slew114/A (sky130_fd_sc_hd__buf_8)
     3    0.029870    0.044284    0.077497    1.132251 ^ load_slew114/X (sky130_fd_sc_hd__buf_8)
                                                         net114 (net)
                      0.044285    0.000327    1.132578 ^ load_slew113/A (sky130_fd_sc_hd__buf_8)
     4    0.018452    0.031845    0.071691    1.204268 ^ load_slew113/X (sky130_fd_sc_hd__buf_8)
                                                         net113 (net)
                      0.031846    0.000197    1.204465 ^ _714_/A2 (sky130_fd_sc_hd__o21a_4)
     2    0.012028    0.038651    0.086697    1.291163 ^ _714_/X (sky130_fd_sc_hd__o21a_4)
                                                         _061_ (net)
                      0.038651    0.000130    1.291293 ^ _715_/A (sky130_fd_sc_hd__nand2_4)
     2    0.010927    0.027814    0.030947    1.322240 v _715_/Y (sky130_fd_sc_hd__nand2_4)
                                                         _062_ (net)
                      0.027814    0.000087    1.322327 v rebuffer130/A (sky130_fd_sc_hd__buf_2)
     3    0.018579    0.039779    0.101510    1.423837 v rebuffer130/X (sky130_fd_sc_hd__buf_2)
                                                         net130 (net)
                      0.039779    0.000154    1.423992 v _723_/B1 (sky130_fd_sc_hd__o2111a_2)
     1    0.009037    0.040657    0.117590    1.541582 v _723_/X (sky130_fd_sc_hd__o2111a_2)
                                                         _070_ (net)
                      0.040657    0.000085    1.541667 v _414_/A2 (sky130_fd_sc_hd__a21oi_4)
     3    0.025589    0.163123    0.175804    1.717471 ^ _414_/Y (sky130_fd_sc_hd__a21oi_4)
                                                         _143_ (net)
                      0.163123    0.000395    1.717867 ^ _415_/A (sky130_fd_sc_hd__nand3_4)
     3    0.023401    0.083062    0.083603    1.801469 v _415_/Y (sky130_fd_sc_hd__nand3_4)
                                                         _144_ (net)
                      0.083063    0.000574    1.802043 v _424_/B2 (sky130_fd_sc_hd__o22ai_4)
     3    0.017008    0.133591    0.128123    1.930165 ^ _424_/Y (sky130_fd_sc_hd__o22ai_4)
                                                         _153_ (net)
                      0.133591    0.000147    1.930312 ^ rebuffer244/A (sky130_fd_sc_hd__buf_2)
     2    0.008150    0.038350    0.101201    2.031513 ^ rebuffer244/X (sky130_fd_sc_hd__buf_2)
                                                         net244 (net)
                      0.038350    0.000179    2.031692 ^ rebuffer127/A (sky130_fd_sc_hd__buf_2)
     1    0.008598    0.038000    0.079898    2.111589 ^ rebuffer127/X (sky130_fd_sc_hd__buf_2)
                                                         net127 (net)
                      0.038000    0.000063    2.111652 ^ _425_/B (sky130_fd_sc_hd__xor2_2)
     1    0.010105    0.125546    0.127768    2.239420 ^ _425_/X (sky130_fd_sc_hd__xor2_2)
                                                         net73 (net)
                      0.125546    0.000346    2.239766 ^ output73/A (sky130_fd_sc_hd__buf_6)
     1    0.035062    0.059383    0.107554    2.347320 ^ output73/X (sky130_fd_sc_hd__buf_6)
                                                         S[16] (net)
                      0.059386    0.000510    2.347830 ^ S[16] (out)
                                              2.347830   data arrival time

                      0.000000    4.000000    4.000000   clock __VIRTUAL_CLK__ (rise edge)
                                  0.000000    4.000000   clock network delay (ideal)
                                 -0.250000    3.750000   clock uncertainty
                                  0.000000    3.750000   clock reconvergence pessimism
                                 -0.800000    2.950000   output external delay
                                              2.950000   data required time
---------------------------------------------------------------------------------------------
                                              2.950000   data required time
                                             -2.347830   data arrival time
---------------------------------------------------------------------------------------------
                                              0.602170   slack (MET)


Startpoint: sub (input port clocked by __VIRTUAL_CLK__)
Endpoint: S[13] (output port clocked by __VIRTUAL_CLK__)
Path Group: __VIRTUAL_CLK__
Path Type: max

Fanout         Cap        Slew       Delay        Time   Description
---------------------------------------------------------------------------------------------
                      0.000000    0.000000    0.000000   clock __VIRTUAL_CLK__ (rise edge)
                                  0.000000    0.000000   clock network delay (ideal)
                                  0.800000    0.800000 v input external delay
     1    0.007823    0.012789    0.007788    0.807788 v sub (in)
                                                         sub (net)
                      0.012790    0.000000    0.807788 v input65/A (sky130_fd_sc_hd__buf_8)
     5    0.038252    0.031802    0.087644    0.895431 v input65/X (sky130_fd_sc_hd__buf_8)
                                                         net65 (net)
                      0.031864    0.001309    0.896740 v fanout106/A (sky130_fd_sc_hd__buf_4)
     7    0.033370    0.042038    0.116397    1.013137 v fanout106/X (sky130_fd_sc_hd__buf_4)
                                                         net106 (net)
                      0.042045    0.000606    1.013743 v fanout104/A (sky130_fd_sc_hd__clkbuf_2)
     4    0.022003    0.061603    0.114409    1.128153 v fanout104/X (sky130_fd_sc_hd__clkbuf_2)
                                                         net104 (net)
                      0.061603    0.000337    1.128489 v load_slew105/A (sky130_fd_sc_hd__buf_6)
     7    0.044300    0.037492    0.114201    1.242690 v load_slew105/X (sky130_fd_sc_hd__buf_6)
                                                         net105 (net)
                      0.037510    0.000808    1.243499 v _364_/A1 (sky130_fd_sc_hd__o21ai_4)
     3    0.012508    0.109297    0.127302    1.370800 ^ _364_/Y (sky130_fd_sc_hd__o21ai_4)
                                                         _093_ (net)
                      0.109297    0.000063    1.370864 ^ _365_/B1 (sky130_fd_sc_hd__a21oi_2)
     2    0.007780    0.051021    0.030405    1.401269 v _365_/Y (sky130_fd_sc_hd__a21oi_2)
                                                         _094_ (net)
                      0.051021    0.000014    1.401283 v _376_/A_N (sky130_fd_sc_hd__nand4b_4)
     2    0.012370    0.073575    0.132701    1.533984 v _376_/Y (sky130_fd_sc_hd__nand4b_4)
                                                         _105_ (net)
                      0.073576    0.000193    1.534177 v _377_/A (sky130_fd_sc_hd__nor2_4)
     3    0.024977    0.128581    0.148725    1.682902 ^ _377_/Y (sky130_fd_sc_hd__nor2_4)
                                                         _106_ (net)
                      0.128582    0.000267    1.683170 ^ _410_/B (sky130_fd_sc_hd__nand4_4)
     3    0.016482    0.080321    0.088763    1.771932 v _410_/Y (sky130_fd_sc_hd__nand4_4)
                                                         _139_ (net)
                      0.080321    0.000292    1.772224 v rebuffer258/A (sky130_fd_sc_hd__buf_2)
     1    0.004799    0.020901    0.100735    1.872959 v rebuffer258/X (sky130_fd_sc_hd__buf_2)
                                                         net258 (net)
                      0.020901    0.000028    1.872988 v rebuffer146/A (sky130_fd_sc_hd__buf_6)
     1    0.008641    0.018251    0.073032    1.946019 v rebuffer146/X (sky130_fd_sc_hd__buf_6)
                                                         net146 (net)
                      0.018251    0.000084    1.946103 v _640_/A (sky130_fd_sc_hd__nand4_4)
     3    0.014163    0.076087    0.050762    1.996865 ^ _640_/Y (sky130_fd_sc_hd__nand4_4)
                                                         _341_ (net)
                      0.076088    0.000252    1.997118 ^ rebuffer257/A (sky130_fd_sc_hd__buf_4)
     2    0.016544    0.042454    0.096771    2.093889 ^ rebuffer257/X (sky130_fd_sc_hd__buf_4)
                                                         net257 (net)
                      0.042454    0.000245    2.094134 ^ _643_/B1 (sky130_fd_sc_hd__a22o_4)
     1    0.008653    0.030489    0.071428    2.165562 ^ _643_/X (sky130_fd_sc_hd__a22o_4)
                                                         _343_ (net)
                      0.030489    0.000077    2.165639 ^ _644_/B (sky130_fd_sc_hd__xnor2_2)
     1    0.005449    0.097152    0.069781    2.235420 ^ _644_/Y (sky130_fd_sc_hd__xnor2_2)
                                                         net70 (net)
                      0.097152    0.000057    2.235476 ^ output70/A (sky130_fd_sc_hd__buf_6)
     1    0.034933    0.058877    0.103407    2.338883 ^ output70/X (sky130_fd_sc_hd__buf_6)
                                                         S[13] (net)
                      0.058877    0.000235    2.339118 ^ S[13] (out)
                                              2.339118   data arrival time

                      0.000000    4.000000    4.000000   clock __VIRTUAL_CLK__ (rise edge)
                                  0.000000    4.000000   clock network delay (ideal)
                                 -0.250000    3.750000   clock uncertainty
                                  0.000000    3.750000   clock reconvergence pessimism
                                 -0.800000    2.950000   output external delay
                                              2.950000   data required time
---------------------------------------------------------------------------------------------
                                              2.950000   data required time
                                             -2.339118   data arrival time
---------------------------------------------------------------------------------------------
                                              0.610882   slack (MET)


Startpoint: sub (input port clocked by __VIRTUAL_CLK__)
Endpoint: S[31] (output port clocked by __VIRTUAL_CLK__)
Path Group: __VIRTUAL_CLK__
Path Type: max

Fanout         Cap        Slew       Delay        Time   Description
---------------------------------------------------------------------------------------------
                      0.000000    0.000000    0.000000   clock __VIRTUAL_CLK__ (rise edge)
                                  0.000000    0.000000   clock network delay (ideal)
                                  0.800000    0.800000 v input external delay
     1    0.007823    0.012789    0.007788    0.807788 v sub (in)
                                                         sub (net)
                      0.012790    0.000000    0.807788 v input65/A (sky130_fd_sc_hd__buf_8)
     5    0.038252    0.031802    0.087644    0.895431 v input65/X (sky130_fd_sc_hd__buf_8)
                                                         net65 (net)
                      0.031864    0.001309    0.896740 v fanout106/A (sky130_fd_sc_hd__buf_4)
     7    0.033370    0.042038    0.116397    1.013137 v fanout106/X (sky130_fd_sc_hd__buf_4)
                                                         net106 (net)
                      0.042045    0.000606    1.013743 v fanout104/A (sky130_fd_sc_hd__clkbuf_2)
     4    0.022003    0.061603    0.114409    1.128153 v fanout104/X (sky130_fd_sc_hd__clkbuf_2)
                                                         net104 (net)
                      0.061603    0.000337    1.128489 v load_slew105/A (sky130_fd_sc_hd__buf_6)
     7    0.044300    0.037492    0.114201    1.242690 v load_slew105/X (sky130_fd_sc_hd__buf_6)
                                                         net105 (net)
                      0.037510    0.000808    1.243499 v _364_/A1 (sky130_fd_sc_hd__o21ai_4)
     3    0.012508    0.109297    0.127302    1.370800 ^ _364_/Y (sky130_fd_sc_hd__o21ai_4)
                                                         _093_ (net)
                      0.109297    0.000063    1.370864 ^ _365_/B1 (sky130_fd_sc_hd__a21oi_2)
     2    0.007780    0.051021    0.030405    1.401269 v _365_/Y (sky130_fd_sc_hd__a21oi_2)
                                                         _094_ (net)
                      0.051021    0.000014    1.401283 v _376_/A_N (sky130_fd_sc_hd__nand4b_4)
     2    0.012370    0.073575    0.132701    1.533984 v _376_/Y (sky130_fd_sc_hd__nand4b_4)
                                                         _105_ (net)
                      0.073576    0.000193    1.534177 v _377_/A (sky130_fd_sc_hd__nor2_4)
     3    0.024977    0.128581    0.148725    1.682902 ^ _377_/Y (sky130_fd_sc_hd__nor2_4)
                                                         _106_ (net)
                      0.128582    0.000267    1.683170 ^ _410_/B (sky130_fd_sc_hd__nand4_4)
     3    0.016482    0.080321    0.088763    1.771932 v _410_/Y (sky130_fd_sc_hd__nand4_4)
                                                         _139_ (net)
                      0.080321    0.000266    1.772198 v _415_/C (sky130_fd_sc_hd__nand3_4)
     3    0.025759    0.087833    0.110663    1.882862 ^ _415_/Y (sky130_fd_sc_hd__nand3_4)
                                                         _144_ (net)
                      0.087834    0.000590    1.883452 ^ _574_/B2 (sky130_fd_sc_hd__o221ai_4)
     3    0.025821    0.087060    0.081983    1.965434 v _574_/Y (sky130_fd_sc_hd__o221ai_4)
                                                         _291_ (net)
                      0.087082    0.001115    1.966549 v _577_/B (sky130_fd_sc_hd__nand2_4)
     5    0.023084    0.067900    0.096765    2.063315 ^ _577_/Y (sky130_fd_sc_hd__nand2_4)
                                                         _294_ (net)
                      0.067902    0.000413    2.063727 ^ _605_/A (sky130_fd_sc_hd__nand4_2)
     1    0.008587    0.066994    0.061732    2.125459 v _605_/Y (sky130_fd_sc_hd__nand4_2)
                                                         _319_ (net)
                      0.066994    0.000093    2.125553 v _614_/A1 (sky130_fd_sc_hd__a22oi_4)
     1    0.007001    0.076258    0.100041    2.225594 ^ _614_/Y (sky130_fd_sc_hd__a22oi_4)
                                                         net90 (net)
                      0.076258    0.000130    2.225724 ^ output90/A (sky130_fd_sc_hd__buf_6)
     1    0.034329    0.057822    0.099380    2.325104 ^ output90/X (sky130_fd_sc_hd__buf_6)
                                                         S[31] (net)
                      0.057823    0.000318    2.325422 ^ S[31] (out)
                                              2.325422   data arrival time

                      0.000000    4.000000    4.000000   clock __VIRTUAL_CLK__ (rise edge)
                                  0.000000    4.000000   clock network delay (ideal)
                                 -0.250000    3.750000   clock uncertainty
                                  0.000000    3.750000   clock reconvergence pessimism
                                 -0.800000    2.950000   output external delay
                                              2.950000   data required time
---------------------------------------------------------------------------------------------
                                              2.950000   data required time
                                             -2.325422   data arrival time
---------------------------------------------------------------------------------------------
                                              0.624578   slack (MET)


Startpoint: sub (input port clocked by __VIRTUAL_CLK__)
Endpoint: carryOut (output port clocked by __VIRTUAL_CLK__)
Path Group: __VIRTUAL_CLK__
Path Type: max

Fanout         Cap        Slew       Delay        Time   Description
---------------------------------------------------------------------------------------------
                      0.000000    0.000000    0.000000   clock __VIRTUAL_CLK__ (rise edge)
                                  0.000000    0.000000   clock network delay (ideal)
                                  0.800000    0.800000 ^ input external delay
     1    0.008490    0.033407    0.022474    0.822474 ^ sub (in)
                                                         sub (net)
                      0.033407    0.000000    0.822474 ^ input65/A (sky130_fd_sc_hd__buf_8)
     5    0.039844    0.055623    0.087864    0.910339 ^ input65/X (sky130_fd_sc_hd__buf_8)
                                                         net65 (net)
                      0.055700    0.001756    0.912094 ^ fanout118/A (sky130_fd_sc_hd__buf_8)
     4    0.021824    0.035634    0.077281    0.989376 ^ fanout118/X (sky130_fd_sc_hd__buf_8)
                                                         net118 (net)
                      0.035634    0.000087    0.989462 ^ fanout112/A (sky130_fd_sc_hd__buf_6)
     2    0.011174    0.025883    0.065144    1.054607 ^ fanout112/X (sky130_fd_sc_hd__buf_6)
                                                         net112 (net)
                      0.025884    0.000147    1.054754 ^ load_slew114/A (sky130_fd_sc_hd__buf_8)
     3    0.029870    0.044284    0.077497    1.132251 ^ load_slew114/X (sky130_fd_sc_hd__buf_8)
                                                         net114 (net)
                      0.044285    0.000327    1.132578 ^ load_slew113/A (sky130_fd_sc_hd__buf_8)
     4    0.018452    0.031845    0.071691    1.204268 ^ load_slew113/X (sky130_fd_sc_hd__buf_8)
                                                         net113 (net)
                      0.031846    0.000197    1.204465 ^ _714_/A2 (sky130_fd_sc_hd__o21a_4)
     2    0.012028    0.038651    0.086697    1.291163 ^ _714_/X (sky130_fd_sc_hd__o21a_4)
                                                         _061_ (net)
                      0.038651    0.000130    1.291293 ^ _715_/A (sky130_fd_sc_hd__nand2_4)
     2    0.010927    0.027814    0.030947    1.322240 v _715_/Y (sky130_fd_sc_hd__nand2_4)
                                                         _062_ (net)
                      0.027814    0.000087    1.322327 v rebuffer130/A (sky130_fd_sc_hd__buf_2)
     3    0.018579    0.039779    0.101510    1.423837 v rebuffer130/X (sky130_fd_sc_hd__buf_2)
                                                         net130 (net)
                      0.039779    0.000154    1.423992 v _723_/B1 (sky130_fd_sc_hd__o2111a_2)
     1    0.009037    0.040657    0.117590    1.541582 v _723_/X (sky130_fd_sc_hd__o2111a_2)
                                                         _070_ (net)
                      0.040657    0.000085    1.541667 v _414_/A2 (sky130_fd_sc_hd__a21oi_4)
     3    0.025589    0.163123    0.175804    1.717471 ^ _414_/Y (sky130_fd_sc_hd__a21oi_4)
                                                         _143_ (net)
                      0.163123    0.000395    1.717867 ^ _415_/A (sky130_fd_sc_hd__nand3_4)
     3    0.023401    0.083062    0.083603    1.801469 v _415_/Y (sky130_fd_sc_hd__nand3_4)
                                                         _144_ (net)
                      0.083062    0.000533    1.802002 v _574_/B2 (sky130_fd_sc_hd__o221ai_4)
     3    0.027483    0.202033    0.193422    1.995425 ^ _574_/Y (sky130_fd_sc_hd__o221ai_4)
                                                         _291_ (net)
                      0.202035    0.001196    1.996621 ^ _577_/B (sky130_fd_sc_hd__nand2_4)
     5    0.021853    0.060070    0.058125    2.054745 v _577_/Y (sky130_fd_sc_hd__nand2_4)
                                                         _294_ (net)
                      0.060092    0.000411    2.055156 v _610_/A1 (sky130_fd_sc_hd__a21boi_2)
     1    0.010631    0.113975    0.135715    2.190871 ^ _610_/Y (sky130_fd_sc_hd__a21boi_2)
                                                         _324_ (net)
                      0.113975    0.000183    2.191054 ^ _651_/B2 (sky130_fd_sc_hd__o2bb2ai_4)
     1    0.004879    0.029611    0.035573    2.226626 v _651_/Y (sky130_fd_sc_hd__o2bb2ai_4)
                                                         net98 (net)
                      0.029611    0.000051    2.226677 v output98/A (sky130_fd_sc_hd__buf_6)
     1    0.035865    0.032935    0.095550    2.322227 v output98/X (sky130_fd_sc_hd__buf_6)
                                                         carryOut (net)
                      0.032936    0.000304    2.322531 v carryOut (out)
                                              2.322531   data arrival time

                      0.000000    4.000000    4.000000   clock __VIRTUAL_CLK__ (rise edge)
                                  0.000000    4.000000   clock network delay (ideal)
                                 -0.250000    3.750000   clock uncertainty
                                  0.000000    3.750000   clock reconvergence pessimism
                                 -0.800000    2.950000   output external delay
                                              2.950000   data required time
---------------------------------------------------------------------------------------------
                                              2.950000   data required time
                                             -2.322531   data arrival time
---------------------------------------------------------------------------------------------
                                              0.627469   slack (MET)


Startpoint: sub (input port clocked by __VIRTUAL_CLK__)
Endpoint: S[7] (output port clocked by __VIRTUAL_CLK__)
Path Group: __VIRTUAL_CLK__
Path Type: max

Fanout         Cap        Slew       Delay        Time   Description
---------------------------------------------------------------------------------------------
                      0.000000    0.000000    0.000000   clock __VIRTUAL_CLK__ (rise edge)
                                  0.000000    0.000000   clock network delay (ideal)
                                  0.800000    0.800000 v input external delay
     1    0.007823    0.012789    0.007788    0.807788 v sub (in)
                                                         sub (net)
                      0.012790    0.000000    0.807788 v input65/A (sky130_fd_sc_hd__buf_8)
     5    0.038252    0.031802    0.087644    0.895431 v input65/X (sky130_fd_sc_hd__buf_8)
                                                         net65 (net)
                      0.031864    0.001309    0.896740 v fanout106/A (sky130_fd_sc_hd__buf_4)
     7    0.033370    0.042038    0.116397    1.013137 v fanout106/X (sky130_fd_sc_hd__buf_4)
                                                         net106 (net)
                      0.042044    0.000554    1.013692 v fanout100/A (sky130_fd_sc_hd__buf_4)
     5    0.025401    0.036183    0.114555    1.128247 v fanout100/X (sky130_fd_sc_hd__buf_4)
                                                         net100 (net)
                      0.036187    0.000410    1.128657 v load_slew101/A (sky130_fd_sc_hd__buf_6)
     6    0.036845    0.033438    0.098805    1.227463 v load_slew101/X (sky130_fd_sc_hd__buf_6)
                                                         net101 (net)
                      0.033438    0.000213    1.227676 v _387_/A (sky130_fd_sc_hd__and2_4)
     1    0.005876    0.025954    0.092939    1.320615 v _387_/X (sky130_fd_sc_hd__and2_4)
                                                         _116_ (net)
                      0.025954    0.000099    1.320714 v _391_/A1 (sky130_fd_sc_hd__o21bai_2)
     1    0.005232    0.082643    0.097617    1.418331 ^ _391_/Y (sky130_fd_sc_hd__o21bai_2)
                                                         _120_ (net)
                      0.082643    0.000059    1.418390 ^ _392_/C1 (sky130_fd_sc_hd__o211ai_2)
     1    0.009478    0.090184    0.053764    1.472154 v _392_/Y (sky130_fd_sc_hd__o211ai_2)
                                                         _121_ (net)
                      0.090184    0.000126    1.472280 v _393_/A (sky130_fd_sc_hd__nor2_4)
     3    0.021167    0.112351    0.142623    1.614904 ^ _393_/Y (sky130_fd_sc_hd__nor2_4)
                                                         _122_ (net)
                      0.112397    0.000685    1.615589 ^ rebuffer280/A (sky130_fd_sc_hd__buf_6)
     1    0.010078    0.026158    0.077923    1.693512 ^ rebuffer280/X (sky130_fd_sc_hd__buf_6)
                                                         net280 (net)
                      0.026158    0.000097    1.693610 ^ _624_/A2 (sky130_fd_sc_hd__a21oi_4)
     3    0.016644    0.046379    0.041699    1.735309 v _624_/Y (sky130_fd_sc_hd__a21oi_4)
                                                         _333_ (net)
                      0.046380    0.000328    1.735636 v _626_/B2 (sky130_fd_sc_hd__o22a_2)
     3    0.018613    0.051517    0.148621    1.884257 v _626_/X (sky130_fd_sc_hd__o22a_2)
                                                         _334_ (net)
                      0.051517    0.000196    1.884453 v _630_/B2 (sky130_fd_sc_hd__o2bb2a_2)
     1    0.009563    0.043400    0.176559    2.061012 v _630_/X (sky130_fd_sc_hd__o2bb2a_2)
                                                         _336_ (net)
                      0.043400    0.000139    2.061151 v _631_/B (sky130_fd_sc_hd__xor2_2)
     1    0.004596    0.082834    0.093596    2.154747 ^ _631_/X (sky130_fd_sc_hd__xor2_2)
                                                         net95 (net)
                      0.082834    0.000086    2.154833 ^ output95/A (sky130_fd_sc_hd__clkbuf_4)
     1    0.034844    0.085642    0.148491    2.303324 ^ output95/X (sky130_fd_sc_hd__clkbuf_4)
                                                         S[7] (net)
                      0.085644    0.000512    2.303835 ^ S[7] (out)
                                              2.303835   data arrival time

                      0.000000    4.000000    4.000000   clock __VIRTUAL_CLK__ (rise edge)
                                  0.000000    4.000000   clock network delay (ideal)
                                 -0.250000    3.750000   clock uncertainty
                                  0.000000    3.750000   clock reconvergence pessimism
                                 -0.800000    2.950000   output external delay
                                              2.950000   data required time
---------------------------------------------------------------------------------------------
                                              2.950000   data required time
                                             -2.303835   data arrival time
---------------------------------------------------------------------------------------------
                                              0.646164   slack (MET)


Startpoint: sub (input port clocked by __VIRTUAL_CLK__)
Endpoint: S[11] (output port clocked by __VIRTUAL_CLK__)
Path Group: __VIRTUAL_CLK__
Path Type: max

Fanout         Cap        Slew       Delay        Time   Description
---------------------------------------------------------------------------------------------
                      0.000000    0.000000    0.000000   clock __VIRTUAL_CLK__ (rise edge)
                                  0.000000    0.000000   clock network delay (ideal)
                                  0.800000    0.800000 ^ input external delay
     1    0.008490    0.033407    0.022474    0.822474 ^ sub (in)
                                                         sub (net)
                      0.033407    0.000000    0.822474 ^ input65/A (sky130_fd_sc_hd__buf_8)
     5    0.039844    0.055623    0.087864    0.910339 ^ input65/X (sky130_fd_sc_hd__buf_8)
                                                         net65 (net)
                      0.055669    0.001369    0.911707 ^ fanout106/A (sky130_fd_sc_hd__buf_4)
     7    0.035435    0.078898    0.119979    1.031687 ^ fanout106/X (sky130_fd_sc_hd__buf_4)
                                                         net106 (net)
                      0.078901    0.000642    1.032329 ^ fanout104/A (sky130_fd_sc_hd__clkbuf_2)
     4    0.023717    0.102604    0.135853    1.168182 ^ fanout104/X (sky130_fd_sc_hd__clkbuf_2)
                                                         net104 (net)
                      0.102604    0.000362    1.168544 ^ load_slew105/A (sky130_fd_sc_hd__buf_6)
     7    0.048104    0.077441    0.117924    1.286468 ^ load_slew105/X (sky130_fd_sc_hd__buf_6)
                                                         net105 (net)
                      0.077485    0.000956    1.287423 ^ _726_/B (sky130_fd_sc_hd__nand2b_4)
     1    0.005135    0.025864    0.031011    1.318434 v _726_/Y (sky130_fd_sc_hd__nand2b_4)
                                                         _073_ (net)
                      0.025864    0.000058    1.318492 v _729_/B (sky130_fd_sc_hd__nand3b_2)
     5    0.029153    0.146839    0.126070    1.444562 ^ _729_/Y (sky130_fd_sc_hd__nand3b_2)
                                                         _076_ (net)
                      0.146841    0.000520    1.445082 ^ _360_/D1 (sky130_fd_sc_hd__o2111ai_4)
     2    0.019225    0.096415    0.085416    1.530498 v _360_/Y (sky130_fd_sc_hd__o2111ai_4)
                                                         _089_ (net)
                      0.096415    0.000313    1.530811 v rebuffer261/A (sky130_fd_sc_hd__buf_6)
     2    0.005986    0.017193    0.104401    1.635212 v rebuffer261/X (sky130_fd_sc_hd__buf_6)
                                                         net261 (net)
                      0.017193    0.000078    1.635290 v _378_/B (sky130_fd_sc_hd__or2_4)
     1    0.008129    0.036635    0.145547    1.780837 v _378_/X (sky130_fd_sc_hd__or2_4)
                                                         _107_ (net)
                      0.036635    0.000073    1.780910 v _632_/B2 (sky130_fd_sc_hd__o2bb2ai_4)
     2    0.020457    0.130914    0.129765    1.910674 ^ _632_/Y (sky130_fd_sc_hd__o2bb2ai_4)
                                                         _337_ (net)
                      0.130918    0.000854    1.911529 ^ _636_/A2 (sky130_fd_sc_hd__a21oi_4)
     2    0.016785    0.049630    0.057405    1.968933 v _636_/Y (sky130_fd_sc_hd__a21oi_4)
                                                         _339_ (net)
                      0.049631    0.000210    1.969144 v _638_/A2 (sky130_fd_sc_hd__o21ai_4)
     1    0.009964    0.096477    0.106614    2.075758 ^ _638_/Y (sky130_fd_sc_hd__o21ai_4)
                                                         _340_ (net)
                      0.096477    0.000111    2.075869 ^ _639_/A (sky130_fd_sc_hd__xor2_2)
     1    0.008358    0.111793    0.115091    2.190960 ^ _639_/X (sky130_fd_sc_hd__xor2_2)
                                                         net68 (net)
                      0.111793    0.000202    2.191163 ^ output68/A (sky130_fd_sc_hd__buf_6)
     1    0.035512    0.059853    0.106247    2.297410 ^ output68/X (sky130_fd_sc_hd__buf_6)
                                                         S[11] (net)
                      0.059854    0.000422    2.297832 ^ S[11] (out)
                                              2.297832   data arrival time

                      0.000000    4.000000    4.000000   clock __VIRTUAL_CLK__ (rise edge)
                                  0.000000    4.000000   clock network delay (ideal)
                                 -0.250000    3.750000   clock uncertainty
                                  0.000000    3.750000   clock reconvergence pessimism
                                 -0.800000    2.950000   output external delay
                                              2.950000   data required time
---------------------------------------------------------------------------------------------
                                              2.950000   data required time
                                             -2.297832   data arrival time
---------------------------------------------------------------------------------------------
                                              0.652168   slack (MET)


Startpoint: sub (input port clocked by __VIRTUAL_CLK__)
Endpoint: S[18] (output port clocked by __VIRTUAL_CLK__)
Path Group: __VIRTUAL_CLK__
Path Type: max

Fanout         Cap        Slew       Delay        Time   Description
---------------------------------------------------------------------------------------------
                      0.000000    0.000000    0.000000   clock __VIRTUAL_CLK__ (rise edge)
                                  0.000000    0.000000   clock network delay (ideal)
                                  0.800000    0.800000 v input external delay
     1    0.007823    0.012789    0.007788    0.807788 v sub (in)
                                                         sub (net)
                      0.012790    0.000000    0.807788 v input65/A (sky130_fd_sc_hd__buf_8)
     5    0.038252    0.031802    0.087644    0.895431 v input65/X (sky130_fd_sc_hd__buf_8)
                                                         net65 (net)
                      0.031864    0.001309    0.896740 v fanout106/A (sky130_fd_sc_hd__buf_4)
     7    0.033370    0.042038    0.116397    1.013137 v fanout106/X (sky130_fd_sc_hd__buf_4)
                                                         net106 (net)
                      0.042044    0.000554    1.013692 v fanout100/A (sky130_fd_sc_hd__buf_4)
     5    0.025401    0.036183    0.114555    1.128247 v fanout100/X (sky130_fd_sc_hd__buf_4)
                                                         net100 (net)
                      0.036187    0.000410    1.128657 v load_slew101/A (sky130_fd_sc_hd__buf_6)
     6    0.036845    0.033438    0.098805    1.227463 v load_slew101/X (sky130_fd_sc_hd__buf_6)
                                                         net101 (net)
                      0.033462    0.000865    1.228327 v _389_/A1 (sky130_fd_sc_hd__o21ai_4)
     2    0.015702    0.128855    0.136879    1.365206 ^ _389_/Y (sky130_fd_sc_hd__o21ai_4)
                                                         _118_ (net)
                      0.128855    0.000148    1.365354 ^ _390_/B1 (sky130_fd_sc_hd__a21oi_4)
     3    0.015684    0.080027    0.031565    1.396919 v _390_/Y (sky130_fd_sc_hd__a21oi_4)
                                                         _119_ (net)
                      0.080027    0.000186    1.397105 v _417_/A2 (sky130_fd_sc_hd__a21oi_4)
     1    0.009745    0.092525    0.134764    1.531869 ^ _417_/Y (sky130_fd_sc_hd__a21oi_4)
                                                         _146_ (net)
                      0.092525    0.000058    1.531927 ^ _419_/B1 (sky130_fd_sc_hd__o22ai_4)
     3    0.025432    0.065104    0.062329    1.594256 v _419_/Y (sky130_fd_sc_hd__o22ai_4)
                                                         _148_ (net)
                      0.065113    0.000647    1.594903 v _421_/A3 (sky130_fd_sc_hd__a31oi_2)
     1    0.005083    0.107781    0.150327    1.745230 ^ _421_/Y (sky130_fd_sc_hd__a31oi_2)
                                                         _150_ (net)
                      0.107781    0.000056    1.745286 ^ _423_/A (sky130_fd_sc_hd__nand4_2)
     3    0.016775    0.098488    0.098337    1.843623 v _423_/Y (sky130_fd_sc_hd__nand4_2)
                                                         _152_ (net)
                      0.098490    0.000374    1.843997 v _444_/A2 (sky130_fd_sc_hd__a31oi_2)
     1    0.008598    0.136594    0.173965    2.017962 ^ _444_/Y (sky130_fd_sc_hd__a31oi_2)
                                                         _171_ (net)
                      0.136594    0.000063    2.018025 ^ _445_/B (sky130_fd_sc_hd__xor2_2)
     1    0.006719    0.099028    0.109249    2.127274 ^ _445_/X (sky130_fd_sc_hd__xor2_2)
                                                         net75 (net)
                      0.099028    0.000158    2.127431 ^ output75/A (sky130_fd_sc_hd__buf_2)
     1    0.035036    0.130785    0.164476    2.291907 ^ output75/X (sky130_fd_sc_hd__buf_2)
                                                         S[18] (net)
                      0.130785    0.000236    2.292144 ^ S[18] (out)
                                              2.292144   data arrival time

                      0.000000    4.000000    4.000000   clock __VIRTUAL_CLK__ (rise edge)
                                  0.000000    4.000000   clock network delay (ideal)
                                 -0.250000    3.750000   clock uncertainty
                                  0.000000    3.750000   clock reconvergence pessimism
                                 -0.800000    2.950000   output external delay
                                              2.950000   data required time
---------------------------------------------------------------------------------------------
                                              2.950000   data required time
                                             -2.292144   data arrival time
---------------------------------------------------------------------------------------------
                                              0.657856   slack (MET)


Startpoint: sub (input port clocked by __VIRTUAL_CLK__)
Endpoint: S[29] (output port clocked by __VIRTUAL_CLK__)
Path Group: __VIRTUAL_CLK__
Path Type: max

Fanout         Cap        Slew       Delay        Time   Description
---------------------------------------------------------------------------------------------
                      0.000000    0.000000    0.000000   clock __VIRTUAL_CLK__ (rise edge)
                                  0.000000    0.000000   clock network delay (ideal)
                                  0.800000    0.800000 v input external delay
     1    0.007823    0.012789    0.007788    0.807788 v sub (in)
                                                         sub (net)
                      0.012790    0.000000    0.807788 v input65/A (sky130_fd_sc_hd__buf_8)
     5    0.038252    0.031802    0.087644    0.895431 v input65/X (sky130_fd_sc_hd__buf_8)
                                                         net65 (net)
                      0.031864    0.001309    0.896740 v fanout106/A (sky130_fd_sc_hd__buf_4)
     7    0.033370    0.042038    0.116397    1.013137 v fanout106/X (sky130_fd_sc_hd__buf_4)
                                                         net106 (net)
                      0.042045    0.000606    1.013743 v fanout104/A (sky130_fd_sc_hd__clkbuf_2)
     4    0.022003    0.061603    0.114409    1.128153 v fanout104/X (sky130_fd_sc_hd__clkbuf_2)
                                                         net104 (net)
                      0.061603    0.000337    1.128489 v load_slew105/A (sky130_fd_sc_hd__buf_6)
     7    0.044300    0.037492    0.114201    1.242690 v load_slew105/X (sky130_fd_sc_hd__buf_6)
                                                         net105 (net)
                      0.037510    0.000808    1.243499 v _364_/A1 (sky130_fd_sc_hd__o21ai_4)
     3    0.012508    0.109297    0.127302    1.370800 ^ _364_/Y (sky130_fd_sc_hd__o21ai_4)
                                                         _093_ (net)
                      0.109297    0.000063    1.370864 ^ _365_/B1 (sky130_fd_sc_hd__a21oi_2)
     2    0.007780    0.051021    0.030405    1.401269 v _365_/Y (sky130_fd_sc_hd__a21oi_2)
                                                         _094_ (net)
                      0.051021    0.000014    1.401283 v _376_/A_N (sky130_fd_sc_hd__nand4b_4)
     2    0.012370    0.073575    0.132701    1.533984 v _376_/Y (sky130_fd_sc_hd__nand4b_4)
                                                         _105_ (net)
                      0.073576    0.000193    1.534177 v _377_/A (sky130_fd_sc_hd__nor2_4)
     3    0.024977    0.128581    0.148725    1.682902 ^ _377_/Y (sky130_fd_sc_hd__nor2_4)
                                                         _106_ (net)
                      0.128582    0.000267    1.683170 ^ _410_/B (sky130_fd_sc_hd__nand4_4)
     3    0.016482    0.080321    0.088763    1.771932 v _410_/Y (sky130_fd_sc_hd__nand4_4)
                                                         _139_ (net)
                      0.080321    0.000266    1.772198 v _415_/C (sky130_fd_sc_hd__nand3_4)
     3    0.025759    0.087833    0.110663    1.882862 ^ _415_/Y (sky130_fd_sc_hd__nand3_4)
                                                         _144_ (net)
                      0.087834    0.000590    1.883452 ^ _574_/B2 (sky130_fd_sc_hd__o221ai_4)
     3    0.025821    0.087060    0.081983    1.965434 v _574_/Y (sky130_fd_sc_hd__o221ai_4)
                                                         _291_ (net)
                      0.087084    0.001160    1.966595 v _579_/A2 (sky130_fd_sc_hd__a21oi_2)
     2    0.007545    0.093083    0.136577    2.103172 ^ _579_/Y (sky130_fd_sc_hd__a21oi_2)
                                                         _296_ (net)
                      0.093083    0.000083    2.103254 ^ _589_/A2 (sky130_fd_sc_hd__o21ai_2)
     1    0.004570    0.042501    0.035817    2.139071 v _589_/Y (sky130_fd_sc_hd__o21ai_2)
                                                         _305_ (net)
                      0.042501    0.000041    2.139112 v _590_/B1 (sky130_fd_sc_hd__o21ai_2)
     1    0.006447    0.086194    0.050240    2.189352 ^ _590_/Y (sky130_fd_sc_hd__o21ai_2)
                                                         net87 (net)
                      0.086194    0.000089    2.189442 ^ output87/A (sky130_fd_sc_hd__buf_6)
     1    0.034721    0.058478    0.101364    2.290806 ^ output87/X (sky130_fd_sc_hd__buf_6)
                                                         S[29] (net)
                      0.058479    0.000351    2.291156 ^ S[29] (out)
                                              2.291156   data arrival time

                      0.000000    4.000000    4.000000   clock __VIRTUAL_CLK__ (rise edge)
                                  0.000000    4.000000   clock network delay (ideal)
                                 -0.250000    3.750000   clock uncertainty
                                  0.000000    3.750000   clock reconvergence pessimism
                                 -0.800000    2.950000   output external delay
                                              2.950000   data required time
---------------------------------------------------------------------------------------------
                                              2.950000   data required time
                                             -2.291156   data arrival time
---------------------------------------------------------------------------------------------
                                              0.658844   slack (MET)


Startpoint: sub (input port clocked by __VIRTUAL_CLK__)
Endpoint: S[12] (output port clocked by __VIRTUAL_CLK__)
Path Group: __VIRTUAL_CLK__
Path Type: max

Fanout         Cap        Slew       Delay        Time   Description
---------------------------------------------------------------------------------------------
                      0.000000    0.000000    0.000000   clock __VIRTUAL_CLK__ (rise edge)
                                  0.000000    0.000000   clock network delay (ideal)
                                  0.800000    0.800000 v input external delay
     1    0.007823    0.012789    0.007788    0.807788 v sub (in)
                                                         sub (net)
                      0.012790    0.000000    0.807788 v input65/A (sky130_fd_sc_hd__buf_8)
     5    0.038252    0.031802    0.087644    0.895431 v input65/X (sky130_fd_sc_hd__buf_8)
                                                         net65 (net)
                      0.031864    0.001309    0.896740 v fanout106/A (sky130_fd_sc_hd__buf_4)
     7    0.033370    0.042038    0.116397    1.013137 v fanout106/X (sky130_fd_sc_hd__buf_4)
                                                         net106 (net)
                      0.042045    0.000606    1.013743 v fanout104/A (sky130_fd_sc_hd__clkbuf_2)
     4    0.022003    0.061603    0.114409    1.128153 v fanout104/X (sky130_fd_sc_hd__clkbuf_2)
                                                         net104 (net)
                      0.061603    0.000337    1.128489 v load_slew105/A (sky130_fd_sc_hd__buf_6)
     7    0.044300    0.037492    0.114201    1.242690 v load_slew105/X (sky130_fd_sc_hd__buf_6)
                                                         net105 (net)
                      0.037510    0.000808    1.243499 v _364_/A1 (sky130_fd_sc_hd__o21ai_4)
     3    0.012508    0.109297    0.127302    1.370800 ^ _364_/Y (sky130_fd_sc_hd__o21ai_4)
                                                         _093_ (net)
                      0.109297    0.000063    1.370864 ^ _365_/B1 (sky130_fd_sc_hd__a21oi_2)
     2    0.007780    0.051021    0.030405    1.401269 v _365_/Y (sky130_fd_sc_hd__a21oi_2)
                                                         _094_ (net)
                      0.051021    0.000014    1.401283 v _376_/A_N (sky130_fd_sc_hd__nand4b_4)
     2    0.012370    0.073575    0.132701    1.533984 v _376_/Y (sky130_fd_sc_hd__nand4b_4)
                                                         _105_ (net)
                      0.073576    0.000193    1.534177 v _377_/A (sky130_fd_sc_hd__nor2_4)
     3    0.024977    0.128581    0.148725    1.682902 ^ _377_/Y (sky130_fd_sc_hd__nor2_4)
                                                         _106_ (net)
                      0.128582    0.000267    1.683170 ^ _410_/B (sky130_fd_sc_hd__nand4_4)
     3    0.016482    0.080321    0.088763    1.771932 v _410_/Y (sky130_fd_sc_hd__nand4_4)
                                                         _139_ (net)
                      0.080321    0.000292    1.772224 v rebuffer258/A (sky130_fd_sc_hd__buf_2)
     1    0.004799    0.020901    0.100735    1.872959 v rebuffer258/X (sky130_fd_sc_hd__buf_2)
                                                         net258 (net)
                      0.020901    0.000028    1.872988 v rebuffer146/A (sky130_fd_sc_hd__buf_6)
     1    0.008641    0.018251    0.073032    1.946019 v rebuffer146/X (sky130_fd_sc_hd__buf_6)
                                                         net146 (net)
                      0.018251    0.000084    1.946103 v _640_/A (sky130_fd_sc_hd__nand4_4)
     3    0.014163    0.076087    0.050762    1.996865 ^ _640_/Y (sky130_fd_sc_hd__nand4_4)
                                                         _341_ (net)
                      0.076088    0.000252    1.997118 ^ rebuffer257/A (sky130_fd_sc_hd__buf_4)
     2    0.016544    0.042454    0.096771    2.093889 ^ rebuffer257/X (sky130_fd_sc_hd__buf_4)
                                                         net257 (net)
                      0.042454    0.000144    2.094033 ^ _642_/A (sky130_fd_sc_hd__xor2_2)
     1    0.005739    0.091454    0.092465    2.186498 ^ _642_/X (sky130_fd_sc_hd__xor2_2)
                                                         net69 (net)
                      0.091454    0.000075    2.186574 ^ output69/A (sky130_fd_sc_hd__buf_6)
     1    0.035598    0.059761    0.103136    2.289709 ^ output69/X (sky130_fd_sc_hd__buf_6)
                                                         S[12] (net)
                      0.059761    0.000351    2.290060 ^ S[12] (out)
                                              2.290060   data arrival time

                      0.000000    4.000000    4.000000   clock __VIRTUAL_CLK__ (rise edge)
                                  0.000000    4.000000   clock network delay (ideal)
                                 -0.250000    3.750000   clock uncertainty
                                  0.000000    3.750000   clock reconvergence pessimism
                                 -0.800000    2.950000   output external delay
                                              2.950000   data required time
---------------------------------------------------------------------------------------------
                                              2.950000   data required time
                                             -2.290060   data arrival time
---------------------------------------------------------------------------------------------
                                              0.659940   slack (MET)


Startpoint: sub (input port clocked by __VIRTUAL_CLK__)
Endpoint: S[19] (output port clocked by __VIRTUAL_CLK__)
Path Group: __VIRTUAL_CLK__
Path Type: max

Fanout         Cap        Slew       Delay        Time   Description
---------------------------------------------------------------------------------------------
                      0.000000    0.000000    0.000000   clock __VIRTUAL_CLK__ (rise edge)
                                  0.000000    0.000000   clock network delay (ideal)
                                  0.800000    0.800000 v input external delay
     1    0.007823    0.012789    0.007788    0.807788 v sub (in)
                                                         sub (net)
                      0.012790    0.000000    0.807788 v input65/A (sky130_fd_sc_hd__buf_8)
     5    0.038252    0.031802    0.087644    0.895431 v input65/X (sky130_fd_sc_hd__buf_8)
                                                         net65 (net)
                      0.031864    0.001309    0.896740 v fanout106/A (sky130_fd_sc_hd__buf_4)
     7    0.033370    0.042038    0.116397    1.013137 v fanout106/X (sky130_fd_sc_hd__buf_4)
                                                         net106 (net)
                      0.042045    0.000606    1.013743 v fanout104/A (sky130_fd_sc_hd__clkbuf_2)
     4    0.022003    0.061603    0.114409    1.128153 v fanout104/X (sky130_fd_sc_hd__clkbuf_2)
                                                         net104 (net)
                      0.061603    0.000337    1.128489 v load_slew105/A (sky130_fd_sc_hd__buf_6)
     7    0.044300    0.037492    0.114201    1.242690 v load_slew105/X (sky130_fd_sc_hd__buf_6)
                                                         net105 (net)
                      0.037510    0.000808    1.243499 v _364_/A1 (sky130_fd_sc_hd__o21ai_4)
     3    0.012508    0.109297    0.127302    1.370800 ^ _364_/Y (sky130_fd_sc_hd__o21ai_4)
                                                         _093_ (net)
                      0.109297    0.000063    1.370864 ^ _365_/B1 (sky130_fd_sc_hd__a21oi_2)
     2    0.007780    0.051021    0.030405    1.401269 v _365_/Y (sky130_fd_sc_hd__a21oi_2)
                                                         _094_ (net)
                      0.051021    0.000014    1.401283 v _376_/A_N (sky130_fd_sc_hd__nand4b_4)
     2    0.012370    0.073575    0.132701    1.533984 v _376_/Y (sky130_fd_sc_hd__nand4b_4)
                                                         _105_ (net)
                      0.073576    0.000193    1.534177 v _377_/A (sky130_fd_sc_hd__nor2_4)
     3    0.024977    0.128581    0.148725    1.682902 ^ _377_/Y (sky130_fd_sc_hd__nor2_4)
                                                         _106_ (net)
                      0.128582    0.000267    1.683170 ^ _410_/B (sky130_fd_sc_hd__nand4_4)
     3    0.016482    0.080321    0.088763    1.771932 v _410_/Y (sky130_fd_sc_hd__nand4_4)
                                                         _139_ (net)
                      0.080321    0.000233    1.772165 v _423_/C (sky130_fd_sc_hd__nand4_2)
     3    0.017942    0.105393    0.128172    1.900337 ^ _423_/Y (sky130_fd_sc_hd__nand4_2)
                                                         _152_ (net)
                      0.105394    0.000502    1.900840 ^ _447_/D (sky130_fd_sc_hd__nand4b_2)
     2    0.008669    0.065662    0.083870    1.984710 v _447_/Y (sky130_fd_sc_hd__nand4b_2)
                                                         _173_ (net)
                      0.065662    0.000118    1.984827 v _455_/B1 (sky130_fd_sc_hd__a22o_2)
     1    0.005332    0.029165    0.118864    2.103691 v _455_/X (sky130_fd_sc_hd__a22o_2)
                                                         _181_ (net)
                      0.029165    0.000067    2.103758 v _457_/A (sky130_fd_sc_hd__nand2_2)
     1    0.005819    0.038936    0.041690    2.145448 ^ _457_/Y (sky130_fd_sc_hd__nand2_2)
                                                         net76 (net)
                      0.038936    0.000152    2.145600 ^ output76/A (sky130_fd_sc_hd__clkbuf_4)
     1    0.034716    0.085174    0.135029    2.280629 ^ output76/X (sky130_fd_sc_hd__clkbuf_4)
                                                         S[19] (net)
                      0.085175    0.000500    2.281129 ^ S[19] (out)
                                              2.281129   data arrival time

                      0.000000    4.000000    4.000000   clock __VIRTUAL_CLK__ (rise edge)
                                  0.000000    4.000000   clock network delay (ideal)
                                 -0.250000    3.750000   clock uncertainty
                                  0.000000    3.750000   clock reconvergence pessimism
                                 -0.800000    2.950000   output external delay
                                              2.950000   data required time
---------------------------------------------------------------------------------------------
                                              2.950000   data required time
                                             -2.281129   data arrival time
---------------------------------------------------------------------------------------------
                                              0.668871   slack (MET)


Startpoint: sub (input port clocked by __VIRTUAL_CLK__)
Endpoint: S[8] (output port clocked by __VIRTUAL_CLK__)
Path Group: __VIRTUAL_CLK__
Path Type: max

Fanout         Cap        Slew       Delay        Time   Description
---------------------------------------------------------------------------------------------
                      0.000000    0.000000    0.000000   clock __VIRTUAL_CLK__ (rise edge)
                                  0.000000    0.000000   clock network delay (ideal)
                                  0.800000    0.800000 ^ input external delay
     1    0.008490    0.033407    0.022474    0.822474 ^ sub (in)
                                                         sub (net)
                      0.033407    0.000000    0.822474 ^ input65/A (sky130_fd_sc_hd__buf_8)
     5    0.039844    0.055623    0.087864    0.910339 ^ input65/X (sky130_fd_sc_hd__buf_8)
                                                         net65 (net)
                      0.055669    0.001369    0.911707 ^ fanout106/A (sky130_fd_sc_hd__buf_4)
     7    0.035435    0.078898    0.119979    1.031687 ^ fanout106/X (sky130_fd_sc_hd__buf_4)
                                                         net106 (net)
                      0.078901    0.000642    1.032329 ^ fanout104/A (sky130_fd_sc_hd__clkbuf_2)
     4    0.023717    0.102604    0.135853    1.168182 ^ fanout104/X (sky130_fd_sc_hd__clkbuf_2)
                                                         net104 (net)
                      0.102604    0.000362    1.168544 ^ load_slew105/A (sky130_fd_sc_hd__buf_6)
     7    0.048104    0.077441    0.117924    1.286468 ^ load_slew105/X (sky130_fd_sc_hd__buf_6)
                                                         net105 (net)
                      0.077485    0.000956    1.287423 ^ _726_/B (sky130_fd_sc_hd__nand2b_4)
     1    0.005135    0.025864    0.031011    1.318434 v _726_/Y (sky130_fd_sc_hd__nand2b_4)
                                                         _073_ (net)
                      0.025864    0.000058    1.318492 v _729_/B (sky130_fd_sc_hd__nand3b_2)
     5    0.029153    0.146839    0.126070    1.444562 ^ _729_/Y (sky130_fd_sc_hd__nand3b_2)
                                                         _076_ (net)
                      0.146841    0.000520    1.445082 ^ _360_/D1 (sky130_fd_sc_hd__o2111ai_4)
     2    0.019225    0.096415    0.085416    1.530498 v _360_/Y (sky130_fd_sc_hd__o2111ai_4)
                                                         _089_ (net)
                      0.096415    0.000313    1.530811 v rebuffer261/A (sky130_fd_sc_hd__buf_6)
     2    0.005986    0.017193    0.104401    1.635212 v rebuffer261/X (sky130_fd_sc_hd__buf_6)
                                                         net261 (net)
                      0.017193    0.000078    1.635290 v _378_/B (sky130_fd_sc_hd__or2_4)
     1    0.008129    0.036635    0.145547    1.780837 v _378_/X (sky130_fd_sc_hd__or2_4)
                                                         _107_ (net)
                      0.036635    0.000073    1.780910 v _632_/B2 (sky130_fd_sc_hd__o2bb2ai_4)
     2    0.020457    0.130914    0.129765    1.910674 ^ _632_/Y (sky130_fd_sc_hd__o2bb2ai_4)
                                                         _337_ (net)
                      0.130917    0.000782    1.911457 ^ rebuffer260/A (sky130_fd_sc_hd__buf_6)
     2    0.008590    0.024846    0.078022    1.989478 ^ rebuffer260/X (sky130_fd_sc_hd__buf_6)
                                                         net260 (net)
                      0.024846    0.000094    1.989573 ^ rebuffer167/A (sky130_fd_sc_hd__buf_4)
     1    0.009580    0.029004    0.072122    2.061694 ^ rebuffer167/X (sky130_fd_sc_hd__buf_4)
                                                         net167 (net)
                      0.029004    0.000140    2.061834 ^ _633_/B (sky130_fd_sc_hd__xnor2_2)
     1    0.005523    0.097366    0.069655    2.131490 ^ _633_/Y (sky130_fd_sc_hd__xnor2_2)
                                                         net96 (net)
                      0.097366    0.000064    2.131554 ^ output96/A (sky130_fd_sc_hd__buf_6)
     1    0.034555    0.058372    0.102902    2.234456 ^ output96/X (sky130_fd_sc_hd__buf_6)
                                                         S[8] (net)
                      0.058375    0.000469    2.234925 ^ S[8] (out)
                                              2.234925   data arrival time

                      0.000000    4.000000    4.000000   clock __VIRTUAL_CLK__ (rise edge)
                                  0.000000    4.000000   clock network delay (ideal)
                                 -0.250000    3.750000   clock uncertainty
                                  0.000000    3.750000   clock reconvergence pessimism
                                 -0.800000    2.950000   output external delay
                                              2.950000   data required time
---------------------------------------------------------------------------------------------
                                              2.950000   data required time
                                             -2.234925   data arrival time
---------------------------------------------------------------------------------------------
                                              0.715075   slack (MET)


Startpoint: sub (input port clocked by __VIRTUAL_CLK__)
Endpoint: S[9] (output port clocked by __VIRTUAL_CLK__)
Path Group: __VIRTUAL_CLK__
Path Type: max

Fanout         Cap        Slew       Delay        Time   Description
---------------------------------------------------------------------------------------------
                      0.000000    0.000000    0.000000   clock __VIRTUAL_CLK__ (rise edge)
                                  0.000000    0.000000   clock network delay (ideal)
                                  0.800000    0.800000 ^ input external delay
     1    0.008490    0.033407    0.022474    0.822474 ^ sub (in)
                                                         sub (net)
                      0.033407    0.000000    0.822474 ^ input65/A (sky130_fd_sc_hd__buf_8)
     5    0.039844    0.055623    0.087864    0.910339 ^ input65/X (sky130_fd_sc_hd__buf_8)
                                                         net65 (net)
                      0.055669    0.001369    0.911707 ^ fanout106/A (sky130_fd_sc_hd__buf_4)
     7    0.035435    0.078898    0.119979    1.031687 ^ fanout106/X (sky130_fd_sc_hd__buf_4)
                                                         net106 (net)
                      0.078901    0.000642    1.032329 ^ fanout104/A (sky130_fd_sc_hd__clkbuf_2)
     4    0.023717    0.102604    0.135853    1.168182 ^ fanout104/X (sky130_fd_sc_hd__clkbuf_2)
                                                         net104 (net)
                      0.102604    0.000362    1.168544 ^ load_slew105/A (sky130_fd_sc_hd__buf_6)
     7    0.048104    0.077441    0.117924    1.286468 ^ load_slew105/X (sky130_fd_sc_hd__buf_6)
                                                         net105 (net)
                      0.077485    0.000956    1.287423 ^ _726_/B (sky130_fd_sc_hd__nand2b_4)
     1    0.005135    0.025864    0.031011    1.318434 v _726_/Y (sky130_fd_sc_hd__nand2b_4)
                                                         _073_ (net)
                      0.025864    0.000058    1.318492 v _729_/B (sky130_fd_sc_hd__nand3b_2)
     5    0.029153    0.146839    0.126070    1.444562 ^ _729_/Y (sky130_fd_sc_hd__nand3b_2)
                                                         _076_ (net)
                      0.146841    0.000520    1.445082 ^ _360_/D1 (sky130_fd_sc_hd__o2111ai_4)
     2    0.019225    0.096415    0.085416    1.530498 v _360_/Y (sky130_fd_sc_hd__o2111ai_4)
                                                         _089_ (net)
                      0.096415    0.000313    1.530811 v rebuffer261/A (sky130_fd_sc_hd__buf_6)
     2    0.005986    0.017193    0.104401    1.635212 v rebuffer261/X (sky130_fd_sc_hd__buf_6)
                                                         net261 (net)
                      0.017193    0.000078    1.635290 v _378_/B (sky130_fd_sc_hd__or2_4)
     1    0.008129    0.036635    0.145547    1.780837 v _378_/X (sky130_fd_sc_hd__or2_4)
                                                         _107_ (net)
                      0.036635    0.000073    1.780910 v _632_/B2 (sky130_fd_sc_hd__o2bb2ai_4)
     2    0.020457    0.130914    0.129765    1.910674 ^ _632_/Y (sky130_fd_sc_hd__o2bb2ai_4)
                                                         _337_ (net)
                      0.130917    0.000782    1.911457 ^ rebuffer260/A (sky130_fd_sc_hd__buf_6)
     2    0.008590    0.024846    0.078022    1.989478 ^ rebuffer260/X (sky130_fd_sc_hd__buf_6)
                                                         net260 (net)
                      0.024849    0.000121    1.989600 ^ _634_/B1 (sky130_fd_sc_hd__a22o_4)
     1    0.009257    0.030651    0.067968    2.057568 ^ _634_/X (sky130_fd_sc_hd__a22o_4)
                                                         _338_ (net)
                      0.030651    0.000115    2.057683 ^ _635_/B (sky130_fd_sc_hd__xnor2_2)
     1    0.005558    0.097638    0.070133    2.127815 ^ _635_/Y (sky130_fd_sc_hd__xnor2_2)
                                                         net97 (net)
                      0.097638    0.000067    2.127882 ^ output97/A (sky130_fd_sc_hd__buf_6)
     1    0.034502    0.058300    0.102897    2.230779 ^ output97/X (sky130_fd_sc_hd__buf_6)
                                                         S[9] (net)
                      0.058303    0.000456    2.231235 ^ S[9] (out)
                                              2.231235   data arrival time

                      0.000000    4.000000    4.000000   clock __VIRTUAL_CLK__ (rise edge)
                                  0.000000    4.000000   clock network delay (ideal)
                                 -0.250000    3.750000   clock uncertainty
                                  0.000000    3.750000   clock reconvergence pessimism
                                 -0.800000    2.950000   output external delay
                                              2.950000   data required time
---------------------------------------------------------------------------------------------
                                              2.950000   data required time
                                             -2.231235   data arrival time
---------------------------------------------------------------------------------------------
                                              0.718765   slack (MET)


Startpoint: sub (input port clocked by __VIRTUAL_CLK__)
Endpoint: S[10] (output port clocked by __VIRTUAL_CLK__)
Path Group: __VIRTUAL_CLK__
Path Type: max

Fanout         Cap        Slew       Delay        Time   Description
---------------------------------------------------------------------------------------------
                      0.000000    0.000000    0.000000   clock __VIRTUAL_CLK__ (rise edge)
                                  0.000000    0.000000   clock network delay (ideal)
                                  0.800000    0.800000 ^ input external delay
     1    0.008490    0.033407    0.022474    0.822474 ^ sub (in)
                                                         sub (net)
                      0.033407    0.000000    0.822474 ^ input65/A (sky130_fd_sc_hd__buf_8)
     5    0.039844    0.055623    0.087864    0.910339 ^ input65/X (sky130_fd_sc_hd__buf_8)
                                                         net65 (net)
                      0.055669    0.001369    0.911707 ^ fanout106/A (sky130_fd_sc_hd__buf_4)
     7    0.035435    0.078898    0.119979    1.031687 ^ fanout106/X (sky130_fd_sc_hd__buf_4)
                                                         net106 (net)
                      0.078901    0.000642    1.032329 ^ fanout104/A (sky130_fd_sc_hd__clkbuf_2)
     4    0.023717    0.102604    0.135853    1.168182 ^ fanout104/X (sky130_fd_sc_hd__clkbuf_2)
                                                         net104 (net)
                      0.102604    0.000362    1.168544 ^ load_slew105/A (sky130_fd_sc_hd__buf_6)
     7    0.048104    0.077441    0.117924    1.286468 ^ load_slew105/X (sky130_fd_sc_hd__buf_6)
                                                         net105 (net)
                      0.077485    0.000956    1.287423 ^ _726_/B (sky130_fd_sc_hd__nand2b_4)
     1    0.005135    0.025864    0.031011    1.318434 v _726_/Y (sky130_fd_sc_hd__nand2b_4)
                                                         _073_ (net)
                      0.025864    0.000058    1.318492 v _729_/B (sky130_fd_sc_hd__nand3b_2)
     5    0.029153    0.146839    0.126070    1.444562 ^ _729_/Y (sky130_fd_sc_hd__nand3b_2)
                                                         _076_ (net)
                      0.146841    0.000520    1.445082 ^ _360_/D1 (sky130_fd_sc_hd__o2111ai_4)
     2    0.019225    0.096415    0.085416    1.530498 v _360_/Y (sky130_fd_sc_hd__o2111ai_4)
                                                         _089_ (net)
                      0.096415    0.000313    1.530811 v rebuffer261/A (sky130_fd_sc_hd__buf_6)
     2    0.005986    0.017193    0.104401    1.635212 v rebuffer261/X (sky130_fd_sc_hd__buf_6)
                                                         net261 (net)
                      0.017193    0.000078    1.635290 v _378_/B (sky130_fd_sc_hd__or2_4)
     1    0.008129    0.036635    0.145547    1.780837 v _378_/X (sky130_fd_sc_hd__or2_4)
                                                         _107_ (net)
                      0.036635    0.000073    1.780910 v _632_/B2 (sky130_fd_sc_hd__o2bb2ai_4)
     2    0.020457    0.130914    0.129765    1.910674 ^ _632_/Y (sky130_fd_sc_hd__o2bb2ai_4)
                                                         _337_ (net)
                      0.130918    0.000854    1.911529 ^ _636_/A2 (sky130_fd_sc_hd__a21oi_4)
     2    0.016785    0.049630    0.057405    1.968933 v _636_/Y (sky130_fd_sc_hd__a21oi_4)
                                                         _339_ (net)
                      0.049630    0.000162    1.969095 v _637_/B (sky130_fd_sc_hd__xor2_2)
     1    0.006606    0.098492    0.108672    2.077767 ^ _637_/X (sky130_fd_sc_hd__xor2_2)
                                                         net67 (net)
                      0.098492    0.000107    2.077874 ^ output67/A (sky130_fd_sc_hd__buf_6)
     1    0.034953    0.058935    0.103546    2.181420 ^ output67/X (sky130_fd_sc_hd__buf_6)
                                                         S[10] (net)
                      0.058936    0.000399    2.181819 ^ S[10] (out)
                                              2.181819   data arrival time

                      0.000000    4.000000    4.000000   clock __VIRTUAL_CLK__ (rise edge)
                                  0.000000    4.000000   clock network delay (ideal)
                                 -0.250000    3.750000   clock uncertainty
                                  0.000000    3.750000   clock reconvergence pessimism
                                 -0.800000    2.950000   output external delay
                                              2.950000   data required time
---------------------------------------------------------------------------------------------
                                              2.950000   data required time
                                             -2.181819   data arrival time
---------------------------------------------------------------------------------------------
                                              0.768181   slack (MET)


Startpoint: sub (input port clocked by __VIRTUAL_CLK__)
Endpoint: S[6] (output port clocked by __VIRTUAL_CLK__)
Path Group: __VIRTUAL_CLK__
Path Type: max

Fanout         Cap        Slew       Delay        Time   Description
---------------------------------------------------------------------------------------------
                      0.000000    0.000000    0.000000   clock __VIRTUAL_CLK__ (rise edge)
                                  0.000000    0.000000   clock network delay (ideal)
                                  0.800000    0.800000 v input external delay
     1    0.007823    0.012789    0.007788    0.807788 v sub (in)
                                                         sub (net)
                      0.012790    0.000000    0.807788 v input65/A (sky130_fd_sc_hd__buf_8)
     5    0.038252    0.031802    0.087644    0.895431 v input65/X (sky130_fd_sc_hd__buf_8)
                                                         net65 (net)
                      0.031864    0.001309    0.896740 v fanout106/A (sky130_fd_sc_hd__buf_4)
     7    0.033370    0.042038    0.116397    1.013137 v fanout106/X (sky130_fd_sc_hd__buf_4)
                                                         net106 (net)
                      0.042044    0.000554    1.013692 v fanout100/A (sky130_fd_sc_hd__buf_4)
     5    0.025401    0.036183    0.114555    1.128247 v fanout100/X (sky130_fd_sc_hd__buf_4)
                                                         net100 (net)
                      0.036187    0.000410    1.128657 v load_slew101/A (sky130_fd_sc_hd__buf_6)
     6    0.036845    0.033438    0.098805    1.227463 v load_slew101/X (sky130_fd_sc_hd__buf_6)
                                                         net101 (net)
                      0.033438    0.000213    1.227676 v _387_/A (sky130_fd_sc_hd__and2_4)
     1    0.005876    0.025954    0.092939    1.320615 v _387_/X (sky130_fd_sc_hd__and2_4)
                                                         _116_ (net)
                      0.025954    0.000099    1.320714 v _391_/A1 (sky130_fd_sc_hd__o21bai_2)
     1    0.005232    0.082643    0.097617    1.418331 ^ _391_/Y (sky130_fd_sc_hd__o21bai_2)
                                                         _120_ (net)
                      0.082643    0.000059    1.418390 ^ _392_/C1 (sky130_fd_sc_hd__o211ai_2)
     1    0.009478    0.090184    0.053764    1.472154 v _392_/Y (sky130_fd_sc_hd__o211ai_2)
                                                         _121_ (net)
                      0.090184    0.000126    1.472280 v _393_/A (sky130_fd_sc_hd__nor2_4)
     3    0.021167    0.112351    0.142623    1.614904 ^ _393_/Y (sky130_fd_sc_hd__nor2_4)
                                                         _122_ (net)
                      0.112397    0.000685    1.615589 ^ rebuffer280/A (sky130_fd_sc_hd__buf_6)
     1    0.010078    0.026158    0.077923    1.693512 ^ rebuffer280/X (sky130_fd_sc_hd__buf_6)
                                                         net280 (net)
                      0.026158    0.000097    1.693610 ^ _624_/A2 (sky130_fd_sc_hd__a21oi_4)
     3    0.016644    0.046379    0.041699    1.735309 v _624_/Y (sky130_fd_sc_hd__a21oi_4)
                                                         _333_ (net)
                      0.046380    0.000328    1.735636 v _626_/B2 (sky130_fd_sc_hd__o22a_2)
     3    0.018613    0.051517    0.148621    1.884257 v _626_/X (sky130_fd_sc_hd__o22a_2)
                                                         _334_ (net)
                      0.051517    0.000266    1.884524 v _628_/B1 (sky130_fd_sc_hd__a22oi_2)
     1    0.008967    0.100889    0.085831    1.970354 ^ _628_/Y (sky130_fd_sc_hd__a22oi_2)
                                                         _335_ (net)
                      0.100889    0.000104    1.970458 ^ _629_/B (sky130_fd_sc_hd__xnor2_2)
     1    0.005151    0.094351    0.078959    2.049417 ^ _629_/Y (sky130_fd_sc_hd__xnor2_2)
                                                         net94 (net)
                      0.094351    0.000046    2.049463 ^ output94/A (sky130_fd_sc_hd__buf_6)
     1    0.035047    0.058917    0.102876    2.152339 ^ output94/X (sky130_fd_sc_hd__buf_6)
                                                         S[6] (net)
                      0.058922    0.000608    2.152947 ^ S[6] (out)
                                              2.152947   data arrival time

                      0.000000    4.000000    4.000000   clock __VIRTUAL_CLK__ (rise edge)
                                  0.000000    4.000000   clock network delay (ideal)
                                 -0.250000    3.750000   clock uncertainty
                                  0.000000    3.750000   clock reconvergence pessimism
                                 -0.800000    2.950000   output external delay
                                              2.950000   data required time
---------------------------------------------------------------------------------------------
                                              2.950000   data required time
                                             -2.152947   data arrival time
---------------------------------------------------------------------------------------------
                                              0.797053   slack (MET)


Startpoint: sub (input port clocked by __VIRTUAL_CLK__)
Endpoint: S[5] (output port clocked by __VIRTUAL_CLK__)
Path Group: __VIRTUAL_CLK__
Path Type: max

Fanout         Cap        Slew       Delay        Time   Description
---------------------------------------------------------------------------------------------
                      0.000000    0.000000    0.000000   clock __VIRTUAL_CLK__ (rise edge)
                                  0.000000    0.000000   clock network delay (ideal)
                                  0.800000    0.800000 v input external delay
     1    0.007823    0.012789    0.007788    0.807788 v sub (in)
                                                         sub (net)
                      0.012790    0.000000    0.807788 v input65/A (sky130_fd_sc_hd__buf_8)
     5    0.038252    0.031802    0.087644    0.895431 v input65/X (sky130_fd_sc_hd__buf_8)
                                                         net65 (net)
                      0.031864    0.001309    0.896740 v fanout106/A (sky130_fd_sc_hd__buf_4)
     7    0.033370    0.042038    0.116397    1.013137 v fanout106/X (sky130_fd_sc_hd__buf_4)
                                                         net106 (net)
                      0.042044    0.000554    1.013692 v fanout100/A (sky130_fd_sc_hd__buf_4)
     5    0.025401    0.036183    0.114555    1.128247 v fanout100/X (sky130_fd_sc_hd__buf_4)
                                                         net100 (net)
                      0.036187    0.000410    1.128657 v load_slew101/A (sky130_fd_sc_hd__buf_6)
     6    0.036845    0.033438    0.098805    1.227463 v load_slew101/X (sky130_fd_sc_hd__buf_6)
                                                         net101 (net)
                      0.033438    0.000213    1.227676 v _387_/A (sky130_fd_sc_hd__and2_4)
     1    0.005876    0.025954    0.092939    1.320615 v _387_/X (sky130_fd_sc_hd__and2_4)
                                                         _116_ (net)
                      0.025954    0.000099    1.320714 v _391_/A1 (sky130_fd_sc_hd__o21bai_2)
     1    0.005232    0.082643    0.097617    1.418331 ^ _391_/Y (sky130_fd_sc_hd__o21bai_2)
                                                         _120_ (net)
                      0.082643    0.000059    1.418390 ^ _392_/C1 (sky130_fd_sc_hd__o211ai_2)
     1    0.009478    0.090184    0.053764    1.472154 v _392_/Y (sky130_fd_sc_hd__o211ai_2)
                                                         _121_ (net)
                      0.090184    0.000126    1.472280 v _393_/A (sky130_fd_sc_hd__nor2_4)
     3    0.021167    0.112351    0.142623    1.614904 ^ _393_/Y (sky130_fd_sc_hd__nor2_4)
                                                         _122_ (net)
                      0.112397    0.000685    1.615589 ^ rebuffer280/A (sky130_fd_sc_hd__buf_6)
     1    0.010078    0.026158    0.077923    1.693512 ^ rebuffer280/X (sky130_fd_sc_hd__buf_6)
                                                         net280 (net)
                      0.026158    0.000097    1.693610 ^ _624_/A2 (sky130_fd_sc_hd__a21oi_4)
     3    0.016644    0.046379    0.041699    1.735309 v _624_/Y (sky130_fd_sc_hd__a21oi_4)
                                                         _333_ (net)
                      0.046380    0.000328    1.735636 v _626_/B2 (sky130_fd_sc_hd__o22a_2)
     3    0.018613    0.051517    0.148621    1.884257 v _626_/X (sky130_fd_sc_hd__o22a_2)
                                                         _334_ (net)
                      0.051517    0.000189    1.884446 v _627_/B (sky130_fd_sc_hd__xnor2_2)
     1    0.003419    0.080431    0.089795    1.974241 ^ _627_/Y (sky130_fd_sc_hd__xnor2_2)
                                                         net93 (net)
                      0.080431    0.000044    1.974285 ^ output93/A (sky130_fd_sc_hd__clkbuf_4)
     1    0.036099    0.088348    0.149630    2.123915 ^ output93/X (sky130_fd_sc_hd__clkbuf_4)
                                                         S[5] (net)
                      0.088353    0.000770    2.124686 ^ S[5] (out)
                                              2.124686   data arrival time

                      0.000000    4.000000    4.000000   clock __VIRTUAL_CLK__ (rise edge)
                                  0.000000    4.000000   clock network delay (ideal)
                                 -0.250000    3.750000   clock uncertainty
                                  0.000000    3.750000   clock reconvergence pessimism
                                 -0.800000    2.950000   output external delay
                                              2.950000   data required time
---------------------------------------------------------------------------------------------
                                              2.950000   data required time
                                             -2.124686   data arrival time
---------------------------------------------------------------------------------------------
                                              0.825314   slack (MET)


Startpoint: sub (input port clocked by __VIRTUAL_CLK__)
Endpoint: S[3] (output port clocked by __VIRTUAL_CLK__)
Path Group: __VIRTUAL_CLK__
Path Type: max

Fanout         Cap        Slew       Delay        Time   Description
---------------------------------------------------------------------------------------------
                      0.000000    0.000000    0.000000   clock __VIRTUAL_CLK__ (rise edge)
                                  0.000000    0.000000   clock network delay (ideal)
                                  0.800000    0.800000 v input external delay
     1    0.007823    0.012789    0.007788    0.807788 v sub (in)
                                                         sub (net)
                      0.012790    0.000000    0.807788 v input65/A (sky130_fd_sc_hd__buf_8)
     5    0.038252    0.031802    0.087644    0.895431 v input65/X (sky130_fd_sc_hd__buf_8)
                                                         net65 (net)
                      0.031864    0.001309    0.896740 v fanout106/A (sky130_fd_sc_hd__buf_4)
     7    0.033370    0.042038    0.116397    1.013137 v fanout106/X (sky130_fd_sc_hd__buf_4)
                                                         net106 (net)
                      0.042044    0.000554    1.013692 v fanout100/A (sky130_fd_sc_hd__buf_4)
     5    0.025401    0.036183    0.114555    1.128247 v fanout100/X (sky130_fd_sc_hd__buf_4)
                                                         net100 (net)
                      0.036187    0.000410    1.128657 v load_slew101/A (sky130_fd_sc_hd__buf_6)
     6    0.036845    0.033438    0.098805    1.227463 v load_slew101/X (sky130_fd_sc_hd__buf_6)
                                                         net101 (net)
                      0.033438    0.000213    1.227676 v _387_/A (sky130_fd_sc_hd__and2_4)
     1    0.005876    0.025954    0.092939    1.320615 v _387_/X (sky130_fd_sc_hd__and2_4)
                                                         _116_ (net)
                      0.025954    0.000099    1.320714 v _391_/A1 (sky130_fd_sc_hd__o21bai_2)
     1    0.005232    0.082643    0.097617    1.418331 ^ _391_/Y (sky130_fd_sc_hd__o21bai_2)
                                                         _120_ (net)
                      0.082643    0.000059    1.418390 ^ _392_/C1 (sky130_fd_sc_hd__o211ai_2)
     1    0.009478    0.090184    0.053764    1.472154 v _392_/Y (sky130_fd_sc_hd__o211ai_2)
                                                         _121_ (net)
                      0.090184    0.000126    1.472280 v _393_/A (sky130_fd_sc_hd__nor2_4)
     3    0.021167    0.112351    0.142623    1.614904 ^ _393_/Y (sky130_fd_sc_hd__nor2_4)
                                                         _122_ (net)
                      0.112392    0.000225    1.615129 ^ rebuffer297/A (sky130_fd_sc_hd__buf_2)
     1    0.005813    0.030323    0.091337    1.706465 ^ rebuffer297/X (sky130_fd_sc_hd__buf_2)
                                                         net297 (net)
                      0.030323    0.000072    1.706538 ^ rebuffer128/A (sky130_fd_sc_hd__buf_6)
     2    0.007799    0.021546    0.059719    1.766257 ^ rebuffer128/X (sky130_fd_sc_hd__buf_6)
                                                         net128 (net)
                      0.021546    0.000120    1.766377 ^ _619_/C1 (sky130_fd_sc_hd__a211o_2)
     2    0.012183    0.051075    0.077061    1.843438 ^ _619_/X (sky130_fd_sc_hd__a211o_2)
                                                         _330_ (net)
                      0.051075    0.000169    1.843606 ^ _621_/A2 (sky130_fd_sc_hd__a21oi_2)
     1    0.001928    0.035589    0.030858    1.874464 v _621_/Y (sky130_fd_sc_hd__a21oi_2)
                                                         _331_ (net)
                      0.035589    0.000020    1.874483 v _623_/A_N (sky130_fd_sc_hd__nand2b_2)
     1    0.006991    0.036811    0.120477    1.994960 v _623_/Y (sky130_fd_sc_hd__nand2b_2)
                                                         net91 (net)
                      0.036811    0.000157    1.995117 v output91/A (sky130_fd_sc_hd__buf_6)
     1    0.035061    0.032483    0.098161    2.093279 v output91/X (sky130_fd_sc_hd__buf_6)
                                                         S[3] (net)
                      0.032494    0.000596    2.093874 v S[3] (out)
                                              2.093874   data arrival time

                      0.000000    4.000000    4.000000   clock __VIRTUAL_CLK__ (rise edge)
                                  0.000000    4.000000   clock network delay (ideal)
                                 -0.250000    3.750000   clock uncertainty
                                  0.000000    3.750000   clock reconvergence pessimism
                                 -0.800000    2.950000   output external delay
                                              2.950000   data required time
---------------------------------------------------------------------------------------------
                                              2.950000   data required time
                                             -2.093874   data arrival time
---------------------------------------------------------------------------------------------
                                              0.856125   slack (MET)


Startpoint: sub (input port clocked by __VIRTUAL_CLK__)
Endpoint: S[2] (output port clocked by __VIRTUAL_CLK__)
Path Group: __VIRTUAL_CLK__
Path Type: max

Fanout         Cap        Slew       Delay        Time   Description
---------------------------------------------------------------------------------------------
                      0.000000    0.000000    0.000000   clock __VIRTUAL_CLK__ (rise edge)
                                  0.000000    0.000000   clock network delay (ideal)
                                  0.800000    0.800000 v input external delay
     1    0.007823    0.012789    0.007788    0.807788 v sub (in)
                                                         sub (net)
                      0.012790    0.000000    0.807788 v input65/A (sky130_fd_sc_hd__buf_8)
     5    0.038252    0.031802    0.087644    0.895431 v input65/X (sky130_fd_sc_hd__buf_8)
                                                         net65 (net)
                      0.031864    0.001309    0.896740 v fanout106/A (sky130_fd_sc_hd__buf_4)
     7    0.033370    0.042038    0.116397    1.013137 v fanout106/X (sky130_fd_sc_hd__buf_4)
                                                         net106 (net)
                      0.042044    0.000554    1.013692 v fanout100/A (sky130_fd_sc_hd__buf_4)
     5    0.025401    0.036183    0.114555    1.128247 v fanout100/X (sky130_fd_sc_hd__buf_4)
                                                         net100 (net)
                      0.036187    0.000410    1.128657 v load_slew101/A (sky130_fd_sc_hd__buf_6)
     6    0.036845    0.033438    0.098805    1.227463 v load_slew101/X (sky130_fd_sc_hd__buf_6)
                                                         net101 (net)
                      0.033438    0.000213    1.227676 v _387_/A (sky130_fd_sc_hd__and2_4)
     1    0.005876    0.025954    0.092939    1.320615 v _387_/X (sky130_fd_sc_hd__and2_4)
                                                         _116_ (net)
                      0.025954    0.000099    1.320714 v _391_/A1 (sky130_fd_sc_hd__o21bai_2)
     1    0.005232    0.082643    0.097617    1.418331 ^ _391_/Y (sky130_fd_sc_hd__o21bai_2)
                                                         _120_ (net)
                      0.082643    0.000059    1.418390 ^ _392_/C1 (sky130_fd_sc_hd__o211ai_2)
     1    0.009478    0.090184    0.053764    1.472154 v _392_/Y (sky130_fd_sc_hd__o211ai_2)
                                                         _121_ (net)
                      0.090184    0.000126    1.472280 v _393_/A (sky130_fd_sc_hd__nor2_4)
     3    0.021167    0.112351    0.142623    1.614904 ^ _393_/Y (sky130_fd_sc_hd__nor2_4)
                                                         _122_ (net)
                      0.112392    0.000225    1.615129 ^ rebuffer297/A (sky130_fd_sc_hd__buf_2)
     1    0.005813    0.030323    0.091337    1.706465 ^ rebuffer297/X (sky130_fd_sc_hd__buf_2)
                                                         net297 (net)
                      0.030323    0.000072    1.706538 ^ rebuffer128/A (sky130_fd_sc_hd__buf_6)
     2    0.007799    0.021546    0.059719    1.766257 ^ rebuffer128/X (sky130_fd_sc_hd__buf_6)
                                                         net128 (net)
                      0.021546    0.000125    1.766382 ^ _618_/C1 (sky130_fd_sc_hd__a211o_2)
     1    0.010199    0.044670    0.071854    1.838235 ^ _618_/X (sky130_fd_sc_hd__a211o_2)
                                                         _329_ (net)
                      0.044670    0.000176    1.838411 ^ _620_/B (sky130_fd_sc_hd__xor2_2)
     1    0.003352    0.073052    0.087201    1.925613 ^ _620_/X (sky130_fd_sc_hd__xor2_2)
                                                         net88 (net)
                      0.073052    0.000043    1.925656 ^ output88/A (sky130_fd_sc_hd__clkbuf_4)
     1    0.036943    0.090088    0.149003    2.074660 ^ output88/X (sky130_fd_sc_hd__clkbuf_4)
                                                         S[2] (net)
                      0.090088    0.000429    2.075089 ^ S[2] (out)
                                              2.075089   data arrival time

                      0.000000    4.000000    4.000000   clock __VIRTUAL_CLK__ (rise edge)
                                  0.000000    4.000000   clock network delay (ideal)
                                 -0.250000    3.750000   clock uncertainty
                                  0.000000    3.750000   clock reconvergence pessimism
                                 -0.800000    2.950000   output external delay
                                              2.950000   data required time
---------------------------------------------------------------------------------------------
                                              2.950000   data required time
                                             -2.075089   data arrival time
---------------------------------------------------------------------------------------------
                                              0.874911   slack (MET)


Startpoint: sub (input port clocked by __VIRTUAL_CLK__)
Endpoint: S[4] (output port clocked by __VIRTUAL_CLK__)
Path Group: __VIRTUAL_CLK__
Path Type: max

Fanout         Cap        Slew       Delay        Time   Description
---------------------------------------------------------------------------------------------
                      0.000000    0.000000    0.000000   clock __VIRTUAL_CLK__ (rise edge)
                                  0.000000    0.000000   clock network delay (ideal)
                                  0.800000    0.800000 v input external delay
     1    0.007823    0.012789    0.007788    0.807788 v sub (in)
                                                         sub (net)
                      0.012790    0.000000    0.807788 v input65/A (sky130_fd_sc_hd__buf_8)
     5    0.038252    0.031802    0.087644    0.895431 v input65/X (sky130_fd_sc_hd__buf_8)
                                                         net65 (net)
                      0.031864    0.001309    0.896740 v fanout106/A (sky130_fd_sc_hd__buf_4)
     7    0.033370    0.042038    0.116397    1.013137 v fanout106/X (sky130_fd_sc_hd__buf_4)
                                                         net106 (net)
                      0.042044    0.000554    1.013692 v fanout100/A (sky130_fd_sc_hd__buf_4)
     5    0.025401    0.036183    0.114555    1.128247 v fanout100/X (sky130_fd_sc_hd__buf_4)
                                                         net100 (net)
                      0.036187    0.000410    1.128657 v load_slew101/A (sky130_fd_sc_hd__buf_6)
     6    0.036845    0.033438    0.098805    1.227463 v load_slew101/X (sky130_fd_sc_hd__buf_6)
                                                         net101 (net)
                      0.033438    0.000213    1.227676 v _387_/A (sky130_fd_sc_hd__and2_4)
     1    0.005876    0.025954    0.092939    1.320615 v _387_/X (sky130_fd_sc_hd__and2_4)
                                                         _116_ (net)
                      0.025954    0.000099    1.320714 v _391_/A1 (sky130_fd_sc_hd__o21bai_2)
     1    0.005232    0.082643    0.097617    1.418331 ^ _391_/Y (sky130_fd_sc_hd__o21bai_2)
                                                         _120_ (net)
                      0.082643    0.000059    1.418390 ^ _392_/C1 (sky130_fd_sc_hd__o211ai_2)
     1    0.009478    0.090184    0.053764    1.472154 v _392_/Y (sky130_fd_sc_hd__o211ai_2)
                                                         _121_ (net)
                      0.090184    0.000126    1.472280 v _393_/A (sky130_fd_sc_hd__nor2_4)
     3    0.021167    0.112351    0.142623    1.614904 ^ _393_/Y (sky130_fd_sc_hd__nor2_4)
                                                         _122_ (net)
                      0.112397    0.000685    1.615589 ^ rebuffer280/A (sky130_fd_sc_hd__buf_6)
     1    0.010078    0.026158    0.077923    1.693512 ^ rebuffer280/X (sky130_fd_sc_hd__buf_6)
                                                         net280 (net)
                      0.026158    0.000097    1.693610 ^ _624_/A2 (sky130_fd_sc_hd__a21oi_4)
     3    0.016644    0.046379    0.041699    1.735309 v _624_/Y (sky130_fd_sc_hd__a21oi_4)
                                                         _333_ (net)
                      0.046380    0.000326    1.735634 v rebuffer168/A (sky130_fd_sc_hd__buf_2)
     1    0.008221    0.025157    0.092511    1.828146 v rebuffer168/X (sky130_fd_sc_hd__buf_2)
                                                         net168 (net)
                      0.025157    0.000076    1.828221 v _625_/B (sky130_fd_sc_hd__xnor2_2)
     1    0.005933    0.100685    0.097137    1.925358 ^ _625_/Y (sky130_fd_sc_hd__xnor2_2)
                                                         net92 (net)
                      0.100685    0.000081    1.925439 ^ output92/A (sky130_fd_sc_hd__buf_6)
     1    0.034744    0.058674    0.103608    2.029047 ^ output92/X (sky130_fd_sc_hd__buf_6)
                                                         S[4] (net)
                      0.058677    0.000511    2.029559 ^ S[4] (out)
                                              2.029559   data arrival time

                      0.000000    4.000000    4.000000   clock __VIRTUAL_CLK__ (rise edge)
                                  0.000000    4.000000   clock network delay (ideal)
                                 -0.250000    3.750000   clock uncertainty
                                  0.000000    3.750000   clock reconvergence pessimism
                                 -0.800000    2.950000   output external delay
                                              2.950000   data required time
---------------------------------------------------------------------------------------------
                                              2.950000   data required time
                                             -2.029559   data arrival time
---------------------------------------------------------------------------------------------
                                              0.920441   slack (MET)


Startpoint: sub (input port clocked by __VIRTUAL_CLK__)
Endpoint: S[1] (output port clocked by __VIRTUAL_CLK__)
Path Group: __VIRTUAL_CLK__
Path Type: max

Fanout         Cap        Slew       Delay        Time   Description
---------------------------------------------------------------------------------------------
                      0.000000    0.000000    0.000000   clock __VIRTUAL_CLK__ (rise edge)
                                  0.000000    0.000000   clock network delay (ideal)
                                  0.800000    0.800000 v input external delay
     1    0.007823    0.012789    0.007788    0.807788 v sub (in)
                                                         sub (net)
                      0.012790    0.000000    0.807788 v input65/A (sky130_fd_sc_hd__buf_8)
     5    0.038252    0.031802    0.087644    0.895431 v input65/X (sky130_fd_sc_hd__buf_8)
                                                         net65 (net)
                      0.031943    0.001672    0.897104 v fanout118/A (sky130_fd_sc_hd__buf_8)
     4    0.020787    0.023310    0.086113    0.983217 v fanout118/X (sky130_fd_sc_hd__buf_8)
                                                         net118 (net)
                      0.023310    0.000080    0.983296 v fanout112/A (sky130_fd_sc_hd__buf_6)
     2    0.010348    0.019152    0.075394    1.058690 v fanout112/X (sky130_fd_sc_hd__buf_6)
                                                         net112 (net)
                      0.019152    0.000136    1.058826 v load_slew114/A (sky130_fd_sc_hd__buf_8)
     3    0.027393    0.026270    0.084571    1.143396 v load_slew114/X (sky130_fd_sc_hd__buf_8)
                                                         net114 (net)
                      0.026278    0.000450    1.143846 v _652_/A (sky130_fd_sc_hd__inv_8)
     8    0.057883    0.069776    0.070124    1.213970 ^ _652_/Y (sky130_fd_sc_hd__inv_8)
                                                         _348_ (net)
                      0.069797    0.001045    1.215015 ^ _380_/A (sky130_fd_sc_hd__nand2_2)
     1    0.008837    0.045124    0.040890    1.255905 v _380_/Y (sky130_fd_sc_hd__nand2_2)
                                                         _109_ (net)
                      0.045124    0.000095    1.256001 v _385_/C (sky130_fd_sc_hd__nand3b_4)
     4    0.026817    0.084739    0.092097    1.348098 ^ _385_/Y (sky130_fd_sc_hd__nand3b_4)
                                                         _114_ (net)
                      0.084739    0.000319    1.348417 ^ _386_/B1 (sky130_fd_sc_hd__o21ai_4)
     2    0.017846    0.055831    0.042383    1.390800 v _386_/Y (sky130_fd_sc_hd__o21ai_4)
                                                         _115_ (net)
                      0.055831    0.000212    1.391012 v _617_/A (sky130_fd_sc_hd__xnor2_2)
     1    0.005159    0.094474    0.122643    1.513655 ^ _617_/Y (sky130_fd_sc_hd__xnor2_2)
                                                         net77 (net)
                      0.094474    0.000046    1.513701 ^ output77/A (sky130_fd_sc_hd__buf_6)
     1    0.035213    0.059243    0.103270    1.616971 ^ output77/X (sky130_fd_sc_hd__buf_6)
                                                         S[1] (net)
                      0.059243    0.000250    1.617220 ^ S[1] (out)
                                              1.617220   data arrival time

                      0.000000    4.000000    4.000000   clock __VIRTUAL_CLK__ (rise edge)
                                  0.000000    4.000000   clock network delay (ideal)
                                 -0.250000    3.750000   clock uncertainty
                                  0.000000    3.750000   clock reconvergence pessimism
                                 -0.800000    2.950000   output external delay
                                              2.950000   data required time
---------------------------------------------------------------------------------------------
                                              2.950000   data required time
                                             -1.617220   data arrival time
---------------------------------------------------------------------------------------------
                                              1.332780   slack (MET)


Startpoint: B[0] (input port clocked by __VIRTUAL_CLK__)
Endpoint: S[0] (output port clocked by __VIRTUAL_CLK__)
Path Group: __VIRTUAL_CLK__
Path Type: max

Fanout         Cap        Slew       Delay        Time   Description
---------------------------------------------------------------------------------------------
                      0.000000    0.000000    0.000000   clock __VIRTUAL_CLK__ (rise edge)
                                  0.000000    0.000000   clock network delay (ideal)
                                  0.800000    0.800000 ^ input external delay
     1    0.004826    0.021124    0.013146    0.813146 ^ B[0] (in)
                                                         B[0] (net)
                      0.021124    0.000000    0.813146 ^ input33/A (sky130_fd_sc_hd__dlymetal6s2s_1)
     7    0.053415    0.400746    0.328582    1.141729 ^ input33/X (sky130_fd_sc_hd__dlymetal6s2s_1)
                                                         net33 (net)
                      0.400746    0.000466    1.142195 ^ _615_/B (sky130_fd_sc_hd__xor2_2)
     1    0.003274    0.075971    0.069789    1.211983 ^ _615_/X (sky130_fd_sc_hd__xor2_2)
                                                         net66 (net)
                      0.075971    0.000040    1.212023 ^ output66/A (sky130_fd_sc_hd__clkdlybuf4s25_1)
     1    0.035143    0.265536    0.350551    1.562574 ^ output66/X (sky130_fd_sc_hd__clkdlybuf4s25_1)
                                                         S[0] (net)
                      0.265536    0.000399    1.562974 ^ S[0] (out)
                                              1.562974   data arrival time

                      0.000000    4.000000    4.000000   clock __VIRTUAL_CLK__ (rise edge)
                                  0.000000    4.000000   clock network delay (ideal)
                                 -0.250000    3.750000   clock uncertainty
                                  0.000000    3.750000   clock reconvergence pessimism
                                 -0.800000    2.950000   output external delay
                                              2.950000   data required time
---------------------------------------------------------------------------------------------
                                              2.950000   data required time
                                             -1.562974   data arrival time
---------------------------------------------------------------------------------------------
                                              1.387026   slack (MET)



%OL_END_REPORT
%OL_CREATE_REPORT checks.rpt

===========================================================================
report_checks -unconstrained
===========================================================================
======================= min_ff_n40C_1v95 Corner ===================================

Startpoint: sub (input port clocked by __VIRTUAL_CLK__)
Endpoint: S[23] (output port clocked by __VIRTUAL_CLK__)
Path Group: __VIRTUAL_CLK__
Path Type: max

Fanout         Cap        Slew       Delay        Time   Description
---------------------------------------------------------------------------------------------
                      0.000000    0.000000    0.000000   clock __VIRTUAL_CLK__ (rise edge)
                                  0.000000    0.000000   clock network delay (ideal)
                                  0.800000    0.800000 v input external delay
     1    0.007823    0.012789    0.007788    0.807788 v sub (in)
                                                         sub (net)
                      0.012790    0.000000    0.807788 v input65/A (sky130_fd_sc_hd__buf_8)
     5    0.038252    0.031802    0.087644    0.895431 v input65/X (sky130_fd_sc_hd__buf_8)
                                                         net65 (net)
                      0.031864    0.001309    0.896740 v fanout106/A (sky130_fd_sc_hd__buf_4)
     7    0.033370    0.042038    0.116397    1.013137 v fanout106/X (sky130_fd_sc_hd__buf_4)
                                                         net106 (net)
                      0.042045    0.000606    1.013743 v fanout104/A (sky130_fd_sc_hd__clkbuf_2)
     4    0.022003    0.061603    0.114409    1.128153 v fanout104/X (sky130_fd_sc_hd__clkbuf_2)
                                                         net104 (net)
                      0.061603    0.000337    1.128489 v load_slew105/A (sky130_fd_sc_hd__buf_6)
     7    0.044300    0.037492    0.114201    1.242690 v load_slew105/X (sky130_fd_sc_hd__buf_6)
                                                         net105 (net)
                      0.037510    0.000808    1.243499 v _364_/A1 (sky130_fd_sc_hd__o21ai_4)
     3    0.012508    0.109297    0.127302    1.370800 ^ _364_/Y (sky130_fd_sc_hd__o21ai_4)
                                                         _093_ (net)
                      0.109297    0.000063    1.370864 ^ _365_/B1 (sky130_fd_sc_hd__a21oi_2)
     2    0.007780    0.051021    0.030405    1.401269 v _365_/Y (sky130_fd_sc_hd__a21oi_2)
                                                         _094_ (net)
                      0.051021    0.000014    1.401283 v _376_/A_N (sky130_fd_sc_hd__nand4b_4)
     2    0.012370    0.073575    0.132701    1.533984 v _376_/Y (sky130_fd_sc_hd__nand4b_4)
                                                         _105_ (net)
                      0.073576    0.000193    1.534177 v _377_/A (sky130_fd_sc_hd__nor2_4)
     3    0.024977    0.128581    0.148725    1.682902 ^ _377_/Y (sky130_fd_sc_hd__nor2_4)
                                                         _106_ (net)
                      0.128582    0.000267    1.683170 ^ _410_/B (sky130_fd_sc_hd__nand4_4)
     3    0.016482    0.080321    0.088763    1.771932 v _410_/Y (sky130_fd_sc_hd__nand4_4)
                                                         _139_ (net)
                      0.080321    0.000266    1.772198 v _415_/C (sky130_fd_sc_hd__nand3_4)
     3    0.025759    0.087833    0.110663    1.882862 ^ _415_/Y (sky130_fd_sc_hd__nand3_4)
                                                         _144_ (net)
                      0.087834    0.000634    1.883496 ^ _424_/B2 (sky130_fd_sc_hd__o22ai_4)
     3    0.015959    0.062253    0.047261    1.930757 v _424_/Y (sky130_fd_sc_hd__o22ai_4)
                                                         _153_ (net)
                      0.062254    0.000415    1.931172 v _470_/B1 (sky130_fd_sc_hd__o22ai_4)
     7    0.038572    0.224149    0.214277    2.145449 ^ _470_/Y (sky130_fd_sc_hd__o22ai_4)
                                                         _195_ (net)
                      0.224154    0.000892    2.146341 ^ _507_/B (sky130_fd_sc_hd__nand2_2)
     1    0.009065    0.057004    0.052560    2.198900 v _507_/Y (sky130_fd_sc_hd__nand2_2)
                                                         _229_ (net)
                      0.057004    0.000045    2.198945 v _512_/A2 (sky130_fd_sc_hd__a21oi_4)
     1    0.009730    0.092019    0.125971    2.324916 ^ _512_/Y (sky130_fd_sc_hd__a21oi_4)
                                                         _234_ (net)
                      0.092019    0.000109    2.325025 ^ _513_/A (sky130_fd_sc_hd__nor2_4)
     1    0.004879    0.032433    0.025551    2.350576 v _513_/Y (sky130_fd_sc_hd__nor2_4)
                                                         net81 (net)
                      0.032433    0.000050    2.350626 v output81/A (sky130_fd_sc_hd__buf_6)
     1    0.034841    0.032376    0.096127    2.446753 v output81/X (sky130_fd_sc_hd__buf_6)
                                                         S[23] (net)
                      0.032384    0.000534    2.447287 v S[23] (out)
                                              2.447287   data arrival time

                      0.000000    4.000000    4.000000   clock __VIRTUAL_CLK__ (rise edge)
                                  0.000000    4.000000   clock network delay (ideal)
                                 -0.250000    3.750000   clock uncertainty
                                  0.000000    3.750000   clock reconvergence pessimism
                                 -0.800000    2.950000   output external delay
                                              2.950000   data required time
---------------------------------------------------------------------------------------------
                                              2.950000   data required time
                                             -2.447287   data arrival time
---------------------------------------------------------------------------------------------
                                              0.502713   slack (MET)




===========================================================================
report_checks --slack_max -0.01
============================================================================
======================= min_ff_n40C_1v95 Corner ===================================

No paths found.


===========================================================================
 report_check_types -max_slew -max_cap -max_fanout -violators
============================================================================
======================= min_ff_n40C_1v95 Corner ===================================



===========================================================================
report_parasitic_annotation -report_unannotated
============================================================================
Found 0 unannotated drivers.
Found 0 partially unannotated drivers.

===========================================================================
max slew violation count 0
%OL_METRIC_I design__max_slew_violation__count__corner:min_ff_n40C_1v95 0
max fanout violation count 0
%OL_METRIC_I design__max_fanout_violation__count__corner:min_ff_n40C_1v95 0
max cap violation count 0
%OL_METRIC_I design__max_cap_violation__count__corner:min_ff_n40C_1v95 0
============================================================================

===========================================================================
check_setup -verbose -unconstrained_endpoints -multiple_clock -no_clock -no_input_delay -loops -generated_clocks
===========================================================================
%OL_END_REPORT
%OL_CREATE_REPORT power.rpt

===========================================================================
 report_power
============================================================================
======================= min_ff_n40C_1v95 Corner ===================================

Group                    Internal    Switching      Leakage        Total
                            Power        Power        Power        Power (Watts)
------------------------------------------------------------------------
Sequential           0.000000e+00 0.000000e+00 0.000000e+00 0.000000e+00   0.0%
Combinational        5.705329e-04 7.119494e-04 7.277905e-09 1.282490e-03 100.0%
Clock                0.000000e+00 0.000000e+00 3.372829e-09 3.372829e-09   0.0%
Macro                0.000000e+00 0.000000e+00 0.000000e+00 0.000000e+00   0.0%
Pad                  0.000000e+00 0.000000e+00 0.000000e+00 0.000000e+00   0.0%
------------------------------------------------------------------------
Total                5.705329e-04 7.119494e-04 1.065075e-08 1.282493e-03 100.0%
                            44.5%        55.5%         0.0%
%OL_METRIC_F power__internal__total 0.0005705328658223152
%OL_METRIC_F power__switching__total 0.0007119493675418198
%OL_METRIC_F power__leakage__total 1.0650752280128017e-8
%OL_METRIC_F power__total 0.0012824927689507604

%OL_END_REPORT
%OL_CREATE_REPORT skew.min.rpt

===========================================================================
Clock Skew (Hold)
============================================================================
%OL_METRIC_F clock__skew__worst_hold__corner:min_ff_n40C_1v95 0.0
======================= min_ff_n40C_1v95 Corner ===================================

Clock __VIRTUAL_CLK__
No launch/capture paths found.

%OL_END_REPORT
%OL_CREATE_REPORT skew.max.rpt

===========================================================================
Clock Skew (Setup)
============================================================================
%OL_METRIC_F clock__skew__worst_setup__corner:min_ff_n40C_1v95 0.0
======================= min_ff_n40C_1v95 Corner ===================================

Clock __VIRTUAL_CLK__
No launch/capture paths found.

%OL_END_REPORT
%OL_CREATE_REPORT ws.min.rpt

===========================================================================
Worst Slack (Hold)
============================================================================
%OL_METRIC_F timing__hold__ws__corner:min_ff_n40C_1v95 1.7288665433060821
min_ff_n40C_1v95: 1.7288665433060821
%OL_END_REPORT
%OL_CREATE_REPORT ws.max.rpt

===========================================================================
Worst Slack (Setup)
============================================================================
%OL_METRIC_F timing__setup__ws__corner:min_ff_n40C_1v95 0.5027125524816316
min_ff_n40C_1v95: 0.5027125524816316
%OL_END_REPORT
%OL_CREATE_REPORT tns.min.rpt

===========================================================================
Total Negative Slack (Hold)
============================================================================
%OL_METRIC_F timing__hold__tns__corner:min_ff_n40C_1v95 0.0
min_ff_n40C_1v95: 0.0
%OL_END_REPORT
%OL_CREATE_REPORT tns.max.rpt

===========================================================================
Total Negative Slack (Setup)
============================================================================
%OL_METRIC_F timing__setup__tns__corner:min_ff_n40C_1v95 0.0
min_ff_n40C_1v95: 0.0
%OL_END_REPORT
%OL_CREATE_REPORT wns.min.rpt

===========================================================================
Worst Negative Slack (Hold)
============================================================================
%OL_METRIC_F timing__hold__wns__corner:min_ff_n40C_1v95 0
min_ff_n40C_1v95: 0
%OL_END_REPORT
%OL_CREATE_REPORT wns.max.rpt

===========================================================================
Worst Negative Slack (Setup)
============================================================================
%OL_METRIC_F timing__setup__wns__corner:min_ff_n40C_1v95 0.0
min_ff_n40C_1v95: 0.0
%OL_END_REPORT
%OL_CREATE_REPORT violator_list.rpt

===========================================================================
Violator List
============================================================================
%OL_METRIC_I timing__hold_vio__count__corner:min_ff_n40C_1v95 0
%OL_METRIC_F timing__hold_r2r__ws__corner:min_ff_n40C_1v95 inf
%OL_METRIC_I timing__hold_r2r_vio__count__corner:min_ff_n40C_1v95 0
%OL_METRIC_I timing__setup_vio__count__corner:min_ff_n40C_1v95 0
%OL_METRIC_F timing__setup_r2r__ws__corner:min_ff_n40C_1v95 inf
%OL_METRIC_I timing__setup_r2r_vio__count__corner:min_ff_n40C_1v95 0
%OL_END_REPORT
%OL_CREATE_REPORT unpropagated.rpt
__VIRTUAL_CLK__
%OL_END_REPORT
%OL_CREATE_REPORT clock.rpt
Clock: __VIRTUAL_CLK__
Sources: 
Generated: no
Virtual: yes
Propagated: no
Period: 4.000000

===========================================================================
report_clock_properties
============================================================================
Clock                   Period          Waveform
----------------------------------------------------
__VIRTUAL_CLK__       4.000000    0.000000  2.000000

===========================================================================
report_clock_latency
============================================================================
Clock __VIRTUAL_CLK__


===========================================================================
report_clock_min_period
============================================================================
__VIRTUAL_CLK__ period_min = 0.00 fmax = inf
%OL_END_REPORT
Writing SDF files for all corners…
Removing Clock latencies before writing libs…
Writing timing models for all corners…
Writing timing models for the min_ff_n40C_1v95 corner to /home/admin/Documents/Projekty/Hobby/Nauka/RISC-5/.v/DDCA/code/exercises/ALUDesignIverilog/ALU/systemIverilog/build/runs/RUN_2026-09-29_09-19-13/54-openroad-stapostpnr/min_ff_n40C_1v95/addsub32__min_ff_n40C_1v95.lib…
