
===========================================================================
report_checks -path_delay max (Setup)
============================================================================
======================= nom_ff_n40C_1v95 Corner ===================================

Startpoint: sub (input port clocked by __VIRTUAL_CLK__)
Endpoint: S[23] (output port clocked by __VIRTUAL_CLK__)
Path Group: __VIRTUAL_CLK__
Path Type: max

Fanout         Cap        Slew       Delay        Time   Description
---------------------------------------------------------------------------------------------
                      0.000000    0.000000    0.000000   clock __VIRTUAL_CLK__ (rise edge)
                                  0.000000    0.000000   clock network delay (ideal)
                                  1.000000    1.000000 ^ input external delay
   104    0.471042    1.580748    1.156620    2.156620 ^ sub (in)
                                                         sub (net)
                      1.580748    0.000000    2.156620 ^ _728_/A (sky130_fd_sc_hd__and2_2)
     3    0.014713    0.096183    0.153050    2.309669 ^ _728_/X (sky130_fd_sc_hd__and2_2)
                                                         _075_ (net)
                      0.096183    0.000000    2.309669 ^ _360_/A1 (sky130_fd_sc_hd__o2111ai_2)
     3    0.012313    0.093780    0.108885    2.418554 v _360_/Y (sky130_fd_sc_hd__o2111ai_2)
                                                         _089_ (net)
                      0.093780    0.000000    2.418554 v _377_/A (sky130_fd_sc_hd__nor2_4)
     3    0.017749    0.102266    0.133459    2.552014 ^ _377_/Y (sky130_fd_sc_hd__nor2_4)
                                                         _106_ (net)
                      0.102266    0.000000    2.552014 ^ _420_/B (sky130_fd_sc_hd__nand3_2)
     2    0.008481    0.066479    0.064542    2.616556 v _420_/Y (sky130_fd_sc_hd__nand3_2)
                                                         _149_ (net)
                      0.066479    0.000000    2.616556 v _422_/A (sky130_fd_sc_hd__nand2_2)
     3    0.019719    0.089753    0.096619    2.713175 ^ _422_/Y (sky130_fd_sc_hd__nand2_2)
                                                         _151_ (net)
                      0.089753    0.000000    2.713175 ^ _424_/B1 (sky130_fd_sc_hd__o22ai_4)
     4    0.022073    0.072504    0.058153    2.771327 v _424_/Y (sky130_fd_sc_hd__o22ai_4)
                                                         _153_ (net)
                      0.072504    0.000000    2.771327 v _470_/B2 (sky130_fd_sc_hd__o22ai_4)
     7    0.039068    0.234647    0.203833    2.975160 ^ _470_/Y (sky130_fd_sc_hd__o22ai_4)
                                                         _195_ (net)
                      0.234647    0.000000    2.975160 ^ _511_/A1 (sky130_fd_sc_hd__a211oi_2)
     1    0.008322    0.077600    0.071532    3.046693 v _511_/Y (sky130_fd_sc_hd__a211oi_2)
                                                         _233_ (net)
                      0.077600    0.000000    3.046693 v _513_/A (sky130_fd_sc_hd__nor2_4)
     1    0.033442    0.166760    0.177367    3.224059 ^ _513_/Y (sky130_fd_sc_hd__nor2_4)
                                                         S[23] (net)
                      0.166760    0.000000    3.224059 ^ S[23] (out)
                                              3.224059   data arrival time

                      0.000000    5.000000    5.000000   clock __VIRTUAL_CLK__ (rise edge)
                                  0.000000    5.000000   clock network delay (ideal)
                                 -0.250000    4.750000   clock uncertainty
                                  0.000000    4.750000   clock reconvergence pessimism
                                 -1.000000    3.750000   output external delay
                                              3.750000   data required time
---------------------------------------------------------------------------------------------
                                              3.750000   data required time
                                             -3.224059   data arrival time
---------------------------------------------------------------------------------------------
                                              0.525941   slack (MET)


Startpoint: sub (input port clocked by __VIRTUAL_CLK__)
Endpoint: S[30] (output port clocked by __VIRTUAL_CLK__)
Path Group: __VIRTUAL_CLK__
Path Type: max

Fanout         Cap        Slew       Delay        Time   Description
---------------------------------------------------------------------------------------------
                      0.000000    0.000000    0.000000   clock __VIRTUAL_CLK__ (rise edge)
                                  0.000000    0.000000   clock network delay (ideal)
                                  1.000000    1.000000 ^ input external delay
   104    0.471042    1.580748    1.156620    2.156620 ^ sub (in)
                                                         sub (net)
                      1.580748    0.000000    2.156620 ^ _449_/A (sky130_fd_sc_hd__and2_2)
     2    0.009497    0.080026    0.131078    2.287698 ^ _449_/X (sky130_fd_sc_hd__and2_2)
                                                         _175_ (net)
                      0.080026    0.000000    2.287698 ^ _450_/B (sky130_fd_sc_hd__nor2_2)
     3    0.012593    0.052901    0.039615    2.327313 v _450_/Y (sky130_fd_sc_hd__nor2_2)
                                                         _176_ (net)
                      0.052901    0.000000    2.327313 v _467_/A2 (sky130_fd_sc_hd__o21ai_2)
     1    0.005075    0.078313    0.091452    2.418766 ^ _467_/Y (sky130_fd_sc_hd__o21ai_2)
                                                         _192_ (net)
                      0.078313    0.000000    2.418766 ^ _469_/A1 (sky130_fd_sc_hd__o21ai_2)
     1    0.004282    0.028927    0.042058    2.460824 v _469_/Y (sky130_fd_sc_hd__o21ai_2)
                                                         _194_ (net)
                      0.028927    0.000000    2.460824 v _517_/A1 (sky130_fd_sc_hd__a21oi_2)
     7    0.029383    0.271543    0.242021    2.702844 ^ _517_/Y (sky130_fd_sc_hd__a21oi_2)
                                                         _238_ (net)
                      0.271543    0.000000    2.702844 ^ _575_/A2 (sky130_fd_sc_hd__o21a_2)
     3    0.019359    0.083924    0.140995    2.843839 ^ _575_/X (sky130_fd_sc_hd__o21a_2)
                                                         _292_ (net)
                      0.083924    0.000000    2.843839 ^ _577_/B (sky130_fd_sc_hd__nand2_4)
     5    0.017409    0.064509    0.047477    2.891316 v _577_/Y (sky130_fd_sc_hd__nand2_4)
                                                         _294_ (net)
                      0.064509    0.000000    2.891316 v _603_/A1 (sky130_fd_sc_hd__a21o_2)
     1    0.007875    0.035031    0.144809    3.036125 v _603_/X (sky130_fd_sc_hd__a21o_2)
                                                         _318_ (net)
                      0.035031    0.000000    3.036125 v _604_/A2 (sky130_fd_sc_hd__o21ai_4)
     1    0.033442    0.208401    0.183672    3.219797 ^ _604_/Y (sky130_fd_sc_hd__o21ai_4)
                                                         S[30] (net)
                      0.208401    0.000000    3.219797 ^ S[30] (out)
                                              3.219797   data arrival time

                      0.000000    5.000000    5.000000   clock __VIRTUAL_CLK__ (rise edge)
                                  0.000000    5.000000   clock network delay (ideal)
                                 -0.250000    4.750000   clock uncertainty
                                  0.000000    4.750000   clock reconvergence pessimism
                                 -1.000000    3.750000   output external delay
                                              3.750000   data required time
---------------------------------------------------------------------------------------------
                                              3.750000   data required time
                                             -3.219797   data arrival time
---------------------------------------------------------------------------------------------
                                              0.530203   slack (MET)


Startpoint: sub (input port clocked by __VIRTUAL_CLK__)
Endpoint: S[17] (output port clocked by __VIRTUAL_CLK__)
Path Group: __VIRTUAL_CLK__
Path Type: max

Fanout         Cap        Slew       Delay        Time   Description
---------------------------------------------------------------------------------------------
                      0.000000    0.000000    0.000000   clock __VIRTUAL_CLK__ (rise edge)
                                  0.000000    0.000000   clock network delay (ideal)
                                  1.000000    1.000000 ^ input external delay
   104    0.471042    1.580748    1.156620    2.156620 ^ sub (in)
                                                         sub (net)
                      1.580748    0.000000    2.156620 ^ _728_/A (sky130_fd_sc_hd__and2_2)
     3    0.014713    0.096183    0.153050    2.309669 ^ _728_/X (sky130_fd_sc_hd__and2_2)
                                                         _075_ (net)
                      0.096183    0.000000    2.309669 ^ _360_/A1 (sky130_fd_sc_hd__o2111ai_2)
     3    0.012313    0.093780    0.108885    2.418554 v _360_/Y (sky130_fd_sc_hd__o2111ai_2)
                                                         _089_ (net)
                      0.093780    0.000000    2.418554 v _377_/A (sky130_fd_sc_hd__nor2_4)
     3    0.017749    0.102266    0.133459    2.552014 ^ _377_/Y (sky130_fd_sc_hd__nor2_4)
                                                         _106_ (net)
                      0.102266    0.000000    2.552014 ^ _420_/B (sky130_fd_sc_hd__nand3_2)
     2    0.008481    0.066479    0.064542    2.616556 v _420_/Y (sky130_fd_sc_hd__nand3_2)
                                                         _149_ (net)
                      0.066479    0.000000    2.616556 v _422_/A (sky130_fd_sc_hd__nand2_2)
     3    0.019719    0.089753    0.096619    2.713175 ^ _422_/Y (sky130_fd_sc_hd__nand2_2)
                                                         _151_ (net)
                      0.089753    0.000000    2.713175 ^ _424_/B1 (sky130_fd_sc_hd__o22ai_4)
     4    0.022073    0.072504    0.058153    2.771327 v _424_/Y (sky130_fd_sc_hd__o22ai_4)
                                                         _153_ (net)
                      0.072504    0.000000    2.771327 v _432_/A2 (sky130_fd_sc_hd__a21bo_2)
     1    0.007716    0.035229    0.165430    2.936757 v _432_/X (sky130_fd_sc_hd__a21bo_2)
                                                         _160_ (net)
                      0.035229    0.000000    2.936757 v _433_/B (sky130_fd_sc_hd__xor2_2)
     1    0.033442    0.320961    0.268411    3.205168 ^ _433_/X (sky130_fd_sc_hd__xor2_2)
                                                         S[17] (net)
                      0.320961    0.000000    3.205168 ^ S[17] (out)
                                              3.205168   data arrival time

                      0.000000    5.000000    5.000000   clock __VIRTUAL_CLK__ (rise edge)
                                  0.000000    5.000000   clock network delay (ideal)
                                 -0.250000    4.750000   clock uncertainty
                                  0.000000    4.750000   clock reconvergence pessimism
                                 -1.000000    3.750000   output external delay
                                              3.750000   data required time
---------------------------------------------------------------------------------------------
                                              3.750000   data required time
                                             -3.205168   data arrival time
---------------------------------------------------------------------------------------------
                                              0.544832   slack (MET)


Startpoint: sub (input port clocked by __VIRTUAL_CLK__)
Endpoint: S[11] (output port clocked by __VIRTUAL_CLK__)
Path Group: __VIRTUAL_CLK__
Path Type: max

Fanout         Cap        Slew       Delay        Time   Description
---------------------------------------------------------------------------------------------
                      0.000000    0.000000    0.000000   clock __VIRTUAL_CLK__ (rise edge)
                                  0.000000    0.000000   clock network delay (ideal)
                                  1.000000    1.000000 ^ input external delay
   104    0.471042    1.580748    1.156620    2.156620 ^ sub (in)
                                                         sub (net)
                      1.580748    0.000000    2.156620 ^ _728_/A (sky130_fd_sc_hd__and2_2)
     3    0.014713    0.096183    0.153050    2.309669 ^ _728_/X (sky130_fd_sc_hd__and2_2)
                                                         _075_ (net)
                      0.096183    0.000000    2.309669 ^ _360_/A1 (sky130_fd_sc_hd__o2111ai_2)
     3    0.012313    0.093780    0.108885    2.418554 v _360_/Y (sky130_fd_sc_hd__o2111ai_2)
                                                         _089_ (net)
                      0.093780    0.000000    2.418554 v _378_/A (sky130_fd_sc_hd__or2_4)
     1    0.004576    0.033100    0.181309    2.599863 v _378_/X (sky130_fd_sc_hd__or2_4)
                                                         _107_ (net)
                      0.033100    0.000000    2.599863 v _632_/B1 (sky130_fd_sc_hd__o2bb2ai_2)
     3    0.015579    0.161274    0.160398    2.760262 ^ _632_/Y (sky130_fd_sc_hd__o2bb2ai_2)
                                                         _337_ (net)
                      0.161274    0.000000    2.760262 ^ _636_/A1 (sky130_fd_sc_hd__a21oi_2)
     2    0.011844    0.060463    0.058462    2.818723 v _636_/Y (sky130_fd_sc_hd__a21oi_2)
                                                         _339_ (net)
                      0.060463    0.000000    2.818723 v _638_/A2 (sky130_fd_sc_hd__o21ai_2)
     1    0.008409    0.103206    0.113355    2.932078 ^ _638_/Y (sky130_fd_sc_hd__o21ai_2)
                                                         _340_ (net)
                      0.103206    0.000000    2.932078 ^ _639_/B (sky130_fd_sc_hd__xor2_2)
     1    0.033442    0.321174    0.272562    3.204640 ^ _639_/X (sky130_fd_sc_hd__xor2_2)
                                                         S[11] (net)
                      0.321174    0.000000    3.204640 ^ S[11] (out)
                                              3.204640   data arrival time

                      0.000000    5.000000    5.000000   clock __VIRTUAL_CLK__ (rise edge)
                                  0.000000    5.000000   clock network delay (ideal)
                                 -0.250000    4.750000   clock uncertainty
                                  0.000000    4.750000   clock reconvergence pessimism
                                 -1.000000    3.750000   output external delay
                                              3.750000   data required time
---------------------------------------------------------------------------------------------
                                              3.750000   data required time
                                             -3.204640   data arrival time
---------------------------------------------------------------------------------------------
                                              0.545360   slack (MET)


Startpoint: sub (input port clocked by __VIRTUAL_CLK__)
Endpoint: S[21] (output port clocked by __VIRTUAL_CLK__)
Path Group: __VIRTUAL_CLK__
Path Type: max

Fanout         Cap        Slew       Delay        Time   Description
---------------------------------------------------------------------------------------------
                      0.000000    0.000000    0.000000   clock __VIRTUAL_CLK__ (rise edge)
                                  0.000000    0.000000   clock network delay (ideal)
                                  1.000000    1.000000 ^ input external delay
   104    0.471042    1.580748    1.156620    2.156620 ^ sub (in)
                                                         sub (net)
                      1.580748    0.000000    2.156620 ^ _728_/A (sky130_fd_sc_hd__and2_2)
     3    0.014713    0.096183    0.153050    2.309669 ^ _728_/X (sky130_fd_sc_hd__and2_2)
                                                         _075_ (net)
                      0.096183    0.000000    2.309669 ^ _360_/A1 (sky130_fd_sc_hd__o2111ai_2)
     3    0.012313    0.093780    0.108885    2.418554 v _360_/Y (sky130_fd_sc_hd__o2111ai_2)
                                                         _089_ (net)
                      0.093780    0.000000    2.418554 v _377_/A (sky130_fd_sc_hd__nor2_4)
     3    0.017749    0.102266    0.133459    2.552014 ^ _377_/Y (sky130_fd_sc_hd__nor2_4)
                                                         _106_ (net)
                      0.102266    0.000000    2.552014 ^ _420_/B (sky130_fd_sc_hd__nand3_2)
     2    0.008481    0.066479    0.064542    2.616556 v _420_/Y (sky130_fd_sc_hd__nand3_2)
                                                         _149_ (net)
                      0.066479    0.000000    2.616556 v _422_/A (sky130_fd_sc_hd__nand2_2)
     3    0.019719    0.089753    0.096619    2.713175 ^ _422_/Y (sky130_fd_sc_hd__nand2_2)
                                                         _151_ (net)
                      0.089753    0.000000    2.713175 ^ _424_/B1 (sky130_fd_sc_hd__o22ai_4)
     4    0.022073    0.072504    0.058153    2.771327 v _424_/Y (sky130_fd_sc_hd__o22ai_4)
                                                         _153_ (net)
                      0.072504    0.000000    2.771327 v _470_/B2 (sky130_fd_sc_hd__o22ai_4)
     7    0.039068    0.234647    0.203833    2.975160 ^ _470_/Y (sky130_fd_sc_hd__o22ai_4)
                                                         _195_ (net)
                      0.234647    0.000000    2.975160 ^ _479_/A2_N (sky130_fd_sc_hd__o2bb2ai_2)
     1    0.004594    0.091122    0.068231    3.043392 ^ _479_/Y (sky130_fd_sc_hd__o2bb2ai_2)
                                                         _203_ (net)
                      0.091122    0.000000    3.043392 ^ _481_/B1 (sky130_fd_sc_hd__o21ai_2)
     1    0.008405    0.051936    0.037525    3.080917 v _481_/Y (sky130_fd_sc_hd__o21ai_2)
                                                         _205_ (net)
                      0.051936    0.000000    3.080917 v _482_/B (sky130_fd_sc_hd__nand2_4)
     1    0.033442    0.087940    0.096506    3.177423 ^ _482_/Y (sky130_fd_sc_hd__nand2_4)
                                                         S[21] (net)
                      0.087940    0.000000    3.177423 ^ S[21] (out)
                                              3.177423   data arrival time

                      0.000000    5.000000    5.000000   clock __VIRTUAL_CLK__ (rise edge)
                                  0.000000    5.000000   clock network delay (ideal)
                                 -0.250000    4.750000   clock uncertainty
                                  0.000000    4.750000   clock reconvergence pessimism
                                 -1.000000    3.750000   output external delay
                                              3.750000   data required time
---------------------------------------------------------------------------------------------
                                              3.750000   data required time
                                             -3.177423   data arrival time
---------------------------------------------------------------------------------------------
                                              0.572577   slack (MET)


Startpoint: sub (input port clocked by __VIRTUAL_CLK__)
Endpoint: S[22] (output port clocked by __VIRTUAL_CLK__)
Path Group: __VIRTUAL_CLK__
Path Type: max

Fanout         Cap        Slew       Delay        Time   Description
---------------------------------------------------------------------------------------------
                      0.000000    0.000000    0.000000   clock __VIRTUAL_CLK__ (rise edge)
                                  0.000000    0.000000   clock network delay (ideal)
                                  1.000000    1.000000 ^ input external delay
   104    0.471042    1.580748    1.156620    2.156620 ^ sub (in)
                                                         sub (net)
                      1.580748    0.000000    2.156620 ^ _728_/A (sky130_fd_sc_hd__and2_2)
     3    0.014713    0.096183    0.153050    2.309669 ^ _728_/X (sky130_fd_sc_hd__and2_2)
                                                         _075_ (net)
                      0.096183    0.000000    2.309669 ^ _360_/A1 (sky130_fd_sc_hd__o2111ai_2)
     3    0.012313    0.093780    0.108885    2.418554 v _360_/Y (sky130_fd_sc_hd__o2111ai_2)
                                                         _089_ (net)
                      0.093780    0.000000    2.418554 v _377_/A (sky130_fd_sc_hd__nor2_4)
     3    0.017749    0.102266    0.133459    2.552014 ^ _377_/Y (sky130_fd_sc_hd__nor2_4)
                                                         _106_ (net)
                      0.102266    0.000000    2.552014 ^ _420_/B (sky130_fd_sc_hd__nand3_2)
     2    0.008481    0.066479    0.064542    2.616556 v _420_/Y (sky130_fd_sc_hd__nand3_2)
                                                         _149_ (net)
                      0.066479    0.000000    2.616556 v _422_/A (sky130_fd_sc_hd__nand2_2)
     3    0.019719    0.089753    0.096619    2.713175 ^ _422_/Y (sky130_fd_sc_hd__nand2_2)
                                                         _151_ (net)
                      0.089753    0.000000    2.713175 ^ _424_/B1 (sky130_fd_sc_hd__o22ai_4)
     4    0.022073    0.072504    0.058153    2.771327 v _424_/Y (sky130_fd_sc_hd__o22ai_4)
                                                         _153_ (net)
                      0.072504    0.000000    2.771327 v _470_/B2 (sky130_fd_sc_hd__o22ai_4)
     7    0.039068    0.234647    0.203833    2.975160 ^ _470_/Y (sky130_fd_sc_hd__o22ai_4)
                                                         _195_ (net)
                      0.234647    0.000000    2.975160 ^ _487_/A2_N (sky130_fd_sc_hd__o2bb2ai_2)
     1    0.004581    0.077751    0.068187    3.043348 ^ _487_/Y (sky130_fd_sc_hd__o2bb2ai_2)
                                                         _210_ (net)
                      0.077751    0.000000    3.043348 ^ _496_/A (sky130_fd_sc_hd__nand2_2)
     1    0.008405    0.037756    0.040706    3.084054 v _496_/Y (sky130_fd_sc_hd__nand2_2)
                                                         _219_ (net)
                      0.037756    0.000000    3.084054 v _497_/B (sky130_fd_sc_hd__nand2_4)
     1    0.033442    0.087929    0.090378    3.174432 ^ _497_/Y (sky130_fd_sc_hd__nand2_4)
                                                         S[22] (net)
                      0.087929    0.000000    3.174432 ^ S[22] (out)
                                              3.174432   data arrival time

                      0.000000    5.000000    5.000000   clock __VIRTUAL_CLK__ (rise edge)
                                  0.000000    5.000000   clock network delay (ideal)
                                 -0.250000    4.750000   clock uncertainty
                                  0.000000    4.750000   clock reconvergence pessimism
                                 -1.000000    3.750000   output external delay
                                              3.750000   data required time
---------------------------------------------------------------------------------------------
                                              3.750000   data required time
                                             -3.174432   data arrival time
---------------------------------------------------------------------------------------------
                                              0.575568   slack (MET)


Startpoint: sub (input port clocked by __VIRTUAL_CLK__)
Endpoint: S[14] (output port clocked by __VIRTUAL_CLK__)
Path Group: __VIRTUAL_CLK__
Path Type: max

Fanout         Cap        Slew       Delay        Time   Description
---------------------------------------------------------------------------------------------
                      0.000000    0.000000    0.000000   clock __VIRTUAL_CLK__ (rise edge)
                                  0.000000    0.000000   clock network delay (ideal)
                                  1.000000    1.000000 ^ input external delay
   104    0.471042    1.580748    1.156620    2.156620 ^ sub (in)
                                                         sub (net)
                      1.580748    0.000000    2.156620 ^ _728_/A (sky130_fd_sc_hd__and2_2)
     3    0.014713    0.096183    0.153050    2.309669 ^ _728_/X (sky130_fd_sc_hd__and2_2)
                                                         _075_ (net)
                      0.096183    0.000000    2.309669 ^ _360_/A1 (sky130_fd_sc_hd__o2111ai_2)
     3    0.012313    0.093780    0.108885    2.418554 v _360_/Y (sky130_fd_sc_hd__o2111ai_2)
                                                         _089_ (net)
                      0.093780    0.000000    2.418554 v _377_/A (sky130_fd_sc_hd__nor2_4)
     3    0.017749    0.102266    0.133459    2.552014 ^ _377_/Y (sky130_fd_sc_hd__nor2_4)
                                                         _106_ (net)
                      0.102266    0.000000    2.552014 ^ _410_/B (sky130_fd_sc_hd__nand4_4)
     3    0.016902    0.083588    0.085372    2.637386 v _410_/Y (sky130_fd_sc_hd__nand4_4)
                                                         _139_ (net)
                      0.083588    0.000000    2.637386 v _640_/A (sky130_fd_sc_hd__nand4_2)
     4    0.018013    0.109036    0.108436    2.745821 ^ _640_/Y (sky130_fd_sc_hd__nand4_2)
                                                         _341_ (net)
                      0.109036    0.000000    2.745821 ^ _641_/A (sky130_fd_sc_hd__nand2_2)
     1    0.004045    0.033830    0.030197    2.776019 v _641_/Y (sky130_fd_sc_hd__nand2_2)
                                                         _342_ (net)
                      0.033830    0.000000    2.776019 v _645_/A2 (sky130_fd_sc_hd__o211ai_2)
     1    0.008409    0.126292    0.124760    2.900779 ^ _645_/Y (sky130_fd_sc_hd__o211ai_2)
                                                         _344_ (net)
                      0.126292    0.000000    2.900779 ^ _647_/B (sky130_fd_sc_hd__xor2_2)
     1    0.033442    0.321120    0.272993    3.173772 ^ _647_/X (sky130_fd_sc_hd__xor2_2)
                                                         S[14] (net)
                      0.321120    0.000000    3.173772 ^ S[14] (out)
                                              3.173772   data arrival time

                      0.000000    5.000000    5.000000   clock __VIRTUAL_CLK__ (rise edge)
                                  0.000000    5.000000   clock network delay (ideal)
                                 -0.250000    4.750000   clock uncertainty
                                  0.000000    4.750000   clock reconvergence pessimism
                                 -1.000000    3.750000   output external delay
                                              3.750000   data required time
---------------------------------------------------------------------------------------------
                                              3.750000   data required time
                                             -3.173772   data arrival time
---------------------------------------------------------------------------------------------
                                              0.576228   slack (MET)


Startpoint: sub (input port clocked by __VIRTUAL_CLK__)
Endpoint: S[20] (output port clocked by __VIRTUAL_CLK__)
Path Group: __VIRTUAL_CLK__
Path Type: max

Fanout         Cap        Slew       Delay        Time   Description
---------------------------------------------------------------------------------------------
                      0.000000    0.000000    0.000000   clock __VIRTUAL_CLK__ (rise edge)
                                  0.000000    0.000000   clock network delay (ideal)
                                  1.000000    1.000000 ^ input external delay
   104    0.471042    1.580748    1.156620    2.156620 ^ sub (in)
                                                         sub (net)
                      1.580748    0.000000    2.156620 ^ _728_/A (sky130_fd_sc_hd__and2_2)
     3    0.014713    0.096183    0.153050    2.309669 ^ _728_/X (sky130_fd_sc_hd__and2_2)
                                                         _075_ (net)
                      0.096183    0.000000    2.309669 ^ _360_/A1 (sky130_fd_sc_hd__o2111ai_2)
     3    0.012313    0.093780    0.108885    2.418554 v _360_/Y (sky130_fd_sc_hd__o2111ai_2)
                                                         _089_ (net)
                      0.093780    0.000000    2.418554 v _377_/A (sky130_fd_sc_hd__nor2_4)
     3    0.017749    0.102266    0.133459    2.552014 ^ _377_/Y (sky130_fd_sc_hd__nor2_4)
                                                         _106_ (net)
                      0.102266    0.000000    2.552014 ^ _420_/B (sky130_fd_sc_hd__nand3_2)
     2    0.008481    0.066479    0.064542    2.616556 v _420_/Y (sky130_fd_sc_hd__nand3_2)
                                                         _149_ (net)
                      0.066479    0.000000    2.616556 v _422_/A (sky130_fd_sc_hd__nand2_2)
     3    0.019719    0.089753    0.096619    2.713175 ^ _422_/Y (sky130_fd_sc_hd__nand2_2)
                                                         _151_ (net)
                      0.089753    0.000000    2.713175 ^ _424_/B1 (sky130_fd_sc_hd__o22ai_4)
     4    0.022073    0.072504    0.058153    2.771327 v _424_/Y (sky130_fd_sc_hd__o22ai_4)
                                                         _153_ (net)
                      0.072504    0.000000    2.771327 v _470_/B2 (sky130_fd_sc_hd__o22ai_4)
     7    0.039068    0.234647    0.203833    2.975160 ^ _470_/Y (sky130_fd_sc_hd__o22ai_4)
                                                         _195_ (net)
                      0.234647    0.000000    2.975160 ^ _471_/B (sky130_fd_sc_hd__xor2_4)
     1    0.033442    0.214576    0.196503    3.171663 ^ _471_/X (sky130_fd_sc_hd__xor2_4)
                                                         S[20] (net)
                      0.214576    0.000000    3.171663 ^ S[20] (out)
                                              3.171663   data arrival time

                      0.000000    5.000000    5.000000   clock __VIRTUAL_CLK__ (rise edge)
                                  0.000000    5.000000   clock network delay (ideal)
                                 -0.250000    4.750000   clock uncertainty
                                  0.000000    4.750000   clock reconvergence pessimism
                                 -1.000000    3.750000   output external delay
                                              3.750000   data required time
---------------------------------------------------------------------------------------------
                                              3.750000   data required time
                                             -3.171663   data arrival time
---------------------------------------------------------------------------------------------
                                              0.578337   slack (MET)


Startpoint: sub (input port clocked by __VIRTUAL_CLK__)
Endpoint: S[15] (output port clocked by __VIRTUAL_CLK__)
Path Group: __VIRTUAL_CLK__
Path Type: max

Fanout         Cap        Slew       Delay        Time   Description
---------------------------------------------------------------------------------------------
                      0.000000    0.000000    0.000000   clock __VIRTUAL_CLK__ (rise edge)
                                  0.000000    0.000000   clock network delay (ideal)
                                  1.000000    1.000000 ^ input external delay
   104    0.471042    1.580748    1.156620    2.156620 ^ sub (in)
                                                         sub (net)
                      1.580748    0.000000    2.156620 ^ _728_/A (sky130_fd_sc_hd__and2_2)
     3    0.014713    0.096183    0.153050    2.309669 ^ _728_/X (sky130_fd_sc_hd__and2_2)
                                                         _075_ (net)
                      0.096183    0.000000    2.309669 ^ _407_/A1 (sky130_fd_sc_hd__o21ai_2)
     2    0.005941    0.048331    0.047887    2.357557 v _407_/Y (sky130_fd_sc_hd__o21ai_2)
                                                         _136_ (net)
                      0.048331    0.000000    2.357557 v _408_/B2 (sky130_fd_sc_hd__a2bb2oi_2)
     1    0.004614    0.073962    0.091873    2.449430 ^ _408_/Y (sky130_fd_sc_hd__a2bb2oi_2)
                                                         _137_ (net)
                      0.073962    0.000000    2.449430 ^ _409_/B (sky130_fd_sc_hd__nand2_2)
     2    0.008544    0.035993    0.045198    2.494628 v _409_/Y (sky130_fd_sc_hd__nand2_2)
                                                         _138_ (net)
                      0.035993    0.000000    2.494628 v _411_/A (sky130_fd_sc_hd__nand3_2)
     3    0.017808    0.088601    0.079662    2.574289 ^ _411_/Y (sky130_fd_sc_hd__nand3_2)
                                                         _140_ (net)
                      0.088601    0.000000    2.574289 ^ _640_/B (sky130_fd_sc_hd__nand4_2)
     4    0.016609    0.098508    0.104133    2.678422 v _640_/Y (sky130_fd_sc_hd__nand4_2)
                                                         _341_ (net)
                      0.098508    0.000000    2.678422 v _646_/A1 (sky130_fd_sc_hd__a21o_2)
     2    0.005657    0.031136    0.153023    2.831445 v _646_/X (sky130_fd_sc_hd__a21o_2)
                                                         _345_ (net)
                      0.031136    0.000000    2.831445 v _648_/D (sky130_fd_sc_hd__and4_2)
     1    0.008322    0.040492    0.162551    2.993996 v _648_/X (sky130_fd_sc_hd__and4_2)
                                                         _346_ (net)
                      0.040492    0.000000    2.993996 v _650_/A (sky130_fd_sc_hd__nor2_4)
     1    0.033442    0.166617    0.163310    3.157306 ^ _650_/Y (sky130_fd_sc_hd__nor2_4)
                                                         S[15] (net)
                      0.166617    0.000000    3.157306 ^ S[15] (out)
                                              3.157306   data arrival time

                      0.000000    5.000000    5.000000   clock __VIRTUAL_CLK__ (rise edge)
                                  0.000000    5.000000   clock network delay (ideal)
                                 -0.250000    4.750000   clock uncertainty
                                  0.000000    4.750000   clock reconvergence pessimism
                                 -1.000000    3.750000   output external delay
                                              3.750000   data required time
---------------------------------------------------------------------------------------------
                                              3.750000   data required time
                                             -3.157306   data arrival time
---------------------------------------------------------------------------------------------
                                              0.592694   slack (MET)


Startpoint: sub (input port clocked by __VIRTUAL_CLK__)
Endpoint: S[18] (output port clocked by __VIRTUAL_CLK__)
Path Group: __VIRTUAL_CLK__
Path Type: max

Fanout         Cap        Slew       Delay        Time   Description
---------------------------------------------------------------------------------------------
                      0.000000    0.000000    0.000000   clock __VIRTUAL_CLK__ (rise edge)
                                  0.000000    0.000000   clock network delay (ideal)
                                  1.000000    1.000000 ^ input external delay
   104    0.471042    1.580748    1.156620    2.156620 ^ sub (in)
                                                         sub (net)
                      1.580748    0.000000    2.156620 ^ _673_/A (sky130_fd_sc_hd__and2_2)
     4    0.017012    0.103116    0.159662    2.316282 ^ _673_/X (sky130_fd_sc_hd__and2_2)
                                                         _020_ (net)
                      0.103116    0.000000    2.316282 ^ _686_/A2 (sky130_fd_sc_hd__o21bai_2)
     1    0.002373    0.036347    0.032932    2.349214 v _686_/Y (sky130_fd_sc_hd__o21bai_2)
                                                         _033_ (net)
                      0.036347    0.000000    2.349214 v _687_/B1 (sky130_fd_sc_hd__o21a_2)
     5    0.018719    0.052617    0.101374    2.450588 v _687_/X (sky130_fd_sc_hd__o21a_2)
                                                         _034_ (net)
                      0.052617    0.000000    2.450588 v _691_/A (sky130_fd_sc_hd__and3_2)
     2    0.004438    0.032005    0.122182    2.572769 v _691_/X (sky130_fd_sc_hd__and3_2)
                                                         _038_ (net)
                      0.032005    0.000000    2.572769 v _693_/A1 (sky130_fd_sc_hd__a41o_2)
     3    0.013012    0.048241    0.161519    2.734288 v _693_/X (sky130_fd_sc_hd__a41o_2)
                                                         _040_ (net)
                      0.048241    0.000000    2.734288 v _444_/A1 (sky130_fd_sc_hd__a31oi_2)
     1    0.008409    0.138462    0.123486    2.857775 ^ _444_/Y (sky130_fd_sc_hd__a31oi_2)
                                                         _171_ (net)
                      0.138462    0.000000    2.857775 ^ _445_/B (sky130_fd_sc_hd__xor2_2)
     1    0.033442    0.320896    0.272549    3.130324 ^ _445_/X (sky130_fd_sc_hd__xor2_2)
                                                         S[18] (net)
                      0.320896    0.000000    3.130324 ^ S[18] (out)
                                              3.130324   data arrival time

                      0.000000    5.000000    5.000000   clock __VIRTUAL_CLK__ (rise edge)
                                  0.000000    5.000000   clock network delay (ideal)
                                 -0.250000    4.750000   clock uncertainty
                                  0.000000    4.750000   clock reconvergence pessimism
                                 -1.000000    3.750000   output external delay
                                              3.750000   data required time
---------------------------------------------------------------------------------------------
                                              3.750000   data required time
                                             -3.130324   data arrival time
---------------------------------------------------------------------------------------------
                                              0.619676   slack (MET)


Startpoint: sub (input port clocked by __VIRTUAL_CLK__)
Endpoint: S[27] (output port clocked by __VIRTUAL_CLK__)
Path Group: __VIRTUAL_CLK__
Path Type: max

Fanout         Cap        Slew       Delay        Time   Description
---------------------------------------------------------------------------------------------
                      0.000000    0.000000    0.000000   clock __VIRTUAL_CLK__ (rise edge)
                                  0.000000    0.000000   clock network delay (ideal)
                                  1.000000    1.000000 ^ input external delay
   104    0.471042    1.580748    1.156620    2.156620 ^ sub (in)
                                                         sub (net)
                      1.580748    0.000000    2.156620 ^ _728_/A (sky130_fd_sc_hd__and2_2)
     3    0.014713    0.096183    0.153050    2.309669 ^ _728_/X (sky130_fd_sc_hd__and2_2)
                                                         _075_ (net)
                      0.096183    0.000000    2.309669 ^ _407_/A1 (sky130_fd_sc_hd__o21ai_2)
     2    0.005941    0.048331    0.047887    2.357557 v _407_/Y (sky130_fd_sc_hd__o21ai_2)
                                                         _136_ (net)
                      0.048331    0.000000    2.357557 v _408_/B2 (sky130_fd_sc_hd__a2bb2oi_2)
     1    0.004614    0.073962    0.091873    2.449430 ^ _408_/Y (sky130_fd_sc_hd__a2bb2oi_2)
                                                         _137_ (net)
                      0.073962    0.000000    2.449430 ^ _409_/B (sky130_fd_sc_hd__nand2_2)
     2    0.008544    0.035993    0.045198    2.494628 v _409_/Y (sky130_fd_sc_hd__nand2_2)
                                                         _138_ (net)
                      0.035993    0.000000    2.494628 v _411_/A (sky130_fd_sc_hd__nand3_2)
     3    0.017808    0.088601    0.079662    2.574289 ^ _411_/Y (sky130_fd_sc_hd__nand3_2)
                                                         _140_ (net)
                      0.088601    0.000000    2.574289 ^ _415_/B (sky130_fd_sc_hd__nand3_4)
     3    0.016075    0.058260    0.062896    2.637185 v _415_/Y (sky130_fd_sc_hd__nand3_4)
                                                         _144_ (net)
                      0.058260    0.000000    2.637185 v _520_/B2 (sky130_fd_sc_hd__o221ai_2)
     4    0.016351    0.194213    0.173389    2.810574 ^ _520_/Y (sky130_fd_sc_hd__o221ai_2)
                                                         _241_ (net)
                      0.194213    0.000000    2.810574 ^ _559_/A1 (sky130_fd_sc_hd__a21oi_2)
     2    0.008760    0.065963    0.050893    2.861467 v _559_/Y (sky130_fd_sc_hd__a21oi_2)
                                                         _277_ (net)
                      0.065963    0.000000    2.861467 v _564_/A1 (sky130_fd_sc_hd__o21ai_2)
     1    0.033442    0.287931    0.267980    3.129447 ^ _564_/Y (sky130_fd_sc_hd__o21ai_2)
                                                         S[27] (net)
                      0.287931    0.000000    3.129447 ^ S[27] (out)
                                              3.129447   data arrival time

                      0.000000    5.000000    5.000000   clock __VIRTUAL_CLK__ (rise edge)
                                  0.000000    5.000000   clock network delay (ideal)
                                 -0.250000    4.750000   clock uncertainty
                                  0.000000    4.750000   clock reconvergence pessimism
                                 -1.000000    3.750000   output external delay
                                              3.750000   data required time
---------------------------------------------------------------------------------------------
                                              3.750000   data required time
                                             -3.129447   data arrival time
---------------------------------------------------------------------------------------------
                                              0.620553   slack (MET)


Startpoint: sub (input port clocked by __VIRTUAL_CLK__)
Endpoint: S[7] (output port clocked by __VIRTUAL_CLK__)
Path Group: __VIRTUAL_CLK__
Path Type: max

Fanout         Cap        Slew       Delay        Time   Description
---------------------------------------------------------------------------------------------
                      0.000000    0.000000    0.000000   clock __VIRTUAL_CLK__ (rise edge)
                                  0.000000    0.000000   clock network delay (ideal)
                                  1.000000    1.000000 ^ input external delay
   104    0.471042    1.580748    1.156620    2.156620 ^ sub (in)
                                                         sub (net)
                      1.580748    0.000000    2.156620 ^ _395_/A (sky130_fd_sc_hd__and2_4)
     4    0.018584    0.084858    0.114264    2.270884 ^ _395_/X (sky130_fd_sc_hd__and2_4)
                                                         _124_ (net)
                      0.084858    0.000000    2.270884 ^ _396_/A2 (sky130_fd_sc_hd__o21bai_4)
     5    0.017489    0.058152    0.053697    2.324581 v _396_/Y (sky130_fd_sc_hd__o21bai_4)
                                                         _125_ (net)
                      0.058152    0.000000    2.324581 v _405_/B1 (sky130_fd_sc_hd__o2111a_2)
     2    0.012900    0.048773    0.133730    2.458311 v _405_/X (sky130_fd_sc_hd__o2111a_2)
                                                         _134_ (net)
                      0.048773    0.000000    2.458311 v _624_/A2 (sky130_fd_sc_hd__a21oi_2)
     3    0.015598    0.157417    0.168084    2.626394 ^ _624_/Y (sky130_fd_sc_hd__a21oi_2)
                                                         _333_ (net)
                      0.157417    0.000000    2.626394 ^ _626_/B2 (sky130_fd_sc_hd__o22a_2)
     3    0.014991    0.064144    0.111299    2.737693 ^ _626_/X (sky130_fd_sc_hd__o22a_2)
                                                         _334_ (net)
                      0.064144    0.000000    2.737693 ^ _630_/B2 (sky130_fd_sc_hd__o2bb2a_2)
     1    0.008409    0.048529    0.117916    2.855609 ^ _630_/X (sky130_fd_sc_hd__o2bb2a_2)
                                                         _336_ (net)
                      0.048529    0.000000    2.855609 ^ _631_/B (sky130_fd_sc_hd__xor2_2)
     1    0.033442    0.320957    0.270306    3.125915 ^ _631_/X (sky130_fd_sc_hd__xor2_2)
                                                         S[7] (net)
                      0.320957    0.000000    3.125915 ^ S[7] (out)
                                              3.125915   data arrival time

                      0.000000    5.000000    5.000000   clock __VIRTUAL_CLK__ (rise edge)
                                  0.000000    5.000000   clock network delay (ideal)
                                 -0.250000    4.750000   clock uncertainty
                                  0.000000    4.750000   clock reconvergence pessimism
                                 -1.000000    3.750000   output external delay
                                              3.750000   data required time
---------------------------------------------------------------------------------------------
                                              3.750000   data required time
                                             -3.125915   data arrival time
---------------------------------------------------------------------------------------------
                                              0.624085   slack (MET)


Startpoint: sub (input port clocked by __VIRTUAL_CLK__)
Endpoint: S[31] (output port clocked by __VIRTUAL_CLK__)
Path Group: __VIRTUAL_CLK__
Path Type: max

Fanout         Cap        Slew       Delay        Time   Description
---------------------------------------------------------------------------------------------
                      0.000000    0.000000    0.000000   clock __VIRTUAL_CLK__ (rise edge)
                                  0.000000    0.000000   clock network delay (ideal)
                                  1.000000    1.000000 ^ input external delay
   104    0.471042    1.580748    1.156620    2.156620 ^ sub (in)
                                                         sub (net)
                      1.580748    0.000000    2.156620 ^ _449_/A (sky130_fd_sc_hd__and2_2)
     2    0.009497    0.080026    0.131078    2.287698 ^ _449_/X (sky130_fd_sc_hd__and2_2)
                                                         _175_ (net)
                      0.080026    0.000000    2.287698 ^ _450_/B (sky130_fd_sc_hd__nor2_2)
     3    0.012593    0.052901    0.039615    2.327313 v _450_/Y (sky130_fd_sc_hd__nor2_2)
                                                         _176_ (net)
                      0.052901    0.000000    2.327313 v _451_/A (sky130_fd_sc_hd__nand2_2)
     5    0.017739    0.082302    0.085072    2.412385 ^ _451_/Y (sky130_fd_sc_hd__nand2_2)
                                                         _177_ (net)
                      0.082302    0.000000    2.412385 ^ _454_/A (sky130_fd_sc_hd__nand2_2)
     1    0.007769    0.043517    0.039519    2.451905 v _454_/Y (sky130_fd_sc_hd__nand2_2)
                                                         _180_ (net)
                      0.043517    0.000000    2.451905 v _464_/D (sky130_fd_sc_hd__nor4_4)
     3    0.010810    0.192871    0.135339    2.587244 ^ _464_/Y (sky130_fd_sc_hd__nor4_4)
                                                         _189_ (net)
                      0.192871    0.000000    2.587244 ^ _519_/A (sky130_fd_sc_hd__nand2_2)
     2    0.008238    0.057229    0.044106    2.631349 v _519_/Y (sky130_fd_sc_hd__nand2_2)
                                                         _240_ (net)
                      0.057229    0.000000    2.631349 v _573_/A (sky130_fd_sc_hd__nor2_2)
     2    0.009072    0.091055    0.111306    2.742656 ^ _573_/Y (sky130_fd_sc_hd__nor2_2)
                                                         _290_ (net)
                      0.091055    0.000000    2.742656 ^ _574_/C1 (sky130_fd_sc_hd__o221ai_2)
     3    0.016865    0.086042    0.068948    2.811604 v _574_/Y (sky130_fd_sc_hd__o221ai_2)
                                                         _291_ (net)
                      0.086042    0.000000    2.811604 v _577_/A (sky130_fd_sc_hd__nand2_4)
     5    0.018640    0.057284    0.081612    2.893215 ^ _577_/Y (sky130_fd_sc_hd__nand2_4)
                                                         _294_ (net)
                      0.057284    0.000000    2.893215 ^ _605_/A (sky130_fd_sc_hd__nand4_2)
     1    0.008016    0.065321    0.057840    2.951056 v _605_/Y (sky130_fd_sc_hd__nand4_2)
                                                         _319_ (net)
                      0.065321    0.000000    2.951056 v _614_/A1 (sky130_fd_sc_hd__a22oi_4)
     1    0.033442    0.171446    0.174752    3.125808 ^ _614_/Y (sky130_fd_sc_hd__a22oi_4)
                                                         S[31] (net)
                      0.171446    0.000000    3.125808 ^ S[31] (out)
                                              3.125808   data arrival time

                      0.000000    5.000000    5.000000   clock __VIRTUAL_CLK__ (rise edge)
                                  0.000000    5.000000   clock network delay (ideal)
                                 -0.250000    4.750000   clock uncertainty
                                  0.000000    4.750000   clock reconvergence pessimism
                                 -1.000000    3.750000   output external delay
                                              3.750000   data required time
---------------------------------------------------------------------------------------------
                                              3.750000   data required time
                                             -3.125808   data arrival time
---------------------------------------------------------------------------------------------
                                              0.624192   slack (MET)


Startpoint: sub (input port clocked by __VIRTUAL_CLK__)
Endpoint: S[28] (output port clocked by __VIRTUAL_CLK__)
Path Group: __VIRTUAL_CLK__
Path Type: max

Fanout         Cap        Slew       Delay        Time   Description
---------------------------------------------------------------------------------------------
                      0.000000    0.000000    0.000000   clock __VIRTUAL_CLK__ (rise edge)
                                  0.000000    0.000000   clock network delay (ideal)
                                  1.000000    1.000000 ^ input external delay
   104    0.471042    1.580748    1.156620    2.156620 ^ sub (in)
                                                         sub (net)
                      1.580748    0.000000    2.156620 ^ _449_/A (sky130_fd_sc_hd__and2_2)
     2    0.009497    0.080026    0.131078    2.287698 ^ _449_/X (sky130_fd_sc_hd__and2_2)
                                                         _175_ (net)
                      0.080026    0.000000    2.287698 ^ _450_/B (sky130_fd_sc_hd__nor2_2)
     3    0.012593    0.052901    0.039615    2.327313 v _450_/Y (sky130_fd_sc_hd__nor2_2)
                                                         _176_ (net)
                      0.052901    0.000000    2.327313 v _467_/A2 (sky130_fd_sc_hd__o21ai_2)
     1    0.005075    0.078313    0.091452    2.418766 ^ _467_/Y (sky130_fd_sc_hd__o21ai_2)
                                                         _192_ (net)
                      0.078313    0.000000    2.418766 ^ _469_/A1 (sky130_fd_sc_hd__o21ai_2)
     1    0.004282    0.028927    0.042058    2.460824 v _469_/Y (sky130_fd_sc_hd__o21ai_2)
                                                         _194_ (net)
                      0.028927    0.000000    2.460824 v _517_/A1 (sky130_fd_sc_hd__a21oi_2)
     7    0.029383    0.271543    0.242021    2.702844 ^ _517_/Y (sky130_fd_sc_hd__a21oi_2)
                                                         _238_ (net)
                      0.271543    0.000000    2.702844 ^ _575_/A2 (sky130_fd_sc_hd__o21a_2)
     3    0.019359    0.083924    0.140995    2.843839 ^ _575_/X (sky130_fd_sc_hd__o21a_2)
                                                         _292_ (net)
                      0.083924    0.000000    2.843839 ^ _577_/B (sky130_fd_sc_hd__nand2_4)
     5    0.017409    0.064509    0.047477    2.891316 v _577_/Y (sky130_fd_sc_hd__nand2_4)
                                                         _294_ (net)
                      0.064509    0.000000    2.891316 v _580_/B1 (sky130_fd_sc_hd__a21o_2)
     1    0.002341    0.023961    0.096381    2.987698 v _580_/X (sky130_fd_sc_hd__a21o_2)
                                                         _297_ (net)
                      0.023961    0.000000    2.987698 v _581_/B (sky130_fd_sc_hd__and2b_4)
     1    0.033442    0.049728    0.137440    3.125138 v _581_/X (sky130_fd_sc_hd__and2b_4)
                                                         S[28] (net)
                      0.049728    0.000000    3.125138 v S[28] (out)
                                              3.125138   data arrival time

                      0.000000    5.000000    5.000000   clock __VIRTUAL_CLK__ (rise edge)
                                  0.000000    5.000000   clock network delay (ideal)
                                 -0.250000    4.750000   clock uncertainty
                                  0.000000    4.750000   clock reconvergence pessimism
                                 -1.000000    3.750000   output external delay
                                              3.750000   data required time
---------------------------------------------------------------------------------------------
                                              3.750000   data required time
                                             -3.125138   data arrival time
---------------------------------------------------------------------------------------------
                                              0.624862   slack (MET)


Startpoint: sub (input port clocked by __VIRTUAL_CLK__)
Endpoint: S[26] (output port clocked by __VIRTUAL_CLK__)
Path Group: __VIRTUAL_CLK__
Path Type: max

Fanout         Cap        Slew       Delay        Time   Description
---------------------------------------------------------------------------------------------
                      0.000000    0.000000    0.000000   clock __VIRTUAL_CLK__ (rise edge)
                                  0.000000    0.000000   clock network delay (ideal)
                                  1.000000    1.000000 ^ input external delay
   104    0.471042    1.580748    1.156620    2.156620 ^ sub (in)
                                                         sub (net)
                      1.580748    0.000000    2.156620 ^ _728_/A (sky130_fd_sc_hd__and2_2)
     3    0.014713    0.096183    0.153050    2.309669 ^ _728_/X (sky130_fd_sc_hd__and2_2)
                                                         _075_ (net)
                      0.096183    0.000000    2.309669 ^ _407_/A1 (sky130_fd_sc_hd__o21ai_2)
     2    0.005941    0.048331    0.047887    2.357557 v _407_/Y (sky130_fd_sc_hd__o21ai_2)
                                                         _136_ (net)
                      0.048331    0.000000    2.357557 v _408_/B2 (sky130_fd_sc_hd__a2bb2oi_2)
     1    0.004614    0.073962    0.091873    2.449430 ^ _408_/Y (sky130_fd_sc_hd__a2bb2oi_2)
                                                         _137_ (net)
                      0.073962    0.000000    2.449430 ^ _409_/B (sky130_fd_sc_hd__nand2_2)
     2    0.008544    0.035993    0.045198    2.494628 v _409_/Y (sky130_fd_sc_hd__nand2_2)
                                                         _138_ (net)
                      0.035993    0.000000    2.494628 v _411_/A (sky130_fd_sc_hd__nand3_2)
     3    0.017808    0.088601    0.079662    2.574289 ^ _411_/Y (sky130_fd_sc_hd__nand3_2)
                                                         _140_ (net)
                      0.088601    0.000000    2.574289 ^ _415_/B (sky130_fd_sc_hd__nand3_4)
     3    0.016075    0.058260    0.062896    2.637185 v _415_/Y (sky130_fd_sc_hd__nand3_4)
                                                         _144_ (net)
                      0.058260    0.000000    2.637185 v _520_/B2 (sky130_fd_sc_hd__o221ai_2)
     4    0.016351    0.194213    0.173389    2.810574 ^ _520_/Y (sky130_fd_sc_hd__o221ai_2)
                                                         _241_ (net)
                      0.194213    0.000000    2.810574 ^ _542_/A1 (sky130_fd_sc_hd__a21boi_2)
     2    0.005639    0.058573    0.039418    2.849993 v _542_/Y (sky130_fd_sc_hd__a21boi_2)
                                                         _261_ (net)
                      0.058573    0.000000    2.849993 v _551_/A_N (sky130_fd_sc_hd__nand3b_2)
     1    0.004223    0.042442    0.139903    2.989896 v _551_/Y (sky130_fd_sc_hd__nand3b_2)
                                                         _270_ (net)
                      0.042442    0.000000    2.989896 v _552_/B (sky130_fd_sc_hd__nand2_2)
     1    0.033442    0.140329    0.129739    3.119635 ^ _552_/Y (sky130_fd_sc_hd__nand2_2)
                                                         S[26] (net)
                      0.140329    0.000000    3.119635 ^ S[26] (out)
                                              3.119635   data arrival time

                      0.000000    5.000000    5.000000   clock __VIRTUAL_CLK__ (rise edge)
                                  0.000000    5.000000   clock network delay (ideal)
                                 -0.250000    4.750000   clock uncertainty
                                  0.000000    4.750000   clock reconvergence pessimism
                                 -1.000000    3.750000   output external delay
                                              3.750000   data required time
---------------------------------------------------------------------------------------------
                                              3.750000   data required time
                                             -3.119635   data arrival time
---------------------------------------------------------------------------------------------
                                              0.630365   slack (MET)


Startpoint: sub (input port clocked by __VIRTUAL_CLK__)
Endpoint: S[10] (output port clocked by __VIRTUAL_CLK__)
Path Group: __VIRTUAL_CLK__
Path Type: max

Fanout         Cap        Slew       Delay        Time   Description
---------------------------------------------------------------------------------------------
                      0.000000    0.000000    0.000000   clock __VIRTUAL_CLK__ (rise edge)
                                  0.000000    0.000000   clock network delay (ideal)
                                  1.000000    1.000000 ^ input external delay
   104    0.471042    1.580748    1.156620    2.156620 ^ sub (in)
                                                         sub (net)
                      1.580748    0.000000    2.156620 ^ _395_/A (sky130_fd_sc_hd__and2_4)
     4    0.018584    0.084858    0.114264    2.270884 ^ _395_/X (sky130_fd_sc_hd__and2_4)
                                                         _124_ (net)
                      0.084858    0.000000    2.270884 ^ _396_/A2 (sky130_fd_sc_hd__o21bai_4)
     5    0.017489    0.058152    0.053697    2.324581 v _396_/Y (sky130_fd_sc_hd__o21bai_4)
                                                         _125_ (net)
                      0.058152    0.000000    2.324581 v _405_/B1 (sky130_fd_sc_hd__o2111a_2)
     2    0.012900    0.048773    0.133730    2.458311 v _405_/X (sky130_fd_sc_hd__o2111a_2)
                                                         _134_ (net)
                      0.048773    0.000000    2.458311 v _624_/A2 (sky130_fd_sc_hd__a21oi_2)
     3    0.015598    0.157417    0.168084    2.626394 ^ _624_/Y (sky130_fd_sc_hd__a21oi_2)
                                                         _333_ (net)
                      0.157417    0.000000    2.626394 ^ _632_/B2 (sky130_fd_sc_hd__o2bb2ai_2)
     3    0.014573    0.060000    0.066500    2.692894 v _632_/Y (sky130_fd_sc_hd__o2bb2ai_2)
                                                         _337_ (net)
                      0.060000    0.000000    2.692894 v _636_/A1 (sky130_fd_sc_hd__a21oi_2)
     2    0.013130    0.138309    0.152066    2.844959 ^ _636_/Y (sky130_fd_sc_hd__a21oi_2)
                                                         _339_ (net)
                      0.138309    0.000000    2.844959 ^ _637_/B (sky130_fd_sc_hd__xor2_2)
     1    0.033442    0.320972    0.272555    3.117514 ^ _637_/X (sky130_fd_sc_hd__xor2_2)
                                                         S[10] (net)
                      0.320972    0.000000    3.117514 ^ S[10] (out)
                                              3.117514   data arrival time

                      0.000000    5.000000    5.000000   clock __VIRTUAL_CLK__ (rise edge)
                                  0.000000    5.000000   clock network delay (ideal)
                                 -0.250000    4.750000   clock uncertainty
                                  0.000000    4.750000   clock reconvergence pessimism
                                 -1.000000    3.750000   output external delay
                                              3.750000   data required time
---------------------------------------------------------------------------------------------
                                              3.750000   data required time
                                             -3.117514   data arrival time
---------------------------------------------------------------------------------------------
                                              0.632486   slack (MET)


Startpoint: sub (input port clocked by __VIRTUAL_CLK__)
Endpoint: S[29] (output port clocked by __VIRTUAL_CLK__)
Path Group: __VIRTUAL_CLK__
Path Type: max

Fanout         Cap        Slew       Delay        Time   Description
---------------------------------------------------------------------------------------------
                      0.000000    0.000000    0.000000   clock __VIRTUAL_CLK__ (rise edge)
                                  0.000000    0.000000   clock network delay (ideal)
                                  1.000000    1.000000 ^ input external delay
   104    0.471042    1.580748    1.156620    2.156620 ^ sub (in)
                                                         sub (net)
                      1.580748    0.000000    2.156620 ^ _673_/A (sky130_fd_sc_hd__and2_2)
     4    0.017012    0.103116    0.159662    2.316282 ^ _673_/X (sky130_fd_sc_hd__and2_2)
                                                         _020_ (net)
                      0.103116    0.000000    2.316282 ^ _686_/A2 (sky130_fd_sc_hd__o21bai_2)
     1    0.002373    0.036347    0.032932    2.349214 v _686_/Y (sky130_fd_sc_hd__o21bai_2)
                                                         _033_ (net)
                      0.036347    0.000000    2.349214 v _687_/B1 (sky130_fd_sc_hd__o21a_2)
     5    0.018719    0.052617    0.101374    2.450588 v _687_/X (sky130_fd_sc_hd__o21a_2)
                                                         _034_ (net)
                      0.052617    0.000000    2.450588 v _691_/A (sky130_fd_sc_hd__and3_2)
     2    0.004438    0.032005    0.122182    2.572769 v _691_/X (sky130_fd_sc_hd__and3_2)
                                                         _038_ (net)
                      0.032005    0.000000    2.572769 v _693_/A1 (sky130_fd_sc_hd__a41o_2)
     3    0.013012    0.048241    0.161519    2.734288 v _693_/X (sky130_fd_sc_hd__a41o_2)
                                                         _040_ (net)
                      0.048241    0.000000    2.734288 v _578_/A1 (sky130_fd_sc_hd__a31oi_2)
     1    0.004724    0.106131    0.100350    2.834638 ^ _578_/Y (sky130_fd_sc_hd__a31oi_2)
                                                         _295_ (net)
                      0.106131    0.000000    2.834638 ^ _588_/A2 (sky130_fd_sc_hd__o21bai_2)
     1    0.004128    0.029683    0.039444    2.874082 v _588_/Y (sky130_fd_sc_hd__o21bai_2)
                                                         _304_ (net)
                      0.029683    0.000000    2.874082 v _590_/A2 (sky130_fd_sc_hd__o21ai_2)
     1    0.033442    0.287921    0.239201    3.113282 ^ _590_/Y (sky130_fd_sc_hd__o21ai_2)
                                                         S[29] (net)
                      0.287921    0.000000    3.113282 ^ S[29] (out)
                                              3.113282   data arrival time

                      0.000000    5.000000    5.000000   clock __VIRTUAL_CLK__ (rise edge)
                                  0.000000    5.000000   clock network delay (ideal)
                                 -0.250000    4.750000   clock uncertainty
                                  0.000000    4.750000   clock reconvergence pessimism
                                 -1.000000    3.750000   output external delay
                                              3.750000   data required time
---------------------------------------------------------------------------------------------
                                              3.750000   data required time
                                             -3.113282   data arrival time
---------------------------------------------------------------------------------------------
                                              0.636718   slack (MET)


Startpoint: sub (input port clocked by __VIRTUAL_CLK__)
Endpoint: carryOut (output port clocked by __VIRTUAL_CLK__)
Path Group: __VIRTUAL_CLK__
Path Type: max

Fanout         Cap        Slew       Delay        Time   Description
---------------------------------------------------------------------------------------------
                      0.000000    0.000000    0.000000   clock __VIRTUAL_CLK__ (rise edge)
                                  0.000000    0.000000   clock network delay (ideal)
                                  1.000000    1.000000 ^ input external delay
   104    0.471042    1.580748    1.156620    2.156620 ^ sub (in)
                                                         sub (net)
                      1.580748    0.000000    2.156620 ^ _449_/A (sky130_fd_sc_hd__and2_2)
     2    0.009497    0.080026    0.131078    2.287698 ^ _449_/X (sky130_fd_sc_hd__and2_2)
                                                         _175_ (net)
                      0.080026    0.000000    2.287698 ^ _450_/B (sky130_fd_sc_hd__nor2_2)
     3    0.012593    0.052901    0.039615    2.327313 v _450_/Y (sky130_fd_sc_hd__nor2_2)
                                                         _176_ (net)
                      0.052901    0.000000    2.327313 v _451_/A (sky130_fd_sc_hd__nand2_2)
     5    0.017739    0.082302    0.085072    2.412385 ^ _451_/Y (sky130_fd_sc_hd__nand2_2)
                                                         _177_ (net)
                      0.082302    0.000000    2.412385 ^ _454_/A (sky130_fd_sc_hd__nand2_2)
     1    0.007769    0.043517    0.039519    2.451905 v _454_/Y (sky130_fd_sc_hd__nand2_2)
                                                         _180_ (net)
                      0.043517    0.000000    2.451905 v _464_/D (sky130_fd_sc_hd__nor4_4)
     3    0.010810    0.192871    0.135339    2.587244 ^ _464_/Y (sky130_fd_sc_hd__nor4_4)
                                                         _189_ (net)
                      0.192871    0.000000    2.587244 ^ _519_/A (sky130_fd_sc_hd__nand2_2)
     2    0.008238    0.057229    0.044106    2.631349 v _519_/Y (sky130_fd_sc_hd__nand2_2)
                                                         _240_ (net)
                      0.057229    0.000000    2.631349 v _573_/A (sky130_fd_sc_hd__nor2_2)
     2    0.009072    0.091055    0.111306    2.742656 ^ _573_/Y (sky130_fd_sc_hd__nor2_2)
                                                         _290_ (net)
                      0.091055    0.000000    2.742656 ^ _574_/C1 (sky130_fd_sc_hd__o221ai_2)
     3    0.016865    0.086042    0.068948    2.811604 v _574_/Y (sky130_fd_sc_hd__o221ai_2)
                                                         _291_ (net)
                      0.086042    0.000000    2.811604 v _577_/A (sky130_fd_sc_hd__nand2_4)
     5    0.018640    0.057284    0.081612    2.893215 ^ _577_/Y (sky130_fd_sc_hd__nand2_4)
                                                         _294_ (net)
                      0.057284    0.000000    2.893215 ^ _610_/A1 (sky130_fd_sc_hd__a21boi_2)
     1    0.007888    0.037062    0.039898    2.933113 v _610_/Y (sky130_fd_sc_hd__a21boi_2)
                                                         _324_ (net)
                      0.037062    0.000000    2.933113 v _651_/B2 (sky130_fd_sc_hd__o2bb2ai_4)
     1    0.033442    0.190326    0.172381    3.105494 ^ _651_/Y (sky130_fd_sc_hd__o2bb2ai_4)
                                                         carryOut (net)
                      0.190326    0.000000    3.105494 ^ carryOut (out)
                                              3.105494   data arrival time

                      0.000000    5.000000    5.000000   clock __VIRTUAL_CLK__ (rise edge)
                                  0.000000    5.000000   clock network delay (ideal)
                                 -0.250000    4.750000   clock uncertainty
                                  0.000000    4.750000   clock reconvergence pessimism
                                 -1.000000    3.750000   output external delay
                                              3.750000   data required time
---------------------------------------------------------------------------------------------
                                              3.750000   data required time
                                             -3.105494   data arrival time
---------------------------------------------------------------------------------------------
                                              0.644506   slack (MET)


Startpoint: sub (input port clocked by __VIRTUAL_CLK__)
Endpoint: S[24] (output port clocked by __VIRTUAL_CLK__)
Path Group: __VIRTUAL_CLK__
Path Type: max

Fanout         Cap        Slew       Delay        Time   Description
---------------------------------------------------------------------------------------------
                      0.000000    0.000000    0.000000   clock __VIRTUAL_CLK__ (rise edge)
                                  0.000000    0.000000   clock network delay (ideal)
                                  1.000000    1.000000 ^ input external delay
   104    0.471042    1.580748    1.156620    2.156620 ^ sub (in)
                                                         sub (net)
                      1.580748    0.000000    2.156620 ^ _728_/A (sky130_fd_sc_hd__and2_2)
     3    0.014713    0.096183    0.153050    2.309669 ^ _728_/X (sky130_fd_sc_hd__and2_2)
                                                         _075_ (net)
                      0.096183    0.000000    2.309669 ^ _360_/A1 (sky130_fd_sc_hd__o2111ai_2)
     3    0.012313    0.093780    0.108885    2.418554 v _360_/Y (sky130_fd_sc_hd__o2111ai_2)
                                                         _089_ (net)
                      0.093780    0.000000    2.418554 v _377_/A (sky130_fd_sc_hd__nor2_4)
     3    0.017749    0.102266    0.133459    2.552014 ^ _377_/Y (sky130_fd_sc_hd__nor2_4)
                                                         _106_ (net)
                      0.102266    0.000000    2.552014 ^ _420_/B (sky130_fd_sc_hd__nand3_2)
     2    0.008481    0.066479    0.064542    2.616556 v _420_/Y (sky130_fd_sc_hd__nand3_2)
                                                         _149_ (net)
                      0.066479    0.000000    2.616556 v _422_/A (sky130_fd_sc_hd__nand2_2)
     3    0.019719    0.089753    0.096619    2.713175 ^ _422_/Y (sky130_fd_sc_hd__nand2_2)
                                                         _151_ (net)
                      0.089753    0.000000    2.713175 ^ _520_/B1 (sky130_fd_sc_hd__o221ai_2)
     4    0.015130    0.081376    0.080933    2.794107 v _520_/Y (sky130_fd_sc_hd__o221ai_2)
                                                         _241_ (net)
                      0.081376    0.000000    2.794107 v _529_/A1 (sky130_fd_sc_hd__a21o_2)
     2    0.005865    0.031477    0.146822    2.940929 v _529_/X (sky130_fd_sc_hd__a21o_2)
                                                         _250_ (net)
                      0.031477    0.000000    2.940929 v _531_/A (sky130_fd_sc_hd__and2_2)
     1    0.033442    0.072762    0.161851    3.102780 v _531_/X (sky130_fd_sc_hd__and2_2)
                                                         S[24] (net)
                      0.072762    0.000000    3.102780 v S[24] (out)
                                              3.102780   data arrival time

                      0.000000    5.000000    5.000000   clock __VIRTUAL_CLK__ (rise edge)
                                  0.000000    5.000000   clock network delay (ideal)
                                 -0.250000    4.750000   clock uncertainty
                                  0.000000    4.750000   clock reconvergence pessimism
                                 -1.000000    3.750000   output external delay
                                              3.750000   data required time
---------------------------------------------------------------------------------------------
                                              3.750000   data required time
                                             -3.102780   data arrival time
---------------------------------------------------------------------------------------------
                                              0.647220   slack (MET)


Startpoint: sub (input port clocked by __VIRTUAL_CLK__)
Endpoint: S[13] (output port clocked by __VIRTUAL_CLK__)
Path Group: __VIRTUAL_CLK__
Path Type: max

Fanout         Cap        Slew       Delay        Time   Description
---------------------------------------------------------------------------------------------
                      0.000000    0.000000    0.000000   clock __VIRTUAL_CLK__ (rise edge)
                                  0.000000    0.000000   clock network delay (ideal)
                                  1.000000    1.000000 ^ input external delay
   104    0.471042    1.580748    1.156620    2.156620 ^ sub (in)
                                                         sub (net)
                      1.580748    0.000000    2.156620 ^ _728_/A (sky130_fd_sc_hd__and2_2)
     3    0.014713    0.096183    0.153050    2.309669 ^ _728_/X (sky130_fd_sc_hd__and2_2)
                                                         _075_ (net)
                      0.096183    0.000000    2.309669 ^ _407_/A1 (sky130_fd_sc_hd__o21ai_2)
     2    0.005941    0.048331    0.047887    2.357557 v _407_/Y (sky130_fd_sc_hd__o21ai_2)
                                                         _136_ (net)
                      0.048331    0.000000    2.357557 v _408_/B2 (sky130_fd_sc_hd__a2bb2oi_2)
     1    0.004614    0.073962    0.091873    2.449430 ^ _408_/Y (sky130_fd_sc_hd__a2bb2oi_2)
                                                         _137_ (net)
                      0.073962    0.000000    2.449430 ^ _409_/B (sky130_fd_sc_hd__nand2_2)
     2    0.008544    0.035993    0.045198    2.494628 v _409_/Y (sky130_fd_sc_hd__nand2_2)
                                                         _138_ (net)
                      0.035993    0.000000    2.494628 v _411_/A (sky130_fd_sc_hd__nand3_2)
     3    0.017808    0.088601    0.079662    2.574289 ^ _411_/Y (sky130_fd_sc_hd__nand3_2)
                                                         _140_ (net)
                      0.088601    0.000000    2.574289 ^ _640_/B (sky130_fd_sc_hd__nand4_2)
     4    0.016609    0.098508    0.104133    2.678422 v _640_/Y (sky130_fd_sc_hd__nand4_2)
                                                         _341_ (net)
                      0.098508    0.000000    2.678422 v _643_/B1 (sky130_fd_sc_hd__a22o_2)
     1    0.008002    0.034924    0.138519    2.816941 v _643_/X (sky130_fd_sc_hd__a22o_2)
                                                         _343_ (net)
                      0.034924    0.000000    2.816941 v _644_/B (sky130_fd_sc_hd__xnor2_2)
     1    0.033442    0.340017    0.276720    3.093661 ^ _644_/Y (sky130_fd_sc_hd__xnor2_2)
                                                         S[13] (net)
                      0.340017    0.000000    3.093661 ^ S[13] (out)
                                              3.093661   data arrival time

                      0.000000    5.000000    5.000000   clock __VIRTUAL_CLK__ (rise edge)
                                  0.000000    5.000000   clock network delay (ideal)
                                 -0.250000    4.750000   clock uncertainty
                                  0.000000    4.750000   clock reconvergence pessimism
                                 -1.000000    3.750000   output external delay
                                              3.750000   data required time
---------------------------------------------------------------------------------------------
                                              3.750000   data required time
                                             -3.093661   data arrival time
---------------------------------------------------------------------------------------------
                                              0.656339   slack (MET)


Startpoint: sub (input port clocked by __VIRTUAL_CLK__)
Endpoint: S[9] (output port clocked by __VIRTUAL_CLK__)
Path Group: __VIRTUAL_CLK__
Path Type: max

Fanout         Cap        Slew       Delay        Time   Description
---------------------------------------------------------------------------------------------
                      0.000000    0.000000    0.000000   clock __VIRTUAL_CLK__ (rise edge)
                                  0.000000    0.000000   clock network delay (ideal)
                                  1.000000    1.000000 ^ input external delay
   104    0.471042    1.580748    1.156620    2.156620 ^ sub (in)
                                                         sub (net)
                      1.580748    0.000000    2.156620 ^ _395_/A (sky130_fd_sc_hd__and2_4)
     4    0.018584    0.084858    0.114264    2.270884 ^ _395_/X (sky130_fd_sc_hd__and2_4)
                                                         _124_ (net)
                      0.084858    0.000000    2.270884 ^ _396_/A2 (sky130_fd_sc_hd__o21bai_4)
     5    0.017489    0.058152    0.053697    2.324581 v _396_/Y (sky130_fd_sc_hd__o21bai_4)
                                                         _125_ (net)
                      0.058152    0.000000    2.324581 v _405_/B1 (sky130_fd_sc_hd__o2111a_2)
     2    0.012900    0.048773    0.133730    2.458311 v _405_/X (sky130_fd_sc_hd__o2111a_2)
                                                         _134_ (net)
                      0.048773    0.000000    2.458311 v _624_/A2 (sky130_fd_sc_hd__a21oi_2)
     3    0.015598    0.157417    0.168084    2.626394 ^ _624_/Y (sky130_fd_sc_hd__a21oi_2)
                                                         _333_ (net)
                      0.157417    0.000000    2.626394 ^ _632_/B2 (sky130_fd_sc_hd__o2bb2ai_2)
     3    0.014573    0.060000    0.066500    2.692894 v _632_/Y (sky130_fd_sc_hd__o2bb2ai_2)
                                                         _337_ (net)
                      0.060000    0.000000    2.692894 v _634_/B1 (sky130_fd_sc_hd__a22o_2)
     1    0.008002    0.036259    0.122483    2.815377 v _634_/X (sky130_fd_sc_hd__a22o_2)
                                                         _338_ (net)
                      0.036259    0.000000    2.815377 v _635_/B (sky130_fd_sc_hd__xnor2_2)
     1    0.033442    0.340033    0.277190    3.092567 ^ _635_/Y (sky130_fd_sc_hd__xnor2_2)
                                                         S[9] (net)
                      0.340033    0.000000    3.092567 ^ S[9] (out)
                                              3.092567   data arrival time

                      0.000000    5.000000    5.000000   clock __VIRTUAL_CLK__ (rise edge)
                                  0.000000    5.000000   clock network delay (ideal)
                                 -0.250000    4.750000   clock uncertainty
                                  0.000000    4.750000   clock reconvergence pessimism
                                 -1.000000    3.750000   output external delay
                                              3.750000   data required time
---------------------------------------------------------------------------------------------
                                              3.750000   data required time
                                             -3.092567   data arrival time
---------------------------------------------------------------------------------------------
                                              0.657433   slack (MET)


Startpoint: sub (input port clocked by __VIRTUAL_CLK__)
Endpoint: S[25] (output port clocked by __VIRTUAL_CLK__)
Path Group: __VIRTUAL_CLK__
Path Type: max

Fanout         Cap        Slew       Delay        Time   Description
---------------------------------------------------------------------------------------------
                      0.000000    0.000000    0.000000   clock __VIRTUAL_CLK__ (rise edge)
                                  0.000000    0.000000   clock network delay (ideal)
                                  1.000000    1.000000 ^ input external delay
   104    0.471042    1.580748    1.156620    2.156620 ^ sub (in)
                                                         sub (net)
                      1.580748    0.000000    2.156620 ^ _728_/A (sky130_fd_sc_hd__and2_2)
     3    0.014713    0.096183    0.153050    2.309669 ^ _728_/X (sky130_fd_sc_hd__and2_2)
                                                         _075_ (net)
                      0.096183    0.000000    2.309669 ^ _360_/A1 (sky130_fd_sc_hd__o2111ai_2)
     3    0.012313    0.093780    0.108885    2.418554 v _360_/Y (sky130_fd_sc_hd__o2111ai_2)
                                                         _089_ (net)
                      0.093780    0.000000    2.418554 v _377_/A (sky130_fd_sc_hd__nor2_4)
     3    0.017749    0.102266    0.133459    2.552014 ^ _377_/Y (sky130_fd_sc_hd__nor2_4)
                                                         _106_ (net)
                      0.102266    0.000000    2.552014 ^ _420_/B (sky130_fd_sc_hd__nand3_2)
     2    0.008481    0.066479    0.064542    2.616556 v _420_/Y (sky130_fd_sc_hd__nand3_2)
                                                         _149_ (net)
                      0.066479    0.000000    2.616556 v _422_/A (sky130_fd_sc_hd__nand2_2)
     3    0.019719    0.089753    0.096619    2.713175 ^ _422_/Y (sky130_fd_sc_hd__nand2_2)
                                                         _151_ (net)
                      0.089753    0.000000    2.713175 ^ _520_/B1 (sky130_fd_sc_hd__o221ai_2)
     4    0.015130    0.081376    0.080933    2.794107 v _520_/Y (sky130_fd_sc_hd__o221ai_2)
                                                         _241_ (net)
                      0.081376    0.000000    2.794107 v _529_/A1 (sky130_fd_sc_hd__a21o_2)
     2    0.005865    0.031477    0.146822    2.940929 v _529_/X (sky130_fd_sc_hd__a21o_2)
                                                         _250_ (net)
                      0.031477    0.000000    2.940929 v _538_/B (sky130_fd_sc_hd__nand3b_2)
     1    0.004581    0.053534    0.052253    2.993182 ^ _538_/Y (sky130_fd_sc_hd__nand3b_2)
                                                         _258_ (net)
                      0.053534    0.000000    2.993182 ^ _540_/A (sky130_fd_sc_hd__nand2_2)
     1    0.033442    0.089892    0.086462    3.079644 v _540_/Y (sky130_fd_sc_hd__nand2_2)
                                                         S[25] (net)
                      0.089892    0.000000    3.079644 v S[25] (out)
                                              3.079644   data arrival time

                      0.000000    5.000000    5.000000   clock __VIRTUAL_CLK__ (rise edge)
                                  0.000000    5.000000   clock network delay (ideal)
                                 -0.250000    4.750000   clock uncertainty
                                  0.000000    4.750000   clock reconvergence pessimism
                                 -1.000000    3.750000   output external delay
                                              3.750000   data required time
---------------------------------------------------------------------------------------------
                                              3.750000   data required time
                                             -3.079644   data arrival time
---------------------------------------------------------------------------------------------
                                              0.670356   slack (MET)


Startpoint: sub (input port clocked by __VIRTUAL_CLK__)
Endpoint: S[6] (output port clocked by __VIRTUAL_CLK__)
Path Group: __VIRTUAL_CLK__
Path Type: max

Fanout         Cap        Slew       Delay        Time   Description
---------------------------------------------------------------------------------------------
                      0.000000    0.000000    0.000000   clock __VIRTUAL_CLK__ (rise edge)
                                  0.000000    0.000000   clock network delay (ideal)
                                  1.000000    1.000000 ^ input external delay
   104    0.471042    1.580748    1.156620    2.156620 ^ sub (in)
                                                         sub (net)
                      1.580748    0.000000    2.156620 ^ _395_/A (sky130_fd_sc_hd__and2_4)
     4    0.018584    0.084858    0.114264    2.270884 ^ _395_/X (sky130_fd_sc_hd__and2_4)
                                                         _124_ (net)
                      0.084858    0.000000    2.270884 ^ _396_/A2 (sky130_fd_sc_hd__o21bai_4)
     5    0.017489    0.058152    0.053697    2.324581 v _396_/Y (sky130_fd_sc_hd__o21bai_4)
                                                         _125_ (net)
                      0.058152    0.000000    2.324581 v _405_/B1 (sky130_fd_sc_hd__o2111a_2)
     2    0.012900    0.048773    0.133730    2.458311 v _405_/X (sky130_fd_sc_hd__o2111a_2)
                                                         _134_ (net)
                      0.048773    0.000000    2.458311 v _624_/A2 (sky130_fd_sc_hd__a21oi_2)
     3    0.015598    0.157417    0.168084    2.626394 ^ _624_/Y (sky130_fd_sc_hd__a21oi_2)
                                                         _333_ (net)
                      0.157417    0.000000    2.626394 ^ _626_/B2 (sky130_fd_sc_hd__o22a_2)
     3    0.014991    0.064144    0.111299    2.737693 ^ _626_/X (sky130_fd_sc_hd__o22a_2)
                                                         _334_ (net)
                      0.064144    0.000000    2.737693 ^ _628_/B1 (sky130_fd_sc_hd__a22oi_2)
     1    0.008002    0.058517    0.041900    2.779593 v _628_/Y (sky130_fd_sc_hd__a22oi_2)
                                                         _335_ (net)
                      0.058517    0.000000    2.779593 v _629_/B (sky130_fd_sc_hd__xnor2_2)
     1    0.033442    0.340034    0.285227    3.064820 ^ _629_/Y (sky130_fd_sc_hd__xnor2_2)
                                                         S[6] (net)
                      0.340034    0.000000    3.064820 ^ S[6] (out)
                                              3.064820   data arrival time

                      0.000000    5.000000    5.000000   clock __VIRTUAL_CLK__ (rise edge)
                                  0.000000    5.000000   clock network delay (ideal)
                                 -0.250000    4.750000   clock uncertainty
                                  0.000000    4.750000   clock reconvergence pessimism
                                 -1.000000    3.750000   output external delay
                                              3.750000   data required time
---------------------------------------------------------------------------------------------
                                              3.750000   data required time
                                             -3.064820   data arrival time
---------------------------------------------------------------------------------------------
                                              0.685180   slack (MET)


Startpoint: sub (input port clocked by __VIRTUAL_CLK__)
Endpoint: S[19] (output port clocked by __VIRTUAL_CLK__)
Path Group: __VIRTUAL_CLK__
Path Type: max

Fanout         Cap        Slew       Delay        Time   Description
---------------------------------------------------------------------------------------------
                      0.000000    0.000000    0.000000   clock __VIRTUAL_CLK__ (rise edge)
                                  0.000000    0.000000   clock network delay (ideal)
                                  1.000000    1.000000 ^ input external delay
   104    0.471042    1.580748    1.156620    2.156620 ^ sub (in)
                                                         sub (net)
                      1.580748    0.000000    2.156620 ^ _728_/A (sky130_fd_sc_hd__and2_2)
     3    0.014713    0.096183    0.153050    2.309669 ^ _728_/X (sky130_fd_sc_hd__and2_2)
                                                         _075_ (net)
                      0.096183    0.000000    2.309669 ^ _360_/A1 (sky130_fd_sc_hd__o2111ai_2)
     3    0.012313    0.093780    0.108885    2.418554 v _360_/Y (sky130_fd_sc_hd__o2111ai_2)
                                                         _089_ (net)
                      0.093780    0.000000    2.418554 v _377_/A (sky130_fd_sc_hd__nor2_4)
     3    0.017749    0.102266    0.133459    2.552014 ^ _377_/Y (sky130_fd_sc_hd__nor2_4)
                                                         _106_ (net)
                      0.102266    0.000000    2.552014 ^ _410_/B (sky130_fd_sc_hd__nand4_4)
     3    0.016902    0.083588    0.085372    2.637386 v _410_/Y (sky130_fd_sc_hd__nand4_4)
                                                         _139_ (net)
                      0.083588    0.000000    2.637386 v _423_/C (sky130_fd_sc_hd__nand4_2)
     3    0.013732    0.092209    0.117012    2.754397 ^ _423_/Y (sky130_fd_sc_hd__nand4_2)
                                                         _152_ (net)
                      0.092209    0.000000    2.754397 ^ _447_/D (sky130_fd_sc_hd__nand4b_2)
     2    0.006523    0.058999    0.075344    2.829741 v _447_/Y (sky130_fd_sc_hd__nand4b_2)
                                                         _173_ (net)
                      0.058999    0.000000    2.829741 v _455_/B1 (sky130_fd_sc_hd__a22o_2)
     1    0.004320    0.027974    0.113549    2.943291 v _455_/X (sky130_fd_sc_hd__a22o_2)
                                                         _181_ (net)
                      0.027974    0.000000    2.943291 v _457_/A (sky130_fd_sc_hd__nand2_2)
     1    0.033442    0.140384    0.117876    3.061167 ^ _457_/Y (sky130_fd_sc_hd__nand2_2)
                                                         S[19] (net)
                      0.140384    0.000000    3.061167 ^ S[19] (out)
                                              3.061167   data arrival time

                      0.000000    5.000000    5.000000   clock __VIRTUAL_CLK__ (rise edge)
                                  0.000000    5.000000   clock network delay (ideal)
                                 -0.250000    4.750000   clock uncertainty
                                  0.000000    4.750000   clock reconvergence pessimism
                                 -1.000000    3.750000   output external delay
                                              3.750000   data required time
---------------------------------------------------------------------------------------------
                                              3.750000   data required time
                                             -3.061167   data arrival time
---------------------------------------------------------------------------------------------
                                              0.688833   slack (MET)


Startpoint: sub (input port clocked by __VIRTUAL_CLK__)
Endpoint: S[16] (output port clocked by __VIRTUAL_CLK__)
Path Group: __VIRTUAL_CLK__
Path Type: max

Fanout         Cap        Slew       Delay        Time   Description
---------------------------------------------------------------------------------------------
                      0.000000    0.000000    0.000000   clock __VIRTUAL_CLK__ (rise edge)
                                  0.000000    0.000000   clock network delay (ideal)
                                  1.000000    1.000000 ^ input external delay
   104    0.471042    1.580748    1.156620    2.156620 ^ sub (in)
                                                         sub (net)
                      1.580748    0.000000    2.156620 ^ _728_/A (sky130_fd_sc_hd__and2_2)
     3    0.014713    0.096183    0.153050    2.309669 ^ _728_/X (sky130_fd_sc_hd__and2_2)
                                                         _075_ (net)
                      0.096183    0.000000    2.309669 ^ _360_/A1 (sky130_fd_sc_hd__o2111ai_2)
     3    0.012313    0.093780    0.108885    2.418554 v _360_/Y (sky130_fd_sc_hd__o2111ai_2)
                                                         _089_ (net)
                      0.093780    0.000000    2.418554 v _377_/A (sky130_fd_sc_hd__nor2_4)
     3    0.017749    0.102266    0.133459    2.552014 ^ _377_/Y (sky130_fd_sc_hd__nor2_4)
                                                         _106_ (net)
                      0.102266    0.000000    2.552014 ^ _420_/B (sky130_fd_sc_hd__nand3_2)
     2    0.008481    0.066479    0.064542    2.616556 v _420_/Y (sky130_fd_sc_hd__nand3_2)
                                                         _149_ (net)
                      0.066479    0.000000    2.616556 v _422_/A (sky130_fd_sc_hd__nand2_2)
     3    0.019719    0.089753    0.096619    2.713175 ^ _422_/Y (sky130_fd_sc_hd__nand2_2)
                                                         _151_ (net)
                      0.089753    0.000000    2.713175 ^ _424_/B1 (sky130_fd_sc_hd__o22ai_4)
     4    0.022073    0.072504    0.058153    2.771327 v _424_/Y (sky130_fd_sc_hd__o22ai_4)
                                                         _153_ (net)
                      0.072504    0.000000    2.771327 v _425_/B (sky130_fd_sc_hd__xor2_2)
     1    0.033442    0.320904    0.282162    3.053489 ^ _425_/X (sky130_fd_sc_hd__xor2_2)
                                                         S[16] (net)
                      0.320904    0.000000    3.053489 ^ S[16] (out)
                                              3.053489   data arrival time

                      0.000000    5.000000    5.000000   clock __VIRTUAL_CLK__ (rise edge)
                                  0.000000    5.000000   clock network delay (ideal)
                                 -0.250000    4.750000   clock uncertainty
                                  0.000000    4.750000   clock reconvergence pessimism
                                 -1.000000    3.750000   output external delay
                                              3.750000   data required time
---------------------------------------------------------------------------------------------
                                              3.750000   data required time
                                             -3.053489   data arrival time
---------------------------------------------------------------------------------------------
                                              0.696511   slack (MET)


Startpoint: sub (input port clocked by __VIRTUAL_CLK__)
Endpoint: S[12] (output port clocked by __VIRTUAL_CLK__)
Path Group: __VIRTUAL_CLK__
Path Type: max

Fanout         Cap        Slew       Delay        Time   Description
---------------------------------------------------------------------------------------------
                      0.000000    0.000000    0.000000   clock __VIRTUAL_CLK__ (rise edge)
                                  0.000000    0.000000   clock network delay (ideal)
                                  1.000000    1.000000 ^ input external delay
   104    0.471042    1.580748    1.156620    2.156620 ^ sub (in)
                                                         sub (net)
                      1.580748    0.000000    2.156620 ^ _728_/A (sky130_fd_sc_hd__and2_2)
     3    0.014713    0.096183    0.153050    2.309669 ^ _728_/X (sky130_fd_sc_hd__and2_2)
                                                         _075_ (net)
                      0.096183    0.000000    2.309669 ^ _360_/A1 (sky130_fd_sc_hd__o2111ai_2)
     3    0.012313    0.093780    0.108885    2.418554 v _360_/Y (sky130_fd_sc_hd__o2111ai_2)
                                                         _089_ (net)
                      0.093780    0.000000    2.418554 v _377_/A (sky130_fd_sc_hd__nor2_4)
     3    0.017749    0.102266    0.133459    2.552014 ^ _377_/Y (sky130_fd_sc_hd__nor2_4)
                                                         _106_ (net)
                      0.102266    0.000000    2.552014 ^ _410_/B (sky130_fd_sc_hd__nand4_4)
     3    0.016902    0.083588    0.085372    2.637386 v _410_/Y (sky130_fd_sc_hd__nand4_4)
                                                         _139_ (net)
                      0.083588    0.000000    2.637386 v _640_/A (sky130_fd_sc_hd__nand4_2)
     4    0.018013    0.109036    0.108436    2.745821 ^ _640_/Y (sky130_fd_sc_hd__nand4_2)
                                                         _341_ (net)
                      0.109036    0.000000    2.745821 ^ _642_/B (sky130_fd_sc_hd__xor2_2)
     1    0.033442    0.320932    0.272735    3.018556 ^ _642_/X (sky130_fd_sc_hd__xor2_2)
                                                         S[12] (net)
                      0.320932    0.000000    3.018556 ^ S[12] (out)
                                              3.018556   data arrival time

                      0.000000    5.000000    5.000000   clock __VIRTUAL_CLK__ (rise edge)
                                  0.000000    5.000000   clock network delay (ideal)
                                 -0.250000    4.750000   clock uncertainty
                                  0.000000    4.750000   clock reconvergence pessimism
                                 -1.000000    3.750000   output external delay
                                              3.750000   data required time
---------------------------------------------------------------------------------------------
                                              3.750000   data required time
                                             -3.018556   data arrival time
---------------------------------------------------------------------------------------------
                                              0.731444   slack (MET)


Startpoint: sub (input port clocked by __VIRTUAL_CLK__)
Endpoint: S[8] (output port clocked by __VIRTUAL_CLK__)
Path Group: __VIRTUAL_CLK__
Path Type: max

Fanout         Cap        Slew       Delay        Time   Description
---------------------------------------------------------------------------------------------
                      0.000000    0.000000    0.000000   clock __VIRTUAL_CLK__ (rise edge)
                                  0.000000    0.000000   clock network delay (ideal)
                                  1.000000    1.000000 ^ input external delay
   104    0.471042    1.580748    1.156620    2.156620 ^ sub (in)
                                                         sub (net)
                      1.580748    0.000000    2.156620 ^ _395_/A (sky130_fd_sc_hd__and2_4)
     4    0.018584    0.084858    0.114264    2.270884 ^ _395_/X (sky130_fd_sc_hd__and2_4)
                                                         _124_ (net)
                      0.084858    0.000000    2.270884 ^ _396_/A2 (sky130_fd_sc_hd__o21bai_4)
     5    0.017489    0.058152    0.053697    2.324581 v _396_/Y (sky130_fd_sc_hd__o21bai_4)
                                                         _125_ (net)
                      0.058152    0.000000    2.324581 v _405_/B1 (sky130_fd_sc_hd__o2111a_2)
     2    0.012900    0.048773    0.133730    2.458311 v _405_/X (sky130_fd_sc_hd__o2111a_2)
                                                         _134_ (net)
                      0.048773    0.000000    2.458311 v _624_/A2 (sky130_fd_sc_hd__a21oi_2)
     3    0.015598    0.157417    0.168084    2.626394 ^ _624_/Y (sky130_fd_sc_hd__a21oi_2)
                                                         _333_ (net)
                      0.157417    0.000000    2.626394 ^ _632_/B2 (sky130_fd_sc_hd__o2bb2ai_2)
     3    0.014573    0.060000    0.066500    2.692894 v _632_/Y (sky130_fd_sc_hd__o2bb2ai_2)
                                                         _337_ (net)
                      0.060000    0.000000    2.692894 v _633_/B (sky130_fd_sc_hd__xnor2_2)
     1    0.033442    0.339557    0.285801    2.978695 ^ _633_/Y (sky130_fd_sc_hd__xnor2_2)
                                                         S[8] (net)
                      0.339557    0.000000    2.978695 ^ S[8] (out)
                                              2.978695   data arrival time

                      0.000000    5.000000    5.000000   clock __VIRTUAL_CLK__ (rise edge)
                                  0.000000    5.000000   clock network delay (ideal)
                                 -0.250000    4.750000   clock uncertainty
                                  0.000000    4.750000   clock reconvergence pessimism
                                 -1.000000    3.750000   output external delay
                                              3.750000   data required time
---------------------------------------------------------------------------------------------
                                              3.750000   data required time
                                             -2.978695   data arrival time
---------------------------------------------------------------------------------------------
                                              0.771305   slack (MET)


Startpoint: sub (input port clocked by __VIRTUAL_CLK__)
Endpoint: S[5] (output port clocked by __VIRTUAL_CLK__)
Path Group: __VIRTUAL_CLK__
Path Type: max

Fanout         Cap        Slew       Delay        Time   Description
---------------------------------------------------------------------------------------------
                      0.000000    0.000000    0.000000   clock __VIRTUAL_CLK__ (rise edge)
                                  0.000000    0.000000   clock network delay (ideal)
                                  1.000000    1.000000 ^ input external delay
   104    0.471042    1.580748    1.156620    2.156620 ^ sub (in)
                                                         sub (net)
                      1.580748    0.000000    2.156620 ^ _395_/A (sky130_fd_sc_hd__and2_4)
     4    0.018584    0.084858    0.114264    2.270884 ^ _395_/X (sky130_fd_sc_hd__and2_4)
                                                         _124_ (net)
                      0.084858    0.000000    2.270884 ^ _405_/A2 (sky130_fd_sc_hd__o2111a_2)
     2    0.014286    0.069107    0.146738    2.417621 ^ _405_/X (sky130_fd_sc_hd__o2111a_2)
                                                         _134_ (net)
                      0.069107    0.000000    2.417621 ^ _624_/A2 (sky130_fd_sc_hd__a21oi_2)
     3    0.014311    0.066471    0.057737    2.475358 v _624_/Y (sky130_fd_sc_hd__a21oi_2)
                                                         _333_ (net)
                      0.066471    0.000000    2.475358 v _626_/B2 (sky130_fd_sc_hd__o22a_2)
     3    0.013924    0.046951    0.149217    2.624575 v _626_/X (sky130_fd_sc_hd__o22a_2)
                                                         _334_ (net)
                      0.046951    0.000000    2.624575 v _627_/B (sky130_fd_sc_hd__xnor2_2)
     1    0.033442    0.340033    0.280961    2.905536 ^ _627_/Y (sky130_fd_sc_hd__xnor2_2)
                                                         S[5] (net)
                      0.340033    0.000000    2.905536 ^ S[5] (out)
                                              2.905536   data arrival time

                      0.000000    5.000000    5.000000   clock __VIRTUAL_CLK__ (rise edge)
                                  0.000000    5.000000   clock network delay (ideal)
                                 -0.250000    4.750000   clock uncertainty
                                  0.000000    4.750000   clock reconvergence pessimism
                                 -1.000000    3.750000   output external delay
                                              3.750000   data required time
---------------------------------------------------------------------------------------------
                                              3.750000   data required time
                                             -2.905536   data arrival time
---------------------------------------------------------------------------------------------
                                              0.844464   slack (MET)


Startpoint: sub (input port clocked by __VIRTUAL_CLK__)
Endpoint: S[2] (output port clocked by __VIRTUAL_CLK__)
Path Group: __VIRTUAL_CLK__
Path Type: max

Fanout         Cap        Slew       Delay        Time   Description
---------------------------------------------------------------------------------------------
                      0.000000    0.000000    0.000000   clock __VIRTUAL_CLK__ (rise edge)
                                  0.000000    0.000000   clock network delay (ideal)
                                  1.000000    1.000000 ^ input external delay
   104    0.471042    1.580748    1.156620    2.156620 ^ sub (in)
                                                         sub (net)
                      1.580748    0.000000    2.156620 ^ _387_/A (sky130_fd_sc_hd__and2_4)
     1    0.004586    0.056219    0.074236    2.230856 ^ _387_/X (sky130_fd_sc_hd__and2_4)
                                                         _116_ (net)
                      0.056219    0.000000    2.230856 ^ _391_/A1 (sky130_fd_sc_hd__o21bai_2)
     1    0.004289    0.032119    0.045860    2.276716 v _391_/Y (sky130_fd_sc_hd__o21bai_2)
                                                         _120_ (net)
                      0.032119    0.000000    2.276716 v _392_/C1 (sky130_fd_sc_hd__o211ai_2)
     1    0.004773    0.121622    0.043693    2.320410 ^ _392_/Y (sky130_fd_sc_hd__o211ai_2)
                                                         _121_ (net)
                      0.121622    0.000000    2.320410 ^ _393_/B (sky130_fd_sc_hd__nor2_2)
     4    0.016879    0.058081    0.052061    2.372470 v _393_/Y (sky130_fd_sc_hd__nor2_2)
                                                         _122_ (net)
                      0.058081    0.000000    2.372470 v _618_/C1 (sky130_fd_sc_hd__a211o_2)
     1    0.007716    0.044967    0.146951    2.519421 v _618_/X (sky130_fd_sc_hd__a211o_2)
                                                         _329_ (net)
                      0.044967    0.000000    2.519421 v _620_/B (sky130_fd_sc_hd__xor2_2)
     1    0.033442    0.321180    0.272102    2.791523 ^ _620_/X (sky130_fd_sc_hd__xor2_2)
                                                         S[2] (net)
                      0.321180    0.000000    2.791523 ^ S[2] (out)
                                              2.791523   data arrival time

                      0.000000    5.000000    5.000000   clock __VIRTUAL_CLK__ (rise edge)
                                  0.000000    5.000000   clock network delay (ideal)
                                 -0.250000    4.750000   clock uncertainty
                                  0.000000    4.750000   clock reconvergence pessimism
                                 -1.000000    3.750000   output external delay
                                              3.750000   data required time
---------------------------------------------------------------------------------------------
                                              3.750000   data required time
                                             -2.791523   data arrival time
---------------------------------------------------------------------------------------------
                                              0.958477   slack (MET)


Startpoint: sub (input port clocked by __VIRTUAL_CLK__)
Endpoint: S[4] (output port clocked by __VIRTUAL_CLK__)
Path Group: __VIRTUAL_CLK__
Path Type: max

Fanout         Cap        Slew       Delay        Time   Description
---------------------------------------------------------------------------------------------
                      0.000000    0.000000    0.000000   clock __VIRTUAL_CLK__ (rise edge)
                                  0.000000    0.000000   clock network delay (ideal)
                                  1.000000    1.000000 ^ input external delay
   104    0.471042    1.580748    1.156620    2.156620 ^ sub (in)
                                                         sub (net)
                      1.580748    0.000000    2.156620 ^ _395_/A (sky130_fd_sc_hd__and2_4)
     4    0.018584    0.084858    0.114264    2.270884 ^ _395_/X (sky130_fd_sc_hd__and2_4)
                                                         _124_ (net)
                      0.084858    0.000000    2.270884 ^ _396_/A2 (sky130_fd_sc_hd__o21bai_4)
     5    0.017489    0.058152    0.053697    2.324581 v _396_/Y (sky130_fd_sc_hd__o21bai_4)
                                                         _125_ (net)
                      0.058152    0.000000    2.324581 v _405_/B1 (sky130_fd_sc_hd__o2111a_2)
     2    0.012900    0.048773    0.133730    2.458311 v _405_/X (sky130_fd_sc_hd__o2111a_2)
                                                         _134_ (net)
                      0.048773    0.000000    2.458311 v _624_/A2 (sky130_fd_sc_hd__a21oi_2)
     3    0.015598    0.157417    0.168084    2.626394 ^ _624_/Y (sky130_fd_sc_hd__a21oi_2)
                                                         _333_ (net)
                      0.157417    0.000000    2.626394 ^ _625_/B (sky130_fd_sc_hd__xnor2_2)
     1    0.033442    0.339506    0.159761    2.786155 ^ _625_/Y (sky130_fd_sc_hd__xnor2_2)
                                                         S[4] (net)
                      0.339506    0.000000    2.786155 ^ S[4] (out)
                                              2.786155   data arrival time

                      0.000000    5.000000    5.000000   clock __VIRTUAL_CLK__ (rise edge)
                                  0.000000    5.000000   clock network delay (ideal)
                                 -0.250000    4.750000   clock uncertainty
                                  0.000000    4.750000   clock reconvergence pessimism
                                 -1.000000    3.750000   output external delay
                                              3.750000   data required time
---------------------------------------------------------------------------------------------
                                              3.750000   data required time
                                             -2.786155   data arrival time
---------------------------------------------------------------------------------------------
                                              0.963845   slack (MET)


Startpoint: sub (input port clocked by __VIRTUAL_CLK__)
Endpoint: S[3] (output port clocked by __VIRTUAL_CLK__)
Path Group: __VIRTUAL_CLK__
Path Type: max

Fanout         Cap        Slew       Delay        Time   Description
---------------------------------------------------------------------------------------------
                      0.000000    0.000000    0.000000   clock __VIRTUAL_CLK__ (rise edge)
                                  0.000000    0.000000   clock network delay (ideal)
                                  1.000000    1.000000 ^ input external delay
   104    0.471042    1.580748    1.156620    2.156620 ^ sub (in)
                                                         sub (net)
                      1.580748    0.000000    2.156620 ^ _387_/A (sky130_fd_sc_hd__and2_4)
     1    0.004586    0.056219    0.074236    2.230856 ^ _387_/X (sky130_fd_sc_hd__and2_4)
                                                         _116_ (net)
                      0.056219    0.000000    2.230856 ^ _391_/A1 (sky130_fd_sc_hd__o21bai_2)
     1    0.004289    0.032119    0.045860    2.276716 v _391_/Y (sky130_fd_sc_hd__o21bai_2)
                                                         _120_ (net)
                      0.032119    0.000000    2.276716 v _392_/C1 (sky130_fd_sc_hd__o211ai_2)
     1    0.004773    0.121622    0.043693    2.320410 ^ _392_/Y (sky130_fd_sc_hd__o211ai_2)
                                                         _121_ (net)
                      0.121622    0.000000    2.320410 ^ _393_/B (sky130_fd_sc_hd__nor2_2)
     4    0.016879    0.058081    0.052061    2.372470 v _393_/Y (sky130_fd_sc_hd__nor2_2)
                                                         _122_ (net)
                      0.058081    0.000000    2.372470 v _619_/C1 (sky130_fd_sc_hd__a211o_2)
     2    0.008895    0.047327    0.149905    2.522375 v _619_/X (sky130_fd_sc_hd__a211o_2)
                                                         _330_ (net)
                      0.047327    0.000000    2.522375 v _621_/A2 (sky130_fd_sc_hd__a21oi_2)
     1    0.001538    0.049424    0.085715    2.608090 ^ _621_/Y (sky130_fd_sc_hd__a21oi_2)
                                                         _331_ (net)
                      0.049424    0.000000    2.608090 ^ _623_/A_N (sky130_fd_sc_hd__nand2b_2)
     1    0.033442    0.142829    0.162473    2.770563 ^ _623_/Y (sky130_fd_sc_hd__nand2b_2)
                                                         S[3] (net)
                      0.142829    0.000000    2.770563 ^ S[3] (out)
                                              2.770563   data arrival time

                      0.000000    5.000000    5.000000   clock __VIRTUAL_CLK__ (rise edge)
                                  0.000000    5.000000   clock network delay (ideal)
                                 -0.250000    4.750000   clock uncertainty
                                  0.000000    4.750000   clock reconvergence pessimism
                                 -1.000000    3.750000   output external delay
                                              3.750000   data required time
---------------------------------------------------------------------------------------------
                                              3.750000   data required time
                                             -2.770563   data arrival time
---------------------------------------------------------------------------------------------
                                              0.979437   slack (MET)


Startpoint: sub (input port clocked by __VIRTUAL_CLK__)
Endpoint: S[1] (output port clocked by __VIRTUAL_CLK__)
Path Group: __VIRTUAL_CLK__
Path Type: max

Fanout         Cap        Slew       Delay        Time   Description
---------------------------------------------------------------------------------------------
                      0.000000    0.000000    0.000000   clock __VIRTUAL_CLK__ (rise edge)
                                  0.000000    0.000000   clock network delay (ideal)
                                  1.000000    1.000000 ^ input external delay
   104    0.471042    1.580748    1.156620    2.156620 ^ sub (in)
                                                         sub (net)
                      1.580748    0.000000    2.156620 ^ _381_/A (sky130_fd_sc_hd__nand2_2)
     1    0.004320    0.176833   -0.114368    2.042252 v _381_/Y (sky130_fd_sc_hd__nand2_2)
                                                         _110_ (net)
                      0.176833    0.000000    2.042252 v _383_/A (sky130_fd_sc_hd__nand2_2)
     3    0.014092    0.082987    0.126051    2.168303 ^ _383_/Y (sky130_fd_sc_hd__nand2_2)
                                                         _112_ (net)
                      0.082987    0.000000    2.168303 ^ _386_/A2 (sky130_fd_sc_hd__o21ai_2)
     2    0.012464    0.062058    0.054468    2.222771 v _386_/Y (sky130_fd_sc_hd__o21ai_2)
                                                         _115_ (net)
                      0.062058    0.000000    2.222771 v _617_/A (sky130_fd_sc_hd__xnor2_2)
     1    0.033442    0.340023    0.306221    2.528992 ^ _617_/Y (sky130_fd_sc_hd__xnor2_2)
                                                         S[1] (net)
                      0.340023    0.000000    2.528992 ^ S[1] (out)
                                              2.528992   data arrival time

                      0.000000    5.000000    5.000000   clock __VIRTUAL_CLK__ (rise edge)
                                  0.000000    5.000000   clock network delay (ideal)
                                 -0.250000    4.750000   clock uncertainty
                                  0.000000    4.750000   clock reconvergence pessimism
                                 -1.000000    3.750000   output external delay
                                              3.750000   data required time
---------------------------------------------------------------------------------------------
                                              3.750000   data required time
                                             -2.528992   data arrival time
---------------------------------------------------------------------------------------------
                                              1.221008   slack (MET)


Startpoint: B[0] (input port clocked by __VIRTUAL_CLK__)
Endpoint: S[0] (output port clocked by __VIRTUAL_CLK__)
Path Group: __VIRTUAL_CLK__
Path Type: max

Fanout         Cap        Slew       Delay        Time   Description
---------------------------------------------------------------------------------------------
                      0.000000    0.000000    0.000000   clock __VIRTUAL_CLK__ (rise edge)
                                  0.000000    0.000000   clock network delay (ideal)
                                  1.000000    1.000000 ^ input external delay
     7    0.033840    0.119206    0.084917    1.084916 ^ B[0] (in)
                                                         B[0] (net)
                      0.119206    0.000000    1.084916 ^ _615_/B (sky130_fd_sc_hd__xor2_2)
     1    0.033442    0.321354    0.273036    1.357952 ^ _615_/X (sky130_fd_sc_hd__xor2_2)
                                                         S[0] (net)
                      0.321354    0.000000    1.357952 ^ S[0] (out)
                                              1.357952   data arrival time

                      0.000000    5.000000    5.000000   clock __VIRTUAL_CLK__ (rise edge)
                                  0.000000    5.000000   clock network delay (ideal)
                                 -0.250000    4.750000   clock uncertainty
                                  0.000000    4.750000   clock reconvergence pessimism
                                 -1.000000    3.750000   output external delay
                                              3.750000   data required time
---------------------------------------------------------------------------------------------
                                              3.750000   data required time
                                             -1.357952   data arrival time
---------------------------------------------------------------------------------------------
                                              2.392048   slack (MET)



