+ define_corners max_ss_100C_1v60
Reading timing models for corner max_ss_100C_1v60…
Reading cell library for the 'max_ss_100C_1v60' corner at '/home/admin/.ciel/ciel/sky130/versions/8afc8346a57fe1ab7934ba5a6056ea8b43078e71/sky130A/libs.ref/sky130_fd_sc_hd/lib/sky130_fd_sc_hd__ss_100C_1v60.lib'…
Reading top-level netlist at '/home/admin/Documents/Projekty/Hobby/Nauka/RISC-5/.v/DDCA/code/exercises/ALUDesignIverilog/ALU/systemIverilog/build/runs/RUN_2026-09-29_09-19-13/51-openroad-fillinsertion/addsub32.nl.v'…
Linking design 'addsub32' from netlist…
Warning: /home/admin/Documents/Projekty/Hobby/Nauka/RISC-5/.v/DDCA/code/exercises/ALUDesignIverilog/ALU/systemIverilog/build/runs/RUN_2026-09-29_09-19-13/51-openroad-fillinsertion/addsub32.nl.v line 514, module sky130_fd_sc_hd__fill_1 not found. Creating black box for FILLER_0_116.
Warning: /home/admin/Documents/Projekty/Hobby/Nauka/RISC-5/.v/DDCA/code/exercises/ALUDesignIverilog/ALU/systemIverilog/build/runs/RUN_2026-09-29_09-19-13/51-openroad-fillinsertion/addsub32.nl.v line 522, module sky130_fd_sc_hd__fill_2 not found. Creating black box for FILLER_0_166.
Warning: /home/admin/Documents/Projekty/Hobby/Nauka/RISC-5/.v/DDCA/code/exercises/ALUDesignIverilog/ALU/systemIverilog/build/runs/RUN_2026-09-29_09-19-13/51-openroad-fillinsertion/addsub32.nl.v line 1674, module sky130_fd_sc_hd__tapvpwrvgnd_1 not found. Creating black box for TAP_TAPCELL_ROW_0_72.
Reading design constraints file at '/nix/store/33pw6r3szpqrlxwi0ri36rfq68whzq26-python3-3.13.9-env/lib/python3.13/site-packages/librelane/scripts/base.sdc'…
Warning: base.sdc line 15, port '__VIRTUAL_CLK__' not found.
[INFO] Using clock __VIRTUAL_CLK__…
[INFO] Setting output delay to: 0.8
[INFO] Setting input delay to: 0.8
Warning: base.sdc line 32, port '__VIRTUAL_CLK__' not found.
[INFO] Setting load to: 0.033442
[INFO] Setting clock uncertainty to: 0.25
[INFO] Setting clock transition to: 0.1499999999999999944488848768742172978818416595458984375
Warning: base.sdc line 69, transition time can not be specified for virtual clocks.
[INFO] Setting timing derate to: 5.0%
Warning: base.sdc line 79, virtual clock __VIRTUAL_CLK__ can not be propagated.
Reading top-level design parasitics for the 'max_ss_100C_1v60' corner at '/home/admin/Documents/Projekty/Hobby/Nauka/RISC-5/.v/DDCA/code/exercises/ALUDesignIverilog/ALU/systemIverilog/build/runs/RUN_2026-09-29_09-19-13/53-openroad-rcx/max/addsub32.max.spef'…
%OL_CREATE_REPORT min.rpt

===========================================================================
report_checks -path_delay min (Hold)
============================================================================
======================= max_ss_100C_1v60 Corner ===================================

Startpoint: A[31] (input port clocked by __VIRTUAL_CLK__)
Endpoint: carryOut (output port clocked by __VIRTUAL_CLK__)
Path Group: __VIRTUAL_CLK__
Path Type: min

Fanout         Cap        Slew       Delay        Time   Description
---------------------------------------------------------------------------------------------
                      0.000000    0.000000    0.000000   clock __VIRTUAL_CLK__ (rise edge)
                                  0.000000    0.000000   clock network delay (ideal)
                                  0.800000    0.800000 ^ input external delay
     1    0.003946    0.039954    0.020803    0.820803 ^ A[31] (in)
                                                         A[31] (net)
                      0.039954    0.000000    0.820803 ^ input25/A (sky130_fd_sc_hd__clkdlybuf4s25_1)
     2    0.020094    0.334310    0.609463    1.430266 ^ input25/X (sky130_fd_sc_hd__clkdlybuf4s25_1)
                                                         net25 (net)
                      0.334310    0.001179    1.431446 ^ _651_/A1_N (sky130_fd_sc_hd__o2bb2ai_4)
     1    0.005378    0.085132    0.270145    1.701591 ^ _651_/Y (sky130_fd_sc_hd__o2bb2ai_4)
                                                         net98 (net)
                      0.085133    0.000382    1.701973 ^ output98/A (sky130_fd_sc_hd__buf_6)
     1    0.036169    0.128070    0.221332    1.923305 ^ output98/X (sky130_fd_sc_hd__buf_6)
                                                         carryOut (net)
                      0.128098    0.001775    1.925080 ^ carryOut (out)
                                              1.925080   data arrival time

                      0.000000    0.000000    0.000000   clock __VIRTUAL_CLK__ (rise edge)
                                  0.000000    0.000000   clock network delay (ideal)
                                  0.250000    0.250000   clock uncertainty
                                  0.000000    0.250000   clock reconvergence pessimism
                                 -0.800000   -0.550000   output external delay
                                             -0.550000   data required time
---------------------------------------------------------------------------------------------
                                             -0.550000   data required time
                                             -1.925080   data arrival time
---------------------------------------------------------------------------------------------
                                              2.475080   slack (MET)


Startpoint: A[20] (input port clocked by __VIRTUAL_CLK__)
Endpoint: S[21] (output port clocked by __VIRTUAL_CLK__)
Path Group: __VIRTUAL_CLK__
Path Type: min

Fanout         Cap        Slew       Delay        Time   Description
---------------------------------------------------------------------------------------------
                      0.000000    0.000000    0.000000   clock __VIRTUAL_CLK__ (rise edge)
                                  0.000000    0.000000   clock network delay (ideal)
                                  0.800000    0.800000 v input external delay
     1    0.005764    0.030148    0.017705    0.817705 v A[20] (in)
                                                         A[20] (net)
                      0.030151    0.000000    0.817705 v input13/A (sky130_fd_sc_hd__clkdlybuf4s25_1)
     2    0.013757    0.204562    0.526336    1.344041 v input13/X (sky130_fd_sc_hd__clkdlybuf4s25_1)
                                                         net13 (net)
                      0.204565    0.001132    1.345173 v _460_/B1 (sky130_fd_sc_hd__o21ai_4)
     3    0.014474    0.118596    0.172655    1.517828 ^ _460_/Y (sky130_fd_sc_hd__o21ai_4)
                                                         _185_ (net)
                      0.118602    0.000808    1.518636 ^ _479_/B2 (sky130_fd_sc_hd__o2bb2ai_2)
     1    0.005154    0.067837    0.121687    1.640322 v _479_/Y (sky130_fd_sc_hd__o2bb2ai_2)
                                                         _203_ (net)
                      0.067839    0.000224    1.640546 v _481_/B1 (sky130_fd_sc_hd__o21ai_2)
     1    0.009201    0.110271    0.111026    1.751572 ^ _481_/Y (sky130_fd_sc_hd__o21ai_2)
                                                         _205_ (net)
                      0.110274    0.000665    1.752238 ^ _482_/A (sky130_fd_sc_hd__nand2_4)
     1    0.007832    0.056360    0.093107    1.845345 v _482_/Y (sky130_fd_sc_hd__nand2_4)
                                                         net79 (net)
                      0.056362    0.000567    1.845911 v output79/A (sky130_fd_sc_hd__buf_8)
     1    0.035097    0.068760    0.221101    2.067012 v output79/X (sky130_fd_sc_hd__buf_8)
                                                         S[21] (net)
                      0.068824    0.001789    2.068800 v S[21] (out)
                                              2.068800   data arrival time

                      0.000000    0.000000    0.000000   clock __VIRTUAL_CLK__ (rise edge)
                                  0.000000    0.000000   clock network delay (ideal)
                                  0.250000    0.250000   clock uncertainty
                                  0.000000    0.250000   clock reconvergence pessimism
                                 -0.800000   -0.550000   output external delay
                                             -0.550000   data required time
---------------------------------------------------------------------------------------------
                                             -0.550000   data required time
                                             -2.068800   data arrival time
---------------------------------------------------------------------------------------------
                                              2.618800   slack (MET)


Startpoint: A[28] (input port clocked by __VIRTUAL_CLK__)
Endpoint: S[29] (output port clocked by __VIRTUAL_CLK__)
Path Group: __VIRTUAL_CLK__
Path Type: min

Fanout         Cap        Slew       Delay        Time   Description
---------------------------------------------------------------------------------------------
                      0.000000    0.000000    0.000000   clock __VIRTUAL_CLK__ (rise edge)
                                  0.000000    0.000000   clock network delay (ideal)
                                  0.800000    0.800000 v input external delay
     1    0.003824    0.022443    0.011892    0.811892 v A[28] (in)
                                                         A[28] (net)
                      0.022453    0.000000    0.811892 v input21/A (sky130_fd_sc_hd__clkdlybuf4s25_1)
     3    0.005912    0.111000    0.446321    1.258213 v input21/X (sky130_fd_sc_hd__clkdlybuf4s25_1)
                                                         net21 (net)
                      0.111000    0.000287    1.258500 v _568_/C_N (sky130_fd_sc_hd__nor3b_2)
     2    0.011644    0.080138    0.358771    1.617271 v _568_/Y (sky130_fd_sc_hd__nor3b_2)
                                                         _285_ (net)
                      0.080139    0.000471    1.617741 v _590_/A1 (sky130_fd_sc_hd__o21ai_2)
     1    0.006651    0.088823    0.244690    1.862431 ^ _590_/Y (sky130_fd_sc_hd__o21ai_2)
                                                         net87 (net)
                      0.088824    0.000449    1.862881 ^ output87/A (sky130_fd_sc_hd__buf_6)
     1    0.034934    0.124473    0.220428    2.083308 ^ output87/X (sky130_fd_sc_hd__buf_6)
                                                         S[29] (net)
                      0.124502    0.001758    2.085067 ^ S[29] (out)
                                              2.085067   data arrival time

                      0.000000    0.000000    0.000000   clock __VIRTUAL_CLK__ (rise edge)
                                  0.000000    0.000000   clock network delay (ideal)
                                  0.250000    0.250000   clock uncertainty
                                  0.000000    0.250000   clock reconvergence pessimism
                                 -0.800000   -0.550000   output external delay
                                             -0.550000   data required time
---------------------------------------------------------------------------------------------
                                             -0.550000   data required time
                                             -2.085067   data arrival time
---------------------------------------------------------------------------------------------
                                              2.635067   slack (MET)


Startpoint: A[2] (input port clocked by __VIRTUAL_CLK__)
Endpoint: S[3] (output port clocked by __VIRTUAL_CLK__)
Path Group: __VIRTUAL_CLK__
Path Type: min

Fanout         Cap        Slew       Delay        Time   Description
---------------------------------------------------------------------------------------------
                      0.000000    0.000000    0.000000   clock __VIRTUAL_CLK__ (rise edge)
                                  0.000000    0.000000   clock network delay (ideal)
                                  0.800000    0.800000 ^ input external delay
     1    0.004562    0.044197    0.023892    0.823892 ^ A[2] (in)
                                                         A[2] (net)
                      0.044198    0.000000    0.823892 ^ input23/A (sky130_fd_sc_hd__clkdlybuf4s25_1)
     2    0.007968    0.149195    0.483580    1.307471 ^ input23/X (sky130_fd_sc_hd__clkdlybuf4s25_1)
                                                         net23 (net)
                      0.149195    0.000125    1.307596 ^ _396_/B1_N (sky130_fd_sc_hd__o21bai_4)
     5    0.024505    0.157257    0.292174    1.599770 ^ _396_/Y (sky130_fd_sc_hd__o21bai_4)
                                                         _125_ (net)
                      0.157327    0.002764    1.602535 ^ _622_/A (sky130_fd_sc_hd__nand3_2)
     1    0.004553    0.106357    0.145513    1.748048 v _622_/Y (sky130_fd_sc_hd__nand3_2)
                                                         _332_ (net)
                      0.106357    0.000324    1.748372 v _623_/B (sky130_fd_sc_hd__nand2b_2)
     1    0.007979    0.091297    0.129581    1.877954 ^ _623_/Y (sky130_fd_sc_hd__nand2b_2)
                                                         net91 (net)
                      0.091301    0.000637    1.878591 ^ output91/A (sky130_fd_sc_hd__buf_6)
     1    0.035281    0.125491    0.222156    2.100747 ^ output91/X (sky130_fd_sc_hd__buf_6)
                                                         S[3] (net)
                      0.125523    0.001843    2.102589 ^ S[3] (out)
                                              2.102589   data arrival time

                      0.000000    0.000000    0.000000   clock __VIRTUAL_CLK__ (rise edge)
                                  0.000000    0.000000   clock network delay (ideal)
                                  0.250000    0.250000   clock uncertainty
                                  0.000000    0.250000   clock reconvergence pessimism
                                 -0.800000   -0.550000   output external delay
                                             -0.550000   data required time
---------------------------------------------------------------------------------------------
                                             -0.550000   data required time
                                             -2.102589   data arrival time
---------------------------------------------------------------------------------------------
                                              2.652589   slack (MET)


Startpoint: A[12] (input port clocked by __VIRTUAL_CLK__)
Endpoint: S[13] (output port clocked by __VIRTUAL_CLK__)
Path Group: __VIRTUAL_CLK__
Path Type: min

Fanout         Cap        Slew       Delay        Time   Description
---------------------------------------------------------------------------------------------
                      0.000000    0.000000    0.000000   clock __VIRTUAL_CLK__ (rise edge)
                                  0.000000    0.000000   clock network delay (ideal)
                                  0.800000    0.800000 ^ input external delay
     1    0.004771    0.045628    0.024943    0.824943 ^ A[12] (in)
                                                         A[12] (net)
                      0.045629    0.000000    0.824943 ^ input4/A (sky130_fd_sc_hd__clkdlybuf4s25_1)
     4    0.018043    0.302592    0.590657    1.415601 ^ input4/X (sky130_fd_sc_hd__clkdlybuf4s25_1)
                                                         net4 (net)
                      0.302592    0.000668    1.416268 ^ _643_/A1 (sky130_fd_sc_hd__a22o_4)
     1    0.008814    0.072066    0.334921    1.751190 ^ _643_/X (sky130_fd_sc_hd__a22o_4)
                                                         _343_ (net)
                      0.072066    0.000637    1.751827 ^ _644_/B (sky130_fd_sc_hd__xnor2_2)
     1    0.005115    0.076884    0.116469    1.868296 v _644_/Y (sky130_fd_sc_hd__xnor2_2)
                                                         net70 (net)
                      0.076884    0.000365    1.868661 v output70/A (sky130_fd_sc_hd__buf_6)
     1    0.035160    0.077091    0.238057    2.106718 v output70/X (sky130_fd_sc_hd__buf_6)
                                                         S[13] (net)
                      0.077138    0.001613    2.108331 v S[13] (out)
                                              2.108331   data arrival time

                      0.000000    0.000000    0.000000   clock __VIRTUAL_CLK__ (rise edge)
                                  0.000000    0.000000   clock network delay (ideal)
                                  0.250000    0.250000   clock uncertainty
                                  0.000000    0.250000   clock reconvergence pessimism
                                 -0.800000   -0.550000   output external delay
                                             -0.550000   data required time
---------------------------------------------------------------------------------------------
                                             -0.550000   data required time
                                             -2.108331   data arrival time
---------------------------------------------------------------------------------------------
                                              2.658330   slack (MET)


Startpoint: A[30] (input port clocked by __VIRTUAL_CLK__)
Endpoint: S[30] (output port clocked by __VIRTUAL_CLK__)
Path Group: __VIRTUAL_CLK__
Path Type: min

Fanout         Cap        Slew       Delay        Time   Description
---------------------------------------------------------------------------------------------
                      0.000000    0.000000    0.000000   clock __VIRTUAL_CLK__ (rise edge)
                                  0.000000    0.000000   clock network delay (ideal)
                                  0.800000    0.800000 ^ input external delay
     1    0.003313    0.035662    0.017620    0.817620 ^ A[30] (in)
                                                         A[30] (net)
                      0.035662    0.000000    0.817620 ^ input24/A (sky130_fd_sc_hd__clkdlybuf4s25_1)
     3    0.005641    0.114409    0.455204    1.272824 ^ input24/X (sky130_fd_sc_hd__clkdlybuf4s25_1)
                                                         net24 (net)
                      0.114409    0.000275    1.273098 ^ _595_/B1_N (sky130_fd_sc_hd__o21bai_2)
     2    0.013405    0.144797    0.252606    1.525704 ^ _595_/Y (sky130_fd_sc_hd__o21bai_2)
                                                         _310_ (net)
                      0.144800    0.000794    1.526498 ^ _596_/B (sky130_fd_sc_hd__nand2_2)
     2    0.007705    0.086957    0.140184    1.666682 v _596_/Y (sky130_fd_sc_hd__nand2_2)
                                                         _311_ (net)
                      0.086957    0.000265    1.666947 v _602_/B1 (sky130_fd_sc_hd__o21ai_2)
     1    0.009596    0.114338    0.121610    1.788557 ^ _602_/Y (sky130_fd_sc_hd__o21ai_2)
                                                         _317_ (net)
                      0.114341    0.000697    1.789254 ^ _604_/B1 (sky130_fd_sc_hd__o21ai_4)
     1    0.007157    0.056301    0.113543    1.902797 v _604_/Y (sky130_fd_sc_hd__o21ai_4)
                                                         net89 (net)
                      0.056302    0.000341    1.903138 v output89/A (sky130_fd_sc_hd__buf_6)
     1    0.034348    0.076030    0.228219    2.131357 v output89/X (sky130_fd_sc_hd__buf_6)
                                                         S[30] (net)
                      0.076082    0.001667    2.133024 v S[30] (out)
                                              2.133024   data arrival time

                      0.000000    0.000000    0.000000   clock __VIRTUAL_CLK__ (rise edge)
                                  0.000000    0.000000   clock network delay (ideal)
                                  0.250000    0.250000   clock uncertainty
                                  0.000000    0.250000   clock reconvergence pessimism
                                 -0.800000   -0.550000   output external delay
                                             -0.550000   data required time
---------------------------------------------------------------------------------------------
                                             -0.550000   data required time
                                             -2.133024   data arrival time
---------------------------------------------------------------------------------------------
                                              2.683024   slack (MET)


Startpoint: A[4] (input port clocked by __VIRTUAL_CLK__)
Endpoint: S[4] (output port clocked by __VIRTUAL_CLK__)
Path Group: __VIRTUAL_CLK__
Path Type: min

Fanout         Cap        Slew       Delay        Time   Description
---------------------------------------------------------------------------------------------
                      0.000000    0.000000    0.000000   clock __VIRTUAL_CLK__ (rise edge)
                                  0.000000    0.000000   clock network delay (ideal)
                                  0.800000    0.800000 v input external delay
     1    0.003803    0.022361    0.011825    0.811825 v A[4] (in)
                                                         A[4] (net)
                      0.022370    0.000000    0.811825 v input27/A (sky130_fd_sc_hd__clkdlybuf4s25_1)
     3    0.012217    0.186756    0.508858    1.320683 v input27/X (sky130_fd_sc_hd__clkdlybuf4s25_1)
                                                         net27 (net)
                      0.186757    0.000840    1.321523 v _364_/B1 (sky130_fd_sc_hd__o21ai_4)
     3    0.013062    0.111904    0.159547    1.481071 ^ _364_/Y (sky130_fd_sc_hd__o21ai_4)
                                                         _093_ (net)
                      0.111904    0.000253    1.481324 ^ _368_/A2 (sky130_fd_sc_hd__o21a_2)
     1    0.009402    0.102651    0.265455    1.746779 ^ _368_/X (sky130_fd_sc_hd__o21a_2)
                                                         _097_ (net)
                      0.102654    0.000683    1.747463 ^ _625_/A (sky130_fd_sc_hd__xnor2_2)
     1    0.005684    0.081754    0.149901    1.897364 v _625_/Y (sky130_fd_sc_hd__xnor2_2)
                                                         net92 (net)
                      0.081769    0.000414    1.897777 v output92/A (sky130_fd_sc_hd__buf_6)
     1    0.034923    0.076798    0.239911    2.137688 v output92/X (sky130_fd_sc_hd__buf_6)
                                                         S[4] (net)
                      0.076853    0.001730    2.139419 v S[4] (out)
                                              2.139419   data arrival time

                      0.000000    0.000000    0.000000   clock __VIRTUAL_CLK__ (rise edge)
                                  0.000000    0.000000   clock network delay (ideal)
                                  0.250000    0.250000   clock uncertainty
                                  0.000000    0.250000   clock reconvergence pessimism
                                 -0.800000   -0.550000   output external delay
                                             -0.550000   data required time
---------------------------------------------------------------------------------------------
                                             -0.550000   data required time
                                             -2.139419   data arrival time
---------------------------------------------------------------------------------------------
                                              2.689419   slack (MET)


Startpoint: A[9] (input port clocked by __VIRTUAL_CLK__)
Endpoint: S[9] (output port clocked by __VIRTUAL_CLK__)
Path Group: __VIRTUAL_CLK__
Path Type: min

Fanout         Cap        Slew       Delay        Time   Description
---------------------------------------------------------------------------------------------
                      0.000000    0.000000    0.000000   clock __VIRTUAL_CLK__ (rise edge)
                                  0.000000    0.000000   clock network delay (ideal)
                                  0.800000    0.800000 v input external delay
     1    0.003521    0.021250    0.010975    0.810975 v A[9] (in)
                                                         A[9] (net)
                      0.021250    0.000000    0.810975 v input32/A (sky130_fd_sc_hd__clkdlybuf4s25_1)
     3    0.007327    0.127968    0.459846    1.270821 v input32/X (sky130_fd_sc_hd__clkdlybuf4s25_1)
                                                         net32 (net)
                      0.127968    0.000538    1.271358 v _697_/B1_N (sky130_fd_sc_hd__o21bai_4)
     3    0.016817    0.103161    0.356993    1.628351 v _697_/Y (sky130_fd_sc_hd__o21bai_4)
                                                         _044_ (net)
                      0.103166    0.000801    1.629152 v _700_/A (sky130_fd_sc_hd__nand2_2)
     1    0.009764    0.098901    0.126430    1.755582 ^ _700_/Y (sky130_fd_sc_hd__nand2_2)
                                                         _047_ (net)
                      0.098905    0.000719    1.756300 ^ _635_/A (sky130_fd_sc_hd__xnor2_2)
     1    0.005192    0.077506    0.145450    1.901750 v _635_/Y (sky130_fd_sc_hd__xnor2_2)
                                                         net97 (net)
                      0.077507    0.000382    1.902132 v output97/A (sky130_fd_sc_hd__buf_6)
     1    0.034645    0.076439    0.237727    2.139858 v output97/X (sky130_fd_sc_hd__buf_6)
                                                         S[9] (net)
                      0.076490    0.001657    2.141515 v S[9] (out)
                                              2.141515   data arrival time

                      0.000000    0.000000    0.000000   clock __VIRTUAL_CLK__ (rise edge)
                                  0.000000    0.000000   clock network delay (ideal)
                                  0.250000    0.250000   clock uncertainty
                                  0.000000    0.250000   clock reconvergence pessimism
                                 -0.800000   -0.550000   output external delay
                                             -0.550000   data required time
---------------------------------------------------------------------------------------------
                                             -0.550000   data required time
                                             -2.141515   data arrival time
---------------------------------------------------------------------------------------------
                                              2.691515   slack (MET)


Startpoint: A[6] (input port clocked by __VIRTUAL_CLK__)
Endpoint: S[6] (output port clocked by __VIRTUAL_CLK__)
Path Group: __VIRTUAL_CLK__
Path Type: min

Fanout         Cap        Slew       Delay        Time   Description
---------------------------------------------------------------------------------------------
                      0.000000    0.000000    0.000000   clock __VIRTUAL_CLK__ (rise edge)
                                  0.000000    0.000000   clock network delay (ideal)
                                  0.800000    0.800000 v input external delay
     1    0.004300    0.024341    0.013313    0.813312 v A[6] (in)
                                                         A[6] (net)
                      0.024343    0.000000    0.813312 v input29/A (sky130_fd_sc_hd__clkdlybuf4s25_1)
     2    0.012195    0.186581    0.509293    1.322606 v input29/X (sky130_fd_sc_hd__clkdlybuf4s25_1)
                                                         net29 (net)
                      0.186586    0.001156    1.323762 v _730_/B1 (sky130_fd_sc_hd__o21ai_4)
     4    0.024191    0.159983    0.196158    1.519920 ^ _730_/Y (sky130_fd_sc_hd__o21ai_4)
                                                         _077_ (net)
                      0.159991    0.001193    1.521113 ^ _350_/A2 (sky130_fd_sc_hd__o21ai_2)
     1    0.009918    0.101482    0.158658    1.679771 v _350_/Y (sky130_fd_sc_hd__o21ai_2)
                                                         _079_ (net)
                      0.101485    0.000738    1.680509 v _629_/A (sky130_fd_sc_hd__xnor2_2)
     1    0.005114    0.073089    0.250163    1.930671 ^ _629_/Y (sky130_fd_sc_hd__xnor2_2)
                                                         net94 (net)
                      0.073105    0.000366    1.931037 ^ output94/A (sky130_fd_sc_hd__buf_6)
     1    0.035291    0.125491    0.214319    2.145356 ^ output94/X (sky130_fd_sc_hd__buf_6)
                                                         S[6] (net)
                      0.125524    0.001870    2.147226 ^ S[6] (out)
                                              2.147226   data arrival time

                      0.000000    0.000000    0.000000   clock __VIRTUAL_CLK__ (rise edge)
                                  0.000000    0.000000   clock network delay (ideal)
                                  0.250000    0.250000   clock uncertainty
                                  0.000000    0.250000   clock reconvergence pessimism
                                 -0.800000   -0.550000   output external delay
                                             -0.550000   data required time
---------------------------------------------------------------------------------------------
                                             -0.550000   data required time
                                             -2.147226   data arrival time
---------------------------------------------------------------------------------------------
                                              2.697226   slack (MET)


Startpoint: A[1] (input port clocked by __VIRTUAL_CLK__)
Endpoint: S[1] (output port clocked by __VIRTUAL_CLK__)
Path Group: __VIRTUAL_CLK__
Path Type: min

Fanout         Cap        Slew       Delay        Time   Description
---------------------------------------------------------------------------------------------
                      0.000000    0.000000    0.000000   clock __VIRTUAL_CLK__ (rise edge)
                                  0.000000    0.000000   clock network delay (ideal)
                                  0.800000    0.800000 v input external delay
     1    0.003197    0.019984    0.010003    0.810003 v A[1] (in)
                                                         A[1] (net)
                      0.019984    0.000000    0.810003 v input12/A (sky130_fd_sc_hd__clkdlybuf4s25_1)
     2    0.008469    0.141886    0.470704    1.280707 v input12/X (sky130_fd_sc_hd__clkdlybuf4s25_1)
                                                         net12 (net)
                      0.141886    0.000500    1.281207 v _383_/B (sky130_fd_sc_hd__nand2_2)
     3    0.022475    0.195071    0.224856    1.506063 ^ _383_/Y (sky130_fd_sc_hd__nand2_2)
                                                         _112_ (net)
                      0.195090    0.001492    1.507555 ^ _386_/A2 (sky130_fd_sc_hd__o21ai_4)
     2    0.018432    0.105087    0.170486    1.678041 v _386_/Y (sky130_fd_sc_hd__o21ai_4)
                                                         _115_ (net)
                      0.105102    0.001218    1.679259 v _617_/A (sky130_fd_sc_hd__xnor2_2)
     1    0.005129    0.073063    0.251786    1.931045 ^ _617_/Y (sky130_fd_sc_hd__xnor2_2)
                                                         net77 (net)
                      0.073064    0.000366    1.931412 ^ output77/A (sky130_fd_sc_hd__buf_6)
     1    0.035506    0.126128    0.214850    2.146262 ^ output77/X (sky130_fd_sc_hd__buf_6)
                                                         S[1] (net)
                      0.126153    0.001681    2.147943 ^ S[1] (out)
                                              2.147943   data arrival time

                      0.000000    0.000000    0.000000   clock __VIRTUAL_CLK__ (rise edge)
                                  0.000000    0.000000   clock network delay (ideal)
                                  0.250000    0.250000   clock uncertainty
                                  0.000000    0.250000   clock reconvergence pessimism
                                 -0.800000   -0.550000   output external delay
                                             -0.550000   data required time
---------------------------------------------------------------------------------------------
                                             -0.550000   data required time
                                             -2.147943   data arrival time
---------------------------------------------------------------------------------------------
                                              2.697943   slack (MET)


Startpoint: A[24] (input port clocked by __VIRTUAL_CLK__)
Endpoint: S[25] (output port clocked by __VIRTUAL_CLK__)
Path Group: __VIRTUAL_CLK__
Path Type: min

Fanout         Cap        Slew       Delay        Time   Description
---------------------------------------------------------------------------------------------
                      0.000000    0.000000    0.000000   clock __VIRTUAL_CLK__ (rise edge)
                                  0.000000    0.000000   clock network delay (ideal)
                                  0.800000    0.800000 v input external delay
     1    0.004442    0.024910    0.013744    0.813744 v A[24] (in)
                                                         A[24] (net)
                      0.024912    0.000000    0.813744 v input17/A (sky130_fd_sc_hd__clkdlybuf4s25_1)
     3    0.009257    0.151603    0.480567    1.294311 v input17/X (sky130_fd_sc_hd__clkdlybuf4s25_1)
                                                         net17 (net)
                      0.151603    0.000533    1.294844 v _525_/C (sky130_fd_sc_hd__nand3b_2)
     3    0.017807    0.170071    0.236392    1.531236 ^ _525_/Y (sky130_fd_sc_hd__nand3b_2)
                                                         _246_ (net)
                      0.170074    0.000979    1.532215 ^ _538_/C (sky130_fd_sc_hd__nand3b_2)
     1    0.004622    0.117492    0.194382    1.726597 v _538_/Y (sky130_fd_sc_hd__nand3b_2)
                                                         _258_ (net)
                      0.117493    0.000329    1.726927 v _540_/A (sky130_fd_sc_hd__nand2_2)
     1    0.002830    0.053020    0.092818    1.819744 ^ _540_/Y (sky130_fd_sc_hd__nand2_2)
                                                         net83 (net)
                      0.053020    0.000126    1.819870 ^ output83/A (sky130_fd_sc_hd__clkbuf_2)
     1    0.036066    0.309341    0.336909    2.156780 ^ output83/X (sky130_fd_sc_hd__clkbuf_2)
                                                         S[25] (net)
                      0.309452    0.002041    2.158820 ^ S[25] (out)
                                              2.158820   data arrival time

                      0.000000    0.000000    0.000000   clock __VIRTUAL_CLK__ (rise edge)
                                  0.000000    0.000000   clock network delay (ideal)
                                  0.250000    0.250000   clock uncertainty
                                  0.000000    0.250000   clock reconvergence pessimism
                                 -0.800000   -0.550000   output external delay
                                             -0.550000   data required time
---------------------------------------------------------------------------------------------
                                             -0.550000   data required time
                                             -2.158820   data arrival time
---------------------------------------------------------------------------------------------
                                              2.708820   slack (MET)


Startpoint: A[26] (input port clocked by __VIRTUAL_CLK__)
Endpoint: S[27] (output port clocked by __VIRTUAL_CLK__)
Path Group: __VIRTUAL_CLK__
Path Type: min

Fanout         Cap        Slew       Delay        Time   Description
---------------------------------------------------------------------------------------------
                      0.000000    0.000000    0.000000   clock __VIRTUAL_CLK__ (rise edge)
                                  0.000000    0.000000   clock network delay (ideal)
                                  0.800000    0.800000 ^ input external delay
     1    0.003246    0.035210    0.017285    0.817285 ^ A[26] (in)
                                                         A[26] (net)
                      0.035210    0.000000    0.817285 ^ input19/A (sky130_fd_sc_hd__clkdlybuf4s25_1)
     2    0.004302    0.094647    0.440709    1.257994 ^ input19/X (sky130_fd_sc_hd__clkdlybuf4s25_1)
                                                         net19 (net)
                      0.094647    0.000238    1.258231 ^ _548_/B1_N (sky130_fd_sc_hd__o21bai_2)
     2    0.009313    0.115011    0.221248    1.479480 ^ _548_/Y (sky130_fd_sc_hd__o21bai_2)
                                                         _267_ (net)
                      0.115014    0.000604    1.480084 ^ _560_/A2 (sky130_fd_sc_hd__a21boi_2)
     3    0.014694    0.114541    0.175623    1.655707 v _560_/Y (sky130_fd_sc_hd__a21boi_2)
                                                         _278_ (net)
                      0.114549    0.000871    1.656577 v _563_/A (sky130_fd_sc_hd__nand2_2)
     1    0.005460    0.069270    0.108042    1.764619 ^ _563_/Y (sky130_fd_sc_hd__nand2_2)
                                                         _281_ (net)
                      0.069270    0.000390    1.765009 ^ _564_/A2 (sky130_fd_sc_hd__o21ai_2)
     1    0.004245    0.055258    0.095169    1.860178 v _564_/Y (sky130_fd_sc_hd__o21ai_2)
                                                         net85 (net)
                      0.055259    0.000275    1.860452 v output85/A (sky130_fd_sc_hd__clkbuf_4)
     1    0.035667    0.143143    0.304909    2.165361 v output85/X (sky130_fd_sc_hd__clkbuf_4)
                                                         S[27] (net)
                      0.143169    0.001827    2.167188 v S[27] (out)
                                              2.167188   data arrival time

                      0.000000    0.000000    0.000000   clock __VIRTUAL_CLK__ (rise edge)
                                  0.000000    0.000000   clock network delay (ideal)
                                  0.250000    0.250000   clock uncertainty
                                  0.000000    0.250000   clock reconvergence pessimism
                                 -0.800000   -0.550000   output external delay
                                             -0.550000   data required time
---------------------------------------------------------------------------------------------
                                             -0.550000   data required time
                                             -2.167188   data arrival time
---------------------------------------------------------------------------------------------
                                              2.717188   slack (MET)


Startpoint: A[15] (input port clocked by __VIRTUAL_CLK__)
Endpoint: S[15] (output port clocked by __VIRTUAL_CLK__)
Path Group: __VIRTUAL_CLK__
Path Type: min

Fanout         Cap        Slew       Delay        Time   Description
---------------------------------------------------------------------------------------------
                      0.000000    0.000000    0.000000   clock __VIRTUAL_CLK__ (rise edge)
                                  0.000000    0.000000   clock network delay (ideal)
                                  0.800000    0.800000 ^ input external delay
     1    0.003785    0.038853    0.019998    0.819998 ^ A[15] (in)
                                                         A[15] (net)
                      0.038853    0.000000    0.819998 ^ input7/A (sky130_fd_sc_hd__clkdlybuf4s25_1)
     2    0.004115    0.091987    0.440035    1.260033 ^ input7/X (sky130_fd_sc_hd__clkdlybuf4s25_1)
                                                         net7 (net)
                      0.091987    0.000201    1.260234 ^ _681_/B1_N (sky130_fd_sc_hd__o21bai_2)
     6    0.023726    0.221286    0.294697    1.554930 ^ _681_/Y (sky130_fd_sc_hd__o21bai_2)
                                                         _028_ (net)
                      0.221286    0.000748    1.555679 ^ _649_/A2 (sky130_fd_sc_hd__a22oi_2)
     1    0.008741    0.122665    0.227865    1.783544 v _649_/Y (sky130_fd_sc_hd__a22oi_2)
                                                         _347_ (net)
                      0.122666    0.000642    1.784186 v _650_/B (sky130_fd_sc_hd__nor2_4)
     1    0.003761    0.095780    0.130511    1.914697 ^ _650_/Y (sky130_fd_sc_hd__nor2_4)
                                                         net72 (net)
                      0.095780    0.000254    1.914950 ^ output72/A (sky130_fd_sc_hd__buf_4)
     1    0.035528    0.170517    0.280494    2.195445 ^ output72/X (sky130_fd_sc_hd__buf_4)
                                                         S[15] (net)
                      0.170533    0.001689    2.197133 ^ S[15] (out)
                                              2.197133   data arrival time

                      0.000000    0.000000    0.000000   clock __VIRTUAL_CLK__ (rise edge)
                                  0.000000    0.000000   clock network delay (ideal)
                                  0.250000    0.250000   clock uncertainty
                                  0.000000    0.250000   clock reconvergence pessimism
                                 -0.800000   -0.550000   output external delay
                                             -0.550000   data required time
---------------------------------------------------------------------------------------------
                                             -0.550000   data required time
                                             -2.197133   data arrival time
---------------------------------------------------------------------------------------------
                                              2.747133   slack (MET)


Startpoint: A[22] (input port clocked by __VIRTUAL_CLK__)
Endpoint: S[22] (output port clocked by __VIRTUAL_CLK__)
Path Group: __VIRTUAL_CLK__
Path Type: min

Fanout         Cap        Slew       Delay        Time   Description
---------------------------------------------------------------------------------------------
                      0.000000    0.000000    0.000000   clock __VIRTUAL_CLK__ (rise edge)
                                  0.000000    0.000000   clock network delay (ideal)
                                  0.800000    0.800000 v input external delay
     1    0.004932    0.026853    0.015220    0.815220 v A[22] (in)
                                                         A[22] (net)
                      0.026856    0.000000    0.815220 v input15/A (sky130_fd_sc_hd__clkdlybuf4s25_1)
     3    0.015866    0.231143    0.544147    1.359367 v input15/X (sky130_fd_sc_hd__clkdlybuf4s25_1)
                                                         net15 (net)
                      0.231144    0.000953    1.360320 v _491_/C (sky130_fd_sc_hd__nand3b_4)
     6    0.030081    0.173998    0.254265    1.614585 ^ _491_/Y (sky130_fd_sc_hd__nand3b_4)
                                                         _214_ (net)
                      0.174005    0.001273    1.615857 ^ _494_/A (sky130_fd_sc_hd__nand2_2)
     2    0.008625    0.093925    0.145797    1.761655 v _494_/Y (sky130_fd_sc_hd__nand2_2)
                                                         _217_ (net)
                      0.093927    0.000563    1.762218 v _496_/A (sky130_fd_sc_hd__nand2_2)
     1    0.010007    0.099770    0.123668    1.885885 ^ _496_/Y (sky130_fd_sc_hd__nand2_2)
                                                         _219_ (net)
                      0.099816    0.000737    1.886622 ^ _497_/A (sky130_fd_sc_hd__nand2_4)
     1    0.007396    0.054653    0.088278    1.974900 v _497_/Y (sky130_fd_sc_hd__nand2_4)
                                                         net80 (net)
                      0.054654    0.000536    1.975435 v output80/A (sky130_fd_sc_hd__buf_8)
     1    0.035005    0.068658    0.220258    2.195693 v output80/X (sky130_fd_sc_hd__buf_8)
                                                         S[22] (net)
                      0.068722    0.001784    2.197477 v S[22] (out)
                                              2.197477   data arrival time

                      0.000000    0.000000    0.000000   clock __VIRTUAL_CLK__ (rise edge)
                                  0.000000    0.000000   clock network delay (ideal)
                                  0.250000    0.250000   clock uncertainty
                                  0.000000    0.250000   clock reconvergence pessimism
                                 -0.800000   -0.550000   output external delay
                                             -0.550000   data required time
---------------------------------------------------------------------------------------------
                                             -0.550000   data required time
                                             -2.197477   data arrival time
---------------------------------------------------------------------------------------------
                                              2.747477   slack (MET)


Startpoint: A[2] (input port clocked by __VIRTUAL_CLK__)
Endpoint: S[2] (output port clocked by __VIRTUAL_CLK__)
Path Group: __VIRTUAL_CLK__
Path Type: min

Fanout         Cap        Slew       Delay        Time   Description
---------------------------------------------------------------------------------------------
                      0.000000    0.000000    0.000000   clock __VIRTUAL_CLK__ (rise edge)
                                  0.000000    0.000000   clock network delay (ideal)
                                  0.800000    0.800000 v input external delay
     1    0.004385    0.024682    0.013566    0.813566 v A[2] (in)
                                                         A[2] (net)
                      0.024684    0.000000    0.813566 v input23/A (sky130_fd_sc_hd__clkdlybuf4s25_1)
     2    0.007543    0.130575    0.463519    1.277086 v input23/X (sky130_fd_sc_hd__clkdlybuf4s25_1)
                                                         net23 (net)
                      0.130575    0.000337    1.277423 v _397_/B1 (sky130_fd_sc_hd__o21ai_2)
     3    0.015589    0.166383    0.174985    1.452409 ^ _397_/Y (sky130_fd_sc_hd__o21ai_2)
                                                         _126_ (net)
                      0.166386    0.000513    1.452922 ^ _398_/A2 (sky130_fd_sc_hd__o21a_2)
     1    0.012225    0.124236    0.302068    1.754990 ^ _398_/X (sky130_fd_sc_hd__o21a_2)
                                                         _127_ (net)
                      0.124242    0.000962    1.755952 ^ _620_/A (sky130_fd_sc_hd__xor2_2)
     1    0.003330    0.055942    0.135447    1.891399 v _620_/X (sky130_fd_sc_hd__xor2_2)
                                                         net88 (net)
                      0.055942    0.000230    1.891629 v output88/A (sky130_fd_sc_hd__clkbuf_4)
     1    0.037531    0.149004    0.309577    2.201207 v output88/X (sky130_fd_sc_hd__clkbuf_4)
                                                         S[2] (net)
                      0.149033    0.001971    2.203177 v S[2] (out)
                                              2.203177   data arrival time

                      0.000000    0.000000    0.000000   clock __VIRTUAL_CLK__ (rise edge)
                                  0.000000    0.000000   clock network delay (ideal)
                                  0.250000    0.250000   clock uncertainty
                                  0.000000    0.250000   clock reconvergence pessimism
                                 -0.800000   -0.550000   output external delay
                                             -0.550000   data required time
---------------------------------------------------------------------------------------------
                                             -0.550000   data required time
                                             -2.203177   data arrival time
---------------------------------------------------------------------------------------------
                                              2.753177   slack (MET)


Startpoint: A[23] (input port clocked by __VIRTUAL_CLK__)
Endpoint: S[23] (output port clocked by __VIRTUAL_CLK__)
Path Group: __VIRTUAL_CLK__
Path Type: min

Fanout         Cap        Slew       Delay        Time   Description
---------------------------------------------------------------------------------------------
                      0.000000    0.000000    0.000000   clock __VIRTUAL_CLK__ (rise edge)
                                  0.000000    0.000000   clock network delay (ideal)
                                  0.800000    0.800000 v input external delay
     1    0.004445    0.024920    0.013756    0.813756 v A[23] (in)
                                                         A[23] (net)
                      0.024922    0.000000    0.813756 v input16/A (sky130_fd_sc_hd__clkdlybuf4s25_1)
     3    0.009786    0.158125    0.485837    1.299592 v input16/X (sky130_fd_sc_hd__clkdlybuf4s25_1)
                                                         net16 (net)
                      0.158125    0.000560    1.300152 v _502_/B1 (sky130_fd_sc_hd__o21ai_2)
     4    0.018686    0.192893    0.204941    1.505094 ^ _502_/Y (sky130_fd_sc_hd__o21ai_2)
                                                         _224_ (net)
                      0.192897    0.000721    1.505814 ^ _505_/A2 (sky130_fd_sc_hd__o21ai_2)
     1    0.009237    0.097801    0.166001    1.671815 v _505_/Y (sky130_fd_sc_hd__o21ai_2)
                                                         _227_ (net)
                      0.097805    0.000684    1.672499 v _512_/B1 (sky130_fd_sc_hd__a21oi_4)
     1    0.009816    0.164993    0.208460    1.880959 ^ _512_/Y (sky130_fd_sc_hd__a21oi_4)
                                                         _234_ (net)
                      0.165004    0.000718    1.881677 ^ _513_/A (sky130_fd_sc_hd__nor2_4)
     1    0.004995    0.046780    0.095957    1.977635 v _513_/Y (sky130_fd_sc_hd__nor2_4)
                                                         net81 (net)
                      0.046781    0.000360    1.977994 v output81/A (sky130_fd_sc_hd__buf_6)
     1    0.035015    0.076870    0.224773    2.202767 v output81/X (sky130_fd_sc_hd__buf_6)
                                                         S[23] (net)
                      0.076927    0.001763    2.204531 v S[23] (out)
                                              2.204531   data arrival time

                      0.000000    0.000000    0.000000   clock __VIRTUAL_CLK__ (rise edge)
                                  0.000000    0.000000   clock network delay (ideal)
                                  0.250000    0.250000   clock uncertainty
                                  0.000000    0.250000   clock reconvergence pessimism
                                 -0.800000   -0.550000   output external delay
                                             -0.550000   data required time
---------------------------------------------------------------------------------------------
                                             -0.550000   data required time
                                             -2.204531   data arrival time
---------------------------------------------------------------------------------------------
                                              2.754531   slack (MET)


Startpoint: A[30] (input port clocked by __VIRTUAL_CLK__)
Endpoint: S[31] (output port clocked by __VIRTUAL_CLK__)
Path Group: __VIRTUAL_CLK__
Path Type: min

Fanout         Cap        Slew       Delay        Time   Description
---------------------------------------------------------------------------------------------
                      0.000000    0.000000    0.000000   clock __VIRTUAL_CLK__ (rise edge)
                                  0.000000    0.000000   clock network delay (ideal)
                                  0.800000    0.800000 ^ input external delay
     1    0.003313    0.035662    0.017620    0.817620 ^ A[30] (in)
                                                         A[30] (net)
                      0.035662    0.000000    0.817620 ^ input24/A (sky130_fd_sc_hd__clkdlybuf4s25_1)
     3    0.005641    0.114409    0.455204    1.272824 ^ input24/X (sky130_fd_sc_hd__clkdlybuf4s25_1)
                                                         net24 (net)
                      0.114409    0.000263    1.273086 ^ _594_/B1_N (sky130_fd_sc_hd__o21ba_2)
     3    0.010473    0.081505    0.326712    1.599798 v _594_/X (sky130_fd_sc_hd__o21ba_2)
                                                         _309_ (net)
                      0.081508    0.000593    1.600391 v _612_/A (sky130_fd_sc_hd__nor2_2)
     1    0.009281    0.203024    0.230434    1.830825 ^ _612_/Y (sky130_fd_sc_hd__nor2_2)
                                                         _326_ (net)
                      0.203024    0.000413    1.831237 ^ _614_/B2 (sky130_fd_sc_hd__a22oi_4)
     1    0.006996    0.084274    0.139016    1.970254 v _614_/Y (sky130_fd_sc_hd__a22oi_4)
                                                         net90 (net)
                      0.084275    0.000528    1.970781 v output90/A (sky130_fd_sc_hd__buf_6)
     1    0.034453    0.076196    0.240570    2.211351 v output90/X (sky130_fd_sc_hd__buf_6)
                                                         S[31] (net)
                      0.076250    0.001703    2.213054 v S[31] (out)
                                              2.213054   data arrival time

                      0.000000    0.000000    0.000000   clock __VIRTUAL_CLK__ (rise edge)
                                  0.000000    0.000000   clock network delay (ideal)
                                  0.250000    0.250000   clock uncertainty
                                  0.000000    0.250000   clock reconvergence pessimism
                                 -0.800000   -0.550000   output external delay
                                             -0.550000   data required time
---------------------------------------------------------------------------------------------
                                             -0.550000   data required time
                                             -2.213054   data arrival time
---------------------------------------------------------------------------------------------
                                              2.763054   slack (MET)


Startpoint: A[8] (input port clocked by __VIRTUAL_CLK__)
Endpoint: S[8] (output port clocked by __VIRTUAL_CLK__)
Path Group: __VIRTUAL_CLK__
Path Type: min

Fanout         Cap        Slew       Delay        Time   Description
---------------------------------------------------------------------------------------------
                      0.000000    0.000000    0.000000   clock __VIRTUAL_CLK__ (rise edge)
                                  0.000000    0.000000   clock network delay (ideal)
                                  0.800000    0.800000 v input external delay
     1    0.004576    0.025450    0.014215    0.814215 v A[8] (in)
                                                         A[8] (net)
                      0.025455    0.000000    0.814215 v input31/A (sky130_fd_sc_hd__clkdlybuf4s25_1)
     2    0.008136    0.137810    0.469711    1.283926 v input31/X (sky130_fd_sc_hd__clkdlybuf4s25_1)
                                                         net31 (net)
                      0.137810    0.000320    1.284245 v _706_/A_N (sky130_fd_sc_hd__nand3b_4)
     4    0.022507    0.195790    0.373181    1.657427 v _706_/Y (sky130_fd_sc_hd__nand3b_4)
                                                         _053_ (net)
                      0.195790    0.000702    1.658129 v _707_/B (sky130_fd_sc_hd__nand2_2)
     1    0.009820    0.100287    0.182582    1.840711 ^ _707_/Y (sky130_fd_sc_hd__nand2_2)
                                                         _054_ (net)
                      0.100291    0.000725    1.841436 ^ _633_/A (sky130_fd_sc_hd__xnor2_2)
     1    0.005174    0.077353    0.145808    1.987244 v _633_/Y (sky130_fd_sc_hd__xnor2_2)
                                                         net96 (net)
                      0.077353    0.000370    1.987614 v output96/A (sky130_fd_sc_hd__buf_6)
     1    0.034707    0.076519    0.237721    2.225334 v output96/X (sky130_fd_sc_hd__buf_6)
                                                         S[8] (net)
                      0.076571    0.001674    2.227008 v S[8] (out)
                                              2.227008   data arrival time

                      0.000000    0.000000    0.000000   clock __VIRTUAL_CLK__ (rise edge)
                                  0.000000    0.000000   clock network delay (ideal)
                                  0.250000    0.250000   clock uncertainty
                                  0.000000    0.250000   clock reconvergence pessimism
                                 -0.800000   -0.550000   output external delay
                                             -0.550000   data required time
---------------------------------------------------------------------------------------------
                                             -0.550000   data required time
                                             -2.227008   data arrival time
---------------------------------------------------------------------------------------------
                                              2.777008   slack (MET)


Startpoint: A[12] (input port clocked by __VIRTUAL_CLK__)
Endpoint: S[14] (output port clocked by __VIRTUAL_CLK__)
Path Group: __VIRTUAL_CLK__
Path Type: min

Fanout         Cap        Slew       Delay        Time   Description
---------------------------------------------------------------------------------------------
                      0.000000    0.000000    0.000000   clock __VIRTUAL_CLK__ (rise edge)
                                  0.000000    0.000000   clock network delay (ideal)
                                  0.800000    0.800000 ^ input external delay
     1    0.004771    0.045628    0.024943    0.824943 ^ A[12] (in)
                                                         A[12] (net)
                      0.045629    0.000000    0.824943 ^ input4/A (sky130_fd_sc_hd__clkdlybuf4s25_1)
     4    0.018043    0.302592    0.590657    1.415601 ^ input4/X (sky130_fd_sc_hd__clkdlybuf4s25_1)
                                                         net4 (net)
                      0.302592    0.000668    1.416268 ^ _677_/C (sky130_fd_sc_hd__nand3_2)
     2    0.010870    0.182349    0.277193    1.693462 v _677_/Y (sky130_fd_sc_hd__nand3_2)
                                                         _024_ (net)
                      0.182349    0.000573    1.694034 v _645_/C1 (sky130_fd_sc_hd__o211ai_2)
     1    0.008919    0.129095    0.165178    1.859213 ^ _645_/Y (sky130_fd_sc_hd__o211ai_2)
                                                         _344_ (net)
                      0.129096    0.000460    1.859673 ^ _647_/B (sky130_fd_sc_hd__xor2_2)
     1    0.005082    0.064097    0.136138    1.995811 v _647_/X (sky130_fd_sc_hd__xor2_2)
                                                         net71 (net)
                      0.064097    0.000369    1.996180 v output71/A (sky130_fd_sc_hd__buf_6)
     1    0.035627    0.077676    0.232957    2.229137 v output71/X (sky130_fd_sc_hd__buf_6)
                                                         S[14] (net)
                      0.077729    0.001718    2.230855 v S[14] (out)
                                              2.230855   data arrival time

                      0.000000    0.000000    0.000000   clock __VIRTUAL_CLK__ (rise edge)
                                  0.000000    0.000000   clock network delay (ideal)
                                  0.250000    0.250000   clock uncertainty
                                  0.000000    0.250000   clock reconvergence pessimism
                                 -0.800000   -0.550000   output external delay
                                             -0.550000   data required time
---------------------------------------------------------------------------------------------
                                             -0.550000   data required time
                                             -2.230855   data arrival time
---------------------------------------------------------------------------------------------
                                              2.780855   slack (MET)


Startpoint: A[16] (input port clocked by __VIRTUAL_CLK__)
Endpoint: S[17] (output port clocked by __VIRTUAL_CLK__)
Path Group: __VIRTUAL_CLK__
Path Type: min

Fanout         Cap        Slew       Delay        Time   Description
---------------------------------------------------------------------------------------------
                      0.000000    0.000000    0.000000   clock __VIRTUAL_CLK__ (rise edge)
                                  0.000000    0.000000   clock network delay (ideal)
                                  0.800000    0.800000 v input external delay
     1    0.004246    0.024126    0.013157    0.813157 v A[16] (in)
                                                         A[16] (net)
                      0.024128    0.000000    0.813157 v input8/A (sky130_fd_sc_hd__clkdlybuf4s25_1)
     2    0.014643    0.215799    0.531917    1.345074 v input8/X (sky130_fd_sc_hd__clkdlybuf4s25_1)
                                                         net8 (net)
                      0.215802    0.001123    1.346197 v _657_/C (sky130_fd_sc_hd__nand3b_4)
     4    0.016366    0.116594    0.207798    1.553994 ^ _657_/Y (sky130_fd_sc_hd__nand3b_4)
                                                         _004_ (net)
                      0.116597    0.000679    1.554673 ^ _432_/A1 (sky130_fd_sc_hd__a21bo_2)
     1    0.008996    0.096440    0.281108    1.835781 ^ _432_/X (sky130_fd_sc_hd__a21bo_2)
                                                         _160_ (net)
                      0.096441    0.000467    1.836248 ^ _433_/B (sky130_fd_sc_hd__xor2_2)
     1    0.011178    0.091180    0.160332    1.996580 v _433_/X (sky130_fd_sc_hd__xor2_2)
                                                         net74 (net)
                      0.091189    0.000919    1.997500 v output74/A (sky130_fd_sc_hd__buf_6)
     1    0.034903    0.076769    0.244250    2.241750 v output74/X (sky130_fd_sc_hd__buf_6)
                                                         S[17] (net)
                      0.076823    0.001705    2.243455 v S[17] (out)
                                              2.243455   data arrival time

                      0.000000    0.000000    0.000000   clock __VIRTUAL_CLK__ (rise edge)
                                  0.000000    0.000000   clock network delay (ideal)
                                  0.250000    0.250000   clock uncertainty
                                  0.000000    0.250000   clock reconvergence pessimism
                                 -0.800000   -0.550000   output external delay
                                             -0.550000   data required time
---------------------------------------------------------------------------------------------
                                             -0.550000   data required time
                                             -2.243455   data arrival time
---------------------------------------------------------------------------------------------
                                              2.793455   slack (MET)


Startpoint: sub (input port clocked by __VIRTUAL_CLK__)
Endpoint: S[26] (output port clocked by __VIRTUAL_CLK__)
Path Group: __VIRTUAL_CLK__
Path Type: min

Fanout         Cap        Slew       Delay        Time   Description
---------------------------------------------------------------------------------------------
                      0.000000    0.000000    0.000000   clock __VIRTUAL_CLK__ (rise edge)
                                  0.000000    0.000000   clock network delay (ideal)
                                  0.800000    0.800000 ^ input external delay
     1    0.008432    0.070452    0.042512    0.842512 ^ sub (in)
                                                         sub (net)
                      0.070455    0.000000    0.842512 ^ input65/A (sky130_fd_sc_hd__buf_8)
     5    0.043975    0.127626    0.209494    1.052007 ^ input65/X (sky130_fd_sc_hd__buf_8)
                                                         net65 (net)
                      0.127836    0.003386    1.055393 ^ rebuffer135/A (sky130_fd_sc_hd__buf_2)
     1    0.007227    0.076078    0.212312    1.267704 ^ rebuffer135/X (sky130_fd_sc_hd__buf_2)
                                                         net135 (net)
                      0.076080    0.000473    1.268178 ^ _536_/A1 (sky130_fd_sc_hd__a21o_2)
     1    0.005929    0.065543    0.234392    1.502570 ^ _536_/X (sky130_fd_sc_hd__a21o_2)
                                                         _256_ (net)
                      0.065545    0.000412    1.502982 ^ _543_/A2 (sky130_fd_sc_hd__a21oi_2)
     3    0.015474    0.078267    0.162491    1.665473 v _543_/Y (sky130_fd_sc_hd__a21oi_2)
                                                         _262_ (net)
                      0.078326    0.001078    1.666551 v _550_/A2 (sky130_fd_sc_hd__o21bai_2)
     1    0.005006    0.085098    0.185824    1.852375 ^ _550_/Y (sky130_fd_sc_hd__o21bai_2)
                                                         _269_ (net)
                      0.085098    0.000225    1.852600 ^ _552_/A (sky130_fd_sc_hd__nand2_2)
     1    0.003326    0.050361    0.081080    1.933679 v _552_/Y (sky130_fd_sc_hd__nand2_2)
                                                         net84 (net)
                      0.050361    0.000223    1.933903 v output84/A (sky130_fd_sc_hd__clkbuf_2)
     1    0.035793    0.251322    0.317357    2.251260 v output84/X (sky130_fd_sc_hd__clkbuf_2)
                                                         S[26] (net)
                      0.251334    0.001814    2.253074 v S[26] (out)
                                              2.253074   data arrival time

                      0.000000    0.000000    0.000000   clock __VIRTUAL_CLK__ (rise edge)
                                  0.000000    0.000000   clock network delay (ideal)
                                  0.250000    0.250000   clock uncertainty
                                  0.000000    0.250000   clock reconvergence pessimism
                                 -0.800000   -0.550000   output external delay
                                             -0.550000   data required time
---------------------------------------------------------------------------------------------
                                             -0.550000   data required time
                                             -2.253074   data arrival time
---------------------------------------------------------------------------------------------
                                              2.803074   slack (MET)


Startpoint: A[12] (input port clocked by __VIRTUAL_CLK__)
Endpoint: S[12] (output port clocked by __VIRTUAL_CLK__)
Path Group: __VIRTUAL_CLK__
Path Type: min

Fanout         Cap        Slew       Delay        Time   Description
---------------------------------------------------------------------------------------------
                      0.000000    0.000000    0.000000   clock __VIRTUAL_CLK__ (rise edge)
                                  0.000000    0.000000   clock network delay (ideal)
                                  0.800000    0.800000 v input external delay
     1    0.004594    0.025517    0.014196    0.814196 v A[12] (in)
                                                         A[12] (net)
                      0.025519    0.000000    0.814196 v input4/A (sky130_fd_sc_hd__clkdlybuf4s25_1)
     4    0.017039    0.245922    0.554404    1.368599 v input4/X (sky130_fd_sc_hd__clkdlybuf4s25_1)
                                                         net4 (net)
                      0.245922    0.000526    1.369125 v _675_/B1 (sky130_fd_sc_hd__o21ai_2)
     2    0.010093    0.135240    0.193600    1.562725 ^ _675_/Y (sky130_fd_sc_hd__o21ai_2)
                                                         _022_ (net)
                      0.135241    0.000574    1.563299 ^ _687_/A2 (sky130_fd_sc_hd__o21a_4)
     5    0.029945    0.162890    0.322792    1.886092 ^ _687_/X (sky130_fd_sc_hd__o21a_4)
                                                         _034_ (net)
                      0.162898    0.001287    1.887379 ^ _642_/B (sky130_fd_sc_hd__xor2_2)
     1    0.005437    0.065477    0.151793    2.039171 v _642_/X (sky130_fd_sc_hd__xor2_2)
                                                         net69 (net)
                      0.065477    0.000395    2.039566 v output69/A (sky130_fd_sc_hd__buf_6)
     1    0.035976    0.078126    0.233898    2.273463 v output69/X (sky130_fd_sc_hd__buf_6)
                                                         S[12] (net)
                      0.078185    0.001808    2.275271 v S[12] (out)
                                              2.275271   data arrival time

                      0.000000    0.000000    0.000000   clock __VIRTUAL_CLK__ (rise edge)
                                  0.000000    0.000000   clock network delay (ideal)
                                  0.250000    0.250000   clock uncertainty
                                  0.000000    0.250000   clock reconvergence pessimism
                                 -0.800000   -0.550000   output external delay
                                             -0.550000   data required time
---------------------------------------------------------------------------------------------
                                             -0.550000   data required time
                                             -2.275271   data arrival time
---------------------------------------------------------------------------------------------
                                              2.825271   slack (MET)


Startpoint: A[28] (input port clocked by __VIRTUAL_CLK__)
Endpoint: S[28] (output port clocked by __VIRTUAL_CLK__)
Path Group: __VIRTUAL_CLK__
Path Type: min

Fanout         Cap        Slew       Delay        Time   Description
---------------------------------------------------------------------------------------------
                      0.000000    0.000000    0.000000   clock __VIRTUAL_CLK__ (rise edge)
                                  0.000000    0.000000   clock network delay (ideal)
                                  0.800000    0.800000 ^ input external delay
     1    0.004001    0.040328    0.021083    0.821083 ^ A[28] (in)
                                                         A[28] (net)
                      0.040341    0.000000    0.821083 ^ input21/A (sky130_fd_sc_hd__clkdlybuf4s25_1)
     3    0.006140    0.121814    0.462430    1.283514 ^ input21/X (sky130_fd_sc_hd__clkdlybuf4s25_1)
                                                         net21 (net)
                      0.121814    0.000287    1.283801 ^ _567_/B1_N (sky130_fd_sc_hd__o21bai_2)
     3    0.014449    0.152442    0.261280    1.545081 ^ _567_/Y (sky130_fd_sc_hd__o21bai_2)
                                                         _284_ (net)
                      0.152445    0.000830    1.545911 ^ _580_/A1 (sky130_fd_sc_hd__a21o_2)
     1    0.003060    0.046903    0.243565    1.789476 ^ _580_/X (sky130_fd_sc_hd__a21o_2)
                                                         _297_ (net)
                      0.046903    0.000208    1.789683 ^ _581_/B (sky130_fd_sc_hd__and2b_4)
     1    0.006031    0.079485    0.278695    2.068378 ^ _581_/X (sky130_fd_sc_hd__and2b_4)
                                                         net86 (net)
                      0.079485    0.000274    2.068652 ^ output86/A (sky130_fd_sc_hd__buf_6)
     1    0.035015    0.124690    0.216652    2.285304 ^ output86/X (sky130_fd_sc_hd__buf_6)
                                                         S[28] (net)
                      0.124713    0.001605    2.286909 ^ S[28] (out)
                                              2.286909   data arrival time

                      0.000000    0.000000    0.000000   clock __VIRTUAL_CLK__ (rise edge)
                                  0.000000    0.000000   clock network delay (ideal)
                                  0.250000    0.250000   clock uncertainty
                                  0.000000    0.250000   clock reconvergence pessimism
                                 -0.800000   -0.550000   output external delay
                                             -0.550000   data required time
---------------------------------------------------------------------------------------------
                                             -0.550000   data required time
                                             -2.286909   data arrival time
---------------------------------------------------------------------------------------------
                                              2.836909   slack (MET)


Startpoint: A[16] (input port clocked by __VIRTUAL_CLK__)
Endpoint: S[16] (output port clocked by __VIRTUAL_CLK__)
Path Group: __VIRTUAL_CLK__
Path Type: min

Fanout         Cap        Slew       Delay        Time   Description
---------------------------------------------------------------------------------------------
                      0.000000    0.000000    0.000000   clock __VIRTUAL_CLK__ (rise edge)
                                  0.000000    0.000000   clock network delay (ideal)
                                  0.800000    0.800000 ^ input external delay
     1    0.004423    0.043235    0.023201    0.823201 ^ A[16] (in)
                                                         A[16] (net)
                      0.043236    0.000000    0.823201 ^ input8/A (sky130_fd_sc_hd__clkdlybuf4s25_1)
     2    0.015640    0.265619    0.564191    1.387392 ^ input8/X (sky130_fd_sc_hd__clkdlybuf4s25_1)
                                                         net8 (net)
                      0.265620    0.001215    1.388606 ^ _657_/C (sky130_fd_sc_hd__nand3b_4)
     4    0.015780    0.155821    0.249585    1.638191 v _657_/Y (sky130_fd_sc_hd__nand3b_4)
                                                         _004_ (net)
                      0.155822    0.000586    1.638778 v _659_/A (sky130_fd_sc_hd__nand2_2)
     2    0.021238    0.186937    0.211447    1.850224 ^ _659_/Y (sky130_fd_sc_hd__nand2_2)
                                                         _006_ (net)
                      0.186964    0.001762    1.851986 ^ _425_/A (sky130_fd_sc_hd__xor2_2)
     1    0.010529    0.088809    0.202929    2.054915 v _425_/X (sky130_fd_sc_hd__xor2_2)
                                                         net73 (net)
                      0.088819    0.000948    2.055863 v output73/A (sky130_fd_sc_hd__buf_6)
     1    0.035331    0.077322    0.243486    2.299349 v output73/X (sky130_fd_sc_hd__buf_6)
                                                         S[16] (net)
                      0.077395    0.001979    2.301327 v S[16] (out)
                                              2.301327   data arrival time

                      0.000000    0.000000    0.000000   clock __VIRTUAL_CLK__ (rise edge)
                                  0.000000    0.000000   clock network delay (ideal)
                                  0.250000    0.250000   clock uncertainty
                                  0.000000    0.250000   clock reconvergence pessimism
                                 -0.800000   -0.550000   output external delay
                                             -0.550000   data required time
---------------------------------------------------------------------------------------------
                                             -0.550000   data required time
                                             -2.301327   data arrival time
---------------------------------------------------------------------------------------------
                                              2.851327   slack (MET)


Startpoint: A[11] (input port clocked by __VIRTUAL_CLK__)
Endpoint: S[11] (output port clocked by __VIRTUAL_CLK__)
Path Group: __VIRTUAL_CLK__
Path Type: min

Fanout         Cap        Slew       Delay        Time   Description
---------------------------------------------------------------------------------------------
                      0.000000    0.000000    0.000000   clock __VIRTUAL_CLK__ (rise edge)
                                  0.000000    0.000000   clock network delay (ideal)
                                  0.800000    0.800000 v input external delay
     1    0.003942    0.022910    0.012241    0.812241 v A[11] (in)
                                                         A[11] (net)
                      0.022919    0.000000    0.812241 v input3/A (sky130_fd_sc_hd__clkdlybuf4s25_1)
     2    0.015045    0.220896    0.535087    1.347328 v input3/X (sky130_fd_sc_hd__clkdlybuf4s25_1)
                                                         net3 (net)
                      0.220896    0.000863    1.348191 v _718_/B1 (sky130_fd_sc_hd__o21ai_2)
     4    0.022021    0.222048    0.251942    1.600133 ^ _718_/Y (sky130_fd_sc_hd__o21ai_2)
                                                         _065_ (net)
                      0.222132    0.000954    1.601087 ^ _722_/A2 (sky130_fd_sc_hd__o21a_2)
     1    0.010019    0.107224    0.309066    1.910153 ^ _722_/X (sky130_fd_sc_hd__o21a_2)
                                                         _069_ (net)
                      0.107225    0.000552    1.910705 ^ _639_/B (sky130_fd_sc_hd__xor2_2)
     1    0.008602    0.079376    0.148935    2.059641 v _639_/X (sky130_fd_sc_hd__xor2_2)
                                                         net68 (net)
                      0.079379    0.000585    2.060225 v output68/A (sky130_fd_sc_hd__buf_6)
     1    0.035876    0.078018    0.239769    2.299994 v output68/X (sky130_fd_sc_hd__buf_6)
                                                         S[11] (net)
                      0.078083    0.001886    2.301881 v S[11] (out)
                                              2.301881   data arrival time

                      0.000000    0.000000    0.000000   clock __VIRTUAL_CLK__ (rise edge)
                                  0.000000    0.000000   clock network delay (ideal)
                                  0.250000    0.250000   clock uncertainty
                                  0.000000    0.250000   clock reconvergence pessimism
                                 -0.800000   -0.550000   output external delay
                                             -0.550000   data required time
---------------------------------------------------------------------------------------------
                                             -0.550000   data required time
                                             -2.301881   data arrival time
---------------------------------------------------------------------------------------------
                                              2.851881   slack (MET)


Startpoint: A[4] (input port clocked by __VIRTUAL_CLK__)
Endpoint: S[5] (output port clocked by __VIRTUAL_CLK__)
Path Group: __VIRTUAL_CLK__
Path Type: min

Fanout         Cap        Slew       Delay        Time   Description
---------------------------------------------------------------------------------------------
                      0.000000    0.000000    0.000000   clock __VIRTUAL_CLK__ (rise edge)
                                  0.000000    0.000000   clock network delay (ideal)
                                  0.800000    0.800000 v input external delay
     1    0.003803    0.022361    0.011825    0.811825 v A[4] (in)
                                                         A[4] (net)
                      0.022370    0.000000    0.811825 v input27/A (sky130_fd_sc_hd__clkdlybuf4s25_1)
     3    0.012217    0.186756    0.508858    1.320683 v input27/X (sky130_fd_sc_hd__clkdlybuf4s25_1)
                                                         net27 (net)
                      0.186757    0.000840    1.321523 v _364_/B1 (sky130_fd_sc_hd__o21ai_4)
     3    0.013062    0.111904    0.159547    1.481071 ^ _364_/Y (sky130_fd_sc_hd__o21ai_4)
                                                         _093_ (net)
                      0.111904    0.000357    1.481428 ^ _626_/A2 (sky130_fd_sc_hd__o22a_2)
     3    0.020582    0.186058    0.371049    1.852477 ^ _626_/X (sky130_fd_sc_hd__o22a_2)
                                                         _334_ (net)
                      0.186059    0.000841    1.853318 ^ _627_/B (sky130_fd_sc_hd__xnor2_2)
     1    0.003479    0.068387    0.142232    1.995550 v _627_/Y (sky130_fd_sc_hd__xnor2_2)
                                                         net93 (net)
                      0.068387    0.000213    1.995763 v output93/A (sky130_fd_sc_hd__clkbuf_4)
     1    0.036632    0.146256    0.312979    2.308742 v output93/X (sky130_fd_sc_hd__clkbuf_4)
                                                         S[5] (net)
                      0.146292    0.002120    2.310862 v S[5] (out)
                                              2.310862   data arrival time

                      0.000000    0.000000    0.000000   clock __VIRTUAL_CLK__ (rise edge)
                                  0.000000    0.000000   clock network delay (ideal)
                                  0.250000    0.250000   clock uncertainty
                                  0.000000    0.250000   clock reconvergence pessimism
                                 -0.800000   -0.550000   output external delay
                                             -0.550000   data required time
---------------------------------------------------------------------------------------------
                                             -0.550000   data required time
                                             -2.310862   data arrival time
---------------------------------------------------------------------------------------------
                                              2.860861   slack (MET)


Startpoint: A[7] (input port clocked by __VIRTUAL_CLK__)
Endpoint: S[7] (output port clocked by __VIRTUAL_CLK__)
Path Group: __VIRTUAL_CLK__
Path Type: min

Fanout         Cap        Slew       Delay        Time   Description
---------------------------------------------------------------------------------------------
                      0.000000    0.000000    0.000000   clock __VIRTUAL_CLK__ (rise edge)
                                  0.000000    0.000000   clock network delay (ideal)
                                  0.800000    0.800000 v input external delay
     1    0.004069    0.023421    0.012625    0.812625 v A[7] (in)
                                                         A[7] (net)
                      0.023423    0.000000    0.812625 v input30/A (sky130_fd_sc_hd__clkdlybuf4s25_1)
     3    0.008308    0.139968    0.470456    1.283081 v input30/X (sky130_fd_sc_hd__clkdlybuf4s25_1)
                                                         net30 (net)
                      0.139968    0.000571    1.283652 v _371_/B1_N (sky130_fd_sc_hd__o21bai_4)
     4    0.034071    0.174695    0.417350    1.701002 v _371_/Y (sky130_fd_sc_hd__o21bai_4)
                                                         _100_ (net)
                      0.174719    0.001584    1.702586 v _375_/B1 (sky130_fd_sc_hd__o21ai_2)
     1    0.010412    0.128296    0.165542    1.868128 ^ _375_/Y (sky130_fd_sc_hd__o21ai_2)
                                                         _104_ (net)
                      0.128299    0.000772    1.868900 ^ _631_/A (sky130_fd_sc_hd__xor2_2)
     1    0.004959    0.063584    0.147431    2.016331 v _631_/X (sky130_fd_sc_hd__xor2_2)
                                                         net95 (net)
                      0.063584    0.000357    2.016687 v output95/A (sky130_fd_sc_hd__clkbuf_4)
     1    0.035033    0.141190    0.307228    2.323916 v output95/X (sky130_fd_sc_hd__clkbuf_4)
                                                         S[7] (net)
                      0.141213    0.001733    2.325649 v S[7] (out)
                                              2.325649   data arrival time

                      0.000000    0.000000    0.000000   clock __VIRTUAL_CLK__ (rise edge)
                                  0.000000    0.000000   clock network delay (ideal)
                                  0.250000    0.250000   clock uncertainty
                                  0.000000    0.250000   clock reconvergence pessimism
                                 -0.800000   -0.550000   output external delay
                                             -0.550000   data required time
---------------------------------------------------------------------------------------------
                                             -0.550000   data required time
                                             -2.325649   data arrival time
---------------------------------------------------------------------------------------------
                                              2.875649   slack (MET)


Startpoint: A[19] (input port clocked by __VIRTUAL_CLK__)
Endpoint: S[19] (output port clocked by __VIRTUAL_CLK__)
Path Group: __VIRTUAL_CLK__
Path Type: min

Fanout         Cap        Slew       Delay        Time   Description
---------------------------------------------------------------------------------------------
                      0.000000    0.000000    0.000000   clock __VIRTUAL_CLK__ (rise edge)
                                  0.000000    0.000000   clock network delay (ideal)
                                  0.800000    0.800000 ^ input external delay
     1    0.003687    0.038191    0.019502    0.819502 ^ A[19] (in)
                                                         A[19] (net)
                      0.038192    0.000000    0.819502 ^ input11/A (sky130_fd_sc_hd__clkdlybuf4s25_1)
     4    0.021917    0.362544    0.627525    1.447027 ^ input11/X (sky130_fd_sc_hd__clkdlybuf4s25_1)
                                                         net11 (net)
                      0.362548    0.001726    1.448753 ^ _451_/B (sky130_fd_sc_hd__nand2_2)
     5    0.022031    0.211904    0.296585    1.745338 v _451_/Y (sky130_fd_sc_hd__nand2_2)
                                                         _177_ (net)
                      0.211915    0.001677    1.747016 v _456_/B (sky130_fd_sc_hd__nand4_2)
     1    0.005011    0.098585    0.192562    1.939578 ^ _456_/Y (sky130_fd_sc_hd__nand4_2)
                                                         _182_ (net)
                      0.098585    0.000355    1.939933 ^ _457_/B (sky130_fd_sc_hd__nand2_2)
     1    0.006480    0.074220    0.117020    2.056954 v _457_/Y (sky130_fd_sc_hd__nand2_2)
                                                         net76 (net)
                      0.074223    0.000499    2.057453 v output76/A (sky130_fd_sc_hd__clkbuf_4)
     1    0.034881    0.140769    0.311698    2.369151 v output76/X (sky130_fd_sc_hd__clkbuf_4)
                                                         S[19] (net)
                      0.140792    0.001717    2.370868 v S[19] (out)
                                              2.370868   data arrival time

                      0.000000    0.000000    0.000000   clock __VIRTUAL_CLK__ (rise edge)
                                  0.000000    0.000000   clock network delay (ideal)
                                  0.250000    0.250000   clock uncertainty
                                  0.000000    0.250000   clock reconvergence pessimism
                                 -0.800000   -0.550000   output external delay
                                             -0.550000   data required time
---------------------------------------------------------------------------------------------
                                             -0.550000   data required time
                                             -2.370868   data arrival time
---------------------------------------------------------------------------------------------
                                              2.920868   slack (MET)


Startpoint: A[10] (input port clocked by __VIRTUAL_CLK__)
Endpoint: S[10] (output port clocked by __VIRTUAL_CLK__)
Path Group: __VIRTUAL_CLK__
Path Type: min

Fanout         Cap        Slew       Delay        Time   Description
---------------------------------------------------------------------------------------------
                      0.000000    0.000000    0.000000   clock __VIRTUAL_CLK__ (rise edge)
                                  0.000000    0.000000   clock network delay (ideal)
                                  0.800000    0.800000 ^ input external delay
     1    0.004475    0.043598    0.023462    0.823462 ^ A[10] (in)
                                                         A[10] (net)
                      0.043599    0.000000    0.823462 ^ input2/A (sky130_fd_sc_hd__clkdlybuf4s25_1)
     2    0.007814    0.146910    0.481575    1.305037 ^ input2/X (sky130_fd_sc_hd__clkdlybuf4s25_1)
                                                         net2 (net)
                      0.146910    0.000364    1.305400 ^ _713_/A_N (sky130_fd_sc_hd__nand3b_2)
     3    0.021752    0.199560    0.317972    1.623372 ^ _713_/Y (sky130_fd_sc_hd__nand3b_2)
                                                         _060_ (net)
                      0.199568    0.001455    1.624827 ^ _716_/A (sky130_fd_sc_hd__nand2_2)
     2    0.018488    0.169676    0.214055    1.838882 v _716_/Y (sky130_fd_sc_hd__nand2_2)
                                                         _063_ (net)
                      0.169682    0.001205    1.840087 v _637_/A (sky130_fd_sc_hd__xor2_2)
     1    0.006839    0.174725    0.297481    2.137569 ^ _637_/X (sky130_fd_sc_hd__xor2_2)
                                                         net67 (net)
                      0.174725    0.000489    2.138058 ^ output67/A (sky130_fd_sc_hd__buf_6)
     1    0.035202    0.125524    0.258046    2.396104 ^ output67/X (sky130_fd_sc_hd__buf_6)
                                                         S[10] (net)
                      0.125555    0.001826    2.397930 ^ S[10] (out)
                                              2.397930   data arrival time

                      0.000000    0.000000    0.000000   clock __VIRTUAL_CLK__ (rise edge)
                                  0.000000    0.000000   clock network delay (ideal)
                                  0.250000    0.250000   clock uncertainty
                                  0.000000    0.250000   clock reconvergence pessimism
                                 -0.800000   -0.550000   output external delay
                                             -0.550000   data required time
---------------------------------------------------------------------------------------------
                                             -0.550000   data required time
                                             -2.397930   data arrival time
---------------------------------------------------------------------------------------------
                                              2.947930   slack (MET)


Startpoint: B[0] (input port clocked by __VIRTUAL_CLK__)
Endpoint: S[0] (output port clocked by __VIRTUAL_CLK__)
Path Group: __VIRTUAL_CLK__
Path Type: min

Fanout         Cap        Slew       Delay        Time   Description
---------------------------------------------------------------------------------------------
                      0.000000    0.000000    0.000000   clock __VIRTUAL_CLK__ (rise edge)
                                  0.000000    0.000000   clock network delay (ideal)
                                  0.800000    0.800000 v input external delay
     1    0.004918    0.026791    0.015150    0.815150 v B[0] (in)
                                                         B[0] (net)
                      0.026792    0.000000    0.815150 v input33/A (sky130_fd_sc_hd__dlymetal6s2s_1)
     7    0.051538    0.476970    0.556759    1.371909 v input33/X (sky130_fd_sc_hd__dlymetal6s2s_1)
                                                         net33 (net)
                      0.476972    0.001891    1.373800 v _615_/B (sky130_fd_sc_hd__xor2_2)
     1    0.003446    0.119714    0.321261    1.695061 ^ _615_/X (sky130_fd_sc_hd__xor2_2)
                                                         net66 (net)
                      0.119714    0.000216    1.695278 ^ output66/A (sky130_fd_sc_hd__clkdlybuf4s25_1)
     1    0.035435    0.571589    0.803196    2.498474 ^ output66/X (sky130_fd_sc_hd__clkdlybuf4s25_1)
                                                         S[0] (net)
                      0.571589    0.001841    2.500315 ^ S[0] (out)
                                              2.500315   data arrival time

                      0.000000    0.000000    0.000000   clock __VIRTUAL_CLK__ (rise edge)
                                  0.000000    0.000000   clock network delay (ideal)
                                  0.250000    0.250000   clock uncertainty
                                  0.000000    0.250000   clock reconvergence pessimism
                                 -0.800000   -0.550000   output external delay
                                             -0.550000   data required time
---------------------------------------------------------------------------------------------
                                             -0.550000   data required time
                                             -2.500315   data arrival time
---------------------------------------------------------------------------------------------
                                              3.050315   slack (MET)


Startpoint: A[24] (input port clocked by __VIRTUAL_CLK__)
Endpoint: S[24] (output port clocked by __VIRTUAL_CLK__)
Path Group: __VIRTUAL_CLK__
Path Type: min

Fanout         Cap        Slew       Delay        Time   Description
---------------------------------------------------------------------------------------------
                      0.000000    0.000000    0.000000   clock __VIRTUAL_CLK__ (rise edge)
                                  0.000000    0.000000   clock network delay (ideal)
                                  0.800000    0.800000 v input external delay
     1    0.004442    0.024910    0.013744    0.813744 v A[24] (in)
                                                         A[24] (net)
                      0.024912    0.000000    0.813744 v input17/A (sky130_fd_sc_hd__clkdlybuf4s25_1)
     3    0.009257    0.151603    0.480567    1.294311 v input17/X (sky130_fd_sc_hd__clkdlybuf4s25_1)
                                                         net17 (net)
                      0.151603    0.000533    1.294844 v _525_/C (sky130_fd_sc_hd__nand3b_2)
     3    0.017807    0.170071    0.236392    1.531236 ^ _525_/Y (sky130_fd_sc_hd__nand3b_2)
                                                         _246_ (net)
                      0.170073    0.000919    1.532155 ^ _527_/A (sky130_fd_sc_hd__nand2_2)
     5    0.025502    0.224919    0.241327    1.773482 v _527_/Y (sky130_fd_sc_hd__nand2_2)
                                                         _248_ (net)
                      0.224953    0.002174    1.775656 v _530_/B1 (sky130_fd_sc_hd__o211ai_2)
     1    0.002625    0.066089    0.163551    1.939207 ^ _530_/Y (sky130_fd_sc_hd__o211ai_2)
                                                         _251_ (net)
                      0.066089    0.000149    1.939355 ^ _531_/B (sky130_fd_sc_hd__and2_2)
     1    0.004036    0.075560    0.254297    2.193652 ^ _531_/X (sky130_fd_sc_hd__and2_2)
                                                         net82 (net)
                      0.075560    0.000244    2.193897 ^ output82/A (sky130_fd_sc_hd__clkbuf_2)
     1    0.035746    0.306605    0.344683    2.538580 ^ output82/X (sky130_fd_sc_hd__clkbuf_2)
                                                         S[24] (net)
                      0.306715    0.002038    2.540618 ^ S[24] (out)
                                              2.540618   data arrival time

                      0.000000    0.000000    0.000000   clock __VIRTUAL_CLK__ (rise edge)
                                  0.000000    0.000000   clock network delay (ideal)
                                  0.250000    0.250000   clock uncertainty
                                  0.000000    0.250000   clock reconvergence pessimism
                                 -0.800000   -0.550000   output external delay
                                             -0.550000   data required time
---------------------------------------------------------------------------------------------
                                             -0.550000   data required time
                                             -2.540618   data arrival time
---------------------------------------------------------------------------------------------
                                              3.090618   slack (MET)


Startpoint: A[18] (input port clocked by __VIRTUAL_CLK__)
Endpoint: S[18] (output port clocked by __VIRTUAL_CLK__)
Path Group: __VIRTUAL_CLK__
Path Type: min

Fanout         Cap        Slew       Delay        Time   Description
---------------------------------------------------------------------------------------------
                      0.000000    0.000000    0.000000   clock __VIRTUAL_CLK__ (rise edge)
                                  0.000000    0.000000   clock network delay (ideal)
                                  0.800000    0.800000 ^ input external delay
     1    0.004004    0.040349    0.021101    0.821101 ^ A[18] (in)
                                                         A[18] (net)
                      0.040363    0.000000    0.821101 ^ input10/A (sky130_fd_sc_hd__clkdlybuf4s25_1)
     3    0.018589    0.311194    0.593504    1.414605 ^ input10/X (sky130_fd_sc_hd__clkdlybuf4s25_1)
                                                         net10 (net)
                      0.311201    0.001834    1.416440 ^ _438_/C (sky130_fd_sc_hd__nand3b_2)
     2    0.011214    0.194246    0.294031    1.710470 v _438_/Y (sky130_fd_sc_hd__nand3b_2)
                                                         _165_ (net)
                      0.194316    0.000763    1.711234 v _440_/A (sky130_fd_sc_hd__nand2_4)
     2    0.011630    0.087651    0.150563    1.861796 ^ _440_/Y (sky130_fd_sc_hd__nand2_4)
                                                         _167_ (net)
                      0.087651    0.000332    1.862129 ^ rebuffer143/A (sky130_fd_sc_hd__buf_2)
     2    0.012343    0.112344    0.221603    2.083732 ^ rebuffer143/X (sky130_fd_sc_hd__buf_2)
                                                         net143 (net)
                      0.112349    0.000874    2.084606 ^ _445_/A (sky130_fd_sc_hd__xor2_2)
     1    0.007303    0.073342    0.156070    2.240675 v _445_/X (sky130_fd_sc_hd__xor2_2)
                                                         net75 (net)
                      0.073344    0.000448    2.241124 v output75/A (sky130_fd_sc_hd__buf_2)
     1    0.035266    0.170136    0.331148    2.572272 v output75/X (sky130_fd_sc_hd__buf_2)
                                                         S[18] (net)
                      0.170152    0.001624    2.573896 v S[18] (out)
                                              2.573896   data arrival time

                      0.000000    0.000000    0.000000   clock __VIRTUAL_CLK__ (rise edge)
                                  0.000000    0.000000   clock network delay (ideal)
                                  0.250000    0.250000   clock uncertainty
                                  0.000000    0.250000   clock reconvergence pessimism
                                 -0.800000   -0.550000   output external delay
                                             -0.550000   data required time
---------------------------------------------------------------------------------------------
                                             -0.550000   data required time
                                             -2.573896   data arrival time
---------------------------------------------------------------------------------------------
                                              3.123895   slack (MET)


Startpoint: A[20] (input port clocked by __VIRTUAL_CLK__)
Endpoint: S[20] (output port clocked by __VIRTUAL_CLK__)
Path Group: __VIRTUAL_CLK__
Path Type: min

Fanout         Cap        Slew       Delay        Time   Description
---------------------------------------------------------------------------------------------
                      0.000000    0.000000    0.000000   clock __VIRTUAL_CLK__ (rise edge)
                                  0.000000    0.000000   clock network delay (ideal)
                                  0.800000    0.800000 v input external delay
     1    0.005764    0.030148    0.017705    0.817705 v A[20] (in)
                                                         A[20] (net)
                      0.030151    0.000000    0.817705 v input13/A (sky130_fd_sc_hd__clkdlybuf4s25_1)
     2    0.013757    0.204562    0.526336    1.344041 v input13/X (sky130_fd_sc_hd__clkdlybuf4s25_1)
                                                         net13 (net)
                      0.204564    0.001049    1.345090 v _462_/B1_N (sky130_fd_sc_hd__o21ba_2)
     2    0.016832    0.171936    0.594612    1.939702 ^ _462_/X (sky130_fd_sc_hd__o21ba_2)
                                                         _187_ (net)
                      0.171940    0.001073    1.940775 ^ _463_/B (sky130_fd_sc_hd__nor2_2)
     4    0.029137    0.134246    0.174906    2.115681 v _463_/Y (sky130_fd_sc_hd__nor2_2)
                                                         _188_ (net)
                      0.134336    0.001986    2.117667 v _471_/A (sky130_fd_sc_hd__xor2_4)
     1    0.005221    0.132833    0.255412    2.373079 ^ _471_/X (sky130_fd_sc_hd__xor2_4)
                                                         net78 (net)
                      0.132833    0.000268    2.373346 ^ output78/A (sky130_fd_sc_hd__buf_6)
     1    0.034800    0.125401    0.239803    2.613149 ^ output78/X (sky130_fd_sc_hd__buf_6)
                                                         S[20] (net)
                      0.125427    0.001682    2.614831 ^ S[20] (out)
                                              2.614831   data arrival time

                      0.000000    0.000000    0.000000   clock __VIRTUAL_CLK__ (rise edge)
                                  0.000000    0.000000   clock network delay (ideal)
                                  0.250000    0.250000   clock uncertainty
                                  0.000000    0.250000   clock reconvergence pessimism
                                 -0.800000   -0.550000   output external delay
                                             -0.550000   data required time
---------------------------------------------------------------------------------------------
                                             -0.550000   data required time
                                             -2.614831   data arrival time
---------------------------------------------------------------------------------------------
                                              3.164831   slack (MET)



%OL_END_REPORT
%OL_CREATE_REPORT max.rpt

===========================================================================
report_checks -path_delay max (Setup)
============================================================================
======================= max_ss_100C_1v60 Corner ===================================

Startpoint: sub (input port clocked by __VIRTUAL_CLK__)
Endpoint: S[23] (output port clocked by __VIRTUAL_CLK__)
Path Group: __VIRTUAL_CLK__
Path Type: max

Fanout         Cap        Slew       Delay        Time   Description
---------------------------------------------------------------------------------------------
                      0.000000    0.000000    0.000000   clock __VIRTUAL_CLK__ (rise edge)
                                  0.000000    0.000000   clock network delay (ideal)
                                  0.800000    0.800000 ^ input external delay
     1    0.008432    0.070452    0.046987    0.846987 ^ sub (in)
                                                         sub (net)
                      0.070455    0.000000    0.846987 ^ input65/A (sky130_fd_sc_hd__buf_8)
     5    0.043975    0.127626    0.231546    1.078534 ^ input65/X (sky130_fd_sc_hd__buf_8)
                                                         net65 (net)
                      0.127913    0.004587    1.083121 ^ fanout106/A (sky130_fd_sc_hd__buf_4)
     7    0.037663    0.178891    0.332207    1.415328 ^ fanout106/X (sky130_fd_sc_hd__buf_4)
                                                         net106 (net)
                      0.178923    0.002509    1.417837 ^ fanout104/A (sky130_fd_sc_hd__clkbuf_2)
     4    0.024452    0.215340    0.363993    1.781830 ^ fanout104/X (sky130_fd_sc_hd__clkbuf_2)
                                                         net104 (net)
                      0.215352    0.001927    1.783758 ^ load_slew105/A (sky130_fd_sc_hd__buf_6)
     7    0.048991    0.166893    0.334212    2.117970 ^ load_slew105/X (sky130_fd_sc_hd__buf_6)
                                                         net105 (net)
                      0.167216    0.005462    2.123432 ^ _726_/B (sky130_fd_sc_hd__nand2b_4)
     1    0.005384    0.067597    0.134182    2.257614 v _726_/Y (sky130_fd_sc_hd__nand2b_4)
                                                         _073_ (net)
                      0.067597    0.000412    2.258026 v _729_/B (sky130_fd_sc_hd__nand3b_2)
     5    0.030033    0.306676    0.281166    2.539192 ^ _729_/Y (sky130_fd_sc_hd__nand3b_2)
                                                         _076_ (net)
                      0.306703    0.002431    2.541623 ^ _360_/D1 (sky130_fd_sc_hd__o2111ai_4)
     2    0.020728    0.308642    0.395417    2.937040 v _360_/Y (sky130_fd_sc_hd__o2111ai_4)
                                                         _089_ (net)
                      0.308645    0.001685    2.938725 v _377_/B (sky130_fd_sc_hd__nor2_4)
     3    0.025830    0.301834    0.386946    3.325671 ^ _377_/Y (sky130_fd_sc_hd__nor2_4)
                                                         _106_ (net)
                      0.301951    0.001572    3.327244 ^ _410_/B (sky130_fd_sc_hd__nand4_4)
     3    0.016939    0.235954    0.343717    3.670960 v _410_/Y (sky130_fd_sc_hd__nand4_4)
                                                         _139_ (net)
                      0.235957    0.001408    3.672369 v _415_/C (sky130_fd_sc_hd__nand3_4)
     3    0.026471    0.175811    0.280520    3.952889 ^ _415_/Y (sky130_fd_sc_hd__nand3_4)
                                                         _144_ (net)
                      0.175839    0.002129    3.955018 ^ _424_/B2 (sky130_fd_sc_hd__o22ai_4)
     3    0.016698    0.149833    0.194749    4.149767 v _424_/Y (sky130_fd_sc_hd__o22ai_4)
                                                         _153_ (net)
                      0.149838    0.001767    4.151534 v _470_/B1 (sky130_fd_sc_hd__o22ai_4)
     7    0.040364    0.549152    0.518563    4.670096 ^ _470_/Y (sky130_fd_sc_hd__o22ai_4)
                                                         _195_ (net)
                      0.549180    0.003288    4.673384 ^ _507_/B (sky130_fd_sc_hd__nand2_2)
     1    0.009230    0.138836    0.293957    4.967340 v _507_/Y (sky130_fd_sc_hd__nand2_2)
                                                         _229_ (net)
                      0.138836    0.000463    4.967803 v _512_/A2 (sky130_fd_sc_hd__a21oi_4)
     1    0.009816    0.190267    0.304894    5.272697 ^ _512_/Y (sky130_fd_sc_hd__a21oi_4)
                                                         _234_ (net)
                      0.190267    0.000794    5.273491 ^ _513_/A (sky130_fd_sc_hd__nor2_4)
     1    0.004995    0.075550    0.115878    5.389369 v _513_/Y (sky130_fd_sc_hd__nor2_4)
                                                         net81 (net)
                      0.075550    0.000398    5.389767 v output81/A (sky130_fd_sc_hd__buf_6)
     1    0.035015    0.076911    0.262204    5.651970 v output81/X (sky130_fd_sc_hd__buf_6)
                                                         S[23] (net)
                      0.076969    0.001949    5.653919 v S[23] (out)
                                              5.653919   data arrival time

                      0.000000    4.000000    4.000000   clock __VIRTUAL_CLK__ (rise edge)
                                  0.000000    4.000000   clock network delay (ideal)
                                 -0.250000    3.750000   clock uncertainty
                                  0.000000    3.750000   clock reconvergence pessimism
                                 -0.800000    2.950000   output external delay
                                              2.950000   data required time
---------------------------------------------------------------------------------------------
                                              2.950000   data required time
                                             -5.653919   data arrival time
---------------------------------------------------------------------------------------------
                                             -2.703919   slack (VIOLATED)


Startpoint: sub (input port clocked by __VIRTUAL_CLK__)
Endpoint: S[20] (output port clocked by __VIRTUAL_CLK__)
Path Group: __VIRTUAL_CLK__
Path Type: max

Fanout         Cap        Slew       Delay        Time   Description
---------------------------------------------------------------------------------------------
                      0.000000    0.000000    0.000000   clock __VIRTUAL_CLK__ (rise edge)
                                  0.000000    0.000000   clock network delay (ideal)
                                  0.800000    0.800000 ^ input external delay
     1    0.008432    0.070452    0.046987    0.846987 ^ sub (in)
                                                         sub (net)
                      0.070455    0.000000    0.846987 ^ input65/A (sky130_fd_sc_hd__buf_8)
     5    0.043975    0.127626    0.231546    1.078534 ^ input65/X (sky130_fd_sc_hd__buf_8)
                                                         net65 (net)
                      0.127913    0.004587    1.083121 ^ fanout106/A (sky130_fd_sc_hd__buf_4)
     7    0.037663    0.178891    0.332207    1.415328 ^ fanout106/X (sky130_fd_sc_hd__buf_4)
                                                         net106 (net)
                      0.178923    0.002509    1.417837 ^ fanout104/A (sky130_fd_sc_hd__clkbuf_2)
     4    0.024452    0.215340    0.363993    1.781830 ^ fanout104/X (sky130_fd_sc_hd__clkbuf_2)
                                                         net104 (net)
                      0.215352    0.001927    1.783758 ^ load_slew105/A (sky130_fd_sc_hd__buf_6)
     7    0.048991    0.166893    0.334212    2.117970 ^ load_slew105/X (sky130_fd_sc_hd__buf_6)
                                                         net105 (net)
                      0.167216    0.005462    2.123432 ^ _726_/B (sky130_fd_sc_hd__nand2b_4)
     1    0.005384    0.067597    0.134182    2.257614 v _726_/Y (sky130_fd_sc_hd__nand2b_4)
                                                         _073_ (net)
                      0.067597    0.000412    2.258026 v _729_/B (sky130_fd_sc_hd__nand3b_2)
     5    0.030033    0.306676    0.281166    2.539192 ^ _729_/Y (sky130_fd_sc_hd__nand3b_2)
                                                         _076_ (net)
                      0.306703    0.002431    2.541623 ^ _360_/D1 (sky130_fd_sc_hd__o2111ai_4)
     2    0.020728    0.308642    0.395417    2.937040 v _360_/Y (sky130_fd_sc_hd__o2111ai_4)
                                                         _089_ (net)
                      0.308645    0.001685    2.938725 v _377_/B (sky130_fd_sc_hd__nor2_4)
     3    0.025830    0.301834    0.386946    3.325671 ^ _377_/Y (sky130_fd_sc_hd__nor2_4)
                                                         _106_ (net)
                      0.301951    0.001572    3.327244 ^ _410_/B (sky130_fd_sc_hd__nand4_4)
     3    0.016939    0.235954    0.343717    3.670960 v _410_/Y (sky130_fd_sc_hd__nand4_4)
                                                         _139_ (net)
                      0.235957    0.001408    3.672369 v _415_/C (sky130_fd_sc_hd__nand3_4)
     3    0.026471    0.175811    0.280520    3.952889 ^ _415_/Y (sky130_fd_sc_hd__nand3_4)
                                                         _144_ (net)
                      0.175839    0.002129    3.955018 ^ _424_/B2 (sky130_fd_sc_hd__o22ai_4)
     3    0.016698    0.149833    0.194749    4.149767 v _424_/Y (sky130_fd_sc_hd__o22ai_4)
                                                         _153_ (net)
                      0.149838    0.001767    4.151534 v _470_/B1 (sky130_fd_sc_hd__o22ai_4)
     7    0.040364    0.549152    0.518563    4.670096 ^ _470_/Y (sky130_fd_sc_hd__o22ai_4)
                                                         _195_ (net)
                      0.549212    0.004765    4.674860 ^ rebuffer124/A (sky130_fd_sc_hd__buf_6)
     1    0.016268    0.078660    0.379721    5.054581 ^ rebuffer124/X (sky130_fd_sc_hd__buf_6)
                                                         net124 (net)
                      0.078727    0.001318    5.055899 ^ _471_/B (sky130_fd_sc_hd__xor2_4)
     1    0.005221    0.160085    0.249129    5.305027 ^ _471_/X (sky130_fd_sc_hd__xor2_4)
                                                         net78 (net)
                      0.160085    0.000296    5.305324 ^ output78/A (sky130_fd_sc_hd__buf_6)
     1    0.034800    0.125486    0.278057    5.583381 ^ output78/X (sky130_fd_sc_hd__buf_6)
                                                         S[20] (net)
                      0.125512    0.001859    5.585239 ^ S[20] (out)
                                              5.585239   data arrival time

                      0.000000    4.000000    4.000000   clock __VIRTUAL_CLK__ (rise edge)
                                  0.000000    4.000000   clock network delay (ideal)
                                 -0.250000    3.750000   clock uncertainty
                                  0.000000    3.750000   clock reconvergence pessimism
                                 -0.800000    2.950000   output external delay
                                              2.950000   data required time
---------------------------------------------------------------------------------------------
                                              2.950000   data required time
                                             -5.585239   data arrival time
---------------------------------------------------------------------------------------------
                                             -2.635239   slack (VIOLATED)


Startpoint: sub (input port clocked by __VIRTUAL_CLK__)
Endpoint: S[24] (output port clocked by __VIRTUAL_CLK__)
Path Group: __VIRTUAL_CLK__
Path Type: max

Fanout         Cap        Slew       Delay        Time   Description
---------------------------------------------------------------------------------------------
                      0.000000    0.000000    0.000000   clock __VIRTUAL_CLK__ (rise edge)
                                  0.000000    0.000000   clock network delay (ideal)
                                  0.800000    0.800000 ^ input external delay
     1    0.008432    0.070452    0.046987    0.846987 ^ sub (in)
                                                         sub (net)
                      0.070455    0.000000    0.846987 ^ input65/A (sky130_fd_sc_hd__buf_8)
     5    0.043975    0.127626    0.231546    1.078534 ^ input65/X (sky130_fd_sc_hd__buf_8)
                                                         net65 (net)
                      0.127913    0.004587    1.083121 ^ fanout106/A (sky130_fd_sc_hd__buf_4)
     7    0.037663    0.178891    0.332207    1.415328 ^ fanout106/X (sky130_fd_sc_hd__buf_4)
                                                         net106 (net)
                      0.178923    0.002509    1.417837 ^ fanout104/A (sky130_fd_sc_hd__clkbuf_2)
     4    0.024452    0.215340    0.363993    1.781830 ^ fanout104/X (sky130_fd_sc_hd__clkbuf_2)
                                                         net104 (net)
                      0.215352    0.001927    1.783758 ^ load_slew105/A (sky130_fd_sc_hd__buf_6)
     7    0.048991    0.166893    0.334212    2.117970 ^ load_slew105/X (sky130_fd_sc_hd__buf_6)
                                                         net105 (net)
                      0.167216    0.005462    2.123432 ^ _726_/B (sky130_fd_sc_hd__nand2b_4)
     1    0.005384    0.067597    0.134182    2.257614 v _726_/Y (sky130_fd_sc_hd__nand2b_4)
                                                         _073_ (net)
                      0.067597    0.000412    2.258026 v _729_/B (sky130_fd_sc_hd__nand3b_2)
     5    0.030033    0.306676    0.281166    2.539192 ^ _729_/Y (sky130_fd_sc_hd__nand3b_2)
                                                         _076_ (net)
                      0.306703    0.002431    2.541623 ^ _360_/D1 (sky130_fd_sc_hd__o2111ai_4)
     2    0.020728    0.308642    0.395417    2.937040 v _360_/Y (sky130_fd_sc_hd__o2111ai_4)
                                                         _089_ (net)
                      0.308645    0.001685    2.938725 v _377_/B (sky130_fd_sc_hd__nor2_4)
     3    0.025830    0.301834    0.386946    3.325671 ^ _377_/Y (sky130_fd_sc_hd__nor2_4)
                                                         _106_ (net)
                      0.301951    0.001572    3.327244 ^ _410_/B (sky130_fd_sc_hd__nand4_4)
     3    0.016939    0.235954    0.343717    3.670960 v _410_/Y (sky130_fd_sc_hd__nand4_4)
                                                         _139_ (net)
                      0.235957    0.001408    3.672369 v _415_/C (sky130_fd_sc_hd__nand3_4)
     3    0.026471    0.175811    0.280520    3.952889 ^ _415_/Y (sky130_fd_sc_hd__nand3_4)
                                                         _144_ (net)
                      0.175833    0.001955    3.954844 ^ _520_/B2 (sky130_fd_sc_hd__o221ai_2)
     4    0.019985    0.321228    0.386470    4.341314 v _520_/Y (sky130_fd_sc_hd__o221ai_2)
                                                         _241_ (net)
                      0.321238    0.001451    4.342765 v _529_/A1 (sky130_fd_sc_hd__a21o_2)
     2    0.007084    0.077386    0.498383    4.841148 v _529_/X (sky130_fd_sc_hd__a21o_2)
                                                         _250_ (net)
                      0.077390    0.000374    4.841523 v _531_/A (sky130_fd_sc_hd__and2_2)
     1    0.003851    0.074606    0.374564    5.216087 v _531_/X (sky130_fd_sc_hd__and2_2)
                                                         net82 (net)
                      0.074606    0.000253    5.216340 v output82/A (sky130_fd_sc_hd__clkbuf_2)
     1    0.035746    0.250995    0.362323    5.578663 v output82/X (sky130_fd_sc_hd__clkbuf_2)
                                                         S[24] (net)
                      0.251011    0.002252    5.580914 v S[24] (out)
                                              5.580914   data arrival time

                      0.000000    4.000000    4.000000   clock __VIRTUAL_CLK__ (rise edge)
                                  0.000000    4.000000   clock network delay (ideal)
                                 -0.250000    3.750000   clock uncertainty
                                  0.000000    3.750000   clock reconvergence pessimism
                                 -0.800000    2.950000   output external delay
                                              2.950000   data required time
---------------------------------------------------------------------------------------------
                                              2.950000   data required time
                                             -5.580914   data arrival time
---------------------------------------------------------------------------------------------
                                             -2.630915   slack (VIOLATED)


Startpoint: sub (input port clocked by __VIRTUAL_CLK__)
Endpoint: S[22] (output port clocked by __VIRTUAL_CLK__)
Path Group: __VIRTUAL_CLK__
Path Type: max

Fanout         Cap        Slew       Delay        Time   Description
---------------------------------------------------------------------------------------------
                      0.000000    0.000000    0.000000   clock __VIRTUAL_CLK__ (rise edge)
                                  0.000000    0.000000   clock network delay (ideal)
                                  0.800000    0.800000 ^ input external delay
     1    0.008432    0.070452    0.046987    0.846987 ^ sub (in)
                                                         sub (net)
                      0.070455    0.000000    0.846987 ^ input65/A (sky130_fd_sc_hd__buf_8)
     5    0.043975    0.127626    0.231546    1.078534 ^ input65/X (sky130_fd_sc_hd__buf_8)
                                                         net65 (net)
                      0.127913    0.004587    1.083121 ^ fanout106/A (sky130_fd_sc_hd__buf_4)
     7    0.037663    0.178891    0.332207    1.415328 ^ fanout106/X (sky130_fd_sc_hd__buf_4)
                                                         net106 (net)
                      0.178923    0.002509    1.417837 ^ fanout104/A (sky130_fd_sc_hd__clkbuf_2)
     4    0.024452    0.215340    0.363993    1.781830 ^ fanout104/X (sky130_fd_sc_hd__clkbuf_2)
                                                         net104 (net)
                      0.215352    0.001927    1.783758 ^ load_slew105/A (sky130_fd_sc_hd__buf_6)
     7    0.048991    0.166893    0.334212    2.117970 ^ load_slew105/X (sky130_fd_sc_hd__buf_6)
                                                         net105 (net)
                      0.167216    0.005462    2.123432 ^ _726_/B (sky130_fd_sc_hd__nand2b_4)
     1    0.005384    0.067597    0.134182    2.257614 v _726_/Y (sky130_fd_sc_hd__nand2b_4)
                                                         _073_ (net)
                      0.067597    0.000412    2.258026 v _729_/B (sky130_fd_sc_hd__nand3b_2)
     5    0.030033    0.306676    0.281166    2.539192 ^ _729_/Y (sky130_fd_sc_hd__nand3b_2)
                                                         _076_ (net)
                      0.306703    0.002431    2.541623 ^ _360_/D1 (sky130_fd_sc_hd__o2111ai_4)
     2    0.020728    0.308642    0.395417    2.937040 v _360_/Y (sky130_fd_sc_hd__o2111ai_4)
                                                         _089_ (net)
                      0.308645    0.001685    2.938725 v _377_/B (sky130_fd_sc_hd__nor2_4)
     3    0.025830    0.301834    0.386946    3.325671 ^ _377_/Y (sky130_fd_sc_hd__nor2_4)
                                                         _106_ (net)
                      0.301951    0.001572    3.327244 ^ _410_/B (sky130_fd_sc_hd__nand4_4)
     3    0.016939    0.235954    0.343717    3.670960 v _410_/Y (sky130_fd_sc_hd__nand4_4)
                                                         _139_ (net)
                      0.235957    0.001408    3.672369 v _415_/C (sky130_fd_sc_hd__nand3_4)
     3    0.026471    0.175811    0.280520    3.952889 ^ _415_/Y (sky130_fd_sc_hd__nand3_4)
                                                         _144_ (net)
                      0.175839    0.002129    3.955018 ^ _424_/B2 (sky130_fd_sc_hd__o22ai_4)
     3    0.016698    0.149833    0.194749    4.149767 v _424_/Y (sky130_fd_sc_hd__o22ai_4)
                                                         _153_ (net)
                      0.149838    0.001767    4.151534 v _470_/B1 (sky130_fd_sc_hd__o22ai_4)
     7    0.040364    0.549152    0.518563    4.670096 ^ _470_/Y (sky130_fd_sc_hd__o22ai_4)
                                                         _195_ (net)
                      0.549196    0.004076    4.674172 ^ _487_/A1_N (sky130_fd_sc_hd__o2bb2ai_2)
     1    0.005143    0.178939    0.374607    5.048779 ^ _487_/Y (sky130_fd_sc_hd__o2bb2ai_2)
                                                         _210_ (net)
                      0.178939    0.000400    5.049179 ^ _496_/B (sky130_fd_sc_hd__nand2_2)
     1    0.009535    0.102419    0.179678    5.228857 v _496_/Y (sky130_fd_sc_hd__nand2_2)
                                                         _219_ (net)
                      0.102422    0.000773    5.229630 v _497_/A (sky130_fd_sc_hd__nand2_4)
     1    0.007997    0.074560    0.110076    5.339706 ^ _497_/Y (sky130_fd_sc_hd__nand2_4)
                                                         net80 (net)
                      0.074562    0.000644    5.340350 ^ output80/A (sky130_fd_sc_hd__buf_8)
     1    0.035005    0.106039    0.217612    5.557962 ^ output80/X (sky130_fd_sc_hd__buf_8)
                                                         S[22] (net)
                      0.106076    0.001974    5.559936 ^ S[22] (out)
                                              5.559936   data arrival time

                      0.000000    4.000000    4.000000   clock __VIRTUAL_CLK__ (rise edge)
                                  0.000000    4.000000   clock network delay (ideal)
                                 -0.250000    3.750000   clock uncertainty
                                  0.000000    3.750000   clock reconvergence pessimism
                                 -0.800000    2.950000   output external delay
                                              2.950000   data required time
---------------------------------------------------------------------------------------------
                                              2.950000   data required time
                                             -5.559936   data arrival time
---------------------------------------------------------------------------------------------
                                             -2.609936   slack (VIOLATED)


Startpoint: sub (input port clocked by __VIRTUAL_CLK__)
Endpoint: S[15] (output port clocked by __VIRTUAL_CLK__)
Path Group: __VIRTUAL_CLK__
Path Type: max

Fanout         Cap        Slew       Delay        Time   Description
---------------------------------------------------------------------------------------------
                      0.000000    0.000000    0.000000   clock __VIRTUAL_CLK__ (rise edge)
                                  0.000000    0.000000   clock network delay (ideal)
                                  0.800000    0.800000 ^ input external delay
     1    0.008432    0.070452    0.046987    0.846987 ^ sub (in)
                                                         sub (net)
                      0.070455    0.000000    0.846987 ^ input65/A (sky130_fd_sc_hd__buf_8)
     5    0.043975    0.127626    0.231546    1.078534 ^ input65/X (sky130_fd_sc_hd__buf_8)
                                                         net65 (net)
                      0.127913    0.004587    1.083121 ^ fanout106/A (sky130_fd_sc_hd__buf_4)
     7    0.037663    0.178891    0.332207    1.415328 ^ fanout106/X (sky130_fd_sc_hd__buf_4)
                                                         net106 (net)
                      0.178923    0.002509    1.417837 ^ fanout104/A (sky130_fd_sc_hd__clkbuf_2)
     4    0.024452    0.215340    0.363993    1.781830 ^ fanout104/X (sky130_fd_sc_hd__clkbuf_2)
                                                         net104 (net)
                      0.215352    0.001927    1.783758 ^ load_slew105/A (sky130_fd_sc_hd__buf_6)
     7    0.048991    0.166893    0.334212    2.117970 ^ load_slew105/X (sky130_fd_sc_hd__buf_6)
                                                         net105 (net)
                      0.167216    0.005462    2.123432 ^ _726_/B (sky130_fd_sc_hd__nand2b_4)
     1    0.005384    0.067597    0.134182    2.257614 v _726_/Y (sky130_fd_sc_hd__nand2b_4)
                                                         _073_ (net)
                      0.067597    0.000412    2.258026 v _729_/B (sky130_fd_sc_hd__nand3b_2)
     5    0.030033    0.306676    0.281166    2.539192 ^ _729_/Y (sky130_fd_sc_hd__nand3b_2)
                                                         _076_ (net)
                      0.306703    0.002431    2.541623 ^ _360_/D1 (sky130_fd_sc_hd__o2111ai_4)
     2    0.020728    0.308642    0.395417    2.937040 v _360_/Y (sky130_fd_sc_hd__o2111ai_4)
                                                         _089_ (net)
                      0.308645    0.001685    2.938725 v _377_/B (sky130_fd_sc_hd__nor2_4)
     3    0.025830    0.301834    0.386946    3.325671 ^ _377_/Y (sky130_fd_sc_hd__nor2_4)
                                                         _106_ (net)
                      0.301951    0.001572    3.327244 ^ _410_/B (sky130_fd_sc_hd__nand4_4)
     3    0.016939    0.235954    0.343717    3.670960 v _410_/Y (sky130_fd_sc_hd__nand4_4)
                                                         _139_ (net)
                      0.235957    0.001592    3.672552 v rebuffer258/A (sky130_fd_sc_hd__buf_2)
     1    0.004858    0.052394    0.331231    4.003783 v rebuffer258/X (sky130_fd_sc_hd__buf_2)
                                                         net258 (net)
                      0.052394    0.000247    4.004030 v rebuffer146/A (sky130_fd_sc_hd__buf_6)
     1    0.008795    0.042281    0.208424    4.212454 v rebuffer146/X (sky130_fd_sc_hd__buf_6)
                                                         net146 (net)
                      0.042281    0.000708    4.213161 v _640_/A (sky130_fd_sc_hd__nand4_4)
     3    0.014994    0.148538    0.119428    4.332589 ^ _640_/Y (sky130_fd_sc_hd__nand4_4)
                                                         _341_ (net)
                      0.148540    0.000976    4.333565 ^ _646_/A1 (sky130_fd_sc_hd__a21o_2)
     2    0.007609    0.086829    0.301446    4.635011 ^ _646_/X (sky130_fd_sc_hd__a21o_2)
                                                         _345_ (net)
                      0.086829    0.000486    4.635497 ^ _648_/A (sky130_fd_sc_hd__and4_2)
     1    0.009697    0.151524    0.507121    5.142618 ^ _648_/X (sky130_fd_sc_hd__and4_2)
                                                         _346_ (net)
                      0.151525    0.000793    5.143411 ^ _650_/A (sky130_fd_sc_hd__nor2_4)
     1    0.003568    0.058577    0.097029    5.240439 v _650_/Y (sky130_fd_sc_hd__nor2_4)
                                                         net72 (net)
                      0.058577    0.000263    5.240703 v output72/A (sky130_fd_sc_hd__buf_4)
     1    0.035528    0.105465    0.316184    5.556887 v output72/X (sky130_fd_sc_hd__buf_4)
                                                         S[15] (net)
                      0.105498    0.001866    5.558752 v S[15] (out)
                                              5.558752   data arrival time

                      0.000000    4.000000    4.000000   clock __VIRTUAL_CLK__ (rise edge)
                                  0.000000    4.000000   clock network delay (ideal)
                                 -0.250000    3.750000   clock uncertainty
                                  0.000000    3.750000   clock reconvergence pessimism
                                 -0.800000    2.950000   output external delay
                                              2.950000   data required time
---------------------------------------------------------------------------------------------
                                              2.950000   data required time
                                             -5.558752   data arrival time
---------------------------------------------------------------------------------------------
                                             -2.608752   slack (VIOLATED)


Startpoint: sub (input port clocked by __VIRTUAL_CLK__)
Endpoint: S[21] (output port clocked by __VIRTUAL_CLK__)
Path Group: __VIRTUAL_CLK__
Path Type: max

Fanout         Cap        Slew       Delay        Time   Description
---------------------------------------------------------------------------------------------
                      0.000000    0.000000    0.000000   clock __VIRTUAL_CLK__ (rise edge)
                                  0.000000    0.000000   clock network delay (ideal)
                                  0.800000    0.800000 ^ input external delay
     1    0.008432    0.070452    0.046987    0.846987 ^ sub (in)
                                                         sub (net)
                      0.070455    0.000000    0.846987 ^ input65/A (sky130_fd_sc_hd__buf_8)
     5    0.043975    0.127626    0.231546    1.078534 ^ input65/X (sky130_fd_sc_hd__buf_8)
                                                         net65 (net)
                      0.127913    0.004587    1.083121 ^ fanout106/A (sky130_fd_sc_hd__buf_4)
     7    0.037663    0.178891    0.332207    1.415328 ^ fanout106/X (sky130_fd_sc_hd__buf_4)
                                                         net106 (net)
                      0.178923    0.002509    1.417837 ^ fanout104/A (sky130_fd_sc_hd__clkbuf_2)
     4    0.024452    0.215340    0.363993    1.781830 ^ fanout104/X (sky130_fd_sc_hd__clkbuf_2)
                                                         net104 (net)
                      0.215352    0.001927    1.783758 ^ load_slew105/A (sky130_fd_sc_hd__buf_6)
     7    0.048991    0.166893    0.334212    2.117970 ^ load_slew105/X (sky130_fd_sc_hd__buf_6)
                                                         net105 (net)
                      0.167216    0.005462    2.123432 ^ _726_/B (sky130_fd_sc_hd__nand2b_4)
     1    0.005384    0.067597    0.134182    2.257614 v _726_/Y (sky130_fd_sc_hd__nand2b_4)
                                                         _073_ (net)
                      0.067597    0.000412    2.258026 v _729_/B (sky130_fd_sc_hd__nand3b_2)
     5    0.030033    0.306676    0.281166    2.539192 ^ _729_/Y (sky130_fd_sc_hd__nand3b_2)
                                                         _076_ (net)
                      0.306703    0.002431    2.541623 ^ _360_/D1 (sky130_fd_sc_hd__o2111ai_4)
     2    0.020728    0.308642    0.395417    2.937040 v _360_/Y (sky130_fd_sc_hd__o2111ai_4)
                                                         _089_ (net)
                      0.308645    0.001685    2.938725 v _377_/B (sky130_fd_sc_hd__nor2_4)
     3    0.025830    0.301834    0.386946    3.325671 ^ _377_/Y (sky130_fd_sc_hd__nor2_4)
                                                         _106_ (net)
                      0.301951    0.001572    3.327244 ^ _410_/B (sky130_fd_sc_hd__nand4_4)
     3    0.016939    0.235954    0.343717    3.670960 v _410_/Y (sky130_fd_sc_hd__nand4_4)
                                                         _139_ (net)
                      0.235957    0.001408    3.672369 v _415_/C (sky130_fd_sc_hd__nand3_4)
     3    0.026471    0.175811    0.280520    3.952889 ^ _415_/Y (sky130_fd_sc_hd__nand3_4)
                                                         _144_ (net)
                      0.175839    0.002129    3.955018 ^ _424_/B2 (sky130_fd_sc_hd__o22ai_4)
     3    0.016698    0.149833    0.194749    4.149767 v _424_/Y (sky130_fd_sc_hd__o22ai_4)
                                                         _153_ (net)
                      0.149838    0.001767    4.151534 v _470_/B1 (sky130_fd_sc_hd__o22ai_4)
     7    0.040364    0.549152    0.518563    4.670096 ^ _470_/Y (sky130_fd_sc_hd__o22ai_4)
                                                         _195_ (net)
                      0.549215    0.004900    4.674995 ^ _479_/A2_N (sky130_fd_sc_hd__o2bb2ai_2)
     1    0.005402    0.183196    0.359135    5.034131 ^ _479_/Y (sky130_fd_sc_hd__o2bb2ai_2)
                                                         _203_ (net)
                      0.183196    0.000261    5.034392 ^ _481_/B1 (sky130_fd_sc_hd__o21ai_2)
     1    0.008729    0.113842    0.183408    5.217800 v _481_/Y (sky130_fd_sc_hd__o21ai_2)
                                                         _205_ (net)
                      0.113843    0.000697    5.218497 v _482_/A (sky130_fd_sc_hd__nand2_4)
     1    0.008433    0.076281    0.116967    5.335464 ^ _482_/Y (sky130_fd_sc_hd__nand2_4)
                                                         net79 (net)
                      0.076283    0.000680    5.336144 ^ output79/A (sky130_fd_sc_hd__buf_8)
     1    0.035097    0.106248    0.218595    5.554739 ^ output79/X (sky130_fd_sc_hd__buf_8)
                                                         S[21] (net)
                      0.106285    0.001979    5.556718 ^ S[21] (out)
                                              5.556718   data arrival time

                      0.000000    4.000000    4.000000   clock __VIRTUAL_CLK__ (rise edge)
                                  0.000000    4.000000   clock network delay (ideal)
                                 -0.250000    3.750000   clock uncertainty
                                  0.000000    3.750000   clock reconvergence pessimism
                                 -0.800000    2.950000   output external delay
                                              2.950000   data required time
---------------------------------------------------------------------------------------------
                                              2.950000   data required time
                                             -5.556718   data arrival time
---------------------------------------------------------------------------------------------
                                             -2.606719   slack (VIOLATED)


Startpoint: sub (input port clocked by __VIRTUAL_CLK__)
Endpoint: S[17] (output port clocked by __VIRTUAL_CLK__)
Path Group: __VIRTUAL_CLK__
Path Type: max

Fanout         Cap        Slew       Delay        Time   Description
---------------------------------------------------------------------------------------------
                      0.000000    0.000000    0.000000   clock __VIRTUAL_CLK__ (rise edge)
                                  0.000000    0.000000   clock network delay (ideal)
                                  0.800000    0.800000 ^ input external delay
     1    0.008432    0.070452    0.046987    0.846987 ^ sub (in)
                                                         sub (net)
                      0.070455    0.000000    0.846987 ^ input65/A (sky130_fd_sc_hd__buf_8)
     5    0.043975    0.127626    0.231546    1.078534 ^ input65/X (sky130_fd_sc_hd__buf_8)
                                                         net65 (net)
                      0.127913    0.004587    1.083121 ^ fanout106/A (sky130_fd_sc_hd__buf_4)
     7    0.037663    0.178891    0.332207    1.415328 ^ fanout106/X (sky130_fd_sc_hd__buf_4)
                                                         net106 (net)
                      0.178923    0.002509    1.417837 ^ fanout104/A (sky130_fd_sc_hd__clkbuf_2)
     4    0.024452    0.215340    0.363993    1.781830 ^ fanout104/X (sky130_fd_sc_hd__clkbuf_2)
                                                         net104 (net)
                      0.215352    0.001927    1.783758 ^ load_slew105/A (sky130_fd_sc_hd__buf_6)
     7    0.048991    0.166893    0.334212    2.117970 ^ load_slew105/X (sky130_fd_sc_hd__buf_6)
                                                         net105 (net)
                      0.167216    0.005462    2.123432 ^ _726_/B (sky130_fd_sc_hd__nand2b_4)
     1    0.005384    0.067597    0.134182    2.257614 v _726_/Y (sky130_fd_sc_hd__nand2b_4)
                                                         _073_ (net)
                      0.067597    0.000412    2.258026 v _729_/B (sky130_fd_sc_hd__nand3b_2)
     5    0.030033    0.306676    0.281166    2.539192 ^ _729_/Y (sky130_fd_sc_hd__nand3b_2)
                                                         _076_ (net)
                      0.306703    0.002431    2.541623 ^ _360_/D1 (sky130_fd_sc_hd__o2111ai_4)
     2    0.020728    0.308642    0.395417    2.937040 v _360_/Y (sky130_fd_sc_hd__o2111ai_4)
                                                         _089_ (net)
                      0.308645    0.001685    2.938725 v _377_/B (sky130_fd_sc_hd__nor2_4)
     3    0.025830    0.301834    0.386946    3.325671 ^ _377_/Y (sky130_fd_sc_hd__nor2_4)
                                                         _106_ (net)
                      0.301951    0.001572    3.327244 ^ _410_/B (sky130_fd_sc_hd__nand4_4)
     3    0.016939    0.235954    0.343717    3.670960 v _410_/Y (sky130_fd_sc_hd__nand4_4)
                                                         _139_ (net)
                      0.235957    0.001408    3.672369 v _415_/C (sky130_fd_sc_hd__nand3_4)
     3    0.026471    0.175811    0.280520    3.952889 ^ _415_/Y (sky130_fd_sc_hd__nand3_4)
                                                         _144_ (net)
                      0.175839    0.002129    3.955018 ^ _424_/B2 (sky130_fd_sc_hd__o22ai_4)
     3    0.016698    0.149833    0.194749    4.149767 v _424_/Y (sky130_fd_sc_hd__o22ai_4)
                                                         _153_ (net)
                      0.149834    0.000826    4.150593 v rebuffer244/A (sky130_fd_sc_hd__buf_2)
     2    0.008416    0.066112    0.304871    4.455464 v rebuffer244/X (sky130_fd_sc_hd__buf_2)
                                                         net244 (net)
                      0.066122    0.000821    4.456285 v _432_/A2 (sky130_fd_sc_hd__a21bo_2)
     1    0.008476    0.085295    0.431752    4.888038 v _432_/X (sky130_fd_sc_hd__a21bo_2)
                                                         _160_ (net)
                      0.085349    0.000485    4.888523 v _433_/B (sky130_fd_sc_hd__xor2_2)
     1    0.011557    0.282104    0.315268    5.203791 ^ _433_/X (sky130_fd_sc_hd__xor2_2)
                                                         net74 (net)
                      0.282104    0.001068    5.204860 ^ output74/A (sky130_fd_sc_hd__buf_6)
     1    0.034903    0.125497    0.329285    5.534144 ^ output74/X (sky130_fd_sc_hd__buf_6)
                                                         S[17] (net)
                      0.125524    0.001886    5.536030 ^ S[17] (out)
                                              5.536030   data arrival time

                      0.000000    4.000000    4.000000   clock __VIRTUAL_CLK__ (rise edge)
                                  0.000000    4.000000   clock network delay (ideal)
                                 -0.250000    3.750000   clock uncertainty
                                  0.000000    3.750000   clock reconvergence pessimism
                                 -0.800000    2.950000   output external delay
                                              2.950000   data required time
---------------------------------------------------------------------------------------------
                                              2.950000   data required time
                                             -5.536030   data arrival time
---------------------------------------------------------------------------------------------
                                             -2.586030   slack (VIOLATED)


Startpoint: sub (input port clocked by __VIRTUAL_CLK__)
Endpoint: S[26] (output port clocked by __VIRTUAL_CLK__)
Path Group: __VIRTUAL_CLK__
Path Type: max

Fanout         Cap        Slew       Delay        Time   Description
---------------------------------------------------------------------------------------------
                      0.000000    0.000000    0.000000   clock __VIRTUAL_CLK__ (rise edge)
                                  0.000000    0.000000   clock network delay (ideal)
                                  0.800000    0.800000 v input external delay
     1    0.007831    0.038532    0.026147    0.826147 v sub (in)
                                                         sub (net)
                      0.038537    0.000000    0.826147 v input65/A (sky130_fd_sc_hd__buf_8)
     5    0.042648    0.079076    0.243965    1.070112 v input65/X (sky130_fd_sc_hd__buf_8)
                                                         net65 (net)
                      0.079378    0.004428    1.074540 v fanout106/A (sky130_fd_sc_hd__buf_4)
     7    0.036034    0.106469    0.326863    1.401403 v fanout106/X (sky130_fd_sc_hd__buf_4)
                                                         net106 (net)
                      0.106527    0.002399    1.403802 v fanout104/A (sky130_fd_sc_hd__clkbuf_2)
     4    0.023122    0.168180    0.314399    1.718201 v fanout104/X (sky130_fd_sc_hd__clkbuf_2)
                                                         net104 (net)
                      0.168197    0.001825    1.720026 v load_slew105/A (sky130_fd_sc_hd__buf_6)
     7    0.045810    0.091435    0.321161    2.041188 v load_slew105/X (sky130_fd_sc_hd__buf_6)
                                                         net105 (net)
                      0.091785    0.005071    2.046258 v _726_/B (sky130_fd_sc_hd__nand2b_4)
     1    0.005664    0.069437    0.116467    2.162725 ^ _726_/Y (sky130_fd_sc_hd__nand2b_4)
                                                         _073_ (net)
                      0.069437    0.000436    2.163161 ^ _729_/B (sky130_fd_sc_hd__nand3b_2)
     5    0.028716    0.411023    0.401868    2.565029 v _729_/Y (sky130_fd_sc_hd__nand3b_2)
                                                         _076_ (net)
                      0.411023    0.001590    2.566619 v _408_/B1 (sky130_fd_sc_hd__a2bb2oi_2)
     1    0.004905    0.176058    0.386435    2.953054 ^ _408_/Y (sky130_fd_sc_hd__a2bb2oi_2)
                                                         _137_ (net)
                      0.176058    0.000387    2.953441 ^ _409_/B (sky130_fd_sc_hd__nand2_2)
     2    0.020883    0.189611    0.250630    3.204071 v _409_/Y (sky130_fd_sc_hd__nand2_2)
                                                         _138_ (net)
                      0.189632    0.001751    3.205823 v _411_/A (sky130_fd_sc_hd__nand3_4)
     3    0.024846    0.166934    0.211522    3.417345 ^ _411_/Y (sky130_fd_sc_hd__nand3_4)
                                                         _140_ (net)
                      0.167018    0.001845    3.419189 ^ _415_/B (sky130_fd_sc_hd__nand3_4)
     3    0.024413    0.222913    0.268740    3.687930 v _415_/Y (sky130_fd_sc_hd__nand3_4)
                                                         _144_ (net)
                      0.222922    0.001799    3.689729 v _520_/B2 (sky130_fd_sc_hd__o221ai_2)
     4    0.020901    0.539880    0.538707    4.228436 ^ _520_/Y (sky130_fd_sc_hd__o221ai_2)
                                                         _241_ (net)
                      0.539886    0.001492    4.229928 ^ _542_/A1 (sky130_fd_sc_hd__a21boi_2)
     2    0.007036    0.153358    0.288997    4.518924 v _542_/Y (sky130_fd_sc_hd__a21boi_2)
                                                         _261_ (net)
                      0.153359    0.000308    4.519233 v _551_/A_N (sky130_fd_sc_hd__nand3b_2)
     1    0.004796    0.141842    0.496462    5.015694 v _551_/Y (sky130_fd_sc_hd__nand3b_2)
                                                         _270_ (net)
                      0.141842    0.000371    5.016066 v _552_/B (sky130_fd_sc_hd__nand2_2)
     1    0.003511    0.069115    0.135879    5.151944 ^ _552_/Y (sky130_fd_sc_hd__nand2_2)
                                                         net84 (net)
                      0.069115    0.000263    5.152208 ^ output84/A (sky130_fd_sc_hd__clkbuf_2)
     1    0.035793    0.306995    0.378415    5.530623 ^ output84/X (sky130_fd_sc_hd__clkbuf_2)
                                                         S[26] (net)
                      0.307101    0.002006    5.532628 ^ S[26] (out)
                                              5.532628   data arrival time

                      0.000000    4.000000    4.000000   clock __VIRTUAL_CLK__ (rise edge)
                                  0.000000    4.000000   clock network delay (ideal)
                                 -0.250000    3.750000   clock uncertainty
                                  0.000000    3.750000   clock reconvergence pessimism
                                 -0.800000    2.950000   output external delay
                                              2.950000   data required time
---------------------------------------------------------------------------------------------
                                              2.950000   data required time
                                             -5.532628   data arrival time
---------------------------------------------------------------------------------------------
                                             -2.582628   slack (VIOLATED)


Startpoint: sub (input port clocked by __VIRTUAL_CLK__)
Endpoint: S[27] (output port clocked by __VIRTUAL_CLK__)
Path Group: __VIRTUAL_CLK__
Path Type: max

Fanout         Cap        Slew       Delay        Time   Description
---------------------------------------------------------------------------------------------
                      0.000000    0.000000    0.000000   clock __VIRTUAL_CLK__ (rise edge)
                                  0.000000    0.000000   clock network delay (ideal)
                                  0.800000    0.800000 ^ input external delay
     1    0.008432    0.070452    0.046987    0.846987 ^ sub (in)
                                                         sub (net)
                      0.070455    0.000000    0.846987 ^ input65/A (sky130_fd_sc_hd__buf_8)
     5    0.043975    0.127626    0.231546    1.078534 ^ input65/X (sky130_fd_sc_hd__buf_8)
                                                         net65 (net)
                      0.127913    0.004587    1.083121 ^ fanout106/A (sky130_fd_sc_hd__buf_4)
     7    0.037663    0.178891    0.332207    1.415328 ^ fanout106/X (sky130_fd_sc_hd__buf_4)
                                                         net106 (net)
                      0.178923    0.002509    1.417837 ^ fanout104/A (sky130_fd_sc_hd__clkbuf_2)
     4    0.024452    0.215340    0.363993    1.781830 ^ fanout104/X (sky130_fd_sc_hd__clkbuf_2)
                                                         net104 (net)
                      0.215352    0.001927    1.783758 ^ load_slew105/A (sky130_fd_sc_hd__buf_6)
     7    0.048991    0.166893    0.334212    2.117970 ^ load_slew105/X (sky130_fd_sc_hd__buf_6)
                                                         net105 (net)
                      0.167216    0.005462    2.123432 ^ _726_/B (sky130_fd_sc_hd__nand2b_4)
     1    0.005384    0.067597    0.134182    2.257614 v _726_/Y (sky130_fd_sc_hd__nand2b_4)
                                                         _073_ (net)
                      0.067597    0.000412    2.258026 v _729_/B (sky130_fd_sc_hd__nand3b_2)
     5    0.030033    0.306676    0.281166    2.539192 ^ _729_/Y (sky130_fd_sc_hd__nand3b_2)
                                                         _076_ (net)
                      0.306703    0.002431    2.541623 ^ _360_/D1 (sky130_fd_sc_hd__o2111ai_4)
     2    0.020728    0.308642    0.395417    2.937040 v _360_/Y (sky130_fd_sc_hd__o2111ai_4)
                                                         _089_ (net)
                      0.308645    0.001685    2.938725 v _377_/B (sky130_fd_sc_hd__nor2_4)
     3    0.025830    0.301834    0.386946    3.325671 ^ _377_/Y (sky130_fd_sc_hd__nor2_4)
                                                         _106_ (net)
                      0.301951    0.001572    3.327244 ^ _410_/B (sky130_fd_sc_hd__nand4_4)
     3    0.016939    0.235954    0.343717    3.670960 v _410_/Y (sky130_fd_sc_hd__nand4_4)
                                                         _139_ (net)
                      0.235957    0.001408    3.672369 v _415_/C (sky130_fd_sc_hd__nand3_4)
     3    0.026471    0.175811    0.280520    3.952889 ^ _415_/Y (sky130_fd_sc_hd__nand3_4)
                                                         _144_ (net)
                      0.175833    0.001955    3.954844 ^ _520_/B2 (sky130_fd_sc_hd__o221ai_2)
     4    0.019985    0.321228    0.386470    4.341314 v _520_/Y (sky130_fd_sc_hd__o221ai_2)
                                                         _241_ (net)
                      0.321236    0.001320    4.342634 v _559_/A1 (sky130_fd_sc_hd__a21oi_2)
     2    0.011660    0.273716    0.427424    4.770059 ^ _559_/Y (sky130_fd_sc_hd__a21oi_2)
                                                         _277_ (net)
                      0.273716    0.000740    4.770799 ^ _562_/A1 (sky130_fd_sc_hd__o21bai_2)
     1    0.004873    0.108825    0.226684    4.997483 v _562_/Y (sky130_fd_sc_hd__o21bai_2)
                                                         _280_ (net)
                      0.108825    0.000377    4.997860 v _564_/B1 (sky130_fd_sc_hd__o21ai_2)
     1    0.004457    0.162473    0.112331    5.110192 ^ _564_/Y (sky130_fd_sc_hd__o21ai_2)
                                                         net85 (net)
                      0.162473    0.000324    5.110516 ^ output85/A (sky130_fd_sc_hd__clkbuf_4)
     1    0.035667    0.185850    0.393736    5.504251 ^ output85/X (sky130_fd_sc_hd__clkbuf_4)
                                                         S[27] (net)
                      0.185868    0.002020    5.506271 ^ S[27] (out)
                                              5.506271   data arrival time

                      0.000000    4.000000    4.000000   clock __VIRTUAL_CLK__ (rise edge)
                                  0.000000    4.000000   clock network delay (ideal)
                                 -0.250000    3.750000   clock uncertainty
                                  0.000000    3.750000   clock reconvergence pessimism
                                 -0.800000    2.950000   output external delay
                                              2.950000   data required time
---------------------------------------------------------------------------------------------
                                              2.950000   data required time
                                             -5.506271   data arrival time
---------------------------------------------------------------------------------------------
                                             -2.556272   slack (VIOLATED)


Startpoint: sub (input port clocked by __VIRTUAL_CLK__)
Endpoint: S[31] (output port clocked by __VIRTUAL_CLK__)
Path Group: __VIRTUAL_CLK__
Path Type: max

Fanout         Cap        Slew       Delay        Time   Description
---------------------------------------------------------------------------------------------
                      0.000000    0.000000    0.000000   clock __VIRTUAL_CLK__ (rise edge)
                                  0.000000    0.000000   clock network delay (ideal)
                                  0.800000    0.800000 ^ input external delay
     1    0.008432    0.070452    0.046987    0.846987 ^ sub (in)
                                                         sub (net)
                      0.070455    0.000000    0.846987 ^ input65/A (sky130_fd_sc_hd__buf_8)
     5    0.043975    0.127626    0.231546    1.078534 ^ input65/X (sky130_fd_sc_hd__buf_8)
                                                         net65 (net)
                      0.127913    0.004587    1.083121 ^ fanout106/A (sky130_fd_sc_hd__buf_4)
     7    0.037663    0.178891    0.332207    1.415328 ^ fanout106/X (sky130_fd_sc_hd__buf_4)
                                                         net106 (net)
                      0.178923    0.002509    1.417837 ^ fanout104/A (sky130_fd_sc_hd__clkbuf_2)
     4    0.024452    0.215340    0.363993    1.781830 ^ fanout104/X (sky130_fd_sc_hd__clkbuf_2)
                                                         net104 (net)
                      0.215352    0.001927    1.783758 ^ load_slew105/A (sky130_fd_sc_hd__buf_6)
     7    0.048991    0.166893    0.334212    2.117970 ^ load_slew105/X (sky130_fd_sc_hd__buf_6)
                                                         net105 (net)
                      0.167216    0.005462    2.123432 ^ _726_/B (sky130_fd_sc_hd__nand2b_4)
     1    0.005384    0.067597    0.134182    2.257614 v _726_/Y (sky130_fd_sc_hd__nand2b_4)
                                                         _073_ (net)
                      0.067597    0.000412    2.258026 v _729_/B (sky130_fd_sc_hd__nand3b_2)
     5    0.030033    0.306676    0.281166    2.539192 ^ _729_/Y (sky130_fd_sc_hd__nand3b_2)
                                                         _076_ (net)
                      0.306703    0.002431    2.541623 ^ _360_/D1 (sky130_fd_sc_hd__o2111ai_4)
     2    0.020728    0.308642    0.395417    2.937040 v _360_/Y (sky130_fd_sc_hd__o2111ai_4)
                                                         _089_ (net)
                      0.308645    0.001685    2.938725 v _377_/B (sky130_fd_sc_hd__nor2_4)
     3    0.025830    0.301834    0.386946    3.325671 ^ _377_/Y (sky130_fd_sc_hd__nor2_4)
                                                         _106_ (net)
                      0.301951    0.001572    3.327244 ^ _410_/B (sky130_fd_sc_hd__nand4_4)
     3    0.016939    0.235954    0.343717    3.670960 v _410_/Y (sky130_fd_sc_hd__nand4_4)
                                                         _139_ (net)
                      0.235957    0.001408    3.672369 v _415_/C (sky130_fd_sc_hd__nand3_4)
     3    0.026471    0.175811    0.280520    3.952889 ^ _415_/Y (sky130_fd_sc_hd__nand3_4)
                                                         _144_ (net)
                      0.175836    0.002050    3.954939 ^ _574_/B2 (sky130_fd_sc_hd__o221ai_4)
     3    0.027478    0.276984    0.341775    4.296714 v _574_/Y (sky130_fd_sc_hd__o221ai_4)
                                                         _291_ (net)
                      0.277037    0.003670    4.300384 v _577_/B (sky130_fd_sc_hd__nand2_4)
     5    0.024134    0.149997    0.268922    4.569306 ^ _577_/Y (sky130_fd_sc_hd__nand2_4)
                                                         _294_ (net)
                      0.150012    0.001534    4.570840 ^ _605_/A (sky130_fd_sc_hd__nand4_2)
     1    0.008846    0.226818    0.244024    4.814864 v _605_/Y (sky130_fd_sc_hd__nand4_2)
                                                         _319_ (net)
                      0.226818    0.000723    4.815586 v _614_/A1 (sky130_fd_sc_hd__a22oi_4)
     1    0.007375    0.216561    0.360106    5.175693 ^ _614_/Y (sky130_fd_sc_hd__a22oi_4)
                                                         net90 (net)
                      0.216562    0.000620    5.176312 ^ output90/A (sky130_fd_sc_hd__buf_6)
     1    0.034453    0.123466    0.303561    5.479874 ^ output90/X (sky130_fd_sc_hd__buf_6)
                                                         S[31] (net)
                      0.123493    0.001883    5.481757 ^ S[31] (out)
                                              5.481757   data arrival time

                      0.000000    4.000000    4.000000   clock __VIRTUAL_CLK__ (rise edge)
                                  0.000000    4.000000   clock network delay (ideal)
                                 -0.250000    3.750000   clock uncertainty
                                  0.000000    3.750000   clock reconvergence pessimism
                                 -0.800000    2.950000   output external delay
                                              2.950000   data required time
---------------------------------------------------------------------------------------------
                                              2.950000   data required time
                                             -5.481757   data arrival time
---------------------------------------------------------------------------------------------
                                             -2.531757   slack (VIOLATED)


Startpoint: sub (input port clocked by __VIRTUAL_CLK__)
Endpoint: S[25] (output port clocked by __VIRTUAL_CLK__)
Path Group: __VIRTUAL_CLK__
Path Type: max

Fanout         Cap        Slew       Delay        Time   Description
---------------------------------------------------------------------------------------------
                      0.000000    0.000000    0.000000   clock __VIRTUAL_CLK__ (rise edge)
                                  0.000000    0.000000   clock network delay (ideal)
                                  0.800000    0.800000 ^ input external delay
     1    0.008432    0.070452    0.046987    0.846987 ^ sub (in)
                                                         sub (net)
                      0.070455    0.000000    0.846987 ^ input65/A (sky130_fd_sc_hd__buf_8)
     5    0.043975    0.127626    0.231546    1.078534 ^ input65/X (sky130_fd_sc_hd__buf_8)
                                                         net65 (net)
                      0.127913    0.004587    1.083121 ^ fanout106/A (sky130_fd_sc_hd__buf_4)
     7    0.037663    0.178891    0.332207    1.415328 ^ fanout106/X (sky130_fd_sc_hd__buf_4)
                                                         net106 (net)
                      0.178923    0.002509    1.417837 ^ fanout104/A (sky130_fd_sc_hd__clkbuf_2)
     4    0.024452    0.215340    0.363993    1.781830 ^ fanout104/X (sky130_fd_sc_hd__clkbuf_2)
                                                         net104 (net)
                      0.215352    0.001927    1.783758 ^ load_slew105/A (sky130_fd_sc_hd__buf_6)
     7    0.048991    0.166893    0.334212    2.117970 ^ load_slew105/X (sky130_fd_sc_hd__buf_6)
                                                         net105 (net)
                      0.167216    0.005462    2.123432 ^ _726_/B (sky130_fd_sc_hd__nand2b_4)
     1    0.005384    0.067597    0.134182    2.257614 v _726_/Y (sky130_fd_sc_hd__nand2b_4)
                                                         _073_ (net)
                      0.067597    0.000412    2.258026 v _729_/B (sky130_fd_sc_hd__nand3b_2)
     5    0.030033    0.306676    0.281166    2.539192 ^ _729_/Y (sky130_fd_sc_hd__nand3b_2)
                                                         _076_ (net)
                      0.306703    0.002431    2.541623 ^ _360_/D1 (sky130_fd_sc_hd__o2111ai_4)
     2    0.020728    0.308642    0.395417    2.937040 v _360_/Y (sky130_fd_sc_hd__o2111ai_4)
                                                         _089_ (net)
                      0.308645    0.001685    2.938725 v _377_/B (sky130_fd_sc_hd__nor2_4)
     3    0.025830    0.301834    0.386946    3.325671 ^ _377_/Y (sky130_fd_sc_hd__nor2_4)
                                                         _106_ (net)
                      0.301951    0.001572    3.327244 ^ _410_/B (sky130_fd_sc_hd__nand4_4)
     3    0.016939    0.235954    0.343717    3.670960 v _410_/Y (sky130_fd_sc_hd__nand4_4)
                                                         _139_ (net)
                      0.235957    0.001408    3.672369 v _415_/C (sky130_fd_sc_hd__nand3_4)
     3    0.026471    0.175811    0.280520    3.952889 ^ _415_/Y (sky130_fd_sc_hd__nand3_4)
                                                         _144_ (net)
                      0.175833    0.001955    3.954844 ^ _520_/B2 (sky130_fd_sc_hd__o221ai_2)
     4    0.019985    0.321228    0.386470    4.341314 v _520_/Y (sky130_fd_sc_hd__o221ai_2)
                                                         _241_ (net)
                      0.321238    0.001451    4.342765 v _529_/A1 (sky130_fd_sc_hd__a21o_2)
     2    0.007084    0.077386    0.498383    4.841148 v _529_/X (sky130_fd_sc_hd__a21o_2)
                                                         _250_ (net)
                      0.077392    0.000500    4.841649 v _538_/B (sky130_fd_sc_hd__nand3b_2)
     1    0.004838    0.118340    0.125126    4.966774 ^ _538_/Y (sky130_fd_sc_hd__nand3b_2)
                                                         _258_ (net)
                      0.118340    0.000381    4.967156 ^ _540_/A (sky130_fd_sc_hd__nand2_2)
     1    0.002645    0.054420    0.096930    5.064086 v _540_/Y (sky130_fd_sc_hd__nand2_2)
                                                         net83 (net)
                      0.054420    0.000129    5.064215 v output83/A (sky130_fd_sc_hd__clkbuf_2)
     1    0.036066    0.253157    0.353966    5.418181 v output83/X (sky130_fd_sc_hd__clkbuf_2)
                                                         S[25] (net)
                      0.253172    0.002255    5.420436 v S[25] (out)
                                              5.420436   data arrival time

                      0.000000    4.000000    4.000000   clock __VIRTUAL_CLK__ (rise edge)
                                  0.000000    4.000000   clock network delay (ideal)
                                 -0.250000    3.750000   clock uncertainty
                                  0.000000    3.750000   clock reconvergence pessimism
                                 -0.800000    2.950000   output external delay
                                              2.950000   data required time
---------------------------------------------------------------------------------------------
                                              2.950000   data required time
                                             -5.420436   data arrival time
---------------------------------------------------------------------------------------------
                                             -2.470436   slack (VIOLATED)


Startpoint: sub (input port clocked by __VIRTUAL_CLK__)
Endpoint: S[30] (output port clocked by __VIRTUAL_CLK__)
Path Group: __VIRTUAL_CLK__
Path Type: max

Fanout         Cap        Slew       Delay        Time   Description
---------------------------------------------------------------------------------------------
                      0.000000    0.000000    0.000000   clock __VIRTUAL_CLK__ (rise edge)
                                  0.000000    0.000000   clock network delay (ideal)
                                  0.800000    0.800000 v input external delay
     1    0.007831    0.038532    0.026147    0.826147 v sub (in)
                                                         sub (net)
                      0.038537    0.000000    0.826147 v input65/A (sky130_fd_sc_hd__buf_8)
     5    0.042648    0.079076    0.243965    1.070112 v input65/X (sky130_fd_sc_hd__buf_8)
                                                         net65 (net)
                      0.079378    0.004428    1.074540 v fanout106/A (sky130_fd_sc_hd__buf_4)
     7    0.036034    0.106469    0.326863    1.401403 v fanout106/X (sky130_fd_sc_hd__buf_4)
                                                         net106 (net)
                      0.106527    0.002399    1.403802 v fanout104/A (sky130_fd_sc_hd__clkbuf_2)
     4    0.023122    0.168180    0.314399    1.718201 v fanout104/X (sky130_fd_sc_hd__clkbuf_2)
                                                         net104 (net)
                      0.168197    0.001825    1.720026 v load_slew105/A (sky130_fd_sc_hd__buf_6)
     7    0.045810    0.091435    0.321161    2.041188 v load_slew105/X (sky130_fd_sc_hd__buf_6)
                                                         net105 (net)
                      0.091785    0.005071    2.046258 v _726_/B (sky130_fd_sc_hd__nand2b_4)
     1    0.005664    0.069437    0.116467    2.162725 ^ _726_/Y (sky130_fd_sc_hd__nand2b_4)
                                                         _073_ (net)
                      0.069437    0.000436    2.163161 ^ _729_/B (sky130_fd_sc_hd__nand3b_2)
     5    0.028716    0.411023    0.401868    2.565029 v _729_/Y (sky130_fd_sc_hd__nand3b_2)
                                                         _076_ (net)
                      0.411023    0.001590    2.566619 v _408_/B1 (sky130_fd_sc_hd__a2bb2oi_2)
     1    0.004905    0.176058    0.386435    2.953054 ^ _408_/Y (sky130_fd_sc_hd__a2bb2oi_2)
                                                         _137_ (net)
                      0.176058    0.000387    2.953441 ^ _409_/B (sky130_fd_sc_hd__nand2_2)
     2    0.020883    0.189611    0.250630    3.204071 v _409_/Y (sky130_fd_sc_hd__nand2_2)
                                                         _138_ (net)
                      0.189632    0.001751    3.205823 v _411_/A (sky130_fd_sc_hd__nand3_4)
     3    0.024846    0.166934    0.211522    3.417345 ^ _411_/Y (sky130_fd_sc_hd__nand3_4)
                                                         _140_ (net)
                      0.167018    0.001845    3.419189 ^ _415_/B (sky130_fd_sc_hd__nand3_4)
     3    0.024413    0.222913    0.268740    3.687930 v _415_/Y (sky130_fd_sc_hd__nand3_4)
                                                         _144_ (net)
                      0.222924    0.001882    3.689811 v _574_/B2 (sky130_fd_sc_hd__o221ai_4)
     3    0.028920    0.483341    0.489604    4.179416 ^ _574_/Y (sky130_fd_sc_hd__o221ai_4)
                                                         _291_ (net)
                      0.483412    0.003891    4.183306 ^ _577_/B (sky130_fd_sc_hd__nand2_4)
     5    0.023090    0.151851    0.289259    4.472566 v _577_/Y (sky130_fd_sc_hd__nand2_4)
                                                         _294_ (net)
                      0.151857    0.001184    4.473750 v _603_/A1 (sky130_fd_sc_hd__a21o_2)
     1    0.008269    0.081989    0.431177    4.904927 v _603_/X (sky130_fd_sc_hd__a21o_2)
                                                         _318_ (net)
                      0.081993    0.000664    4.905591 v _604_/A2 (sky130_fd_sc_hd__o21ai_4)
     1    0.007536    0.179007    0.222072    5.127663 ^ _604_/Y (sky130_fd_sc_hd__o21ai_4)
                                                         net89 (net)
                      0.179007    0.000403    5.128066 ^ output89/A (sky130_fd_sc_hd__buf_6)
     1    0.034348    0.123046    0.285418    5.413484 ^ output89/X (sky130_fd_sc_hd__buf_6)
                                                         S[30] (net)
                      0.123071    0.001843    5.415327 ^ S[30] (out)
                                              5.415327   data arrival time

                      0.000000    4.000000    4.000000   clock __VIRTUAL_CLK__ (rise edge)
                                  0.000000    4.000000   clock network delay (ideal)
                                 -0.250000    3.750000   clock uncertainty
                                  0.000000    3.750000   clock reconvergence pessimism
                                 -0.800000    2.950000   output external delay
                                              2.950000   data required time
---------------------------------------------------------------------------------------------
                                              2.950000   data required time
                                             -5.415327   data arrival time
---------------------------------------------------------------------------------------------
                                             -2.465327   slack (VIOLATED)


Startpoint: sub (input port clocked by __VIRTUAL_CLK__)
Endpoint: S[28] (output port clocked by __VIRTUAL_CLK__)
Path Group: __VIRTUAL_CLK__
Path Type: max

Fanout         Cap        Slew       Delay        Time   Description
---------------------------------------------------------------------------------------------
                      0.000000    0.000000    0.000000   clock __VIRTUAL_CLK__ (rise edge)
                                  0.000000    0.000000   clock network delay (ideal)
                                  0.800000    0.800000 v input external delay
     1    0.007831    0.038532    0.026147    0.826147 v sub (in)
                                                         sub (net)
                      0.038537    0.000000    0.826147 v input65/A (sky130_fd_sc_hd__buf_8)
     5    0.042648    0.079076    0.243965    1.070112 v input65/X (sky130_fd_sc_hd__buf_8)
                                                         net65 (net)
                      0.079378    0.004428    1.074540 v fanout106/A (sky130_fd_sc_hd__buf_4)
     7    0.036034    0.106469    0.326863    1.401403 v fanout106/X (sky130_fd_sc_hd__buf_4)
                                                         net106 (net)
                      0.106527    0.002399    1.403802 v fanout104/A (sky130_fd_sc_hd__clkbuf_2)
     4    0.023122    0.168180    0.314399    1.718201 v fanout104/X (sky130_fd_sc_hd__clkbuf_2)
                                                         net104 (net)
                      0.168197    0.001825    1.720026 v load_slew105/A (sky130_fd_sc_hd__buf_6)
     7    0.045810    0.091435    0.321161    2.041188 v load_slew105/X (sky130_fd_sc_hd__buf_6)
                                                         net105 (net)
                      0.091785    0.005071    2.046258 v _726_/B (sky130_fd_sc_hd__nand2b_4)
     1    0.005664    0.069437    0.116467    2.162725 ^ _726_/Y (sky130_fd_sc_hd__nand2b_4)
                                                         _073_ (net)
                      0.069437    0.000436    2.163161 ^ _729_/B (sky130_fd_sc_hd__nand3b_2)
     5    0.028716    0.411023    0.401868    2.565029 v _729_/Y (sky130_fd_sc_hd__nand3b_2)
                                                         _076_ (net)
                      0.411023    0.001590    2.566619 v _408_/B1 (sky130_fd_sc_hd__a2bb2oi_2)
     1    0.004905    0.176058    0.386435    2.953054 ^ _408_/Y (sky130_fd_sc_hd__a2bb2oi_2)
                                                         _137_ (net)
                      0.176058    0.000387    2.953441 ^ _409_/B (sky130_fd_sc_hd__nand2_2)
     2    0.020883    0.189611    0.250630    3.204071 v _409_/Y (sky130_fd_sc_hd__nand2_2)
                                                         _138_ (net)
                      0.189632    0.001751    3.205823 v _411_/A (sky130_fd_sc_hd__nand3_4)
     3    0.024846    0.166934    0.211522    3.417345 ^ _411_/Y (sky130_fd_sc_hd__nand3_4)
                                                         _140_ (net)
                      0.167018    0.001845    3.419189 ^ _415_/B (sky130_fd_sc_hd__nand3_4)
     3    0.024413    0.222913    0.268740    3.687930 v _415_/Y (sky130_fd_sc_hd__nand3_4)
                                                         _144_ (net)
                      0.222924    0.001882    3.689811 v _574_/B2 (sky130_fd_sc_hd__o221ai_4)
     3    0.028920    0.483341    0.489604    4.179416 ^ _574_/Y (sky130_fd_sc_hd__o221ai_4)
                                                         _291_ (net)
                      0.483412    0.003891    4.183306 ^ _577_/B (sky130_fd_sc_hd__nand2_4)
     5    0.023090    0.151851    0.289259    4.472566 v _577_/Y (sky130_fd_sc_hd__nand2_4)
                                                         _294_ (net)
                      0.151852    0.000755    4.473320 v _580_/B1 (sky130_fd_sc_hd__a21o_2)
     1    0.002830    0.057077    0.384187    4.857507 v _580_/X (sky130_fd_sc_hd__a21o_2)
                                                         _297_ (net)
                      0.057077    0.000210    4.857718 v _581_/B (sky130_fd_sc_hd__and2b_4)
     1    0.005652    0.054854    0.300482    5.158200 v _581_/X (sky130_fd_sc_hd__and2b_4)
                                                         net86 (net)
                      0.054854    0.000281    5.158481 v output86/A (sky130_fd_sc_hd__buf_6)
     1    0.035015    0.076876    0.252392    5.410873 v output86/X (sky130_fd_sc_hd__buf_6)
                                                         S[28] (net)
                      0.076923    0.001773    5.412646 v S[28] (out)
                                              5.412646   data arrival time

                      0.000000    4.000000    4.000000   clock __VIRTUAL_CLK__ (rise edge)
                                  0.000000    4.000000   clock network delay (ideal)
                                 -0.250000    3.750000   clock uncertainty
                                  0.000000    3.750000   clock reconvergence pessimism
                                 -0.800000    2.950000   output external delay
                                              2.950000   data required time
---------------------------------------------------------------------------------------------
                                              2.950000   data required time
                                             -5.412646   data arrival time
---------------------------------------------------------------------------------------------
                                             -2.462646   slack (VIOLATED)


Startpoint: sub (input port clocked by __VIRTUAL_CLK__)
Endpoint: S[14] (output port clocked by __VIRTUAL_CLK__)
Path Group: __VIRTUAL_CLK__
Path Type: max

Fanout         Cap        Slew       Delay        Time   Description
---------------------------------------------------------------------------------------------
                      0.000000    0.000000    0.000000   clock __VIRTUAL_CLK__ (rise edge)
                                  0.000000    0.000000   clock network delay (ideal)
                                  0.800000    0.800000 ^ input external delay
     1    0.008432    0.070452    0.046987    0.846987 ^ sub (in)
                                                         sub (net)
                      0.070455    0.000000    0.846987 ^ input65/A (sky130_fd_sc_hd__buf_8)
     5    0.043975    0.127626    0.231546    1.078534 ^ input65/X (sky130_fd_sc_hd__buf_8)
                                                         net65 (net)
                      0.127913    0.004587    1.083121 ^ fanout106/A (sky130_fd_sc_hd__buf_4)
     7    0.037663    0.178891    0.332207    1.415328 ^ fanout106/X (sky130_fd_sc_hd__buf_4)
                                                         net106 (net)
                      0.178923    0.002509    1.417837 ^ fanout104/A (sky130_fd_sc_hd__clkbuf_2)
     4    0.024452    0.215340    0.363993    1.781830 ^ fanout104/X (sky130_fd_sc_hd__clkbuf_2)
                                                         net104 (net)
                      0.215352    0.001927    1.783758 ^ load_slew105/A (sky130_fd_sc_hd__buf_6)
     7    0.048991    0.166893    0.334212    2.117970 ^ load_slew105/X (sky130_fd_sc_hd__buf_6)
                                                         net105 (net)
                      0.167216    0.005462    2.123432 ^ _726_/B (sky130_fd_sc_hd__nand2b_4)
     1    0.005384    0.067597    0.134182    2.257614 v _726_/Y (sky130_fd_sc_hd__nand2b_4)
                                                         _073_ (net)
                      0.067597    0.000412    2.258026 v _729_/B (sky130_fd_sc_hd__nand3b_2)
     5    0.030033    0.306676    0.281166    2.539192 ^ _729_/Y (sky130_fd_sc_hd__nand3b_2)
                                                         _076_ (net)
                      0.306703    0.002431    2.541623 ^ _360_/D1 (sky130_fd_sc_hd__o2111ai_4)
     2    0.020728    0.308642    0.395417    2.937040 v _360_/Y (sky130_fd_sc_hd__o2111ai_4)
                                                         _089_ (net)
                      0.308645    0.001685    2.938725 v _377_/B (sky130_fd_sc_hd__nor2_4)
     3    0.025830    0.301834    0.386946    3.325671 ^ _377_/Y (sky130_fd_sc_hd__nor2_4)
                                                         _106_ (net)
                      0.301951    0.001572    3.327244 ^ _410_/B (sky130_fd_sc_hd__nand4_4)
     3    0.016939    0.235954    0.343717    3.670960 v _410_/Y (sky130_fd_sc_hd__nand4_4)
                                                         _139_ (net)
                      0.235957    0.001592    3.672552 v rebuffer258/A (sky130_fd_sc_hd__buf_2)
     1    0.004858    0.052394    0.331231    4.003783 v rebuffer258/X (sky130_fd_sc_hd__buf_2)
                                                         net258 (net)
                      0.052394    0.000247    4.004030 v rebuffer146/A (sky130_fd_sc_hd__buf_6)
     1    0.008795    0.042281    0.208424    4.212454 v rebuffer146/X (sky130_fd_sc_hd__buf_6)
                                                         net146 (net)
                      0.042281    0.000708    4.213161 v _640_/A (sky130_fd_sc_hd__nand4_4)
     3    0.014994    0.148538    0.119428    4.332589 ^ _640_/Y (sky130_fd_sc_hd__nand4_4)
                                                         _341_ (net)
                      0.148539    0.000691    4.333280 ^ _641_/A (sky130_fd_sc_hd__nand2_2)
     1    0.004664    0.070666    0.123649    4.456929 v _641_/Y (sky130_fd_sc_hd__nand2_2)
                                                         _342_ (net)
                      0.070671    0.000235    4.457164 v _645_/A2 (sky130_fd_sc_hd__o211ai_2)
     1    0.008919    0.270895    0.297170    4.754333 ^ _645_/Y (sky130_fd_sc_hd__o211ai_2)
                                                         _344_ (net)
                      0.270895    0.000509    4.754842 ^ _647_/B (sky130_fd_sc_hd__xor2_2)
     1    0.005461    0.182373    0.323193    5.078035 ^ _647_/X (sky130_fd_sc_hd__xor2_2)
                                                         net71 (net)
                      0.182373    0.000440    5.078475 ^ output71/A (sky130_fd_sc_hd__buf_6)
     1    0.035627    0.126800    0.289877    5.368352 ^ output71/X (sky130_fd_sc_hd__buf_6)
                                                         S[14] (net)
                      0.126827    0.001900    5.370252 ^ S[14] (out)
                                              5.370252   data arrival time

                      0.000000    4.000000    4.000000   clock __VIRTUAL_CLK__ (rise edge)
                                  0.000000    4.000000   clock network delay (ideal)
                                 -0.250000    3.750000   clock uncertainty
                                  0.000000    3.750000   clock reconvergence pessimism
                                 -0.800000    2.950000   output external delay
                                              2.950000   data required time
---------------------------------------------------------------------------------------------
                                              2.950000   data required time
                                             -5.370252   data arrival time
---------------------------------------------------------------------------------------------
                                             -2.420252   slack (VIOLATED)


Startpoint: sub (input port clocked by __VIRTUAL_CLK__)
Endpoint: S[13] (output port clocked by __VIRTUAL_CLK__)
Path Group: __VIRTUAL_CLK__
Path Type: max

Fanout         Cap        Slew       Delay        Time   Description
---------------------------------------------------------------------------------------------
                      0.000000    0.000000    0.000000   clock __VIRTUAL_CLK__ (rise edge)
                                  0.000000    0.000000   clock network delay (ideal)
                                  0.800000    0.800000 ^ input external delay
     1    0.008432    0.070452    0.046987    0.846987 ^ sub (in)
                                                         sub (net)
                      0.070455    0.000000    0.846987 ^ input65/A (sky130_fd_sc_hd__buf_8)
     5    0.043975    0.127626    0.231546    1.078534 ^ input65/X (sky130_fd_sc_hd__buf_8)
                                                         net65 (net)
                      0.127913    0.004587    1.083121 ^ fanout106/A (sky130_fd_sc_hd__buf_4)
     7    0.037663    0.178891    0.332207    1.415328 ^ fanout106/X (sky130_fd_sc_hd__buf_4)
                                                         net106 (net)
                      0.178923    0.002509    1.417837 ^ fanout104/A (sky130_fd_sc_hd__clkbuf_2)
     4    0.024452    0.215340    0.363993    1.781830 ^ fanout104/X (sky130_fd_sc_hd__clkbuf_2)
                                                         net104 (net)
                      0.215352    0.001927    1.783758 ^ load_slew105/A (sky130_fd_sc_hd__buf_6)
     7    0.048991    0.166893    0.334212    2.117970 ^ load_slew105/X (sky130_fd_sc_hd__buf_6)
                                                         net105 (net)
                      0.167216    0.005462    2.123432 ^ _726_/B (sky130_fd_sc_hd__nand2b_4)
     1    0.005384    0.067597    0.134182    2.257614 v _726_/Y (sky130_fd_sc_hd__nand2b_4)
                                                         _073_ (net)
                      0.067597    0.000412    2.258026 v _729_/B (sky130_fd_sc_hd__nand3b_2)
     5    0.030033    0.306676    0.281166    2.539192 ^ _729_/Y (sky130_fd_sc_hd__nand3b_2)
                                                         _076_ (net)
                      0.306703    0.002431    2.541623 ^ _360_/D1 (sky130_fd_sc_hd__o2111ai_4)
     2    0.020728    0.308642    0.395417    2.937040 v _360_/Y (sky130_fd_sc_hd__o2111ai_4)
                                                         _089_ (net)
                      0.308645    0.001685    2.938725 v _377_/B (sky130_fd_sc_hd__nor2_4)
     3    0.025830    0.301834    0.386946    3.325671 ^ _377_/Y (sky130_fd_sc_hd__nor2_4)
                                                         _106_ (net)
                      0.301951    0.001572    3.327244 ^ _410_/B (sky130_fd_sc_hd__nand4_4)
     3    0.016939    0.235954    0.343717    3.670960 v _410_/Y (sky130_fd_sc_hd__nand4_4)
                                                         _139_ (net)
                      0.235957    0.001592    3.672552 v rebuffer258/A (sky130_fd_sc_hd__buf_2)
     1    0.004858    0.052394    0.331231    4.003783 v rebuffer258/X (sky130_fd_sc_hd__buf_2)
                                                         net258 (net)
                      0.052394    0.000247    4.004030 v rebuffer146/A (sky130_fd_sc_hd__buf_6)
     1    0.008795    0.042281    0.208424    4.212454 v rebuffer146/X (sky130_fd_sc_hd__buf_6)
                                                         net146 (net)
                      0.042281    0.000708    4.213161 v _640_/A (sky130_fd_sc_hd__nand4_4)
     3    0.014994    0.148538    0.119428    4.332589 ^ _640_/Y (sky130_fd_sc_hd__nand4_4)
                                                         _341_ (net)
                      0.148539    0.000866    4.333456 ^ rebuffer257/A (sky130_fd_sc_hd__buf_4)
     2    0.017074    0.097017    0.274911    4.608366 ^ rebuffer257/X (sky130_fd_sc_hd__buf_4)
                                                         net257 (net)
                      0.097037    0.001429    4.609796 ^ _643_/B1 (sky130_fd_sc_hd__a22o_4)
     1    0.008814    0.075133    0.244278    4.854074 ^ _643_/X (sky130_fd_sc_hd__a22o_4)
                                                         _343_ (net)
                      0.075155    0.000704    4.854778 ^ _644_/B (sky130_fd_sc_hd__xnor2_2)
     1    0.005494    0.199385    0.209657    5.064435 ^ _644_/Y (sky130_fd_sc_hd__xnor2_2)
                                                         net70 (net)
                      0.199385    0.000435    5.064869 ^ output70/A (sky130_fd_sc_hd__buf_6)
     1    0.035160    0.125491    0.297037    5.361907 ^ output70/X (sky130_fd_sc_hd__buf_6)
                                                         S[13] (net)
                      0.125514    0.001783    5.363690 ^ S[13] (out)
                                              5.363690   data arrival time

                      0.000000    4.000000    4.000000   clock __VIRTUAL_CLK__ (rise edge)
                                  0.000000    4.000000   clock network delay (ideal)
                                 -0.250000    3.750000   clock uncertainty
                                  0.000000    3.750000   clock reconvergence pessimism
                                 -0.800000    2.950000   output external delay
                                              2.950000   data required time
---------------------------------------------------------------------------------------------
                                              2.950000   data required time
                                             -5.363690   data arrival time
---------------------------------------------------------------------------------------------
                                             -2.413690   slack (VIOLATED)


Startpoint: sub (input port clocked by __VIRTUAL_CLK__)
Endpoint: S[16] (output port clocked by __VIRTUAL_CLK__)
Path Group: __VIRTUAL_CLK__
Path Type: max

Fanout         Cap        Slew       Delay        Time   Description
---------------------------------------------------------------------------------------------
                      0.000000    0.000000    0.000000   clock __VIRTUAL_CLK__ (rise edge)
                                  0.000000    0.000000   clock network delay (ideal)
                                  0.800000    0.800000 ^ input external delay
     1    0.008432    0.070452    0.046987    0.846987 ^ sub (in)
                                                         sub (net)
                      0.070455    0.000000    0.846987 ^ input65/A (sky130_fd_sc_hd__buf_8)
     5    0.043975    0.127626    0.231546    1.078534 ^ input65/X (sky130_fd_sc_hd__buf_8)
                                                         net65 (net)
                      0.127913    0.004587    1.083121 ^ fanout106/A (sky130_fd_sc_hd__buf_4)
     7    0.037663    0.178891    0.332207    1.415328 ^ fanout106/X (sky130_fd_sc_hd__buf_4)
                                                         net106 (net)
                      0.178923    0.002509    1.417837 ^ fanout104/A (sky130_fd_sc_hd__clkbuf_2)
     4    0.024452    0.215340    0.363993    1.781830 ^ fanout104/X (sky130_fd_sc_hd__clkbuf_2)
                                                         net104 (net)
                      0.215352    0.001927    1.783758 ^ load_slew105/A (sky130_fd_sc_hd__buf_6)
     7    0.048991    0.166893    0.334212    2.117970 ^ load_slew105/X (sky130_fd_sc_hd__buf_6)
                                                         net105 (net)
                      0.167216    0.005462    2.123432 ^ _726_/B (sky130_fd_sc_hd__nand2b_4)
     1    0.005384    0.067597    0.134182    2.257614 v _726_/Y (sky130_fd_sc_hd__nand2b_4)
                                                         _073_ (net)
                      0.067597    0.000412    2.258026 v _729_/B (sky130_fd_sc_hd__nand3b_2)
     5    0.030033    0.306676    0.281166    2.539192 ^ _729_/Y (sky130_fd_sc_hd__nand3b_2)
                                                         _076_ (net)
                      0.306703    0.002431    2.541623 ^ _360_/D1 (sky130_fd_sc_hd__o2111ai_4)
     2    0.020728    0.308642    0.395417    2.937040 v _360_/Y (sky130_fd_sc_hd__o2111ai_4)
                                                         _089_ (net)
                      0.308645    0.001685    2.938725 v _377_/B (sky130_fd_sc_hd__nor2_4)
     3    0.025830    0.301834    0.386946    3.325671 ^ _377_/Y (sky130_fd_sc_hd__nor2_4)
                                                         _106_ (net)
                      0.301951    0.001572    3.327244 ^ _410_/B (sky130_fd_sc_hd__nand4_4)
     3    0.016939    0.235954    0.343717    3.670960 v _410_/Y (sky130_fd_sc_hd__nand4_4)
                                                         _139_ (net)
                      0.235957    0.001408    3.672369 v _415_/C (sky130_fd_sc_hd__nand3_4)
     3    0.026471    0.175811    0.280520    3.952889 ^ _415_/Y (sky130_fd_sc_hd__nand3_4)
                                                         _144_ (net)
                      0.175839    0.002129    3.955018 ^ _424_/B2 (sky130_fd_sc_hd__o22ai_4)
     3    0.016698    0.149833    0.194749    4.149767 v _424_/Y (sky130_fd_sc_hd__o22ai_4)
                                                         _153_ (net)
                      0.149834    0.000826    4.150593 v rebuffer244/A (sky130_fd_sc_hd__buf_2)
     2    0.008416    0.066112    0.304871    4.455464 v rebuffer244/X (sky130_fd_sc_hd__buf_2)
                                                         net244 (net)
                      0.066118    0.000675    4.456140 v rebuffer127/A (sky130_fd_sc_hd__buf_2)
     1    0.008252    0.065440    0.262317    4.718457 v rebuffer127/X (sky130_fd_sc_hd__buf_2)
                                                         net127 (net)
                      0.065442    0.000469    4.718926 v _425_/B (sky130_fd_sc_hd__xor2_2)
     1    0.010908    0.271291    0.297172    5.016098 ^ _425_/X (sky130_fd_sc_hd__xor2_2)
                                                         net73 (net)
                      0.271292    0.001098    5.017196 ^ output73/A (sky130_fd_sc_hd__buf_6)
     1    0.035331    0.126608    0.326130    5.343326 ^ output73/X (sky130_fd_sc_hd__buf_6)
                                                         S[16] (net)
                      0.126645    0.002188    5.345514 ^ S[16] (out)
                                              5.345514   data arrival time

                      0.000000    4.000000    4.000000   clock __VIRTUAL_CLK__ (rise edge)
                                  0.000000    4.000000   clock network delay (ideal)
                                 -0.250000    3.750000   clock uncertainty
                                  0.000000    3.750000   clock reconvergence pessimism
                                 -0.800000    2.950000   output external delay
                                              2.950000   data required time
---------------------------------------------------------------------------------------------
                                              2.950000   data required time
                                             -5.345514   data arrival time
---------------------------------------------------------------------------------------------
                                             -2.395514   slack (VIOLATED)


Startpoint: sub (input port clocked by __VIRTUAL_CLK__)
Endpoint: S[19] (output port clocked by __VIRTUAL_CLK__)
Path Group: __VIRTUAL_CLK__
Path Type: max

Fanout         Cap        Slew       Delay        Time   Description
---------------------------------------------------------------------------------------------
                      0.000000    0.000000    0.000000   clock __VIRTUAL_CLK__ (rise edge)
                                  0.000000    0.000000   clock network delay (ideal)
                                  0.800000    0.800000 ^ input external delay
     1    0.008432    0.070452    0.046987    0.846987 ^ sub (in)
                                                         sub (net)
                      0.070455    0.000000    0.846987 ^ input65/A (sky130_fd_sc_hd__buf_8)
     5    0.043975    0.127626    0.231546    1.078534 ^ input65/X (sky130_fd_sc_hd__buf_8)
                                                         net65 (net)
                      0.127913    0.004587    1.083121 ^ fanout106/A (sky130_fd_sc_hd__buf_4)
     7    0.037663    0.178891    0.332207    1.415328 ^ fanout106/X (sky130_fd_sc_hd__buf_4)
                                                         net106 (net)
                      0.178923    0.002509    1.417837 ^ fanout104/A (sky130_fd_sc_hd__clkbuf_2)
     4    0.024452    0.215340    0.363993    1.781830 ^ fanout104/X (sky130_fd_sc_hd__clkbuf_2)
                                                         net104 (net)
                      0.215352    0.001927    1.783758 ^ load_slew105/A (sky130_fd_sc_hd__buf_6)
     7    0.048991    0.166893    0.334212    2.117970 ^ load_slew105/X (sky130_fd_sc_hd__buf_6)
                                                         net105 (net)
                      0.167216    0.005462    2.123432 ^ _726_/B (sky130_fd_sc_hd__nand2b_4)
     1    0.005384    0.067597    0.134182    2.257614 v _726_/Y (sky130_fd_sc_hd__nand2b_4)
                                                         _073_ (net)
                      0.067597    0.000412    2.258026 v _729_/B (sky130_fd_sc_hd__nand3b_2)
     5    0.030033    0.306676    0.281166    2.539192 ^ _729_/Y (sky130_fd_sc_hd__nand3b_2)
                                                         _076_ (net)
                      0.306703    0.002431    2.541623 ^ _360_/D1 (sky130_fd_sc_hd__o2111ai_4)
     2    0.020728    0.308642    0.395417    2.937040 v _360_/Y (sky130_fd_sc_hd__o2111ai_4)
                                                         _089_ (net)
                      0.308645    0.001685    2.938725 v _377_/B (sky130_fd_sc_hd__nor2_4)
     3    0.025830    0.301834    0.386946    3.325671 ^ _377_/Y (sky130_fd_sc_hd__nor2_4)
                                                         _106_ (net)
                      0.301951    0.001572    3.327244 ^ _410_/B (sky130_fd_sc_hd__nand4_4)
     3    0.016939    0.235954    0.343717    3.670960 v _410_/Y (sky130_fd_sc_hd__nand4_4)
                                                         _139_ (net)
                      0.235956    0.001209    3.672169 v _423_/C (sky130_fd_sc_hd__nand4_2)
     3    0.018861    0.229378    0.330837    4.003006 ^ _423_/Y (sky130_fd_sc_hd__nand4_2)
                                                         _152_ (net)
                      0.229391    0.001994    4.005000 ^ _447_/D (sky130_fd_sc_hd__nand4b_2)
     2    0.009140    0.240381    0.369853    4.374854 v _447_/Y (sky130_fd_sc_hd__nand4b_2)
                                                         _173_ (net)
                      0.240381    0.000568    4.375422 v _455_/B1 (sky130_fd_sc_hd__a22o_2)
     1    0.005602    0.081287    0.490688    4.866109 v _455_/X (sky130_fd_sc_hd__a22o_2)
                                                         _181_ (net)
                      0.081287    0.000433    4.866542 v _457_/A (sky130_fd_sc_hd__nand2_2)
     1    0.006692    0.091905    0.110667    4.977209 ^ _457_/Y (sky130_fd_sc_hd__nand2_2)
                                                         net76 (net)
                      0.091906    0.000576    4.977785 ^ output76/A (sky130_fd_sc_hd__clkbuf_4)
     1    0.034881    0.182423    0.356812    5.334598 ^ output76/X (sky130_fd_sc_hd__clkbuf_4)
                                                         S[19] (net)
                      0.182438    0.001898    5.336495 ^ S[19] (out)
                                              5.336495   data arrival time

                      0.000000    4.000000    4.000000   clock __VIRTUAL_CLK__ (rise edge)
                                  0.000000    4.000000   clock network delay (ideal)
                                 -0.250000    3.750000   clock uncertainty
                                  0.000000    3.750000   clock reconvergence pessimism
                                 -0.800000    2.950000   output external delay
                                              2.950000   data required time
---------------------------------------------------------------------------------------------
                                              2.950000   data required time
                                             -5.336495   data arrival time
---------------------------------------------------------------------------------------------
                                             -2.386496   slack (VIOLATED)


Startpoint: sub (input port clocked by __VIRTUAL_CLK__)
Endpoint: S[7] (output port clocked by __VIRTUAL_CLK__)
Path Group: __VIRTUAL_CLK__
Path Type: max

Fanout         Cap        Slew       Delay        Time   Description
---------------------------------------------------------------------------------------------
                      0.000000    0.000000    0.000000   clock __VIRTUAL_CLK__ (rise edge)
                                  0.000000    0.000000   clock network delay (ideal)
                                  0.800000    0.800000 v input external delay
     1    0.007831    0.038532    0.026147    0.826147 v sub (in)
                                                         sub (net)
                      0.038537    0.000000    0.826147 v input65/A (sky130_fd_sc_hd__buf_8)
     5    0.042648    0.079076    0.243965    1.070112 v input65/X (sky130_fd_sc_hd__buf_8)
                                                         net65 (net)
                      0.079378    0.004428    1.074540 v fanout106/A (sky130_fd_sc_hd__buf_4)
     7    0.036034    0.106469    0.326863    1.401403 v fanout106/X (sky130_fd_sc_hd__buf_4)
                                                         net106 (net)
                      0.106522    0.002309    1.403712 v fanout100/A (sky130_fd_sc_hd__buf_4)
     5    0.026932    0.089245    0.324340    1.728052 v fanout100/X (sky130_fd_sc_hd__buf_4)
                                                         net100 (net)
                      0.089289    0.001872    1.729924 v load_slew101/A (sky130_fd_sc_hd__buf_6)
     6    0.038895    0.082207    0.273048    2.002971 v load_slew101/X (sky130_fd_sc_hd__buf_6)
                                                         net101 (net)
                      0.082241    0.001771    2.004742 v _387_/A (sky130_fd_sc_hd__and2_4)
     1    0.006363    0.056023    0.268357    2.273100 v _387_/X (sky130_fd_sc_hd__and2_4)
                                                         _116_ (net)
                      0.056023    0.000499    2.273599 v _391_/A1 (sky130_fd_sc_hd__o21bai_2)
     1    0.005387    0.181087    0.240343    2.513942 ^ _391_/Y (sky130_fd_sc_hd__o21bai_2)
                                                         _120_ (net)
                      0.181088    0.000414    2.514356 ^ _392_/C1 (sky130_fd_sc_hd__o211ai_2)
     1    0.009867    0.229709    0.262293    2.776649 v _392_/Y (sky130_fd_sc_hd__o211ai_2)
                                                         _121_ (net)
                      0.229709    0.000798    2.777447 v _393_/A (sky130_fd_sc_hd__nor2_4)
     3    0.022250    0.259738    0.368239    3.145686 ^ _393_/Y (sky130_fd_sc_hd__nor2_4)
                                                         _122_ (net)
                      0.259762    0.002122    3.147808 ^ rebuffer280/A (sky130_fd_sc_hd__buf_6)
     1    0.010105    0.056901    0.260074    3.407883 ^ rebuffer280/X (sky130_fd_sc_hd__buf_6)
                                                         net280 (net)
                      0.056901    0.000813    3.408696 ^ _624_/A2 (sky130_fd_sc_hd__a21oi_4)
     3    0.017746    0.121153    0.143145    3.551841 v _624_/Y (sky130_fd_sc_hd__a21oi_4)
                                                         _333_ (net)
                      0.121158    0.001525    3.553367 v _626_/B2 (sky130_fd_sc_hd__o22a_2)
     3    0.019715    0.155580    0.505780    4.059146 v _626_/X (sky130_fd_sc_hd__o22a_2)
                                                         _334_ (net)
                      0.155582    0.000899    4.060046 v _630_/B2 (sky130_fd_sc_hd__o2bb2a_2)
     1    0.010265    0.117114    0.616232    4.676278 v _630_/X (sky130_fd_sc_hd__o2bb2a_2)
                                                         _336_ (net)
                      0.117115    0.000647    4.676924 v _631_/B (sky130_fd_sc_hd__xor2_2)
     1    0.004959    0.097913    0.296021    4.972946 v _631_/X (sky130_fd_sc_hd__xor2_2)
                                                         net95 (net)
                      0.097913    0.000394    4.973340 v output95/A (sky130_fd_sc_hd__clkbuf_4)
     1    0.035033    0.141289    0.356653    5.329993 v output95/X (sky130_fd_sc_hd__clkbuf_4)
                                                         S[7] (net)
                      0.141312    0.001915    5.331908 v S[7] (out)
                                              5.331908   data arrival time

                      0.000000    4.000000    4.000000   clock __VIRTUAL_CLK__ (rise edge)
                                  0.000000    4.000000   clock network delay (ideal)
                                 -0.250000    3.750000   clock uncertainty
                                  0.000000    3.750000   clock reconvergence pessimism
                                 -0.800000    2.950000   output external delay
                                              2.950000   data required time
---------------------------------------------------------------------------------------------
                                              2.950000   data required time
                                             -5.331908   data arrival time
---------------------------------------------------------------------------------------------
                                             -2.381908   slack (VIOLATED)


Startpoint: sub (input port clocked by __VIRTUAL_CLK__)
Endpoint: S[29] (output port clocked by __VIRTUAL_CLK__)
Path Group: __VIRTUAL_CLK__
Path Type: max

Fanout         Cap        Slew       Delay        Time   Description
---------------------------------------------------------------------------------------------
                      0.000000    0.000000    0.000000   clock __VIRTUAL_CLK__ (rise edge)
                                  0.000000    0.000000   clock network delay (ideal)
                                  0.800000    0.800000 ^ input external delay
     1    0.008432    0.070452    0.046987    0.846987 ^ sub (in)
                                                         sub (net)
                      0.070455    0.000000    0.846987 ^ input65/A (sky130_fd_sc_hd__buf_8)
     5    0.043975    0.127626    0.231546    1.078534 ^ input65/X (sky130_fd_sc_hd__buf_8)
                                                         net65 (net)
                      0.127913    0.004587    1.083121 ^ fanout106/A (sky130_fd_sc_hd__buf_4)
     7    0.037663    0.178891    0.332207    1.415328 ^ fanout106/X (sky130_fd_sc_hd__buf_4)
                                                         net106 (net)
                      0.178923    0.002509    1.417837 ^ fanout104/A (sky130_fd_sc_hd__clkbuf_2)
     4    0.024452    0.215340    0.363993    1.781830 ^ fanout104/X (sky130_fd_sc_hd__clkbuf_2)
                                                         net104 (net)
                      0.215352    0.001927    1.783758 ^ load_slew105/A (sky130_fd_sc_hd__buf_6)
     7    0.048991    0.166893    0.334212    2.117970 ^ load_slew105/X (sky130_fd_sc_hd__buf_6)
                                                         net105 (net)
                      0.167216    0.005462    2.123432 ^ _726_/B (sky130_fd_sc_hd__nand2b_4)
     1    0.005384    0.067597    0.134182    2.257614 v _726_/Y (sky130_fd_sc_hd__nand2b_4)
                                                         _073_ (net)
                      0.067597    0.000412    2.258026 v _729_/B (sky130_fd_sc_hd__nand3b_2)
     5    0.030033    0.306676    0.281166    2.539192 ^ _729_/Y (sky130_fd_sc_hd__nand3b_2)
                                                         _076_ (net)
                      0.306703    0.002431    2.541623 ^ _360_/D1 (sky130_fd_sc_hd__o2111ai_4)
     2    0.020728    0.308642    0.395417    2.937040 v _360_/Y (sky130_fd_sc_hd__o2111ai_4)
                                                         _089_ (net)
                      0.308645    0.001685    2.938725 v _377_/B (sky130_fd_sc_hd__nor2_4)
     3    0.025830    0.301834    0.386946    3.325671 ^ _377_/Y (sky130_fd_sc_hd__nor2_4)
                                                         _106_ (net)
                      0.301951    0.001572    3.327244 ^ _410_/B (sky130_fd_sc_hd__nand4_4)
     3    0.016939    0.235954    0.343717    3.670960 v _410_/Y (sky130_fd_sc_hd__nand4_4)
                                                         _139_ (net)
                      0.235957    0.001408    3.672369 v _415_/C (sky130_fd_sc_hd__nand3_4)
     3    0.026471    0.175811    0.280520    3.952889 ^ _415_/Y (sky130_fd_sc_hd__nand3_4)
                                                         _144_ (net)
                      0.175836    0.002050    3.954939 ^ _574_/B2 (sky130_fd_sc_hd__o221ai_4)
     3    0.027478    0.276984    0.341775    4.296714 v _574_/Y (sky130_fd_sc_hd__o221ai_4)
                                                         _291_ (net)
                      0.277044    0.003850    4.300564 v _579_/A2 (sky130_fd_sc_hd__a21oi_2)
     2    0.007623    0.209936    0.373857    4.674421 ^ _579_/Y (sky130_fd_sc_hd__a21oi_2)
                                                         _296_ (net)
                      0.209936    0.000515    4.674936 ^ _589_/A2 (sky130_fd_sc_hd__o21ai_2)
     1    0.004664    0.097225    0.159703    4.834639 v _589_/Y (sky130_fd_sc_hd__o21ai_2)
                                                         _305_ (net)
                      0.097225    0.000363    4.835002 v _590_/B1 (sky130_fd_sc_hd__o21ai_2)
     1    0.006651    0.197240    0.120805    4.955807 ^ _590_/Y (sky130_fd_sc_hd__o21ai_2)
                                                         net87 (net)
                      0.197241    0.000496    4.956304 ^ output87/A (sky130_fd_sc_hd__buf_6)
     1    0.034934    0.124813    0.295394    5.251698 ^ output87/X (sky130_fd_sc_hd__buf_6)
                                                         S[29] (net)
                      0.124842    0.001943    5.253641 ^ S[29] (out)
                                              5.253641   data arrival time

                      0.000000    4.000000    4.000000   clock __VIRTUAL_CLK__ (rise edge)
                                  0.000000    4.000000   clock network delay (ideal)
                                 -0.250000    3.750000   clock uncertainty
                                  0.000000    3.750000   clock reconvergence pessimism
                                 -0.800000    2.950000   output external delay
                                              2.950000   data required time
---------------------------------------------------------------------------------------------
                                              2.950000   data required time
                                             -5.253641   data arrival time
---------------------------------------------------------------------------------------------
                                             -2.303641   slack (VIOLATED)


Startpoint: sub (input port clocked by __VIRTUAL_CLK__)
Endpoint: carryOut (output port clocked by __VIRTUAL_CLK__)
Path Group: __VIRTUAL_CLK__
Path Type: max

Fanout         Cap        Slew       Delay        Time   Description
---------------------------------------------------------------------------------------------
                      0.000000    0.000000    0.000000   clock __VIRTUAL_CLK__ (rise edge)
                                  0.000000    0.000000   clock network delay (ideal)
                                  0.800000    0.800000 v input external delay
     1    0.007831    0.038532    0.026147    0.826147 v sub (in)
                                                         sub (net)
                      0.038537    0.000000    0.826147 v input65/A (sky130_fd_sc_hd__buf_8)
     5    0.042648    0.079076    0.243965    1.070112 v input65/X (sky130_fd_sc_hd__buf_8)
                                                         net65 (net)
                      0.079378    0.004428    1.074540 v fanout106/A (sky130_fd_sc_hd__buf_4)
     7    0.036034    0.106469    0.326863    1.401403 v fanout106/X (sky130_fd_sc_hd__buf_4)
                                                         net106 (net)
                      0.106527    0.002399    1.403802 v fanout104/A (sky130_fd_sc_hd__clkbuf_2)
     4    0.023122    0.168180    0.314399    1.718201 v fanout104/X (sky130_fd_sc_hd__clkbuf_2)
                                                         net104 (net)
                      0.168197    0.001825    1.720026 v load_slew105/A (sky130_fd_sc_hd__buf_6)
     7    0.045810    0.091435    0.321161    2.041188 v load_slew105/X (sky130_fd_sc_hd__buf_6)
                                                         net105 (net)
                      0.091785    0.005071    2.046258 v _726_/B (sky130_fd_sc_hd__nand2b_4)
     1    0.005664    0.069437    0.116467    2.162725 ^ _726_/Y (sky130_fd_sc_hd__nand2b_4)
                                                         _073_ (net)
                      0.069437    0.000436    2.163161 ^ _729_/B (sky130_fd_sc_hd__nand3b_2)
     5    0.028716    0.411023    0.401868    2.565029 v _729_/Y (sky130_fd_sc_hd__nand3b_2)
                                                         _076_ (net)
                      0.411023    0.001590    2.566619 v _408_/B1 (sky130_fd_sc_hd__a2bb2oi_2)
     1    0.004905    0.176058    0.386435    2.953054 ^ _408_/Y (sky130_fd_sc_hd__a2bb2oi_2)
                                                         _137_ (net)
                      0.176058    0.000387    2.953441 ^ _409_/B (sky130_fd_sc_hd__nand2_2)
     2    0.020883    0.189611    0.250630    3.204071 v _409_/Y (sky130_fd_sc_hd__nand2_2)
                                                         _138_ (net)
                      0.189632    0.001751    3.205823 v _411_/A (sky130_fd_sc_hd__nand3_4)
     3    0.024846    0.166934    0.211522    3.417345 ^ _411_/Y (sky130_fd_sc_hd__nand3_4)
                                                         _140_ (net)
                      0.167018    0.001845    3.419189 ^ _415_/B (sky130_fd_sc_hd__nand3_4)
     3    0.024413    0.222913    0.268740    3.687930 v _415_/Y (sky130_fd_sc_hd__nand3_4)
                                                         _144_ (net)
                      0.222924    0.001882    3.689811 v _574_/B2 (sky130_fd_sc_hd__o221ai_4)
     3    0.028920    0.483341    0.489604    4.179416 ^ _574_/Y (sky130_fd_sc_hd__o221ai_4)
                                                         _291_ (net)
                      0.483412    0.003891    4.183306 ^ _577_/B (sky130_fd_sc_hd__nand2_4)
     5    0.023090    0.151851    0.289259    4.472566 v _577_/Y (sky130_fd_sc_hd__nand2_4)
                                                         _294_ (net)
                      0.151863    0.001523    4.474088 v _610_/A1 (sky130_fd_sc_hd__a21boi_2)
     1    0.010974    0.259981    0.344878    4.818967 ^ _610_/Y (sky130_fd_sc_hd__a21boi_2)
                                                         _324_ (net)
                      0.259981    0.000958    4.819925 ^ _651_/B2 (sky130_fd_sc_hd__o2bb2ai_4)
     1    0.004999    0.073884    0.165025    4.984950 v _651_/Y (sky130_fd_sc_hd__o2bb2ai_4)
                                                         net98 (net)
                      0.073885    0.000391    4.985340 v output98/A (sky130_fd_sc_hd__buf_6)
     1    0.036169    0.078384    0.262786    5.248127 v output98/X (sky130_fd_sc_hd__buf_6)
                                                         carryOut (net)
                      0.078441    0.001961    5.250087 v carryOut (out)
                                              5.250087   data arrival time

                      0.000000    4.000000    4.000000   clock __VIRTUAL_CLK__ (rise edge)
                                  0.000000    4.000000   clock network delay (ideal)
                                 -0.250000    3.750000   clock uncertainty
                                  0.000000    3.750000   clock reconvergence pessimism
                                 -0.800000    2.950000   output external delay
                                              2.950000   data required time
---------------------------------------------------------------------------------------------
                                              2.950000   data required time
                                             -5.250087   data arrival time
---------------------------------------------------------------------------------------------
                                             -2.300087   slack (VIOLATED)


Startpoint: sub (input port clocked by __VIRTUAL_CLK__)
Endpoint: S[18] (output port clocked by __VIRTUAL_CLK__)
Path Group: __VIRTUAL_CLK__
Path Type: max

Fanout         Cap        Slew       Delay        Time   Description
---------------------------------------------------------------------------------------------
                      0.000000    0.000000    0.000000   clock __VIRTUAL_CLK__ (rise edge)
                                  0.000000    0.000000   clock network delay (ideal)
                                  0.800000    0.800000 ^ input external delay
     1    0.008432    0.070452    0.046987    0.846987 ^ sub (in)
                                                         sub (net)
                      0.070455    0.000000    0.846987 ^ input65/A (sky130_fd_sc_hd__buf_8)
     5    0.043975    0.127626    0.231546    1.078534 ^ input65/X (sky130_fd_sc_hd__buf_8)
                                                         net65 (net)
                      0.128008    0.005435    1.083968 ^ fanout118/A (sky130_fd_sc_hd__buf_8)
     4    0.023608    0.080127    0.221043    1.305012 ^ fanout118/X (sky130_fd_sc_hd__buf_8)
                                                         net118 (net)
                      0.080194    0.002178    1.307189 ^ fanout117/A (sky130_fd_sc_hd__dlygate4sd1_1)
     5    0.027916    0.419477    0.664756    1.971945 ^ fanout117/X (sky130_fd_sc_hd__dlygate4sd1_1)
                                                         net117 (net)
                      0.419477    0.001367    1.973312 ^ _663_/A (sky130_fd_sc_hd__and2_4)
     5    0.026472    0.155507    0.527747    2.501060 ^ _663_/X (sky130_fd_sc_hd__and2_4)
                                                         _010_ (net)
                      0.155515    0.001375    2.502434 ^ _665_/A (sky130_fd_sc_hd__nor2_2)
     3    0.012896    0.098287    0.143865    2.646299 v _665_/Y (sky130_fd_sc_hd__nor2_2)
                                                         _012_ (net)
                      0.098292    0.000741    2.647040 v _678_/A1 (sky130_fd_sc_hd__a22oi_2)
     1    0.009653    0.301436    0.353439    3.000479 ^ _678_/Y (sky130_fd_sc_hd__a22oi_2)
                                                         _025_ (net)
                      0.301436    0.000490    3.000969 ^ _685_/A2 (sky130_fd_sc_hd__o21ai_4)
     5    0.032561    0.175007    0.269841    3.270809 v _685_/Y (sky130_fd_sc_hd__o21ai_4)
                                                         _032_ (net)
                      0.175017    0.001605    3.272415 v _421_/B1 (sky130_fd_sc_hd__a31oi_2)
     1    0.005314    0.222466    0.298938    3.571353 ^ _421_/Y (sky130_fd_sc_hd__a31oi_2)
                                                         _150_ (net)
                      0.222466    0.000402    3.571754 ^ _423_/A (sky130_fd_sc_hd__nand4_2)
     3    0.017844    0.365409    0.383892    3.955646 v _423_/Y (sky130_fd_sc_hd__nand4_2)
                                                         _152_ (net)
                      0.365409    0.001480    3.957126 v _444_/A2 (sky130_fd_sc_hd__a31oi_2)
     1    0.008772    0.282542    0.484110    4.441236 ^ _444_/Y (sky130_fd_sc_hd__a31oi_2)
                                                         _171_ (net)
                      0.282543    0.000499    4.441735 ^ _445_/B (sky130_fd_sc_hd__xor2_2)
     1    0.007431    0.214066    0.352794    4.794529 ^ _445_/X (sky130_fd_sc_hd__xor2_2)
                                                         net75 (net)
                      0.214066    0.000510    4.795039 ^ output75/A (sky130_fd_sc_hd__buf_2)
     1    0.035266    0.280033    0.436331    5.231369 ^ output75/X (sky130_fd_sc_hd__buf_2)
                                                         S[18] (net)
                      0.280039    0.001795    5.233165 ^ S[18] (out)
                                              5.233165   data arrival time

                      0.000000    4.000000    4.000000   clock __VIRTUAL_CLK__ (rise edge)
                                  0.000000    4.000000   clock network delay (ideal)
                                 -0.250000    3.750000   clock uncertainty
                                  0.000000    3.750000   clock reconvergence pessimism
                                 -0.800000    2.950000   output external delay
                                              2.950000   data required time
---------------------------------------------------------------------------------------------
                                              2.950000   data required time
                                             -5.233165   data arrival time
---------------------------------------------------------------------------------------------
                                             -2.283165   slack (VIOLATED)


Startpoint: sub (input port clocked by __VIRTUAL_CLK__)
Endpoint: S[11] (output port clocked by __VIRTUAL_CLK__)
Path Group: __VIRTUAL_CLK__
Path Type: max

Fanout         Cap        Slew       Delay        Time   Description
---------------------------------------------------------------------------------------------
                      0.000000    0.000000    0.000000   clock __VIRTUAL_CLK__ (rise edge)
                                  0.000000    0.000000   clock network delay (ideal)
                                  0.800000    0.800000 ^ input external delay
     1    0.008432    0.070452    0.046987    0.846987 ^ sub (in)
                                                         sub (net)
                      0.070455    0.000000    0.846987 ^ input65/A (sky130_fd_sc_hd__buf_8)
     5    0.043975    0.127626    0.231546    1.078534 ^ input65/X (sky130_fd_sc_hd__buf_8)
                                                         net65 (net)
                      0.127913    0.004587    1.083121 ^ fanout106/A (sky130_fd_sc_hd__buf_4)
     7    0.037663    0.178891    0.332207    1.415328 ^ fanout106/X (sky130_fd_sc_hd__buf_4)
                                                         net106 (net)
                      0.178923    0.002509    1.417837 ^ fanout104/A (sky130_fd_sc_hd__clkbuf_2)
     4    0.024452    0.215340    0.363993    1.781830 ^ fanout104/X (sky130_fd_sc_hd__clkbuf_2)
                                                         net104 (net)
                      0.215352    0.001927    1.783758 ^ load_slew105/A (sky130_fd_sc_hd__buf_6)
     7    0.048991    0.166893    0.334212    2.117970 ^ load_slew105/X (sky130_fd_sc_hd__buf_6)
                                                         net105 (net)
                      0.167216    0.005462    2.123432 ^ _726_/B (sky130_fd_sc_hd__nand2b_4)
     1    0.005384    0.067597    0.134182    2.257614 v _726_/Y (sky130_fd_sc_hd__nand2b_4)
                                                         _073_ (net)
                      0.067597    0.000412    2.258026 v _729_/B (sky130_fd_sc_hd__nand3b_2)
     5    0.030033    0.306676    0.281166    2.539192 ^ _729_/Y (sky130_fd_sc_hd__nand3b_2)
                                                         _076_ (net)
                      0.306703    0.002431    2.541623 ^ _360_/D1 (sky130_fd_sc_hd__o2111ai_4)
     2    0.020728    0.308642    0.395417    2.937040 v _360_/Y (sky130_fd_sc_hd__o2111ai_4)
                                                         _089_ (net)
                      0.308643    0.000982    2.938023 v rebuffer261/A (sky130_fd_sc_hd__buf_6)
     2    0.006397    0.039599    0.329945    3.267968 v rebuffer261/X (sky130_fd_sc_hd__buf_6)
                                                         net261 (net)
                      0.039925    0.000428    3.268396 v _378_/B (sky130_fd_sc_hd__or2_4)
     1    0.008318    0.091324    0.461529    3.729925 v _378_/X (sky130_fd_sc_hd__or2_4)
                                                         _107_ (net)
                      0.091324    0.000664    3.730589 v _632_/B2 (sky130_fd_sc_hd__o2bb2ai_4)
     2    0.021303    0.288797    0.316988    4.047577 ^ _632_/Y (sky130_fd_sc_hd__o2bb2ai_4)
                                                         _337_ (net)
                      0.288829    0.002522    4.050098 ^ _636_/A2 (sky130_fd_sc_hd__a21oi_4)
     2    0.017450    0.131289    0.229578    4.279677 v _636_/Y (sky130_fd_sc_hd__a21oi_4)
                                                         _339_ (net)
                      0.131292    0.001297    4.280974 v _638_/A2 (sky130_fd_sc_hd__o21ai_4)
     1    0.010135    0.203505    0.264610    4.545584 ^ _638_/Y (sky130_fd_sc_hd__o21ai_4)
                                                         _340_ (net)
                      0.203506    0.000824    4.546407 ^ _639_/A (sky130_fd_sc_hd__xor2_2)
     1    0.008981    0.239334    0.339934    4.886342 ^ _639_/X (sky130_fd_sc_hd__xor2_2)
                                                         net68 (net)
                      0.239339    0.000687    4.887029 ^ output68/A (sky130_fd_sc_hd__buf_6)
     1    0.035876    0.127835    0.315767    5.202796 ^ output68/X (sky130_fd_sc_hd__buf_6)
                                                         S[11] (net)
                      0.127868    0.002086    5.204883 ^ S[11] (out)
                                              5.204883   data arrival time

                      0.000000    4.000000    4.000000   clock __VIRTUAL_CLK__ (rise edge)
                                  0.000000    4.000000   clock network delay (ideal)
                                 -0.250000    3.750000   clock uncertainty
                                  0.000000    3.750000   clock reconvergence pessimism
                                 -0.800000    2.950000   output external delay
                                              2.950000   data required time
---------------------------------------------------------------------------------------------
                                              2.950000   data required time
                                             -5.204883   data arrival time
---------------------------------------------------------------------------------------------
                                             -2.254883   slack (VIOLATED)


Startpoint: sub (input port clocked by __VIRTUAL_CLK__)
Endpoint: S[12] (output port clocked by __VIRTUAL_CLK__)
Path Group: __VIRTUAL_CLK__
Path Type: max

Fanout         Cap        Slew       Delay        Time   Description
---------------------------------------------------------------------------------------------
                      0.000000    0.000000    0.000000   clock __VIRTUAL_CLK__ (rise edge)
                                  0.000000    0.000000   clock network delay (ideal)
                                  0.800000    0.800000 ^ input external delay
     1    0.008432    0.070452    0.046987    0.846987 ^ sub (in)
                                                         sub (net)
                      0.070455    0.000000    0.846987 ^ input65/A (sky130_fd_sc_hd__buf_8)
     5    0.043975    0.127626    0.231546    1.078534 ^ input65/X (sky130_fd_sc_hd__buf_8)
                                                         net65 (net)
                      0.127913    0.004587    1.083121 ^ fanout106/A (sky130_fd_sc_hd__buf_4)
     7    0.037663    0.178891    0.332207    1.415328 ^ fanout106/X (sky130_fd_sc_hd__buf_4)
                                                         net106 (net)
                      0.178923    0.002509    1.417837 ^ fanout104/A (sky130_fd_sc_hd__clkbuf_2)
     4    0.024452    0.215340    0.363993    1.781830 ^ fanout104/X (sky130_fd_sc_hd__clkbuf_2)
                                                         net104 (net)
                      0.215352    0.001927    1.783758 ^ load_slew105/A (sky130_fd_sc_hd__buf_6)
     7    0.048991    0.166893    0.334212    2.117970 ^ load_slew105/X (sky130_fd_sc_hd__buf_6)
                                                         net105 (net)
                      0.167216    0.005462    2.123432 ^ _726_/B (sky130_fd_sc_hd__nand2b_4)
     1    0.005384    0.067597    0.134182    2.257614 v _726_/Y (sky130_fd_sc_hd__nand2b_4)
                                                         _073_ (net)
                      0.067597    0.000412    2.258026 v _729_/B (sky130_fd_sc_hd__nand3b_2)
     5    0.030033    0.306676    0.281166    2.539192 ^ _729_/Y (sky130_fd_sc_hd__nand3b_2)
                                                         _076_ (net)
                      0.306703    0.002431    2.541623 ^ _360_/D1 (sky130_fd_sc_hd__o2111ai_4)
     2    0.020728    0.308642    0.395417    2.937040 v _360_/Y (sky130_fd_sc_hd__o2111ai_4)
                                                         _089_ (net)
                      0.308645    0.001685    2.938725 v _377_/B (sky130_fd_sc_hd__nor2_4)
     3    0.025830    0.301834    0.386946    3.325671 ^ _377_/Y (sky130_fd_sc_hd__nor2_4)
                                                         _106_ (net)
                      0.301951    0.001572    3.327244 ^ _410_/B (sky130_fd_sc_hd__nand4_4)
     3    0.016939    0.235954    0.343717    3.670960 v _410_/Y (sky130_fd_sc_hd__nand4_4)
                                                         _139_ (net)
                      0.235957    0.001592    3.672552 v rebuffer258/A (sky130_fd_sc_hd__buf_2)
     1    0.004858    0.052394    0.331231    4.003783 v rebuffer258/X (sky130_fd_sc_hd__buf_2)
                                                         net258 (net)
                      0.052394    0.000247    4.004030 v rebuffer146/A (sky130_fd_sc_hd__buf_6)
     1    0.008795    0.042281    0.208424    4.212454 v rebuffer146/X (sky130_fd_sc_hd__buf_6)
                                                         net146 (net)
                      0.042281    0.000708    4.213161 v _640_/A (sky130_fd_sc_hd__nand4_4)
     3    0.014994    0.148538    0.119428    4.332589 ^ _640_/Y (sky130_fd_sc_hd__nand4_4)
                                                         _341_ (net)
                      0.148539    0.000866    4.333456 ^ rebuffer257/A (sky130_fd_sc_hd__buf_4)
     2    0.017074    0.097017    0.274911    4.608366 ^ rebuffer257/X (sky130_fd_sc_hd__buf_4)
                                                         net257 (net)
                      0.097023    0.000915    4.609282 ^ _642_/A (sky130_fd_sc_hd__xor2_2)
     1    0.005816    0.188044    0.249873    4.859155 ^ _642_/X (sky130_fd_sc_hd__xor2_2)
                                                         net69 (net)
                      0.188044    0.000472    4.859627 ^ output69/A (sky130_fd_sc_hd__buf_6)
     1    0.035976    0.127838    0.293326    5.152953 ^ output69/X (sky130_fd_sc_hd__buf_6)
                                                         S[12] (net)
                      0.127867    0.001999    5.154952 ^ S[12] (out)
                                              5.154952   data arrival time

                      0.000000    4.000000    4.000000   clock __VIRTUAL_CLK__ (rise edge)
                                  0.000000    4.000000   clock network delay (ideal)
                                 -0.250000    3.750000   clock uncertainty
                                  0.000000    3.750000   clock reconvergence pessimism
                                 -0.800000    2.950000   output external delay
                                              2.950000   data required time
---------------------------------------------------------------------------------------------
                                              2.950000   data required time
                                             -5.154952   data arrival time
---------------------------------------------------------------------------------------------
                                             -2.204952   slack (VIOLATED)


Startpoint: sub (input port clocked by __VIRTUAL_CLK__)
Endpoint: S[9] (output port clocked by __VIRTUAL_CLK__)
Path Group: __VIRTUAL_CLK__
Path Type: max

Fanout         Cap        Slew       Delay        Time   Description
---------------------------------------------------------------------------------------------
                      0.000000    0.000000    0.000000   clock __VIRTUAL_CLK__ (rise edge)
                                  0.000000    0.000000   clock network delay (ideal)
                                  0.800000    0.800000 ^ input external delay
     1    0.008432    0.070452    0.046987    0.846987 ^ sub (in)
                                                         sub (net)
                      0.070455    0.000000    0.846987 ^ input65/A (sky130_fd_sc_hd__buf_8)
     5    0.043975    0.127626    0.231546    1.078534 ^ input65/X (sky130_fd_sc_hd__buf_8)
                                                         net65 (net)
                      0.127913    0.004587    1.083121 ^ fanout106/A (sky130_fd_sc_hd__buf_4)
     7    0.037663    0.178891    0.332207    1.415328 ^ fanout106/X (sky130_fd_sc_hd__buf_4)
                                                         net106 (net)
                      0.178923    0.002509    1.417837 ^ fanout104/A (sky130_fd_sc_hd__clkbuf_2)
     4    0.024452    0.215340    0.363993    1.781830 ^ fanout104/X (sky130_fd_sc_hd__clkbuf_2)
                                                         net104 (net)
                      0.215352    0.001927    1.783758 ^ load_slew105/A (sky130_fd_sc_hd__buf_6)
     7    0.048991    0.166893    0.334212    2.117970 ^ load_slew105/X (sky130_fd_sc_hd__buf_6)
                                                         net105 (net)
                      0.167216    0.005462    2.123432 ^ _726_/B (sky130_fd_sc_hd__nand2b_4)
     1    0.005384    0.067597    0.134182    2.257614 v _726_/Y (sky130_fd_sc_hd__nand2b_4)
                                                         _073_ (net)
                      0.067597    0.000412    2.258026 v _729_/B (sky130_fd_sc_hd__nand3b_2)
     5    0.030033    0.306676    0.281166    2.539192 ^ _729_/Y (sky130_fd_sc_hd__nand3b_2)
                                                         _076_ (net)
                      0.306703    0.002431    2.541623 ^ _360_/D1 (sky130_fd_sc_hd__o2111ai_4)
     2    0.020728    0.308642    0.395417    2.937040 v _360_/Y (sky130_fd_sc_hd__o2111ai_4)
                                                         _089_ (net)
                      0.308643    0.000982    2.938023 v rebuffer261/A (sky130_fd_sc_hd__buf_6)
     2    0.006397    0.039599    0.329945    3.267968 v rebuffer261/X (sky130_fd_sc_hd__buf_6)
                                                         net261 (net)
                      0.039925    0.000428    3.268396 v _378_/B (sky130_fd_sc_hd__or2_4)
     1    0.008318    0.091324    0.461529    3.729925 v _378_/X (sky130_fd_sc_hd__or2_4)
                                                         _107_ (net)
                      0.091324    0.000664    3.730589 v _632_/B2 (sky130_fd_sc_hd__o2bb2ai_4)
     2    0.021303    0.288797    0.316988    4.047577 ^ _632_/Y (sky130_fd_sc_hd__o2bb2ai_4)
                                                         _337_ (net)
                      0.288817    0.002063    4.049640 ^ rebuffer260/A (sky130_fd_sc_hd__buf_6)
     2    0.008749    0.054083    0.267088    4.316728 ^ rebuffer260/X (sky130_fd_sc_hd__buf_6)
                                                         net260 (net)
                      0.054083    0.000627    4.317356 ^ _634_/B1 (sky130_fd_sc_hd__a22o_4)
     1    0.009551    0.077686    0.228585    4.545941 ^ _634_/X (sky130_fd_sc_hd__a22o_4)
                                                         _338_ (net)
                      0.077688    0.000773    4.546714 ^ _635_/B (sky130_fd_sc_hd__xnor2_2)
     1    0.005571    0.200808    0.211133    4.757847 ^ _635_/Y (sky130_fd_sc_hd__xnor2_2)
                                                         net97 (net)
                      0.200808    0.000455    4.758302 ^ output97/A (sky130_fd_sc_hd__buf_6)
     1    0.034645    0.123983    0.296499    5.054801 ^ output97/X (sky130_fd_sc_hd__buf_6)
                                                         S[9] (net)
                      0.124008    0.001832    5.056633 ^ S[9] (out)
                                              5.056633   data arrival time

                      0.000000    4.000000    4.000000   clock __VIRTUAL_CLK__ (rise edge)
                                  0.000000    4.000000   clock network delay (ideal)
                                 -0.250000    3.750000   clock uncertainty
                                  0.000000    3.750000   clock reconvergence pessimism
                                 -0.800000    2.950000   output external delay
                                              2.950000   data required time
---------------------------------------------------------------------------------------------
                                              2.950000   data required time
                                             -5.056633   data arrival time
---------------------------------------------------------------------------------------------
                                             -2.106633   slack (VIOLATED)


Startpoint: sub (input port clocked by __VIRTUAL_CLK__)
Endpoint: S[8] (output port clocked by __VIRTUAL_CLK__)
Path Group: __VIRTUAL_CLK__
Path Type: max

Fanout         Cap        Slew       Delay        Time   Description
---------------------------------------------------------------------------------------------
                      0.000000    0.000000    0.000000   clock __VIRTUAL_CLK__ (rise edge)
                                  0.000000    0.000000   clock network delay (ideal)
                                  0.800000    0.800000 ^ input external delay
     1    0.008432    0.070452    0.046987    0.846987 ^ sub (in)
                                                         sub (net)
                      0.070455    0.000000    0.846987 ^ input65/A (sky130_fd_sc_hd__buf_8)
     5    0.043975    0.127626    0.231546    1.078534 ^ input65/X (sky130_fd_sc_hd__buf_8)
                                                         net65 (net)
                      0.127913    0.004587    1.083121 ^ fanout106/A (sky130_fd_sc_hd__buf_4)
     7    0.037663    0.178891    0.332207    1.415328 ^ fanout106/X (sky130_fd_sc_hd__buf_4)
                                                         net106 (net)
                      0.178923    0.002509    1.417837 ^ fanout104/A (sky130_fd_sc_hd__clkbuf_2)
     4    0.024452    0.215340    0.363993    1.781830 ^ fanout104/X (sky130_fd_sc_hd__clkbuf_2)
                                                         net104 (net)
                      0.215352    0.001927    1.783758 ^ load_slew105/A (sky130_fd_sc_hd__buf_6)
     7    0.048991    0.166893    0.334212    2.117970 ^ load_slew105/X (sky130_fd_sc_hd__buf_6)
                                                         net105 (net)
                      0.167216    0.005462    2.123432 ^ _726_/B (sky130_fd_sc_hd__nand2b_4)
     1    0.005384    0.067597    0.134182    2.257614 v _726_/Y (sky130_fd_sc_hd__nand2b_4)
                                                         _073_ (net)
                      0.067597    0.000412    2.258026 v _729_/B (sky130_fd_sc_hd__nand3b_2)
     5    0.030033    0.306676    0.281166    2.539192 ^ _729_/Y (sky130_fd_sc_hd__nand3b_2)
                                                         _076_ (net)
                      0.306703    0.002431    2.541623 ^ _360_/D1 (sky130_fd_sc_hd__o2111ai_4)
     2    0.020728    0.308642    0.395417    2.937040 v _360_/Y (sky130_fd_sc_hd__o2111ai_4)
                                                         _089_ (net)
                      0.308643    0.000982    2.938023 v rebuffer261/A (sky130_fd_sc_hd__buf_6)
     2    0.006397    0.039599    0.329945    3.267968 v rebuffer261/X (sky130_fd_sc_hd__buf_6)
                                                         net261 (net)
                      0.039925    0.000428    3.268396 v _378_/B (sky130_fd_sc_hd__or2_4)
     1    0.008318    0.091324    0.461529    3.729925 v _378_/X (sky130_fd_sc_hd__or2_4)
                                                         _107_ (net)
                      0.091324    0.000664    3.730589 v _632_/B2 (sky130_fd_sc_hd__o2bb2ai_4)
     2    0.021303    0.288797    0.316988    4.047577 ^ _632_/Y (sky130_fd_sc_hd__o2bb2ai_4)
                                                         _337_ (net)
                      0.288817    0.002063    4.049640 ^ rebuffer260/A (sky130_fd_sc_hd__buf_6)
     2    0.008749    0.054083    0.267088    4.316728 ^ rebuffer260/X (sky130_fd_sc_hd__buf_6)
                                                         net260 (net)
                      0.054083    0.000505    4.317233 ^ rebuffer167/A (sky130_fd_sc_hd__buf_4)
     1    0.009957    0.068937    0.203234    4.520467 ^ rebuffer167/X (sky130_fd_sc_hd__buf_4)
                                                         net167 (net)
                      0.068947    0.000823    4.521291 ^ _633_/B (sky130_fd_sc_hd__xnor2_2)
     1    0.005553    0.200550    0.207557    4.728848 ^ _633_/Y (sky130_fd_sc_hd__xnor2_2)
                                                         net96 (net)
                      0.200550    0.000441    4.729289 ^ output96/A (sky130_fd_sc_hd__buf_6)
     1    0.034707    0.124164    0.296507    5.025796 ^ output96/X (sky130_fd_sc_hd__buf_6)
                                                         S[8] (net)
                      0.124190    0.001851    5.027647 ^ S[8] (out)
                                              5.027647   data arrival time

                      0.000000    4.000000    4.000000   clock __VIRTUAL_CLK__ (rise edge)
                                  0.000000    4.000000   clock network delay (ideal)
                                 -0.250000    3.750000   clock uncertainty
                                  0.000000    3.750000   clock reconvergence pessimism
                                 -0.800000    2.950000   output external delay
                                              2.950000   data required time
---------------------------------------------------------------------------------------------
                                              2.950000   data required time
                                             -5.027647   data arrival time
---------------------------------------------------------------------------------------------
                                             -2.077646   slack (VIOLATED)


Startpoint: sub (input port clocked by __VIRTUAL_CLK__)
Endpoint: S[6] (output port clocked by __VIRTUAL_CLK__)
Path Group: __VIRTUAL_CLK__
Path Type: max

Fanout         Cap        Slew       Delay        Time   Description
---------------------------------------------------------------------------------------------
                      0.000000    0.000000    0.000000   clock __VIRTUAL_CLK__ (rise edge)
                                  0.000000    0.000000   clock network delay (ideal)
                                  0.800000    0.800000 v input external delay
     1    0.007831    0.038532    0.026147    0.826147 v sub (in)
                                                         sub (net)
                      0.038537    0.000000    0.826147 v input65/A (sky130_fd_sc_hd__buf_8)
     5    0.042648    0.079076    0.243965    1.070112 v input65/X (sky130_fd_sc_hd__buf_8)
                                                         net65 (net)
                      0.079378    0.004428    1.074540 v fanout106/A (sky130_fd_sc_hd__buf_4)
     7    0.036034    0.106469    0.326863    1.401403 v fanout106/X (sky130_fd_sc_hd__buf_4)
                                                         net106 (net)
                      0.106522    0.002309    1.403712 v fanout100/A (sky130_fd_sc_hd__buf_4)
     5    0.026932    0.089245    0.324340    1.728052 v fanout100/X (sky130_fd_sc_hd__buf_4)
                                                         net100 (net)
                      0.089289    0.001872    1.729924 v load_slew101/A (sky130_fd_sc_hd__buf_6)
     6    0.038895    0.082207    0.273048    2.002971 v load_slew101/X (sky130_fd_sc_hd__buf_6)
                                                         net101 (net)
                      0.082241    0.001771    2.004742 v _387_/A (sky130_fd_sc_hd__and2_4)
     1    0.006363    0.056023    0.268357    2.273100 v _387_/X (sky130_fd_sc_hd__and2_4)
                                                         _116_ (net)
                      0.056023    0.000499    2.273599 v _391_/A1 (sky130_fd_sc_hd__o21bai_2)
     1    0.005387    0.181087    0.240343    2.513942 ^ _391_/Y (sky130_fd_sc_hd__o21bai_2)
                                                         _120_ (net)
                      0.181088    0.000414    2.514356 ^ _392_/C1 (sky130_fd_sc_hd__o211ai_2)
     1    0.009867    0.229709    0.262293    2.776649 v _392_/Y (sky130_fd_sc_hd__o211ai_2)
                                                         _121_ (net)
                      0.229709    0.000798    2.777447 v _393_/A (sky130_fd_sc_hd__nor2_4)
     3    0.022250    0.259738    0.368239    3.145686 ^ _393_/Y (sky130_fd_sc_hd__nor2_4)
                                                         _122_ (net)
                      0.259762    0.002122    3.147808 ^ rebuffer280/A (sky130_fd_sc_hd__buf_6)
     1    0.010105    0.056901    0.260074    3.407883 ^ rebuffer280/X (sky130_fd_sc_hd__buf_6)
                                                         net280 (net)
                      0.056901    0.000813    3.408696 ^ _624_/A2 (sky130_fd_sc_hd__a21oi_4)
     3    0.017746    0.121153    0.143145    3.551841 v _624_/Y (sky130_fd_sc_hd__a21oi_4)
                                                         _333_ (net)
                      0.121158    0.001525    3.553367 v _626_/B2 (sky130_fd_sc_hd__o22a_2)
     3    0.019715    0.155580    0.505780    4.059146 v _626_/X (sky130_fd_sc_hd__o22a_2)
                                                         _334_ (net)
                      0.155585    0.001082    4.060229 v _628_/B1 (sky130_fd_sc_hd__a22oi_2)
     1    0.009194    0.290383    0.310898    4.371126 ^ _628_/Y (sky130_fd_sc_hd__a22oi_2)
                                                         _335_ (net)
                      0.290384    0.000751    4.371877 ^ _629_/B (sky130_fd_sc_hd__xnor2_2)
     1    0.005114    0.193103    0.290417    4.662294 ^ _629_/Y (sky130_fd_sc_hd__xnor2_2)
                                                         net94 (net)
                      0.193104    0.000405    4.662698 ^ output94/A (sky130_fd_sc_hd__buf_6)
     1    0.035291    0.125843    0.294143    4.956842 ^ output94/X (sky130_fd_sc_hd__buf_6)
                                                         S[6] (net)
                      0.125876    0.002067    4.958909 ^ S[6] (out)
                                              4.958909   data arrival time

                      0.000000    4.000000    4.000000   clock __VIRTUAL_CLK__ (rise edge)
                                  0.000000    4.000000   clock network delay (ideal)
                                 -0.250000    3.750000   clock uncertainty
                                  0.000000    3.750000   clock reconvergence pessimism
                                 -0.800000    2.950000   output external delay
                                              2.950000   data required time
---------------------------------------------------------------------------------------------
                                              2.950000   data required time
                                             -4.958909   data arrival time
---------------------------------------------------------------------------------------------
                                             -2.008909   slack (VIOLATED)


Startpoint: sub (input port clocked by __VIRTUAL_CLK__)
Endpoint: S[10] (output port clocked by __VIRTUAL_CLK__)
Path Group: __VIRTUAL_CLK__
Path Type: max

Fanout         Cap        Slew       Delay        Time   Description
---------------------------------------------------------------------------------------------
                      0.000000    0.000000    0.000000   clock __VIRTUAL_CLK__ (rise edge)
                                  0.000000    0.000000   clock network delay (ideal)
                                  0.800000    0.800000 ^ input external delay
     1    0.008432    0.070452    0.046987    0.846987 ^ sub (in)
                                                         sub (net)
                      0.070455    0.000000    0.846987 ^ input65/A (sky130_fd_sc_hd__buf_8)
     5    0.043975    0.127626    0.231546    1.078534 ^ input65/X (sky130_fd_sc_hd__buf_8)
                                                         net65 (net)
                      0.127913    0.004587    1.083121 ^ fanout106/A (sky130_fd_sc_hd__buf_4)
     7    0.037663    0.178891    0.332207    1.415328 ^ fanout106/X (sky130_fd_sc_hd__buf_4)
                                                         net106 (net)
                      0.178923    0.002509    1.417837 ^ fanout104/A (sky130_fd_sc_hd__clkbuf_2)
     4    0.024452    0.215340    0.363993    1.781830 ^ fanout104/X (sky130_fd_sc_hd__clkbuf_2)
                                                         net104 (net)
                      0.215352    0.001927    1.783758 ^ load_slew105/A (sky130_fd_sc_hd__buf_6)
     7    0.048991    0.166893    0.334212    2.117970 ^ load_slew105/X (sky130_fd_sc_hd__buf_6)
                                                         net105 (net)
                      0.167216    0.005462    2.123432 ^ _726_/B (sky130_fd_sc_hd__nand2b_4)
     1    0.005384    0.067597    0.134182    2.257614 v _726_/Y (sky130_fd_sc_hd__nand2b_4)
                                                         _073_ (net)
                      0.067597    0.000412    2.258026 v _729_/B (sky130_fd_sc_hd__nand3b_2)
     5    0.030033    0.306676    0.281166    2.539192 ^ _729_/Y (sky130_fd_sc_hd__nand3b_2)
                                                         _076_ (net)
                      0.306703    0.002431    2.541623 ^ _360_/D1 (sky130_fd_sc_hd__o2111ai_4)
     2    0.020728    0.308642    0.395417    2.937040 v _360_/Y (sky130_fd_sc_hd__o2111ai_4)
                                                         _089_ (net)
                      0.308643    0.000982    2.938023 v rebuffer261/A (sky130_fd_sc_hd__buf_6)
     2    0.006397    0.039599    0.329945    3.267968 v rebuffer261/X (sky130_fd_sc_hd__buf_6)
                                                         net261 (net)
                      0.039925    0.000428    3.268396 v _378_/B (sky130_fd_sc_hd__or2_4)
     1    0.008318    0.091324    0.461529    3.729925 v _378_/X (sky130_fd_sc_hd__or2_4)
                                                         _107_ (net)
                      0.091324    0.000664    3.730589 v _632_/B2 (sky130_fd_sc_hd__o2bb2ai_4)
     2    0.021303    0.288797    0.316988    4.047577 ^ _632_/Y (sky130_fd_sc_hd__o2bb2ai_4)
                                                         _337_ (net)
                      0.288829    0.002522    4.050098 ^ _636_/A2 (sky130_fd_sc_hd__a21oi_4)
     2    0.017450    0.131289    0.229578    4.279677 v _636_/Y (sky130_fd_sc_hd__a21oi_4)
                                                         _339_ (net)
                      0.131291    0.001043    4.280720 v _637_/B (sky130_fd_sc_hd__xor2_2)
     1    0.006460    0.117822    0.310247    4.590967 v _637_/X (sky130_fd_sc_hd__xor2_2)
                                                         net67 (net)
                      0.117822    0.000506    4.591473 v output67/A (sky130_fd_sc_hd__buf_6)
     1    0.035202    0.077145    0.283853    4.875325 v output67/X (sky130_fd_sc_hd__buf_6)
                                                         S[10] (net)
                      0.077207    0.002017    4.877342 v S[10] (out)
                                              4.877342   data arrival time

                      0.000000    4.000000    4.000000   clock __VIRTUAL_CLK__ (rise edge)
                                  0.000000    4.000000   clock network delay (ideal)
                                 -0.250000    3.750000   clock uncertainty
                                  0.000000    3.750000   clock reconvergence pessimism
                                 -0.800000    2.950000   output external delay
                                              2.950000   data required time
---------------------------------------------------------------------------------------------
                                              2.950000   data required time
                                             -4.877342   data arrival time
---------------------------------------------------------------------------------------------
                                             -1.927342   slack (VIOLATED)


Startpoint: sub (input port clocked by __VIRTUAL_CLK__)
Endpoint: S[5] (output port clocked by __VIRTUAL_CLK__)
Path Group: __VIRTUAL_CLK__
Path Type: max

Fanout         Cap        Slew       Delay        Time   Description
---------------------------------------------------------------------------------------------
                      0.000000    0.000000    0.000000   clock __VIRTUAL_CLK__ (rise edge)
                                  0.000000    0.000000   clock network delay (ideal)
                                  0.800000    0.800000 v input external delay
     1    0.007831    0.038532    0.026147    0.826147 v sub (in)
                                                         sub (net)
                      0.038537    0.000000    0.826147 v input65/A (sky130_fd_sc_hd__buf_8)
     5    0.042648    0.079076    0.243965    1.070112 v input65/X (sky130_fd_sc_hd__buf_8)
                                                         net65 (net)
                      0.079378    0.004428    1.074540 v fanout106/A (sky130_fd_sc_hd__buf_4)
     7    0.036034    0.106469    0.326863    1.401403 v fanout106/X (sky130_fd_sc_hd__buf_4)
                                                         net106 (net)
                      0.106522    0.002309    1.403712 v fanout100/A (sky130_fd_sc_hd__buf_4)
     5    0.026932    0.089245    0.324340    1.728052 v fanout100/X (sky130_fd_sc_hd__buf_4)
                                                         net100 (net)
                      0.089289    0.001872    1.729924 v load_slew101/A (sky130_fd_sc_hd__buf_6)
     6    0.038895    0.082207    0.273048    2.002971 v load_slew101/X (sky130_fd_sc_hd__buf_6)
                                                         net101 (net)
                      0.082241    0.001771    2.004742 v _387_/A (sky130_fd_sc_hd__and2_4)
     1    0.006363    0.056023    0.268357    2.273100 v _387_/X (sky130_fd_sc_hd__and2_4)
                                                         _116_ (net)
                      0.056023    0.000499    2.273599 v _391_/A1 (sky130_fd_sc_hd__o21bai_2)
     1    0.005387    0.181087    0.240343    2.513942 ^ _391_/Y (sky130_fd_sc_hd__o21bai_2)
                                                         _120_ (net)
                      0.181088    0.000414    2.514356 ^ _392_/C1 (sky130_fd_sc_hd__o211ai_2)
     1    0.009867    0.229709    0.262293    2.776649 v _392_/Y (sky130_fd_sc_hd__o211ai_2)
                                                         _121_ (net)
                      0.229709    0.000798    2.777447 v _393_/A (sky130_fd_sc_hd__nor2_4)
     3    0.022250    0.259738    0.368239    3.145686 ^ _393_/Y (sky130_fd_sc_hd__nor2_4)
                                                         _122_ (net)
                      0.259762    0.002122    3.147808 ^ rebuffer280/A (sky130_fd_sc_hd__buf_6)
     1    0.010105    0.056901    0.260074    3.407883 ^ rebuffer280/X (sky130_fd_sc_hd__buf_6)
                                                         net280 (net)
                      0.056901    0.000813    3.408696 ^ _624_/A2 (sky130_fd_sc_hd__a21oi_4)
     3    0.017746    0.121153    0.143145    3.551841 v _624_/Y (sky130_fd_sc_hd__a21oi_4)
                                                         _333_ (net)
                      0.121158    0.001525    3.553367 v _626_/B2 (sky130_fd_sc_hd__o22a_2)
     3    0.019715    0.155580    0.505780    4.059146 v _626_/X (sky130_fd_sc_hd__o22a_2)
                                                         _334_ (net)
                      0.155582    0.000894    4.060040 v _627_/B (sky130_fd_sc_hd__xnor2_2)
     1    0.003479    0.096893    0.276690    4.336730 v _627_/Y (sky130_fd_sc_hd__xnor2_2)
                                                         net93 (net)
                      0.096893    0.000235    4.336965 v output93/A (sky130_fd_sc_hd__clkbuf_4)
     1    0.036632    0.146332    0.360102    4.697067 v output93/X (sky130_fd_sc_hd__clkbuf_4)
                                                         S[5] (net)
                      0.146368    0.002343    4.699410 v S[5] (out)
                                              4.699410   data arrival time

                      0.000000    4.000000    4.000000   clock __VIRTUAL_CLK__ (rise edge)
                                  0.000000    4.000000   clock network delay (ideal)
                                 -0.250000    3.750000   clock uncertainty
                                  0.000000    3.750000   clock reconvergence pessimism
                                 -0.800000    2.950000   output external delay
                                              2.950000   data required time
---------------------------------------------------------------------------------------------
                                              2.950000   data required time
                                             -4.699410   data arrival time
---------------------------------------------------------------------------------------------
                                             -1.749410   slack (VIOLATED)


Startpoint: sub (input port clocked by __VIRTUAL_CLK__)
Endpoint: S[3] (output port clocked by __VIRTUAL_CLK__)
Path Group: __VIRTUAL_CLK__
Path Type: max

Fanout         Cap        Slew       Delay        Time   Description
---------------------------------------------------------------------------------------------
                      0.000000    0.000000    0.000000   clock __VIRTUAL_CLK__ (rise edge)
                                  0.000000    0.000000   clock network delay (ideal)
                                  0.800000    0.800000 ^ input external delay
     1    0.008432    0.070452    0.046987    0.846987 ^ sub (in)
                                                         sub (net)
                      0.070455    0.000000    0.846987 ^ input65/A (sky130_fd_sc_hd__buf_8)
     5    0.043975    0.127626    0.231546    1.078534 ^ input65/X (sky130_fd_sc_hd__buf_8)
                                                         net65 (net)
                      0.127913    0.004587    1.083121 ^ fanout106/A (sky130_fd_sc_hd__buf_4)
     7    0.037663    0.178891    0.332207    1.415328 ^ fanout106/X (sky130_fd_sc_hd__buf_4)
                                                         net106 (net)
                      0.178921    0.002424    1.417752 ^ fanout100/A (sky130_fd_sc_hd__buf_4)
     5    0.028511    0.141347    0.328750    1.746501 ^ fanout100/X (sky130_fd_sc_hd__buf_4)
                                                         net100 (net)
                      0.141372    0.001986    1.748488 ^ load_slew101/A (sky130_fd_sc_hd__buf_6)
     6    0.041190    0.142916    0.281791    2.030279 ^ load_slew101/X (sky130_fd_sc_hd__buf_6)
                                                         net101 (net)
                      0.142936    0.001873    2.032152 ^ _387_/A (sky130_fd_sc_hd__and2_4)
     1    0.006736    0.086247    0.324429    2.356582 ^ _387_/X (sky130_fd_sc_hd__and2_4)
                                                         _116_ (net)
                      0.086247    0.000534    2.357116 ^ _391_/A1 (sky130_fd_sc_hd__o21bai_2)
     1    0.005208    0.111450    0.164844    2.521960 v _391_/Y (sky130_fd_sc_hd__o21bai_2)
                                                         _120_ (net)
                      0.111450    0.000399    2.522359 v _392_/C1 (sky130_fd_sc_hd__o211ai_2)
     1    0.010560    0.306571    0.158351    2.680710 ^ _392_/Y (sky130_fd_sc_hd__o211ai_2)
                                                         _121_ (net)
                      0.306571    0.000859    2.681569 ^ _393_/A (sky130_fd_sc_hd__nor2_4)
     3    0.021456    0.097454    0.192623    2.874192 v _393_/Y (sky130_fd_sc_hd__nor2_4)
                                                         _122_ (net)
                      0.097459    0.001343    2.875535 v rebuffer297/A (sky130_fd_sc_hd__buf_2)
     1    0.005556    0.055693    0.266039    3.141573 v rebuffer297/X (sky130_fd_sc_hd__buf_2)
                                                         net297 (net)
                      0.055693    0.000454    3.142027 v rebuffer128/A (sky130_fd_sc_hd__buf_6)
     2    0.007871    0.041117    0.208435    3.350462 v rebuffer128/X (sky130_fd_sc_hd__buf_6)
                                                         net128 (net)
                      0.041117    0.000520    3.350983 v _619_/C1 (sky130_fd_sc_hd__a211o_2)
     2    0.011842    0.127477    0.591790    3.942772 v _619_/X (sky130_fd_sc_hd__a211o_2)
                                                         _330_ (net)
                      0.127480    0.000837    3.943609 v _621_/A2 (sky130_fd_sc_hd__a21oi_2)
     1    0.001880    0.114778    0.227984    4.171593 ^ _621_/Y (sky130_fd_sc_hd__a21oi_2)
                                                         _331_ (net)
                      0.114778    0.000127    4.171720 ^ _623_/A_N (sky130_fd_sc_hd__nand2b_2)
     1    0.007979    0.099156    0.243313    4.415033 ^ _623_/Y (sky130_fd_sc_hd__nand2b_2)
                                                         net91 (net)
                      0.099157    0.000705    4.415738 ^ output91/A (sky130_fd_sc_hd__buf_6)
     1    0.035281    0.125516    0.249291    4.665029 ^ output91/X (sky130_fd_sc_hd__buf_6)
                                                         S[3] (net)
                      0.125548    0.002037    4.667066 ^ S[3] (out)
                                              4.667066   data arrival time

                      0.000000    4.000000    4.000000   clock __VIRTUAL_CLK__ (rise edge)
                                  0.000000    4.000000   clock network delay (ideal)
                                 -0.250000    3.750000   clock uncertainty
                                  0.000000    3.750000   clock reconvergence pessimism
                                 -0.800000    2.950000   output external delay
                                              2.950000   data required time
---------------------------------------------------------------------------------------------
                                              2.950000   data required time
                                             -4.667066   data arrival time
---------------------------------------------------------------------------------------------
                                             -1.717066   slack (VIOLATED)


Startpoint: sub (input port clocked by __VIRTUAL_CLK__)
Endpoint: S[2] (output port clocked by __VIRTUAL_CLK__)
Path Group: __VIRTUAL_CLK__
Path Type: max

Fanout         Cap        Slew       Delay        Time   Description
---------------------------------------------------------------------------------------------
                      0.000000    0.000000    0.000000   clock __VIRTUAL_CLK__ (rise edge)
                                  0.000000    0.000000   clock network delay (ideal)
                                  0.800000    0.800000 ^ input external delay
     1    0.008432    0.070452    0.046987    0.846987 ^ sub (in)
                                                         sub (net)
                      0.070455    0.000000    0.846987 ^ input65/A (sky130_fd_sc_hd__buf_8)
     5    0.043975    0.127626    0.231546    1.078534 ^ input65/X (sky130_fd_sc_hd__buf_8)
                                                         net65 (net)
                      0.127913    0.004587    1.083121 ^ fanout106/A (sky130_fd_sc_hd__buf_4)
     7    0.037663    0.178891    0.332207    1.415328 ^ fanout106/X (sky130_fd_sc_hd__buf_4)
                                                         net106 (net)
                      0.178921    0.002424    1.417752 ^ fanout100/A (sky130_fd_sc_hd__buf_4)
     5    0.028511    0.141347    0.328750    1.746501 ^ fanout100/X (sky130_fd_sc_hd__buf_4)
                                                         net100 (net)
                      0.141372    0.001986    1.748488 ^ load_slew101/A (sky130_fd_sc_hd__buf_6)
     6    0.041190    0.142916    0.281791    2.030279 ^ load_slew101/X (sky130_fd_sc_hd__buf_6)
                                                         net101 (net)
                      0.142936    0.001873    2.032152 ^ _387_/A (sky130_fd_sc_hd__and2_4)
     1    0.006736    0.086247    0.324429    2.356582 ^ _387_/X (sky130_fd_sc_hd__and2_4)
                                                         _116_ (net)
                      0.086247    0.000534    2.357116 ^ _391_/A1 (sky130_fd_sc_hd__o21bai_2)
     1    0.005208    0.111450    0.164844    2.521960 v _391_/Y (sky130_fd_sc_hd__o21bai_2)
                                                         _120_ (net)
                      0.111450    0.000399    2.522359 v _392_/C1 (sky130_fd_sc_hd__o211ai_2)
     1    0.010560    0.306571    0.158351    2.680710 ^ _392_/Y (sky130_fd_sc_hd__o211ai_2)
                                                         _121_ (net)
                      0.306571    0.000859    2.681569 ^ _393_/A (sky130_fd_sc_hd__nor2_4)
     3    0.021456    0.097454    0.192623    2.874192 v _393_/Y (sky130_fd_sc_hd__nor2_4)
                                                         _122_ (net)
                      0.097459    0.001343    2.875535 v rebuffer297/A (sky130_fd_sc_hd__buf_2)
     1    0.005556    0.055693    0.266039    3.141573 v rebuffer297/X (sky130_fd_sc_hd__buf_2)
                                                         net297 (net)
                      0.055693    0.000454    3.142027 v rebuffer128/A (sky130_fd_sc_hd__buf_6)
     2    0.007871    0.041117    0.208435    3.350462 v rebuffer128/X (sky130_fd_sc_hd__buf_6)
                                                         net128 (net)
                      0.041117    0.000531    3.350993 v _618_/C1 (sky130_fd_sc_hd__a211o_2)
     1    0.010266    0.119247    0.580977    3.931970 v _618_/X (sky130_fd_sc_hd__a211o_2)
                                                         _329_ (net)
                      0.119346    0.000722    3.932691 v _620_/B (sky130_fd_sc_hd__xor2_2)
     1    0.003330    0.079672    0.286601    4.219292 v _620_/X (sky130_fd_sc_hd__xor2_2)
                                                         net88 (net)
                      0.079672    0.000254    4.219546 v output88/A (sky130_fd_sc_hd__clkbuf_4)
     1    0.037531    0.149127    0.354076    4.573623 v output88/X (sky130_fd_sc_hd__clkbuf_4)
                                                         S[2] (net)
                      0.149156    0.002178    4.575800 v S[2] (out)
                                              4.575800   data arrival time

                      0.000000    4.000000    4.000000   clock __VIRTUAL_CLK__ (rise edge)
                                  0.000000    4.000000   clock network delay (ideal)
                                 -0.250000    3.750000   clock uncertainty
                                  0.000000    3.750000   clock reconvergence pessimism
                                 -0.800000    2.950000   output external delay
                                              2.950000   data required time
---------------------------------------------------------------------------------------------
                                              2.950000   data required time
                                             -4.575800   data arrival time
---------------------------------------------------------------------------------------------
                                             -1.625800   slack (VIOLATED)


Startpoint: sub (input port clocked by __VIRTUAL_CLK__)
Endpoint: S[4] (output port clocked by __VIRTUAL_CLK__)
Path Group: __VIRTUAL_CLK__
Path Type: max

Fanout         Cap        Slew       Delay        Time   Description
---------------------------------------------------------------------------------------------
                      0.000000    0.000000    0.000000   clock __VIRTUAL_CLK__ (rise edge)
                                  0.000000    0.000000   clock network delay (ideal)
                                  0.800000    0.800000 v input external delay
     1    0.007831    0.038532    0.026147    0.826147 v sub (in)
                                                         sub (net)
                      0.038537    0.000000    0.826147 v input65/A (sky130_fd_sc_hd__buf_8)
     5    0.042648    0.079076    0.243965    1.070112 v input65/X (sky130_fd_sc_hd__buf_8)
                                                         net65 (net)
                      0.079378    0.004428    1.074540 v fanout106/A (sky130_fd_sc_hd__buf_4)
     7    0.036034    0.106469    0.326863    1.401403 v fanout106/X (sky130_fd_sc_hd__buf_4)
                                                         net106 (net)
                      0.106522    0.002309    1.403712 v fanout100/A (sky130_fd_sc_hd__buf_4)
     5    0.026932    0.089245    0.324340    1.728052 v fanout100/X (sky130_fd_sc_hd__buf_4)
                                                         net100 (net)
                      0.089289    0.001872    1.729924 v load_slew101/A (sky130_fd_sc_hd__buf_6)
     6    0.038895    0.082207    0.273048    2.002971 v load_slew101/X (sky130_fd_sc_hd__buf_6)
                                                         net101 (net)
                      0.082241    0.001771    2.004742 v _387_/A (sky130_fd_sc_hd__and2_4)
     1    0.006363    0.056023    0.268357    2.273100 v _387_/X (sky130_fd_sc_hd__and2_4)
                                                         _116_ (net)
                      0.056023    0.000499    2.273599 v _391_/A1 (sky130_fd_sc_hd__o21bai_2)
     1    0.005387    0.181087    0.240343    2.513942 ^ _391_/Y (sky130_fd_sc_hd__o21bai_2)
                                                         _120_ (net)
                      0.181088    0.000414    2.514356 ^ _392_/C1 (sky130_fd_sc_hd__o211ai_2)
     1    0.009867    0.229709    0.262293    2.776649 v _392_/Y (sky130_fd_sc_hd__o211ai_2)
                                                         _121_ (net)
                      0.229709    0.000798    2.777447 v _393_/A (sky130_fd_sc_hd__nor2_4)
     3    0.022250    0.259738    0.368239    3.145686 ^ _393_/Y (sky130_fd_sc_hd__nor2_4)
                                                         _122_ (net)
                      0.259762    0.002122    3.147808 ^ rebuffer280/A (sky130_fd_sc_hd__buf_6)
     1    0.010105    0.056901    0.260074    3.407883 ^ rebuffer280/X (sky130_fd_sc_hd__buf_6)
                                                         net280 (net)
                      0.056901    0.000813    3.408696 ^ _624_/A2 (sky130_fd_sc_hd__a21oi_4)
     3    0.017746    0.121153    0.143145    3.551841 v _624_/Y (sky130_fd_sc_hd__a21oi_4)
                                                         _333_ (net)
                      0.121158    0.001506    3.553347 v rebuffer168/A (sky130_fd_sc_hd__buf_2)
     1    0.008477    0.066330    0.290672    3.844019 v rebuffer168/X (sky130_fd_sc_hd__buf_2)
                                                         net168 (net)
                      0.066336    0.000683    3.844702 v _625_/B (sky130_fd_sc_hd__xnor2_2)
     1    0.006063    0.209201    0.231380    4.076083 ^ _625_/Y (sky130_fd_sc_hd__xnor2_2)
                                                         net92 (net)
                      0.209201    0.000491    4.076574 ^ output92/A (sky130_fd_sc_hd__buf_6)
     1    0.034923    0.124822    0.301093    4.377666 ^ output92/X (sky130_fd_sc_hd__buf_6)
                                                         S[4] (net)
                      0.124850    0.001914    4.379580 ^ S[4] (out)
                                              4.379580   data arrival time

                      0.000000    4.000000    4.000000   clock __VIRTUAL_CLK__ (rise edge)
                                  0.000000    4.000000   clock network delay (ideal)
                                 -0.250000    3.750000   clock uncertainty
                                  0.000000    3.750000   clock reconvergence pessimism
                                 -0.800000    2.950000   output external delay
                                              2.950000   data required time
---------------------------------------------------------------------------------------------
                                              2.950000   data required time
                                             -4.379580   data arrival time
---------------------------------------------------------------------------------------------
                                             -1.429580   slack (VIOLATED)


Startpoint: sub (input port clocked by __VIRTUAL_CLK__)
Endpoint: S[1] (output port clocked by __VIRTUAL_CLK__)
Path Group: __VIRTUAL_CLK__
Path Type: max

Fanout         Cap        Slew       Delay        Time   Description
---------------------------------------------------------------------------------------------
                      0.000000    0.000000    0.000000   clock __VIRTUAL_CLK__ (rise edge)
                                  0.000000    0.000000   clock network delay (ideal)
                                  0.800000    0.800000 v input external delay
     1    0.007831    0.038532    0.026147    0.826147 v sub (in)
                                                         sub (net)
                      0.038537    0.000000    0.826147 v input65/A (sky130_fd_sc_hd__buf_8)
     5    0.042648    0.079076    0.243965    1.070112 v input65/X (sky130_fd_sc_hd__buf_8)
                                                         net65 (net)
                      0.079378    0.004428    1.074540 v fanout106/A (sky130_fd_sc_hd__buf_4)
     7    0.036034    0.106469    0.326863    1.401403 v fanout106/X (sky130_fd_sc_hd__buf_4)
                                                         net106 (net)
                      0.106522    0.002309    1.403712 v fanout100/A (sky130_fd_sc_hd__buf_4)
     5    0.026932    0.089245    0.324340    1.728052 v fanout100/X (sky130_fd_sc_hd__buf_4)
                                                         net100 (net)
                      0.089289    0.001872    1.729924 v load_slew101/A (sky130_fd_sc_hd__buf_6)
     6    0.038895    0.082207    0.273048    2.002971 v load_slew101/X (sky130_fd_sc_hd__buf_6)
                                                         net101 (net)
                      0.082356    0.003211    2.006183 v _616_/A0 (sky130_fd_sc_hd__mux2_4)
     1    0.008821    0.097313    0.544316    2.550499 v _616_/X (sky130_fd_sc_hd__mux2_4)
                                                         _328_ (net)
                      0.097313    0.000705    2.551204 v _617_/B (sky130_fd_sc_hd__xnor2_2)
     1    0.004750    0.103844    0.258479    2.809683 v _617_/Y (sky130_fd_sc_hd__xnor2_2)
                                                         net77 (net)
                      0.103844    0.000374    2.810057 v output77/A (sky130_fd_sc_hd__buf_6)
     1    0.035506    0.077536    0.277154    3.087211 v output77/X (sky130_fd_sc_hd__buf_6)
                                                         S[1] (net)
                      0.077587    0.001857    3.089068 v S[1] (out)
                                              3.089068   data arrival time

                      0.000000    4.000000    4.000000   clock __VIRTUAL_CLK__ (rise edge)
                                  0.000000    4.000000   clock network delay (ideal)
                                 -0.250000    3.750000   clock uncertainty
                                  0.000000    3.750000   clock reconvergence pessimism
                                 -0.800000    2.950000   output external delay
                                              2.950000   data required time
---------------------------------------------------------------------------------------------
                                              2.950000   data required time
                                             -3.089068   data arrival time
---------------------------------------------------------------------------------------------
                                             -0.139068   slack (VIOLATED)


Startpoint: B[0] (input port clocked by __VIRTUAL_CLK__)
Endpoint: S[0] (output port clocked by __VIRTUAL_CLK__)
Path Group: __VIRTUAL_CLK__
Path Type: max

Fanout         Cap        Slew       Delay        Time   Description
---------------------------------------------------------------------------------------------
                      0.000000    0.000000    0.000000   clock __VIRTUAL_CLK__ (rise edge)
                                  0.000000    0.000000   clock network delay (ideal)
                                  0.800000    0.800000 ^ input external delay
     1    0.005033    0.047411    0.029002    0.829002 ^ B[0] (in)
                                                         B[0] (net)
                      0.047412    0.000000    0.829002 ^ input33/A (sky130_fd_sc_hd__dlymetal6s2s_1)
     7    0.055353    0.833814    0.728761    1.557763 ^ input33/X (sky130_fd_sc_hd__dlymetal6s2s_1)
                                                         net33 (net)
                      0.833821    0.002247    1.560010 ^ _615_/B (sky130_fd_sc_hd__xor2_2)
     1    0.003446    0.161741    0.416834    1.976844 ^ _615_/X (sky130_fd_sc_hd__xor2_2)
                                                         net66 (net)
                      0.161741    0.000239    1.977083 ^ output66/A (sky130_fd_sc_hd__clkdlybuf4s25_1)
     1    0.035435    0.571759    0.907531    2.884615 ^ output66/X (sky130_fd_sc_hd__clkdlybuf4s25_1)
                                                         S[0] (net)
                      0.571759    0.002035    2.886650 ^ S[0] (out)
                                              2.886650   data arrival time

                      0.000000    4.000000    4.000000   clock __VIRTUAL_CLK__ (rise edge)
                                  0.000000    4.000000   clock network delay (ideal)
                                 -0.250000    3.750000   clock uncertainty
                                  0.000000    3.750000   clock reconvergence pessimism
                                 -0.800000    2.950000   output external delay
                                              2.950000   data required time
---------------------------------------------------------------------------------------------
                                              2.950000   data required time
                                             -2.886650   data arrival time
---------------------------------------------------------------------------------------------
                                              0.063350   slack (MET)



%OL_END_REPORT
%OL_CREATE_REPORT checks.rpt

===========================================================================
report_checks -unconstrained
===========================================================================
======================= max_ss_100C_1v60 Corner ===================================

Startpoint: sub (input port clocked by __VIRTUAL_CLK__)
Endpoint: S[23] (output port clocked by __VIRTUAL_CLK__)
Path Group: __VIRTUAL_CLK__
Path Type: max

Fanout         Cap        Slew       Delay        Time   Description
---------------------------------------------------------------------------------------------
                      0.000000    0.000000    0.000000   clock __VIRTUAL_CLK__ (rise edge)
                                  0.000000    0.000000   clock network delay (ideal)
                                  0.800000    0.800000 ^ input external delay
     1    0.008432    0.070452    0.046987    0.846987 ^ sub (in)
                                                         sub (net)
                      0.070455    0.000000    0.846987 ^ input65/A (sky130_fd_sc_hd__buf_8)
     5    0.043975    0.127626    0.231546    1.078534 ^ input65/X (sky130_fd_sc_hd__buf_8)
                                                         net65 (net)
                      0.127913    0.004587    1.083121 ^ fanout106/A (sky130_fd_sc_hd__buf_4)
     7    0.037663    0.178891    0.332207    1.415328 ^ fanout106/X (sky130_fd_sc_hd__buf_4)
                                                         net106 (net)
                      0.178923    0.002509    1.417837 ^ fanout104/A (sky130_fd_sc_hd__clkbuf_2)
     4    0.024452    0.215340    0.363993    1.781830 ^ fanout104/X (sky130_fd_sc_hd__clkbuf_2)
                                                         net104 (net)
                      0.215352    0.001927    1.783758 ^ load_slew105/A (sky130_fd_sc_hd__buf_6)
     7    0.048991    0.166893    0.334212    2.117970 ^ load_slew105/X (sky130_fd_sc_hd__buf_6)
                                                         net105 (net)
                      0.167216    0.005462    2.123432 ^ _726_/B (sky130_fd_sc_hd__nand2b_4)
     1    0.005384    0.067597    0.134182    2.257614 v _726_/Y (sky130_fd_sc_hd__nand2b_4)
                                                         _073_ (net)
                      0.067597    0.000412    2.258026 v _729_/B (sky130_fd_sc_hd__nand3b_2)
     5    0.030033    0.306676    0.281166    2.539192 ^ _729_/Y (sky130_fd_sc_hd__nand3b_2)
                                                         _076_ (net)
                      0.306703    0.002431    2.541623 ^ _360_/D1 (sky130_fd_sc_hd__o2111ai_4)
     2    0.020728    0.308642    0.395417    2.937040 v _360_/Y (sky130_fd_sc_hd__o2111ai_4)
                                                         _089_ (net)
                      0.308645    0.001685    2.938725 v _377_/B (sky130_fd_sc_hd__nor2_4)
     3    0.025830    0.301834    0.386946    3.325671 ^ _377_/Y (sky130_fd_sc_hd__nor2_4)
                                                         _106_ (net)
                      0.301951    0.001572    3.327244 ^ _410_/B (sky130_fd_sc_hd__nand4_4)
     3    0.016939    0.235954    0.343717    3.670960 v _410_/Y (sky130_fd_sc_hd__nand4_4)
                                                         _139_ (net)
                      0.235957    0.001408    3.672369 v _415_/C (sky130_fd_sc_hd__nand3_4)
     3    0.026471    0.175811    0.280520    3.952889 ^ _415_/Y (sky130_fd_sc_hd__nand3_4)
                                                         _144_ (net)
                      0.175839    0.002129    3.955018 ^ _424_/B2 (sky130_fd_sc_hd__o22ai_4)
     3    0.016698    0.149833    0.194749    4.149767 v _424_/Y (sky130_fd_sc_hd__o22ai_4)
                                                         _153_ (net)
                      0.149838    0.001767    4.151534 v _470_/B1 (sky130_fd_sc_hd__o22ai_4)
     7    0.040364    0.549152    0.518563    4.670096 ^ _470_/Y (sky130_fd_sc_hd__o22ai_4)
                                                         _195_ (net)
                      0.549180    0.003288    4.673384 ^ _507_/B (sky130_fd_sc_hd__nand2_2)
     1    0.009230    0.138836    0.293957    4.967340 v _507_/Y (sky130_fd_sc_hd__nand2_2)
                                                         _229_ (net)
                      0.138836    0.000463    4.967803 v _512_/A2 (sky130_fd_sc_hd__a21oi_4)
     1    0.009816    0.190267    0.304894    5.272697 ^ _512_/Y (sky130_fd_sc_hd__a21oi_4)
                                                         _234_ (net)
                      0.190267    0.000794    5.273491 ^ _513_/A (sky130_fd_sc_hd__nor2_4)
     1    0.004995    0.075550    0.115878    5.389369 v _513_/Y (sky130_fd_sc_hd__nor2_4)
                                                         net81 (net)
                      0.075550    0.000398    5.389767 v output81/A (sky130_fd_sc_hd__buf_6)
     1    0.035015    0.076911    0.262204    5.651970 v output81/X (sky130_fd_sc_hd__buf_6)
                                                         S[23] (net)
                      0.076969    0.001949    5.653919 v S[23] (out)
                                              5.653919   data arrival time

                      0.000000    4.000000    4.000000   clock __VIRTUAL_CLK__ (rise edge)
                                  0.000000    4.000000   clock network delay (ideal)
                                 -0.250000    3.750000   clock uncertainty
                                  0.000000    3.750000   clock reconvergence pessimism
                                 -0.800000    2.950000   output external delay
                                              2.950000   data required time
---------------------------------------------------------------------------------------------
                                              2.950000   data required time
                                             -5.653919   data arrival time
---------------------------------------------------------------------------------------------
                                             -2.703919   slack (VIOLATED)




===========================================================================
report_checks --slack_max -0.01
============================================================================
======================= max_ss_100C_1v60 Corner ===================================

Startpoint: sub (input port clocked by __VIRTUAL_CLK__)
Endpoint: S[23] (output port clocked by __VIRTUAL_CLK__)
Path Group: __VIRTUAL_CLK__
Path Type: max

Fanout         Cap        Slew       Delay        Time   Description
---------------------------------------------------------------------------------------------
                      0.000000    0.000000    0.000000   clock __VIRTUAL_CLK__ (rise edge)
                                  0.000000    0.000000   clock network delay (ideal)
                                  0.800000    0.800000 ^ input external delay
     1    0.008432    0.070452    0.046987    0.846987 ^ sub (in)
                                                         sub (net)
                      0.070455    0.000000    0.846987 ^ input65/A (sky130_fd_sc_hd__buf_8)
     5    0.043975    0.127626    0.231546    1.078534 ^ input65/X (sky130_fd_sc_hd__buf_8)
                                                         net65 (net)
                      0.127913    0.004587    1.083121 ^ fanout106/A (sky130_fd_sc_hd__buf_4)
     7    0.037663    0.178891    0.332207    1.415328 ^ fanout106/X (sky130_fd_sc_hd__buf_4)
                                                         net106 (net)
                      0.178923    0.002509    1.417837 ^ fanout104/A (sky130_fd_sc_hd__clkbuf_2)
     4    0.024452    0.215340    0.363993    1.781830 ^ fanout104/X (sky130_fd_sc_hd__clkbuf_2)
                                                         net104 (net)
                      0.215352    0.001927    1.783758 ^ load_slew105/A (sky130_fd_sc_hd__buf_6)
     7    0.048991    0.166893    0.334212    2.117970 ^ load_slew105/X (sky130_fd_sc_hd__buf_6)
                                                         net105 (net)
                      0.167216    0.005462    2.123432 ^ _726_/B (sky130_fd_sc_hd__nand2b_4)
     1    0.005384    0.067597    0.134182    2.257614 v _726_/Y (sky130_fd_sc_hd__nand2b_4)
                                                         _073_ (net)
                      0.067597    0.000412    2.258026 v _729_/B (sky130_fd_sc_hd__nand3b_2)
     5    0.030033    0.306676    0.281166    2.539192 ^ _729_/Y (sky130_fd_sc_hd__nand3b_2)
                                                         _076_ (net)
                      0.306703    0.002431    2.541623 ^ _360_/D1 (sky130_fd_sc_hd__o2111ai_4)
     2    0.020728    0.308642    0.395417    2.937040 v _360_/Y (sky130_fd_sc_hd__o2111ai_4)
                                                         _089_ (net)
                      0.308645    0.001685    2.938725 v _377_/B (sky130_fd_sc_hd__nor2_4)
     3    0.025830    0.301834    0.386946    3.325671 ^ _377_/Y (sky130_fd_sc_hd__nor2_4)
                                                         _106_ (net)
                      0.301951    0.001572    3.327244 ^ _410_/B (sky130_fd_sc_hd__nand4_4)
     3    0.016939    0.235954    0.343717    3.670960 v _410_/Y (sky130_fd_sc_hd__nand4_4)
                                                         _139_ (net)
                      0.235957    0.001408    3.672369 v _415_/C (sky130_fd_sc_hd__nand3_4)
     3    0.026471    0.175811    0.280520    3.952889 ^ _415_/Y (sky130_fd_sc_hd__nand3_4)
                                                         _144_ (net)
                      0.175839    0.002129    3.955018 ^ _424_/B2 (sky130_fd_sc_hd__o22ai_4)
     3    0.016698    0.149833    0.194749    4.149767 v _424_/Y (sky130_fd_sc_hd__o22ai_4)
                                                         _153_ (net)
                      0.149838    0.001767    4.151534 v _470_/B1 (sky130_fd_sc_hd__o22ai_4)
     7    0.040364    0.549152    0.518563    4.670096 ^ _470_/Y (sky130_fd_sc_hd__o22ai_4)
                                                         _195_ (net)
                      0.549180    0.003288    4.673384 ^ _507_/B (sky130_fd_sc_hd__nand2_2)
     1    0.009230    0.138836    0.293957    4.967340 v _507_/Y (sky130_fd_sc_hd__nand2_2)
                                                         _229_ (net)
                      0.138836    0.000463    4.967803 v _512_/A2 (sky130_fd_sc_hd__a21oi_4)
     1    0.009816    0.190267    0.304894    5.272697 ^ _512_/Y (sky130_fd_sc_hd__a21oi_4)
                                                         _234_ (net)
                      0.190267    0.000794    5.273491 ^ _513_/A (sky130_fd_sc_hd__nor2_4)
     1    0.004995    0.075550    0.115878    5.389369 v _513_/Y (sky130_fd_sc_hd__nor2_4)
                                                         net81 (net)
                      0.075550    0.000398    5.389767 v output81/A (sky130_fd_sc_hd__buf_6)
     1    0.035015    0.076911    0.262204    5.651970 v output81/X (sky130_fd_sc_hd__buf_6)
                                                         S[23] (net)
                      0.076969    0.001949    5.653919 v S[23] (out)
                                              5.653919   data arrival time

                      0.000000    4.000000    4.000000   clock __VIRTUAL_CLK__ (rise edge)
                                  0.000000    4.000000   clock network delay (ideal)
                                 -0.250000    3.750000   clock uncertainty
                                  0.000000    3.750000   clock reconvergence pessimism
                                 -0.800000    2.950000   output external delay
                                              2.950000   data required time
---------------------------------------------------------------------------------------------
                                              2.950000   data required time
                                             -5.653919   data arrival time
---------------------------------------------------------------------------------------------
                                             -2.703919   slack (VIOLATED)




===========================================================================
 report_check_types -max_slew -max_cap -max_fanout -violators
============================================================================
======================= max_ss_100C_1v60 Corner ===================================

max slew

Pin                                        Limit        Slew       Slack
------------------------------------------------------------------------
_389_/A2                                0.750000    0.833829   -0.083829 (VIOLATED)
_390_/A2                                0.750000    0.833827   -0.083827 (VIOLATED)
_392_/A1                                0.750000    0.833825   -0.083825 (VIOLATED)
_616_/S                                 0.750000    0.833824   -0.083825 (VIOLATED)
_388_/B                                 0.750000    0.833823   -0.083823 (VIOLATED)
_615_/B                                 0.750000    0.833821   -0.083821 (VIOLATED)
_387_/B                                 0.750000    0.833817   -0.083817 (VIOLATED)
input33/X                               0.750000    0.833814   -0.083814 (VIOLATED)



===========================================================================
report_parasitic_annotation -report_unannotated
============================================================================
Found 0 unannotated drivers.
Found 0 partially unannotated drivers.

===========================================================================
max slew violation count 8
%OL_METRIC_I design__max_slew_violation__count__corner:max_ss_100C_1v60 8
max fanout violation count 0
%OL_METRIC_I design__max_fanout_violation__count__corner:max_ss_100C_1v60 0
max cap violation count 0
%OL_METRIC_I design__max_cap_violation__count__corner:max_ss_100C_1v60 0
============================================================================

===========================================================================
check_setup -verbose -unconstrained_endpoints -multiple_clock -no_clock -no_input_delay -loops -generated_clocks
===========================================================================
%OL_END_REPORT
%OL_CREATE_REPORT power.rpt

===========================================================================
 report_power
============================================================================
======================= max_ss_100C_1v60 Corner ===================================

Group                    Internal    Switching      Leakage        Total
                            Power        Power        Power        Power (Watts)
------------------------------------------------------------------------
Sequential           0.000000e+00 0.000000e+00 0.000000e+00 0.000000e+00   0.0%
Combinational        4.303863e-04 4.897635e-04 2.959447e-06 9.231093e-04 100.0%
Clock                0.000000e+00 0.000000e+00 2.690334e-09 2.690334e-09   0.0%
Macro                0.000000e+00 0.000000e+00 0.000000e+00 0.000000e+00   0.0%
Pad                  0.000000e+00 0.000000e+00 0.000000e+00 0.000000e+00   0.0%
------------------------------------------------------------------------
Total                4.303863e-04 4.897635e-04 2.962137e-06 9.231120e-04 100.0%
                            46.6%        53.1%         0.3%
%OL_METRIC_F power__internal__total 0.0004303863097447902
%OL_METRIC_F power__switching__total 0.0004897635080851614
%OL_METRIC_F power__leakage__total 2.962136932183057e-6
%OL_METRIC_F power__total 0.0009231119765900075

%OL_END_REPORT
%OL_CREATE_REPORT skew.min.rpt

===========================================================================
Clock Skew (Hold)
============================================================================
%OL_METRIC_F clock__skew__worst_hold__corner:max_ss_100C_1v60 0.0
======================= max_ss_100C_1v60 Corner ===================================

Clock __VIRTUAL_CLK__
No launch/capture paths found.

%OL_END_REPORT
%OL_CREATE_REPORT skew.max.rpt

===========================================================================
Clock Skew (Setup)
============================================================================
%OL_METRIC_F clock__skew__worst_setup__corner:max_ss_100C_1v60 0.0
======================= max_ss_100C_1v60 Corner ===================================

Clock __VIRTUAL_CLK__
No launch/capture paths found.

%OL_END_REPORT
%OL_CREATE_REPORT ws.min.rpt

===========================================================================
Worst Slack (Hold)
============================================================================
%OL_METRIC_F timing__hold__ws__corner:max_ss_100C_1v60 2.475079766751018
max_ss_100C_1v60: 2.475079766751018
%OL_END_REPORT
%OL_CREATE_REPORT ws.max.rpt

===========================================================================
Worst Slack (Setup)
============================================================================
%OL_METRIC_F timing__setup__ws__corner:max_ss_100C_1v60 -2.7039193871479914
max_ss_100C_1v60: -2.7039193871479914
%OL_END_REPORT
%OL_CREATE_REPORT tns.min.rpt

===========================================================================
Total Negative Slack (Hold)
============================================================================
%OL_METRIC_F timing__hold__tns__corner:max_ss_100C_1v60 0.0
max_ss_100C_1v60: 0.0
%OL_END_REPORT
%OL_CREATE_REPORT tns.max.rpt

===========================================================================
Total Negative Slack (Setup)
============================================================================
%OL_METRIC_F timing__setup__tns__corner:max_ss_100C_1v60 -71.57661688167431
max_ss_100C_1v60: -71.57661688167431
%OL_END_REPORT
%OL_CREATE_REPORT wns.min.rpt

===========================================================================
Worst Negative Slack (Hold)
============================================================================
%OL_METRIC_F timing__hold__wns__corner:max_ss_100C_1v60 0
max_ss_100C_1v60: 0
%OL_END_REPORT
%OL_CREATE_REPORT wns.max.rpt

===========================================================================
Worst Negative Slack (Setup)
============================================================================
%OL_METRIC_F timing__setup__wns__corner:max_ss_100C_1v60 -2.7039193871479914
max_ss_100C_1v60: -2.7039193871479914
%OL_END_REPORT
%OL_CREATE_REPORT violator_list.rpt

===========================================================================
Violator List
============================================================================
[setup in-out] sub -> S[23] : -2.703919
[setup in-out] sub -> S[20] : -2.635239
[setup in-out] sub -> S[24] : -2.630915
[setup in-out] sub -> S[22] : -2.609936
[setup in-out] sub -> S[15] : -2.608752
[setup in-out] sub -> S[21] : -2.606719
[setup in-out] sub -> S[17] : -2.586030
[setup in-out] sub -> S[26] : -2.582628
[setup in-out] sub -> S[27] : -2.556272
[setup in-out] sub -> S[31] : -2.531757
[setup in-out] sub -> S[25] : -2.470436
[setup in-out] sub -> S[30] : -2.465327
[setup in-out] sub -> S[28] : -2.462646
[setup in-out] sub -> S[14] : -2.420252
[setup in-out] sub -> S[13] : -2.413690
[setup in-out] sub -> S[16] : -2.395514
[setup in-out] sub -> S[19] : -2.386496
[setup in-out] sub -> S[7] : -2.381908
[setup in-out] sub -> S[29] : -2.303641
[setup in-out] sub -> carryOut : -2.300087
[setup in-out] sub -> S[18] : -2.283165
[setup in-out] sub -> S[11] : -2.254883
[setup in-out] sub -> S[12] : -2.204952
[setup in-out] sub -> S[9] : -2.106633
[setup in-out] sub -> S[8] : -2.077646
[setup in-out] sub -> S[6] : -2.008909
[setup in-out] sub -> S[10] : -1.927342
[setup in-out] sub -> S[5] : -1.749410
[setup in-out] sub -> S[3] : -1.717066
[setup in-out] sub -> S[2] : -1.625800
[setup in-out] sub -> S[4] : -1.429580
[setup in-out] sub -> S[1] : -0.139068
%OL_METRIC_I timing__hold_vio__count__corner:max_ss_100C_1v60 0
%OL_METRIC_F timing__hold_r2r__ws__corner:max_ss_100C_1v60 inf
%OL_METRIC_I timing__hold_r2r_vio__count__corner:max_ss_100C_1v60 0
%OL_METRIC_I timing__setup_vio__count__corner:max_ss_100C_1v60 32
%OL_METRIC_F timing__setup_r2r__ws__corner:max_ss_100C_1v60 inf
%OL_METRIC_I timing__setup_r2r_vio__count__corner:max_ss_100C_1v60 0
%OL_END_REPORT
%OL_CREATE_REPORT unpropagated.rpt
__VIRTUAL_CLK__
%OL_END_REPORT
%OL_CREATE_REPORT clock.rpt
Clock: __VIRTUAL_CLK__
Sources: 
Generated: no
Virtual: yes
Propagated: no
Period: 4.000000

===========================================================================
report_clock_properties
============================================================================
Clock                   Period          Waveform
----------------------------------------------------
__VIRTUAL_CLK__       4.000000    0.000000  2.000000

===========================================================================
report_clock_latency
============================================================================
Clock __VIRTUAL_CLK__


===========================================================================
report_clock_min_period
============================================================================
__VIRTUAL_CLK__ period_min = 0.00 fmax = inf
%OL_END_REPORT
Writing SDF files for all corners…
Removing Clock latencies before writing libs…
Writing timing models for all corners…
Writing timing models for the max_ss_100C_1v60 corner to /home/admin/Documents/Projekty/Hobby/Nauka/RISC-5/.v/DDCA/code/exercises/ALUDesignIverilog/ALU/systemIverilog/build/runs/RUN_2026-09-29_09-19-13/54-openroad-stapostpnr/max_ss_100C_1v60/addsub32__max_ss_100C_1v60.lib…
