+ define_corners nom_ff_n40C_1v95
Reading timing models for corner nom_ff_n40C_1v95…
Reading cell library for the 'nom_ff_n40C_1v95' corner at '/home/admin/.ciel/ciel/sky130/versions/8afc8346a57fe1ab7934ba5a6056ea8b43078e71/sky130A/libs.ref/sky130_fd_sc_hd/lib/sky130_fd_sc_hd__ff_n40C_1v95.lib'…
Reading top-level netlist at '/home/admin/Documents/Projekty/Hobby/Nauka/RISC-5/.v/DDCA/code/exercises/ALUDesignIverilog/ALU/systemIverilog/build/runs/RUN_2026-09-29_09-14-42/51-openroad-fillinsertion/addsub32.nl.v'…
Linking design 'addsub32' from netlist…
Warning: /home/admin/Documents/Projekty/Hobby/Nauka/RISC-5/.v/DDCA/code/exercises/ALUDesignIverilog/ALU/systemIverilog/build/runs/RUN_2026-09-29_09-14-42/51-openroad-fillinsertion/addsub32.nl.v line 523, module sky130_fd_sc_hd__fill_2 not found. Creating black box for FILLER_0_141.
Warning: /home/admin/Documents/Projekty/Hobby/Nauka/RISC-5/.v/DDCA/code/exercises/ALUDesignIverilog/ALU/systemIverilog/build/runs/RUN_2026-09-29_09-14-42/51-openroad-fillinsertion/addsub32.nl.v line 525, module sky130_fd_sc_hd__fill_1 not found. Creating black box for FILLER_0_167.
Warning: /home/admin/Documents/Projekty/Hobby/Nauka/RISC-5/.v/DDCA/code/exercises/ALUDesignIverilog/ALU/systemIverilog/build/runs/RUN_2026-09-29_09-14-42/51-openroad-fillinsertion/addsub32.nl.v line 2459, module sky130_fd_sc_hd__tapvpwrvgnd_1 not found. Creating black box for TAP_TAPCELL_ROW_0_82.
Reading design constraints file at '/nix/store/33pw6r3szpqrlxwi0ri36rfq68whzq26-python3-3.13.9-env/lib/python3.13/site-packages/librelane/scripts/base.sdc'…
Warning: base.sdc line 15, port '__VIRTUAL_CLK__' not found.
[INFO] Using clock __VIRTUAL_CLK__…
[INFO] Setting output delay to: 0.8
[INFO] Setting input delay to: 0.8
Warning: base.sdc line 32, port '__VIRTUAL_CLK__' not found.
[INFO] Setting load to: 0.033442
[INFO] Setting clock uncertainty to: 0.25
[INFO] Setting clock transition to: 0.1499999999999999944488848768742172978818416595458984375
Warning: base.sdc line 69, transition time can not be specified for virtual clocks.
[INFO] Setting timing derate to: 5.0%
Warning: base.sdc line 79, virtual clock __VIRTUAL_CLK__ can not be propagated.
Reading top-level design parasitics for the 'nom_ff_n40C_1v95' corner at '/home/admin/Documents/Projekty/Hobby/Nauka/RISC-5/.v/DDCA/code/exercises/ALUDesignIverilog/ALU/systemIverilog/build/runs/RUN_2026-09-29_09-14-42/53-openroad-rcx/nom/addsub32.nom.spef'…
%OL_CREATE_REPORT min.rpt

===========================================================================
report_checks -path_delay min (Hold)
============================================================================
======================= nom_ff_n40C_1v95 Corner ===================================

Startpoint: A[31] (input port clocked by __VIRTUAL_CLK__)
Endpoint: carryOut (output port clocked by __VIRTUAL_CLK__)
Path Group: __VIRTUAL_CLK__
Path Type: min

Fanout         Cap        Slew       Delay        Time   Description
---------------------------------------------------------------------------------------------
                      0.000000    0.000000    0.000000   clock __VIRTUAL_CLK__ (rise edge)
                                  0.000000    0.000000   clock network delay (ideal)
                                  0.800000    0.800000 v input external delay
     1    0.003866    0.006284    0.003066    0.803066 v A[31] (in)
                                                         A[31] (net)
                      0.006285    0.000000    0.803066 v input25/A (sky130_fd_sc_hd__clkdlybuf4s25_1)
     2    0.018354    0.099124    0.198132    1.001198 v input25/X (sky130_fd_sc_hd__clkdlybuf4s25_1)
                                                         net25 (net)
                      0.099125    0.000447    1.001645 v _651_/A1_N (sky130_fd_sc_hd__o2bb2ai_4)
     1    0.005425    0.018273    0.097417    1.099062 v _651_/Y (sky130_fd_sc_hd__o2bb2ai_4)
                                                         net98 (net)
                      0.018273    0.000168    1.099230 v output98/A (sky130_fd_sc_hd__buf_6)
     1    0.035773    0.032937    0.081720    1.180950 v output98/X (sky130_fd_sc_hd__buf_6)
                                                         carryOut (net)
                      0.032967    0.000851    1.181801 v carryOut (out)
                                              1.181801   data arrival time

                      0.000000    0.000000    0.000000   clock __VIRTUAL_CLK__ (rise edge)
                                  0.000000    0.000000   clock network delay (ideal)
                                  0.250000    0.250000   clock uncertainty
                                  0.000000    0.250000   clock reconvergence pessimism
                                 -0.800000   -0.550000   output external delay
                                             -0.550000   data required time
---------------------------------------------------------------------------------------------
                                             -0.550000   data required time
                                             -1.181801   data arrival time
---------------------------------------------------------------------------------------------
                                              1.731801   slack (MET)


Startpoint: A[20] (input port clocked by __VIRTUAL_CLK__)
Endpoint: S[21] (output port clocked by __VIRTUAL_CLK__)
Path Group: __VIRTUAL_CLK__
Path Type: min

Fanout         Cap        Slew       Delay        Time   Description
---------------------------------------------------------------------------------------------
                      0.000000    0.000000    0.000000   clock __VIRTUAL_CLK__ (rise edge)
                                  0.000000    0.000000   clock network delay (ideal)
                                  0.800000    0.800000 v input external delay
     1    0.004147    0.006728    0.003302    0.803302 v A[20] (in)
                                                         A[20] (net)
                      0.006733    0.000000    0.803302 v input13/A (sky130_fd_sc_hd__clkdlybuf4s25_1)
     2    0.011341    0.065597    0.173723    0.977025 v input13/X (sky130_fd_sc_hd__clkdlybuf4s25_1)
                                                         net13 (net)
                      0.065598    0.000324    0.977349 v _460_/B1 (sky130_fd_sc_hd__o21ai_4)
     3    0.013961    0.046357    0.061171    1.038520 ^ _460_/Y (sky130_fd_sc_hd__o21ai_4)
                                                         _185_ (net)
                      0.046360    0.000375    1.038895 ^ _479_/B2 (sky130_fd_sc_hd__o2bb2ai_2)
     1    0.005355    0.020576    0.032583    1.071478 v _479_/Y (sky130_fd_sc_hd__o2bb2ai_2)
                                                         _203_ (net)
                      0.020580    0.000163    1.071641 v _481_/B1 (sky130_fd_sc_hd__o21ai_2)
     1    0.009879    0.047725    0.046159    1.117801 ^ _481_/Y (sky130_fd_sc_hd__o21ai_2)
                                                         _205_ (net)
                      0.047728    0.000304    1.118105 ^ _482_/A (sky130_fd_sc_hd__nand2_4)
     1    0.010087    0.023453    0.028487    1.146592 v _482_/Y (sky130_fd_sc_hd__nand2_4)
                                                         net79 (net)
                      0.023494    0.000420    1.147011 v output79/A (sky130_fd_sc_hd__buf_8)
     1    0.035929    0.030696    0.081898    1.228910 v output79/X (sky130_fd_sc_hd__buf_8)
                                                         S[21] (net)
                      0.030755    0.001125    1.230035 v S[21] (out)
                                              1.230035   data arrival time

                      0.000000    0.000000    0.000000   clock __VIRTUAL_CLK__ (rise edge)
                                  0.000000    0.000000   clock network delay (ideal)
                                  0.250000    0.250000   clock uncertainty
                                  0.000000    0.250000   clock reconvergence pessimism
                                 -0.800000   -0.550000   output external delay
                                             -0.550000   data required time
---------------------------------------------------------------------------------------------
                                             -0.550000   data required time
                                             -1.230035   data arrival time
---------------------------------------------------------------------------------------------
                                              1.780035   slack (MET)


Startpoint: A[12] (input port clocked by __VIRTUAL_CLK__)
Endpoint: S[13] (output port clocked by __VIRTUAL_CLK__)
Path Group: __VIRTUAL_CLK__
Path Type: min

Fanout         Cap        Slew       Delay        Time   Description
---------------------------------------------------------------------------------------------
                      0.000000    0.000000    0.000000   clock __VIRTUAL_CLK__ (rise edge)
                                  0.000000    0.000000   clock network delay (ideal)
                                  0.800000    0.800000 ^ input external delay
     1    0.003886    0.017815    0.009588    0.809588 ^ A[12] (in)
                                                         A[12] (net)
                      0.017816    0.000000    0.809588 ^ input4/A (sky130_fd_sc_hd__clkdlybuf4s25_1)
     4    0.018783    0.146335    0.224069    1.033657 ^ input4/X (sky130_fd_sc_hd__clkdlybuf4s25_1)
                                                         net4 (net)
                      0.146335    0.000424    1.034081 ^ _643_/A1 (sky130_fd_sc_hd__a22o_4)
     1    0.008741    0.028332    0.088324    1.122406 ^ _643_/X (sky130_fd_sc_hd__a22o_4)
                                                         _343_ (net)
                      0.028334    0.000244    1.122649 ^ _644_/B (sky130_fd_sc_hd__xnor2_2)
     1    0.005434    0.024366    0.033203    1.155852 v _644_/Y (sky130_fd_sc_hd__xnor2_2)
                                                         net70 (net)
                      0.024367    0.000165    1.156017 v output70/A (sky130_fd_sc_hd__buf_6)
     1    0.035101    0.032567    0.083749    1.239766 v output70/X (sky130_fd_sc_hd__buf_6)
                                                         S[13] (net)
                      0.032585    0.000671    1.240438 v S[13] (out)
                                              1.240438   data arrival time

                      0.000000    0.000000    0.000000   clock __VIRTUAL_CLK__ (rise edge)
                                  0.000000    0.000000   clock network delay (ideal)
                                  0.250000    0.250000   clock uncertainty
                                  0.000000    0.250000   clock reconvergence pessimism
                                 -0.800000   -0.550000   output external delay
                                             -0.550000   data required time
---------------------------------------------------------------------------------------------
                                             -0.550000   data required time
                                             -1.240438   data arrival time
---------------------------------------------------------------------------------------------
                                              1.790437   slack (MET)


Startpoint: A[9] (input port clocked by __VIRTUAL_CLK__)
Endpoint: S[9] (output port clocked by __VIRTUAL_CLK__)
Path Group: __VIRTUAL_CLK__
Path Type: min

Fanout         Cap        Slew       Delay        Time   Description
---------------------------------------------------------------------------------------------
                      0.000000    0.000000    0.000000   clock __VIRTUAL_CLK__ (rise edge)
                                  0.000000    0.000000   clock network delay (ideal)
                                  0.800000    0.800000 v input external delay
     1    0.004261    0.006917    0.003408    0.803408 v A[9] (in)
                                                         A[9] (net)
                      0.006923    0.000000    0.803408 v input32/A (sky130_fd_sc_hd__clkdlybuf4s25_1)
     3    0.007853    0.050079    0.160735    0.964143 v input32/X (sky130_fd_sc_hd__clkdlybuf4s25_1)
                                                         net32 (net)
                      0.050079    0.000204    0.964346 v _697_/B1_N (sky130_fd_sc_hd__o21bai_4)
     3    0.016113    0.034614    0.109194    1.073541 v _697_/Y (sky130_fd_sc_hd__o21bai_4)
                                                         _044_ (net)
                      0.034615    0.000227    1.073768 v _700_/A (sky130_fd_sc_hd__nand2_2)
     1    0.009500    0.044494    0.049137    1.122905 ^ _700_/Y (sky130_fd_sc_hd__nand2_2)
                                                         _047_ (net)
                      0.044497    0.000280    1.123184 ^ _635_/A (sky130_fd_sc_hd__xnor2_2)
     1    0.005285    0.024063    0.040218    1.163402 v _635_/Y (sky130_fd_sc_hd__xnor2_2)
                                                         net97 (net)
                      0.024068    0.000158    1.163560 v output97/A (sky130_fd_sc_hd__buf_6)
     1    0.035622    0.032885    0.083721    1.247280 v output97/X (sky130_fd_sc_hd__buf_6)
                                                         S[9] (net)
                      0.032926    0.000969    1.248249 v S[9] (out)
                                              1.248249   data arrival time

                      0.000000    0.000000    0.000000   clock __VIRTUAL_CLK__ (rise edge)
                                  0.000000    0.000000   clock network delay (ideal)
                                  0.250000    0.250000   clock uncertainty
                                  0.000000    0.250000   clock reconvergence pessimism
                                 -0.800000   -0.550000   output external delay
                                             -0.550000   data required time
---------------------------------------------------------------------------------------------
                                             -0.550000   data required time
                                             -1.248249   data arrival time
---------------------------------------------------------------------------------------------
                                              1.798249   slack (MET)


Startpoint: A[26] (input port clocked by __VIRTUAL_CLK__)
Endpoint: S[27] (output port clocked by __VIRTUAL_CLK__)
Path Group: __VIRTUAL_CLK__
Path Type: min

Fanout         Cap        Slew       Delay        Time   Description
---------------------------------------------------------------------------------------------
                      0.000000    0.000000    0.000000   clock __VIRTUAL_CLK__ (rise edge)
                                  0.000000    0.000000   clock network delay (ideal)
                                  0.800000    0.800000 ^ input external delay
     1    0.003785    0.017457    0.009344    0.809344 ^ A[26] (in)
                                                         A[26] (net)
                      0.017458    0.000000    0.809344 ^ input19/A (sky130_fd_sc_hd__clkdlybuf4s25_1)
     2    0.004771    0.045344    0.156081    0.965425 ^ input19/X (sky130_fd_sc_hd__clkdlybuf4s25_1)
                                                         net19 (net)
                      0.045344    0.000116    0.965541 ^ _548_/B1_N (sky130_fd_sc_hd__o21bai_2)
     2    0.008058    0.039120    0.076703    1.042244 ^ _548_/Y (sky130_fd_sc_hd__o21bai_2)
                                                         _267_ (net)
                      0.039120    0.000206    1.042451 ^ _560_/A2 (sky130_fd_sc_hd__a21boi_2)
     3    0.013974    0.039084    0.045333    1.087784 v _560_/Y (sky130_fd_sc_hd__a21boi_2)
                                                         _278_ (net)
                      0.039087    0.000374    1.088158 v _563_/A (sky130_fd_sc_hd__nand2_2)
     1    0.005201    0.029875    0.040134    1.128292 ^ _563_/Y (sky130_fd_sc_hd__nand2_2)
                                                         _281_ (net)
                      0.029875    0.000104    1.128396 ^ _564_/A2 (sky130_fd_sc_hd__o21ai_2)
     1    0.005059    0.017569    0.028417    1.156813 v _564_/Y (sky130_fd_sc_hd__o21ai_2)
                                                         net85 (net)
                      0.017570    0.000146    1.156959 v output85/A (sky130_fd_sc_hd__buf_4)
     1    0.034792    0.043147    0.100793    1.257753 v output85/X (sky130_fd_sc_hd__buf_4)
                                                         S[27] (net)
                      0.043168    0.000846    1.258598 v S[27] (out)
                                              1.258598   data arrival time

                      0.000000    0.000000    0.000000   clock __VIRTUAL_CLK__ (rise edge)
                                  0.000000    0.000000   clock network delay (ideal)
                                  0.250000    0.250000   clock uncertainty
                                  0.000000    0.250000   clock reconvergence pessimism
                                 -0.800000   -0.550000   output external delay
                                             -0.550000   data required time
---------------------------------------------------------------------------------------------
                                             -0.550000   data required time
                                             -1.258598   data arrival time
---------------------------------------------------------------------------------------------
                                              1.808598   slack (MET)


Startpoint: A[25] (input port clocked by __VIRTUAL_CLK__)
Endpoint: S[25] (output port clocked by __VIRTUAL_CLK__)
Path Group: __VIRTUAL_CLK__
Path Type: min

Fanout         Cap        Slew       Delay        Time   Description
---------------------------------------------------------------------------------------------
                      0.000000    0.000000    0.000000   clock __VIRTUAL_CLK__ (rise edge)
                                  0.000000    0.000000   clock network delay (ideal)
                                  0.800000    0.800000 v input external delay
     1    0.004047    0.006580    0.003223    0.803223 v A[25] (in)
                                                         A[25] (net)
                      0.006586    0.000000    0.803223 v input18/A (sky130_fd_sc_hd__clkdlybuf4s25_1)
     2    0.006939    0.045803    0.157080    0.960303 v input18/X (sky130_fd_sc_hd__clkdlybuf4s25_1)
                                                         net18 (net)
                      0.045803    0.000135    0.960438 v _535_/B1 (sky130_fd_sc_hd__o21ai_2)
     2    0.008499    0.043280    0.052109    1.012547 ^ _535_/Y (sky130_fd_sc_hd__o21ai_2)
                                                         _255_ (net)
                      0.043281    0.000214    1.012761 ^ _537_/A2 (sky130_fd_sc_hd__o21bai_2)
     4    0.019139    0.055583    0.060637    1.073399 v _537_/Y (sky130_fd_sc_hd__o21bai_2)
                                                         _257_ (net)
                      0.055586    0.000457    1.073856 v _539_/B1 (sky130_fd_sc_hd__o21ai_2)
     1    0.005167    0.033211    0.047078    1.120934 ^ _539_/Y (sky130_fd_sc_hd__o21ai_2)
                                                         _259_ (net)
                      0.033211    0.000148    1.121083 ^ _540_/B (sky130_fd_sc_hd__nand2_2)
     1    0.002979    0.016225    0.024752    1.145835 v _540_/Y (sky130_fd_sc_hd__nand2_2)
                                                         net83 (net)
                      0.016225    0.000086    1.145921 v output83/A (sky130_fd_sc_hd__clkbuf_2)
     1    0.035041    0.093501    0.116358    1.262280 v output83/X (sky130_fd_sc_hd__clkbuf_2)
                                                         S[25] (net)
                      0.093511    0.000936    1.263215 v S[25] (out)
                                              1.263215   data arrival time

                      0.000000    0.000000    0.000000   clock __VIRTUAL_CLK__ (rise edge)
                                  0.000000    0.000000   clock network delay (ideal)
                                  0.250000    0.250000   clock uncertainty
                                  0.000000    0.250000   clock reconvergence pessimism
                                 -0.800000   -0.550000   output external delay
                                             -0.550000   data required time
---------------------------------------------------------------------------------------------
                                             -0.550000   data required time
                                             -1.263215   data arrival time
---------------------------------------------------------------------------------------------
                                              1.813215   slack (MET)


Startpoint: A[17] (input port clocked by __VIRTUAL_CLK__)
Endpoint: S[17] (output port clocked by __VIRTUAL_CLK__)
Path Group: __VIRTUAL_CLK__
Path Type: min

Fanout         Cap        Slew       Delay        Time   Description
---------------------------------------------------------------------------------------------
                      0.000000    0.000000    0.000000   clock __VIRTUAL_CLK__ (rise edge)
                                  0.000000    0.000000   clock network delay (ideal)
                                  0.800000    0.800000 ^ input external delay
     1    0.003570    0.016681    0.008799    0.808799 ^ A[17] (in)
                                                         A[17] (net)
                      0.016681    0.000000    0.808799 ^ input9/A (sky130_fd_sc_hd__clkdlybuf4s25_1)
     2    0.014082    0.112158    0.201065    1.009864 ^ input9/X (sky130_fd_sc_hd__clkdlybuf4s25_1)
                                                         net9 (net)
                      0.112158    0.000432    1.010297 ^ _429_/C (sky130_fd_sc_hd__nand3b_4)
     3    0.016481    0.050245    0.060183    1.070480 v _429_/Y (sky130_fd_sc_hd__nand3b_4)
                                                         _157_ (net)
                      0.050249    0.000433    1.070913 v _431_/A (sky130_fd_sc_hd__nand2_4)
     2    0.021887    0.055370    0.063599    1.134512 ^ _431_/Y (sky130_fd_sc_hd__nand2_4)
                                                         _159_ (net)
                      0.055377    0.000471    1.134983 ^ _433_/A (sky130_fd_sc_hd__xor2_2)
     1    0.005709    0.026305    0.043081    1.178064 v _433_/X (sky130_fd_sc_hd__xor2_2)
                                                         net74 (net)
                      0.026318    0.000183    1.178247 v output74/A (sky130_fd_sc_hd__buf_6)
     1    0.034714    0.032382    0.084241    1.262489 v output74/X (sky130_fd_sc_hd__buf_6)
                                                         S[17] (net)
                      0.032414    0.000859    1.263348 v S[17] (out)
                                              1.263348   data arrival time

                      0.000000    0.000000    0.000000   clock __VIRTUAL_CLK__ (rise edge)
                                  0.000000    0.000000   clock network delay (ideal)
                                  0.250000    0.250000   clock uncertainty
                                  0.000000    0.250000   clock reconvergence pessimism
                                 -0.800000   -0.550000   output external delay
                                             -0.550000   data required time
---------------------------------------------------------------------------------------------
                                             -0.550000   data required time
                                             -1.263348   data arrival time
---------------------------------------------------------------------------------------------
                                              1.813348   slack (MET)


Startpoint: A[23] (input port clocked by __VIRTUAL_CLK__)
Endpoint: S[23] (output port clocked by __VIRTUAL_CLK__)
Path Group: __VIRTUAL_CLK__
Path Type: min

Fanout         Cap        Slew       Delay        Time   Description
---------------------------------------------------------------------------------------------
                      0.000000    0.000000    0.000000   clock __VIRTUAL_CLK__ (rise edge)
                                  0.000000    0.000000   clock network delay (ideal)
                                  0.800000    0.800000 v input external delay
     1    0.004416    0.007181    0.003540    0.803540 v A[23] (in)
                                                         A[23] (net)
                      0.007187    0.000000    0.803540 v input16/A (sky130_fd_sc_hd__clkdlybuf4s25_1)
     3    0.011514    0.066431    0.174443    0.977982 v input16/X (sky130_fd_sc_hd__clkdlybuf4s25_1)
                                                         net16 (net)
                      0.066432    0.000397    0.978379 v _502_/B1 (sky130_fd_sc_hd__o21ai_2)
     4    0.020851    0.091938    0.092618    1.070997 ^ _502_/Y (sky130_fd_sc_hd__o21ai_2)
                                                         _224_ (net)
                      0.091942    0.000420    1.071417 ^ _505_/A2 (sky130_fd_sc_hd__o21ai_2)
     1    0.009423    0.026040    0.044062    1.115479 v _505_/Y (sky130_fd_sc_hd__o21ai_2)
                                                         _227_ (net)
                      0.026047    0.000317    1.115796 v _512_/B1 (sky130_fd_sc_hd__a21oi_4)
     1    0.009962    0.056652    0.052886    1.168682 ^ _512_/Y (sky130_fd_sc_hd__a21oi_4)
                                                         _234_ (net)
                      0.056652    0.000295    1.168977 ^ _513_/B (sky130_fd_sc_hd__nor2_4)
     1    0.004825    0.017006    0.017019    1.185996 v _513_/Y (sky130_fd_sc_hd__nor2_4)
                                                         net81 (net)
                      0.017007    0.000136    1.186131 v output81/A (sky130_fd_sc_hd__buf_6)
     1    0.035655    0.033003    0.081082    1.267213 v output81/X (sky130_fd_sc_hd__buf_6)
                                                         S[23] (net)
                      0.033055    0.001092    1.268305 v S[23] (out)
                                              1.268305   data arrival time

                      0.000000    0.000000    0.000000   clock __VIRTUAL_CLK__ (rise edge)
                                  0.000000    0.000000   clock network delay (ideal)
                                  0.250000    0.250000   clock uncertainty
                                  0.000000    0.250000   clock reconvergence pessimism
                                 -0.800000   -0.550000   output external delay
                                             -0.550000   data required time
---------------------------------------------------------------------------------------------
                                             -0.550000   data required time
                                             -1.268305   data arrival time
---------------------------------------------------------------------------------------------
                                              1.818305   slack (MET)


Startpoint: A[30] (input port clocked by __VIRTUAL_CLK__)
Endpoint: S[30] (output port clocked by __VIRTUAL_CLK__)
Path Group: __VIRTUAL_CLK__
Path Type: min

Fanout         Cap        Slew       Delay        Time   Description
---------------------------------------------------------------------------------------------
                      0.000000    0.000000    0.000000   clock __VIRTUAL_CLK__ (rise edge)
                                  0.000000    0.000000   clock network delay (ideal)
                                  0.800000    0.800000 ^ input external delay
     1    0.004266    0.019160    0.010534    0.810534 ^ A[30] (in)
                                                         A[30] (net)
                      0.019160    0.000000    0.810534 ^ input24/A (sky130_fd_sc_hd__clkdlybuf4s25_1)
     3    0.006007    0.054091    0.162543    0.973078 ^ input24/X (sky130_fd_sc_hd__clkdlybuf4s25_1)
                                                         net24 (net)
                      0.054091    0.000161    0.973238 ^ _595_/B1_N (sky130_fd_sc_hd__o21bai_2)
     2    0.016535    0.068555    0.099826    1.073064 ^ _595_/Y (sky130_fd_sc_hd__o21bai_2)
                                                         _310_ (net)
                      0.068558    0.000485    1.073549 ^ _596_/B (sky130_fd_sc_hd__nand2_2)
     2    0.007814    0.031324    0.038801    1.112350 v _596_/Y (sky130_fd_sc_hd__nand2_2)
                                                         _311_ (net)
                      0.031324    0.000111    1.112461 v _602_/B1 (sky130_fd_sc_hd__o21ai_2)
     1    0.009607    0.046855    0.049457    1.161917 ^ _602_/Y (sky130_fd_sc_hd__o21ai_2)
                                                         _317_ (net)
                      0.046858    0.000276    1.162194 ^ _604_/B1 (sky130_fd_sc_hd__o21ai_4)
     1    0.007745    0.021662    0.023943    1.186137 v _604_/Y (sky130_fd_sc_hd__o21ai_4)
                                                         net89 (net)
                      0.021663    0.000295    1.186432 v output89/A (sky130_fd_sc_hd__buf_6)
     1    0.034369    0.032189    0.082330    1.268762 v output89/X (sky130_fd_sc_hd__buf_6)
                                                         S[30] (net)
                      0.032211    0.000721    1.269483 v S[30] (out)
                                              1.269483   data arrival time

                      0.000000    0.000000    0.000000   clock __VIRTUAL_CLK__ (rise edge)
                                  0.000000    0.000000   clock network delay (ideal)
                                  0.250000    0.250000   clock uncertainty
                                  0.000000    0.250000   clock reconvergence pessimism
                                 -0.800000   -0.550000   output external delay
                                             -0.550000   data required time
---------------------------------------------------------------------------------------------
                                             -0.550000   data required time
                                             -1.269483   data arrival time
---------------------------------------------------------------------------------------------
                                              1.819483   slack (MET)


Startpoint: A[30] (input port clocked by __VIRTUAL_CLK__)
Endpoint: S[31] (output port clocked by __VIRTUAL_CLK__)
Path Group: __VIRTUAL_CLK__
Path Type: min

Fanout         Cap        Slew       Delay        Time   Description
---------------------------------------------------------------------------------------------
                      0.000000    0.000000    0.000000   clock __VIRTUAL_CLK__ (rise edge)
                                  0.000000    0.000000   clock network delay (ideal)
                                  0.800000    0.800000 v input external delay
     1    0.004040    0.006557    0.003205    0.803205 v A[30] (in)
                                                         A[30] (net)
                      0.006558    0.000000    0.803205 v input24/A (sky130_fd_sc_hd__clkdlybuf4s25_1)
     3    0.005645    0.039873    0.152015    0.955220 v input24/X (sky130_fd_sc_hd__clkdlybuf4s25_1)
                                                         net24 (net)
                      0.039873    0.000151    0.955371 v _595_/B1_N (sky130_fd_sc_hd__o21bai_2)
     2    0.015469    0.047932    0.121350    1.076721 v _595_/Y (sky130_fd_sc_hd__o21bai_2)
                                                         _310_ (net)
                      0.047941    0.000485    1.077206 v _605_/C (sky130_fd_sc_hd__nand4_4)
     1    0.009231    0.038041    0.071023    1.148229 ^ _605_/Y (sky130_fd_sc_hd__nand4_4)
                                                         _319_ (net)
                      0.038041    0.000174    1.148403 ^ _614_/A2 (sky130_fd_sc_hd__a22oi_4)
     1    0.007208    0.024321    0.036599    1.185002 v _614_/Y (sky130_fd_sc_hd__a22oi_4)
                                                         net90 (net)
                      0.024322    0.000277    1.185279 v output90/A (sky130_fd_sc_hd__buf_6)
     1    0.035148    0.032624    0.083627    1.268906 v output90/X (sky130_fd_sc_hd__buf_6)
                                                         S[31] (net)
                      0.032659    0.000903    1.269809 v S[31] (out)
                                              1.269809   data arrival time

                      0.000000    0.000000    0.000000   clock __VIRTUAL_CLK__ (rise edge)
                                  0.000000    0.000000   clock network delay (ideal)
                                  0.250000    0.250000   clock uncertainty
                                  0.000000    0.250000   clock reconvergence pessimism
                                 -0.800000   -0.550000   output external delay
                                             -0.550000   data required time
---------------------------------------------------------------------------------------------
                                             -0.550000   data required time
                                             -1.269809   data arrival time
---------------------------------------------------------------------------------------------
                                              1.819809   slack (MET)


Startpoint: A[2] (input port clocked by __VIRTUAL_CLK__)
Endpoint: S[2] (output port clocked by __VIRTUAL_CLK__)
Path Group: __VIRTUAL_CLK__
Path Type: min

Fanout         Cap        Slew       Delay        Time   Description
---------------------------------------------------------------------------------------------
                      0.000000    0.000000    0.000000   clock __VIRTUAL_CLK__ (rise edge)
                                  0.000000    0.000000   clock network delay (ideal)
                                  0.800000    0.800000 v input external delay
     1    0.003106    0.005166    0.002423    0.802423 v A[2] (in)
                                                         A[2] (net)
                      0.005167    0.000000    0.802423 v input23/A (sky130_fd_sc_hd__clkdlybuf4s25_1)
     2    0.014730    0.081798    0.184943    0.987366 v input23/X (sky130_fd_sc_hd__clkdlybuf4s25_1)
                                                         net23 (net)
                      0.081801    0.000573    0.987939 v _397_/B1 (sky130_fd_sc_hd__o21ai_4)
     3    0.014490    0.050281    0.068300    1.056239 ^ _397_/Y (sky130_fd_sc_hd__o21ai_4)
                                                         _126_ (net)
                      0.050282    0.000292    1.056530 ^ _398_/A2 (sky130_fd_sc_hd__o21a_2)
     1    0.010193    0.046086    0.084950    1.141481 ^ _398_/X (sky130_fd_sc_hd__o21a_2)
                                                         _127_ (net)
                      0.046087    0.000300    1.141781 ^ _620_/A (sky130_fd_sc_hd__xor2_2)
     1    0.006431    0.027578    0.042644    1.184425 v _620_/X (sky130_fd_sc_hd__xor2_2)
                                                         net88 (net)
                      0.027580    0.000227    1.184652 v output88/A (sky130_fd_sc_hd__buf_6)
     1    0.034634    0.032326    0.084748    1.269400 v output88/X (sky130_fd_sc_hd__buf_6)
                                                         S[2] (net)
                      0.032352    0.000787    1.270187 v S[2] (out)
                                              1.270187   data arrival time

                      0.000000    0.000000    0.000000   clock __VIRTUAL_CLK__ (rise edge)
                                  0.000000    0.000000   clock network delay (ideal)
                                  0.250000    0.250000   clock uncertainty
                                  0.000000    0.250000   clock reconvergence pessimism
                                 -0.800000   -0.550000   output external delay
                                             -0.550000   data required time
---------------------------------------------------------------------------------------------
                                             -0.550000   data required time
                                             -1.270187   data arrival time
---------------------------------------------------------------------------------------------
                                              1.820187   slack (MET)


Startpoint: A[6] (input port clocked by __VIRTUAL_CLK__)
Endpoint: S[6] (output port clocked by __VIRTUAL_CLK__)
Path Group: __VIRTUAL_CLK__
Path Type: min

Fanout         Cap        Slew       Delay        Time   Description
---------------------------------------------------------------------------------------------
                      0.000000    0.000000    0.000000   clock __VIRTUAL_CLK__ (rise edge)
                                  0.000000    0.000000   clock network delay (ideal)
                                  0.800000    0.800000 ^ input external delay
     1    0.004029    0.018323    0.009956    0.809956 ^ A[6] (in)
                                                         A[6] (net)
                      0.018324    0.000000    0.809956 ^ input29/A (sky130_fd_sc_hd__clkdlybuf4s25_1)
     2    0.008627    0.072802    0.175138    0.985094 ^ input29/X (sky130_fd_sc_hd__clkdlybuf4s25_1)
                                                         net29 (net)
                      0.072802    0.000225    0.985320 ^ _730_/B1 (sky130_fd_sc_hd__o21ai_2)
     4    0.021015    0.053483    0.053488    1.038807 v _730_/Y (sky130_fd_sc_hd__o21ai_2)
                                                         _077_ (net)
                      0.053489    0.000465    1.039272 v _350_/A2 (sky130_fd_sc_hd__o21ai_2)
     1    0.009455    0.051097    0.105121    1.144393 ^ _350_/Y (sky130_fd_sc_hd__o21ai_2)
                                                         _079_ (net)
                      0.051097    0.000274    1.144668 ^ _629_/A (sky130_fd_sc_hd__xnor2_2)
     1    0.004731    0.027202    0.040157    1.184825 v _629_/Y (sky130_fd_sc_hd__xnor2_2)
                                                         net94 (net)
                      0.027202    0.000132    1.184957 v output94/A (sky130_fd_sc_hd__buf_6)
     1    0.035060    0.032563    0.084763    1.269720 v output94/X (sky130_fd_sc_hd__buf_6)
                                                         S[6] (net)
                      0.032595    0.000865    1.270585 v S[6] (out)
                                              1.270585   data arrival time

                      0.000000    0.000000    0.000000   clock __VIRTUAL_CLK__ (rise edge)
                                  0.000000    0.000000   clock network delay (ideal)
                                  0.250000    0.250000   clock uncertainty
                                  0.000000    0.250000   clock reconvergence pessimism
                                 -0.800000   -0.550000   output external delay
                                             -0.550000   data required time
---------------------------------------------------------------------------------------------
                                             -0.550000   data required time
                                             -1.270585   data arrival time
---------------------------------------------------------------------------------------------
                                              1.820585   slack (MET)


Startpoint: A[16] (input port clocked by __VIRTUAL_CLK__)
Endpoint: S[16] (output port clocked by __VIRTUAL_CLK__)
Path Group: __VIRTUAL_CLK__
Path Type: min

Fanout         Cap        Slew       Delay        Time   Description
---------------------------------------------------------------------------------------------
                      0.000000    0.000000    0.000000   clock __VIRTUAL_CLK__ (rise edge)
                                  0.000000    0.000000   clock network delay (ideal)
                                  0.800000    0.800000 v input external delay
     1    0.003000    0.005011    0.002335    0.802335 v A[16] (in)
                                                         A[16] (net)
                      0.005012    0.000000    0.802335 v input8/A (sky130_fd_sc_hd__clkdlybuf4s25_1)
     2    0.008499    0.053121    0.162567    0.964902 v input8/X (sky130_fd_sc_hd__clkdlybuf4s25_1)
                                                         net8 (net)
                      0.053121    0.000180    0.965082 v _658_/B1_N (sky130_fd_sc_hd__o21bai_4)
     3    0.010019    0.025622    0.103110    1.068191 v _658_/Y (sky130_fd_sc_hd__o21bai_4)
                                                         _005_ (net)
                      0.025625    0.000254    1.068446 v _659_/B (sky130_fd_sc_hd__nand2_2)
     2    0.020106    0.084345    0.078066    1.146512 ^ _659_/Y (sky130_fd_sc_hd__nand2_2)
                                                         _006_ (net)
                      0.084348    0.000361    1.146873 ^ _425_/A (sky130_fd_sc_hd__xor2_2)
     1    0.005915    0.026631    0.047380    1.194253 v _425_/X (sky130_fd_sc_hd__xor2_2)
                                                         net73 (net)
                      0.026645    0.000192    1.194444 v output73/A (sky130_fd_sc_hd__buf_6)
     1    0.035895    0.033000    0.084971    1.279416 v output73/X (sky130_fd_sc_hd__buf_6)
                                                         S[16] (net)
                      0.033029    0.000831    1.280247 v S[16] (out)
                                              1.280247   data arrival time

                      0.000000    0.000000    0.000000   clock __VIRTUAL_CLK__ (rise edge)
                                  0.000000    0.000000   clock network delay (ideal)
                                  0.250000    0.250000   clock uncertainty
                                  0.000000    0.250000   clock reconvergence pessimism
                                 -0.800000   -0.550000   output external delay
                                             -0.550000   data required time
---------------------------------------------------------------------------------------------
                                             -0.550000   data required time
                                             -1.280247   data arrival time
---------------------------------------------------------------------------------------------
                                              1.830247   slack (MET)


Startpoint: A[29] (input port clocked by __VIRTUAL_CLK__)
Endpoint: S[29] (output port clocked by __VIRTUAL_CLK__)
Path Group: __VIRTUAL_CLK__
Path Type: min

Fanout         Cap        Slew       Delay        Time   Description
---------------------------------------------------------------------------------------------
                      0.000000    0.000000    0.000000   clock __VIRTUAL_CLK__ (rise edge)
                                  0.000000    0.000000   clock network delay (ideal)
                                  0.800000    0.800000 ^ input external delay
     1    0.004692    0.020637    0.011617    0.811617 ^ A[29] (in)
                                                         A[29] (net)
                      0.020638    0.000000    0.811617 ^ input22/A (sky130_fd_sc_hd__clkdlybuf4s25_1)
     3    0.012423    0.100146    0.193979    1.005596 ^ input22/X (sky130_fd_sc_hd__clkdlybuf4s25_1)
                                                         net22 (net)
                      0.100148    0.000569    1.006165 ^ _586_/B1_N (sky130_fd_sc_hd__o21bai_2)
     2    0.007108    0.036909    0.087408    1.093573 ^ _586_/Y (sky130_fd_sc_hd__o21bai_2)
                                                         _302_ (net)
                      0.036909    0.000190    1.093763 ^ _587_/B (sky130_fd_sc_hd__nand2_2)
     2    0.008133    0.027544    0.034939    1.128703 v _587_/Y (sky130_fd_sc_hd__nand2_2)
                                                         _303_ (net)
                      0.027559    0.000250    1.128952 v _589_/B1 (sky130_fd_sc_hd__o21ai_2)
     1    0.005272    0.030294    0.036390    1.165343 ^ _589_/Y (sky130_fd_sc_hd__o21ai_2)
                                                         _305_ (net)
                      0.030294    0.000110    1.165453 ^ _590_/B1 (sky130_fd_sc_hd__o21ai_2)
     1    0.010613    0.027157    0.029699    1.195152 v _590_/Y (sky130_fd_sc_hd__o21ai_2)
                                                         net87 (net)
                      0.027168    0.000419    1.195571 v output87/A (sky130_fd_sc_hd__buf_6)
     1    0.034621    0.032301    0.084656    1.280226 v output87/X (sky130_fd_sc_hd__buf_6)
                                                         S[29] (net)
                      0.032318    0.000641    1.280867 v S[29] (out)
                                              1.280867   data arrival time

                      0.000000    0.000000    0.000000   clock __VIRTUAL_CLK__ (rise edge)
                                  0.000000    0.000000   clock network delay (ideal)
                                  0.250000    0.250000   clock uncertainty
                                  0.000000    0.250000   clock reconvergence pessimism
                                 -0.800000   -0.550000   output external delay
                                             -0.550000   data required time
---------------------------------------------------------------------------------------------
                                             -0.550000   data required time
                                             -1.280867   data arrival time
---------------------------------------------------------------------------------------------
                                              1.830867   slack (MET)


Startpoint: A[10] (input port clocked by __VIRTUAL_CLK__)
Endpoint: S[11] (output port clocked by __VIRTUAL_CLK__)
Path Group: __VIRTUAL_CLK__
Path Type: min

Fanout         Cap        Slew       Delay        Time   Description
---------------------------------------------------------------------------------------------
                      0.000000    0.000000    0.000000   clock __VIRTUAL_CLK__ (rise edge)
                                  0.000000    0.000000   clock network delay (ideal)
                                  0.800000    0.800000 ^ input external delay
     1    0.004952    0.021546    0.012219    0.812219 ^ A[10] (in)
                                                         A[10] (net)
                      0.021547    0.000000    0.812219 ^ input2/A (sky130_fd_sc_hd__clkdlybuf4s25_1)
     2    0.009736    0.080708    0.181348    0.993567 ^ input2/X (sky130_fd_sc_hd__clkdlybuf4s25_1)
                                                         net2 (net)
                      0.080708    0.000246    0.993813 ^ _714_/B1 (sky130_fd_sc_hd__o21a_4)
     2    0.012744    0.038538    0.077235    1.071048 ^ _714_/X (sky130_fd_sc_hd__o21a_4)
                                                         _061_ (net)
                      0.038539    0.000257    1.071305 ^ _715_/A (sky130_fd_sc_hd__nand2_4)
     4    0.021660    0.037559    0.038817    1.110121 v _715_/Y (sky130_fd_sc_hd__nand2_4)
                                                         _062_ (net)
                      0.037577    0.000600    1.110722 v _638_/B1 (sky130_fd_sc_hd__o21ai_2)
     1    0.009168    0.045391    0.050717    1.161439 ^ _638_/Y (sky130_fd_sc_hd__o21ai_2)
                                                         _340_ (net)
                      0.045408    0.000198    1.161637 ^ _639_/B (sky130_fd_sc_hd__xor2_2)
     1    0.005227    0.025537    0.035493    1.197130 v _639_/X (sky130_fd_sc_hd__xor2_2)
                                                         net68 (net)
                      0.025537    0.000157    1.197288 v output68/A (sky130_fd_sc_hd__buf_6)
     1    0.034509    0.032245    0.083952    1.281239 v output68/X (sky130_fd_sc_hd__buf_6)
                                                         S[11] (net)
                      0.032262    0.000631    1.281870 v S[11] (out)
                                              1.281870   data arrival time

                      0.000000    0.000000    0.000000   clock __VIRTUAL_CLK__ (rise edge)
                                  0.000000    0.000000   clock network delay (ideal)
                                  0.250000    0.250000   clock uncertainty
                                  0.000000    0.250000   clock reconvergence pessimism
                                 -0.800000   -0.550000   output external delay
                                             -0.550000   data required time
---------------------------------------------------------------------------------------------
                                             -0.550000   data required time
                                             -1.281870   data arrival time
---------------------------------------------------------------------------------------------
                                              1.831870   slack (MET)


Startpoint: A[5] (input port clocked by __VIRTUAL_CLK__)
Endpoint: S[5] (output port clocked by __VIRTUAL_CLK__)
Path Group: __VIRTUAL_CLK__
Path Type: min

Fanout         Cap        Slew       Delay        Time   Description
---------------------------------------------------------------------------------------------
                      0.000000    0.000000    0.000000   clock __VIRTUAL_CLK__ (rise edge)
                                  0.000000    0.000000   clock network delay (ideal)
                                  0.800000    0.800000 ^ input external delay
     1    0.005293    0.022681    0.013030    0.813030 ^ A[5] (in)
                                                         A[5] (net)
                      0.022682    0.000000    0.813030 ^ input28/A (sky130_fd_sc_hd__clkdlybuf4s25_1)
     4    0.017612    0.137859    0.219622    1.032652 ^ input28/X (sky130_fd_sc_hd__clkdlybuf4s25_1)
                                                         net28 (net)
                      0.137859    0.000499    1.033151 ^ _357_/B1 (sky130_fd_sc_hd__a21oi_2)
     2    0.014380    0.043141    0.040769    1.073920 v _357_/Y (sky130_fd_sc_hd__a21oi_2)
                                                         _086_ (net)
                      0.043162    0.000380    1.074300 v _359_/B1 (sky130_fd_sc_hd__a22oi_4)
     2    0.015743    0.077640    0.076294    1.150594 ^ _359_/Y (sky130_fd_sc_hd__a22oi_4)
                                                         _088_ (net)
                      0.077640    0.000322    1.150916 ^ _627_/A (sky130_fd_sc_hd__xnor2_2)
     1    0.006099    0.027765    0.045961    1.196877 v _627_/Y (sky130_fd_sc_hd__xnor2_2)
                                                         net93 (net)
                      0.027766    0.000202    1.197079 v output93/A (sky130_fd_sc_hd__buf_6)
     1    0.035618    0.032875    0.085191    1.282270 v output93/X (sky130_fd_sc_hd__buf_6)
                                                         S[5] (net)
                      0.032918    0.000990    1.283259 v S[5] (out)
                                              1.283259   data arrival time

                      0.000000    0.000000    0.000000   clock __VIRTUAL_CLK__ (rise edge)
                                  0.000000    0.000000   clock network delay (ideal)
                                  0.250000    0.250000   clock uncertainty
                                  0.000000    0.250000   clock reconvergence pessimism
                                 -0.800000   -0.550000   output external delay
                                             -0.550000   data required time
---------------------------------------------------------------------------------------------
                                             -0.550000   data required time
                                             -1.283259   data arrival time
---------------------------------------------------------------------------------------------
                                              1.833259   slack (MET)


Startpoint: A[12] (input port clocked by __VIRTUAL_CLK__)
Endpoint: S[14] (output port clocked by __VIRTUAL_CLK__)
Path Group: __VIRTUAL_CLK__
Path Type: min

Fanout         Cap        Slew       Delay        Time   Description
---------------------------------------------------------------------------------------------
                      0.000000    0.000000    0.000000   clock __VIRTUAL_CLK__ (rise edge)
                                  0.000000    0.000000   clock network delay (ideal)
                                  0.800000    0.800000 ^ input external delay
     1    0.003886    0.017815    0.009588    0.809588 ^ A[12] (in)
                                                         A[12] (net)
                      0.017816    0.000000    0.809588 ^ input4/A (sky130_fd_sc_hd__clkdlybuf4s25_1)
     4    0.018783    0.146335    0.224069    1.033657 ^ input4/X (sky130_fd_sc_hd__clkdlybuf4s25_1)
                                                         net4 (net)
                      0.146335    0.000459    1.034116 ^ _677_/C (sky130_fd_sc_hd__nand3_2)
     2    0.011762    0.055798    0.066005    1.100121 v _677_/Y (sky130_fd_sc_hd__nand3_2)
                                                         _024_ (net)
                      0.055801    0.000304    1.100424 v _645_/C1 (sky130_fd_sc_hd__o211ai_2)
     1    0.008916    0.048003    0.059680    1.160104 ^ _645_/Y (sky130_fd_sc_hd__o211ai_2)
                                                         _344_ (net)
                      0.048003    0.000177    1.160281 ^ _647_/B (sky130_fd_sc_hd__xor2_2)
     1    0.006324    0.027367    0.038283    1.198565 v _647_/X (sky130_fd_sc_hd__xor2_2)
                                                         net71 (net)
                      0.027368    0.000163    1.198728 v output71/A (sky130_fd_sc_hd__buf_6)
     1    0.034570    0.032270    0.084722    1.283450 v output71/X (sky130_fd_sc_hd__buf_6)
                                                         S[14] (net)
                      0.032286    0.000620    1.284070 v S[14] (out)
                                              1.284070   data arrival time

                      0.000000    0.000000    0.000000   clock __VIRTUAL_CLK__ (rise edge)
                                  0.000000    0.000000   clock network delay (ideal)
                                  0.250000    0.250000   clock uncertainty
                                  0.000000    0.250000   clock reconvergence pessimism
                                 -0.800000   -0.550000   output external delay
                                             -0.550000   data required time
---------------------------------------------------------------------------------------------
                                             -0.550000   data required time
                                             -1.284070   data arrival time
---------------------------------------------------------------------------------------------
                                              1.834070   slack (MET)


Startpoint: A[3] (input port clocked by __VIRTUAL_CLK__)
Endpoint: S[3] (output port clocked by __VIRTUAL_CLK__)
Path Group: __VIRTUAL_CLK__
Path Type: min

Fanout         Cap        Slew       Delay        Time   Description
---------------------------------------------------------------------------------------------
                      0.000000    0.000000    0.000000   clock __VIRTUAL_CLK__ (rise edge)
                                  0.000000    0.000000   clock network delay (ideal)
                                  0.800000    0.800000 v input external delay
     1    0.005056    0.008279    0.004131    0.804131 v A[3] (in)
                                                         A[3] (net)
                      0.008286    0.000000    0.804131 v input26/A (sky130_fd_sc_hd__clkdlybuf4s25_1)
     2    0.014088    0.078705    0.183837    0.987968 v input26/X (sky130_fd_sc_hd__clkdlybuf4s25_1)
                                                         net26 (net)
                      0.078707    0.000462    0.988430 v _401_/B1 (sky130_fd_sc_hd__o21ai_4)
     3    0.019790    0.060597    0.075420    1.063850 ^ _401_/Y (sky130_fd_sc_hd__o21ai_4)
                                                         _130_ (net)
                      0.060600    0.000434    1.064284 ^ _404_/A2 (sky130_fd_sc_hd__o21ai_2)
     2    0.011304    0.027698    0.044604    1.108888 v _404_/Y (sky130_fd_sc_hd__o21ai_2)
                                                         _133_ (net)
                      0.027704    0.000315    1.109204 v _622_/B (sky130_fd_sc_hd__nand3_2)
     1    0.009983    0.047849    0.057895    1.167099 ^ _622_/Y (sky130_fd_sc_hd__nand3_2)
                                                         _332_ (net)
                      0.047852    0.000297    1.167396 ^ _623_/B (sky130_fd_sc_hd__nand2b_4)
     1    0.010622    0.026278    0.033694    1.201090 v _623_/Y (sky130_fd_sc_hd__nand2b_4)
                                                         net91 (net)
                      0.026304    0.000445    1.201536 v output91/A (sky130_fd_sc_hd__buf_8)
     1    0.034401    0.029816    0.082384    1.283919 v output91/X (sky130_fd_sc_hd__buf_8)
                                                         S[3] (net)
                      0.029840    0.000736    1.284655 v S[3] (out)
                                              1.284655   data arrival time

                      0.000000    0.000000    0.000000   clock __VIRTUAL_CLK__ (rise edge)
                                  0.000000    0.000000   clock network delay (ideal)
                                  0.250000    0.250000   clock uncertainty
                                  0.000000    0.250000   clock reconvergence pessimism
                                 -0.800000   -0.550000   output external delay
                                             -0.550000   data required time
---------------------------------------------------------------------------------------------
                                             -0.550000   data required time
                                             -1.284655   data arrival time
---------------------------------------------------------------------------------------------
                                              1.834655   slack (MET)


Startpoint: A[4] (input port clocked by __VIRTUAL_CLK__)
Endpoint: S[4] (output port clocked by __VIRTUAL_CLK__)
Path Group: __VIRTUAL_CLK__
Path Type: min

Fanout         Cap        Slew       Delay        Time   Description
---------------------------------------------------------------------------------------------
                      0.000000    0.000000    0.000000   clock __VIRTUAL_CLK__ (rise edge)
                                  0.000000    0.000000   clock network delay (ideal)
                                  0.800000    0.800000 v input external delay
     1    0.005833    0.009539    0.004974    0.804974 v A[4] (in)
                                                         A[4] (net)
                      0.009544    0.000000    0.804974 v input27/A (sky130_fd_sc_hd__clkdlybuf4s25_1)
     3    0.014092    0.078766    0.184175    0.989149 v input27/X (sky130_fd_sc_hd__clkdlybuf4s25_1)
                                                         net27 (net)
                      0.078772    0.000711    0.989860 v _364_/B1 (sky130_fd_sc_hd__o21ai_2)
     3    0.014920    0.070788    0.082005    1.071865 ^ _364_/Y (sky130_fd_sc_hd__o21ai_2)
                                                         _093_ (net)
                      0.070814    0.000306    1.072171 ^ _368_/A2 (sky130_fd_sc_hd__o21a_2)
     1    0.009380    0.043333    0.086158    1.158329 ^ _368_/X (sky130_fd_sc_hd__o21a_2)
                                                         _097_ (net)
                      0.043333    0.000262    1.158591 ^ _625_/A (sky130_fd_sc_hd__xnor2_2)
     1    0.007475    0.029708    0.044638    1.203229 v _625_/Y (sky130_fd_sc_hd__xnor2_2)
                                                         net92 (net)
                      0.029725    0.000289    1.203518 v output92/A (sky130_fd_sc_hd__buf_6)
     1    0.035313    0.032698    0.085860    1.289378 v output92/X (sky130_fd_sc_hd__buf_6)
                                                         S[4] (net)
                      0.032737    0.000941    1.290319 v S[4] (out)
                                              1.290319   data arrival time

                      0.000000    0.000000    0.000000   clock __VIRTUAL_CLK__ (rise edge)
                                  0.000000    0.000000   clock network delay (ideal)
                                  0.250000    0.250000   clock uncertainty
                                  0.000000    0.250000   clock reconvergence pessimism
                                 -0.800000   -0.550000   output external delay
                                             -0.550000   data required time
---------------------------------------------------------------------------------------------
                                             -0.550000   data required time
                                             -1.290319   data arrival time
---------------------------------------------------------------------------------------------
                                              1.840319   slack (MET)


Startpoint: A[8] (input port clocked by __VIRTUAL_CLK__)
Endpoint: S[8] (output port clocked by __VIRTUAL_CLK__)
Path Group: __VIRTUAL_CLK__
Path Type: min

Fanout         Cap        Slew       Delay        Time   Description
---------------------------------------------------------------------------------------------
                      0.000000    0.000000    0.000000   clock __VIRTUAL_CLK__ (rise edge)
                                  0.000000    0.000000   clock network delay (ideal)
                                  0.800000    0.800000 ^ input external delay
     1    0.005078    0.021937    0.012558    0.812558 ^ A[8] (in)
                                                         A[8] (net)
                      0.021940    0.000000    0.812558 ^ input31/A (sky130_fd_sc_hd__clkdlybuf4s25_1)
     2    0.009701    0.080470    0.181231    0.993789 ^ input31/X (sky130_fd_sc_hd__clkdlybuf4s25_1)
                                                         net31 (net)
                      0.080470    0.000331    0.994120 ^ _704_/B1 (sky130_fd_sc_hd__o21a_4)
     2    0.015006    0.043254    0.080747    1.074867 ^ _704_/X (sky130_fd_sc_hd__o21a_4)
                                                         _051_ (net)
                      0.043258    0.000423    1.075290 ^ _705_/A (sky130_fd_sc_hd__nand2_4)
     4    0.021250    0.037624    0.039635    1.114925 v _705_/Y (sky130_fd_sc_hd__nand2_4)
                                                         _052_ (net)
                      0.037628    0.000284    1.115209 v _707_/A (sky130_fd_sc_hd__nand2_2)
     1    0.009633    0.045095    0.050643    1.165852 ^ _707_/Y (sky130_fd_sc_hd__nand2_2)
                                                         _054_ (net)
                      0.045098    0.000294    1.166147 ^ _633_/A (sky130_fd_sc_hd__xnor2_2)
     1    0.005453    0.028841    0.040676    1.206823 v _633_/Y (sky130_fd_sc_hd__xnor2_2)
                                                         net96 (net)
                      0.028842    0.000161    1.206984 v output96/A (sky130_fd_sc_hd__buf_6)
     1    0.035672    0.033013    0.085606    1.292590 v output96/X (sky130_fd_sc_hd__buf_6)
                                                         S[8] (net)
                      0.033066    0.001099    1.293689 v S[8] (out)
                                              1.293689   data arrival time

                      0.000000    0.000000    0.000000   clock __VIRTUAL_CLK__ (rise edge)
                                  0.000000    0.000000   clock network delay (ideal)
                                  0.250000    0.250000   clock uncertainty
                                  0.000000    0.250000   clock reconvergence pessimism
                                 -0.800000   -0.550000   output external delay
                                             -0.550000   data required time
---------------------------------------------------------------------------------------------
                                             -0.550000   data required time
                                             -1.293689   data arrival time
---------------------------------------------------------------------------------------------
                                              1.843689   slack (MET)


Startpoint: A[0] (input port clocked by __VIRTUAL_CLK__)
Endpoint: S[1] (output port clocked by __VIRTUAL_CLK__)
Path Group: __VIRTUAL_CLK__
Path Type: min

Fanout         Cap        Slew       Delay        Time   Description
---------------------------------------------------------------------------------------------
                      0.000000    0.000000    0.000000   clock __VIRTUAL_CLK__ (rise edge)
                                  0.000000    0.000000   clock network delay (ideal)
                                  0.800000    0.800000 ^ input external delay
     1    0.005374    0.022952    0.013219    0.813219 ^ A[0] (in)
                                                         A[0] (net)
                      0.022954    0.000000    0.813219 ^ input1/A (sky130_fd_sc_hd__clkdlybuf4s25_1)
     4    0.021542    0.166450    0.238669    1.051887 ^ input1/X (sky130_fd_sc_hd__clkdlybuf4s25_1)
                                                         net1 (net)
                      0.166450    0.000311    1.052198 ^ _616_/A1 (sky130_fd_sc_hd__mux2_1)
     1    0.009864    0.071886    0.124123    1.176321 ^ _616_/X (sky130_fd_sc_hd__mux2_1)
                                                         _328_ (net)
                      0.071886    0.000308    1.176629 ^ _617_/B (sky130_fd_sc_hd__xnor2_2)
     1    0.004638    0.026939    0.036241    1.212870 v _617_/Y (sky130_fd_sc_hd__xnor2_2)
                                                         net77 (net)
                      0.026939    0.000126    1.212997 v output77/A (sky130_fd_sc_hd__buf_6)
     1    0.035996    0.033193    0.085001    1.297998 v output77/X (sky130_fd_sc_hd__buf_6)
                                                         S[1] (net)
                      0.033244    0.001078    1.299076 v S[1] (out)
                                              1.299076   data arrival time

                      0.000000    0.000000    0.000000   clock __VIRTUAL_CLK__ (rise edge)
                                  0.000000    0.000000   clock network delay (ideal)
                                  0.250000    0.250000   clock uncertainty
                                  0.000000    0.250000   clock reconvergence pessimism
                                 -0.800000   -0.550000   output external delay
                                             -0.550000   data required time
---------------------------------------------------------------------------------------------
                                             -0.550000   data required time
                                             -1.299076   data arrival time
---------------------------------------------------------------------------------------------
                                              1.849076   slack (MET)


Startpoint: A[10] (input port clocked by __VIRTUAL_CLK__)
Endpoint: S[10] (output port clocked by __VIRTUAL_CLK__)
Path Group: __VIRTUAL_CLK__
Path Type: min

Fanout         Cap        Slew       Delay        Time   Description
---------------------------------------------------------------------------------------------
                      0.000000    0.000000    0.000000   clock __VIRTUAL_CLK__ (rise edge)
                                  0.000000    0.000000   clock network delay (ideal)
                                  0.800000    0.800000 ^ input external delay
     1    0.004952    0.021546    0.012219    0.812219 ^ A[10] (in)
                                                         A[10] (net)
                      0.021547    0.000000    0.812219 ^ input2/A (sky130_fd_sc_hd__clkdlybuf4s25_1)
     2    0.009736    0.080708    0.181348    0.993567 ^ input2/X (sky130_fd_sc_hd__clkdlybuf4s25_1)
                                                         net2 (net)
                      0.080708    0.000246    0.993813 ^ _714_/B1 (sky130_fd_sc_hd__o21a_4)
     2    0.012744    0.038538    0.077235    1.071048 ^ _714_/X (sky130_fd_sc_hd__o21a_4)
                                                         _061_ (net)
                      0.038539    0.000257    1.071305 ^ _715_/A (sky130_fd_sc_hd__nand2_4)
     4    0.021660    0.037559    0.038817    1.110121 v _715_/Y (sky130_fd_sc_hd__nand2_4)
                                                         _062_ (net)
                      0.037574    0.000554    1.110675 v _716_/B (sky130_fd_sc_hd__nand2_2)
     2    0.014971    0.064203    0.070239    1.180914 ^ _716_/Y (sky130_fd_sc_hd__nand2_2)
                                                         _063_ (net)
                      0.064207    0.000390    1.181304 ^ _637_/A (sky130_fd_sc_hd__xor2_2)
     1    0.005061    0.025250    0.042892    1.224196 v _637_/X (sky130_fd_sc_hd__xor2_2)
                                                         net67 (net)
                      0.025250    0.000148    1.224345 v output67/A (sky130_fd_sc_hd__buf_6)
     1    0.034517    0.032250    0.083844    1.308189 v output67/X (sky130_fd_sc_hd__buf_6)
                                                         S[10] (net)
                      0.032266    0.000623    1.308812 v S[10] (out)
                                              1.308812   data arrival time

                      0.000000    0.000000    0.000000   clock __VIRTUAL_CLK__ (rise edge)
                                  0.000000    0.000000   clock network delay (ideal)
                                  0.250000    0.250000   clock uncertainty
                                  0.000000    0.250000   clock reconvergence pessimism
                                 -0.800000   -0.550000   output external delay
                                             -0.550000   data required time
---------------------------------------------------------------------------------------------
                                             -0.550000   data required time
                                             -1.308812   data arrival time
---------------------------------------------------------------------------------------------
                                              1.858812   slack (MET)


Startpoint: A[20] (input port clocked by __VIRTUAL_CLK__)
Endpoint: S[22] (output port clocked by __VIRTUAL_CLK__)
Path Group: __VIRTUAL_CLK__
Path Type: min

Fanout         Cap        Slew       Delay        Time   Description
---------------------------------------------------------------------------------------------
                      0.000000    0.000000    0.000000   clock __VIRTUAL_CLK__ (rise edge)
                                  0.000000    0.000000   clock network delay (ideal)
                                  0.800000    0.800000 v input external delay
     1    0.004147    0.006728    0.003302    0.803302 v A[20] (in)
                                                         A[20] (net)
                      0.006733    0.000000    0.803302 v input13/A (sky130_fd_sc_hd__clkdlybuf4s25_1)
     2    0.011341    0.065597    0.173723    0.977025 v input13/X (sky130_fd_sc_hd__clkdlybuf4s25_1)
                                                         net13 (net)
                      0.065598    0.000324    0.977349 v _460_/B1 (sky130_fd_sc_hd__o21ai_4)
     3    0.013961    0.046357    0.061171    1.038520 ^ _460_/Y (sky130_fd_sc_hd__o21ai_4)
                                                         _185_ (net)
                      0.046360    0.000389    1.038909 ^ _484_/B1 (sky130_fd_sc_hd__o22a_2)
     2    0.011429    0.048595    0.087639    1.126548 ^ _484_/X (sky130_fd_sc_hd__o22a_2)
                                                         _207_ (net)
                      0.048597    0.000366    1.126914 ^ _487_/B2 (sky130_fd_sc_hd__o2bb2ai_2)
     1    0.004633    0.019172    0.031464    1.158378 v _487_/Y (sky130_fd_sc_hd__o2bb2ai_2)
                                                         _210_ (net)
                      0.019178    0.000129    1.158507 v _496_/B (sky130_fd_sc_hd__nand2_2)
     1    0.009606    0.044724    0.049975    1.208483 ^ _496_/Y (sky130_fd_sc_hd__nand2_2)
                                                         _219_ (net)
                      0.044727    0.000296    1.208779 ^ _497_/A (sky130_fd_sc_hd__nand2_4)
     1    0.007212    0.020279    0.024850    1.233629 v _497_/Y (sky130_fd_sc_hd__nand2_4)
                                                         net80 (net)
                      0.020280    0.000207    1.233836 v output80/A (sky130_fd_sc_hd__buf_8)
     1    0.035231    0.030276    0.080514    1.314350 v output80/X (sky130_fd_sc_hd__buf_8)
                                                         S[22] (net)
                      0.030318    0.000954    1.315304 v S[22] (out)
                                              1.315304   data arrival time

                      0.000000    0.000000    0.000000   clock __VIRTUAL_CLK__ (rise edge)
                                  0.000000    0.000000   clock network delay (ideal)
                                  0.250000    0.250000   clock uncertainty
                                  0.000000    0.250000   clock reconvergence pessimism
                                 -0.800000   -0.550000   output external delay
                                             -0.550000   data required time
---------------------------------------------------------------------------------------------
                                             -0.550000   data required time
                                             -1.315304   data arrival time
---------------------------------------------------------------------------------------------
                                              1.865304   slack (MET)


Startpoint: A[15] (input port clocked by __VIRTUAL_CLK__)
Endpoint: S[15] (output port clocked by __VIRTUAL_CLK__)
Path Group: __VIRTUAL_CLK__
Path Type: min

Fanout         Cap        Slew       Delay        Time   Description
---------------------------------------------------------------------------------------------
                      0.000000    0.000000    0.000000   clock __VIRTUAL_CLK__ (rise edge)
                                  0.000000    0.000000   clock network delay (ideal)
                                  0.800000    0.800000 ^ input external delay
     1    0.003622    0.016868    0.008933    0.808933 ^ A[15] (in)
                                                         A[15] (net)
                      0.016869    0.000000    0.808933 ^ input7/A (sky130_fd_sc_hd__clkdlybuf4s25_1)
     2    0.004433    0.042974    0.154279    0.963212 ^ input7/X (sky130_fd_sc_hd__clkdlybuf4s25_1)
                                                         net7 (net)
                      0.042974    0.000104    0.963316 ^ _681_/B1_N (sky130_fd_sc_hd__o21bai_2)
     6    0.025206    0.099433    0.117379    1.080695 ^ _681_/Y (sky130_fd_sc_hd__o21bai_2)
                                                         _028_ (net)
                      0.099473    0.000687    1.081382 ^ _649_/A2 (sky130_fd_sc_hd__a22oi_2)
     1    0.009076    0.032212    0.057571    1.138953 v _649_/Y (sky130_fd_sc_hd__a22oi_2)
                                                         _347_ (net)
                      0.032225    0.000200    1.139153 v _650_/B (sky130_fd_sc_hd__nor2_4)
     1    0.003227    0.039698    0.042216    1.181368 ^ _650_/Y (sky130_fd_sc_hd__nor2_4)
                                                         net72 (net)
                      0.039698    0.000094    1.181463 ^ output72/A (sky130_fd_sc_hd__clkbuf_2)
     1    0.034468    0.145994    0.141447    1.322910 ^ output72/X (sky130_fd_sc_hd__clkbuf_2)
                                                         S[15] (net)
                      0.145998    0.000638    1.323548 ^ S[15] (out)
                                              1.323548   data arrival time

                      0.000000    0.000000    0.000000   clock __VIRTUAL_CLK__ (rise edge)
                                  0.000000    0.000000   clock network delay (ideal)
                                  0.250000    0.250000   clock uncertainty
                                  0.000000    0.250000   clock reconvergence pessimism
                                 -0.800000   -0.550000   output external delay
                                             -0.550000   data required time
---------------------------------------------------------------------------------------------
                                             -0.550000   data required time
                                             -1.323548   data arrival time
---------------------------------------------------------------------------------------------
                                              1.873548   slack (MET)


Startpoint: A[7] (input port clocked by __VIRTUAL_CLK__)
Endpoint: S[7] (output port clocked by __VIRTUAL_CLK__)
Path Group: __VIRTUAL_CLK__
Path Type: min

Fanout         Cap        Slew       Delay        Time   Description
---------------------------------------------------------------------------------------------
                      0.000000    0.000000    0.000000   clock __VIRTUAL_CLK__ (rise edge)
                                  0.000000    0.000000   clock network delay (ideal)
                                  0.800000    0.800000 ^ input external delay
     1    0.004255    0.019121    0.010522    0.810522 ^ A[7] (in)
                                                         A[7] (net)
                      0.019122    0.000000    0.810522 ^ input30/A (sky130_fd_sc_hd__clkdlybuf4s25_1)
     3    0.008411    0.071264    0.174272    0.984794 ^ input30/X (sky130_fd_sc_hd__clkdlybuf4s25_1)
                                                         net30 (net)
                      0.071264    0.000216    0.985010 ^ _373_/B1_N (sky130_fd_sc_hd__a21bo_2)
     2    0.009216    0.030141    0.113786    1.098796 v _373_/X (sky130_fd_sc_hd__a21bo_2)
                                                         _102_ (net)
                      0.030141    0.000131    1.098927 v _375_/A2 (sky130_fd_sc_hd__o21ai_2)
     1    0.010359    0.050069    0.101687    1.200614 ^ _375_/Y (sky130_fd_sc_hd__o21ai_2)
                                                         _104_ (net)
                      0.050073    0.000328    1.200942 ^ _631_/A (sky130_fd_sc_hd__xor2_2)
     1    0.004770    0.024796    0.040241    1.241183 v _631_/X (sky130_fd_sc_hd__xor2_2)
                                                         net95 (net)
                      0.024796    0.000132    1.241315 v output95/A (sky130_fd_sc_hd__buf_6)
     1    0.036067    0.033246    0.084149    1.325464 v output95/X (sky130_fd_sc_hd__buf_6)
                                                         S[7] (net)
                      0.033303    0.001138    1.326602 v S[7] (out)
                                              1.326602   data arrival time

                      0.000000    0.000000    0.000000   clock __VIRTUAL_CLK__ (rise edge)
                                  0.000000    0.000000   clock network delay (ideal)
                                  0.250000    0.250000   clock uncertainty
                                  0.000000    0.250000   clock reconvergence pessimism
                                 -0.800000   -0.550000   output external delay
                                             -0.550000   data required time
---------------------------------------------------------------------------------------------
                                             -0.550000   data required time
                                             -1.326602   data arrival time
---------------------------------------------------------------------------------------------
                                              1.876602   slack (MET)


Startpoint: A[25] (input port clocked by __VIRTUAL_CLK__)
Endpoint: S[26] (output port clocked by __VIRTUAL_CLK__)
Path Group: __VIRTUAL_CLK__
Path Type: min

Fanout         Cap        Slew       Delay        Time   Description
---------------------------------------------------------------------------------------------
                      0.000000    0.000000    0.000000   clock __VIRTUAL_CLK__ (rise edge)
                                  0.000000    0.000000   clock network delay (ideal)
                                  0.800000    0.800000 v input external delay
     1    0.004047    0.006580    0.003223    0.803223 v A[25] (in)
                                                         A[25] (net)
                      0.006586    0.000000    0.803223 v input18/A (sky130_fd_sc_hd__clkdlybuf4s25_1)
     2    0.006939    0.045803    0.157080    0.960303 v input18/X (sky130_fd_sc_hd__clkdlybuf4s25_1)
                                                         net18 (net)
                      0.045803    0.000135    0.960438 v _535_/B1 (sky130_fd_sc_hd__o21ai_2)
     2    0.008499    0.043280    0.052109    1.012547 ^ _535_/Y (sky130_fd_sc_hd__o21ai_2)
                                                         _255_ (net)
                      0.043281    0.000199    1.012746 ^ _536_/B1 (sky130_fd_sc_hd__a21o_2)
     1    0.005946    0.028747    0.056898    1.069644 ^ _536_/X (sky130_fd_sc_hd__a21o_2)
                                                         _256_ (net)
                      0.028748    0.000178    1.069822 ^ _543_/A2 (sky130_fd_sc_hd__a21oi_2)
     3    0.015210    0.029038    0.045013    1.114835 v _543_/Y (sky130_fd_sc_hd__a21oi_2)
                                                         _262_ (net)
                      0.029052    0.000506    1.115341 v _550_/A2 (sky130_fd_sc_hd__o21bai_2)
     1    0.004809    0.029240    0.072287    1.187628 ^ _550_/Y (sky130_fd_sc_hd__o21bai_2)
                                                         _269_ (net)
                      0.029240    0.000133    1.187761 ^ _552_/A (sky130_fd_sc_hd__nand2_2)
     1    0.003654    0.017660    0.021340    1.209101 v _552_/Y (sky130_fd_sc_hd__nand2_2)
                                                         net84 (net)
                      0.017660    0.000113    1.209214 v output84/A (sky130_fd_sc_hd__clkbuf_2)
     1    0.034840    0.093004    0.116559    1.325773 v output84/X (sky130_fd_sc_hd__clkbuf_2)
                                                         S[26] (net)
                      0.093013    0.000880    1.326653 v S[26] (out)
                                              1.326653   data arrival time

                      0.000000    0.000000    0.000000   clock __VIRTUAL_CLK__ (rise edge)
                                  0.000000    0.000000   clock network delay (ideal)
                                  0.250000    0.250000   clock uncertainty
                                  0.000000    0.250000   clock reconvergence pessimism
                                 -0.800000   -0.550000   output external delay
                                             -0.550000   data required time
---------------------------------------------------------------------------------------------
                                             -0.550000   data required time
                                             -1.326653   data arrival time
---------------------------------------------------------------------------------------------
                                              1.876653   slack (MET)


Startpoint: A[18] (input port clocked by __VIRTUAL_CLK__)
Endpoint: S[18] (output port clocked by __VIRTUAL_CLK__)
Path Group: __VIRTUAL_CLK__
Path Type: min

Fanout         Cap        Slew       Delay        Time   Description
---------------------------------------------------------------------------------------------
                      0.000000    0.000000    0.000000   clock __VIRTUAL_CLK__ (rise edge)
                                  0.000000    0.000000   clock network delay (ideal)
                                  0.800000    0.800000 ^ input external delay
     1    0.003365    0.015943    0.008285    0.808285 ^ A[18] (in)
                                                         A[18] (net)
                      0.015943    0.000000    0.808285 ^ input10/A (sky130_fd_sc_hd__clkdlybuf4s25_1)
     3    0.016510    0.129808    0.212578    1.020863 ^ input10/X (sky130_fd_sc_hd__clkdlybuf4s25_1)
                                                         net10 (net)
                      0.129808    0.000451    1.021315 ^ _438_/C (sky130_fd_sc_hd__nand3b_2)
     2    0.008057    0.042674    0.056928    1.078243 v _438_/Y (sky130_fd_sc_hd__nand3b_2)
                                                         _165_ (net)
                      0.042675    0.000201    1.078443 v _440_/A (sky130_fd_sc_hd__nand2_2)
     3    0.024164    0.098320    0.088687    1.167130 ^ _440_/Y (sky130_fd_sc_hd__nand2_2)
                                                         _167_ (net)
                      0.098328    0.000700    1.167830 ^ _445_/A (sky130_fd_sc_hd__xor2_2)
     1    0.005286    0.025628    0.047748    1.215578 v _445_/X (sky130_fd_sc_hd__xor2_2)
                                                         net75 (net)
                      0.025628    0.000192    1.215770 v output75/A (sky130_fd_sc_hd__buf_2)
     1    0.036467    0.066262    0.111913    1.327684 v output75/X (sky130_fd_sc_hd__buf_2)
                                                         S[18] (net)
                      0.066291    0.001200    1.328884 v S[18] (out)
                                              1.328884   data arrival time

                      0.000000    0.000000    0.000000   clock __VIRTUAL_CLK__ (rise edge)
                                  0.000000    0.000000   clock network delay (ideal)
                                  0.250000    0.250000   clock uncertainty
                                  0.000000    0.250000   clock reconvergence pessimism
                                 -0.800000   -0.550000   output external delay
                                             -0.550000   data required time
---------------------------------------------------------------------------------------------
                                             -0.550000   data required time
                                             -1.328884   data arrival time
---------------------------------------------------------------------------------------------
                                              1.878884   slack (MET)


Startpoint: B[19] (input port clocked by __VIRTUAL_CLK__)
Endpoint: S[19] (output port clocked by __VIRTUAL_CLK__)
Path Group: __VIRTUAL_CLK__
Path Type: min

Fanout         Cap        Slew       Delay        Time   Description
---------------------------------------------------------------------------------------------
                      0.000000    0.000000    0.000000   clock __VIRTUAL_CLK__ (rise edge)
                                  0.000000    0.000000   clock network delay (ideal)
                                  0.800000    0.800000 v input external delay
     1    0.003735    0.006082    0.002960    0.802960 v B[19] (in)
                                                         B[19] (net)
                      0.006083    0.000000    0.802960 v input43/A (sky130_fd_sc_hd__clkdlybuf4s25_1)
     2    0.010105    0.059755    0.169102    0.972061 v input43/X (sky130_fd_sc_hd__clkdlybuf4s25_1)
                                                         net43 (net)
                      0.059757    0.000430    0.972491 v _448_/B (sky130_fd_sc_hd__nor2_2)
     2    0.009762    0.092730    0.089734    1.062225 ^ _448_/Y (sky130_fd_sc_hd__nor2_2)
                                                         _174_ (net)
                      0.092760    0.000229    1.062454 ^ _453_/A1 (sky130_fd_sc_hd__o21bai_2)
     3    0.013649    0.043486    0.065625    1.128080 v _453_/Y (sky130_fd_sc_hd__o21bai_2)
                                                         _179_ (net)
                      0.043506    0.000320    1.128400 v _456_/C (sky130_fd_sc_hd__nand4_2)
     1    0.004956    0.038309    0.064284    1.192684 ^ _456_/Y (sky130_fd_sc_hd__nand4_2)
                                                         _182_ (net)
                      0.038309    0.000095    1.192779 ^ _457_/B (sky130_fd_sc_hd__nand2_2)
     1    0.006215    0.022902    0.031781    1.224560 v _457_/Y (sky130_fd_sc_hd__nand2_2)
                                                         net76 (net)
                      0.022916    0.000231    1.224791 v output76/A (sky130_fd_sc_hd__buf_4)
     1    0.035590    0.043780    0.103141    1.327932 v output76/X (sky130_fd_sc_hd__buf_4)
                                                         S[19] (net)
                      0.043810    0.001001    1.328933 v S[19] (out)
                                              1.328933   data arrival time

                      0.000000    0.000000    0.000000   clock __VIRTUAL_CLK__ (rise edge)
                                  0.000000    0.000000   clock network delay (ideal)
                                  0.250000    0.250000   clock uncertainty
                                  0.000000    0.250000   clock reconvergence pessimism
                                 -0.800000   -0.550000   output external delay
                                             -0.550000   data required time
---------------------------------------------------------------------------------------------
                                             -0.550000   data required time
                                             -1.328933   data arrival time
---------------------------------------------------------------------------------------------
                                              1.878933   slack (MET)


Startpoint: A[12] (input port clocked by __VIRTUAL_CLK__)
Endpoint: S[12] (output port clocked by __VIRTUAL_CLK__)
Path Group: __VIRTUAL_CLK__
Path Type: min

Fanout         Cap        Slew       Delay        Time   Description
---------------------------------------------------------------------------------------------
                      0.000000    0.000000    0.000000   clock __VIRTUAL_CLK__ (rise edge)
                                  0.000000    0.000000   clock network delay (ideal)
                                  0.800000    0.800000 v input external delay
     1    0.003660    0.005976    0.002888    0.802888 v A[12] (in)
                                                         A[12] (net)
                      0.005977    0.000000    0.802888 v input4/A (sky130_fd_sc_hd__clkdlybuf4s25_1)
     4    0.017484    0.094941    0.194994    0.997882 v input4/X (sky130_fd_sc_hd__clkdlybuf4s25_1)
                                                         net4 (net)
                      0.094942    0.000409    0.998292 v _675_/B1 (sky130_fd_sc_hd__o21ai_2)
     2    0.009856    0.055018    0.075157    1.073448 ^ _675_/Y (sky130_fd_sc_hd__o21ai_2)
                                                         _022_ (net)
                      0.055019    0.000312    1.073761 ^ _687_/A2 (sky130_fd_sc_hd__o21a_2)
     5    0.029352    0.117966    0.134394    1.208155 ^ _687_/X (sky130_fd_sc_hd__o21a_2)
                                                         _034_ (net)
                      0.117973    0.000728    1.208882 ^ _642_/A (sky130_fd_sc_hd__xor2_2)
     1    0.005473    0.025890    0.050752    1.259634 v _642_/X (sky130_fd_sc_hd__xor2_2)
                                                         net69 (net)
                      0.025890    0.000165    1.259799 v output69/A (sky130_fd_sc_hd__buf_6)
     1    0.034946    0.032482    0.084277    1.344076 v output69/X (sky130_fd_sc_hd__buf_6)
                                                         S[12] (net)
                      0.032502    0.000686    1.344762 v S[12] (out)
                                              1.344762   data arrival time

                      0.000000    0.000000    0.000000   clock __VIRTUAL_CLK__ (rise edge)
                                  0.000000    0.000000   clock network delay (ideal)
                                  0.250000    0.250000   clock uncertainty
                                  0.000000    0.250000   clock reconvergence pessimism
                                 -0.800000   -0.550000   output external delay
                                             -0.550000   data required time
---------------------------------------------------------------------------------------------
                                             -0.550000   data required time
                                             -1.344762   data arrival time
---------------------------------------------------------------------------------------------
                                              1.894762   slack (MET)


Startpoint: A[28] (input port clocked by __VIRTUAL_CLK__)
Endpoint: S[28] (output port clocked by __VIRTUAL_CLK__)
Path Group: __VIRTUAL_CLK__
Path Type: min

Fanout         Cap        Slew       Delay        Time   Description
---------------------------------------------------------------------------------------------
                      0.000000    0.000000    0.000000   clock __VIRTUAL_CLK__ (rise edge)
                                  0.000000    0.000000   clock network delay (ideal)
                                  0.800000    0.800000 ^ input external delay
     1    0.004251    0.019105    0.010509    0.810509 ^ A[28] (in)
                                                         A[28] (net)
                      0.019106    0.000000    0.810509 ^ input21/A (sky130_fd_sc_hd__clkdlybuf4s25_1)
     3    0.013355    0.106917    0.198027    1.008536 ^ input21/X (sky130_fd_sc_hd__clkdlybuf4s25_1)
                                                         net21 (net)
                      0.106920    0.000724    1.009260 ^ _567_/B1_N (sky130_fd_sc_hd__o21bai_2)
     3    0.011345    0.050846    0.099534    1.108794 ^ _567_/Y (sky130_fd_sc_hd__o21bai_2)
                                                         _284_ (net)
                      0.050848    0.000320    1.109114 ^ _580_/A1 (sky130_fd_sc_hd__a21o_2)
     1    0.003387    0.020871    0.067499    1.176612 ^ _580_/X (sky130_fd_sc_hd__a21o_2)
                                                         _297_ (net)
                      0.020872    0.000094    1.176707 ^ _581_/B (sky130_fd_sc_hd__and2b_4)
     1    0.013873    0.047123    0.095425    1.272131 ^ _581_/X (sky130_fd_sc_hd__and2b_4)
                                                         net86 (net)
                      0.047132    0.000622    1.272753 ^ output86/A (sky130_fd_sc_hd__buf_6)
     1    0.035423    0.058978    0.085925    1.358679 ^ output86/X (sky130_fd_sc_hd__buf_6)
                                                         S[28] (net)
                      0.058987    0.000686    1.359365 ^ S[28] (out)
                                              1.359365   data arrival time

                      0.000000    0.000000    0.000000   clock __VIRTUAL_CLK__ (rise edge)
                                  0.000000    0.000000   clock network delay (ideal)
                                  0.250000    0.250000   clock uncertainty
                                  0.000000    0.250000   clock reconvergence pessimism
                                 -0.800000   -0.550000   output external delay
                                             -0.550000   data required time
---------------------------------------------------------------------------------------------
                                             -0.550000   data required time
                                             -1.359365   data arrival time
---------------------------------------------------------------------------------------------
                                              1.909365   slack (MET)


Startpoint: A[0] (input port clocked by __VIRTUAL_CLK__)
Endpoint: S[0] (output port clocked by __VIRTUAL_CLK__)
Path Group: __VIRTUAL_CLK__
Path Type: min

Fanout         Cap        Slew       Delay        Time   Description
---------------------------------------------------------------------------------------------
                      0.000000    0.000000    0.000000   clock __VIRTUAL_CLK__ (rise edge)
                                  0.000000    0.000000   clock network delay (ideal)
                                  0.800000    0.800000 ^ input external delay
     1    0.005374    0.022952    0.013219    0.813219 ^ A[0] (in)
                                                         A[0] (net)
                      0.022954    0.000000    0.813219 ^ input1/A (sky130_fd_sc_hd__clkdlybuf4s25_1)
     4    0.021542    0.166450    0.238669    1.051887 ^ input1/X (sky130_fd_sc_hd__clkdlybuf4s25_1)
                                                         net1 (net)
                      0.166450    0.000568    1.052456 ^ _615_/A (sky130_fd_sc_hd__xor2_2)
     1    0.002896    0.021724    0.044335    1.096791 v _615_/X (sky130_fd_sc_hd__xor2_2)
                                                         net66 (net)
                      0.021724    0.000084    1.096874 v output66/A (sky130_fd_sc_hd__clkdlybuf4s25_1)
     1    0.036685    0.187345    0.267023    1.363897 v output66/X (sky130_fd_sc_hd__clkdlybuf4s25_1)
                                                         S[0] (net)
                      0.187352    0.001213    1.365110 v S[0] (out)
                                              1.365110   data arrival time

                      0.000000    0.000000    0.000000   clock __VIRTUAL_CLK__ (rise edge)
                                  0.000000    0.000000   clock network delay (ideal)
                                  0.250000    0.250000   clock uncertainty
                                  0.000000    0.250000   clock reconvergence pessimism
                                 -0.800000   -0.550000   output external delay
                                             -0.550000   data required time
---------------------------------------------------------------------------------------------
                                             -0.550000   data required time
                                             -1.365110   data arrival time
---------------------------------------------------------------------------------------------
                                              1.915110   slack (MET)


Startpoint: A[24] (input port clocked by __VIRTUAL_CLK__)
Endpoint: S[24] (output port clocked by __VIRTUAL_CLK__)
Path Group: __VIRTUAL_CLK__
Path Type: min

Fanout         Cap        Slew       Delay        Time   Description
---------------------------------------------------------------------------------------------
                      0.000000    0.000000    0.000000   clock __VIRTUAL_CLK__ (rise edge)
                                  0.000000    0.000000   clock network delay (ideal)
                                  0.800000    0.800000 ^ input external delay
     1    0.004083    0.018512    0.010089    0.810089 ^ A[24] (in)
                                                         A[24] (net)
                      0.018513    0.000000    0.810089 ^ input17/A (sky130_fd_sc_hd__clkdlybuf4s25_1)
     3    0.009692    0.080386    0.180349    0.990437 ^ input17/X (sky130_fd_sc_hd__clkdlybuf4s25_1)
                                                         net17 (net)
                      0.080386    0.000284    0.990722 ^ _526_/B1_N (sky130_fd_sc_hd__o21bai_2)
     1    0.004898    0.029534    0.077201    1.067922 ^ _526_/Y (sky130_fd_sc_hd__o21bai_2)
                                                         _247_ (net)
                      0.029534    0.000137    1.068060 ^ _527_/B (sky130_fd_sc_hd__nand2_2)
     5    0.024557    0.065227    0.061178    1.129237 v _527_/Y (sky130_fd_sc_hd__nand2_2)
                                                         _248_ (net)
                      0.065237    0.000611    1.129848 v _530_/B1 (sky130_fd_sc_hd__o211ai_2)
     1    0.002516    0.022894    0.052955    1.182803 ^ _530_/Y (sky130_fd_sc_hd__o211ai_2)
                                                         _251_ (net)
                      0.022894    0.000069    1.182871 ^ _531_/B (sky130_fd_sc_hd__and2_2)
     1    0.004621    0.030782    0.078385    1.261257 ^ _531_/X (sky130_fd_sc_hd__and2_2)
                                                         net82 (net)
                      0.030782    0.000159    1.261416 ^ output82/A (sky130_fd_sc_hd__clkbuf_2)
     1    0.035149    0.148851    0.140516    1.401932 ^ output82/X (sky130_fd_sc_hd__clkbuf_2)
                                                         S[24] (net)
                      0.148861    0.000962    1.402894 ^ S[24] (out)
                                              1.402894   data arrival time

                      0.000000    0.000000    0.000000   clock __VIRTUAL_CLK__ (rise edge)
                                  0.000000    0.000000   clock network delay (ideal)
                                  0.250000    0.250000   clock uncertainty
                                  0.000000    0.250000   clock reconvergence pessimism
                                 -0.800000   -0.550000   output external delay
                                             -0.550000   data required time
---------------------------------------------------------------------------------------------
                                             -0.550000   data required time
                                             -1.402894   data arrival time
---------------------------------------------------------------------------------------------
                                              1.952894   slack (MET)


Startpoint: A[20] (input port clocked by __VIRTUAL_CLK__)
Endpoint: S[20] (output port clocked by __VIRTUAL_CLK__)
Path Group: __VIRTUAL_CLK__
Path Type: min

Fanout         Cap        Slew       Delay        Time   Description
---------------------------------------------------------------------------------------------
                      0.000000    0.000000    0.000000   clock __VIRTUAL_CLK__ (rise edge)
                                  0.000000    0.000000   clock network delay (ideal)
                                  0.800000    0.800000 v input external delay
     1    0.004147    0.006728    0.003302    0.803302 v A[20] (in)
                                                         A[20] (net)
                      0.006733    0.000000    0.803302 v input13/A (sky130_fd_sc_hd__clkdlybuf4s25_1)
     2    0.011341    0.065597    0.173723    0.977025 v input13/X (sky130_fd_sc_hd__clkdlybuf4s25_1)
                                                         net13 (net)
                      0.065597    0.000240    0.977265 v _462_/B1_N (sky130_fd_sc_hd__o21ba_2)
     2    0.018114    0.085516    0.175409    1.152674 ^ _462_/X (sky130_fd_sc_hd__o21ba_2)
                                                         _187_ (net)
                      0.085518    0.000504    1.153178 ^ _463_/B (sky130_fd_sc_hd__nor2_2)
     4    0.030227    0.058943    0.060651    1.213829 v _463_/Y (sky130_fd_sc_hd__nor2_2)
                                                         _188_ (net)
                      0.058956    0.000670    1.214499 v _471_/A (sky130_fd_sc_hd__xor2_4)
     1    0.003653    0.022111    0.113080    1.327579 v _471_/X (sky130_fd_sc_hd__xor2_4)
                                                         net78 (net)
                      0.022111    0.000058    1.327638 v output78/A (sky130_fd_sc_hd__clkbuf_4)
     1    0.034752    0.057194    0.113745    1.441383 v output78/X (sky130_fd_sc_hd__clkbuf_4)
                                                         S[20] (net)
                      0.057206    0.000791    1.442173 v S[20] (out)
                                              1.442173   data arrival time

                      0.000000    0.000000    0.000000   clock __VIRTUAL_CLK__ (rise edge)
                                  0.000000    0.000000   clock network delay (ideal)
                                  0.250000    0.250000   clock uncertainty
                                  0.000000    0.250000   clock reconvergence pessimism
                                 -0.800000   -0.550000   output external delay
                                             -0.550000   data required time
---------------------------------------------------------------------------------------------
                                             -0.550000   data required time
                                             -1.442173   data arrival time
---------------------------------------------------------------------------------------------
                                              1.992173   slack (MET)



%OL_END_REPORT
%OL_CREATE_REPORT max.rpt

===========================================================================
report_checks -path_delay max (Setup)
============================================================================
======================= nom_ff_n40C_1v95 Corner ===================================

Startpoint: sub (input port clocked by __VIRTUAL_CLK__)
Endpoint: S[20] (output port clocked by __VIRTUAL_CLK__)
Path Group: __VIRTUAL_CLK__
Path Type: max

Fanout         Cap        Slew       Delay        Time   Description
---------------------------------------------------------------------------------------------
                      0.000000    0.000000    0.000000   clock __VIRTUAL_CLK__ (rise edge)
                                  0.000000    0.000000   clock network delay (ideal)
                                  0.800000    0.800000 v input external delay
     1    0.008239    0.013483    0.008330    0.808330 v sub (in)
                                                         sub (net)
                      0.013488    0.000000    0.808330 v input65/A (sky130_fd_sc_hd__buf_8)
     4    0.031449    0.028366    0.084184    0.892514 v input65/X (sky130_fd_sc_hd__buf_8)
                                                         net65 (net)
                      0.028434    0.001271    0.893785 v fanout121/A (sky130_fd_sc_hd__buf_8)
     5    0.030707    0.028276    0.089368    0.983153 v fanout121/X (sky130_fd_sc_hd__buf_8)
                                                         net121 (net)
                      0.028382    0.001221    0.984375 v fanout113/A (sky130_fd_sc_hd__buf_8)
     2    0.010518    0.019015    0.078637    1.063012 v fanout113/X (sky130_fd_sc_hd__buf_8)
                                                         net113 (net)
                      0.019015    0.000388    1.063400 v load_slew115/A (sky130_fd_sc_hd__buf_8)
     3    0.016668    0.021613    0.078530    1.141929 v load_slew115/X (sky130_fd_sc_hd__buf_8)
                                                         net115 (net)
                      0.021613    0.000261    1.142190 v load_slew114/A (sky130_fd_sc_hd__buf_8)
     3    0.043388    0.034935    0.093479    1.235669 v load_slew114/X (sky130_fd_sc_hd__buf_8)
                                                         net114 (net)
                      0.035059    0.001885    1.237554 v _652_/A (sky130_fd_sc_hd__inv_16)
     8    0.073371    0.058863    0.066127    1.303681 ^ _652_/Y (sky130_fd_sc_hd__inv_16)
                                                         _348_ (net)
                      0.058893    0.001113    1.304795 ^ _702_/A (sky130_fd_sc_hd__nand2_2)
     1    0.005693    0.041582    0.032698    1.337492 v _702_/Y (sky130_fd_sc_hd__nand2_2)
                                                         _049_ (net)
                      0.041583    0.000188    1.337681 v _706_/B (sky130_fd_sc_hd__nand3b_2)
     4    0.024241    0.126829    0.117566    1.455246 ^ _706_/Y (sky130_fd_sc_hd__nand3b_2)
                                                         _053_ (net)
                      0.126835    0.000746    1.455992 ^ _709_/D (sky130_fd_sc_hd__nand4_4)
     1    0.009030    0.073203    0.069355    1.525347 v _709_/Y (sky130_fd_sc_hd__nand4_4)
                                                         _056_ (net)
                      0.073203    0.000322    1.525669 v _725_/B (sky130_fd_sc_hd__nor2_4)
     4    0.033967    0.164680    0.160714    1.686383 ^ _725_/Y (sky130_fd_sc_hd__nor2_4)
                                                         _072_ (net)
                      0.164729    0.002451    1.688834 ^ _410_/D (sky130_fd_sc_hd__nand4_4)
     2    0.014831    0.072716    0.081390    1.770224 v _410_/Y (sky130_fd_sc_hd__nand4_4)
                                                         _139_ (net)
                      0.072716    0.000444    1.770668 v _415_/C (sky130_fd_sc_hd__nand3_4)
     3    0.020681    0.076930    0.099107    1.869774 ^ _415_/Y (sky130_fd_sc_hd__nand3_4)
                                                         _144_ (net)
                      0.076933    0.001013    1.870787 ^ _424_/B1 (sky130_fd_sc_hd__o22ai_4)
     4    0.024022    0.071359    0.057287    1.928073 v _424_/Y (sky130_fd_sc_hd__o22ai_4)
                                                         _153_ (net)
                      0.071411    0.001576    1.929649 v _470_/B1 (sky130_fd_sc_hd__o22ai_4)
     7    0.034098    0.205119    0.201507    2.131156 ^ _470_/Y (sky130_fd_sc_hd__o22ai_4)
                                                         _195_ (net)
                      0.205126    0.000935    2.132091 ^ rebuffer122/A (sky130_fd_sc_hd__buf_4)
     1    0.015924    0.043983    0.113461    2.245552 ^ rebuffer122/X (sky130_fd_sc_hd__buf_4)
                                                         net122 (net)
                      0.043988    0.000499    2.246051 ^ _471_/B (sky130_fd_sc_hd__xor2_4)
     1    0.003897    0.075423    0.093247    2.339298 ^ _471_/X (sky130_fd_sc_hd__xor2_4)
                                                         net78 (net)
                      0.075423    0.000069    2.339367 ^ output78/A (sky130_fd_sc_hd__clkbuf_4)
     1    0.034752    0.085453    0.145907    2.485273 ^ output78/X (sky130_fd_sc_hd__clkbuf_4)
                                                         S[20] (net)
                      0.085459    0.000874    2.486148 ^ S[20] (out)
                                              2.486148   data arrival time

                      0.000000    4.000000    4.000000   clock __VIRTUAL_CLK__ (rise edge)
                                  0.000000    4.000000   clock network delay (ideal)
                                 -0.250000    3.750000   clock uncertainty
                                  0.000000    3.750000   clock reconvergence pessimism
                                 -0.800000    2.950000   output external delay
                                              2.950000   data required time
---------------------------------------------------------------------------------------------
                                              2.950000   data required time
                                             -2.486148   data arrival time
---------------------------------------------------------------------------------------------
                                              0.463852   slack (MET)


Startpoint: sub (input port clocked by __VIRTUAL_CLK__)
Endpoint: S[21] (output port clocked by __VIRTUAL_CLK__)
Path Group: __VIRTUAL_CLK__
Path Type: max

Fanout         Cap        Slew       Delay        Time   Description
---------------------------------------------------------------------------------------------
                      0.000000    0.000000    0.000000   clock __VIRTUAL_CLK__ (rise edge)
                                  0.000000    0.000000   clock network delay (ideal)
                                  0.800000    0.800000 v input external delay
     1    0.008239    0.013483    0.008330    0.808330 v sub (in)
                                                         sub (net)
                      0.013488    0.000000    0.808330 v input65/A (sky130_fd_sc_hd__buf_8)
     4    0.031449    0.028366    0.084184    0.892514 v input65/X (sky130_fd_sc_hd__buf_8)
                                                         net65 (net)
                      0.028434    0.001271    0.893785 v fanout121/A (sky130_fd_sc_hd__buf_8)
     5    0.030707    0.028276    0.089368    0.983153 v fanout121/X (sky130_fd_sc_hd__buf_8)
                                                         net121 (net)
                      0.028382    0.001221    0.984375 v fanout113/A (sky130_fd_sc_hd__buf_8)
     2    0.010518    0.019015    0.078637    1.063012 v fanout113/X (sky130_fd_sc_hd__buf_8)
                                                         net113 (net)
                      0.019015    0.000388    1.063400 v load_slew115/A (sky130_fd_sc_hd__buf_8)
     3    0.016668    0.021613    0.078530    1.141929 v load_slew115/X (sky130_fd_sc_hd__buf_8)
                                                         net115 (net)
                      0.021613    0.000261    1.142190 v load_slew114/A (sky130_fd_sc_hd__buf_8)
     3    0.043388    0.034935    0.093479    1.235669 v load_slew114/X (sky130_fd_sc_hd__buf_8)
                                                         net114 (net)
                      0.035059    0.001885    1.237554 v _652_/A (sky130_fd_sc_hd__inv_16)
     8    0.073371    0.058863    0.066127    1.303681 ^ _652_/Y (sky130_fd_sc_hd__inv_16)
                                                         _348_ (net)
                      0.058893    0.001113    1.304795 ^ _702_/A (sky130_fd_sc_hd__nand2_2)
     1    0.005693    0.041582    0.032698    1.337492 v _702_/Y (sky130_fd_sc_hd__nand2_2)
                                                         _049_ (net)
                      0.041583    0.000188    1.337681 v _706_/B (sky130_fd_sc_hd__nand3b_2)
     4    0.024241    0.126829    0.117566    1.455246 ^ _706_/Y (sky130_fd_sc_hd__nand3b_2)
                                                         _053_ (net)
                      0.126835    0.000746    1.455992 ^ _709_/D (sky130_fd_sc_hd__nand4_4)
     1    0.009030    0.073203    0.069355    1.525347 v _709_/Y (sky130_fd_sc_hd__nand4_4)
                                                         _056_ (net)
                      0.073203    0.000322    1.525669 v _725_/B (sky130_fd_sc_hd__nor2_4)
     4    0.033967    0.164680    0.160714    1.686383 ^ _725_/Y (sky130_fd_sc_hd__nor2_4)
                                                         _072_ (net)
                      0.164729    0.002451    1.688834 ^ _410_/D (sky130_fd_sc_hd__nand4_4)
     2    0.014831    0.072716    0.081390    1.770224 v _410_/Y (sky130_fd_sc_hd__nand4_4)
                                                         _139_ (net)
                      0.072716    0.000444    1.770668 v _415_/C (sky130_fd_sc_hd__nand3_4)
     3    0.020681    0.076930    0.099107    1.869774 ^ _415_/Y (sky130_fd_sc_hd__nand3_4)
                                                         _144_ (net)
                      0.076933    0.001013    1.870787 ^ _424_/B1 (sky130_fd_sc_hd__o22ai_4)
     4    0.024022    0.071359    0.057287    1.928073 v _424_/Y (sky130_fd_sc_hd__o22ai_4)
                                                         _153_ (net)
                      0.071411    0.001576    1.929649 v _470_/B1 (sky130_fd_sc_hd__o22ai_4)
     7    0.034098    0.205119    0.201507    2.131156 ^ _470_/Y (sky130_fd_sc_hd__o22ai_4)
                                                         _195_ (net)
                      0.205126    0.000941    2.132097 ^ rebuffer124/A (sky130_fd_sc_hd__buf_6)
     1    0.005349    0.022902    0.076319    2.208417 ^ rebuffer124/X (sky130_fd_sc_hd__buf_6)
                                                         net124 (net)
                      0.022902    0.000171    2.208588 ^ _479_/A2_N (sky130_fd_sc_hd__o2bb2ai_2)
     1    0.005682    0.084074    0.063791    2.272379 ^ _479_/Y (sky130_fd_sc_hd__o2bb2ai_2)
                                                         _203_ (net)
                      0.084074    0.000192    2.272571 ^ _481_/B1 (sky130_fd_sc_hd__o21ai_2)
     1    0.009363    0.047990    0.039336    2.311907 v _481_/Y (sky130_fd_sc_hd__o21ai_2)
                                                         _205_ (net)
                      0.047993    0.000318    2.312225 v _482_/A (sky130_fd_sc_hd__nand2_4)
     1    0.010754    0.040901    0.051936    2.364161 ^ _482_/Y (sky130_fd_sc_hd__nand2_4)
                                                         net79 (net)
                      0.040902    0.000498    2.364659 ^ output79/A (sky130_fd_sc_hd__buf_8)
     1    0.035929    0.051209    0.086058    2.450717 ^ output79/X (sky130_fd_sc_hd__buf_8)
                                                         S[21] (net)
                      0.051275    0.001246    2.451963 ^ S[21] (out)
                                              2.451963   data arrival time

                      0.000000    4.000000    4.000000   clock __VIRTUAL_CLK__ (rise edge)
                                  0.000000    4.000000   clock network delay (ideal)
                                 -0.250000    3.750000   clock uncertainty
                                  0.000000    3.750000   clock reconvergence pessimism
                                 -0.800000    2.950000   output external delay
                                              2.950000   data required time
---------------------------------------------------------------------------------------------
                                              2.950000   data required time
                                             -2.451963   data arrival time
---------------------------------------------------------------------------------------------
                                              0.498037   slack (MET)


Startpoint: sub (input port clocked by __VIRTUAL_CLK__)
Endpoint: S[22] (output port clocked by __VIRTUAL_CLK__)
Path Group: __VIRTUAL_CLK__
Path Type: max

Fanout         Cap        Slew       Delay        Time   Description
---------------------------------------------------------------------------------------------
                      0.000000    0.000000    0.000000   clock __VIRTUAL_CLK__ (rise edge)
                                  0.000000    0.000000   clock network delay (ideal)
                                  0.800000    0.800000 v input external delay
     1    0.008239    0.013483    0.008330    0.808330 v sub (in)
                                                         sub (net)
                      0.013488    0.000000    0.808330 v input65/A (sky130_fd_sc_hd__buf_8)
     4    0.031449    0.028366    0.084184    0.892514 v input65/X (sky130_fd_sc_hd__buf_8)
                                                         net65 (net)
                      0.028434    0.001271    0.893785 v fanout121/A (sky130_fd_sc_hd__buf_8)
     5    0.030707    0.028276    0.089368    0.983153 v fanout121/X (sky130_fd_sc_hd__buf_8)
                                                         net121 (net)
                      0.028382    0.001221    0.984375 v fanout113/A (sky130_fd_sc_hd__buf_8)
     2    0.010518    0.019015    0.078637    1.063012 v fanout113/X (sky130_fd_sc_hd__buf_8)
                                                         net113 (net)
                      0.019015    0.000388    1.063400 v load_slew115/A (sky130_fd_sc_hd__buf_8)
     3    0.016668    0.021613    0.078530    1.141929 v load_slew115/X (sky130_fd_sc_hd__buf_8)
                                                         net115 (net)
                      0.021613    0.000261    1.142190 v load_slew114/A (sky130_fd_sc_hd__buf_8)
     3    0.043388    0.034935    0.093479    1.235669 v load_slew114/X (sky130_fd_sc_hd__buf_8)
                                                         net114 (net)
                      0.035030    0.001670    1.237339 v _717_/A (sky130_fd_sc_hd__and2_4)
     3    0.014183    0.032688    0.103732    1.341072 v _717_/X (sky130_fd_sc_hd__and2_4)
                                                         _064_ (net)
                      0.032714    0.000283    1.341355 v _723_/A2 (sky130_fd_sc_hd__o2111a_2)
     1    0.009100    0.040891    0.173932    1.515287 v _723_/X (sky130_fd_sc_hd__o2111a_2)
                                                         _070_ (net)
                      0.040892    0.000282    1.515569 v _414_/A2 (sky130_fd_sc_hd__a21oi_4)
     3    0.023711    0.154557    0.168921    1.684489 ^ _414_/Y (sky130_fd_sc_hd__a21oi_4)
                                                         _143_ (net)
                      0.154569    0.001119    1.685608 ^ _415_/A (sky130_fd_sc_hd__nand3_4)
     3    0.019205    0.075145    0.075621    1.761229 v _415_/Y (sky130_fd_sc_hd__nand3_4)
                                                         _144_ (net)
                      0.075148    0.000937    1.762166 v _424_/B1 (sky130_fd_sc_hd__o22ai_4)
     4    0.025230    0.167476    0.170451    1.932617 ^ _424_/Y (sky130_fd_sc_hd__o22ai_4)
                                                         _153_ (net)
                      0.167552    0.001663    1.934280 ^ _470_/B1 (sky130_fd_sc_hd__o22ai_4)
     7    0.031815    0.075828    0.079956    2.014236 v _470_/Y (sky130_fd_sc_hd__o22ai_4)
                                                         _195_ (net)
                      0.075855    0.001220    2.015456 v rebuffer127/A (sky130_fd_sc_hd__buf_2)
     1    0.002665    0.017104    0.093261    2.108717 v rebuffer127/X (sky130_fd_sc_hd__buf_2)
                                                         net127 (net)
                      0.017104    0.000057    2.108774 v _495_/A1 (sky130_fd_sc_hd__a211o_2)
     1    0.009611    0.047320    0.198034    2.306808 v _495_/X (sky130_fd_sc_hd__a211o_2)
                                                         _218_ (net)
                      0.047321    0.000343    2.307151 v _497_/B (sky130_fd_sc_hd__nand2_4)
     1    0.007879    0.035736    0.054996    2.362147 ^ _497_/Y (sky130_fd_sc_hd__nand2_4)
                                                         net80 (net)
                      0.035736    0.000250    2.362397 ^ output80/A (sky130_fd_sc_hd__buf_8)
     1    0.035231    0.050384    0.084346    2.446743 ^ output80/X (sky130_fd_sc_hd__buf_8)
                                                         S[22] (net)
                      0.050437    0.001056    2.447799 ^ S[22] (out)
                                              2.447799   data arrival time

                      0.000000    4.000000    4.000000   clock __VIRTUAL_CLK__ (rise edge)
                                  0.000000    4.000000   clock network delay (ideal)
                                 -0.250000    3.750000   clock uncertainty
                                  0.000000    3.750000   clock reconvergence pessimism
                                 -0.800000    2.950000   output external delay
                                              2.950000   data required time
---------------------------------------------------------------------------------------------
                                              2.950000   data required time
                                             -2.447799   data arrival time
---------------------------------------------------------------------------------------------
                                              0.502201   slack (MET)


Startpoint: sub (input port clocked by __VIRTUAL_CLK__)
Endpoint: S[30] (output port clocked by __VIRTUAL_CLK__)
Path Group: __VIRTUAL_CLK__
Path Type: max

Fanout         Cap        Slew       Delay        Time   Description
---------------------------------------------------------------------------------------------
                      0.000000    0.000000    0.000000   clock __VIRTUAL_CLK__ (rise edge)
                                  0.000000    0.000000   clock network delay (ideal)
                                  0.800000    0.800000 v input external delay
     1    0.008239    0.013483    0.008330    0.808330 v sub (in)
                                                         sub (net)
                      0.013488    0.000000    0.808330 v input65/A (sky130_fd_sc_hd__buf_8)
     4    0.031449    0.028366    0.084184    0.892514 v input65/X (sky130_fd_sc_hd__buf_8)
                                                         net65 (net)
                      0.028434    0.001271    0.893785 v fanout121/A (sky130_fd_sc_hd__buf_8)
     5    0.030707    0.028276    0.089368    0.983153 v fanout121/X (sky130_fd_sc_hd__buf_8)
                                                         net121 (net)
                      0.028382    0.001221    0.984375 v fanout113/A (sky130_fd_sc_hd__buf_8)
     2    0.010518    0.019015    0.078637    1.063012 v fanout113/X (sky130_fd_sc_hd__buf_8)
                                                         net113 (net)
                      0.019015    0.000388    1.063400 v load_slew115/A (sky130_fd_sc_hd__buf_8)
     3    0.016668    0.021613    0.078530    1.141929 v load_slew115/X (sky130_fd_sc_hd__buf_8)
                                                         net115 (net)
                      0.021613    0.000261    1.142190 v load_slew114/A (sky130_fd_sc_hd__buf_8)
     3    0.043388    0.034935    0.093479    1.235669 v load_slew114/X (sky130_fd_sc_hd__buf_8)
                                                         net114 (net)
                      0.035030    0.001670    1.237339 v _717_/A (sky130_fd_sc_hd__and2_4)
     3    0.014183    0.032688    0.103732    1.341072 v _717_/X (sky130_fd_sc_hd__and2_4)
                                                         _064_ (net)
                      0.032714    0.000283    1.341355 v _723_/A2 (sky130_fd_sc_hd__o2111a_2)
     1    0.009100    0.040891    0.173932    1.515287 v _723_/X (sky130_fd_sc_hd__o2111a_2)
                                                         _070_ (net)
                      0.040892    0.000282    1.515569 v _414_/A2 (sky130_fd_sc_hd__a21oi_4)
     3    0.023711    0.154557    0.168921    1.684489 ^ _414_/Y (sky130_fd_sc_hd__a21oi_4)
                                                         _143_ (net)
                      0.154569    0.001119    1.685608 ^ _415_/A (sky130_fd_sc_hd__nand3_4)
     3    0.019205    0.075145    0.075621    1.761229 v _415_/Y (sky130_fd_sc_hd__nand3_4)
                                                         _144_ (net)
                      0.075147    0.000635    1.761864 v rebuffer131/A (sky130_fd_sc_hd__buf_4)
     1    0.008025    0.022686    0.110893    1.872757 v rebuffer131/X (sky130_fd_sc_hd__buf_4)
                                                         net131 (net)
                      0.022686    0.000250    1.873007 v _574_/B2 (sky130_fd_sc_hd__o221ai_4)
     3    0.020812    0.174763    0.146915    2.019922 ^ _574_/Y (sky130_fd_sc_hd__o221ai_4)
                                                         _291_ (net)
                      0.174763    0.000723    2.020645 ^ _577_/B (sky130_fd_sc_hd__nand2_4)
     5    0.029011    0.064843    0.066757    2.087402 v _577_/Y (sky130_fd_sc_hd__nand2_4)
                                                         _294_ (net)
                      0.064893    0.001499    2.088901 v _603_/A1 (sky130_fd_sc_hd__a21o_2)
     1    0.008908    0.035739    0.147133    2.236034 v _603_/X (sky130_fd_sc_hd__a21o_2)
                                                         _318_ (net)
                      0.035741    0.000304    2.236338 v _604_/A2 (sky130_fd_sc_hd__o21ai_4)
     1    0.008233    0.088636    0.095457    2.331796 ^ _604_/Y (sky130_fd_sc_hd__o21ai_4)
                                                         net89 (net)
                      0.088636    0.000352    2.332147 ^ output89/A (sky130_fd_sc_hd__buf_6)
     1    0.034369    0.057897    0.101128    2.433276 ^ output89/X (sky130_fd_sc_hd__buf_6)
                                                         S[30] (net)
                      0.057907    0.000798    2.434073 ^ S[30] (out)
                                              2.434073   data arrival time

                      0.000000    4.000000    4.000000   clock __VIRTUAL_CLK__ (rise edge)
                                  0.000000    4.000000   clock network delay (ideal)
                                 -0.250000    3.750000   clock uncertainty
                                  0.000000    3.750000   clock reconvergence pessimism
                                 -0.800000    2.950000   output external delay
                                              2.950000   data required time
---------------------------------------------------------------------------------------------
                                              2.950000   data required time
                                             -2.434073   data arrival time
---------------------------------------------------------------------------------------------
                                              0.515926   slack (MET)


Startpoint: sub (input port clocked by __VIRTUAL_CLK__)
Endpoint: S[23] (output port clocked by __VIRTUAL_CLK__)
Path Group: __VIRTUAL_CLK__
Path Type: max

Fanout         Cap        Slew       Delay        Time   Description
---------------------------------------------------------------------------------------------
                      0.000000    0.000000    0.000000   clock __VIRTUAL_CLK__ (rise edge)
                                  0.000000    0.000000   clock network delay (ideal)
                                  0.800000    0.800000 v input external delay
     1    0.008239    0.013483    0.008330    0.808330 v sub (in)
                                                         sub (net)
                      0.013488    0.000000    0.808330 v input65/A (sky130_fd_sc_hd__buf_8)
     4    0.031449    0.028366    0.084184    0.892514 v input65/X (sky130_fd_sc_hd__buf_8)
                                                         net65 (net)
                      0.028434    0.001271    0.893785 v fanout121/A (sky130_fd_sc_hd__buf_8)
     5    0.030707    0.028276    0.089368    0.983153 v fanout121/X (sky130_fd_sc_hd__buf_8)
                                                         net121 (net)
                      0.028382    0.001221    0.984375 v fanout113/A (sky130_fd_sc_hd__buf_8)
     2    0.010518    0.019015    0.078637    1.063012 v fanout113/X (sky130_fd_sc_hd__buf_8)
                                                         net113 (net)
                      0.019015    0.000388    1.063400 v load_slew115/A (sky130_fd_sc_hd__buf_8)
     3    0.016668    0.021613    0.078530    1.141929 v load_slew115/X (sky130_fd_sc_hd__buf_8)
                                                         net115 (net)
                      0.021613    0.000261    1.142190 v load_slew114/A (sky130_fd_sc_hd__buf_8)
     3    0.043388    0.034935    0.093479    1.235669 v load_slew114/X (sky130_fd_sc_hd__buf_8)
                                                         net114 (net)
                      0.035059    0.001885    1.237554 v _652_/A (sky130_fd_sc_hd__inv_16)
     8    0.073371    0.058863    0.066127    1.303681 ^ _652_/Y (sky130_fd_sc_hd__inv_16)
                                                         _348_ (net)
                      0.058893    0.001113    1.304795 ^ _702_/A (sky130_fd_sc_hd__nand2_2)
     1    0.005693    0.041582    0.032698    1.337492 v _702_/Y (sky130_fd_sc_hd__nand2_2)
                                                         _049_ (net)
                      0.041583    0.000188    1.337681 v _706_/B (sky130_fd_sc_hd__nand3b_2)
     4    0.024241    0.126829    0.117566    1.455246 ^ _706_/Y (sky130_fd_sc_hd__nand3b_2)
                                                         _053_ (net)
                      0.126835    0.000746    1.455992 ^ _709_/D (sky130_fd_sc_hd__nand4_4)
     1    0.009030    0.073203    0.069355    1.525347 v _709_/Y (sky130_fd_sc_hd__nand4_4)
                                                         _056_ (net)
                      0.073203    0.000322    1.525669 v _725_/B (sky130_fd_sc_hd__nor2_4)
     4    0.033967    0.164680    0.160714    1.686383 ^ _725_/Y (sky130_fd_sc_hd__nor2_4)
                                                         _072_ (net)
                      0.164729    0.002451    1.688834 ^ _410_/D (sky130_fd_sc_hd__nand4_4)
     2    0.014831    0.072716    0.081390    1.770224 v _410_/Y (sky130_fd_sc_hd__nand4_4)
                                                         _139_ (net)
                      0.072716    0.000444    1.770668 v _415_/C (sky130_fd_sc_hd__nand3_4)
     3    0.020681    0.076930    0.099107    1.869774 ^ _415_/Y (sky130_fd_sc_hd__nand3_4)
                                                         _144_ (net)
                      0.076933    0.001013    1.870787 ^ _424_/B1 (sky130_fd_sc_hd__o22ai_4)
     4    0.024022    0.071359    0.057287    1.928073 v _424_/Y (sky130_fd_sc_hd__o22ai_4)
                                                         _153_ (net)
                      0.071411    0.001576    1.929649 v _470_/B1 (sky130_fd_sc_hd__o22ai_4)
     7    0.034098    0.205119    0.201507    2.131156 ^ _470_/Y (sky130_fd_sc_hd__o22ai_4)
                                                         _195_ (net)
                      0.205134    0.001415    2.132571 ^ _507_/B (sky130_fd_sc_hd__nand2_2)
     1    0.009347    0.055202    0.053323    2.185894 v _507_/Y (sky130_fd_sc_hd__nand2_2)
                                                         _229_ (net)
                      0.055204    0.000296    2.186190 v _512_/A2 (sky130_fd_sc_hd__a21oi_4)
     1    0.009962    0.092999    0.126065    2.312255 ^ _512_/Y (sky130_fd_sc_hd__a21oi_4)
                                                         _234_ (net)
                      0.092999    0.000326    2.312581 ^ _513_/B (sky130_fd_sc_hd__nor2_4)
     1    0.004825    0.037216    0.017364    2.329945 v _513_/Y (sky130_fd_sc_hd__nor2_4)
                                                         net81 (net)
                      0.037216    0.000150    2.330095 v output81/A (sky130_fd_sc_hd__buf_6)
     1    0.035655    0.032975    0.098336    2.428430 v output81/X (sky130_fd_sc_hd__buf_6)
                                                         S[23] (net)
                      0.033027    0.001207    2.429638 v S[23] (out)
                                              2.429638   data arrival time

                      0.000000    4.000000    4.000000   clock __VIRTUAL_CLK__ (rise edge)
                                  0.000000    4.000000   clock network delay (ideal)
                                 -0.250000    3.750000   clock uncertainty
                                  0.000000    3.750000   clock reconvergence pessimism
                                 -0.800000    2.950000   output external delay
                                              2.950000   data required time
---------------------------------------------------------------------------------------------
                                              2.950000   data required time
                                             -2.429638   data arrival time
---------------------------------------------------------------------------------------------
                                              0.520362   slack (MET)


Startpoint: sub (input port clocked by __VIRTUAL_CLK__)
Endpoint: S[28] (output port clocked by __VIRTUAL_CLK__)
Path Group: __VIRTUAL_CLK__
Path Type: max

Fanout         Cap        Slew       Delay        Time   Description
---------------------------------------------------------------------------------------------
                      0.000000    0.000000    0.000000   clock __VIRTUAL_CLK__ (rise edge)
                                  0.000000    0.000000   clock network delay (ideal)
                                  0.800000    0.800000 ^ input external delay
     1    0.008906    0.034828    0.023606    0.823606 ^ sub (in)
                                                         sub (net)
                      0.034830    0.000000    0.823606 ^ input65/A (sky130_fd_sc_hd__buf_8)
     4    0.032705    0.047513    0.081794    0.905399 ^ input65/X (sky130_fd_sc_hd__buf_8)
                                                         net65 (net)
                      0.047594    0.001376    0.906776 ^ fanout109/A (sky130_fd_sc_hd__dlymetal6s2s_1)
     3    0.017056    0.144232    0.147055    1.053831 ^ fanout109/X (sky130_fd_sc_hd__dlymetal6s2s_1)
                                                         net109 (net)
                      0.144237    0.000730    1.054561 ^ fanout108/A (sky130_fd_sc_hd__clkbuf_2)
     7    0.040273    0.169454    0.195340    1.249900 ^ fanout108/X (sky130_fd_sc_hd__clkbuf_2)
                                                         net108 (net)
                      0.169462    0.000999    1.250900 ^ _472_/A (sky130_fd_sc_hd__nor2_2)
     2    0.011267    0.051822    0.047764    1.298664 v _472_/Y (sky130_fd_sc_hd__nor2_2)
                                                         _196_ (net)
                      0.051822    0.000226    1.298889 v _475_/A1 (sky130_fd_sc_hd__o21bai_4)
     4    0.020231    0.131028    0.149729    1.448618 ^ _475_/Y (sky130_fd_sc_hd__o21bai_4)
                                                         _199_ (net)
                      0.131032    0.000585    1.449203 ^ _478_/B1 (sky130_fd_sc_hd__o21ai_2)
     2    0.013099    0.055199    0.051861    1.501064 v _478_/Y (sky130_fd_sc_hd__o21ai_2)
                                                         _202_ (net)
                      0.055204    0.000431    1.501496 v _515_/C (sky130_fd_sc_hd__nor4_4)
     3    0.016680    0.235642    0.231816    1.733311 ^ _515_/Y (sky130_fd_sc_hd__nor4_4)
                                                         _236_ (net)
                      0.235642    0.000351    1.733662 ^ _517_/A1 (sky130_fd_sc_hd__a21oi_2)
     2    0.009813    0.067262    0.054666    1.788329 v _517_/Y (sky130_fd_sc_hd__a21oi_2)
                                                         _238_ (net)
                      0.067263    0.000353    1.788681 v max_cap99/A (sky130_fd_sc_hd__buf_6)
     6    0.033957    0.032022    0.111000    1.899681 v max_cap99/X (sky130_fd_sc_hd__buf_6)
                                                         net99 (net)
                      0.032055    0.000958    1.900640 v _575_/A2 (sky130_fd_sc_hd__o21a_4)
     3    0.021812    0.040953    0.145425    2.046064 v _575_/X (sky130_fd_sc_hd__o21a_4)
                                                         _292_ (net)
                      0.041022    0.000871    2.046935 v _579_/A2 (sky130_fd_sc_hd__a21oi_2)
     2    0.007605    0.092995    0.118602    2.165537 ^ _579_/Y (sky130_fd_sc_hd__a21oi_2)
                                                         _296_ (net)
                      0.092995    0.000197    2.165734 ^ _581_/A_N (sky130_fd_sc_hd__and2b_4)
     1    0.013385    0.032556    0.143218    2.308952 v _581_/X (sky130_fd_sc_hd__and2b_4)
                                                         net86 (net)
                      0.032570    0.000653    2.309605 v output86/A (sky130_fd_sc_hd__buf_6)
     1    0.035423    0.032711    0.096380    2.405985 v output86/X (sky130_fd_sc_hd__buf_6)
                                                         S[28] (net)
                      0.032730    0.000758    2.406743 v S[28] (out)
                                              2.406743   data arrival time

                      0.000000    4.000000    4.000000   clock __VIRTUAL_CLK__ (rise edge)
                                  0.000000    4.000000   clock network delay (ideal)
                                 -0.250000    3.750000   clock uncertainty
                                  0.000000    3.750000   clock reconvergence pessimism
                                 -0.800000    2.950000   output external delay
                                              2.950000   data required time
---------------------------------------------------------------------------------------------
                                              2.950000   data required time
                                             -2.406743   data arrival time
---------------------------------------------------------------------------------------------
                                              0.543257   slack (MET)


Startpoint: sub (input port clocked by __VIRTUAL_CLK__)
Endpoint: S[31] (output port clocked by __VIRTUAL_CLK__)
Path Group: __VIRTUAL_CLK__
Path Type: max

Fanout         Cap        Slew       Delay        Time   Description
---------------------------------------------------------------------------------------------
                      0.000000    0.000000    0.000000   clock __VIRTUAL_CLK__ (rise edge)
                                  0.000000    0.000000   clock network delay (ideal)
                                  0.800000    0.800000 ^ input external delay
     1    0.008906    0.034828    0.023606    0.823606 ^ sub (in)
                                                         sub (net)
                      0.034830    0.000000    0.823606 ^ input65/A (sky130_fd_sc_hd__buf_8)
     4    0.032705    0.047513    0.081794    0.905399 ^ input65/X (sky130_fd_sc_hd__buf_8)
                                                         net65 (net)
                      0.047594    0.001376    0.906776 ^ fanout109/A (sky130_fd_sc_hd__dlymetal6s2s_1)
     3    0.017056    0.144232    0.147055    1.053831 ^ fanout109/X (sky130_fd_sc_hd__dlymetal6s2s_1)
                                                         net109 (net)
                      0.144234    0.000404    1.054235 ^ fanout106/A (sky130_fd_sc_hd__buf_4)
     6    0.030386    0.069771    0.129896    1.184131 ^ fanout106/X (sky130_fd_sc_hd__buf_4)
                                                         net106 (net)
                      0.069772    0.000474    1.184605 ^ load_slew107/A (sky130_fd_sc_hd__buf_4)
     5    0.042219    0.092449    0.132912    1.317517 ^ load_slew107/X (sky130_fd_sc_hd__buf_4)
                                                         net107 (net)
                      0.092493    0.000927    1.318444 ^ _426_/A (sky130_fd_sc_hd__nor2_4)
     2    0.011117    0.036005    0.033503    1.351947 v _426_/Y (sky130_fd_sc_hd__nor2_4)
                                                         _154_ (net)
                      0.036008    0.000265    1.352212 v _430_/A1 (sky130_fd_sc_hd__o21bai_4)
     4    0.020205    0.130808    0.143430    1.495642 ^ _430_/Y (sky130_fd_sc_hd__o21bai_4)
                                                         _158_ (net)
                      0.130810    0.000643    1.496286 ^ _431_/B (sky130_fd_sc_hd__nand2_4)
     2    0.019876    0.047812    0.054718    1.551004 v _431_/Y (sky130_fd_sc_hd__nand2_4)
                                                         _159_ (net)
                      0.047841    0.000656    1.551660 v _464_/B (sky130_fd_sc_hd__nor4_4)
     3    0.013244    0.208058    0.235625    1.787285 ^ _464_/Y (sky130_fd_sc_hd__nor4_4)
                                                         _189_ (net)
                      0.208059    0.000626    1.787910 ^ _519_/A (sky130_fd_sc_hd__nand2_2)
     2    0.011219    0.066467    0.055435    1.843345 v _519_/Y (sky130_fd_sc_hd__nand2_2)
                                                         _240_ (net)
                      0.066469    0.000339    1.843683 v _573_/A (sky130_fd_sc_hd__nor2_4)
     2    0.016546    0.093038    0.119118    1.962801 ^ _573_/Y (sky130_fd_sc_hd__nor2_4)
                                                         _290_ (net)
                      0.093040    0.000619    1.963420 ^ _574_/C1 (sky130_fd_sc_hd__o221ai_4)
     3    0.019253    0.076693    0.061252    2.024672 v _574_/Y (sky130_fd_sc_hd__o221ai_4)
                                                         _291_ (net)
                      0.076695    0.000667    2.025340 v _577_/B (sky130_fd_sc_hd__nand2_4)
     5    0.030337    0.080825    0.102302    2.127641 ^ _577_/Y (sky130_fd_sc_hd__nand2_4)
                                                         _294_ (net)
                      0.080893    0.001909    2.129550 ^ _605_/A (sky130_fd_sc_hd__nand4_4)
     1    0.008324    0.062509    0.053525    2.183074 v _605_/Y (sky130_fd_sc_hd__nand4_4)
                                                         _319_ (net)
                      0.062509    0.000173    2.183248 v _614_/A2 (sky130_fd_sc_hd__a22oi_4)
     1    0.007696    0.078783    0.113993    2.297240 ^ _614_/Y (sky130_fd_sc_hd__a22oi_4)
                                                         net90 (net)
                      0.078783    0.000331    2.297571 ^ output90/A (sky130_fd_sc_hd__buf_6)
     1    0.035148    0.058870    0.100261    2.397832 ^ output90/X (sky130_fd_sc_hd__buf_6)
                                                         S[31] (net)
                      0.058887    0.000999    2.398832 ^ S[31] (out)
                                              2.398832   data arrival time

                      0.000000    4.000000    4.000000   clock __VIRTUAL_CLK__ (rise edge)
                                  0.000000    4.000000   clock network delay (ideal)
                                 -0.250000    3.750000   clock uncertainty
                                  0.000000    3.750000   clock reconvergence pessimism
                                 -0.800000    2.950000   output external delay
                                              2.950000   data required time
---------------------------------------------------------------------------------------------
                                              2.950000   data required time
                                             -2.398832   data arrival time
---------------------------------------------------------------------------------------------
                                              0.551168   slack (MET)


Startpoint: sub (input port clocked by __VIRTUAL_CLK__)
Endpoint: S[24] (output port clocked by __VIRTUAL_CLK__)
Path Group: __VIRTUAL_CLK__
Path Type: max

Fanout         Cap        Slew       Delay        Time   Description
---------------------------------------------------------------------------------------------
                      0.000000    0.000000    0.000000   clock __VIRTUAL_CLK__ (rise edge)
                                  0.000000    0.000000   clock network delay (ideal)
                                  0.800000    0.800000 ^ input external delay
     1    0.008906    0.034828    0.023606    0.823606 ^ sub (in)
                                                         sub (net)
                      0.034830    0.000000    0.823606 ^ input65/A (sky130_fd_sc_hd__buf_8)
     4    0.032705    0.047513    0.081794    0.905399 ^ input65/X (sky130_fd_sc_hd__buf_8)
                                                         net65 (net)
                      0.047594    0.001376    0.906776 ^ fanout109/A (sky130_fd_sc_hd__dlymetal6s2s_1)
     3    0.017056    0.144232    0.147055    1.053831 ^ fanout109/X (sky130_fd_sc_hd__dlymetal6s2s_1)
                                                         net109 (net)
                      0.144234    0.000404    1.054235 ^ fanout106/A (sky130_fd_sc_hd__buf_4)
     6    0.030386    0.069771    0.129896    1.184131 ^ fanout106/X (sky130_fd_sc_hd__buf_4)
                                                         net106 (net)
                      0.069772    0.000474    1.184605 ^ load_slew107/A (sky130_fd_sc_hd__buf_4)
     5    0.042219    0.092449    0.132912    1.317517 ^ load_slew107/X (sky130_fd_sc_hd__buf_4)
                                                         net107 (net)
                      0.092493    0.000927    1.318444 ^ _426_/A (sky130_fd_sc_hd__nor2_4)
     2    0.011117    0.036005    0.033503    1.351947 v _426_/Y (sky130_fd_sc_hd__nor2_4)
                                                         _154_ (net)
                      0.036008    0.000265    1.352212 v _430_/A1 (sky130_fd_sc_hd__o21bai_4)
     4    0.020205    0.130808    0.143430    1.495642 ^ _430_/Y (sky130_fd_sc_hd__o21bai_4)
                                                         _158_ (net)
                      0.130810    0.000643    1.496286 ^ _431_/B (sky130_fd_sc_hd__nand2_4)
     2    0.019876    0.047812    0.054718    1.551004 v _431_/Y (sky130_fd_sc_hd__nand2_4)
                                                         _159_ (net)
                      0.047841    0.000656    1.551660 v _464_/B (sky130_fd_sc_hd__nor4_4)
     3    0.013244    0.208058    0.235625    1.787285 ^ _464_/Y (sky130_fd_sc_hd__nor4_4)
                                                         _189_ (net)
                      0.208059    0.000527    1.787812 ^ _518_/A (sky130_fd_sc_hd__and2_2)
     1    0.007279    0.042916    0.129266    1.917078 ^ _518_/X (sky130_fd_sc_hd__and2_2)
                                                         _239_ (net)
                      0.042918    0.000312    1.917389 ^ _520_/C1 (sky130_fd_sc_hd__o221ai_2)
     4    0.024739    0.103646    0.072456    1.989846 v _520_/Y (sky130_fd_sc_hd__o221ai_2)
                                                         _241_ (net)
                      0.103660    0.001050    1.990896 v _529_/A1 (sky130_fd_sc_hd__a21o_2)
     2    0.007198    0.032661    0.158459    2.149354 v _529_/X (sky130_fd_sc_hd__a21o_2)
                                                         _250_ (net)
                      0.032661    0.000037    2.149391 v _531_/A (sky130_fd_sc_hd__and2_2)
     1    0.004392    0.029792    0.111031    2.260422 v _531_/X (sky130_fd_sc_hd__and2_2)
                                                         net82 (net)
                      0.029792    0.000165    2.260587 v output82/A (sky130_fd_sc_hd__clkbuf_2)
     1    0.035149    0.093875    0.134504    2.395091 v output82/X (sky130_fd_sc_hd__clkbuf_2)
                                                         S[24] (net)
                      0.093886    0.001063    2.396154 v S[24] (out)
                                              2.396154   data arrival time

                      0.000000    4.000000    4.000000   clock __VIRTUAL_CLK__ (rise edge)
                                  0.000000    4.000000   clock network delay (ideal)
                                 -0.250000    3.750000   clock uncertainty
                                  0.000000    3.750000   clock reconvergence pessimism
                                 -0.800000    2.950000   output external delay
                                              2.950000   data required time
---------------------------------------------------------------------------------------------
                                              2.950000   data required time
                                             -2.396154   data arrival time
---------------------------------------------------------------------------------------------
                                              0.553846   slack (MET)


Startpoint: sub (input port clocked by __VIRTUAL_CLK__)
Endpoint: S[26] (output port clocked by __VIRTUAL_CLK__)
Path Group: __VIRTUAL_CLK__
Path Type: max

Fanout         Cap        Slew       Delay        Time   Description
---------------------------------------------------------------------------------------------
                      0.000000    0.000000    0.000000   clock __VIRTUAL_CLK__ (rise edge)
                                  0.000000    0.000000   clock network delay (ideal)
                                  0.800000    0.800000 v input external delay
     1    0.008239    0.013483    0.008330    0.808330 v sub (in)
                                                         sub (net)
                      0.013488    0.000000    0.808330 v input65/A (sky130_fd_sc_hd__buf_8)
     4    0.031449    0.028366    0.084184    0.892514 v input65/X (sky130_fd_sc_hd__buf_8)
                                                         net65 (net)
                      0.028434    0.001271    0.893785 v fanout121/A (sky130_fd_sc_hd__buf_8)
     5    0.030707    0.028276    0.089368    0.983153 v fanout121/X (sky130_fd_sc_hd__buf_8)
                                                         net121 (net)
                      0.028382    0.001221    0.984375 v fanout113/A (sky130_fd_sc_hd__buf_8)
     2    0.010518    0.019015    0.078637    1.063012 v fanout113/X (sky130_fd_sc_hd__buf_8)
                                                         net113 (net)
                      0.019015    0.000388    1.063400 v load_slew115/A (sky130_fd_sc_hd__buf_8)
     3    0.016668    0.021613    0.078530    1.141929 v load_slew115/X (sky130_fd_sc_hd__buf_8)
                                                         net115 (net)
                      0.021613    0.000261    1.142190 v load_slew114/A (sky130_fd_sc_hd__buf_8)
     3    0.043388    0.034935    0.093479    1.235669 v load_slew114/X (sky130_fd_sc_hd__buf_8)
                                                         net114 (net)
                      0.035030    0.001670    1.237339 v _717_/A (sky130_fd_sc_hd__and2_4)
     3    0.014183    0.032688    0.103732    1.341072 v _717_/X (sky130_fd_sc_hd__and2_4)
                                                         _064_ (net)
                      0.032714    0.000283    1.341355 v _723_/A2 (sky130_fd_sc_hd__o2111a_2)
     1    0.009100    0.040891    0.173932    1.515287 v _723_/X (sky130_fd_sc_hd__o2111a_2)
                                                         _070_ (net)
                      0.040892    0.000282    1.515569 v _414_/A2 (sky130_fd_sc_hd__a21oi_4)
     3    0.023711    0.154557    0.168921    1.684489 ^ _414_/Y (sky130_fd_sc_hd__a21oi_4)
                                                         _143_ (net)
                      0.154569    0.001119    1.685608 ^ _415_/A (sky130_fd_sc_hd__nand3_4)
     3    0.019205    0.075145    0.075621    1.761229 v _415_/Y (sky130_fd_sc_hd__nand3_4)
                                                         _144_ (net)
                      0.075147    0.000784    1.762013 v _520_/B2 (sky130_fd_sc_hd__o221ai_2)
     4    0.026325    0.260007    0.239335    2.001348 ^ _520_/Y (sky130_fd_sc_hd__o221ai_2)
                                                         _241_ (net)
                      0.260016    0.001247    2.002595 ^ _542_/A1 (sky130_fd_sc_hd__a21boi_2)
     2    0.006648    0.063084    0.042130    2.044725 v _542_/Y (sky130_fd_sc_hd__a21boi_2)
                                                         _261_ (net)
                      0.063085    0.000103    2.044828 v _551_/A_N (sky130_fd_sc_hd__nand3b_2)
     1    0.004897    0.043750    0.144126    2.188954 v _551_/Y (sky130_fd_sc_hd__nand3b_2)
                                                         _270_ (net)
                      0.043750    0.000158    2.189112 v _552_/B (sky130_fd_sc_hd__nand2_2)
     1    0.003883    0.032279    0.050148    2.239259 ^ _552_/Y (sky130_fd_sc_hd__nand2_2)
                                                         net84 (net)
                      0.032280    0.000134    2.239394 ^ output84/A (sky130_fd_sc_hd__clkbuf_2)
     1    0.034840    0.147579    0.154938    2.394332 ^ output84/X (sky130_fd_sc_hd__clkbuf_2)
                                                         S[26] (net)
                      0.147588    0.000973    2.395304 ^ S[26] (out)
                                              2.395304   data arrival time

                      0.000000    4.000000    4.000000   clock __VIRTUAL_CLK__ (rise edge)
                                  0.000000    4.000000   clock network delay (ideal)
                                 -0.250000    3.750000   clock uncertainty
                                  0.000000    3.750000   clock reconvergence pessimism
                                 -0.800000    2.950000   output external delay
                                              2.950000   data required time
---------------------------------------------------------------------------------------------
                                              2.950000   data required time
                                             -2.395304   data arrival time
---------------------------------------------------------------------------------------------
                                              0.554695   slack (MET)


Startpoint: sub (input port clocked by __VIRTUAL_CLK__)
Endpoint: S[29] (output port clocked by __VIRTUAL_CLK__)
Path Group: __VIRTUAL_CLK__
Path Type: max

Fanout         Cap        Slew       Delay        Time   Description
---------------------------------------------------------------------------------------------
                      0.000000    0.000000    0.000000   clock __VIRTUAL_CLK__ (rise edge)
                                  0.000000    0.000000   clock network delay (ideal)
                                  0.800000    0.800000 ^ input external delay
     1    0.008906    0.034828    0.023606    0.823606 ^ sub (in)
                                                         sub (net)
                      0.034830    0.000000    0.823606 ^ input65/A (sky130_fd_sc_hd__buf_8)
     4    0.032705    0.047513    0.081794    0.905399 ^ input65/X (sky130_fd_sc_hd__buf_8)
                                                         net65 (net)
                      0.047594    0.001376    0.906776 ^ fanout109/A (sky130_fd_sc_hd__dlymetal6s2s_1)
     3    0.017056    0.144232    0.147055    1.053831 ^ fanout109/X (sky130_fd_sc_hd__dlymetal6s2s_1)
                                                         net109 (net)
                      0.144237    0.000730    1.054561 ^ fanout108/A (sky130_fd_sc_hd__clkbuf_2)
     7    0.040273    0.169454    0.195340    1.249900 ^ fanout108/X (sky130_fd_sc_hd__clkbuf_2)
                                                         net108 (net)
                      0.169462    0.000999    1.250900 ^ _472_/A (sky130_fd_sc_hd__nor2_2)
     2    0.011267    0.051822    0.047764    1.298664 v _472_/Y (sky130_fd_sc_hd__nor2_2)
                                                         _196_ (net)
                      0.051822    0.000226    1.298889 v _475_/A1 (sky130_fd_sc_hd__o21bai_4)
     4    0.020231    0.131028    0.149729    1.448618 ^ _475_/Y (sky130_fd_sc_hd__o21bai_4)
                                                         _199_ (net)
                      0.131032    0.000585    1.449203 ^ _478_/B1 (sky130_fd_sc_hd__o21ai_2)
     2    0.013099    0.055199    0.051861    1.501064 v _478_/Y (sky130_fd_sc_hd__o21ai_2)
                                                         _202_ (net)
                      0.055204    0.000431    1.501496 v _515_/C (sky130_fd_sc_hd__nor4_4)
     3    0.016680    0.235642    0.231816    1.733311 ^ _515_/Y (sky130_fd_sc_hd__nor4_4)
                                                         _236_ (net)
                      0.235642    0.000351    1.733662 ^ _517_/A1 (sky130_fd_sc_hd__a21oi_2)
     2    0.009813    0.067262    0.054666    1.788329 v _517_/Y (sky130_fd_sc_hd__a21oi_2)
                                                         _238_ (net)
                      0.067263    0.000353    1.788681 v max_cap99/A (sky130_fd_sc_hd__buf_6)
     6    0.033957    0.032022    0.111000    1.899681 v max_cap99/X (sky130_fd_sc_hd__buf_6)
                                                         net99 (net)
                      0.032055    0.000958    1.900640 v _575_/A2 (sky130_fd_sc_hd__o21a_4)
     3    0.021812    0.040953    0.145425    2.046064 v _575_/X (sky130_fd_sc_hd__o21a_4)
                                                         _292_ (net)
                      0.041022    0.000871    2.046935 v _579_/A2 (sky130_fd_sc_hd__a21oi_2)
     2    0.007605    0.092995    0.118602    2.165537 ^ _579_/Y (sky130_fd_sc_hd__a21oi_2)
                                                         _296_ (net)
                      0.092995    0.000242    2.165778 ^ _589_/A2 (sky130_fd_sc_hd__o21ai_2)
     1    0.004945    0.041430    0.036804    2.202582 v _589_/Y (sky130_fd_sc_hd__o21ai_2)
                                                         _305_ (net)
                      0.041430    0.000113    2.202696 v _590_/B1 (sky130_fd_sc_hd__o21ai_2)
     1    0.011101    0.118558    0.063242    2.265938 ^ _590_/Y (sky130_fd_sc_hd__o21ai_2)
                                                         net87 (net)
                      0.118559    0.000490    2.266427 ^ output87/A (sky130_fd_sc_hd__buf_6)
     1    0.034621    0.058571    0.106224    2.372651 ^ output87/X (sky130_fd_sc_hd__buf_6)
                                                         S[29] (net)
                      0.058578    0.000709    2.373360 ^ S[29] (out)
                                              2.373360   data arrival time

                      0.000000    4.000000    4.000000   clock __VIRTUAL_CLK__ (rise edge)
                                  0.000000    4.000000   clock network delay (ideal)
                                 -0.250000    3.750000   clock uncertainty
                                  0.000000    3.750000   clock reconvergence pessimism
                                 -0.800000    2.950000   output external delay
                                              2.950000   data required time
---------------------------------------------------------------------------------------------
                                              2.950000   data required time
                                             -2.373360   data arrival time
---------------------------------------------------------------------------------------------
                                              0.576640   slack (MET)


Startpoint: sub (input port clocked by __VIRTUAL_CLK__)
Endpoint: carryOut (output port clocked by __VIRTUAL_CLK__)
Path Group: __VIRTUAL_CLK__
Path Type: max

Fanout         Cap        Slew       Delay        Time   Description
---------------------------------------------------------------------------------------------
                      0.000000    0.000000    0.000000   clock __VIRTUAL_CLK__ (rise edge)
                                  0.000000    0.000000   clock network delay (ideal)
                                  0.800000    0.800000 v input external delay
     1    0.008239    0.013483    0.008330    0.808330 v sub (in)
                                                         sub (net)
                      0.013488    0.000000    0.808330 v input65/A (sky130_fd_sc_hd__buf_8)
     4    0.031449    0.028366    0.084184    0.892514 v input65/X (sky130_fd_sc_hd__buf_8)
                                                         net65 (net)
                      0.028434    0.001271    0.893785 v fanout121/A (sky130_fd_sc_hd__buf_8)
     5    0.030707    0.028276    0.089368    0.983153 v fanout121/X (sky130_fd_sc_hd__buf_8)
                                                         net121 (net)
                      0.028382    0.001221    0.984375 v fanout113/A (sky130_fd_sc_hd__buf_8)
     2    0.010518    0.019015    0.078637    1.063012 v fanout113/X (sky130_fd_sc_hd__buf_8)
                                                         net113 (net)
                      0.019015    0.000388    1.063400 v load_slew115/A (sky130_fd_sc_hd__buf_8)
     3    0.016668    0.021613    0.078530    1.141929 v load_slew115/X (sky130_fd_sc_hd__buf_8)
                                                         net115 (net)
                      0.021613    0.000261    1.142190 v load_slew114/A (sky130_fd_sc_hd__buf_8)
     3    0.043388    0.034935    0.093479    1.235669 v load_slew114/X (sky130_fd_sc_hd__buf_8)
                                                         net114 (net)
                      0.035030    0.001670    1.237339 v _717_/A (sky130_fd_sc_hd__and2_4)
     3    0.014183    0.032688    0.103732    1.341072 v _717_/X (sky130_fd_sc_hd__and2_4)
                                                         _064_ (net)
                      0.032714    0.000283    1.341355 v _723_/A2 (sky130_fd_sc_hd__o2111a_2)
     1    0.009100    0.040891    0.173932    1.515287 v _723_/X (sky130_fd_sc_hd__o2111a_2)
                                                         _070_ (net)
                      0.040892    0.000282    1.515569 v _414_/A2 (sky130_fd_sc_hd__a21oi_4)
     3    0.023711    0.154557    0.168921    1.684489 ^ _414_/Y (sky130_fd_sc_hd__a21oi_4)
                                                         _143_ (net)
                      0.154569    0.001119    1.685608 ^ _415_/A (sky130_fd_sc_hd__nand3_4)
     3    0.019205    0.075145    0.075621    1.761229 v _415_/Y (sky130_fd_sc_hd__nand3_4)
                                                         _144_ (net)
                      0.075147    0.000635    1.761864 v rebuffer131/A (sky130_fd_sc_hd__buf_4)
     1    0.008025    0.022686    0.110893    1.872757 v rebuffer131/X (sky130_fd_sc_hd__buf_4)
                                                         net131 (net)
                      0.022686    0.000250    1.873007 v _574_/B2 (sky130_fd_sc_hd__o221ai_4)
     3    0.020812    0.174763    0.146915    2.019922 ^ _574_/Y (sky130_fd_sc_hd__o221ai_4)
                                                         _291_ (net)
                      0.174763    0.000723    2.020645 ^ _577_/B (sky130_fd_sc_hd__nand2_4)
     5    0.029011    0.064843    0.066757    2.087402 v _577_/Y (sky130_fd_sc_hd__nand2_4)
                                                         _294_ (net)
                      0.064908    0.001705    2.089107 v _610_/A1 (sky130_fd_sc_hd__a21boi_2)
     1    0.012363    0.126735    0.148132    2.237239 ^ _610_/Y (sky130_fd_sc_hd__a21boi_2)
                                                         _324_ (net)
                      0.126735    0.000438    2.237677 ^ _651_/B2 (sky130_fd_sc_hd__o2bb2ai_4)
     1    0.005425    0.032001    0.036509    2.274186 v _651_/Y (sky130_fd_sc_hd__o2bb2ai_4)
                                                         net98 (net)
                      0.032001    0.000186    2.274372 v output98/A (sky130_fd_sc_hd__buf_6)
     1    0.035773    0.032921    0.096216    2.370587 v output98/X (sky130_fd_sc_hd__buf_6)
                                                         carryOut (net)
                      0.032952    0.000940    2.371528 v carryOut (out)
                                              2.371528   data arrival time

                      0.000000    4.000000    4.000000   clock __VIRTUAL_CLK__ (rise edge)
                                  0.000000    4.000000   clock network delay (ideal)
                                 -0.250000    3.750000   clock uncertainty
                                  0.000000    3.750000   clock reconvergence pessimism
                                 -0.800000    2.950000   output external delay
                                              2.950000   data required time
---------------------------------------------------------------------------------------------
                                              2.950000   data required time
                                             -2.371528   data arrival time
---------------------------------------------------------------------------------------------
                                              0.578472   slack (MET)


Startpoint: sub (input port clocked by __VIRTUAL_CLK__)
Endpoint: S[25] (output port clocked by __VIRTUAL_CLK__)
Path Group: __VIRTUAL_CLK__
Path Type: max

Fanout         Cap        Slew       Delay        Time   Description
---------------------------------------------------------------------------------------------
                      0.000000    0.000000    0.000000   clock __VIRTUAL_CLK__ (rise edge)
                                  0.000000    0.000000   clock network delay (ideal)
                                  0.800000    0.800000 ^ input external delay
     1    0.008906    0.034828    0.023606    0.823606 ^ sub (in)
                                                         sub (net)
                      0.034830    0.000000    0.823606 ^ input65/A (sky130_fd_sc_hd__buf_8)
     4    0.032705    0.047513    0.081794    0.905399 ^ input65/X (sky130_fd_sc_hd__buf_8)
                                                         net65 (net)
                      0.047594    0.001376    0.906776 ^ fanout109/A (sky130_fd_sc_hd__dlymetal6s2s_1)
     3    0.017056    0.144232    0.147055    1.053831 ^ fanout109/X (sky130_fd_sc_hd__dlymetal6s2s_1)
                                                         net109 (net)
                      0.144234    0.000404    1.054235 ^ fanout106/A (sky130_fd_sc_hd__buf_4)
     6    0.030386    0.069771    0.129896    1.184131 ^ fanout106/X (sky130_fd_sc_hd__buf_4)
                                                         net106 (net)
                      0.069772    0.000474    1.184605 ^ load_slew107/A (sky130_fd_sc_hd__buf_4)
     5    0.042219    0.092449    0.132912    1.317517 ^ load_slew107/X (sky130_fd_sc_hd__buf_4)
                                                         net107 (net)
                      0.092493    0.000927    1.318444 ^ _426_/A (sky130_fd_sc_hd__nor2_4)
     2    0.011117    0.036005    0.033503    1.351947 v _426_/Y (sky130_fd_sc_hd__nor2_4)
                                                         _154_ (net)
                      0.036008    0.000265    1.352212 v _430_/A1 (sky130_fd_sc_hd__o21bai_4)
     4    0.020205    0.130808    0.143430    1.495642 ^ _430_/Y (sky130_fd_sc_hd__o21bai_4)
                                                         _158_ (net)
                      0.130810    0.000643    1.496286 ^ _431_/B (sky130_fd_sc_hd__nand2_4)
     2    0.019876    0.047812    0.054718    1.551004 v _431_/Y (sky130_fd_sc_hd__nand2_4)
                                                         _159_ (net)
                      0.047841    0.000656    1.551660 v _464_/B (sky130_fd_sc_hd__nor4_4)
     3    0.013244    0.208058    0.235625    1.787285 ^ _464_/Y (sky130_fd_sc_hd__nor4_4)
                                                         _189_ (net)
                      0.208059    0.000527    1.787812 ^ _518_/A (sky130_fd_sc_hd__and2_2)
     1    0.007279    0.042916    0.129266    1.917078 ^ _518_/X (sky130_fd_sc_hd__and2_2)
                                                         _239_ (net)
                      0.042918    0.000312    1.917389 ^ _520_/C1 (sky130_fd_sc_hd__o221ai_2)
     4    0.024739    0.103646    0.072456    1.989846 v _520_/Y (sky130_fd_sc_hd__o221ai_2)
                                                         _241_ (net)
                      0.103660    0.001050    1.990896 v _529_/A1 (sky130_fd_sc_hd__a21o_2)
     2    0.007198    0.032661    0.158459    2.149354 v _529_/X (sky130_fd_sc_hd__a21o_2)
                                                         _250_ (net)
                      0.032662    0.000189    2.149543 v _538_/B (sky130_fd_sc_hd__nand3b_2)
     1    0.005111    0.055470    0.054395    2.203938 ^ _538_/Y (sky130_fd_sc_hd__nand3b_2)
                                                         _258_ (net)
                      0.055471    0.000160    2.204098 ^ _540_/A (sky130_fd_sc_hd__nand2_2)
     1    0.002979    0.023161    0.025220    2.229318 v _540_/Y (sky130_fd_sc_hd__nand2_2)
                                                         net83 (net)
                      0.023161    0.000095    2.229414 v output83/A (sky130_fd_sc_hd__clkbuf_2)
     1    0.035041    0.093558    0.131393    2.360806 v output83/X (sky130_fd_sc_hd__clkbuf_2)
                                                         S[25] (net)
                      0.093568    0.001034    2.361840 v S[25] (out)
                                              2.361840   data arrival time

                      0.000000    4.000000    4.000000   clock __VIRTUAL_CLK__ (rise edge)
                                  0.000000    4.000000   clock network delay (ideal)
                                 -0.250000    3.750000   clock uncertainty
                                  0.000000    3.750000   clock reconvergence pessimism
                                 -0.800000    2.950000   output external delay
                                              2.950000   data required time
---------------------------------------------------------------------------------------------
                                              2.950000   data required time
                                             -2.361840   data arrival time
---------------------------------------------------------------------------------------------
                                              0.588159   slack (MET)


Startpoint: sub (input port clocked by __VIRTUAL_CLK__)
Endpoint: S[17] (output port clocked by __VIRTUAL_CLK__)
Path Group: __VIRTUAL_CLK__
Path Type: max

Fanout         Cap        Slew       Delay        Time   Description
---------------------------------------------------------------------------------------------
                      0.000000    0.000000    0.000000   clock __VIRTUAL_CLK__ (rise edge)
                                  0.000000    0.000000   clock network delay (ideal)
                                  0.800000    0.800000 v input external delay
     1    0.008239    0.013483    0.008330    0.808330 v sub (in)
                                                         sub (net)
                      0.013488    0.000000    0.808330 v input65/A (sky130_fd_sc_hd__buf_8)
     4    0.031449    0.028366    0.084184    0.892514 v input65/X (sky130_fd_sc_hd__buf_8)
                                                         net65 (net)
                      0.028434    0.001271    0.893785 v fanout121/A (sky130_fd_sc_hd__buf_8)
     5    0.030707    0.028276    0.089368    0.983153 v fanout121/X (sky130_fd_sc_hd__buf_8)
                                                         net121 (net)
                      0.028382    0.001221    0.984375 v fanout113/A (sky130_fd_sc_hd__buf_8)
     2    0.010518    0.019015    0.078637    1.063012 v fanout113/X (sky130_fd_sc_hd__buf_8)
                                                         net113 (net)
                      0.019015    0.000388    1.063400 v load_slew115/A (sky130_fd_sc_hd__buf_8)
     3    0.016668    0.021613    0.078530    1.141929 v load_slew115/X (sky130_fd_sc_hd__buf_8)
                                                         net115 (net)
                      0.021613    0.000261    1.142190 v load_slew114/A (sky130_fd_sc_hd__buf_8)
     3    0.043388    0.034935    0.093479    1.235669 v load_slew114/X (sky130_fd_sc_hd__buf_8)
                                                         net114 (net)
                      0.035059    0.001885    1.237554 v _652_/A (sky130_fd_sc_hd__inv_16)
     8    0.073371    0.058863    0.066127    1.303681 ^ _652_/Y (sky130_fd_sc_hd__inv_16)
                                                         _348_ (net)
                      0.058893    0.001113    1.304795 ^ _702_/A (sky130_fd_sc_hd__nand2_2)
     1    0.005693    0.041582    0.032698    1.337492 v _702_/Y (sky130_fd_sc_hd__nand2_2)
                                                         _049_ (net)
                      0.041583    0.000188    1.337681 v _706_/B (sky130_fd_sc_hd__nand3b_2)
     4    0.024241    0.126829    0.117566    1.455246 ^ _706_/Y (sky130_fd_sc_hd__nand3b_2)
                                                         _053_ (net)
                      0.126835    0.000746    1.455992 ^ _709_/D (sky130_fd_sc_hd__nand4_4)
     1    0.009030    0.073203    0.069355    1.525347 v _709_/Y (sky130_fd_sc_hd__nand4_4)
                                                         _056_ (net)
                      0.073203    0.000322    1.525669 v _725_/B (sky130_fd_sc_hd__nor2_4)
     4    0.033967    0.164680    0.160714    1.686383 ^ _725_/Y (sky130_fd_sc_hd__nor2_4)
                                                         _072_ (net)
                      0.164729    0.002451    1.688834 ^ _410_/D (sky130_fd_sc_hd__nand4_4)
     2    0.014831    0.072716    0.081390    1.770224 v _410_/Y (sky130_fd_sc_hd__nand4_4)
                                                         _139_ (net)
                      0.072716    0.000444    1.770668 v _415_/C (sky130_fd_sc_hd__nand3_4)
     3    0.020681    0.076930    0.099107    1.869774 ^ _415_/Y (sky130_fd_sc_hd__nand3_4)
                                                         _144_ (net)
                      0.076933    0.001013    1.870787 ^ _424_/B1 (sky130_fd_sc_hd__o22ai_4)
     4    0.024022    0.071359    0.057287    1.928073 v _424_/Y (sky130_fd_sc_hd__o22ai_4)
                                                         _153_ (net)
                      0.071421    0.001726    1.929799 v rebuffer167/A (sky130_fd_sc_hd__buf_2)
     1    0.002916    0.017414    0.092028    2.021828 v rebuffer167/X (sky130_fd_sc_hd__buf_2)
                                                         net167 (net)
                      0.017414    0.000086    2.021914 v _432_/A1 (sky130_fd_sc_hd__a21bo_2)
     1    0.008453    0.035286    0.130444    2.152358 v _432_/X (sky130_fd_sc_hd__a21bo_2)
                                                         _160_ (net)
                      0.035286    0.000197    2.152555 v _433_/B (sky130_fd_sc_hd__xor2_2)
     1    0.006197    0.095140    0.100598    2.253153 ^ _433_/X (sky130_fd_sc_hd__xor2_2)
                                                         net74 (net)
                      0.095140    0.000222    2.253375 ^ output74/A (sky130_fd_sc_hd__buf_6)
     1    0.034714    0.058437    0.102442    2.355817 ^ output74/X (sky130_fd_sc_hd__buf_6)
                                                         S[17] (net)
                      0.058452    0.000951    2.356767 ^ S[17] (out)
                                              2.356767   data arrival time

                      0.000000    4.000000    4.000000   clock __VIRTUAL_CLK__ (rise edge)
                                  0.000000    4.000000   clock network delay (ideal)
                                 -0.250000    3.750000   clock uncertainty
                                  0.000000    3.750000   clock reconvergence pessimism
                                 -0.800000    2.950000   output external delay
                                              2.950000   data required time
---------------------------------------------------------------------------------------------
                                              2.950000   data required time
                                             -2.356767   data arrival time
---------------------------------------------------------------------------------------------
                                              0.593233   slack (MET)


Startpoint: sub (input port clocked by __VIRTUAL_CLK__)
Endpoint: S[27] (output port clocked by __VIRTUAL_CLK__)
Path Group: __VIRTUAL_CLK__
Path Type: max

Fanout         Cap        Slew       Delay        Time   Description
---------------------------------------------------------------------------------------------
                      0.000000    0.000000    0.000000   clock __VIRTUAL_CLK__ (rise edge)
                                  0.000000    0.000000   clock network delay (ideal)
                                  0.800000    0.800000 ^ input external delay
     1    0.008906    0.034828    0.023606    0.823606 ^ sub (in)
                                                         sub (net)
                      0.034830    0.000000    0.823606 ^ input65/A (sky130_fd_sc_hd__buf_8)
     4    0.032705    0.047513    0.081794    0.905399 ^ input65/X (sky130_fd_sc_hd__buf_8)
                                                         net65 (net)
                      0.047594    0.001376    0.906776 ^ fanout109/A (sky130_fd_sc_hd__dlymetal6s2s_1)
     3    0.017056    0.144232    0.147055    1.053831 ^ fanout109/X (sky130_fd_sc_hd__dlymetal6s2s_1)
                                                         net109 (net)
                      0.144234    0.000404    1.054235 ^ fanout106/A (sky130_fd_sc_hd__buf_4)
     6    0.030386    0.069771    0.129896    1.184131 ^ fanout106/X (sky130_fd_sc_hd__buf_4)
                                                         net106 (net)
                      0.069772    0.000474    1.184605 ^ load_slew107/A (sky130_fd_sc_hd__buf_4)
     5    0.042219    0.092449    0.132912    1.317517 ^ load_slew107/X (sky130_fd_sc_hd__buf_4)
                                                         net107 (net)
                      0.092493    0.000927    1.318444 ^ _426_/A (sky130_fd_sc_hd__nor2_4)
     2    0.011117    0.036005    0.033503    1.351947 v _426_/Y (sky130_fd_sc_hd__nor2_4)
                                                         _154_ (net)
                      0.036008    0.000265    1.352212 v _430_/A1 (sky130_fd_sc_hd__o21bai_4)
     4    0.020205    0.130808    0.143430    1.495642 ^ _430_/Y (sky130_fd_sc_hd__o21bai_4)
                                                         _158_ (net)
                      0.130810    0.000643    1.496286 ^ _431_/B (sky130_fd_sc_hd__nand2_4)
     2    0.019876    0.047812    0.054718    1.551004 v _431_/Y (sky130_fd_sc_hd__nand2_4)
                                                         _159_ (net)
                      0.047841    0.000656    1.551660 v _464_/B (sky130_fd_sc_hd__nor4_4)
     3    0.013244    0.208058    0.235625    1.787285 ^ _464_/Y (sky130_fd_sc_hd__nor4_4)
                                                         _189_ (net)
                      0.208059    0.000527    1.787812 ^ _518_/A (sky130_fd_sc_hd__and2_2)
     1    0.007279    0.042916    0.129266    1.917078 ^ _518_/X (sky130_fd_sc_hd__and2_2)
                                                         _239_ (net)
                      0.042918    0.000312    1.917389 ^ _520_/C1 (sky130_fd_sc_hd__o221ai_2)
     4    0.024739    0.103646    0.072456    1.989846 v _520_/Y (sky130_fd_sc_hd__o221ai_2)
                                                         _241_ (net)
                      0.103659    0.001009    1.990854 v _559_/A1 (sky130_fd_sc_hd__a21oi_4)
     2    0.011890    0.101648    0.134288    2.125142 ^ _559_/Y (sky130_fd_sc_hd__a21oi_4)
                                                         _277_ (net)
                      0.101648    0.000317    2.125459 ^ _562_/A1 (sky130_fd_sc_hd__o21bai_2)
     1    0.004671    0.035388    0.051449    2.176908 v _562_/Y (sky130_fd_sc_hd__o21bai_2)
                                                         _280_ (net)
                      0.035388    0.000144    2.177052 v _564_/B1 (sky130_fd_sc_hd__o21ai_2)
     1    0.005320    0.078849    0.043797    2.220848 ^ _564_/Y (sky130_fd_sc_hd__o21ai_2)
                                                         net85 (net)
                      0.078849    0.000173    2.221021 ^ output85/A (sky130_fd_sc_hd__buf_4)
     1    0.034792    0.077588    0.124219    2.345240 ^ output85/X (sky130_fd_sc_hd__buf_4)
                                                         S[27] (net)
                      0.077597    0.000935    2.346175 ^ S[27] (out)
                                              2.346175   data arrival time

                      0.000000    4.000000    4.000000   clock __VIRTUAL_CLK__ (rise edge)
                                  0.000000    4.000000   clock network delay (ideal)
                                 -0.250000    3.750000   clock uncertainty
                                  0.000000    3.750000   clock reconvergence pessimism
                                 -0.800000    2.950000   output external delay
                                              2.950000   data required time
---------------------------------------------------------------------------------------------
                                              2.950000   data required time
                                             -2.346175   data arrival time
---------------------------------------------------------------------------------------------
                                              0.603825   slack (MET)


Startpoint: sub (input port clocked by __VIRTUAL_CLK__)
Endpoint: S[19] (output port clocked by __VIRTUAL_CLK__)
Path Group: __VIRTUAL_CLK__
Path Type: max

Fanout         Cap        Slew       Delay        Time   Description
---------------------------------------------------------------------------------------------
                      0.000000    0.000000    0.000000   clock __VIRTUAL_CLK__ (rise edge)
                                  0.000000    0.000000   clock network delay (ideal)
                                  0.800000    0.800000 v input external delay
     1    0.008239    0.013483    0.008330    0.808330 v sub (in)
                                                         sub (net)
                      0.013488    0.000000    0.808330 v input65/A (sky130_fd_sc_hd__buf_8)
     4    0.031449    0.028366    0.084184    0.892514 v input65/X (sky130_fd_sc_hd__buf_8)
                                                         net65 (net)
                      0.028434    0.001271    0.893785 v fanout121/A (sky130_fd_sc_hd__buf_8)
     5    0.030707    0.028276    0.089368    0.983153 v fanout121/X (sky130_fd_sc_hd__buf_8)
                                                         net121 (net)
                      0.028382    0.001221    0.984375 v fanout113/A (sky130_fd_sc_hd__buf_8)
     2    0.010518    0.019015    0.078637    1.063012 v fanout113/X (sky130_fd_sc_hd__buf_8)
                                                         net113 (net)
                      0.019015    0.000388    1.063400 v load_slew115/A (sky130_fd_sc_hd__buf_8)
     3    0.016668    0.021613    0.078530    1.141929 v load_slew115/X (sky130_fd_sc_hd__buf_8)
                                                         net115 (net)
                      0.021613    0.000261    1.142190 v load_slew114/A (sky130_fd_sc_hd__buf_8)
     3    0.043388    0.034935    0.093479    1.235669 v load_slew114/X (sky130_fd_sc_hd__buf_8)
                                                         net114 (net)
                      0.035059    0.001885    1.237554 v _652_/A (sky130_fd_sc_hd__inv_16)
     8    0.073371    0.058863    0.066127    1.303681 ^ _652_/Y (sky130_fd_sc_hd__inv_16)
                                                         _348_ (net)
                      0.058893    0.001113    1.304795 ^ _702_/A (sky130_fd_sc_hd__nand2_2)
     1    0.005693    0.041582    0.032698    1.337492 v _702_/Y (sky130_fd_sc_hd__nand2_2)
                                                         _049_ (net)
                      0.041583    0.000188    1.337681 v _706_/B (sky130_fd_sc_hd__nand3b_2)
     4    0.024241    0.126829    0.117566    1.455246 ^ _706_/Y (sky130_fd_sc_hd__nand3b_2)
                                                         _053_ (net)
                      0.126835    0.000746    1.455992 ^ _709_/D (sky130_fd_sc_hd__nand4_4)
     1    0.009030    0.073203    0.069355    1.525347 v _709_/Y (sky130_fd_sc_hd__nand4_4)
                                                         _056_ (net)
                      0.073203    0.000322    1.525669 v _725_/B (sky130_fd_sc_hd__nor2_4)
     4    0.033967    0.164680    0.160714    1.686383 ^ _725_/Y (sky130_fd_sc_hd__nor2_4)
                                                         _072_ (net)
                      0.164729    0.002451    1.688834 ^ _410_/D (sky130_fd_sc_hd__nand4_4)
     2    0.014831    0.072716    0.081390    1.770224 v _410_/Y (sky130_fd_sc_hd__nand4_4)
                                                         _139_ (net)
                      0.072716    0.000434    1.770658 v rebuffer179/A (sky130_fd_sc_hd__buf_6)
     2    0.014081    0.021358    0.100383    1.871042 v rebuffer179/X (sky130_fd_sc_hd__buf_6)
                                                         net179 (net)
                      0.021375    0.000325    1.871367 v _423_/C (sky130_fd_sc_hd__nand4_2)
     3    0.021102    0.116997    0.111160    1.982526 ^ _423_/Y (sky130_fd_sc_hd__nand4_2)
                                                         _152_ (net)
                      0.117017    0.001260    1.983786 ^ _447_/D (sky130_fd_sc_hd__nand4b_2)
     2    0.008075    0.063513    0.082656    2.066442 v _447_/Y (sky130_fd_sc_hd__nand4b_2)
                                                         _173_ (net)
                      0.063513    0.000185    2.066627 v _455_/B1 (sky130_fd_sc_hd__a22o_2)
     1    0.004793    0.028314    0.116744    2.183371 v _455_/X (sky130_fd_sc_hd__a22o_2)
                                                         _181_ (net)
                      0.028314    0.000148    2.183519 v _457_/A (sky130_fd_sc_hd__nand2_2)
     1    0.006476    0.041495    0.043127    2.226646 ^ _457_/Y (sky130_fd_sc_hd__nand2_2)
                                                         net76 (net)
                      0.041495    0.000271    2.226917 ^ output76/A (sky130_fd_sc_hd__buf_4)
     1    0.035590    0.078939    0.115983    2.342900 ^ output76/X (sky130_fd_sc_hd__buf_4)
                                                         S[19] (net)
                      0.078988    0.001107    2.344007 ^ S[19] (out)
                                              2.344007   data arrival time

                      0.000000    4.000000    4.000000   clock __VIRTUAL_CLK__ (rise edge)
                                  0.000000    4.000000   clock network delay (ideal)
                                 -0.250000    3.750000   clock uncertainty
                                  0.000000    3.750000   clock reconvergence pessimism
                                 -0.800000    2.950000   output external delay
                                              2.950000   data required time
---------------------------------------------------------------------------------------------
                                              2.950000   data required time
                                             -2.344007   data arrival time
---------------------------------------------------------------------------------------------
                                              0.605993   slack (MET)


Startpoint: sub (input port clocked by __VIRTUAL_CLK__)
Endpoint: S[18] (output port clocked by __VIRTUAL_CLK__)
Path Group: __VIRTUAL_CLK__
Path Type: max

Fanout         Cap        Slew       Delay        Time   Description
---------------------------------------------------------------------------------------------
                      0.000000    0.000000    0.000000   clock __VIRTUAL_CLK__ (rise edge)
                                  0.000000    0.000000   clock network delay (ideal)
                                  0.800000    0.800000 v input external delay
     1    0.008239    0.013483    0.008330    0.808330 v sub (in)
                                                         sub (net)
                      0.013488    0.000000    0.808330 v input65/A (sky130_fd_sc_hd__buf_8)
     4    0.031449    0.028366    0.084184    0.892514 v input65/X (sky130_fd_sc_hd__buf_8)
                                                         net65 (net)
                      0.028434    0.001271    0.893785 v fanout121/A (sky130_fd_sc_hd__buf_8)
     5    0.030707    0.028276    0.089368    0.983153 v fanout121/X (sky130_fd_sc_hd__buf_8)
                                                         net121 (net)
                      0.028382    0.001221    0.984375 v fanout113/A (sky130_fd_sc_hd__buf_8)
     2    0.010518    0.019015    0.078637    1.063012 v fanout113/X (sky130_fd_sc_hd__buf_8)
                                                         net113 (net)
                      0.019015    0.000388    1.063400 v load_slew115/A (sky130_fd_sc_hd__buf_8)
     3    0.016668    0.021613    0.078530    1.141929 v load_slew115/X (sky130_fd_sc_hd__buf_8)
                                                         net115 (net)
                      0.021613    0.000261    1.142190 v load_slew114/A (sky130_fd_sc_hd__buf_8)
     3    0.043388    0.034935    0.093479    1.235669 v load_slew114/X (sky130_fd_sc_hd__buf_8)
                                                         net114 (net)
                      0.035030    0.001670    1.237339 v _717_/A (sky130_fd_sc_hd__and2_4)
     3    0.014183    0.032688    0.103732    1.341072 v _717_/X (sky130_fd_sc_hd__and2_4)
                                                         _064_ (net)
                      0.032714    0.000283    1.341355 v _723_/A2 (sky130_fd_sc_hd__o2111a_2)
     1    0.009100    0.040891    0.173932    1.515287 v _723_/X (sky130_fd_sc_hd__o2111a_2)
                                                         _070_ (net)
                      0.040892    0.000282    1.515569 v _414_/A2 (sky130_fd_sc_hd__a21oi_4)
     3    0.023711    0.154557    0.168921    1.684489 ^ _414_/Y (sky130_fd_sc_hd__a21oi_4)
                                                         _143_ (net)
                      0.154567    0.001003    1.685492 ^ rebuffer132/A (sky130_fd_sc_hd__buf_2)
     1    0.005488    0.030605    0.096144    1.781636 ^ rebuffer132/X (sky130_fd_sc_hd__buf_2)
                                                         net132 (net)
                      0.030605    0.000176    1.781812 ^ _423_/D (sky130_fd_sc_hd__nand4_2)
     3    0.019935    0.110549    0.108154    1.889967 v _423_/Y (sky130_fd_sc_hd__nand4_2)
                                                         _152_ (net)
                      0.110566    0.001121    1.891088 v _444_/A2 (sky130_fd_sc_hd__a31oi_2)
     1    0.009090    0.140677    0.182139    2.073226 ^ _444_/Y (sky130_fd_sc_hd__a31oi_2)
                                                         _171_ (net)
                      0.140677    0.000214    2.073440 ^ _445_/B (sky130_fd_sc_hd__xor2_2)
     1    0.005445    0.089707    0.101300    2.174741 ^ _445_/X (sky130_fd_sc_hd__xor2_2)
                                                         net75 (net)
                      0.089707    0.000222    2.174962 ^ output75/A (sky130_fd_sc_hd__buf_2)
     1    0.036467    0.135978    0.165181    2.340144 ^ output75/X (sky130_fd_sc_hd__buf_2)
                                                         S[18] (net)
                      0.135995    0.001328    2.341472 ^ S[18] (out)
                                              2.341472   data arrival time

                      0.000000    4.000000    4.000000   clock __VIRTUAL_CLK__ (rise edge)
                                  0.000000    4.000000   clock network delay (ideal)
                                 -0.250000    3.750000   clock uncertainty
                                  0.000000    3.750000   clock reconvergence pessimism
                                 -0.800000    2.950000   output external delay
                                              2.950000   data required time
---------------------------------------------------------------------------------------------
                                              2.950000   data required time
                                             -2.341472   data arrival time
---------------------------------------------------------------------------------------------
                                              0.608528   slack (MET)


Startpoint: sub (input port clocked by __VIRTUAL_CLK__)
Endpoint: S[15] (output port clocked by __VIRTUAL_CLK__)
Path Group: __VIRTUAL_CLK__
Path Type: max

Fanout         Cap        Slew       Delay        Time   Description
---------------------------------------------------------------------------------------------
                      0.000000    0.000000    0.000000   clock __VIRTUAL_CLK__ (rise edge)
                                  0.000000    0.000000   clock network delay (ideal)
                                  0.800000    0.800000 v input external delay
     1    0.008239    0.013483    0.008330    0.808330 v sub (in)
                                                         sub (net)
                      0.013488    0.000000    0.808330 v input65/A (sky130_fd_sc_hd__buf_8)
     4    0.031449    0.028366    0.084184    0.892514 v input65/X (sky130_fd_sc_hd__buf_8)
                                                         net65 (net)
                      0.028434    0.001271    0.893785 v fanout121/A (sky130_fd_sc_hd__buf_8)
     5    0.030707    0.028276    0.089368    0.983153 v fanout121/X (sky130_fd_sc_hd__buf_8)
                                                         net121 (net)
                      0.028382    0.001221    0.984375 v fanout113/A (sky130_fd_sc_hd__buf_8)
     2    0.010518    0.019015    0.078637    1.063012 v fanout113/X (sky130_fd_sc_hd__buf_8)
                                                         net113 (net)
                      0.019015    0.000388    1.063400 v load_slew115/A (sky130_fd_sc_hd__buf_8)
     3    0.016668    0.021613    0.078530    1.141929 v load_slew115/X (sky130_fd_sc_hd__buf_8)
                                                         net115 (net)
                      0.021613    0.000261    1.142190 v load_slew114/A (sky130_fd_sc_hd__buf_8)
     3    0.043388    0.034935    0.093479    1.235669 v load_slew114/X (sky130_fd_sc_hd__buf_8)
                                                         net114 (net)
                      0.035059    0.001885    1.237554 v _652_/A (sky130_fd_sc_hd__inv_16)
     8    0.073371    0.058863    0.066127    1.303681 ^ _652_/Y (sky130_fd_sc_hd__inv_16)
                                                         _348_ (net)
                      0.058893    0.001113    1.304795 ^ _702_/A (sky130_fd_sc_hd__nand2_2)
     1    0.005693    0.041582    0.032698    1.337492 v _702_/Y (sky130_fd_sc_hd__nand2_2)
                                                         _049_ (net)
                      0.041583    0.000188    1.337681 v _706_/B (sky130_fd_sc_hd__nand3b_2)
     4    0.024241    0.126829    0.117566    1.455246 ^ _706_/Y (sky130_fd_sc_hd__nand3b_2)
                                                         _053_ (net)
                      0.126835    0.000746    1.455992 ^ _709_/D (sky130_fd_sc_hd__nand4_4)
     1    0.009030    0.073203    0.069355    1.525347 v _709_/Y (sky130_fd_sc_hd__nand4_4)
                                                         _056_ (net)
                      0.073203    0.000322    1.525669 v _725_/B (sky130_fd_sc_hd__nor2_4)
     4    0.033967    0.164680    0.160714    1.686383 ^ _725_/Y (sky130_fd_sc_hd__nor2_4)
                                                         _072_ (net)
                      0.164729    0.002451    1.688834 ^ _410_/D (sky130_fd_sc_hd__nand4_4)
     2    0.014831    0.072716    0.081390    1.770224 v _410_/Y (sky130_fd_sc_hd__nand4_4)
                                                         _139_ (net)
                      0.072716    0.000434    1.770658 v rebuffer179/A (sky130_fd_sc_hd__buf_6)
     2    0.014081    0.021358    0.100383    1.871042 v rebuffer179/X (sky130_fd_sc_hd__buf_6)
                                                         net179 (net)
                      0.021377    0.000387    1.871429 v _640_/A (sky130_fd_sc_hd__nand4_4)
     3    0.017964    0.083754    0.057900    1.929329 ^ _640_/Y (sky130_fd_sc_hd__nand4_4)
                                                         _341_ (net)
                      0.083755    0.000762    1.930091 ^ _646_/A1 (sky130_fd_sc_hd__a21o_2)
     2    0.008417    0.039873    0.096160    2.026251 ^ _646_/X (sky130_fd_sc_hd__a21o_2)
                                                         _345_ (net)
                      0.039874    0.000261    2.026512 ^ _648_/D (sky130_fd_sc_hd__and4_2)
     1    0.010002    0.058195    0.153936    2.180448 ^ _648_/X (sky130_fd_sc_hd__and4_2)
                                                         _346_ (net)
                      0.058196    0.000324    2.180772 ^ _650_/A (sky130_fd_sc_hd__nor2_4)
     1    0.002998    0.022148    0.022647    2.203418 v _650_/Y (sky130_fd_sc_hd__nor2_4)
                                                         net72 (net)
                      0.022149    0.000096    2.203514 v output72/A (sky130_fd_sc_hd__clkbuf_2)
     1    0.034468    0.092056    0.130094    2.333608 v output72/X (sky130_fd_sc_hd__clkbuf_2)
                                                         S[15] (net)
                      0.092060    0.000705    2.334313 v S[15] (out)
                                              2.334313   data arrival time

                      0.000000    4.000000    4.000000   clock __VIRTUAL_CLK__ (rise edge)
                                  0.000000    4.000000   clock network delay (ideal)
                                 -0.250000    3.750000   clock uncertainty
                                  0.000000    3.750000   clock reconvergence pessimism
                                 -0.800000    2.950000   output external delay
                                              2.950000   data required time
---------------------------------------------------------------------------------------------
                                              2.950000   data required time
                                             -2.334313   data arrival time
---------------------------------------------------------------------------------------------
                                              0.615686   slack (MET)


Startpoint: sub (input port clocked by __VIRTUAL_CLK__)
Endpoint: S[13] (output port clocked by __VIRTUAL_CLK__)
Path Group: __VIRTUAL_CLK__
Path Type: max

Fanout         Cap        Slew       Delay        Time   Description
---------------------------------------------------------------------------------------------
                      0.000000    0.000000    0.000000   clock __VIRTUAL_CLK__ (rise edge)
                                  0.000000    0.000000   clock network delay (ideal)
                                  0.800000    0.800000 v input external delay
     1    0.008239    0.013483    0.008330    0.808330 v sub (in)
                                                         sub (net)
                      0.013488    0.000000    0.808330 v input65/A (sky130_fd_sc_hd__buf_8)
     4    0.031449    0.028366    0.084184    0.892514 v input65/X (sky130_fd_sc_hd__buf_8)
                                                         net65 (net)
                      0.028434    0.001271    0.893785 v fanout121/A (sky130_fd_sc_hd__buf_8)
     5    0.030707    0.028276    0.089368    0.983153 v fanout121/X (sky130_fd_sc_hd__buf_8)
                                                         net121 (net)
                      0.028382    0.001221    0.984375 v fanout113/A (sky130_fd_sc_hd__buf_8)
     2    0.010518    0.019015    0.078637    1.063012 v fanout113/X (sky130_fd_sc_hd__buf_8)
                                                         net113 (net)
                      0.019015    0.000388    1.063400 v load_slew115/A (sky130_fd_sc_hd__buf_8)
     3    0.016668    0.021613    0.078530    1.141929 v load_slew115/X (sky130_fd_sc_hd__buf_8)
                                                         net115 (net)
                      0.021613    0.000261    1.142190 v load_slew114/A (sky130_fd_sc_hd__buf_8)
     3    0.043388    0.034935    0.093479    1.235669 v load_slew114/X (sky130_fd_sc_hd__buf_8)
                                                         net114 (net)
                      0.035059    0.001885    1.237554 v _652_/A (sky130_fd_sc_hd__inv_16)
     8    0.073371    0.058863    0.066127    1.303681 ^ _652_/Y (sky130_fd_sc_hd__inv_16)
                                                         _348_ (net)
                      0.058893    0.001113    1.304795 ^ _702_/A (sky130_fd_sc_hd__nand2_2)
     1    0.005693    0.041582    0.032698    1.337492 v _702_/Y (sky130_fd_sc_hd__nand2_2)
                                                         _049_ (net)
                      0.041583    0.000188    1.337681 v _706_/B (sky130_fd_sc_hd__nand3b_2)
     4    0.024241    0.126829    0.117566    1.455246 ^ _706_/Y (sky130_fd_sc_hd__nand3b_2)
                                                         _053_ (net)
                      0.126835    0.000746    1.455992 ^ _709_/D (sky130_fd_sc_hd__nand4_4)
     1    0.009030    0.073203    0.069355    1.525347 v _709_/Y (sky130_fd_sc_hd__nand4_4)
                                                         _056_ (net)
                      0.073203    0.000322    1.525669 v _725_/B (sky130_fd_sc_hd__nor2_4)
     4    0.033967    0.164680    0.160714    1.686383 ^ _725_/Y (sky130_fd_sc_hd__nor2_4)
                                                         _072_ (net)
                      0.164729    0.002451    1.688834 ^ _410_/D (sky130_fd_sc_hd__nand4_4)
     2    0.014831    0.072716    0.081390    1.770224 v _410_/Y (sky130_fd_sc_hd__nand4_4)
                                                         _139_ (net)
                      0.072716    0.000434    1.770658 v rebuffer179/A (sky130_fd_sc_hd__buf_6)
     2    0.014081    0.021358    0.100383    1.871042 v rebuffer179/X (sky130_fd_sc_hd__buf_6)
                                                         net179 (net)
                      0.021377    0.000387    1.871429 v _640_/A (sky130_fd_sc_hd__nand4_4)
     3    0.017964    0.083754    0.057900    1.929329 ^ _640_/Y (sky130_fd_sc_hd__nand4_4)
                                                         _341_ (net)
                      0.083756    0.000872    1.930201 ^ rebuffer178/A (sky130_fd_sc_hd__buf_6)
     2    0.016808    0.034046    0.081132    2.011333 ^ rebuffer178/X (sky130_fd_sc_hd__buf_6)
                                                         net178 (net)
                      0.034062    0.000706    2.012039 ^ rebuffer177/A (sky130_fd_sc_hd__buf_6)
     1    0.005733    0.018865    0.058166    2.070205 ^ rebuffer177/X (sky130_fd_sc_hd__buf_6)
                                                         net177 (net)
                      0.018865    0.000139    2.070344 ^ _643_/B1 (sky130_fd_sc_hd__a22o_4)
     1    0.008741    0.030751    0.065580    2.135924 ^ _643_/X (sky130_fd_sc_hd__a22o_4)
                                                         _343_ (net)
                      0.030752    0.000269    2.136194 ^ _644_/B (sky130_fd_sc_hd__xnor2_2)
     1    0.005922    0.100704    0.071166    2.207360 ^ _644_/Y (sky130_fd_sc_hd__xnor2_2)
                                                         net70 (net)
                      0.100704    0.000199    2.207558 ^ output70/A (sky130_fd_sc_hd__buf_6)
     1    0.035101    0.059049    0.103864    2.311422 ^ output70/X (sky130_fd_sc_hd__buf_6)
                                                         S[13] (net)
                      0.059057    0.000743    2.312165 ^ S[13] (out)
                                              2.312165   data arrival time

                      0.000000    4.000000    4.000000   clock __VIRTUAL_CLK__ (rise edge)
                                  0.000000    4.000000   clock network delay (ideal)
                                 -0.250000    3.750000   clock uncertainty
                                  0.000000    3.750000   clock reconvergence pessimism
                                 -0.800000    2.950000   output external delay
                                              2.950000   data required time
---------------------------------------------------------------------------------------------
                                              2.950000   data required time
                                             -2.312165   data arrival time
---------------------------------------------------------------------------------------------
                                              0.637835   slack (MET)


Startpoint: sub (input port clocked by __VIRTUAL_CLK__)
Endpoint: S[14] (output port clocked by __VIRTUAL_CLK__)
Path Group: __VIRTUAL_CLK__
Path Type: max

Fanout         Cap        Slew       Delay        Time   Description
---------------------------------------------------------------------------------------------
                      0.000000    0.000000    0.000000   clock __VIRTUAL_CLK__ (rise edge)
                                  0.000000    0.000000   clock network delay (ideal)
                                  0.800000    0.800000 v input external delay
     1    0.008239    0.013483    0.008330    0.808330 v sub (in)
                                                         sub (net)
                      0.013488    0.000000    0.808330 v input65/A (sky130_fd_sc_hd__buf_8)
     4    0.031449    0.028366    0.084184    0.892514 v input65/X (sky130_fd_sc_hd__buf_8)
                                                         net65 (net)
                      0.028434    0.001271    0.893785 v fanout121/A (sky130_fd_sc_hd__buf_8)
     5    0.030707    0.028276    0.089368    0.983153 v fanout121/X (sky130_fd_sc_hd__buf_8)
                                                         net121 (net)
                      0.028382    0.001221    0.984375 v fanout113/A (sky130_fd_sc_hd__buf_8)
     2    0.010518    0.019015    0.078637    1.063012 v fanout113/X (sky130_fd_sc_hd__buf_8)
                                                         net113 (net)
                      0.019015    0.000388    1.063400 v load_slew115/A (sky130_fd_sc_hd__buf_8)
     3    0.016668    0.021613    0.078530    1.141929 v load_slew115/X (sky130_fd_sc_hd__buf_8)
                                                         net115 (net)
                      0.021613    0.000261    1.142190 v load_slew114/A (sky130_fd_sc_hd__buf_8)
     3    0.043388    0.034935    0.093479    1.235669 v load_slew114/X (sky130_fd_sc_hd__buf_8)
                                                         net114 (net)
                      0.035059    0.001885    1.237554 v _652_/A (sky130_fd_sc_hd__inv_16)
     8    0.073371    0.058863    0.066127    1.303681 ^ _652_/Y (sky130_fd_sc_hd__inv_16)
                                                         _348_ (net)
                      0.058893    0.001113    1.304795 ^ _702_/A (sky130_fd_sc_hd__nand2_2)
     1    0.005693    0.041582    0.032698    1.337492 v _702_/Y (sky130_fd_sc_hd__nand2_2)
                                                         _049_ (net)
                      0.041583    0.000188    1.337681 v _706_/B (sky130_fd_sc_hd__nand3b_2)
     4    0.024241    0.126829    0.117566    1.455246 ^ _706_/Y (sky130_fd_sc_hd__nand3b_2)
                                                         _053_ (net)
                      0.126835    0.000746    1.455992 ^ _709_/D (sky130_fd_sc_hd__nand4_4)
     1    0.009030    0.073203    0.069355    1.525347 v _709_/Y (sky130_fd_sc_hd__nand4_4)
                                                         _056_ (net)
                      0.073203    0.000322    1.525669 v _725_/B (sky130_fd_sc_hd__nor2_4)
     4    0.033967    0.164680    0.160714    1.686383 ^ _725_/Y (sky130_fd_sc_hd__nor2_4)
                                                         _072_ (net)
                      0.164729    0.002451    1.688834 ^ _410_/D (sky130_fd_sc_hd__nand4_4)
     2    0.014831    0.072716    0.081390    1.770224 v _410_/Y (sky130_fd_sc_hd__nand4_4)
                                                         _139_ (net)
                      0.072716    0.000434    1.770658 v rebuffer179/A (sky130_fd_sc_hd__buf_6)
     2    0.014081    0.021358    0.100383    1.871042 v rebuffer179/X (sky130_fd_sc_hd__buf_6)
                                                         net179 (net)
                      0.021377    0.000387    1.871429 v _640_/A (sky130_fd_sc_hd__nand4_4)
     3    0.017964    0.083754    0.057900    1.929329 ^ _640_/Y (sky130_fd_sc_hd__nand4_4)
                                                         _341_ (net)
                      0.083755    0.000794    1.930123 ^ _641_/A (sky130_fd_sc_hd__nand2_2)
     1    0.004727    0.033631    0.031672    1.961796 v _641_/Y (sky130_fd_sc_hd__nand2_2)
                                                         _342_ (net)
                      0.033631    0.000154    1.961950 v _645_/A2 (sky130_fd_sc_hd__o211ai_2)
     1    0.008916    0.126895    0.127610    2.089560 ^ _645_/Y (sky130_fd_sc_hd__o211ai_2)
                                                         _344_ (net)
                      0.126895    0.000196    2.089756 ^ _647_/B (sky130_fd_sc_hd__xor2_2)
     1    0.006812    0.099873    0.110253    2.200009 ^ _647_/X (sky130_fd_sc_hd__xor2_2)
                                                         net71 (net)
                      0.099873    0.000197    2.200206 ^ output71/A (sky130_fd_sc_hd__buf_6)
     1    0.034570    0.058303    0.103200    2.303405 ^ output71/X (sky130_fd_sc_hd__buf_6)
                                                         S[14] (net)
                      0.058310    0.000686    2.304091 ^ S[14] (out)
                                              2.304091   data arrival time

                      0.000000    4.000000    4.000000   clock __VIRTUAL_CLK__ (rise edge)
                                  0.000000    4.000000   clock network delay (ideal)
                                 -0.250000    3.750000   clock uncertainty
                                  0.000000    3.750000   clock reconvergence pessimism
                                 -0.800000    2.950000   output external delay
                                              2.950000   data required time
---------------------------------------------------------------------------------------------
                                              2.950000   data required time
                                             -2.304091   data arrival time
---------------------------------------------------------------------------------------------
                                              0.645908   slack (MET)


Startpoint: sub (input port clocked by __VIRTUAL_CLK__)
Endpoint: S[11] (output port clocked by __VIRTUAL_CLK__)
Path Group: __VIRTUAL_CLK__
Path Type: max

Fanout         Cap        Slew       Delay        Time   Description
---------------------------------------------------------------------------------------------
                      0.000000    0.000000    0.000000   clock __VIRTUAL_CLK__ (rise edge)
                                  0.000000    0.000000   clock network delay (ideal)
                                  0.800000    0.800000 v input external delay
     1    0.008239    0.013483    0.008330    0.808330 v sub (in)
                                                         sub (net)
                      0.013488    0.000000    0.808330 v input65/A (sky130_fd_sc_hd__buf_8)
     4    0.031449    0.028366    0.084184    0.892514 v input65/X (sky130_fd_sc_hd__buf_8)
                                                         net65 (net)
                      0.028434    0.001271    0.893785 v fanout121/A (sky130_fd_sc_hd__buf_8)
     5    0.030707    0.028276    0.089368    0.983153 v fanout121/X (sky130_fd_sc_hd__buf_8)
                                                         net121 (net)
                      0.028382    0.001221    0.984375 v fanout113/A (sky130_fd_sc_hd__buf_8)
     2    0.010518    0.019015    0.078637    1.063012 v fanout113/X (sky130_fd_sc_hd__buf_8)
                                                         net113 (net)
                      0.019015    0.000388    1.063400 v load_slew115/A (sky130_fd_sc_hd__buf_8)
     3    0.016668    0.021613    0.078530    1.141929 v load_slew115/X (sky130_fd_sc_hd__buf_8)
                                                         net115 (net)
                      0.021613    0.000261    1.142190 v load_slew114/A (sky130_fd_sc_hd__buf_8)
     3    0.043388    0.034935    0.093479    1.235669 v load_slew114/X (sky130_fd_sc_hd__buf_8)
                                                         net114 (net)
                      0.035059    0.001885    1.237554 v _652_/A (sky130_fd_sc_hd__inv_16)
     8    0.073371    0.058863    0.066127    1.303681 ^ _652_/Y (sky130_fd_sc_hd__inv_16)
                                                         _348_ (net)
                      0.059012    0.002447    1.306129 ^ _380_/A (sky130_fd_sc_hd__nand2_4)
     1    0.009700    0.045609    0.032280    1.338409 v _380_/Y (sky130_fd_sc_hd__nand2_4)
                                                         _109_ (net)
                      0.045610    0.000345    1.338754 v _385_/C (sky130_fd_sc_hd__nand3b_4)
     4    0.020826    0.073192    0.083148    1.421902 ^ _385_/Y (sky130_fd_sc_hd__nand3b_4)
                                                         _114_ (net)
                      0.073192    0.000492    1.422394 ^ _386_/B1 (sky130_fd_sc_hd__o21ai_4)
     2    0.013690    0.054279    0.036559    1.458953 v _386_/Y (sky130_fd_sc_hd__o21ai_4)
                                                         _115_ (net)
                      0.054280    0.000340    1.459293 v _393_/A (sky130_fd_sc_hd__nor2_4)
     2    0.023415    0.121558    0.136090    1.595383 ^ _393_/Y (sky130_fd_sc_hd__nor2_4)
                                                         _122_ (net)
                      0.121565    0.000752    1.596135 ^ rebuffer224/A (sky130_fd_sc_hd__buf_6)
     3    0.026514    0.047363    0.097932    1.694067 ^ rebuffer224/X (sky130_fd_sc_hd__buf_6)
                                                         net224 (net)
                      0.047404    0.001290    1.695357 ^ _624_/A1 (sky130_fd_sc_hd__a21oi_4)
     3    0.017326    0.046446    0.043865    1.739222 v _624_/Y (sky130_fd_sc_hd__a21oi_4)
                                                         _333_ (net)
                      0.046455    0.000520    1.739742 v _632_/B2 (sky130_fd_sc_hd__o2bb2ai_4)
     3    0.028604    0.163895    0.159332    1.899073 ^ _632_/Y (sky130_fd_sc_hd__o2bb2ai_4)
                                                         _337_ (net)
                      0.163909    0.001215    1.900288 ^ _636_/A1 (sky130_fd_sc_hd__a21oi_4)
     2    0.013338    0.053816    0.049914    1.950202 v _636_/Y (sky130_fd_sc_hd__a21oi_4)
                                                         _339_ (net)
                      0.053816    0.000257    1.950459 v _638_/A2 (sky130_fd_sc_hd__o21ai_2)
     1    0.009168    0.105024    0.114745    2.065204 ^ _638_/Y (sky130_fd_sc_hd__o21ai_2)
                                                         _340_ (net)
                      0.105024    0.000219    2.065423 ^ _639_/B (sky130_fd_sc_hd__xor2_2)
     1    0.005715    0.091312    0.103476    2.168899 ^ _639_/X (sky130_fd_sc_hd__xor2_2)
                                                         net68 (net)
                      0.091312    0.000191    2.169090 ^ output68/A (sky130_fd_sc_hd__buf_6)
     1    0.034509    0.058127    0.101763    2.270853 ^ output68/X (sky130_fd_sc_hd__buf_6)
                                                         S[11] (net)
                      0.058134    0.000697    2.271551 ^ S[11] (out)
                                              2.271551   data arrival time

                      0.000000    4.000000    4.000000   clock __VIRTUAL_CLK__ (rise edge)
                                  0.000000    4.000000   clock network delay (ideal)
                                 -0.250000    3.750000   clock uncertainty
                                  0.000000    3.750000   clock reconvergence pessimism
                                 -0.800000    2.950000   output external delay
                                              2.950000   data required time
---------------------------------------------------------------------------------------------
                                              2.950000   data required time
                                             -2.271551   data arrival time
---------------------------------------------------------------------------------------------
                                              0.678449   slack (MET)


Startpoint: sub (input port clocked by __VIRTUAL_CLK__)
Endpoint: S[16] (output port clocked by __VIRTUAL_CLK__)
Path Group: __VIRTUAL_CLK__
Path Type: max

Fanout         Cap        Slew       Delay        Time   Description
---------------------------------------------------------------------------------------------
                      0.000000    0.000000    0.000000   clock __VIRTUAL_CLK__ (rise edge)
                                  0.000000    0.000000   clock network delay (ideal)
                                  0.800000    0.800000 v input external delay
     1    0.008239    0.013483    0.008330    0.808330 v sub (in)
                                                         sub (net)
                      0.013488    0.000000    0.808330 v input65/A (sky130_fd_sc_hd__buf_8)
     4    0.031449    0.028366    0.084184    0.892514 v input65/X (sky130_fd_sc_hd__buf_8)
                                                         net65 (net)
                      0.028434    0.001271    0.893785 v fanout121/A (sky130_fd_sc_hd__buf_8)
     5    0.030707    0.028276    0.089368    0.983153 v fanout121/X (sky130_fd_sc_hd__buf_8)
                                                         net121 (net)
                      0.028382    0.001221    0.984375 v fanout113/A (sky130_fd_sc_hd__buf_8)
     2    0.010518    0.019015    0.078637    1.063012 v fanout113/X (sky130_fd_sc_hd__buf_8)
                                                         net113 (net)
                      0.019015    0.000388    1.063400 v load_slew115/A (sky130_fd_sc_hd__buf_8)
     3    0.016668    0.021613    0.078530    1.141929 v load_slew115/X (sky130_fd_sc_hd__buf_8)
                                                         net115 (net)
                      0.021613    0.000261    1.142190 v load_slew114/A (sky130_fd_sc_hd__buf_8)
     3    0.043388    0.034935    0.093479    1.235669 v load_slew114/X (sky130_fd_sc_hd__buf_8)
                                                         net114 (net)
                      0.035030    0.001670    1.237339 v _717_/A (sky130_fd_sc_hd__and2_4)
     3    0.014183    0.032688    0.103732    1.341072 v _717_/X (sky130_fd_sc_hd__and2_4)
                                                         _064_ (net)
                      0.032714    0.000283    1.341355 v _723_/A2 (sky130_fd_sc_hd__o2111a_2)
     1    0.009100    0.040891    0.173932    1.515287 v _723_/X (sky130_fd_sc_hd__o2111a_2)
                                                         _070_ (net)
                      0.040892    0.000282    1.515569 v _414_/A2 (sky130_fd_sc_hd__a21oi_4)
     3    0.023711    0.154557    0.168921    1.684489 ^ _414_/Y (sky130_fd_sc_hd__a21oi_4)
                                                         _143_ (net)
                      0.154569    0.001119    1.685608 ^ _415_/A (sky130_fd_sc_hd__nand3_4)
     3    0.019205    0.075145    0.075621    1.761229 v _415_/Y (sky130_fd_sc_hd__nand3_4)
                                                         _144_ (net)
                      0.075148    0.000937    1.762166 v _424_/B1 (sky130_fd_sc_hd__o22ai_4)
     4    0.025230    0.167476    0.170451    1.932617 ^ _424_/Y (sky130_fd_sc_hd__o22ai_4)
                                                         _153_ (net)
                      0.167557    0.001819    1.934435 ^ rebuffer128/A (sky130_fd_sc_hd__buf_2)
     1    0.009060    0.042096    0.107234    2.041669 ^ rebuffer128/X (sky130_fd_sc_hd__buf_2)
                                                         net128 (net)
                      0.042096    0.000213    2.041883 ^ _425_/B (sky130_fd_sc_hd__xor2_2)
     1    0.006403    0.096864    0.105648    2.147531 ^ _425_/X (sky130_fd_sc_hd__xor2_2)
                                                         net73 (net)
                      0.096864    0.000231    2.147762 ^ output73/A (sky130_fd_sc_hd__buf_6)
     1    0.035895    0.060107    0.103994    2.251755 ^ output73/X (sky130_fd_sc_hd__buf_6)
                                                         S[16] (net)
                      0.060120    0.000920    2.252675 ^ S[16] (out)
                                              2.252675   data arrival time

                      0.000000    4.000000    4.000000   clock __VIRTUAL_CLK__ (rise edge)
                                  0.000000    4.000000   clock network delay (ideal)
                                 -0.250000    3.750000   clock uncertainty
                                  0.000000    3.750000   clock reconvergence pessimism
                                 -0.800000    2.950000   output external delay
                                              2.950000   data required time
---------------------------------------------------------------------------------------------
                                              2.950000   data required time
                                             -2.252675   data arrival time
---------------------------------------------------------------------------------------------
                                              0.697325   slack (MET)


Startpoint: sub (input port clocked by __VIRTUAL_CLK__)
Endpoint: S[12] (output port clocked by __VIRTUAL_CLK__)
Path Group: __VIRTUAL_CLK__
Path Type: max

Fanout         Cap        Slew       Delay        Time   Description
---------------------------------------------------------------------------------------------
                      0.000000    0.000000    0.000000   clock __VIRTUAL_CLK__ (rise edge)
                                  0.000000    0.000000   clock network delay (ideal)
                                  0.800000    0.800000 v input external delay
     1    0.008239    0.013483    0.008330    0.808330 v sub (in)
                                                         sub (net)
                      0.013488    0.000000    0.808330 v input65/A (sky130_fd_sc_hd__buf_8)
     4    0.031449    0.028366    0.084184    0.892514 v input65/X (sky130_fd_sc_hd__buf_8)
                                                         net65 (net)
                      0.028434    0.001271    0.893785 v fanout121/A (sky130_fd_sc_hd__buf_8)
     5    0.030707    0.028276    0.089368    0.983153 v fanout121/X (sky130_fd_sc_hd__buf_8)
                                                         net121 (net)
                      0.028382    0.001221    0.984375 v fanout113/A (sky130_fd_sc_hd__buf_8)
     2    0.010518    0.019015    0.078637    1.063012 v fanout113/X (sky130_fd_sc_hd__buf_8)
                                                         net113 (net)
                      0.019015    0.000388    1.063400 v load_slew115/A (sky130_fd_sc_hd__buf_8)
     3    0.016668    0.021613    0.078530    1.141929 v load_slew115/X (sky130_fd_sc_hd__buf_8)
                                                         net115 (net)
                      0.021613    0.000261    1.142190 v load_slew114/A (sky130_fd_sc_hd__buf_8)
     3    0.043388    0.034935    0.093479    1.235669 v load_slew114/X (sky130_fd_sc_hd__buf_8)
                                                         net114 (net)
                      0.035059    0.001885    1.237554 v _652_/A (sky130_fd_sc_hd__inv_16)
     8    0.073371    0.058863    0.066127    1.303681 ^ _652_/Y (sky130_fd_sc_hd__inv_16)
                                                         _348_ (net)
                      0.058893    0.001113    1.304795 ^ _702_/A (sky130_fd_sc_hd__nand2_2)
     1    0.005693    0.041582    0.032698    1.337492 v _702_/Y (sky130_fd_sc_hd__nand2_2)
                                                         _049_ (net)
                      0.041583    0.000188    1.337681 v _706_/B (sky130_fd_sc_hd__nand3b_2)
     4    0.024241    0.126829    0.117566    1.455246 ^ _706_/Y (sky130_fd_sc_hd__nand3b_2)
                                                         _053_ (net)
                      0.126835    0.000746    1.455992 ^ _709_/D (sky130_fd_sc_hd__nand4_4)
     1    0.009030    0.073203    0.069355    1.525347 v _709_/Y (sky130_fd_sc_hd__nand4_4)
                                                         _056_ (net)
                      0.073203    0.000322    1.525669 v _725_/B (sky130_fd_sc_hd__nor2_4)
     4    0.033967    0.164680    0.160714    1.686383 ^ _725_/Y (sky130_fd_sc_hd__nor2_4)
                                                         _072_ (net)
                      0.164729    0.002451    1.688834 ^ _410_/D (sky130_fd_sc_hd__nand4_4)
     2    0.014831    0.072716    0.081390    1.770224 v _410_/Y (sky130_fd_sc_hd__nand4_4)
                                                         _139_ (net)
                      0.072716    0.000434    1.770658 v rebuffer179/A (sky130_fd_sc_hd__buf_6)
     2    0.014081    0.021358    0.100383    1.871042 v rebuffer179/X (sky130_fd_sc_hd__buf_6)
                                                         net179 (net)
                      0.021377    0.000387    1.871429 v _640_/A (sky130_fd_sc_hd__nand4_4)
     3    0.017964    0.083754    0.057900    1.929329 ^ _640_/Y (sky130_fd_sc_hd__nand4_4)
                                                         _341_ (net)
                      0.083756    0.000872    1.930201 ^ rebuffer178/A (sky130_fd_sc_hd__buf_6)
     2    0.016808    0.034046    0.081132    2.011333 ^ rebuffer178/X (sky130_fd_sc_hd__buf_6)
                                                         net178 (net)
                      0.034054    0.000551    2.011884 ^ _642_/B (sky130_fd_sc_hd__xor2_2)
     1    0.005961    0.093510    0.102263    2.114147 ^ _642_/X (sky130_fd_sc_hd__xor2_2)
                                                         net69 (net)
                      0.093510    0.000200    2.114347 ^ output69/A (sky130_fd_sc_hd__buf_6)
     1    0.034946    0.058756    0.102541    2.216887 ^ output69/X (sky130_fd_sc_hd__buf_6)
                                                         S[12] (net)
                      0.058765    0.000758    2.217646 ^ S[12] (out)
                                              2.217646   data arrival time

                      0.000000    4.000000    4.000000   clock __VIRTUAL_CLK__ (rise edge)
                                  0.000000    4.000000   clock network delay (ideal)
                                 -0.250000    3.750000   clock uncertainty
                                  0.000000    3.750000   clock reconvergence pessimism
                                 -0.800000    2.950000   output external delay
                                              2.950000   data required time
---------------------------------------------------------------------------------------------
                                              2.950000   data required time
                                             -2.217646   data arrival time
---------------------------------------------------------------------------------------------
                                              0.732354   slack (MET)


Startpoint: sub (input port clocked by __VIRTUAL_CLK__)
Endpoint: S[7] (output port clocked by __VIRTUAL_CLK__)
Path Group: __VIRTUAL_CLK__
Path Type: max

Fanout         Cap        Slew       Delay        Time   Description
---------------------------------------------------------------------------------------------
                      0.000000    0.000000    0.000000   clock __VIRTUAL_CLK__ (rise edge)
                                  0.000000    0.000000   clock network delay (ideal)
                                  0.800000    0.800000 v input external delay
     1    0.008239    0.013483    0.008330    0.808330 v sub (in)
                                                         sub (net)
                      0.013488    0.000000    0.808330 v input65/A (sky130_fd_sc_hd__buf_8)
     4    0.031449    0.028366    0.084184    0.892514 v input65/X (sky130_fd_sc_hd__buf_8)
                                                         net65 (net)
                      0.028434    0.001271    0.893785 v fanout121/A (sky130_fd_sc_hd__buf_8)
     5    0.030707    0.028276    0.089368    0.983153 v fanout121/X (sky130_fd_sc_hd__buf_8)
                                                         net121 (net)
                      0.028382    0.001221    0.984375 v fanout113/A (sky130_fd_sc_hd__buf_8)
     2    0.010518    0.019015    0.078637    1.063012 v fanout113/X (sky130_fd_sc_hd__buf_8)
                                                         net113 (net)
                      0.019015    0.000388    1.063400 v load_slew115/A (sky130_fd_sc_hd__buf_8)
     3    0.016668    0.021613    0.078530    1.141929 v load_slew115/X (sky130_fd_sc_hd__buf_8)
                                                         net115 (net)
                      0.021613    0.000261    1.142190 v load_slew114/A (sky130_fd_sc_hd__buf_8)
     3    0.043388    0.034935    0.093479    1.235669 v load_slew114/X (sky130_fd_sc_hd__buf_8)
                                                         net114 (net)
                      0.035059    0.001885    1.237554 v _652_/A (sky130_fd_sc_hd__inv_16)
     8    0.073371    0.058863    0.066127    1.303681 ^ _652_/Y (sky130_fd_sc_hd__inv_16)
                                                         _348_ (net)
                      0.059012    0.002447    1.306129 ^ _380_/A (sky130_fd_sc_hd__nand2_4)
     1    0.009700    0.045609    0.032280    1.338409 v _380_/Y (sky130_fd_sc_hd__nand2_4)
                                                         _109_ (net)
                      0.045610    0.000345    1.338754 v _385_/C (sky130_fd_sc_hd__nand3b_4)
     4    0.020826    0.073192    0.083148    1.421902 ^ _385_/Y (sky130_fd_sc_hd__nand3b_4)
                                                         _114_ (net)
                      0.073192    0.000492    1.422394 ^ _386_/B1 (sky130_fd_sc_hd__o21ai_4)
     2    0.013690    0.054279    0.036559    1.458953 v _386_/Y (sky130_fd_sc_hd__o21ai_4)
                                                         _115_ (net)
                      0.054280    0.000340    1.459293 v _393_/A (sky130_fd_sc_hd__nor2_4)
     2    0.023415    0.121558    0.136090    1.595383 ^ _393_/Y (sky130_fd_sc_hd__nor2_4)
                                                         _122_ (net)
                      0.121565    0.000752    1.596135 ^ rebuffer224/A (sky130_fd_sc_hd__buf_6)
     3    0.026514    0.047363    0.097932    1.694067 ^ rebuffer224/X (sky130_fd_sc_hd__buf_6)
                                                         net224 (net)
                      0.047404    0.001290    1.695357 ^ _624_/A1 (sky130_fd_sc_hd__a21oi_4)
     3    0.017326    0.046446    0.043865    1.739222 v _624_/Y (sky130_fd_sc_hd__a21oi_4)
                                                         _333_ (net)
                      0.046452    0.000444    1.739666 v _626_/B2 (sky130_fd_sc_hd__o22a_4)
     3    0.019001    0.042075    0.139546    1.879212 v _626_/X (sky130_fd_sc_hd__o22a_4)
                                                         _334_ (net)
                      0.042075    0.000477    1.879689 v _630_/B2 (sky130_fd_sc_hd__o2bb2a_4)
     1    0.009118    0.030677    0.135310    2.014998 v _630_/X (sky130_fd_sc_hd__o2bb2a_4)
                                                         _336_ (net)
                      0.030677    0.000238    2.015236 v _631_/B (sky130_fd_sc_hd__xor2_2)
     1    0.005258    0.087911    0.092915    2.108151 ^ _631_/X (sky130_fd_sc_hd__xor2_2)
                                                         net95 (net)
                      0.087911    0.000161    2.108313 ^ output95/A (sky130_fd_sc_hd__buf_6)
     1    0.036067    0.060236    0.102540    2.210852 ^ output95/X (sky130_fd_sc_hd__buf_6)
                                                         S[7] (net)
                      0.060299    0.001260    2.212112 ^ S[7] (out)
                                              2.212112   data arrival time

                      0.000000    4.000000    4.000000   clock __VIRTUAL_CLK__ (rise edge)
                                  0.000000    4.000000   clock network delay (ideal)
                                 -0.250000    3.750000   clock uncertainty
                                  0.000000    3.750000   clock reconvergence pessimism
                                 -0.800000    2.950000   output external delay
                                              2.950000   data required time
---------------------------------------------------------------------------------------------
                                              2.950000   data required time
                                             -2.212112   data arrival time
---------------------------------------------------------------------------------------------
                                              0.737888   slack (MET)


Startpoint: sub (input port clocked by __VIRTUAL_CLK__)
Endpoint: S[9] (output port clocked by __VIRTUAL_CLK__)
Path Group: __VIRTUAL_CLK__
Path Type: max

Fanout         Cap        Slew       Delay        Time   Description
---------------------------------------------------------------------------------------------
                      0.000000    0.000000    0.000000   clock __VIRTUAL_CLK__ (rise edge)
                                  0.000000    0.000000   clock network delay (ideal)
                                  0.800000    0.800000 v input external delay
     1    0.008239    0.013483    0.008330    0.808330 v sub (in)
                                                         sub (net)
                      0.013488    0.000000    0.808330 v input65/A (sky130_fd_sc_hd__buf_8)
     4    0.031449    0.028366    0.084184    0.892514 v input65/X (sky130_fd_sc_hd__buf_8)
                                                         net65 (net)
                      0.028434    0.001271    0.893785 v fanout121/A (sky130_fd_sc_hd__buf_8)
     5    0.030707    0.028276    0.089368    0.983153 v fanout121/X (sky130_fd_sc_hd__buf_8)
                                                         net121 (net)
                      0.028382    0.001221    0.984375 v fanout113/A (sky130_fd_sc_hd__buf_8)
     2    0.010518    0.019015    0.078637    1.063012 v fanout113/X (sky130_fd_sc_hd__buf_8)
                                                         net113 (net)
                      0.019015    0.000388    1.063400 v load_slew115/A (sky130_fd_sc_hd__buf_8)
     3    0.016668    0.021613    0.078530    1.141929 v load_slew115/X (sky130_fd_sc_hd__buf_8)
                                                         net115 (net)
                      0.021613    0.000261    1.142190 v load_slew114/A (sky130_fd_sc_hd__buf_8)
     3    0.043388    0.034935    0.093479    1.235669 v load_slew114/X (sky130_fd_sc_hd__buf_8)
                                                         net114 (net)
                      0.035059    0.001885    1.237554 v _652_/A (sky130_fd_sc_hd__inv_16)
     8    0.073371    0.058863    0.066127    1.303681 ^ _652_/Y (sky130_fd_sc_hd__inv_16)
                                                         _348_ (net)
                      0.059012    0.002447    1.306129 ^ _380_/A (sky130_fd_sc_hd__nand2_4)
     1    0.009700    0.045609    0.032280    1.338409 v _380_/Y (sky130_fd_sc_hd__nand2_4)
                                                         _109_ (net)
                      0.045610    0.000345    1.338754 v _385_/C (sky130_fd_sc_hd__nand3b_4)
     4    0.020826    0.073192    0.083148    1.421902 ^ _385_/Y (sky130_fd_sc_hd__nand3b_4)
                                                         _114_ (net)
                      0.073192    0.000492    1.422394 ^ _386_/B1 (sky130_fd_sc_hd__o21ai_4)
     2    0.013690    0.054279    0.036559    1.458953 v _386_/Y (sky130_fd_sc_hd__o21ai_4)
                                                         _115_ (net)
                      0.054280    0.000340    1.459293 v _393_/A (sky130_fd_sc_hd__nor2_4)
     2    0.023415    0.121558    0.136090    1.595383 ^ _393_/Y (sky130_fd_sc_hd__nor2_4)
                                                         _122_ (net)
                      0.121565    0.000752    1.596135 ^ rebuffer224/A (sky130_fd_sc_hd__buf_6)
     3    0.026514    0.047363    0.097932    1.694067 ^ rebuffer224/X (sky130_fd_sc_hd__buf_6)
                                                         net224 (net)
                      0.047404    0.001290    1.695357 ^ _624_/A1 (sky130_fd_sc_hd__a21oi_4)
     3    0.017326    0.046446    0.043865    1.739222 v _624_/Y (sky130_fd_sc_hd__a21oi_4)
                                                         _333_ (net)
                      0.046455    0.000520    1.739742 v _632_/B2 (sky130_fd_sc_hd__o2bb2ai_4)
     3    0.028604    0.163895    0.159332    1.899073 ^ _632_/Y (sky130_fd_sc_hd__o2bb2ai_4)
                                                         _337_ (net)
                      0.163915    0.001453    1.900526 ^ _634_/B1 (sky130_fd_sc_hd__a22o_4)
     1    0.008900    0.031185    0.085014    1.985541 ^ _634_/X (sky130_fd_sc_hd__a22o_4)
                                                         _338_ (net)
                      0.031185    0.000280    1.985820 ^ _635_/B (sky130_fd_sc_hd__xnor2_2)
     1    0.005773    0.099368    0.070833    2.056653 ^ _635_/Y (sky130_fd_sc_hd__xnor2_2)
                                                         net97 (net)
                      0.099368    0.000191    2.056845 ^ output97/A (sky130_fd_sc_hd__buf_6)
     1    0.035622    0.059742    0.104009    2.160854 ^ output97/X (sky130_fd_sc_hd__buf_6)
                                                         S[9] (net)
                      0.059762    0.001073    2.161926 ^ S[9] (out)
                                              2.161926   data arrival time

                      0.000000    4.000000    4.000000   clock __VIRTUAL_CLK__ (rise edge)
                                  0.000000    4.000000   clock network delay (ideal)
                                 -0.250000    3.750000   clock uncertainty
                                  0.000000    3.750000   clock reconvergence pessimism
                                 -0.800000    2.950000   output external delay
                                              2.950000   data required time
---------------------------------------------------------------------------------------------
                                              2.950000   data required time
                                             -2.161926   data arrival time
---------------------------------------------------------------------------------------------
                                              0.788074   slack (MET)


Startpoint: sub (input port clocked by __VIRTUAL_CLK__)
Endpoint: S[10] (output port clocked by __VIRTUAL_CLK__)
Path Group: __VIRTUAL_CLK__
Path Type: max

Fanout         Cap        Slew       Delay        Time   Description
---------------------------------------------------------------------------------------------
                      0.000000    0.000000    0.000000   clock __VIRTUAL_CLK__ (rise edge)
                                  0.000000    0.000000   clock network delay (ideal)
                                  0.800000    0.800000 v input external delay
     1    0.008239    0.013483    0.008330    0.808330 v sub (in)
                                                         sub (net)
                      0.013488    0.000000    0.808330 v input65/A (sky130_fd_sc_hd__buf_8)
     4    0.031449    0.028366    0.084184    0.892514 v input65/X (sky130_fd_sc_hd__buf_8)
                                                         net65 (net)
                      0.028434    0.001271    0.893785 v fanout121/A (sky130_fd_sc_hd__buf_8)
     5    0.030707    0.028276    0.089368    0.983153 v fanout121/X (sky130_fd_sc_hd__buf_8)
                                                         net121 (net)
                      0.028382    0.001221    0.984375 v fanout113/A (sky130_fd_sc_hd__buf_8)
     2    0.010518    0.019015    0.078637    1.063012 v fanout113/X (sky130_fd_sc_hd__buf_8)
                                                         net113 (net)
                      0.019015    0.000388    1.063400 v load_slew115/A (sky130_fd_sc_hd__buf_8)
     3    0.016668    0.021613    0.078530    1.141929 v load_slew115/X (sky130_fd_sc_hd__buf_8)
                                                         net115 (net)
                      0.021613    0.000261    1.142190 v load_slew114/A (sky130_fd_sc_hd__buf_8)
     3    0.043388    0.034935    0.093479    1.235669 v load_slew114/X (sky130_fd_sc_hd__buf_8)
                                                         net114 (net)
                      0.035059    0.001885    1.237554 v _652_/A (sky130_fd_sc_hd__inv_16)
     8    0.073371    0.058863    0.066127    1.303681 ^ _652_/Y (sky130_fd_sc_hd__inv_16)
                                                         _348_ (net)
                      0.059012    0.002447    1.306129 ^ _380_/A (sky130_fd_sc_hd__nand2_4)
     1    0.009700    0.045609    0.032280    1.338409 v _380_/Y (sky130_fd_sc_hd__nand2_4)
                                                         _109_ (net)
                      0.045610    0.000345    1.338754 v _385_/C (sky130_fd_sc_hd__nand3b_4)
     4    0.020826    0.073192    0.083148    1.421902 ^ _385_/Y (sky130_fd_sc_hd__nand3b_4)
                                                         _114_ (net)
                      0.073192    0.000492    1.422394 ^ _386_/B1 (sky130_fd_sc_hd__o21ai_4)
     2    0.013690    0.054279    0.036559    1.458953 v _386_/Y (sky130_fd_sc_hd__o21ai_4)
                                                         _115_ (net)
                      0.054280    0.000340    1.459293 v _393_/A (sky130_fd_sc_hd__nor2_4)
     2    0.023415    0.121558    0.136090    1.595383 ^ _393_/Y (sky130_fd_sc_hd__nor2_4)
                                                         _122_ (net)
                      0.121565    0.000752    1.596135 ^ rebuffer224/A (sky130_fd_sc_hd__buf_6)
     3    0.026514    0.047363    0.097932    1.694067 ^ rebuffer224/X (sky130_fd_sc_hd__buf_6)
                                                         net224 (net)
                      0.047404    0.001290    1.695357 ^ _624_/A1 (sky130_fd_sc_hd__a21oi_4)
     3    0.017326    0.046446    0.043865    1.739222 v _624_/Y (sky130_fd_sc_hd__a21oi_4)
                                                         _333_ (net)
                      0.046455    0.000520    1.739742 v _632_/B2 (sky130_fd_sc_hd__o2bb2ai_4)
     3    0.028604    0.163895    0.159332    1.899073 ^ _632_/Y (sky130_fd_sc_hd__o2bb2ai_4)
                                                         _337_ (net)
                      0.163909    0.001215    1.900288 ^ _636_/A1 (sky130_fd_sc_hd__a21oi_4)
     2    0.013338    0.053816    0.049914    1.950202 v _636_/Y (sky130_fd_sc_hd__a21oi_4)
                                                         _339_ (net)
                      0.053816    0.000236    1.950438 v _637_/B (sky130_fd_sc_hd__xor2_2)
     1    0.005549    0.090087    0.103531    2.053969 ^ _637_/X (sky130_fd_sc_hd__xor2_2)
                                                         net67 (net)
                      0.090087    0.000181    2.054150 ^ output67/A (sky130_fd_sc_hd__buf_6)
     1    0.034517    0.058126    0.101582    2.155732 ^ output67/X (sky130_fd_sc_hd__buf_6)
                                                         S[10] (net)
                      0.058133    0.000689    2.156421 ^ S[10] (out)
                                              2.156421   data arrival time

                      0.000000    4.000000    4.000000   clock __VIRTUAL_CLK__ (rise edge)
                                  0.000000    4.000000   clock network delay (ideal)
                                 -0.250000    3.750000   clock uncertainty
                                  0.000000    3.750000   clock reconvergence pessimism
                                 -0.800000    2.950000   output external delay
                                              2.950000   data required time
---------------------------------------------------------------------------------------------
                                              2.950000   data required time
                                             -2.156421   data arrival time
---------------------------------------------------------------------------------------------
                                              0.793579   slack (MET)


Startpoint: sub (input port clocked by __VIRTUAL_CLK__)
Endpoint: S[6] (output port clocked by __VIRTUAL_CLK__)
Path Group: __VIRTUAL_CLK__
Path Type: max

Fanout         Cap        Slew       Delay        Time   Description
---------------------------------------------------------------------------------------------
                      0.000000    0.000000    0.000000   clock __VIRTUAL_CLK__ (rise edge)
                                  0.000000    0.000000   clock network delay (ideal)
                                  0.800000    0.800000 v input external delay
     1    0.008239    0.013483    0.008330    0.808330 v sub (in)
                                                         sub (net)
                      0.013488    0.000000    0.808330 v input65/A (sky130_fd_sc_hd__buf_8)
     4    0.031449    0.028366    0.084184    0.892514 v input65/X (sky130_fd_sc_hd__buf_8)
                                                         net65 (net)
                      0.028434    0.001271    0.893785 v fanout121/A (sky130_fd_sc_hd__buf_8)
     5    0.030707    0.028276    0.089368    0.983153 v fanout121/X (sky130_fd_sc_hd__buf_8)
                                                         net121 (net)
                      0.028382    0.001221    0.984375 v fanout113/A (sky130_fd_sc_hd__buf_8)
     2    0.010518    0.019015    0.078637    1.063012 v fanout113/X (sky130_fd_sc_hd__buf_8)
                                                         net113 (net)
                      0.019015    0.000388    1.063400 v load_slew115/A (sky130_fd_sc_hd__buf_8)
     3    0.016668    0.021613    0.078530    1.141929 v load_slew115/X (sky130_fd_sc_hd__buf_8)
                                                         net115 (net)
                      0.021613    0.000261    1.142190 v load_slew114/A (sky130_fd_sc_hd__buf_8)
     3    0.043388    0.034935    0.093479    1.235669 v load_slew114/X (sky130_fd_sc_hd__buf_8)
                                                         net114 (net)
                      0.035059    0.001885    1.237554 v _652_/A (sky130_fd_sc_hd__inv_16)
     8    0.073371    0.058863    0.066127    1.303681 ^ _652_/Y (sky130_fd_sc_hd__inv_16)
                                                         _348_ (net)
                      0.059012    0.002447    1.306129 ^ _380_/A (sky130_fd_sc_hd__nand2_4)
     1    0.009700    0.045609    0.032280    1.338409 v _380_/Y (sky130_fd_sc_hd__nand2_4)
                                                         _109_ (net)
                      0.045610    0.000345    1.338754 v _385_/C (sky130_fd_sc_hd__nand3b_4)
     4    0.020826    0.073192    0.083148    1.421902 ^ _385_/Y (sky130_fd_sc_hd__nand3b_4)
                                                         _114_ (net)
                      0.073192    0.000492    1.422394 ^ _386_/B1 (sky130_fd_sc_hd__o21ai_4)
     2    0.013690    0.054279    0.036559    1.458953 v _386_/Y (sky130_fd_sc_hd__o21ai_4)
                                                         _115_ (net)
                      0.054280    0.000340    1.459293 v _393_/A (sky130_fd_sc_hd__nor2_4)
     2    0.023415    0.121558    0.136090    1.595383 ^ _393_/Y (sky130_fd_sc_hd__nor2_4)
                                                         _122_ (net)
                      0.121565    0.000752    1.596135 ^ rebuffer224/A (sky130_fd_sc_hd__buf_6)
     3    0.026514    0.047363    0.097932    1.694067 ^ rebuffer224/X (sky130_fd_sc_hd__buf_6)
                                                         net224 (net)
                      0.047404    0.001290    1.695357 ^ _624_/A1 (sky130_fd_sc_hd__a21oi_4)
     3    0.017326    0.046446    0.043865    1.739222 v _624_/Y (sky130_fd_sc_hd__a21oi_4)
                                                         _333_ (net)
                      0.046452    0.000444    1.739666 v _626_/B2 (sky130_fd_sc_hd__o22a_4)
     3    0.019001    0.042075    0.139546    1.879212 v _626_/X (sky130_fd_sc_hd__o22a_4)
                                                         _334_ (net)
                      0.042075    0.000544    1.879755 v _628_/B1 (sky130_fd_sc_hd__a22oi_2)
     1    0.009402    0.103431    0.084166    1.963922 ^ _628_/Y (sky130_fd_sc_hd__a22oi_2)
                                                         _335_ (net)
                      0.103431    0.000317    1.964238 ^ _629_/B (sky130_fd_sc_hd__xnor2_2)
     1    0.005219    0.094895    0.079380    2.043618 ^ _629_/Y (sky130_fd_sc_hd__xnor2_2)
                                                         net94 (net)
                      0.094895    0.000162    2.043780 ^ output94/A (sky130_fd_sc_hd__buf_6)
     1    0.035060    0.058918    0.102766    2.146546 ^ output94/X (sky130_fd_sc_hd__buf_6)
                                                         S[6] (net)
                      0.058933    0.000957    2.147503 ^ S[6] (out)
                                              2.147503   data arrival time

                      0.000000    4.000000    4.000000   clock __VIRTUAL_CLK__ (rise edge)
                                  0.000000    4.000000   clock network delay (ideal)
                                 -0.250000    3.750000   clock uncertainty
                                  0.000000    3.750000   clock reconvergence pessimism
                                 -0.800000    2.950000   output external delay
                                              2.950000   data required time
---------------------------------------------------------------------------------------------
                                              2.950000   data required time
                                             -2.147503   data arrival time
---------------------------------------------------------------------------------------------
                                              0.802497   slack (MET)


Startpoint: sub (input port clocked by __VIRTUAL_CLK__)
Endpoint: S[5] (output port clocked by __VIRTUAL_CLK__)
Path Group: __VIRTUAL_CLK__
Path Type: max

Fanout         Cap        Slew       Delay        Time   Description
---------------------------------------------------------------------------------------------
                      0.000000    0.000000    0.000000   clock __VIRTUAL_CLK__ (rise edge)
                                  0.000000    0.000000   clock network delay (ideal)
                                  0.800000    0.800000 v input external delay
     1    0.008239    0.013483    0.008330    0.808330 v sub (in)
                                                         sub (net)
                      0.013488    0.000000    0.808330 v input65/A (sky130_fd_sc_hd__buf_8)
     4    0.031449    0.028366    0.084184    0.892514 v input65/X (sky130_fd_sc_hd__buf_8)
                                                         net65 (net)
                      0.028434    0.001271    0.893785 v fanout121/A (sky130_fd_sc_hd__buf_8)
     5    0.030707    0.028276    0.089368    0.983153 v fanout121/X (sky130_fd_sc_hd__buf_8)
                                                         net121 (net)
                      0.028382    0.001221    0.984375 v fanout113/A (sky130_fd_sc_hd__buf_8)
     2    0.010518    0.019015    0.078637    1.063012 v fanout113/X (sky130_fd_sc_hd__buf_8)
                                                         net113 (net)
                      0.019015    0.000388    1.063400 v load_slew115/A (sky130_fd_sc_hd__buf_8)
     3    0.016668    0.021613    0.078530    1.141929 v load_slew115/X (sky130_fd_sc_hd__buf_8)
                                                         net115 (net)
                      0.021613    0.000261    1.142190 v load_slew114/A (sky130_fd_sc_hd__buf_8)
     3    0.043388    0.034935    0.093479    1.235669 v load_slew114/X (sky130_fd_sc_hd__buf_8)
                                                         net114 (net)
                      0.035059    0.001885    1.237554 v _652_/A (sky130_fd_sc_hd__inv_16)
     8    0.073371    0.058863    0.066127    1.303681 ^ _652_/Y (sky130_fd_sc_hd__inv_16)
                                                         _348_ (net)
                      0.059012    0.002447    1.306129 ^ _380_/A (sky130_fd_sc_hd__nand2_4)
     1    0.009700    0.045609    0.032280    1.338409 v _380_/Y (sky130_fd_sc_hd__nand2_4)
                                                         _109_ (net)
                      0.045610    0.000345    1.338754 v _385_/C (sky130_fd_sc_hd__nand3b_4)
     4    0.020826    0.073192    0.083148    1.421902 ^ _385_/Y (sky130_fd_sc_hd__nand3b_4)
                                                         _114_ (net)
                      0.073192    0.000492    1.422394 ^ _386_/B1 (sky130_fd_sc_hd__o21ai_4)
     2    0.013690    0.054279    0.036559    1.458953 v _386_/Y (sky130_fd_sc_hd__o21ai_4)
                                                         _115_ (net)
                      0.054280    0.000340    1.459293 v _393_/A (sky130_fd_sc_hd__nor2_4)
     2    0.023415    0.121558    0.136090    1.595383 ^ _393_/Y (sky130_fd_sc_hd__nor2_4)
                                                         _122_ (net)
                      0.121565    0.000752    1.596135 ^ rebuffer224/A (sky130_fd_sc_hd__buf_6)
     3    0.026514    0.047363    0.097932    1.694067 ^ rebuffer224/X (sky130_fd_sc_hd__buf_6)
                                                         net224 (net)
                      0.047404    0.001290    1.695357 ^ _624_/A1 (sky130_fd_sc_hd__a21oi_4)
     3    0.017326    0.046446    0.043865    1.739222 v _624_/Y (sky130_fd_sc_hd__a21oi_4)
                                                         _333_ (net)
                      0.046452    0.000444    1.739666 v _626_/B2 (sky130_fd_sc_hd__o22a_4)
     3    0.019001    0.042075    0.139546    1.879212 v _626_/X (sky130_fd_sc_hd__o22a_4)
                                                         _334_ (net)
                      0.042075    0.000552    1.879763 v _627_/B (sky130_fd_sc_hd__xnor2_2)
     1    0.006587    0.105956    0.107258    1.987021 ^ _627_/Y (sky130_fd_sc_hd__xnor2_2)
                                                         net93 (net)
                      0.105957    0.000242    1.987264 ^ output93/A (sky130_fd_sc_hd__buf_6)
     1    0.035618    0.059803    0.105039    2.092302 ^ output93/X (sky130_fd_sc_hd__buf_6)
                                                         S[5] (net)
                      0.059823    0.001095    2.093398 ^ S[5] (out)
                                              2.093398   data arrival time

                      0.000000    4.000000    4.000000   clock __VIRTUAL_CLK__ (rise edge)
                                  0.000000    4.000000   clock network delay (ideal)
                                 -0.250000    3.750000   clock uncertainty
                                  0.000000    3.750000   clock reconvergence pessimism
                                 -0.800000    2.950000   output external delay
                                              2.950000   data required time
---------------------------------------------------------------------------------------------
                                              2.950000   data required time
                                             -2.093398   data arrival time
---------------------------------------------------------------------------------------------
                                              0.856602   slack (MET)


Startpoint: sub (input port clocked by __VIRTUAL_CLK__)
Endpoint: S[8] (output port clocked by __VIRTUAL_CLK__)
Path Group: __VIRTUAL_CLK__
Path Type: max

Fanout         Cap        Slew       Delay        Time   Description
---------------------------------------------------------------------------------------------
                      0.000000    0.000000    0.000000   clock __VIRTUAL_CLK__ (rise edge)
                                  0.000000    0.000000   clock network delay (ideal)
                                  0.800000    0.800000 v input external delay
     1    0.008239    0.013483    0.008330    0.808330 v sub (in)
                                                         sub (net)
                      0.013488    0.000000    0.808330 v input65/A (sky130_fd_sc_hd__buf_8)
     4    0.031449    0.028366    0.084184    0.892514 v input65/X (sky130_fd_sc_hd__buf_8)
                                                         net65 (net)
                      0.028434    0.001271    0.893785 v fanout121/A (sky130_fd_sc_hd__buf_8)
     5    0.030707    0.028276    0.089368    0.983153 v fanout121/X (sky130_fd_sc_hd__buf_8)
                                                         net121 (net)
                      0.028382    0.001221    0.984375 v fanout113/A (sky130_fd_sc_hd__buf_8)
     2    0.010518    0.019015    0.078637    1.063012 v fanout113/X (sky130_fd_sc_hd__buf_8)
                                                         net113 (net)
                      0.019015    0.000388    1.063400 v load_slew115/A (sky130_fd_sc_hd__buf_8)
     3    0.016668    0.021613    0.078530    1.141929 v load_slew115/X (sky130_fd_sc_hd__buf_8)
                                                         net115 (net)
                      0.021613    0.000261    1.142190 v load_slew114/A (sky130_fd_sc_hd__buf_8)
     3    0.043388    0.034935    0.093479    1.235669 v load_slew114/X (sky130_fd_sc_hd__buf_8)
                                                         net114 (net)
                      0.035059    0.001885    1.237554 v _652_/A (sky130_fd_sc_hd__inv_16)
     8    0.073371    0.058863    0.066127    1.303681 ^ _652_/Y (sky130_fd_sc_hd__inv_16)
                                                         _348_ (net)
                      0.059012    0.002447    1.306129 ^ _380_/A (sky130_fd_sc_hd__nand2_4)
     1    0.009700    0.045609    0.032280    1.338409 v _380_/Y (sky130_fd_sc_hd__nand2_4)
                                                         _109_ (net)
                      0.045610    0.000345    1.338754 v _385_/C (sky130_fd_sc_hd__nand3b_4)
     4    0.020826    0.073192    0.083148    1.421902 ^ _385_/Y (sky130_fd_sc_hd__nand3b_4)
                                                         _114_ (net)
                      0.073192    0.000492    1.422394 ^ _386_/B1 (sky130_fd_sc_hd__o21ai_4)
     2    0.013690    0.054279    0.036559    1.458953 v _386_/Y (sky130_fd_sc_hd__o21ai_4)
                                                         _115_ (net)
                      0.054280    0.000340    1.459293 v _393_/A (sky130_fd_sc_hd__nor2_4)
     2    0.023415    0.121558    0.136090    1.595383 ^ _393_/Y (sky130_fd_sc_hd__nor2_4)
                                                         _122_ (net)
                      0.121565    0.000752    1.596135 ^ rebuffer224/A (sky130_fd_sc_hd__buf_6)
     3    0.026514    0.047363    0.097932    1.694067 ^ rebuffer224/X (sky130_fd_sc_hd__buf_6)
                                                         net224 (net)
                      0.047404    0.001290    1.695357 ^ _624_/A1 (sky130_fd_sc_hd__a21oi_4)
     3    0.017326    0.046446    0.043865    1.739222 v _624_/Y (sky130_fd_sc_hd__a21oi_4)
                                                         _333_ (net)
                      0.046455    0.000520    1.739742 v _632_/B2 (sky130_fd_sc_hd__o2bb2ai_4)
     3    0.028604    0.163895    0.159332    1.899073 ^ _632_/Y (sky130_fd_sc_hd__o2bb2ai_4)
                                                         _337_ (net)
                      0.163910    0.001273    1.900346 ^ _633_/B (sky130_fd_sc_hd__xnor2_2)
     1    0.005941    0.100733    0.083830    1.984176 ^ _633_/Y (sky130_fd_sc_hd__xnor2_2)
                                                         net96 (net)
                      0.100733    0.000196    1.984371 ^ output96/A (sky130_fd_sc_hd__buf_6)
     1    0.035672    0.059817    0.104198    2.088569 ^ output96/X (sky130_fd_sc_hd__buf_6)
                                                         S[8] (net)
                      0.059878    0.001216    2.089785 ^ S[8] (out)
                                              2.089785   data arrival time

                      0.000000    4.000000    4.000000   clock __VIRTUAL_CLK__ (rise edge)
                                  0.000000    4.000000   clock network delay (ideal)
                                 -0.250000    3.750000   clock uncertainty
                                  0.000000    3.750000   clock reconvergence pessimism
                                 -0.800000    2.950000   output external delay
                                              2.950000   data required time
---------------------------------------------------------------------------------------------
                                              2.950000   data required time
                                             -2.089785   data arrival time
---------------------------------------------------------------------------------------------
                                              0.860215   slack (MET)


Startpoint: sub (input port clocked by __VIRTUAL_CLK__)
Endpoint: S[4] (output port clocked by __VIRTUAL_CLK__)
Path Group: __VIRTUAL_CLK__
Path Type: max

Fanout         Cap        Slew       Delay        Time   Description
---------------------------------------------------------------------------------------------
                      0.000000    0.000000    0.000000   clock __VIRTUAL_CLK__ (rise edge)
                                  0.000000    0.000000   clock network delay (ideal)
                                  0.800000    0.800000 v input external delay
     1    0.008239    0.013483    0.008330    0.808330 v sub (in)
                                                         sub (net)
                      0.013488    0.000000    0.808330 v input65/A (sky130_fd_sc_hd__buf_8)
     4    0.031449    0.028366    0.084184    0.892514 v input65/X (sky130_fd_sc_hd__buf_8)
                                                         net65 (net)
                      0.028434    0.001271    0.893785 v fanout121/A (sky130_fd_sc_hd__buf_8)
     5    0.030707    0.028276    0.089368    0.983153 v fanout121/X (sky130_fd_sc_hd__buf_8)
                                                         net121 (net)
                      0.028382    0.001221    0.984375 v fanout113/A (sky130_fd_sc_hd__buf_8)
     2    0.010518    0.019015    0.078637    1.063012 v fanout113/X (sky130_fd_sc_hd__buf_8)
                                                         net113 (net)
                      0.019015    0.000388    1.063400 v load_slew115/A (sky130_fd_sc_hd__buf_8)
     3    0.016668    0.021613    0.078530    1.141929 v load_slew115/X (sky130_fd_sc_hd__buf_8)
                                                         net115 (net)
                      0.021613    0.000261    1.142190 v load_slew114/A (sky130_fd_sc_hd__buf_8)
     3    0.043388    0.034935    0.093479    1.235669 v load_slew114/X (sky130_fd_sc_hd__buf_8)
                                                         net114 (net)
                      0.035059    0.001885    1.237554 v _652_/A (sky130_fd_sc_hd__inv_16)
     8    0.073371    0.058863    0.066127    1.303681 ^ _652_/Y (sky130_fd_sc_hd__inv_16)
                                                         _348_ (net)
                      0.059012    0.002447    1.306129 ^ _380_/A (sky130_fd_sc_hd__nand2_4)
     1    0.009700    0.045609    0.032280    1.338409 v _380_/Y (sky130_fd_sc_hd__nand2_4)
                                                         _109_ (net)
                      0.045610    0.000345    1.338754 v _385_/C (sky130_fd_sc_hd__nand3b_4)
     4    0.020826    0.073192    0.083148    1.421902 ^ _385_/Y (sky130_fd_sc_hd__nand3b_4)
                                                         _114_ (net)
                      0.073192    0.000492    1.422394 ^ _386_/B1 (sky130_fd_sc_hd__o21ai_4)
     2    0.013690    0.054279    0.036559    1.458953 v _386_/Y (sky130_fd_sc_hd__o21ai_4)
                                                         _115_ (net)
                      0.054280    0.000340    1.459293 v _393_/A (sky130_fd_sc_hd__nor2_4)
     2    0.023415    0.121558    0.136090    1.595383 ^ _393_/Y (sky130_fd_sc_hd__nor2_4)
                                                         _122_ (net)
                      0.121565    0.000752    1.596135 ^ rebuffer224/A (sky130_fd_sc_hd__buf_6)
     3    0.026514    0.047363    0.097932    1.694067 ^ rebuffer224/X (sky130_fd_sc_hd__buf_6)
                                                         net224 (net)
                      0.047404    0.001290    1.695357 ^ _624_/A1 (sky130_fd_sc_hd__a21oi_4)
     3    0.017326    0.046446    0.043865    1.739222 v _624_/Y (sky130_fd_sc_hd__a21oi_4)
                                                         _333_ (net)
                      0.046449    0.000309    1.739530 v rebuffer180/A (sky130_fd_sc_hd__buf_4)
     1    0.008637    0.023075    0.098801    1.838331 v rebuffer180/X (sky130_fd_sc_hd__buf_4)
                                                         net180 (net)
                      0.023075    0.000285    1.838616 v _625_/B (sky130_fd_sc_hd__xnor2_2)
     1    0.007963    0.117111    0.109744    1.948360 ^ _625_/Y (sky130_fd_sc_hd__xnor2_2)
                                                         net92 (net)
                      0.117112    0.000346    1.948705 ^ output92/A (sky130_fd_sc_hd__buf_6)
     1    0.035313    0.059496    0.106532    2.055237 ^ output92/X (sky130_fd_sc_hd__buf_6)
                                                         S[4] (net)
                      0.059514    0.001042    2.056279 ^ S[4] (out)
                                              2.056279   data arrival time

                      0.000000    4.000000    4.000000   clock __VIRTUAL_CLK__ (rise edge)
                                  0.000000    4.000000   clock network delay (ideal)
                                 -0.250000    3.750000   clock uncertainty
                                  0.000000    3.750000   clock reconvergence pessimism
                                 -0.800000    2.950000   output external delay
                                              2.950000   data required time
---------------------------------------------------------------------------------------------
                                              2.950000   data required time
                                             -2.056279   data arrival time
---------------------------------------------------------------------------------------------
                                              0.893721   slack (MET)


Startpoint: sub (input port clocked by __VIRTUAL_CLK__)
Endpoint: S[3] (output port clocked by __VIRTUAL_CLK__)
Path Group: __VIRTUAL_CLK__
Path Type: max

Fanout         Cap        Slew       Delay        Time   Description
---------------------------------------------------------------------------------------------
                      0.000000    0.000000    0.000000   clock __VIRTUAL_CLK__ (rise edge)
                                  0.000000    0.000000   clock network delay (ideal)
                                  0.800000    0.800000 ^ input external delay
     1    0.008906    0.034828    0.023606    0.823606 ^ sub (in)
                                                         sub (net)
                      0.034830    0.000000    0.823606 ^ input65/A (sky130_fd_sc_hd__buf_8)
     4    0.032705    0.047513    0.081794    0.905399 ^ input65/X (sky130_fd_sc_hd__buf_8)
                                                         net65 (net)
                      0.047591    0.001336    0.906736 ^ fanout121/A (sky130_fd_sc_hd__buf_8)
     5    0.032017    0.047037    0.083828    0.990564 ^ fanout121/X (sky130_fd_sc_hd__buf_8)
                                                         net121 (net)
                      0.047087    0.001283    0.991847 ^ fanout113/A (sky130_fd_sc_hd__buf_8)
     2    0.011344    0.024341    0.065856    1.057703 ^ fanout113/X (sky130_fd_sc_hd__buf_8)
                                                         net113 (net)
                      0.024343    0.000421    1.058124 ^ load_slew115/A (sky130_fd_sc_hd__buf_8)
     3    0.017944    0.031039    0.066329    1.124453 ^ load_slew115/X (sky130_fd_sc_hd__buf_8)
                                                         net115 (net)
                      0.031041    0.000283    1.124736 ^ load_slew114/A (sky130_fd_sc_hd__buf_8)
     3    0.047221    0.064335    0.093444    1.218179 ^ load_slew114/X (sky130_fd_sc_hd__buf_8)
                                                         net114 (net)
                      0.064426    0.002065    1.220245 ^ _652_/A (sky130_fd_sc_hd__inv_16)
     8    0.069555    0.032425    0.036052    1.256296 v _652_/Y (sky130_fd_sc_hd__inv_16)
                                                         _348_ (net)
                      0.032669    0.002331    1.258627 v _380_/A (sky130_fd_sc_hd__nand2_4)
     1    0.010667    0.054217    0.045203    1.303830 ^ _380_/Y (sky130_fd_sc_hd__nand2_4)
                                                         _109_ (net)
                      0.054217    0.000380    1.304210 ^ _385_/C (sky130_fd_sc_hd__nand3b_4)
     4    0.019484    0.059330    0.067380    1.371591 v _385_/Y (sky130_fd_sc_hd__nand3b_4)
                                                         _114_ (net)
                      0.059331    0.000459    1.372049 v _386_/B1 (sky130_fd_sc_hd__o21ai_4)
     2    0.015046    0.118975    0.066825    1.438874 ^ _386_/Y (sky130_fd_sc_hd__o21ai_4)
                                                         _115_ (net)
                      0.118975    0.000374    1.439248 ^ _393_/A (sky130_fd_sc_hd__nor2_4)
     2    0.022252    0.045568    0.047326    1.486574 v _393_/Y (sky130_fd_sc_hd__nor2_4)
                                                         _122_ (net)
                      0.045587    0.000710    1.487285 v rebuffer224/A (sky130_fd_sc_hd__buf_6)
     3    0.024485    0.027085    0.096158    1.583443 v rebuffer224/X (sky130_fd_sc_hd__buf_6)
                                                         net224 (net)
                      0.027125    0.000690    1.584133 v _619_/C1 (sky130_fd_sc_hd__a211o_4)
     2    0.010397    0.041934    0.138775    1.722908 v _619_/X (sky130_fd_sc_hd__a211o_4)
                                                         _330_ (net)
                      0.041934    0.000300    1.723208 v _621_/A1 (sky130_fd_sc_hd__a21oi_2)
     1    0.004108    0.067898    0.087185    1.810392 ^ _621_/Y (sky130_fd_sc_hd__a21oi_2)
                                                         _331_ (net)
                      0.067898    0.000143    1.810536 ^ _623_/A_N (sky130_fd_sc_hd__nand2b_4)
     1    0.011289    0.045360    0.095820    1.906356 ^ _623_/Y (sky130_fd_sc_hd__nand2b_4)
                                                         net91 (net)
                      0.045361    0.000528    1.906884 ^ output91/A (sky130_fd_sc_hd__buf_8)
     1    0.034401    0.049524    0.085975    1.992859 ^ output91/X (sky130_fd_sc_hd__buf_8)
                                                         S[3] (net)
                      0.049537    0.000814    1.993673 ^ S[3] (out)
                                              1.993673   data arrival time

                      0.000000    4.000000    4.000000   clock __VIRTUAL_CLK__ (rise edge)
                                  0.000000    4.000000   clock network delay (ideal)
                                 -0.250000    3.750000   clock uncertainty
                                  0.000000    3.750000   clock reconvergence pessimism
                                 -0.800000    2.950000   output external delay
                                              2.950000   data required time
---------------------------------------------------------------------------------------------
                                              2.950000   data required time
                                             -1.993673   data arrival time
---------------------------------------------------------------------------------------------
                                              0.956327   slack (MET)


Startpoint: sub (input port clocked by __VIRTUAL_CLK__)
Endpoint: S[2] (output port clocked by __VIRTUAL_CLK__)
Path Group: __VIRTUAL_CLK__
Path Type: max

Fanout         Cap        Slew       Delay        Time   Description
---------------------------------------------------------------------------------------------
                      0.000000    0.000000    0.000000   clock __VIRTUAL_CLK__ (rise edge)
                                  0.000000    0.000000   clock network delay (ideal)
                                  0.800000    0.800000 v input external delay
     1    0.008239    0.013483    0.008330    0.808330 v sub (in)
                                                         sub (net)
                      0.013488    0.000000    0.808330 v input65/A (sky130_fd_sc_hd__buf_8)
     4    0.031449    0.028366    0.084184    0.892514 v input65/X (sky130_fd_sc_hd__buf_8)
                                                         net65 (net)
                      0.028434    0.001271    0.893785 v fanout121/A (sky130_fd_sc_hd__buf_8)
     5    0.030707    0.028276    0.089368    0.983153 v fanout121/X (sky130_fd_sc_hd__buf_8)
                                                         net121 (net)
                      0.028382    0.001221    0.984375 v fanout113/A (sky130_fd_sc_hd__buf_8)
     2    0.010518    0.019015    0.078637    1.063012 v fanout113/X (sky130_fd_sc_hd__buf_8)
                                                         net113 (net)
                      0.019015    0.000388    1.063400 v load_slew115/A (sky130_fd_sc_hd__buf_8)
     3    0.016668    0.021613    0.078530    1.141929 v load_slew115/X (sky130_fd_sc_hd__buf_8)
                                                         net115 (net)
                      0.021613    0.000261    1.142190 v load_slew114/A (sky130_fd_sc_hd__buf_8)
     3    0.043388    0.034935    0.093479    1.235669 v load_slew114/X (sky130_fd_sc_hd__buf_8)
                                                         net114 (net)
                      0.035059    0.001885    1.237554 v _652_/A (sky130_fd_sc_hd__inv_16)
     8    0.073371    0.058863    0.066127    1.303681 ^ _652_/Y (sky130_fd_sc_hd__inv_16)
                                                         _348_ (net)
                      0.059012    0.002447    1.306129 ^ _380_/A (sky130_fd_sc_hd__nand2_4)
     1    0.009700    0.045609    0.032280    1.338409 v _380_/Y (sky130_fd_sc_hd__nand2_4)
                                                         _109_ (net)
                      0.045610    0.000345    1.338754 v _385_/C (sky130_fd_sc_hd__nand3b_4)
     4    0.020826    0.073192    0.083148    1.421902 ^ _385_/Y (sky130_fd_sc_hd__nand3b_4)
                                                         _114_ (net)
                      0.073192    0.000492    1.422394 ^ _386_/B1 (sky130_fd_sc_hd__o21ai_4)
     2    0.013690    0.054279    0.036559    1.458953 v _386_/Y (sky130_fd_sc_hd__o21ai_4)
                                                         _115_ (net)
                      0.054280    0.000340    1.459293 v _393_/A (sky130_fd_sc_hd__nor2_4)
     2    0.023415    0.121558    0.136090    1.595383 ^ _393_/Y (sky130_fd_sc_hd__nor2_4)
                                                         _122_ (net)
                      0.121565    0.000752    1.596135 ^ rebuffer224/A (sky130_fd_sc_hd__buf_6)
     3    0.026514    0.047363    0.097932    1.694067 ^ rebuffer224/X (sky130_fd_sc_hd__buf_6)
                                                         net224 (net)
                      0.047377    0.000820    1.694887 ^ _618_/C1 (sky130_fd_sc_hd__a211o_4)
     1    0.009523    0.033128    0.068569    1.763456 ^ _618_/X (sky130_fd_sc_hd__a211o_4)
                                                         _329_ (net)
                      0.033128    0.000236    1.763692 ^ _620_/B (sky130_fd_sc_hd__xor2_2)
     1    0.006919    0.100611    0.107974    1.871665 ^ _620_/X (sky130_fd_sc_hd__xor2_2)
                                                         net88 (net)
                      0.100611    0.000273    1.871938 ^ output88/A (sky130_fd_sc_hd__buf_6)
     1    0.034634    0.058388    0.103276    1.975215 ^ output88/X (sky130_fd_sc_hd__buf_6)
                                                         S[2] (net)
                      0.058400    0.000870    1.976085 ^ S[2] (out)
                                              1.976085   data arrival time

                      0.000000    4.000000    4.000000   clock __VIRTUAL_CLK__ (rise edge)
                                  0.000000    4.000000   clock network delay (ideal)
                                 -0.250000    3.750000   clock uncertainty
                                  0.000000    3.750000   clock reconvergence pessimism
                                 -0.800000    2.950000   output external delay
                                              2.950000   data required time
---------------------------------------------------------------------------------------------
                                              2.950000   data required time
                                             -1.976085   data arrival time
---------------------------------------------------------------------------------------------
                                              0.973915   slack (MET)


Startpoint: sub (input port clocked by __VIRTUAL_CLK__)
Endpoint: S[1] (output port clocked by __VIRTUAL_CLK__)
Path Group: __VIRTUAL_CLK__
Path Type: max

Fanout         Cap        Slew       Delay        Time   Description
---------------------------------------------------------------------------------------------
                      0.000000    0.000000    0.000000   clock __VIRTUAL_CLK__ (rise edge)
                                  0.000000    0.000000   clock network delay (ideal)
                                  0.800000    0.800000 v input external delay
     1    0.008239    0.013483    0.008330    0.808330 v sub (in)
                                                         sub (net)
                      0.013488    0.000000    0.808330 v input65/A (sky130_fd_sc_hd__buf_8)
     4    0.031449    0.028366    0.084184    0.892514 v input65/X (sky130_fd_sc_hd__buf_8)
                                                         net65 (net)
                      0.028434    0.001271    0.893785 v fanout121/A (sky130_fd_sc_hd__buf_8)
     5    0.030707    0.028276    0.089368    0.983153 v fanout121/X (sky130_fd_sc_hd__buf_8)
                                                         net121 (net)
                      0.028382    0.001221    0.984375 v fanout113/A (sky130_fd_sc_hd__buf_8)
     2    0.010518    0.019015    0.078637    1.063012 v fanout113/X (sky130_fd_sc_hd__buf_8)
                                                         net113 (net)
                      0.019015    0.000388    1.063400 v load_slew115/A (sky130_fd_sc_hd__buf_8)
     3    0.016668    0.021613    0.078530    1.141929 v load_slew115/X (sky130_fd_sc_hd__buf_8)
                                                         net115 (net)
                      0.021613    0.000261    1.142190 v load_slew114/A (sky130_fd_sc_hd__buf_8)
     3    0.043388    0.034935    0.093479    1.235669 v load_slew114/X (sky130_fd_sc_hd__buf_8)
                                                         net114 (net)
                      0.035059    0.001885    1.237554 v _652_/A (sky130_fd_sc_hd__inv_16)
     8    0.073371    0.058863    0.066127    1.303681 ^ _652_/Y (sky130_fd_sc_hd__inv_16)
                                                         _348_ (net)
                      0.059012    0.002447    1.306129 ^ _380_/A (sky130_fd_sc_hd__nand2_4)
     1    0.009700    0.045609    0.032280    1.338409 v _380_/Y (sky130_fd_sc_hd__nand2_4)
                                                         _109_ (net)
                      0.045610    0.000345    1.338754 v _385_/C (sky130_fd_sc_hd__nand3b_4)
     4    0.020826    0.073192    0.083148    1.421902 ^ _385_/Y (sky130_fd_sc_hd__nand3b_4)
                                                         _114_ (net)
                      0.073192    0.000492    1.422394 ^ _386_/B1 (sky130_fd_sc_hd__o21ai_4)
     2    0.013690    0.054279    0.036559    1.458953 v _386_/Y (sky130_fd_sc_hd__o21ai_4)
                                                         _115_ (net)
                      0.054279    0.000288    1.459241 v rebuffer225/A (sky130_fd_sc_hd__buf_6)
     1    0.008690    0.018222    0.087627    1.546868 v rebuffer225/X (sky130_fd_sc_hd__buf_6)
                                                         net225 (net)
                      0.018222    0.000274    1.547142 v _617_/A (sky130_fd_sc_hd__xnor2_2)
     1    0.005126    0.094157    0.108101    1.655242 ^ _617_/Y (sky130_fd_sc_hd__xnor2_2)
                                                         net77 (net)
                      0.094157    0.000155    1.655397 ^ output77/A (sky130_fd_sc_hd__buf_6)
     1    0.035996    0.060204    0.103494    1.758891 ^ output77/X (sky130_fd_sc_hd__buf_6)
                                                         S[1] (net)
                      0.060262    0.001193    1.760085 ^ S[1] (out)
                                              1.760085   data arrival time

                      0.000000    4.000000    4.000000   clock __VIRTUAL_CLK__ (rise edge)
                                  0.000000    4.000000   clock network delay (ideal)
                                 -0.250000    3.750000   clock uncertainty
                                  0.000000    3.750000   clock reconvergence pessimism
                                 -0.800000    2.950000   output external delay
                                              2.950000   data required time
---------------------------------------------------------------------------------------------
                                              2.950000   data required time
                                             -1.760085   data arrival time
---------------------------------------------------------------------------------------------
                                              1.189915   slack (MET)


Startpoint: B[0] (input port clocked by __VIRTUAL_CLK__)
Endpoint: S[0] (output port clocked by __VIRTUAL_CLK__)
Path Group: __VIRTUAL_CLK__
Path Type: max

Fanout         Cap        Slew       Delay        Time   Description
---------------------------------------------------------------------------------------------
                      0.000000    0.000000    0.000000   clock __VIRTUAL_CLK__ (rise edge)
                                  0.000000    0.000000   clock network delay (ideal)
                                  0.800000    0.800000 ^ input external delay
     1    0.003670    0.017044    0.010011    0.810011 ^ B[0] (in)
                                                         B[0] (net)
                      0.017045    0.000000    0.810011 ^ input33/A (sky130_fd_sc_hd__dlymetal6s4s_1)
     7    0.040578    0.312313    0.315297    1.125308 ^ input33/X (sky130_fd_sc_hd__dlymetal6s4s_1)
                                                         net33 (net)
                      0.312318    0.001096    1.126404 ^ _615_/B (sky130_fd_sc_hd__xor2_2)
     1    0.003122    0.072977    0.076755    1.203159 ^ _615_/X (sky130_fd_sc_hd__xor2_2)
                                                         net66 (net)
                      0.072977    0.000100    1.203259 ^ output66/A (sky130_fd_sc_hd__clkdlybuf4s25_1)
     1    0.036685    0.276979    0.357533    1.560792 ^ output66/X (sky130_fd_sc_hd__clkdlybuf4s25_1)
                                                         S[0] (net)
                      0.276981    0.001342    1.562133 ^ S[0] (out)
                                              1.562133   data arrival time

                      0.000000    4.000000    4.000000   clock __VIRTUAL_CLK__ (rise edge)
                                  0.000000    4.000000   clock network delay (ideal)
                                 -0.250000    3.750000   clock uncertainty
                                  0.000000    3.750000   clock reconvergence pessimism
                                 -0.800000    2.950000   output external delay
                                              2.950000   data required time
---------------------------------------------------------------------------------------------
                                              2.950000   data required time
                                             -1.562133   data arrival time
---------------------------------------------------------------------------------------------
                                              1.387867   slack (MET)



%OL_END_REPORT
%OL_CREATE_REPORT checks.rpt

===========================================================================
report_checks -unconstrained
===========================================================================
======================= nom_ff_n40C_1v95 Corner ===================================

Startpoint: sub (input port clocked by __VIRTUAL_CLK__)
Endpoint: S[20] (output port clocked by __VIRTUAL_CLK__)
Path Group: __VIRTUAL_CLK__
Path Type: max

Fanout         Cap        Slew       Delay        Time   Description
---------------------------------------------------------------------------------------------
                      0.000000    0.000000    0.000000   clock __VIRTUAL_CLK__ (rise edge)
                                  0.000000    0.000000   clock network delay (ideal)
                                  0.800000    0.800000 v input external delay
     1    0.008239    0.013483    0.008330    0.808330 v sub (in)
                                                         sub (net)
                      0.013488    0.000000    0.808330 v input65/A (sky130_fd_sc_hd__buf_8)
     4    0.031449    0.028366    0.084184    0.892514 v input65/X (sky130_fd_sc_hd__buf_8)
                                                         net65 (net)
                      0.028434    0.001271    0.893785 v fanout121/A (sky130_fd_sc_hd__buf_8)
     5    0.030707    0.028276    0.089368    0.983153 v fanout121/X (sky130_fd_sc_hd__buf_8)
                                                         net121 (net)
                      0.028382    0.001221    0.984375 v fanout113/A (sky130_fd_sc_hd__buf_8)
     2    0.010518    0.019015    0.078637    1.063012 v fanout113/X (sky130_fd_sc_hd__buf_8)
                                                         net113 (net)
                      0.019015    0.000388    1.063400 v load_slew115/A (sky130_fd_sc_hd__buf_8)
     3    0.016668    0.021613    0.078530    1.141929 v load_slew115/X (sky130_fd_sc_hd__buf_8)
                                                         net115 (net)
                      0.021613    0.000261    1.142190 v load_slew114/A (sky130_fd_sc_hd__buf_8)
     3    0.043388    0.034935    0.093479    1.235669 v load_slew114/X (sky130_fd_sc_hd__buf_8)
                                                         net114 (net)
                      0.035059    0.001885    1.237554 v _652_/A (sky130_fd_sc_hd__inv_16)
     8    0.073371    0.058863    0.066127    1.303681 ^ _652_/Y (sky130_fd_sc_hd__inv_16)
                                                         _348_ (net)
                      0.058893    0.001113    1.304795 ^ _702_/A (sky130_fd_sc_hd__nand2_2)
     1    0.005693    0.041582    0.032698    1.337492 v _702_/Y (sky130_fd_sc_hd__nand2_2)
                                                         _049_ (net)
                      0.041583    0.000188    1.337681 v _706_/B (sky130_fd_sc_hd__nand3b_2)
     4    0.024241    0.126829    0.117566    1.455246 ^ _706_/Y (sky130_fd_sc_hd__nand3b_2)
                                                         _053_ (net)
                      0.126835    0.000746    1.455992 ^ _709_/D (sky130_fd_sc_hd__nand4_4)
     1    0.009030    0.073203    0.069355    1.525347 v _709_/Y (sky130_fd_sc_hd__nand4_4)
                                                         _056_ (net)
                      0.073203    0.000322    1.525669 v _725_/B (sky130_fd_sc_hd__nor2_4)
     4    0.033967    0.164680    0.160714    1.686383 ^ _725_/Y (sky130_fd_sc_hd__nor2_4)
                                                         _072_ (net)
                      0.164729    0.002451    1.688834 ^ _410_/D (sky130_fd_sc_hd__nand4_4)
     2    0.014831    0.072716    0.081390    1.770224 v _410_/Y (sky130_fd_sc_hd__nand4_4)
                                                         _139_ (net)
                      0.072716    0.000444    1.770668 v _415_/C (sky130_fd_sc_hd__nand3_4)
     3    0.020681    0.076930    0.099107    1.869774 ^ _415_/Y (sky130_fd_sc_hd__nand3_4)
                                                         _144_ (net)
                      0.076933    0.001013    1.870787 ^ _424_/B1 (sky130_fd_sc_hd__o22ai_4)
     4    0.024022    0.071359    0.057287    1.928073 v _424_/Y (sky130_fd_sc_hd__o22ai_4)
                                                         _153_ (net)
                      0.071411    0.001576    1.929649 v _470_/B1 (sky130_fd_sc_hd__o22ai_4)
     7    0.034098    0.205119    0.201507    2.131156 ^ _470_/Y (sky130_fd_sc_hd__o22ai_4)
                                                         _195_ (net)
                      0.205126    0.000935    2.132091 ^ rebuffer122/A (sky130_fd_sc_hd__buf_4)
     1    0.015924    0.043983    0.113461    2.245552 ^ rebuffer122/X (sky130_fd_sc_hd__buf_4)
                                                         net122 (net)
                      0.043988    0.000499    2.246051 ^ _471_/B (sky130_fd_sc_hd__xor2_4)
     1    0.003897    0.075423    0.093247    2.339298 ^ _471_/X (sky130_fd_sc_hd__xor2_4)
                                                         net78 (net)
                      0.075423    0.000069    2.339367 ^ output78/A (sky130_fd_sc_hd__clkbuf_4)
     1    0.034752    0.085453    0.145907    2.485273 ^ output78/X (sky130_fd_sc_hd__clkbuf_4)
                                                         S[20] (net)
                      0.085459    0.000874    2.486148 ^ S[20] (out)
                                              2.486148   data arrival time

                      0.000000    4.000000    4.000000   clock __VIRTUAL_CLK__ (rise edge)
                                  0.000000    4.000000   clock network delay (ideal)
                                 -0.250000    3.750000   clock uncertainty
                                  0.000000    3.750000   clock reconvergence pessimism
                                 -0.800000    2.950000   output external delay
                                              2.950000   data required time
---------------------------------------------------------------------------------------------
                                              2.950000   data required time
                                             -2.486148   data arrival time
---------------------------------------------------------------------------------------------
                                              0.463852   slack (MET)




===========================================================================
report_checks --slack_max -0.01
============================================================================
======================= nom_ff_n40C_1v95 Corner ===================================

No paths found.


===========================================================================
 report_check_types -max_slew -max_cap -max_fanout -violators
============================================================================
======================= nom_ff_n40C_1v95 Corner ===================================



===========================================================================
report_parasitic_annotation -report_unannotated
============================================================================
Found 0 unannotated drivers.
Found 0 partially unannotated drivers.

===========================================================================
max slew violation count 0
%OL_METRIC_I design__max_slew_violation__count__corner:nom_ff_n40C_1v95 0
max fanout violation count 0
%OL_METRIC_I design__max_fanout_violation__count__corner:nom_ff_n40C_1v95 0
max cap violation count 0
%OL_METRIC_I design__max_cap_violation__count__corner:nom_ff_n40C_1v95 0
============================================================================

===========================================================================
check_setup -verbose -unconstrained_endpoints -multiple_clock -no_clock -no_input_delay -loops -generated_clocks
===========================================================================
%OL_END_REPORT
%OL_CREATE_REPORT power.rpt

===========================================================================
 report_power
============================================================================
======================= nom_ff_n40C_1v95 Corner ===================================

Group                    Internal    Switching      Leakage        Total
                            Power        Power        Power        Power (Watts)
------------------------------------------------------------------------
Sequential           0.000000e+00 0.000000e+00 0.000000e+00 0.000000e+00   0.0%
Combinational        5.931358e-04 7.352722e-04 7.512039e-09 1.328416e-03 100.0%
Clock                0.000000e+00 0.000000e+00 6.289207e-09 6.289207e-09   0.0%
Macro                0.000000e+00 0.000000e+00 0.000000e+00 0.000000e+00   0.0%
Pad                  0.000000e+00 0.000000e+00 0.000000e+00 0.000000e+00   0.0%
------------------------------------------------------------------------
Total                5.931358e-04 7.352722e-04 1.380126e-08 1.328422e-03 100.0%
                            44.6%        55.3%         0.0%
%OL_METRIC_F power__internal__total 0.0005931357736699283
%OL_METRIC_F power__switching__total 0.0007352722459472716
%OL_METRIC_F power__leakage__total 1.3801257026102576e-8
%OL_METRIC_F power__total 0.0013284218730404973

%OL_END_REPORT
%OL_CREATE_REPORT skew.min.rpt

===========================================================================
Clock Skew (Hold)
============================================================================
%OL_METRIC_F clock__skew__worst_hold__corner:nom_ff_n40C_1v95 0.0
======================= nom_ff_n40C_1v95 Corner ===================================

Clock __VIRTUAL_CLK__
No launch/capture paths found.

%OL_END_REPORT
%OL_CREATE_REPORT skew.max.rpt

===========================================================================
Clock Skew (Setup)
============================================================================
%OL_METRIC_F clock__skew__worst_setup__corner:nom_ff_n40C_1v95 0.0
======================= nom_ff_n40C_1v95 Corner ===================================

Clock __VIRTUAL_CLK__
No launch/capture paths found.

%OL_END_REPORT
%OL_CREATE_REPORT ws.min.rpt

===========================================================================
Worst Slack (Hold)
============================================================================
%OL_METRIC_F timing__hold__ws__corner:nom_ff_n40C_1v95 1.7318009738654603
nom_ff_n40C_1v95: 1.7318009738654603
%OL_END_REPORT
%OL_CREATE_REPORT ws.max.rpt

===========================================================================
Worst Slack (Setup)
============================================================================
%OL_METRIC_F timing__setup__ws__corner:nom_ff_n40C_1v95 0.4638520809854429
nom_ff_n40C_1v95: 0.4638520809854429
%OL_END_REPORT
%OL_CREATE_REPORT tns.min.rpt

===========================================================================
Total Negative Slack (Hold)
============================================================================
%OL_METRIC_F timing__hold__tns__corner:nom_ff_n40C_1v95 0.0
nom_ff_n40C_1v95: 0.0
%OL_END_REPORT
%OL_CREATE_REPORT tns.max.rpt

===========================================================================
Total Negative Slack (Setup)
============================================================================
%OL_METRIC_F timing__setup__tns__corner:nom_ff_n40C_1v95 0.0
nom_ff_n40C_1v95: 0.0
%OL_END_REPORT
%OL_CREATE_REPORT wns.min.rpt

===========================================================================
Worst Negative Slack (Hold)
============================================================================
%OL_METRIC_F timing__hold__wns__corner:nom_ff_n40C_1v95 0
nom_ff_n40C_1v95: 0
%OL_END_REPORT
%OL_CREATE_REPORT wns.max.rpt

===========================================================================
Worst Negative Slack (Setup)
============================================================================
%OL_METRIC_F timing__setup__wns__corner:nom_ff_n40C_1v95 0.0
nom_ff_n40C_1v95: 0.0
%OL_END_REPORT
%OL_CREATE_REPORT violator_list.rpt

===========================================================================
Violator List
============================================================================
%OL_METRIC_I timing__hold_vio__count__corner:nom_ff_n40C_1v95 0
%OL_METRIC_F timing__hold_r2r__ws__corner:nom_ff_n40C_1v95 inf
%OL_METRIC_I timing__hold_r2r_vio__count__corner:nom_ff_n40C_1v95 0
%OL_METRIC_I timing__setup_vio__count__corner:nom_ff_n40C_1v95 0
%OL_METRIC_F timing__setup_r2r__ws__corner:nom_ff_n40C_1v95 inf
%OL_METRIC_I timing__setup_r2r_vio__count__corner:nom_ff_n40C_1v95 0
%OL_END_REPORT
%OL_CREATE_REPORT unpropagated.rpt
__VIRTUAL_CLK__
%OL_END_REPORT
%OL_CREATE_REPORT clock.rpt
Clock: __VIRTUAL_CLK__
Sources: 
Generated: no
Virtual: yes
Propagated: no
Period: 4.000000

===========================================================================
report_clock_properties
============================================================================
Clock                   Period          Waveform
----------------------------------------------------
__VIRTUAL_CLK__       4.000000    0.000000  2.000000

===========================================================================
report_clock_latency
============================================================================
Clock __VIRTUAL_CLK__


===========================================================================
report_clock_min_period
============================================================================
__VIRTUAL_CLK__ period_min = 0.00 fmax = inf
%OL_END_REPORT
Writing SDF files for all corners…
Removing Clock latencies before writing libs…
Writing timing models for all corners…
Writing timing models for the nom_ff_n40C_1v95 corner to /home/admin/Documents/Projekty/Hobby/Nauka/RISC-5/.v/DDCA/code/exercises/ALUDesignIverilog/ALU/systemIverilog/build/runs/RUN_2026-09-29_09-14-42/54-openroad-stapostpnr/nom_ff_n40C_1v95/addsub32__nom_ff_n40C_1v95.lib…
