
===========================================================================
report_checks -path_delay min (Hold)
============================================================================
======================= max_ss_100C_1v60 Corner ===================================

Startpoint: A[5] (input port clocked by __VIRTUAL_CLK__)
Endpoint: y[5] (output port clocked by __VIRTUAL_CLK__)
Path Group: __VIRTUAL_CLK__
Path Type: min

Fanout         Cap        Slew       Delay        Time   Description
---------------------------------------------------------------------------------------------
                      0.000000    0.000000    0.000000   clock __VIRTUAL_CLK__ (rise edge)
                                  0.000000    0.000000   clock network delay (ideal)
                                  4.000000    4.000000 v input external delay
     1    0.004136    0.023681    0.012823    4.012823 v A[5] (in)
                                                         A[5] (net)
                      0.023691    0.000000    4.012823 v input28/A (sky130_fd_sc_hd__clkdlybuf4s25_1)
     4    0.026111    0.361131    0.635039    4.647862 v input28/X (sky130_fd_sc_hd__clkdlybuf4s25_1)
                                                         net28 (net)
                      0.361143    0.002332    4.650194 v _507_/A (sky130_fd_sc_hd__nand2_2)
     3    0.016341    0.181783    0.271924    4.922118 ^ _507_/Y (sky130_fd_sc_hd__nand2_2)
                                                         _073_ (net)
                      0.181795    0.001526    4.923644 ^ _517_/A2 (sky130_fd_sc_hd__o21ai_2)
     1    0.002929    0.053001    0.123769    5.047413 v _517_/Y (sky130_fd_sc_hd__o21ai_2)
                                                         net97 (net)
                      0.053002    0.000186    5.047599 v output97/A (sky130_fd_sc_hd__clkdlybuf4s25_1)
     1    0.035988    0.486423    0.736415    5.784014 v output97/X (sky130_fd_sc_hd__clkdlybuf4s25_1)
                                                         y[5] (net)
                      0.486426    0.001947    5.785961 v y[5] (out)
                                              5.785961   data arrival time

                      0.000000    0.000000    0.000000   clock __VIRTUAL_CLK__ (rise edge)
                                  0.000000    0.000000   clock network delay (ideal)
                                  0.250000    0.250000   clock uncertainty
                                  0.000000    0.250000   clock reconvergence pessimism
                                 -4.000000   -3.750000   output external delay
                                             -3.750000   data required time
---------------------------------------------------------------------------------------------
                                             -3.750000   data required time
                                             -5.785961   data arrival time
---------------------------------------------------------------------------------------------
                                              9.535961   slack (MET)


Startpoint: A[10] (input port clocked by __VIRTUAL_CLK__)
Endpoint: y[10] (output port clocked by __VIRTUAL_CLK__)
Path Group: __VIRTUAL_CLK__
Path Type: min

Fanout         Cap        Slew       Delay        Time   Description
---------------------------------------------------------------------------------------------
                      0.000000    0.000000    0.000000   clock __VIRTUAL_CLK__ (rise edge)
                                  0.000000    0.000000   clock network delay (ideal)
                                  4.000000    4.000000 v input external delay
     1    0.004514    0.025198    0.013959    4.013958 v A[10] (in)
                                                         A[10] (net)
                      0.025200    0.000000    4.013958 v input2/A (sky130_fd_sc_hd__clkdlybuf4s25_1)
     5    0.026673    0.368118    0.641034    4.654993 v input2/X (sky130_fd_sc_hd__clkdlybuf4s25_1)
                                                         net2 (net)
                      0.368118    0.001200    4.656192 v _570_/A (sky130_fd_sc_hd__nand2_2)
     2    0.009478    0.138127    0.226547    4.882740 ^ _570_/Y (sky130_fd_sc_hd__nand2_2)
                                                         _131_ (net)
                      0.138128    0.000610    4.883349 ^ _582_/A2 (sky130_fd_sc_hd__o211ai_2)
     1    0.003322    0.092207    0.165909    5.049258 v _582_/Y (sky130_fd_sc_hd__o211ai_2)
                                                         net71 (net)
                      0.092207    0.000210    5.049469 v output71/A (sky130_fd_sc_hd__clkdlybuf4s25_1)
     1    0.036986    0.498623    0.762221    5.811689 v output71/X (sky130_fd_sc_hd__clkdlybuf4s25_1)
                                                         y[10] (net)
                      0.498628    0.002113    5.813803 v y[10] (out)
                                              5.813803   data arrival time

                      0.000000    0.000000    0.000000   clock __VIRTUAL_CLK__ (rise edge)
                                  0.000000    0.000000   clock network delay (ideal)
                                  0.250000    0.250000   clock uncertainty
                                  0.000000    0.250000   clock reconvergence pessimism
                                 -4.000000   -3.750000   output external delay
                                             -3.750000   data required time
---------------------------------------------------------------------------------------------
                                             -3.750000   data required time
                                             -5.813803   data arrival time
---------------------------------------------------------------------------------------------
                                              9.563803   slack (MET)


Startpoint: opCode[2] (input port clocked by __VIRTUAL_CLK__)
Endpoint: statusOut (output port clocked by __VIRTUAL_CLK__)
Path Group: __VIRTUAL_CLK__
Path Type: min

Fanout         Cap        Slew       Delay        Time   Description
---------------------------------------------------------------------------------------------
                      0.000000    0.000000    0.000000   clock __VIRTUAL_CLK__ (rise edge)
                                  0.000000    0.000000   clock network delay (ideal)
                                  4.000000    4.000000 ^ input external delay
     1    0.004307    0.042440    0.022616    4.022616 ^ opCode[2] (in)
                                                         opCode[2] (net)
                      0.042441    0.000000    4.022616 ^ input67/A (sky130_fd_sc_hd__clkdlybuf4s25_1)
     2    0.005730    0.115714    0.458922    4.481538 ^ input67/X (sky130_fd_sc_hd__clkdlybuf4s25_1)
                                                         net67 (net)
                      0.115714    0.000175    4.481713 ^ _888_/A (sky130_fd_sc_hd__or4b_2)
     1    0.008840    0.099490    0.241496    4.723209 ^ _888_/X (sky130_fd_sc_hd__or4b_2)
                                                         _427_ (net)
                      0.099493    0.000683    4.723893 ^ _889_/B1 (sky130_fd_sc_hd__a21oi_2)
     1    0.006272    0.047149    0.075040    4.798933 v _889_/Y (sky130_fd_sc_hd__a21oi_2)
                                                         _428_ (net)
                      0.047150    0.000416    4.799349 v _890_/B1 (sky130_fd_sc_hd__a21o_2)
     1    0.005654    0.069901    0.330834    5.130184 v _890_/X (sky130_fd_sc_hd__a21o_2)
                                                         net69 (net)
                      0.069901    0.000404    5.130587 v output69/A (sky130_fd_sc_hd__clkdlybuf4s25_1)
     1    0.036094    0.487523    0.744866    5.875453 v output69/X (sky130_fd_sc_hd__clkdlybuf4s25_1)
                                                         statusOut (net)
                      0.487524    0.001651    5.877104 v statusOut (out)
                                              5.877104   data arrival time

                      0.000000    0.000000    0.000000   clock __VIRTUAL_CLK__ (rise edge)
                                  0.000000    0.000000   clock network delay (ideal)
                                  0.250000    0.250000   clock uncertainty
                                  0.000000    0.250000   clock reconvergence pessimism
                                 -4.000000   -3.750000   output external delay
                                             -3.750000   data required time
---------------------------------------------------------------------------------------------
                                             -3.750000   data required time
                                             -5.877104   data arrival time
---------------------------------------------------------------------------------------------
                                              9.627104   slack (MET)


Startpoint: B[11] (input port clocked by __VIRTUAL_CLK__)
Endpoint: y[11] (output port clocked by __VIRTUAL_CLK__)
Path Group: __VIRTUAL_CLK__
Path Type: min

Fanout         Cap        Slew       Delay        Time   Description
---------------------------------------------------------------------------------------------
                      0.000000    0.000000    0.000000   clock __VIRTUAL_CLK__ (rise edge)
                                  0.000000    0.000000   clock network delay (ideal)
                                  4.000000    4.000000 v input external delay
     1    0.004414    0.024796    0.013658    4.013658 v B[11] (in)
                                                         B[11] (net)
                      0.024798    0.000000    4.013658 v input35/A (sky130_fd_sc_hd__clkdlybuf4s25_1)
     4    0.022289    0.312563    0.601109    4.614768 v input35/X (sky130_fd_sc_hd__clkdlybuf4s25_1)
                                                         net35 (net)
                      0.312565    0.001242    4.616010 v _584_/B (sky130_fd_sc_hd__nand2_2)
     2    0.006835    0.115399    0.210629    4.826638 ^ _584_/Y (sky130_fd_sc_hd__nand2_2)
                                                         _144_ (net)
                      0.115400    0.000392    4.827031 ^ _595_/A2 (sky130_fd_sc_hd__o21a_2)
     1    0.004968    0.069827    0.239273    5.066303 ^ _595_/X (sky130_fd_sc_hd__o21a_2)
                                                         _155_ (net)
                      0.069828    0.000347    5.066650 ^ _596_/B1 (sky130_fd_sc_hd__o21ai_2)
     1    0.004286    0.055565    0.095330    5.161981 v _596_/Y (sky130_fd_sc_hd__o21ai_2)
                                                         net72 (net)
                      0.055565    0.000247    5.162228 v output72/A (sky130_fd_sc_hd__clkdlybuf4s25_1)
     1    0.035970    0.486066    0.737610    5.899837 v output72/X (sky130_fd_sc_hd__clkdlybuf4s25_1)
                                                         y[11] (net)
                      0.486068    0.001639    5.901477 v y[11] (out)
                                              5.901477   data arrival time

                      0.000000    0.000000    0.000000   clock __VIRTUAL_CLK__ (rise edge)
                                  0.000000    0.000000   clock network delay (ideal)
                                  0.250000    0.250000   clock uncertainty
                                  0.000000    0.250000   clock reconvergence pessimism
                                 -4.000000   -3.750000   output external delay
                                             -3.750000   data required time
---------------------------------------------------------------------------------------------
                                             -3.750000   data required time
                                             -5.901477   data arrival time
---------------------------------------------------------------------------------------------
                                              9.651476   slack (MET)


Startpoint: B[23] (input port clocked by __VIRTUAL_CLK__)
Endpoint: y[23] (output port clocked by __VIRTUAL_CLK__)
Path Group: __VIRTUAL_CLK__
Path Type: min

Fanout         Cap        Slew       Delay        Time   Description
---------------------------------------------------------------------------------------------
                      0.000000    0.000000    0.000000   clock __VIRTUAL_CLK__ (rise edge)
                                  0.000000    0.000000   clock network delay (ideal)
                                  4.000000    4.000000 v input external delay
     1    0.004123    0.023636    0.012786    4.012786 v B[23] (in)
                                                         B[23] (net)
                      0.023638    0.000000    4.012786 v input48/A (sky130_fd_sc_hd__clkdlybuf4s25_1)
     3    0.009508    0.154679    0.482570    4.495357 v input48/X (sky130_fd_sc_hd__clkdlybuf4s25_1)
                                                         net48 (net)
                      0.154679    0.000563    4.495919 v _753_/A (sky130_fd_sc_hd__nand2_2)
     3    0.012373    0.122648    0.163424    4.659343 ^ _753_/Y (sky130_fd_sc_hd__nand2_2)
                                                         _301_ (net)
                      0.122651    0.000755    4.660098 ^ _765_/A2 (sky130_fd_sc_hd__o221a_2)
     1    0.005357    0.099383    0.412316    5.072414 ^ _765_/X (sky130_fd_sc_hd__o221a_2)
                                                         _313_ (net)
                      0.099383    0.000235    5.072649 ^ _766_/B1 (sky130_fd_sc_hd__o21ai_2)
     1    0.003086    0.051803    0.099482    5.172131 v _766_/Y (sky130_fd_sc_hd__o21ai_2)
                                                         net85 (net)
                      0.051803    0.000194    5.172325 v output85/A (sky130_fd_sc_hd__clkdlybuf4s25_1)
     1    0.035089    0.474978    0.727892    5.900217 v output85/X (sky130_fd_sc_hd__clkdlybuf4s25_1)
                                                         y[23] (net)
                      0.474980    0.001792    5.902009 v y[23] (out)
                                              5.902009   data arrival time

                      0.000000    0.000000    0.000000   clock __VIRTUAL_CLK__ (rise edge)
                                  0.000000    0.000000   clock network delay (ideal)
                                  0.250000    0.250000   clock uncertainty
                                  0.000000    0.250000   clock reconvergence pessimism
                                 -4.000000   -3.750000   output external delay
                                             -3.750000   data required time
---------------------------------------------------------------------------------------------
                                             -3.750000   data required time
                                             -5.902009   data arrival time
---------------------------------------------------------------------------------------------
                                              9.652009   slack (MET)


Startpoint: A[26] (input port clocked by __VIRTUAL_CLK__)
Endpoint: y[26] (output port clocked by __VIRTUAL_CLK__)
Path Group: __VIRTUAL_CLK__
Path Type: min

Fanout         Cap        Slew       Delay        Time   Description
---------------------------------------------------------------------------------------------
                      0.000000    0.000000    0.000000   clock __VIRTUAL_CLK__ (rise edge)
                                  0.000000    0.000000   clock network delay (ideal)
                                  4.000000    4.000000 v input external delay
     1    0.003740    0.022110    0.011633    4.011633 v A[26] (in)
                                                         A[26] (net)
                      0.022111    0.000000    4.011633 v input19/A (sky130_fd_sc_hd__clkdlybuf4s25_1)
     3    0.012677    0.191115    0.513364    4.524997 v input19/X (sky130_fd_sc_hd__clkdlybuf4s25_1)
                                                         net19 (net)
                      0.191115    0.000786    4.525783 v _799_/B (sky130_fd_sc_hd__nand2_2)
     3    0.012347    0.126408    0.194065    4.719848 ^ _799_/Y (sky130_fd_sc_hd__nand2_2)
                                                         _344_ (net)
                      0.126410    0.000719    4.720567 ^ _809_/B1 (sky130_fd_sc_hd__o22a_2)
     1    0.005289    0.074654    0.291930    5.012497 ^ _809_/X (sky130_fd_sc_hd__o22a_2)
                                                         _354_ (net)
                      0.074688    0.000244    5.012741 ^ _810_/C1 (sky130_fd_sc_hd__o211ai_2)
     1    0.004375    0.104795    0.148753    5.161494 v _810_/Y (sky130_fd_sc_hd__o211ai_2)
                                                         net88 (net)
                      0.104795    0.000355    5.161849 v output88/A (sky130_fd_sc_hd__clkdlybuf4s25_1)
     1    0.036869    0.497146    0.766661    5.928510 v output88/X (sky130_fd_sc_hd__clkdlybuf4s25_1)
                                                         y[26] (net)
                      0.497151    0.002121    5.930632 v y[26] (out)
                                              5.930632   data arrival time

                      0.000000    0.000000    0.000000   clock __VIRTUAL_CLK__ (rise edge)
                                  0.000000    0.000000   clock network delay (ideal)
                                  0.250000    0.250000   clock uncertainty
                                  0.000000    0.250000   clock reconvergence pessimism
                                 -4.000000   -3.750000   output external delay
                                             -3.750000   data required time
---------------------------------------------------------------------------------------------
                                             -3.750000   data required time
                                             -5.930632   data arrival time
---------------------------------------------------------------------------------------------
                                              9.680632   slack (MET)


Startpoint: A[25] (input port clocked by __VIRTUAL_CLK__)
Endpoint: y[25] (output port clocked by __VIRTUAL_CLK__)
Path Group: __VIRTUAL_CLK__
Path Type: min

Fanout         Cap        Slew       Delay        Time   Description
---------------------------------------------------------------------------------------------
                      0.000000    0.000000    0.000000   clock __VIRTUAL_CLK__ (rise edge)
                                  0.000000    0.000000   clock network delay (ideal)
                                  4.000000    4.000000 v input external delay
     1    0.003809    0.022382    0.011840    4.011840 v A[25] (in)
                                                         A[25] (net)
                      0.022392    0.000000    4.011840 v input18/A (sky130_fd_sc_hd__clkdlybuf4s25_1)
     4    0.015660    0.228672    0.540438    4.552278 v input18/X (sky130_fd_sc_hd__clkdlybuf4s25_1)
                                                         net18 (net)
                      0.228674    0.001054    4.553332 v _785_/B (sky130_fd_sc_hd__nand2_2)
     3    0.014187    0.144895    0.220943    4.774275 ^ _785_/Y (sky130_fd_sc_hd__nand2_2)
                                                         _331_ (net)
                      0.144897    0.000732    4.775007 ^ _796_/A2 (sky130_fd_sc_hd__o22a_2)
     1    0.005641    0.077352    0.293283    5.068290 ^ _796_/X (sky130_fd_sc_hd__o22a_2)
                                                         _342_ (net)
                      0.077358    0.000256    5.068546 ^ _797_/C1 (sky130_fd_sc_hd__o211ai_2)
     1    0.002472    0.087608    0.131589    5.200135 v _797_/Y (sky130_fd_sc_hd__o211ai_2)
                                                         net87 (net)
                      0.087608    0.000166    5.200301 v output87/A (sky130_fd_sc_hd__clkdlybuf4s25_1)
     1    0.034569    0.468093    0.738701    5.939002 v output87/X (sky130_fd_sc_hd__clkdlybuf4s25_1)
                                                         y[25] (net)
                      0.468094    0.001648    5.940650 v y[25] (out)
                                              5.940650   data arrival time

                      0.000000    0.000000    0.000000   clock __VIRTUAL_CLK__ (rise edge)
                                  0.000000    0.000000   clock network delay (ideal)
                                  0.250000    0.250000   clock uncertainty
                                  0.000000    0.250000   clock reconvergence pessimism
                                 -4.000000   -3.750000   output external delay
                                             -3.750000   data required time
---------------------------------------------------------------------------------------------
                                             -3.750000   data required time
                                             -5.940650   data arrival time
---------------------------------------------------------------------------------------------
                                              9.690649   slack (MET)


Startpoint: B[7] (input port clocked by __VIRTUAL_CLK__)
Endpoint: y[7] (output port clocked by __VIRTUAL_CLK__)
Path Group: __VIRTUAL_CLK__
Path Type: min

Fanout         Cap        Slew       Delay        Time   Description
---------------------------------------------------------------------------------------------
                      0.000000    0.000000    0.000000   clock __VIRTUAL_CLK__ (rise edge)
                                  0.000000    0.000000   clock network delay (ideal)
                                  4.000000    4.000000 ^ input external delay
     1    0.004836    0.046072    0.025273    4.025273 ^ B[7] (in)
                                                         B[7] (net)
                      0.046073    0.000000    4.025273 ^ input62/A (sky130_fd_sc_hd__clkdlybuf4s25_1)
     4    0.023645    0.389163    0.649093    4.674366 ^ input62/X (sky130_fd_sc_hd__clkdlybuf4s25_1)
                                                         net62 (net)
                      0.389166    0.001737    4.676103 ^ _537_/A2 (sky130_fd_sc_hd__o21ai_2)
     1    0.004145    0.081013    0.183186    4.859289 v _537_/Y (sky130_fd_sc_hd__o21ai_2)
                                                         _101_ (net)
                      0.081014    0.000283    4.859572 v _538_/C1 (sky130_fd_sc_hd__o221a_2)
     1    0.005226    0.064098    0.230512    5.090085 v _538_/X (sky130_fd_sc_hd__o221a_2)
                                                         _102_ (net)
                      0.064120    0.000364    5.090449 v _539_/B1 (sky130_fd_sc_hd__o21ai_2)
     1    0.003632    0.063870    0.077680    5.168129 ^ _539_/Y (sky130_fd_sc_hd__o21ai_2)
                                                         net99 (net)
                      0.063870    0.000220    5.168349 ^ output99/A (sky130_fd_sc_hd__clkdlybuf4s25_1)
     1    0.035397    0.570822    0.779275    5.947624 ^ output99/X (sky130_fd_sc_hd__clkdlybuf4s25_1)
                                                         y[7] (net)
                      0.570822    0.001843    5.949467 ^ y[7] (out)
                                              5.949467   data arrival time

                      0.000000    0.000000    0.000000   clock __VIRTUAL_CLK__ (rise edge)
                                  0.000000    0.000000   clock network delay (ideal)
                                  0.250000    0.250000   clock uncertainty
                                  0.000000    0.250000   clock reconvergence pessimism
                                 -4.000000   -3.750000   output external delay
                                             -3.750000   data required time
---------------------------------------------------------------------------------------------
                                             -3.750000   data required time
                                             -5.949467   data arrival time
---------------------------------------------------------------------------------------------
                                              9.699468   slack (MET)


Startpoint: A[12] (input port clocked by __VIRTUAL_CLK__)
Endpoint: y[12] (output port clocked by __VIRTUAL_CLK__)
Path Group: __VIRTUAL_CLK__
Path Type: min

Fanout         Cap        Slew       Delay        Time   Description
---------------------------------------------------------------------------------------------
                      0.000000    0.000000    0.000000   clock __VIRTUAL_CLK__ (rise edge)
                                  0.000000    0.000000   clock network delay (ideal)
                                  4.000000    4.000000 ^ input external delay
     1    0.004182    0.041578    0.021994    4.021994 ^ A[12] (in)
                                                         A[12] (net)
                      0.041579    0.000000    4.021994 ^ input4/A (sky130_fd_sc_hd__clkdlybuf4s25_1)
     6    0.031279    0.507087    0.727227    4.749221 ^ input4/X (sky130_fd_sc_hd__clkdlybuf4s25_1)
                                                         net4 (net)
                      0.507088    0.001853    4.751073 ^ _611_/A1 (sky130_fd_sc_hd__o21ai_2)
     1    0.008058    0.123284    0.273437    5.024510 v _611_/Y (sky130_fd_sc_hd__o21ai_2)
                                                         _170_ (net)
                      0.123284    0.000576    5.025086 v _613_/B1 (sky130_fd_sc_hd__o211ai_2)
     1    0.004779    0.085304    0.131243    5.156329 ^ _613_/Y (sky130_fd_sc_hd__o211ai_2)
                                                         net73 (net)
                      0.085304    0.000337    5.156666 ^ output73/A (sky130_fd_sc_hd__clkdlybuf4s25_1)
     1    0.036087    0.581584    0.795221    5.951887 ^ output73/X (sky130_fd_sc_hd__clkdlybuf4s25_1)
                                                         y[12] (net)
                      0.581585    0.002052    5.953938 ^ y[12] (out)
                                              5.953938   data arrival time

                      0.000000    0.000000    0.000000   clock __VIRTUAL_CLK__ (rise edge)
                                  0.000000    0.000000   clock network delay (ideal)
                                  0.250000    0.250000   clock uncertainty
                                  0.000000    0.250000   clock reconvergence pessimism
                                 -4.000000   -3.750000   output external delay
                                             -3.750000   data required time
---------------------------------------------------------------------------------------------
                                             -3.750000   data required time
                                             -5.953938   data arrival time
---------------------------------------------------------------------------------------------
                                              9.703938   slack (MET)


Startpoint: B[6] (input port clocked by __VIRTUAL_CLK__)
Endpoint: y[6] (output port clocked by __VIRTUAL_CLK__)
Path Group: __VIRTUAL_CLK__
Path Type: min

Fanout         Cap        Slew       Delay        Time   Description
---------------------------------------------------------------------------------------------
                      0.000000    0.000000    0.000000   clock __VIRTUAL_CLK__ (rise edge)
                                  0.000000    0.000000   clock network delay (ideal)
                                  4.000000    4.000000 v input external delay
     1    0.003758    0.022184    0.011690    4.011690 v B[6] (in)
                                                         B[6] (net)
                      0.022193    0.000000    4.011690 v input61/A (sky130_fd_sc_hd__clkdlybuf4s25_1)
     5    0.027585    0.379902    0.647713    4.659402 v input61/X (sky130_fd_sc_hd__clkdlybuf4s25_1)
                                                         net61 (net)
                      0.379909    0.001982    4.661384 v _519_/B (sky130_fd_sc_hd__nor2_2)
     3    0.015146    0.308462    0.380517    5.041902 ^ _519_/Y (sky130_fd_sc_hd__nor2_2)
                                                         _084_ (net)
                      0.308462    0.001235    5.043136 ^ _530_/A2 (sky130_fd_sc_hd__o21ai_2)
     1    0.005507    0.080730    0.174088    5.217225 v _530_/Y (sky130_fd_sc_hd__o21ai_2)
                                                         net98 (net)
                      0.080731    0.000403    5.217628 v output98/A (sky130_fd_sc_hd__clkdlybuf4s25_1)
     1    0.035744    0.483069    0.746182    5.963809 v output98/X (sky130_fd_sc_hd__clkdlybuf4s25_1)
                                                         y[6] (net)
                      0.483072    0.001846    5.965655 v y[6] (out)
                                              5.965655   data arrival time

                      0.000000    0.000000    0.000000   clock __VIRTUAL_CLK__ (rise edge)
                                  0.000000    0.000000   clock network delay (ideal)
                                  0.250000    0.250000   clock uncertainty
                                  0.000000    0.250000   clock reconvergence pessimism
                                 -4.000000   -3.750000   output external delay
                                             -3.750000   data required time
---------------------------------------------------------------------------------------------
                                             -3.750000   data required time
                                             -5.965655   data arrival time
---------------------------------------------------------------------------------------------
                                              9.715655   slack (MET)


Startpoint: A[19] (input port clocked by __VIRTUAL_CLK__)
Endpoint: y[19] (output port clocked by __VIRTUAL_CLK__)
Path Group: __VIRTUAL_CLK__
Path Type: min

Fanout         Cap        Slew       Delay        Time   Description
---------------------------------------------------------------------------------------------
                      0.000000    0.000000    0.000000   clock __VIRTUAL_CLK__ (rise edge)
                                  0.000000    0.000000   clock network delay (ideal)
                                  4.000000    4.000000 ^ input external delay
     1    0.003734    0.038510    0.019733    4.019733 ^ A[19] (in)
                                                         A[19] (net)
                      0.038510    0.000000    4.019733 ^ input11/A (sky130_fd_sc_hd__clkdlybuf4s25_1)
     3    0.008459    0.156595    0.486475    4.506208 ^ input11/X (sky130_fd_sc_hd__clkdlybuf4s25_1)
                                                         net11 (net)
                      0.156595    0.000319    4.506527 ^ _701_/B (sky130_fd_sc_hd__or2_2)
     3    0.013589    0.126849    0.264568    4.771096 ^ _701_/X (sky130_fd_sc_hd__or2_2)
                                                         _253_ (net)
                      0.126850    0.000626    4.771721 ^ _711_/B1 (sky130_fd_sc_hd__a221o_2)
     1    0.003562    0.058864    0.283354    5.055076 ^ _711_/X (sky130_fd_sc_hd__a221o_2)
                                                         _263_ (net)
                      0.058864    0.000230    5.055306 ^ _712_/B1 (sky130_fd_sc_hd__a21o_2)
     1    0.006171    0.066993    0.154585    5.209891 ^ _712_/X (sky130_fd_sc_hd__a21o_2)
                                                         net80 (net)
                      0.066993    0.000270    5.210161 ^ output80/A (sky130_fd_sc_hd__clkdlybuf4s25_1)
     1    0.034547    0.557637    0.771821    5.981983 ^ output80/X (sky130_fd_sc_hd__clkdlybuf4s25_1)
                                                         y[19] (net)
                      0.557637    0.001588    5.983570 ^ y[19] (out)
                                              5.983570   data arrival time

                      0.000000    0.000000    0.000000   clock __VIRTUAL_CLK__ (rise edge)
                                  0.000000    0.000000   clock network delay (ideal)
                                  0.250000    0.250000   clock uncertainty
                                  0.000000    0.250000   clock reconvergence pessimism
                                 -4.000000   -3.750000   output external delay
                                             -3.750000   data required time
---------------------------------------------------------------------------------------------
                                             -3.750000   data required time
                                             -5.983570   data arrival time
---------------------------------------------------------------------------------------------
                                              9.733571   slack (MET)


Startpoint: A[20] (input port clocked by __VIRTUAL_CLK__)
Endpoint: y[20] (output port clocked by __VIRTUAL_CLK__)
Path Group: __VIRTUAL_CLK__
Path Type: min

Fanout         Cap        Slew       Delay        Time   Description
---------------------------------------------------------------------------------------------
                      0.000000    0.000000    0.000000   clock __VIRTUAL_CLK__ (rise edge)
                                  0.000000    0.000000   clock network delay (ideal)
                                  4.000000    4.000000 ^ input external delay
     1    0.004498    0.043758    0.023577    4.023577 ^ A[20] (in)
                                                         A[20] (net)
                      0.043759    0.000000    4.023577 ^ input13/A (sky130_fd_sc_hd__clkdlybuf4s25_1)
     5    0.027191    0.443934    0.685299    4.708876 ^ input13/X (sky130_fd_sc_hd__clkdlybuf4s25_1)
                                                         net13 (net)
                      0.443935    0.001515    4.710391 ^ _724_/A2 (sky130_fd_sc_hd__o21ai_2)
     1    0.003540    0.081513    0.189696    4.900087 v _724_/Y (sky130_fd_sc_hd__o21ai_2)
                                                         _275_ (net)
                      0.081513    0.000214    4.900301 v _725_/C1 (sky130_fd_sc_hd__o221a_2)
     1    0.005165    0.063674    0.230292    5.130593 v _725_/X (sky130_fd_sc_hd__o221a_2)
                                                         _276_ (net)
                      0.063675    0.000353    5.130946 v _726_/B1 (sky130_fd_sc_hd__o21ai_2)
     1    0.003871    0.065767    0.078912    5.209857 ^ _726_/Y (sky130_fd_sc_hd__o21ai_2)
                                                         net82 (net)
                      0.065767    0.000237    5.210095 ^ output82/A (sky130_fd_sc_hd__clkdlybuf4s25_1)
     1    0.035461    0.571793    0.780769    5.990863 ^ output82/X (sky130_fd_sc_hd__clkdlybuf4s25_1)
                                                         y[20] (net)
                      0.571793    0.001773    5.992636 ^ y[20] (out)
                                              5.992636   data arrival time

                      0.000000    0.000000    0.000000   clock __VIRTUAL_CLK__ (rise edge)
                                  0.000000    0.000000   clock network delay (ideal)
                                  0.250000    0.250000   clock uncertainty
                                  0.000000    0.250000   clock reconvergence pessimism
                                 -4.000000   -3.750000   output external delay
                                             -3.750000   data required time
---------------------------------------------------------------------------------------------
                                             -3.750000   data required time
                                             -5.992636   data arrival time
---------------------------------------------------------------------------------------------
                                              9.742637   slack (MET)


Startpoint: B[24] (input port clocked by __VIRTUAL_CLK__)
Endpoint: y[24] (output port clocked by __VIRTUAL_CLK__)
Path Group: __VIRTUAL_CLK__
Path Type: min

Fanout         Cap        Slew       Delay        Time   Description
---------------------------------------------------------------------------------------------
                      0.000000    0.000000    0.000000   clock __VIRTUAL_CLK__ (rise edge)
                                  0.000000    0.000000   clock network delay (ideal)
                                  4.000000    4.000000 v input external delay
     1    0.003826    0.022449    0.011890    4.011890 v B[24] (in)
                                                         B[24] (net)
                      0.022459    0.000000    4.011890 v input49/A (sky130_fd_sc_hd__clkdlybuf4s25_1)
     3    0.012819    0.192808    0.515005    4.526895 v input49/X (sky130_fd_sc_hd__clkdlybuf4s25_1)
                                                         net49 (net)
                      0.192808    0.000539    4.527434 v _768_/A (sky130_fd_sc_hd__nand2_2)
     4    0.017207    0.157550    0.206823    4.734256 ^ _768_/Y (sky130_fd_sc_hd__nand2_2)
                                                         _315_ (net)
                      0.157556    0.001148    4.735404 ^ _783_/A2 (sky130_fd_sc_hd__o221a_2)
     1    0.005079    0.096631    0.421918    5.157323 ^ _783_/X (sky130_fd_sc_hd__o221a_2)
                                                         _330_ (net)
                      0.096631    0.000231    5.157554 ^ _784_/B1 (sky130_fd_sc_hd__o21ai_2)
     1    0.003994    0.058552    0.104008    5.261561 v _784_/Y (sky130_fd_sc_hd__o21ai_2)
                                                         net86 (net)
                      0.058553    0.000237    5.261799 v output86/A (sky130_fd_sc_hd__clkdlybuf4s25_1)
     1    0.036586    0.493923    0.743832    6.005630 v output86/X (sky130_fd_sc_hd__clkdlybuf4s25_1)
                                                         y[24] (net)
                      0.493931    0.002465    6.008096 v y[24] (out)
                                              6.008096   data arrival time

                      0.000000    0.000000    0.000000   clock __VIRTUAL_CLK__ (rise edge)
                                  0.000000    0.000000   clock network delay (ideal)
                                  0.250000    0.250000   clock uncertainty
                                  0.000000    0.250000   clock reconvergence pessimism
                                 -4.000000   -3.750000   output external delay
                                             -3.750000   data required time
---------------------------------------------------------------------------------------------
                                             -3.750000   data required time
                                             -6.008096   data arrival time
---------------------------------------------------------------------------------------------
                                              9.758095   slack (MET)


Startpoint: B[14] (input port clocked by __VIRTUAL_CLK__)
Endpoint: y[14] (output port clocked by __VIRTUAL_CLK__)
Path Group: __VIRTUAL_CLK__
Path Type: min

Fanout         Cap        Slew       Delay        Time   Description
---------------------------------------------------------------------------------------------
                      0.000000    0.000000    0.000000   clock __VIRTUAL_CLK__ (rise edge)
                                  0.000000    0.000000   clock network delay (ideal)
                                  4.000000    4.000000 ^ input external delay
     1    0.004729    0.045343    0.024730    4.024730 ^ B[14] (in)
                                                         B[14] (net)
                      0.045344    0.000000    4.024730 ^ input38/A (sky130_fd_sc_hd__clkdlybuf4s25_1)
     5    0.029410    0.478079    0.709574    4.734304 ^ input38/X (sky130_fd_sc_hd__clkdlybuf4s25_1)
                                                         net38 (net)
                      0.478079    0.000974    4.735278 ^ _634_/A2 (sky130_fd_sc_hd__o21ai_2)
     1    0.002526    0.077192    0.186996    4.922274 v _634_/Y (sky130_fd_sc_hd__o21ai_2)
                                                         _191_ (net)
                      0.077192    0.000112    4.922386 v _635_/C1 (sky130_fd_sc_hd__o221a_2)
     1    0.004358    0.058664    0.222546    5.144932 v _635_/X (sky130_fd_sc_hd__o221a_2)
                                                         _192_ (net)
                      0.058664    0.000192    5.145124 v _636_/B1 (sky130_fd_sc_hd__o21ai_2)
     1    0.005405    0.078419    0.085594    5.230718 ^ _636_/Y (sky130_fd_sc_hd__o21ai_2)
                                                         net75 (net)
                      0.078419    0.000283    5.231001 ^ output75/A (sky130_fd_sc_hd__clkdlybuf4s25_1)
     1    0.034473    0.556536    0.775593    6.006595 ^ output75/X (sky130_fd_sc_hd__clkdlybuf4s25_1)
                                                         y[14] (net)
                      0.556536    0.001750    6.008344 ^ y[14] (out)
                                              6.008344   data arrival time

                      0.000000    0.000000    0.000000   clock __VIRTUAL_CLK__ (rise edge)
                                  0.000000    0.000000   clock network delay (ideal)
                                  0.250000    0.250000   clock uncertainty
                                  0.000000    0.250000   clock reconvergence pessimism
                                 -4.000000   -3.750000   output external delay
                                             -3.750000   data required time
---------------------------------------------------------------------------------------------
                                             -3.750000   data required time
                                             -6.008344   data arrival time
---------------------------------------------------------------------------------------------
                                              9.758344   slack (MET)


Startpoint: B[18] (input port clocked by __VIRTUAL_CLK__)
Endpoint: y[18] (output port clocked by __VIRTUAL_CLK__)
Path Group: __VIRTUAL_CLK__
Path Type: min

Fanout         Cap        Slew       Delay        Time   Description
---------------------------------------------------------------------------------------------
                      0.000000    0.000000    0.000000   clock __VIRTUAL_CLK__ (rise edge)
                                  0.000000    0.000000   clock network delay (ideal)
                                  4.000000    4.000000 v input external delay
     1    0.005043    0.027291    0.015549    4.015549 v B[18] (in)
                                                         B[18] (net)
                      0.027294    0.000000    4.015549 v input42/A (sky130_fd_sc_hd__clkdlybuf4s25_1)
     4    0.012736    0.191664    0.516137    4.531687 v input42/X (sky130_fd_sc_hd__clkdlybuf4s25_1)
                                                         net42 (net)
                      0.191664    0.000754    4.532441 v _683_/A (sky130_fd_sc_hd__nor2_2)
     2    0.004906    0.134675    0.222641    4.755081 ^ _683_/Y (sky130_fd_sc_hd__nor2_2)
                                                         _236_ (net)
                      0.134676    0.000307    4.755389 ^ _698_/A2 (sky130_fd_sc_hd__o221a_2)
     1    0.004638    0.092396    0.409202    5.164591 ^ _698_/X (sky130_fd_sc_hd__o221a_2)
                                                         _251_ (net)
                      0.092396    0.000205    5.164795 ^ _699_/B1 (sky130_fd_sc_hd__o21ai_2)
     1    0.005455    0.068418    0.110803    5.275599 v _699_/Y (sky130_fd_sc_hd__o21ai_2)
                                                         net79 (net)
                      0.068420    0.000392    5.275990 v output79/A (sky130_fd_sc_hd__clkdlybuf4s25_1)
     1    0.036586    0.493746    0.748352    6.024343 v output79/X (sky130_fd_sc_hd__clkdlybuf4s25_1)
                                                         y[18] (net)
                      0.493751    0.002079    6.026422 v y[18] (out)
                                              6.026422   data arrival time

                      0.000000    0.000000    0.000000   clock __VIRTUAL_CLK__ (rise edge)
                                  0.000000    0.000000   clock network delay (ideal)
                                  0.250000    0.250000   clock uncertainty
                                  0.000000    0.250000   clock reconvergence pessimism
                                 -4.000000   -3.750000   output external delay
                                             -3.750000   data required time
---------------------------------------------------------------------------------------------
                                             -3.750000   data required time
                                             -6.026422   data arrival time
---------------------------------------------------------------------------------------------
                                              9.776422   slack (MET)


Startpoint: A[22] (input port clocked by __VIRTUAL_CLK__)
Endpoint: y[22] (output port clocked by __VIRTUAL_CLK__)
Path Group: __VIRTUAL_CLK__
Path Type: min

Fanout         Cap        Slew       Delay        Time   Description
---------------------------------------------------------------------------------------------
                      0.000000    0.000000    0.000000   clock __VIRTUAL_CLK__ (rise edge)
                                  0.000000    0.000000   clock network delay (ideal)
                                  4.000000    4.000000 ^ input external delay
     1    0.003798    0.038946    0.020061    4.020061 ^ A[22] (in)
                                                         A[22] (net)
                      0.038946    0.000000    4.020061 ^ input15/A (sky130_fd_sc_hd__clkdlybuf4s25_1)
     4    0.015773    0.267626    0.563944    4.584004 ^ input15/X (sky130_fd_sc_hd__clkdlybuf4s25_1)
                                                         net15 (net)
                      0.267626    0.000734    4.584739 ^ _739_/B (sky130_fd_sc_hd__or2_2)
     2    0.008079    0.086900    0.279864    4.864603 ^ _739_/X (sky130_fd_sc_hd__or2_2)
                                                         _288_ (net)
                      0.086902    0.000519    4.865122 ^ _751_/B1 (sky130_fd_sc_hd__a221o_2)
     1    0.002893    0.054528    0.260800    5.125922 ^ _751_/X (sky130_fd_sc_hd__a221o_2)
                                                         _300_ (net)
                      0.054528    0.000199    5.126121 ^ _752_/B1 (sky130_fd_sc_hd__a21o_2)
     1    0.003695    0.050416    0.137327    5.263448 ^ _752_/X (sky130_fd_sc_hd__a21o_2)
                                                         net84 (net)
                      0.050416    0.000240    5.263688 ^ output84/A (sky130_fd_sc_hd__clkdlybuf4s25_1)
     1    0.034805    0.561636    0.767650    6.031337 ^ output84/X (sky130_fd_sc_hd__clkdlybuf4s25_1)
                                                         y[22] (net)
                      0.561636    0.001724    6.033062 ^ y[22] (out)
                                              6.033062   data arrival time

                      0.000000    0.000000    0.000000   clock __VIRTUAL_CLK__ (rise edge)
                                  0.000000    0.000000   clock network delay (ideal)
                                  0.250000    0.250000   clock uncertainty
                                  0.000000    0.250000   clock reconvergence pessimism
                                 -4.000000   -3.750000   output external delay
                                             -3.750000   data required time
---------------------------------------------------------------------------------------------
                                             -3.750000   data required time
                                             -6.033062   data arrival time
---------------------------------------------------------------------------------------------
                                              9.783062   slack (MET)


Startpoint: B[21] (input port clocked by __VIRTUAL_CLK__)
Endpoint: y[21] (output port clocked by __VIRTUAL_CLK__)
Path Group: __VIRTUAL_CLK__
Path Type: min

Fanout         Cap        Slew       Delay        Time   Description
---------------------------------------------------------------------------------------------
                      0.000000    0.000000    0.000000   clock __VIRTUAL_CLK__ (rise edge)
                                  0.000000    0.000000   clock network delay (ideal)
                                  4.000000    4.000000 v input external delay
     1    0.004657    0.025767    0.014388    4.014389 v B[21] (in)
                                                         B[21] (net)
                      0.025769    0.000000    4.014389 v input46/A (sky130_fd_sc_hd__clkdlybuf4s25_1)
     5    0.023528    0.328104    0.613058    4.627446 v input46/X (sky130_fd_sc_hd__clkdlybuf4s25_1)
                                                         net46 (net)
                      0.328104    0.000457    4.627903 v _727_/A (sky130_fd_sc_hd__nand2_2)
     1    0.004429    0.100226    0.175908    4.803811 ^ _727_/Y (sky130_fd_sc_hd__nand2_2)
                                                         _277_ (net)
                      0.100227    0.000343    4.804153 ^ _736_/A2 (sky130_fd_sc_hd__o221a_2)
     1    0.006038    0.104002    0.409338    5.213491 ^ _736_/X (sky130_fd_sc_hd__o221a_2)
                                                         _286_ (net)
                      0.104002    0.000420    5.213911 ^ _737_/B1 (sky130_fd_sc_hd__o21ai_2)
     1    0.002478    0.042487    0.097490    5.311402 v _737_/Y (sky130_fd_sc_hd__o21ai_2)
                                                         net83 (net)
                      0.042487    0.000107    5.311508 v output83/A (sky130_fd_sc_hd__clkdlybuf4s25_1)
     1    0.034855    0.472052    0.721825    6.033333 v output83/X (sky130_fd_sc_hd__clkdlybuf4s25_1)
                                                         y[21] (net)
                      0.472054    0.001733    6.035066 v y[21] (out)
                                              6.035066   data arrival time

                      0.000000    0.000000    0.000000   clock __VIRTUAL_CLK__ (rise edge)
                                  0.000000    0.000000   clock network delay (ideal)
                                  0.250000    0.250000   clock uncertainty
                                  0.000000    0.250000   clock reconvergence pessimism
                                 -4.000000   -3.750000   output external delay
                                             -3.750000   data required time
---------------------------------------------------------------------------------------------
                                             -3.750000   data required time
                                             -6.035066   data arrival time
---------------------------------------------------------------------------------------------
                                              9.785066   slack (MET)


Startpoint: statusIn[0] (input port clocked by __VIRTUAL_CLK__)
Endpoint: y[0] (output port clocked by __VIRTUAL_CLK__)
Path Group: __VIRTUAL_CLK__
Path Type: min

Fanout         Cap        Slew       Delay        Time   Description
---------------------------------------------------------------------------------------------
                      0.000000    0.000000    0.000000   clock __VIRTUAL_CLK__ (rise edge)
                                  0.000000    0.000000   clock network delay (ideal)
                                  4.000000    4.000000 v input external delay
     1    0.004407    0.024769    0.013639    4.013639 v statusIn[0] (in)
                                                         statusIn[0] (net)
                      0.024771    0.000000    4.013639 v input68/A (sky130_fd_sc_hd__clkdlybuf4s25_1)
     5    0.025997    0.359798    0.634106    4.647746 v input68/X (sky130_fd_sc_hd__clkdlybuf4s25_1)
                                                         net68 (net)
                      0.359810    0.002383    4.650128 v _440_/A (sky130_fd_sc_hd__nand2_2)
     4    0.019790    0.183494    0.292128    4.942256 ^ _440_/Y (sky130_fd_sc_hd__nand2_2)
                                                         _011_ (net)
                      0.183527    0.001869    4.944125 ^ _454_/A1 (sky130_fd_sc_hd__a21bo_2)
     1    0.005759    0.072904    0.288038    5.232164 ^ _454_/X (sky130_fd_sc_hd__a21bo_2)
                                                         net70 (net)
                      0.072904    0.000402    5.232565 ^ output70/A (sky130_fd_sc_hd__clkdlybuf4s25_1)
     1    0.037169    0.598280    0.801566    6.034132 ^ output70/X (sky130_fd_sc_hd__clkdlybuf4s25_1)
                                                         y[0] (net)
                      0.598280    0.001820    6.035952 ^ y[0] (out)
                                              6.035952   data arrival time

                      0.000000    0.000000    0.000000   clock __VIRTUAL_CLK__ (rise edge)
                                  0.000000    0.000000   clock network delay (ideal)
                                  0.250000    0.250000   clock uncertainty
                                  0.000000    0.250000   clock reconvergence pessimism
                                 -4.000000   -3.750000   output external delay
                                             -3.750000   data required time
---------------------------------------------------------------------------------------------
                                             -3.750000   data required time
                                             -6.035952   data arrival time
---------------------------------------------------------------------------------------------
                                              9.785952   slack (MET)


Startpoint: B[28] (input port clocked by __VIRTUAL_CLK__)
Endpoint: y[28] (output port clocked by __VIRTUAL_CLK__)
Path Group: __VIRTUAL_CLK__
Path Type: min

Fanout         Cap        Slew       Delay        Time   Description
---------------------------------------------------------------------------------------------
                      0.000000    0.000000    0.000000   clock __VIRTUAL_CLK__ (rise edge)
                                  0.000000    0.000000   clock network delay (ideal)
                                  4.000000    4.000000 v input external delay
     1    0.003394    0.020754    0.010603    4.010603 v B[28] (in)
                                                         B[28] (net)
                      0.020755    0.000000    4.010603 v input53/A (sky130_fd_sc_hd__clkdlybuf4s25_1)
     4    0.018976    0.270698    0.569524    4.580127 v input53/X (sky130_fd_sc_hd__clkdlybuf4s25_1)
                                                         net53 (net)
                      0.270702    0.001471    4.581597 v _829_/B (sky130_fd_sc_hd__nand2_2)
     3    0.012590    0.143181    0.228914    4.810511 ^ _829_/Y (sky130_fd_sc_hd__nand2_2)
                                                         _372_ (net)
                      0.143183    0.000813    4.811324 ^ _845_/A2 (sky130_fd_sc_hd__o221a_2)
     1    0.004777    0.093672    0.413604    5.224928 ^ _845_/X (sky130_fd_sc_hd__o221a_2)
                                                         _388_ (net)
                      0.093672    0.000340    5.225267 ^ _846_/B1 (sky130_fd_sc_hd__o21ai_2)
     1    0.002718    0.044252    0.095004    5.320271 v _846_/Y (sky130_fd_sc_hd__o21ai_2)
                                                         net90 (net)
                      0.044253    0.000178    5.320449 v output90/A (sky130_fd_sc_hd__clkdlybuf4s25_1)
     1    0.034497    0.467457    0.719459    6.039907 v output90/X (sky130_fd_sc_hd__clkdlybuf4s25_1)
                                                         y[28] (net)
                      0.467458    0.001591    6.041498 v y[28] (out)
                                              6.041498   data arrival time

                      0.000000    0.000000    0.000000   clock __VIRTUAL_CLK__ (rise edge)
                                  0.000000    0.000000   clock network delay (ideal)
                                  0.250000    0.250000   clock uncertainty
                                  0.000000    0.250000   clock reconvergence pessimism
                                 -4.000000   -3.750000   output external delay
                                             -3.750000   data required time
---------------------------------------------------------------------------------------------
                                             -3.750000   data required time
                                             -6.041498   data arrival time
---------------------------------------------------------------------------------------------
                                              9.791497   slack (MET)


Startpoint: B[8] (input port clocked by __VIRTUAL_CLK__)
Endpoint: y[8] (output port clocked by __VIRTUAL_CLK__)
Path Group: __VIRTUAL_CLK__
Path Type: min

Fanout         Cap        Slew       Delay        Time   Description
---------------------------------------------------------------------------------------------
                      0.000000    0.000000    0.000000   clock __VIRTUAL_CLK__ (rise edge)
                                  0.000000    0.000000   clock network delay (ideal)
                                  4.000000    4.000000 ^ input external delay
     1    0.003893    0.039590    0.020532    4.020532 ^ B[8] (in)
                                                         B[8] (net)
                      0.039590    0.000000    4.020532 ^ input63/A (sky130_fd_sc_hd__clkdlybuf4s25_1)
     6    0.028695    0.467013    0.699790    4.720323 ^ input63/X (sky130_fd_sc_hd__clkdlybuf4s25_1)
                                                         net63 (net)
                      0.467013    0.001051    4.721373 ^ _556_/A2 (sky130_fd_sc_hd__o21ai_2)
     1    0.005434    0.097210    0.210862    4.932236 v _556_/Y (sky130_fd_sc_hd__o21ai_2)
                                                         _119_ (net)
                      0.097210    0.000380    4.932615 v _557_/C1 (sky130_fd_sc_hd__o221a_2)
     1    0.006766    0.070937    0.245866    5.178482 v _557_/X (sky130_fd_sc_hd__o221a_2)
                                                         _120_ (net)
                      0.070940    0.000537    5.179018 v _558_/B1 (sky130_fd_sc_hd__o21ai_2)
     1    0.003152    0.060229    0.077756    5.256775 ^ _558_/Y (sky130_fd_sc_hd__o21ai_2)
                                                         net100 (net)
                      0.060229    0.000203    5.256979 ^ output100/A (sky130_fd_sc_hd__clkdlybuf4s25_1)
     1    0.036212    0.583462    0.786219    6.043197 ^ output100/X (sky130_fd_sc_hd__clkdlybuf4s25_1)
                                                         y[8] (net)
                      0.583462    0.002005    6.045202 ^ y[8] (out)
                                              6.045202   data arrival time

                      0.000000    0.000000    0.000000   clock __VIRTUAL_CLK__ (rise edge)
                                  0.000000    0.000000   clock network delay (ideal)
                                  0.250000    0.250000   clock uncertainty
                                  0.000000    0.250000   clock reconvergence pessimism
                                 -4.000000   -3.750000   output external delay
                                             -3.750000   data required time
---------------------------------------------------------------------------------------------
                                             -3.750000   data required time
                                             -6.045202   data arrival time
---------------------------------------------------------------------------------------------
                                              9.795201   slack (MET)


Startpoint: B[27] (input port clocked by __VIRTUAL_CLK__)
Endpoint: y[27] (output port clocked by __VIRTUAL_CLK__)
Path Group: __VIRTUAL_CLK__
Path Type: min

Fanout         Cap        Slew       Delay        Time   Description
---------------------------------------------------------------------------------------------
                      0.000000    0.000000    0.000000   clock __VIRTUAL_CLK__ (rise edge)
                                  0.000000    0.000000   clock network delay (ideal)
                                  4.000000    4.000000 v input external delay
     1    0.005146    0.027697    0.015861    4.015861 v B[27] (in)
                                                         B[27] (net)
                      0.027699    0.000000    4.015861 v input52/A (sky130_fd_sc_hd__clkdlybuf4s25_1)
     4    0.013570    0.202135    0.523846    4.539707 v input52/X (sky130_fd_sc_hd__clkdlybuf4s25_1)
                                                         net52 (net)
                      0.202135    0.000771    4.540478 v _811_/A (sky130_fd_sc_hd__nand2_2)
     3    0.011386    0.119897    0.179178    4.719656 ^ _811_/Y (sky130_fd_sc_hd__nand2_2)
                                                         _355_ (net)
                      0.119898    0.000612    4.720269 ^ _814_/A (sky130_fd_sc_hd__nand2_2)
     6    0.021886    0.195962    0.202232    4.922500 v _814_/Y (sky130_fd_sc_hd__nand2_2)
                                                         _358_ (net)
                      0.195975    0.001286    4.923786 v _824_/B (sky130_fd_sc_hd__nor2_2)
     1    0.002001    0.102489    0.151288    5.075074 ^ _824_/Y (sky130_fd_sc_hd__nor2_2)
                                                         _368_ (net)
                      0.102489    0.000084    5.075159 ^ _826_/B (sky130_fd_sc_hd__or3b_2)
     1    0.004550    0.063999    0.197399    5.272557 ^ _826_/X (sky130_fd_sc_hd__or3b_2)
                                                         net89 (net)
                      0.064000    0.000338    5.272895 ^ output89/A (sky130_fd_sc_hd__clkdlybuf4s25_1)
     1    0.035271    0.568873    0.778038    6.050933 ^ output89/X (sky130_fd_sc_hd__clkdlybuf4s25_1)
                                                         y[27] (net)
                      0.568873    0.001791    6.052723 ^ y[27] (out)
                                              6.052723   data arrival time

                      0.000000    0.000000    0.000000   clock __VIRTUAL_CLK__ (rise edge)
                                  0.000000    0.000000   clock network delay (ideal)
                                  0.250000    0.250000   clock uncertainty
                                  0.000000    0.250000   clock reconvergence pessimism
                                 -4.000000   -3.750000   output external delay
                                             -3.750000   data required time
---------------------------------------------------------------------------------------------
                                             -3.750000   data required time
                                             -6.052723   data arrival time
---------------------------------------------------------------------------------------------
                                              9.802723   slack (MET)


Startpoint: A[17] (input port clocked by __VIRTUAL_CLK__)
Endpoint: y[17] (output port clocked by __VIRTUAL_CLK__)
Path Group: __VIRTUAL_CLK__
Path Type: min

Fanout         Cap        Slew       Delay        Time   Description
---------------------------------------------------------------------------------------------
                      0.000000    0.000000    0.000000   clock __VIRTUAL_CLK__ (rise edge)
                                  0.000000    0.000000   clock network delay (ideal)
                                  4.000000    4.000000 ^ input external delay
     1    0.003644    0.037893    0.019284    4.019284 ^ A[17] (in)
                                                         A[17] (net)
                      0.037893    0.000000    4.019284 ^ input9/A (sky130_fd_sc_hd__clkdlybuf4s25_1)
     5    0.024587    0.403636    0.655824    4.675108 ^ input9/X (sky130_fd_sc_hd__clkdlybuf4s25_1)
                                                         net9 (net)
                      0.403636    0.001308    4.676417 ^ _680_/A2 (sky130_fd_sc_hd__a31o_2)
     1    0.004982    0.071572    0.426175    5.102592 ^ _680_/X (sky130_fd_sc_hd__a31o_2)
                                                         _234_ (net)
                      0.071573    0.000369    5.102961 ^ _681_/B1 (sky130_fd_sc_hd__a21o_2)
     1    0.008572    0.083614    0.172630    5.275591 ^ _681_/X (sky130_fd_sc_hd__a21o_2)
                                                         net78 (net)
                      0.083619    0.000686    5.276277 ^ output78/A (sky130_fd_sc_hd__clkdlybuf4s25_1)
     1    0.034991    0.564562    0.783226    6.059502 ^ output78/X (sky130_fd_sc_hd__clkdlybuf4s25_1)
                                                         y[17] (net)
                      0.564562    0.001736    6.061238 ^ y[17] (out)
                                              6.061238   data arrival time

                      0.000000    0.000000    0.000000   clock __VIRTUAL_CLK__ (rise edge)
                                  0.000000    0.000000   clock network delay (ideal)
                                  0.250000    0.250000   clock uncertainty
                                  0.000000    0.250000   clock reconvergence pessimism
                                 -4.000000   -3.750000   output external delay
                                             -3.750000   data required time
---------------------------------------------------------------------------------------------
                                             -3.750000   data required time
                                             -6.061238   data arrival time
---------------------------------------------------------------------------------------------
                                              9.811238   slack (MET)


Startpoint: A[3] (input port clocked by __VIRTUAL_CLK__)
Endpoint: y[3] (output port clocked by __VIRTUAL_CLK__)
Path Group: __VIRTUAL_CLK__
Path Type: min

Fanout         Cap        Slew       Delay        Time   Description
---------------------------------------------------------------------------------------------
                      0.000000    0.000000    0.000000   clock __VIRTUAL_CLK__ (rise edge)
                                  0.000000    0.000000   clock network delay (ideal)
                                  4.000000    4.000000 v input external delay
     1    0.003439    0.020929    0.010729    4.010729 v A[3] (in)
                                                         A[3] (net)
                      0.020929    0.000000    4.010729 v input26/A (sky130_fd_sc_hd__clkdlybuf4s25_1)
     3    0.016151    0.234944    0.544170    4.554899 v input26/X (sky130_fd_sc_hd__clkdlybuf4s25_1)
                                                         net26 (net)
                      0.234946    0.001104    4.556002 v _478_/A (sky130_fd_sc_hd__nand2_2)
     3    0.012101    0.128467    0.196754    4.752756 ^ _478_/Y (sky130_fd_sc_hd__nand2_2)
                                                         _046_ (net)
                      0.128468    0.000618    4.753374 ^ _488_/A2 (sky130_fd_sc_hd__o221a_2)
     1    0.005534    0.100537    0.415694    5.169067 ^ _488_/X (sky130_fd_sc_hd__o221a_2)
                                                         _056_ (net)
                      0.100537    0.000242    5.169309 ^ _489_/B1 (sky130_fd_sc_hd__o21ai_2)
     1    0.009827    0.101306    0.139273    5.308582 v _489_/Y (sky130_fd_sc_hd__o21ai_2)
                                                         net95 (net)
                      0.101310    0.000718    5.309300 v output95/A (sky130_fd_sc_hd__clkdlybuf4s25_1)
     1    0.035927    0.485410    0.756669    6.065969 v output95/X (sky130_fd_sc_hd__clkdlybuf4s25_1)
                                                         y[3] (net)
                      0.485414    0.002017    6.067986 v y[3] (out)
                                              6.067986   data arrival time

                      0.000000    0.000000    0.000000   clock __VIRTUAL_CLK__ (rise edge)
                                  0.000000    0.000000   clock network delay (ideal)
                                  0.250000    0.250000   clock uncertainty
                                  0.000000    0.250000   clock reconvergence pessimism
                                 -4.000000   -3.750000   output external delay
                                             -3.750000   data required time
---------------------------------------------------------------------------------------------
                                             -3.750000   data required time
                                             -6.067986   data arrival time
---------------------------------------------------------------------------------------------
                                              9.817985   slack (MET)


Startpoint: A[4] (input port clocked by __VIRTUAL_CLK__)
Endpoint: y[4] (output port clocked by __VIRTUAL_CLK__)
Path Group: __VIRTUAL_CLK__
Path Type: min

Fanout         Cap        Slew       Delay        Time   Description
---------------------------------------------------------------------------------------------
                      0.000000    0.000000    0.000000   clock __VIRTUAL_CLK__ (rise edge)
                                  0.000000    0.000000   clock network delay (ideal)
                                  4.000000    4.000000 ^ input external delay
     1    0.003946    0.039950    0.020800    4.020800 ^ A[4] (in)
                                                         A[4] (net)
                      0.039950    0.000000    4.020800 ^ input27/A (sky130_fd_sc_hd__clkdlybuf4s25_1)
     4    0.029136    0.474302    0.703026    4.723825 ^ input27/X (sky130_fd_sc_hd__clkdlybuf4s25_1)
                                                         net27 (net)
                      0.474309    0.002411    4.726236 ^ _504_/A1 (sky130_fd_sc_hd__o21ai_2)
     1    0.002792    0.082237    0.224317    4.950552 v _504_/Y (sky130_fd_sc_hd__o21ai_2)
                                                         _071_ (net)
                      0.082246    0.000185    4.950738 v _505_/C1 (sky130_fd_sc_hd__o221a_2)
     1    0.005049    0.062873    0.229786    5.180523 v _505_/X (sky130_fd_sc_hd__o221a_2)
                                                         _072_ (net)
                      0.062875    0.000348    5.180871 v _506_/B1 (sky130_fd_sc_hd__o21ai_2)
     1    0.007737    0.097857    0.100592    5.281464 ^ _506_/Y (sky130_fd_sc_hd__o21ai_2)
                                                         net96 (net)
                      0.097879    0.000619    5.282083 ^ output96/A (sky130_fd_sc_hd__clkdlybuf4s25_1)
     1    0.034904    0.563267    0.788440    6.070523 ^ output96/X (sky130_fd_sc_hd__clkdlybuf4s25_1)
                                                         y[4] (net)
                      0.563267    0.001675    6.072197 ^ y[4] (out)
                                              6.072197   data arrival time

                      0.000000    0.000000    0.000000   clock __VIRTUAL_CLK__ (rise edge)
                                  0.000000    0.000000   clock network delay (ideal)
                                  0.250000    0.250000   clock uncertainty
                                  0.000000    0.250000   clock reconvergence pessimism
                                 -4.000000   -3.750000   output external delay
                                             -3.750000   data required time
---------------------------------------------------------------------------------------------
                                             -3.750000   data required time
                                             -6.072197   data arrival time
---------------------------------------------------------------------------------------------
                                              9.822198   slack (MET)


Startpoint: A[16] (input port clocked by __VIRTUAL_CLK__)
Endpoint: y[16] (output port clocked by __VIRTUAL_CLK__)
Path Group: __VIRTUAL_CLK__
Path Type: min

Fanout         Cap        Slew       Delay        Time   Description
---------------------------------------------------------------------------------------------
                      0.000000    0.000000    0.000000   clock __VIRTUAL_CLK__ (rise edge)
                                  0.000000    0.000000   clock network delay (ideal)
                                  4.000000    4.000000 ^ input external delay
     1    0.004621    0.044601    0.024205    4.024205 ^ A[16] (in)
                                                         A[16] (net)
                      0.044603    0.000000    4.024205 ^ input8/A (sky130_fd_sc_hd__clkdlybuf4s25_1)
     4    0.019439    0.324274    0.604307    4.628512 ^ input8/X (sky130_fd_sc_hd__clkdlybuf4s25_1)
                                                         net8 (net)
                      0.324278    0.001615    4.630126 ^ _654_/B (sky130_fd_sc_hd__nand2_2)
     3    0.009217    0.113527    0.204109    4.834236 v _654_/Y (sky130_fd_sc_hd__nand2_2)
                                                         _209_ (net)
                      0.113527    0.000502    4.834738 v _668_/B (sky130_fd_sc_hd__nor2_2)
     1    0.002907    0.104981    0.130316    4.965054 ^ _668_/Y (sky130_fd_sc_hd__nor2_2)
                                                         _223_ (net)
                      0.104981    0.000196    4.965250 ^ _669_/C1 (sky130_fd_sc_hd__a221o_2)
     1    0.002986    0.055029    0.183923    5.149173 ^ _669_/X (sky130_fd_sc_hd__a221o_2)
                                                         _224_ (net)
                      0.055030    0.000201    5.149374 ^ _670_/B1 (sky130_fd_sc_hd__a21o_2)
     1    0.006202    0.067196    0.153057    5.302431 ^ _670_/X (sky130_fd_sc_hd__a21o_2)
                                                         net77 (net)
                      0.067197    0.000351    5.302782 ^ output77/A (sky130_fd_sc_hd__clkdlybuf4s25_1)
     1    0.036322    0.585074    0.790465    6.093246 ^ output77/X (sky130_fd_sc_hd__clkdlybuf4s25_1)
                                                         y[16] (net)
                      0.585074    0.001678    6.094924 ^ y[16] (out)
                                              6.094924   data arrival time

                      0.000000    0.000000    0.000000   clock __VIRTUAL_CLK__ (rise edge)
                                  0.000000    0.000000   clock network delay (ideal)
                                  0.250000    0.250000   clock uncertainty
                                  0.000000    0.250000   clock reconvergence pessimism
                                 -4.000000   -3.750000   output external delay
                                             -3.750000   data required time
---------------------------------------------------------------------------------------------
                                             -3.750000   data required time
                                             -6.094924   data arrival time
---------------------------------------------------------------------------------------------
                                              9.844924   slack (MET)


Startpoint: B[1] (input port clocked by __VIRTUAL_CLK__)
Endpoint: y[1] (output port clocked by __VIRTUAL_CLK__)
Path Group: __VIRTUAL_CLK__
Path Type: min

Fanout         Cap        Slew       Delay        Time   Description
---------------------------------------------------------------------------------------------
                      0.000000    0.000000    0.000000   clock __VIRTUAL_CLK__ (rise edge)
                                  0.000000    0.000000   clock network delay (ideal)
                                  4.000000    4.000000 ^ input external delay
     1    0.004553    0.044132    0.023852    4.023851 ^ B[1] (in)
                                                         B[1] (net)
                      0.044133    0.000000    4.023851 ^ input44/A (sky130_fd_sc_hd__clkdlybuf4s25_1)
     4    0.027479    0.448451    0.688226    4.712077 ^ input44/X (sky130_fd_sc_hd__clkdlybuf4s25_1)
                                                         net44 (net)
                      0.448452    0.001521    4.713598 ^ _461_/A2 (sky130_fd_sc_hd__o21ai_2)
     1    0.004349    0.088286    0.198179    4.911777 v _461_/Y (sky130_fd_sc_hd__o21ai_2)
                                                         _031_ (net)
                      0.088287    0.000262    4.912039 v _462_/C1 (sky130_fd_sc_hd__o221a_2)
     1    0.010735    0.090058    0.262041    5.174079 v _462_/X (sky130_fd_sc_hd__o221a_2)
                                                         _032_ (net)
                      0.090064    0.000752    5.174832 v _463_/B1 (sky130_fd_sc_hd__o21ai_2)
     1    0.009998    0.117985    0.125274    5.300106 ^ _463_/Y (sky130_fd_sc_hd__o21ai_2)
                                                         net81 (net)
                      0.118035    0.000877    5.300982 ^ output81/A (sky130_fd_sc_hd__clkdlybuf4s25_1)
     1    0.035465    0.572062    0.802770    6.103753 ^ output81/X (sky130_fd_sc_hd__clkdlybuf4s25_1)
                                                         y[1] (net)
                      0.572063    0.001885    6.105638 ^ y[1] (out)
                                              6.105638   data arrival time

                      0.000000    0.000000    0.000000   clock __VIRTUAL_CLK__ (rise edge)
                                  0.000000    0.000000   clock network delay (ideal)
                                  0.250000    0.250000   clock uncertainty
                                  0.000000    0.250000   clock reconvergence pessimism
                                 -4.000000   -3.750000   output external delay
                                             -3.750000   data required time
---------------------------------------------------------------------------------------------
                                             -3.750000   data required time
                                             -6.105638   data arrival time
---------------------------------------------------------------------------------------------
                                              9.855638   slack (MET)


Startpoint: B[9] (input port clocked by __VIRTUAL_CLK__)
Endpoint: y[9] (output port clocked by __VIRTUAL_CLK__)
Path Group: __VIRTUAL_CLK__
Path Type: min

Fanout         Cap        Slew       Delay        Time   Description
---------------------------------------------------------------------------------------------
                      0.000000    0.000000    0.000000   clock __VIRTUAL_CLK__ (rise edge)
                                  0.000000    0.000000   clock network delay (ideal)
                                  4.000000    4.000000 ^ input external delay
     1    0.003780    0.038820    0.019975    4.019975 ^ B[9] (in)
                                                         B[9] (net)
                      0.038820    0.000000    4.019975 ^ input64/A (sky130_fd_sc_hd__clkdlybuf4s25_1)
     5    0.032732    0.529636    0.741064    4.761039 ^ input64/X (sky130_fd_sc_hd__clkdlybuf4s25_1)
                                                         net64 (net)
                      0.529642    0.002544    4.763583 ^ _567_/A2 (sky130_fd_sc_hd__o21ai_2)
     1    0.008393    0.125029    0.250004    5.013586 v _567_/Y (sky130_fd_sc_hd__o21ai_2)
                                                         _129_ (net)
                      0.125031    0.000660    5.014246 v _568_/C1 (sky130_fd_sc_hd__o221a_2)
     1    0.006076    0.067942    0.254997    5.269243 v _568_/X (sky130_fd_sc_hd__o221a_2)
                                                         _130_ (net)
                      0.067944    0.000405    5.269648 v _569_/B1 (sky130_fd_sc_hd__o21ai_2)
     1    0.002920    0.058362    0.075080    5.344728 ^ _569_/Y (sky130_fd_sc_hd__o21ai_2)
                                                         net101 (net)
                      0.058363    0.000192    5.344920 ^ output101/A (sky130_fd_sc_hd__clkdlybuf4s25_1)
     1    0.034427    0.555765    0.767047    6.111967 ^ output101/X (sky130_fd_sc_hd__clkdlybuf4s25_1)
                                                         y[9] (net)
                      0.555765    0.001577    6.113544 ^ y[9] (out)
                                              6.113544   data arrival time

                      0.000000    0.000000    0.000000   clock __VIRTUAL_CLK__ (rise edge)
                                  0.000000    0.000000   clock network delay (ideal)
                                  0.250000    0.250000   clock uncertainty
                                  0.000000    0.250000   clock reconvergence pessimism
                                 -4.000000   -3.750000   output external delay
                                             -3.750000   data required time
---------------------------------------------------------------------------------------------
                                             -3.750000   data required time
                                             -6.113544   data arrival time
---------------------------------------------------------------------------------------------
                                              9.863544   slack (MET)


Startpoint: B[13] (input port clocked by __VIRTUAL_CLK__)
Endpoint: y[13] (output port clocked by __VIRTUAL_CLK__)
Path Group: __VIRTUAL_CLK__
Path Type: min

Fanout         Cap        Slew       Delay        Time   Description
---------------------------------------------------------------------------------------------
                      0.000000    0.000000    0.000000   clock __VIRTUAL_CLK__ (rise edge)
                                  0.000000    0.000000   clock network delay (ideal)
                                  4.000000    4.000000 ^ input external delay
     1    0.004360    0.042804    0.022881    4.022881 ^ B[13] (in)
                                                         B[13] (net)
                      0.042805    0.000000    4.022881 ^ input37/A (sky130_fd_sc_hd__clkdlybuf4s25_1)
     6    0.032311    0.522957    0.738787    4.761669 ^ input37/X (sky130_fd_sc_hd__clkdlybuf4s25_1)
                                                         net37 (net)
                      0.522957    0.000979    4.762647 ^ _621_/A2 (sky130_fd_sc_hd__o21ai_2)
     1    0.005666    0.104346    0.225954    4.988601 v _621_/Y (sky130_fd_sc_hd__o21ai_2)
                                                         _179_ (net)
                      0.104346    0.000330    4.988931 v _622_/C1 (sky130_fd_sc_hd__o221a_2)
     1    0.006186    0.068405    0.246180    5.235110 v _622_/X (sky130_fd_sc_hd__o221a_2)
                                                         _180_ (net)
                      0.068408    0.000439    5.235549 v _623_/B1 (sky130_fd_sc_hd__o21ai_2)
     1    0.005709    0.080988    0.091474    5.327024 ^ _623_/Y (sky130_fd_sc_hd__o21ai_2)
                                                         net74 (net)
                      0.080989    0.000392    5.327415 ^ output74/A (sky130_fd_sc_hd__clkdlybuf4s25_1)
     1    0.035337    0.569918    0.785704    6.113120 ^ output74/X (sky130_fd_sc_hd__clkdlybuf4s25_1)
                                                         y[13] (net)
                      0.569918    0.001803    6.114923 ^ y[13] (out)
                                              6.114923   data arrival time

                      0.000000    0.000000    0.000000   clock __VIRTUAL_CLK__ (rise edge)
                                  0.000000    0.000000   clock network delay (ideal)
                                  0.250000    0.250000   clock uncertainty
                                  0.000000    0.250000   clock reconvergence pessimism
                                 -4.000000   -3.750000   output external delay
                                             -3.750000   data required time
---------------------------------------------------------------------------------------------
                                             -3.750000   data required time
                                             -6.114923   data arrival time
---------------------------------------------------------------------------------------------
                                              9.864923   slack (MET)


Startpoint: A[31] (input port clocked by __VIRTUAL_CLK__)
Endpoint: y[31] (output port clocked by __VIRTUAL_CLK__)
Path Group: __VIRTUAL_CLK__
Path Type: min

Fanout         Cap        Slew       Delay        Time   Description
---------------------------------------------------------------------------------------------
                      0.000000    0.000000    0.000000   clock __VIRTUAL_CLK__ (rise edge)
                                  0.000000    0.000000   clock network delay (ideal)
                                  4.000000    4.000000 v input external delay
     1    0.005549    0.029285    0.017054    4.017055 v A[31] (in)
                                                         A[31] (net)
                      0.029287    0.000000    4.017055 v input25/A (sky130_fd_sc_hd__clkdlybuf4s25_1)
     3    0.015003    0.220184    0.537440    4.554495 v input25/X (sky130_fd_sc_hd__clkdlybuf4s25_1)
                                                         net25 (net)
                      0.220184    0.000795    4.555290 v _873_/A (sky130_fd_sc_hd__nand2_2)
     3    0.020850    0.185016    0.238424    4.793714 ^ _873_/Y (sky130_fd_sc_hd__nand2_2)
                                                         _413_ (net)
                      0.185018    0.001001    4.794714 ^ _885_/A2 (sky130_fd_sc_hd__o221a_2)
     1    0.008578    0.122781    0.458187    5.252902 ^ _885_/X (sky130_fd_sc_hd__o221a_2)
                                                         _425_ (net)
                      0.122782    0.000662    5.253563 ^ _886_/B1 (sky130_fd_sc_hd__o21ai_2)
     1    0.007311    0.079202    0.133726    5.387289 v _886_/Y (sky130_fd_sc_hd__o21ai_2)
                                                         net94 (net)
                      0.079202    0.000405    5.387694 v output94/A (sky130_fd_sc_hd__clkdlybuf4s25_1)
     1    0.036098    0.487574    0.748688    6.136382 v output94/X (sky130_fd_sc_hd__clkdlybuf4s25_1)
                                                         y[31] (net)
                      0.487577    0.001898    6.138280 v y[31] (out)
                                              6.138280   data arrival time

                      0.000000    0.000000    0.000000   clock __VIRTUAL_CLK__ (rise edge)
                                  0.000000    0.000000   clock network delay (ideal)
                                  0.250000    0.250000   clock uncertainty
                                  0.000000    0.250000   clock reconvergence pessimism
                                 -4.000000   -3.750000   output external delay
                                             -3.750000   data required time
---------------------------------------------------------------------------------------------
                                             -3.750000   data required time
                                             -6.138280   data arrival time
---------------------------------------------------------------------------------------------
                                              9.888281   slack (MET)


Startpoint: B[15] (input port clocked by __VIRTUAL_CLK__)
Endpoint: y[15] (output port clocked by __VIRTUAL_CLK__)
Path Group: __VIRTUAL_CLK__
Path Type: min

Fanout         Cap        Slew       Delay        Time   Description
---------------------------------------------------------------------------------------------
                      0.000000    0.000000    0.000000   clock __VIRTUAL_CLK__ (rise edge)
                                  0.000000    0.000000   clock network delay (ideal)
                                  4.000000    4.000000 ^ input external delay
     1    0.003907    0.039687    0.020616    4.020616 ^ B[15] (in)
                                                         B[15] (net)
                      0.039687    0.000000    4.020616 ^ input39/A (sky130_fd_sc_hd__clkdlybuf4s25_1)
     4    0.022404    0.370040    0.633339    4.653954 ^ input39/X (sky130_fd_sc_hd__clkdlybuf4s25_1)
                                                         net39 (net)
                      0.370045    0.001909    4.655863 ^ _638_/B (sky130_fd_sc_hd__or2_2)
     2    0.008380    0.090978    0.319130    4.974993 ^ _638_/X (sky130_fd_sc_hd__or2_2)
                                                         _194_ (net)
                      0.090978    0.000366    4.975359 ^ _651_/B1 (sky130_fd_sc_hd__a221o_2)
     1    0.003553    0.058778    0.268667    5.244026 ^ _651_/X (sky130_fd_sc_hd__a221o_2)
                                                         _207_ (net)
                      0.058778    0.000148    5.244174 ^ _652_/B1 (sky130_fd_sc_hd__a21o_2)
     1    0.009375    0.089376    0.171288    5.415462 ^ _652_/X (sky130_fd_sc_hd__a21o_2)
                                                         net76 (net)
                      0.089380    0.000665    5.416127 ^ output76/A (sky130_fd_sc_hd__clkdlybuf4s25_1)
     1    0.035361    0.570326    0.789521    6.205648 ^ output76/X (sky130_fd_sc_hd__clkdlybuf4s25_1)
                                                         y[15] (net)
                      0.570326    0.001816    6.207464 ^ y[15] (out)
                                              6.207464   data arrival time

                      0.000000    0.000000    0.000000   clock __VIRTUAL_CLK__ (rise edge)
                                  0.000000    0.000000   clock network delay (ideal)
                                  0.250000    0.250000   clock uncertainty
                                  0.000000    0.250000   clock reconvergence pessimism
                                 -4.000000   -3.750000   output external delay
                                             -3.750000   data required time
---------------------------------------------------------------------------------------------
                                             -3.750000   data required time
                                             -6.207464   data arrival time
---------------------------------------------------------------------------------------------
                                              9.957464   slack (MET)


Startpoint: A[30] (input port clocked by __VIRTUAL_CLK__)
Endpoint: y[30] (output port clocked by __VIRTUAL_CLK__)
Path Group: __VIRTUAL_CLK__
Path Type: min

Fanout         Cap        Slew       Delay        Time   Description
---------------------------------------------------------------------------------------------
                      0.000000    0.000000    0.000000   clock __VIRTUAL_CLK__ (rise edge)
                                  0.000000    0.000000   clock network delay (ideal)
                                  4.000000    4.000000 v input external delay
     1    0.003753    0.022163    0.011672    4.011672 v A[30] (in)
                                                         A[30] (net)
                      0.022173    0.000000    4.011672 v input24/A (sky130_fd_sc_hd__clkdlybuf4s25_1)
     5    0.026606    0.367342    0.639188    4.650859 v input24/X (sky130_fd_sc_hd__clkdlybuf4s25_1)
                                                         net24 (net)
                      0.367342    0.001103    4.651962 v _858_/A (sky130_fd_sc_hd__nand2_2)
     3    0.014350    0.169193    0.260658    4.912621 ^ _858_/Y (sky130_fd_sc_hd__nand2_2)
                                                         _399_ (net)
                      0.169194    0.000761    4.913382 ^ _861_/A (sky130_fd_sc_hd__nand2_2)
     3    0.017291    0.159482    0.195387    5.108768 v _861_/Y (sky130_fd_sc_hd__nand2_2)
                                                         _402_ (net)
                      0.159505    0.001490    5.110258 v _868_/A (sky130_fd_sc_hd__nand2_2)
     1    0.003118    0.062605    0.111138    5.221396 ^ _868_/Y (sky130_fd_sc_hd__nand2_2)
                                                         _409_ (net)
                      0.062605    0.000139    5.221536 ^ _872_/A1 (sky130_fd_sc_hd__a21o_2)
     1    0.006132    0.066715    0.230380    5.451916 ^ _872_/X (sky130_fd_sc_hd__a21o_2)
                                                         net93 (net)
                      0.066719    0.000502    5.452418 ^ output93/A (sky130_fd_sc_hd__clkdlybuf4s25_1)
     1    0.034896    0.563053    0.775315    6.227733 ^ output93/X (sky130_fd_sc_hd__clkdlybuf4s25_1)
                                                         y[30] (net)
                      0.563053    0.001660    6.229392 ^ y[30] (out)
                                              6.229392   data arrival time

                      0.000000    0.000000    0.000000   clock __VIRTUAL_CLK__ (rise edge)
                                  0.000000    0.000000   clock network delay (ideal)
                                  0.250000    0.250000   clock uncertainty
                                  0.000000    0.250000   clock reconvergence pessimism
                                 -4.000000   -3.750000   output external delay
                                             -3.750000   data required time
---------------------------------------------------------------------------------------------
                                             -3.750000   data required time
                                             -6.229392   data arrival time
---------------------------------------------------------------------------------------------
                                              9.979392   slack (MET)


Startpoint: A[29] (input port clocked by __VIRTUAL_CLK__)
Endpoint: y[29] (output port clocked by __VIRTUAL_CLK__)
Path Group: __VIRTUAL_CLK__
Path Type: min

Fanout         Cap        Slew       Delay        Time   Description
---------------------------------------------------------------------------------------------
                      0.000000    0.000000    0.000000   clock __VIRTUAL_CLK__ (rise edge)
                                  0.000000    0.000000   clock network delay (ideal)
                                  4.000000    4.000000 ^ input external delay
     1    0.003553    0.037279    0.018824    4.018824 ^ A[29] (in)
                                                         A[29] (net)
                      0.037279    0.000000    4.018824 ^ input22/A (sky130_fd_sc_hd__clkdlybuf4s25_1)
     3    0.011175    0.197720    0.514965    4.533790 ^ input22/X (sky130_fd_sc_hd__clkdlybuf4s25_1)
                                                         net22 (net)
                      0.197720    0.000588    4.534378 ^ _847_/A (sky130_fd_sc_hd__nor2_2)
     4    0.018137    0.100907    0.163590    4.697968 v _847_/Y (sky130_fd_sc_hd__nor2_2)
                                                         _389_ (net)
                      0.100918    0.001057    4.699024 v _856_/A2 (sky130_fd_sc_hd__o221a_2)
     1    0.001663    0.042745    0.458524    5.157548 v _856_/X (sky130_fd_sc_hd__o221a_2)
                                                         _398_ (net)
                      0.042745    0.000106    5.157654 v _857_/B1_N (sky130_fd_sc_hd__a21bo_2)
     1    0.005158    0.068614    0.343577    5.501231 ^ _857_/X (sky130_fd_sc_hd__a21bo_2)
                                                         net91 (net)
                      0.068614    0.000353    5.501584 ^ output91/A (sky130_fd_sc_hd__clkdlybuf4s25_1)
     1    0.035184    0.567496    0.779132    6.280716 ^ output91/X (sky130_fd_sc_hd__clkdlybuf4s25_1)
                                                         y[29] (net)
                      0.567496    0.001642    6.282358 ^ y[29] (out)
                                              6.282358   data arrival time

                      0.000000    0.000000    0.000000   clock __VIRTUAL_CLK__ (rise edge)
                                  0.000000    0.000000   clock network delay (ideal)
                                  0.250000    0.250000   clock uncertainty
                                  0.000000    0.250000   clock reconvergence pessimism
                                 -4.000000   -3.750000   output external delay
                                             -3.750000   data required time
---------------------------------------------------------------------------------------------
                                             -3.750000   data required time
                                             -6.282358   data arrival time
---------------------------------------------------------------------------------------------
                                             10.032358   slack (MET)


Startpoint: B[2] (input port clocked by __VIRTUAL_CLK__)
Endpoint: y[2] (output port clocked by __VIRTUAL_CLK__)
Path Group: __VIRTUAL_CLK__
Path Type: min

Fanout         Cap        Slew       Delay        Time   Description
---------------------------------------------------------------------------------------------
                      0.000000    0.000000    0.000000   clock __VIRTUAL_CLK__ (rise edge)
                                  0.000000    0.000000   clock network delay (ideal)
                                  4.000000    4.000000 ^ input external delay
     1    0.005043    0.047481    0.026326    4.026326 ^ B[2] (in)
                                                         B[2] (net)
                      0.047482    0.000000    4.026326 ^ input55/A (sky130_fd_sc_hd__clkdlybuf4s25_1)
     4    0.031144    0.504950    0.728412    4.754737 ^ input55/X (sky130_fd_sc_hd__clkdlybuf4s25_1)
                                                         net55 (net)
                      0.504950    0.001449    4.756186 ^ _466_/B (sky130_fd_sc_hd__xnor2_2)
     6    0.028218    0.239484    0.445423    5.201609 ^ _466_/Y (sky130_fd_sc_hd__xnor2_2)
                                                         _035_ (net)
                      0.239509    0.002421    5.204030 ^ _473_/A (sky130_fd_sc_hd__xnor2_2)
     1    0.006664    0.083348    0.264490    5.468521 ^ _473_/Y (sky130_fd_sc_hd__xnor2_2)
                                                         _042_ (net)
                      0.083355    0.000465    5.468986 ^ _476_/A2 (sky130_fd_sc_hd__o21ai_2)
     1    0.003347    0.048987    0.095139    5.564124 v _476_/Y (sky130_fd_sc_hd__o21ai_2)
                                                         net92 (net)
                      0.048987    0.000219    5.564343 v output92/A (sky130_fd_sc_hd__clkdlybuf4s25_1)
     1    0.037590    0.506233    0.749017    6.313360 v output92/X (sky130_fd_sc_hd__clkdlybuf4s25_1)
                                                         y[2] (net)
                      0.506238    0.002173    6.315533 v y[2] (out)
                                              6.315533   data arrival time

                      0.000000    0.000000    0.000000   clock __VIRTUAL_CLK__ (rise edge)
                                  0.000000    0.000000   clock network delay (ideal)
                                  0.250000    0.250000   clock uncertainty
                                  0.000000    0.250000   clock reconvergence pessimism
                                 -4.000000   -3.750000   output external delay
                                             -3.750000   data required time
---------------------------------------------------------------------------------------------
                                             -3.750000   data required time
                                             -6.315533   data arrival time
---------------------------------------------------------------------------------------------
                                             10.065533   slack (MET)



