Instance,Terminal,Layer,X location,Y location,Voltage
FILLER_39_237,VGND,li1,114.7700,119.6800,0.000086
FILLER_39_234,VGND,li1,113.8500,119.6800,0.000086
FILLER_39_231,VGND,li1,112.4700,119.6800,0.000086
FILLER_39_228,VGND,li1,111.0900,119.6800,0.000086
FILLER_39_225,VGND,li1,109.7100,119.6800,0.000086
FILLER_39_221,VGND,li1,107.8700,119.6800,0.000086
FILLER_39_218,VGND,li1,106.4900,119.6800,0.000086
FILLER_39_215,VGND,li1,105.1100,119.6800,0.000086
FILLER_39_212,VGND,li1,103.7300,119.6800,0.000086
FILLER_39_209,VGND,li1,102.3500,119.6800,0.000086
FILLER_39_206,VGND,li1,100.9700,119.6800,0.000086
FILLER_39_203,VGND,li1,99.5900,119.6800,0.000086
FILLER_39_200,VGND,li1,98.2100,119.6800,0.000086
FILLER_39_197,VGND,li1,96.8300,119.6800,0.000086
FILLER_39_193,VGND,li1,94.9900,119.6800,0.000086
FILLER_39_190,VGND,li1,93.6100,119.6800,0.000086
FILLER_39_187,VGND,li1,92.2300,119.6800,0.000086
FILLER_39_184,VGND,li1,90.8500,119.6800,0.000086
FILLER_39_181,VGND,li1,89.4700,119.6800,0.000086
FILLER_39_178,VGND,li1,88.0900,119.6800,0.000086
FILLER_39_175,VGND,li1,86.7100,119.6800,0.000086
FILLER_39_172,VGND,li1,85.3300,119.6800,0.000086
FILLER_39_169,VGND,li1,83.9500,119.6800,0.000086
FILLER_39_167,VGND,li1,82.5700,119.6800,0.000086
FILLER_39_156,VGND,li1,77.9700,119.6800,0.000086
FILLER_39_153,VGND,li1,76.5900,119.6800,0.000085
FILLER_39_150,VGND,li1,75.2100,119.6800,0.000085
FILLER_39_147,VGND,li1,73.8300,119.6800,0.000085
FILLER_39_144,VGND,li1,72.4500,119.6800,0.000085
FILLER_39_141,VGND,li1,71.0700,119.6800,0.000085
FILLER_39_139,VGND,li1,69.6900,119.6800,0.000085
FILLER_39_113,VGND,li1,57.9600,119.6800,0.000083
FILLER_39_102,VGND,li1,52.6700,119.6800,0.000078
FILLER_39_85,VGND,li1,45.3100,119.6800,0.000067
FILLER_39_57,VGND,li1,32.2000,119.6800,0.000043
FILLER_39_50,VGND,li1,28.7500,119.6800,0.000032
FILLER_39_47,VGND,li1,27.8300,119.6800,0.000032
FILLER_39_44,VGND,li1,26.4500,119.6800,0.000025
FILLER_39_41,VGND,li1,25.0700,119.6800,0.000025
FILLER_39_38,VGND,li1,23.6900,119.6800,0.000025
FILLER_39_35,VGND,li1,22.3100,119.6800,0.000025
FILLER_39_32,VGND,li1,20.9300,119.6800,0.000025
FILLER_39_29,VGND,li1,19.5500,119.6800,0.000025
FILLER_39_27,VGND,li1,18.1700,119.6800,0.000025
FILLER_39_24,VGND,li1,17.2500,119.6800,0.000025
FILLER_39_21,VGND,li1,15.8700,119.6800,0.000025
FILLER_39_18,VGND,li1,14.4900,119.6800,0.000025
FILLER_39_15,VGND,li1,13.1100,119.6800,0.000025
FILLER_39_12,VGND,li1,11.7300,119.6800,0.000025
FILLER_39_9,VGND,li1,10.3500,119.6800,0.000025
FILLER_39_6,VGND,li1,8.9700,119.6800,0.000025
FILLER_39_3,VGND,li1,7.5900,119.6800,0.000025
FILLER_38_236,VGND,li1,114.5400,114.2400,0.000066
FILLER_38_233,VGND,li1,113.3900,114.2400,0.000066
FILLER_38_230,VGND,li1,112.0100,114.2400,0.000066
FILLER_38_227,VGND,li1,110.6300,114.2400,0.000066
FILLER_38_224,VGND,li1,109.2500,114.2400,0.000066
FILLER_38_221,VGND,li1,107.8700,114.2400,0.000066
FILLER_38_218,VGND,li1,106.4900,114.2400,0.000066
FILLER_38_215,VGND,li1,105.1100,114.2400,0.000066
FILLER_38_212,VGND,li1,103.7300,114.2400,0.000066
FILLER_38_209,VGND,li1,102.3500,114.2400,0.000066
FILLER_38_206,VGND,li1,100.9700,114.2400,0.000066
FILLER_38_203,VGND,li1,99.5900,114.2400,0.000066
FILLER_38_200,VGND,li1,98.2100,114.2400,0.000066
FILLER_38_197,VGND,li1,96.8300,114.2400,0.000066
FILLER_38_195,VGND,li1,95.4500,114.2400,0.000066
FILLER_38_192,VGND,li1,94.5300,114.2400,0.000066
FILLER_38_189,VGND,li1,93.1500,114.2400,0.000066
FILLER_38_186,VGND,li1,91.7700,114.2400,0.000066
FILLER_38_183,VGND,li1,90.3900,114.2400,0.000066
FILLER_38_180,VGND,li1,89.0100,114.2400,0.000066
FILLER_38_177,VGND,li1,87.6300,114.2400,0.000066
FILLER_38_174,VGND,li1,86.2500,114.2400,0.000066
FILLER_38_171,VGND,li1,84.8700,114.2400,0.000066
FILLER_38_168,VGND,li1,83.4900,114.2400,0.000066
FILLER_38_165,VGND,li1,82.1100,114.2400,0.000066
FILLER_38_162,VGND,li1,80.7300,114.2400,0.000066
FILLER_38_159,VGND,li1,79.3500,114.2400,0.000066
FILLER_38_156,VGND,li1,77.9700,114.2400,0.000066
FILLER_38_153,VGND,li1,76.5900,114.2400,0.000066
FILLER_38_150,VGND,li1,75.2100,114.2400,0.000066
FILLER_38_147,VGND,li1,73.8300,114.2400,0.000066
FILLER_38_144,VGND,li1,72.4500,114.2400,0.000066
FILLER_38_141,VGND,li1,71.0700,114.2400,0.000066
FILLER_38_137,VGND,li1,69.2300,114.2400,0.000066
FILLER_38_128,VGND,li1,64.6300,114.2400,0.000066
FILLER_38_113,VGND,li1,57.9600,114.2400,0.000060
FILLER_38_110,VGND,li1,56.8100,114.2400,0.000060
FILLER_38_102,VGND,li1,52.6700,114.2400,0.000054
FILLER_38_99,VGND,li1,51.7500,114.2400,0.000054
FILLER_38_96,VGND,li1,50.3700,114.2400,0.000052
FILLER_38_93,VGND,li1,48.9900,114.2400,0.000049
FILLER_38_90,VGND,li1,47.6100,114.2400,0.000049
FILLER_38_83,VGND,li1,43.9300,114.2400,0.000044
FILLER_38_70,VGND,li1,37.9500,114.2400,0.000034
FILLER_38_67,VGND,li1,37.0300,114.2400,0.000034
FILLER_38_58,VGND,li1,32.4300,114.2400,0.000027
FILLER_38_55,VGND,li1,31.5100,114.2400,0.000027
FILLER_38_41,VGND,li1,24.8400,114.2400,0.000017
FILLER_38_38,VGND,li1,23.6900,114.2400,0.000017
FILLER_38_35,VGND,li1,22.3100,114.2400,0.000017
FILLER_38_32,VGND,li1,20.9300,114.2400,0.000017
FILLER_38_29,VGND,li1,19.5500,114.2400,0.000017
FILLER_38_27,VGND,li1,18.1700,114.2400,0.000017
FILLER_38_24,VGND,li1,17.2500,114.2400,0.000017
FILLER_38_21,VGND,li1,15.8700,114.2400,0.000017
FILLER_38_18,VGND,li1,14.4900,114.2400,0.000017
FILLER_38_15,VGND,li1,13.1100,114.2400,0.000017
FILLER_38_12,VGND,li1,11.7300,114.2400,0.000017
FILLER_38_9,VGND,li1,10.3500,114.2400,0.000018
FILLER_38_6,VGND,li1,8.9700,114.2400,0.000018
FILLER_38_3,VGND,li1,7.5900,114.2400,0.000018
FILLER_37_237,VGND,li1,114.7700,114.2400,0.000066
FILLER_37_234,VGND,li1,113.8500,114.2400,0.000066
FILLER_37_231,VGND,li1,112.4700,114.2400,0.000066
FILLER_37_228,VGND,li1,111.0900,114.2400,0.000066
FILLER_37_225,VGND,li1,109.7100,114.2400,0.000066
FILLER_37_223,VGND,li1,108.3300,114.2400,0.000066
FILLER_37_220,VGND,li1,107.4100,114.2400,0.000066
FILLER_37_217,VGND,li1,106.0300,114.2400,0.000066
FILLER_37_214,VGND,li1,104.6500,114.2400,0.000066
FILLER_37_211,VGND,li1,103.2700,114.2400,0.000066
FILLER_37_208,VGND,li1,101.8900,114.2400,0.000066
FILLER_37_205,VGND,li1,100.5100,114.2400,0.000066
FILLER_37_202,VGND,li1,99.1300,114.2400,0.000066
FILLER_37_199,VGND,li1,97.7500,114.2400,0.000066
FILLER_37_196,VGND,li1,96.3700,114.2400,0.000066
FILLER_37_193,VGND,li1,94.9900,114.2400,0.000066
FILLER_37_190,VGND,li1,93.6100,114.2400,0.000066
FILLER_37_187,VGND,li1,92.2300,114.2400,0.000066
FILLER_37_184,VGND,li1,90.8500,114.2400,0.000066
FILLER_37_181,VGND,li1,89.4700,114.2400,0.000066
FILLER_37_178,VGND,li1,88.0900,114.2400,0.000066
FILLER_37_175,VGND,li1,86.7100,114.2400,0.000066
FILLER_37_172,VGND,li1,85.3300,114.2400,0.000066
FILLER_37_169,VGND,li1,83.9500,114.2400,0.000066
FILLER_37_165,VGND,li1,82.1100,114.2400,0.000066
FILLER_37_162,VGND,li1,80.7300,114.2400,0.000066
FILLER_37_159,VGND,li1,79.3500,114.2400,0.000066
FILLER_37_156,VGND,li1,77.9700,114.2400,0.000066
FILLER_37_153,VGND,li1,76.5900,114.2400,0.000066
FILLER_37_150,VGND,li1,75.2100,114.2400,0.000066
FILLER_37_147,VGND,li1,73.8300,114.2400,0.000066
FILLER_37_144,VGND,li1,72.4500,114.2400,0.000066
FILLER_37_141,VGND,li1,71.0700,114.2400,0.000066
FILLER_37_138,VGND,li1,69.6900,114.2400,0.000066
FILLER_37_135,VGND,li1,68.3100,114.2400,0.000066
FILLER_37_132,VGND,li1,66.9300,114.2400,0.000066
FILLER_37_122,VGND,li1,61.8700,114.2400,0.000064
FILLER_37_113,VGND,li1,57.9600,114.2400,0.000060
FILLER_37_98,VGND,li1,50.8300,114.2400,0.000052
FILLER_37_95,VGND,li1,49.9100,114.2400,0.000052
FILLER_37_92,VGND,li1,48.5300,114.2400,0.000049
FILLER_37_89,VGND,li1,47.1500,114.2400,0.000047
FILLER_37_86,VGND,li1,45.7700,114.2400,0.000047
FILLER_37_83,VGND,li1,44.3900,114.2400,0.000044
FILLER_37_75,VGND,li1,40.4800,114.2400,0.000038
FILLER_37_72,VGND,li1,39.3300,114.2400,0.000038
FILLER_37_69,VGND,li1,37.9500,114.2400,0.000034
FILLER_37_66,VGND,li1,36.5700,114.2400,0.000034
FILLER_37_63,VGND,li1,35.1900,114.2400,0.000030
FILLER_37_60,VGND,li1,33.8100,114.2400,0.000030
FILLER_37_57,VGND,li1,32.4300,114.2400,0.000027
FILLER_37_47,VGND,li1,27.3700,114.2400,0.000021
FILLER_37_44,VGND,li1,26.4500,114.2400,0.000017
FILLER_37_41,VGND,li1,25.0700,114.2400,0.000017
FILLER_37_38,VGND,li1,23.6900,114.2400,0.000017
FILLER_37_35,VGND,li1,22.3100,114.2400,0.000017
FILLER_37_32,VGND,li1,20.9300,114.2400,0.000017
FILLER_37_29,VGND,li1,19.5500,114.2400,0.000017
FILLER_37_26,VGND,li1,18.1700,114.2400,0.000017
FILLER_37_23,VGND,li1,16.7900,114.2400,0.000017
FILLER_37_20,VGND,li1,15.4100,114.2400,0.000017
FILLER_37_17,VGND,li1,14.0300,114.2400,0.000017
FILLER_37_14,VGND,li1,12.6500,114.2400,0.000017
FILLER_37_11,VGND,li1,11.2700,114.2400,0.000017
FILLER_36_236,VGND,li1,114.5400,108.8000,0.000061
FILLER_36_233,VGND,li1,113.3900,108.8000,0.000061
FILLER_36_230,VGND,li1,112.0100,108.8000,0.000061
FILLER_36_227,VGND,li1,110.6300,108.8000,0.000061
FILLER_36_224,VGND,li1,109.2500,108.8000,0.000061
FILLER_36_221,VGND,li1,107.8700,108.8000,0.000061
FILLER_36_218,VGND,li1,106.4900,108.8000,0.000061
FILLER_36_215,VGND,li1,105.1100,108.8000,0.000061
FILLER_36_212,VGND,li1,103.7300,108.8000,0.000061
FILLER_36_209,VGND,li1,102.3500,108.8000,0.000061
FILLER_36_206,VGND,li1,100.9700,108.8000,0.000061
FILLER_36_203,VGND,li1,99.5900,108.8000,0.000061
FILLER_36_200,VGND,li1,98.2100,108.8000,0.000061
FILLER_36_197,VGND,li1,96.8300,108.8000,0.000061
FILLER_36_195,VGND,li1,95.4500,108.8000,0.000061
FILLER_36_192,VGND,li1,94.5300,108.8000,0.000061
FILLER_36_189,VGND,li1,93.1500,108.8000,0.000061
FILLER_36_186,VGND,li1,91.7700,108.8000,0.000061
FILLER_36_183,VGND,li1,90.3900,108.8000,0.000061
FILLER_36_180,VGND,li1,89.0100,108.8000,0.000061
FILLER_36_177,VGND,li1,87.6300,108.8000,0.000061
FILLER_36_174,VGND,li1,86.2500,108.8000,0.000061
FILLER_36_171,VGND,li1,84.8700,108.8000,0.000061
FILLER_36_168,VGND,li1,83.4900,108.8000,0.000061
FILLER_36_165,VGND,li1,82.1100,108.8000,0.000061
FILLER_36_162,VGND,li1,80.7300,108.8000,0.000061
FILLER_36_159,VGND,li1,79.3500,108.8000,0.000061
FILLER_36_156,VGND,li1,77.9700,108.8000,0.000061
FILLER_36_153,VGND,li1,76.5900,108.8000,0.000061
FILLER_36_150,VGND,li1,75.2100,108.8000,0.000061
FILLER_36_147,VGND,li1,73.8300,108.8000,0.000061
FILLER_36_144,VGND,li1,72.4500,108.8000,0.000061
FILLER_36_141,VGND,li1,71.0700,108.8000,0.000061
FILLER_36_122,VGND,li1,61.8700,108.8000,0.000059
FILLER_36_119,VGND,li1,60.9500,108.8000,0.000058
FILLER_36_116,VGND,li1,59.5700,108.8000,0.000058
FILLER_36_113,VGND,li1,58.1900,108.8000,0.000057
FILLER_36_110,VGND,li1,56.8100,108.8000,0.000056
FILLER_36_107,VGND,li1,55.4300,108.8000,0.000056
FILLER_36_97,VGND,li1,50.8300,108.8000,0.000052
FILLER_36_94,VGND,li1,49.4500,108.8000,0.000052
FILLER_36_91,VGND,li1,48.0700,108.8000,0.000051
FILLER_36_88,VGND,li1,46.6900,108.8000,0.000049
FILLER_36_85,VGND,li1,45.3100,108.8000,0.000049
FILLER_36_83,VGND,li1,43.9300,108.8000,0.000048
FILLER_36_80,VGND,li1,43.0100,108.8000,0.000048
FILLER_36_73,VGND,li1,39.5600,108.8000,0.000043
FILLER_36_70,VGND,li1,38.4100,108.8000,0.000043
FILLER_36_67,VGND,li1,37.0300,108.8000,0.000041
FILLER_36_64,VGND,li1,35.6500,108.8000,0.000039
FILLER_36_61,VGND,li1,34.2700,108.8000,0.000039
FILLER_36_38,VGND,li1,23.6900,108.8000,0.000025
FILLER_36_35,VGND,li1,22.3100,108.8000,0.000028
FILLER_36_32,VGND,li1,20.9300,108.8000,0.000028
FILLER_36_29,VGND,li1,19.5500,108.8000,0.000030
FILLER_36_26,VGND,li1,17.9400,108.8000,0.000032
FILLER_36_23,VGND,li1,16.7900,108.8000,0.000032
FILLER_36_20,VGND,li1,15.4100,108.8000,0.000035
FILLER_36_17,VGND,li1,14.0300,108.8000,0.000035
FILLER_35_237,VGND,li1,114.7700,108.8000,0.000061
FILLER_35_234,VGND,li1,113.8500,108.8000,0.000061
FILLER_35_231,VGND,li1,112.4700,108.8000,0.000061
FILLER_35_228,VGND,li1,111.0900,108.8000,0.000061
FILLER_35_225,VGND,li1,109.7100,108.8000,0.000061
FILLER_35_223,VGND,li1,108.3300,108.8000,0.000061
FILLER_35_220,VGND,li1,107.4100,108.8000,0.000061
FILLER_35_217,VGND,li1,106.0300,108.8000,0.000061
FILLER_35_214,VGND,li1,104.6500,108.8000,0.000061
FILLER_35_211,VGND,li1,103.2700,108.8000,0.000061
FILLER_35_208,VGND,li1,101.8900,108.8000,0.000061
FILLER_35_205,VGND,li1,100.5100,108.8000,0.000061
FILLER_35_202,VGND,li1,99.1300,108.8000,0.000061
FILLER_35_199,VGND,li1,97.7500,108.8000,0.000061
FILLER_35_196,VGND,li1,96.3700,108.8000,0.000061
FILLER_35_193,VGND,li1,94.9900,108.8000,0.000061
FILLER_35_190,VGND,li1,93.6100,108.8000,0.000061
FILLER_35_187,VGND,li1,92.2300,108.8000,0.000061
FILLER_35_184,VGND,li1,90.8500,108.8000,0.000061
FILLER_35_181,VGND,li1,89.4700,108.8000,0.000061
FILLER_35_178,VGND,li1,88.0900,108.8000,0.000061
FILLER_35_175,VGND,li1,86.7100,108.8000,0.000061
FILLER_35_172,VGND,li1,85.3300,108.8000,0.000061
FILLER_35_169,VGND,li1,83.9500,108.8000,0.000061
FILLER_35_167,VGND,li1,82.5700,108.8000,0.000061
FILLER_35_164,VGND,li1,81.6500,108.8000,0.000061
FILLER_35_161,VGND,li1,80.2700,108.8000,0.000061
FILLER_35_158,VGND,li1,78.8900,108.8000,0.000061
FILLER_35_155,VGND,li1,77.5100,108.8000,0.000061
FILLER_35_152,VGND,li1,76.1300,108.8000,0.000061
FILLER_35_149,VGND,li1,74.7500,108.8000,0.000061
FILLER_35_146,VGND,li1,73.3700,108.8000,0.000061
FILLER_35_143,VGND,li1,71.9900,108.8000,0.000061
FILLER_35_140,VGND,li1,70.6100,108.8000,0.000061
FILLER_35_116,VGND,li1,59.3400,108.8000,0.000058
FILLER_35_113,VGND,li1,58.1900,108.8000,0.000057
FILLER_35_111,VGND,li1,56.8100,108.8000,0.000056
FILLER_35_96,VGND,li1,50.1400,108.8000,0.000052
FILLER_35_93,VGND,li1,48.9900,108.8000,0.000051
FILLER_35_90,VGND,li1,47.6100,108.8000,0.000051
FILLER_35_66,VGND,li1,36.5700,108.8000,0.000041
FILLER_35_63,VGND,li1,35.1900,108.8000,0.000039
FILLER_35_60,VGND,li1,33.8100,108.8000,0.000037
FILLER_35_57,VGND,li1,32.4300,108.8000,0.000037
FILLER_35_53,VGND,li1,30.5900,108.8000,0.000035
FILLER_35_50,VGND,li1,29.2100,108.8000,0.000031
FILLER_35_47,VGND,li1,27.8300,108.8000,0.000031
FILLER_35_44,VGND,li1,26.4500,108.8000,0.000028
FILLER_35_41,VGND,li1,25.0700,108.8000,0.000025
FILLER_35_38,VGND,li1,23.6900,108.8000,0.000025
FILLER_35_35,VGND,li1,22.3100,108.8000,0.000028
FILLER_35_32,VGND,li1,20.9300,108.8000,0.000028
FILLER_35_29,VGND,li1,19.5500,108.8000,0.000030
FILLER_35_26,VGND,li1,18.1700,108.8000,0.000032
FILLER_35_23,VGND,li1,16.7900,108.8000,0.000032
FILLER_35_20,VGND,li1,15.4100,108.8000,0.000035
FILLER_34_236,VGND,li1,114.5400,103.3600,0.000058
FILLER_34_233,VGND,li1,113.3900,103.3600,0.000058
FILLER_34_230,VGND,li1,112.0100,103.3600,0.000058
FILLER_34_227,VGND,li1,110.6300,103.3600,0.000057
FILLER_34_224,VGND,li1,109.2500,103.3600,0.000057
FILLER_34_221,VGND,li1,107.8700,103.3600,0.000057
FILLER_34_218,VGND,li1,106.4900,103.3600,0.000057
FILLER_34_215,VGND,li1,105.1100,103.3600,0.000057
FILLER_34_212,VGND,li1,103.7300,103.3600,0.000057
FILLER_34_209,VGND,li1,102.3500,103.3600,0.000057
FILLER_34_206,VGND,li1,100.9700,103.3600,0.000057
FILLER_34_203,VGND,li1,99.5900,103.3600,0.000056
FILLER_34_200,VGND,li1,98.2100,103.3600,0.000056
FILLER_34_197,VGND,li1,96.8300,103.3600,0.000056
FILLER_34_193,VGND,li1,94.9900,103.3600,0.000056
FILLER_34_190,VGND,li1,93.6100,103.3600,0.000056
FILLER_34_187,VGND,li1,92.2300,103.3600,0.000056
FILLER_34_184,VGND,li1,90.8500,103.3600,0.000055
FILLER_34_181,VGND,li1,89.4700,103.3600,0.000055
FILLER_34_178,VGND,li1,88.0900,103.3600,0.000055
FILLER_34_175,VGND,li1,86.7100,103.3600,0.000055
FILLER_34_172,VGND,li1,85.3300,103.3600,0.000055
FILLER_34_169,VGND,li1,83.9500,103.3600,0.000055
FILLER_34_166,VGND,li1,82.5700,103.3600,0.000055
FILLER_34_163,VGND,li1,81.1900,103.3600,0.000054
FILLER_34_160,VGND,li1,79.8100,103.3600,0.000054
FILLER_34_157,VGND,li1,78.4300,103.3600,0.000054
FILLER_34_154,VGND,li1,77.0500,103.3600,0.000054
FILLER_34_151,VGND,li1,75.6700,103.3600,0.000054
FILLER_34_148,VGND,li1,74.2900,103.3600,0.000054
FILLER_34_145,VGND,li1,72.9100,103.3600,0.000054
FILLER_34_137,VGND,li1,69.2300,103.3600,0.000053
FILLER_34_134,VGND,li1,67.8500,103.3600,0.000053
FILLER_34_118,VGND,li1,60.0300,103.3600,0.000052
FILLER_34_103,VGND,li1,53.3600,103.3600,0.000049
FILLER_34_100,VGND,li1,52.2100,103.3600,0.000049
FILLER_34_97,VGND,li1,50.8300,103.3600,0.000047
FILLER_34_94,VGND,li1,49.4500,103.3600,0.000045
FILLER_34_91,VGND,li1,48.0700,103.3600,0.000045
FILLER_34_88,VGND,li1,46.6900,103.3600,0.000044
FILLER_34_85,VGND,li1,45.3100,103.3600,0.000042
FILLER_34_75,VGND,li1,40.2500,103.3600,0.000038
FILLER_34_72,VGND,li1,39.3300,103.3600,0.000038
FILLER_34_69,VGND,li1,37.9500,103.3600,0.000035
FILLER_34_66,VGND,li1,36.5700,103.3600,0.000035
FILLER_34_63,VGND,li1,35.1900,103.3600,0.000032
FILLER_34_60,VGND,li1,33.8100,103.3600,0.000032
FILLER_34_57,VGND,li1,32.4300,103.3600,0.000029
FILLER_34_54,VGND,li1,31.0500,103.3600,0.000029
FILLER_34_51,VGND,li1,29.6700,103.3600,0.000027
FILLER_34_35,VGND,li1,22.0800,103.3600,0.000025
FILLER_34_32,VGND,li1,20.9300,103.3600,0.000027
FILLER_34_29,VGND,li1,19.5500,103.3600,0.000027
FILLER_34_27,VGND,li1,18.1700,103.3600,0.000029
FILLER_34_24,VGND,li1,17.2500,103.3600,0.000029
FILLER_34_9,VGND,li1,9.8900,103.3600,0.000032
FILLER_34_6,VGND,li1,8.9700,103.3600,0.000032
FILLER_34_3,VGND,li1,7.5900,103.3600,0.000032
FILLER_33_225,VGND,li1,109.7100,103.3600,0.000057
FILLER_33_223,VGND,li1,108.3300,103.3600,0.000057
FILLER_33_220,VGND,li1,107.4100,103.3600,0.000057
FILLER_33_217,VGND,li1,106.0300,103.3600,0.000057
FILLER_33_214,VGND,li1,104.6500,103.3600,0.000057
FILLER_33_211,VGND,li1,103.2700,103.3600,0.000057
FILLER_33_208,VGND,li1,101.8900,103.3600,0.000057
FILLER_33_205,VGND,li1,100.5100,103.3600,0.000056
FILLER_33_202,VGND,li1,99.1300,103.3600,0.000056
FILLER_33_199,VGND,li1,97.7500,103.3600,0.000056
FILLER_33_196,VGND,li1,96.3700,103.3600,0.000056
FILLER_33_193,VGND,li1,94.9900,103.3600,0.000056
FILLER_33_190,VGND,li1,93.6100,103.3600,0.000056
FILLER_33_187,VGND,li1,92.2300,103.3600,0.000056
FILLER_33_184,VGND,li1,90.8500,103.3600,0.000055
FILLER_33_181,VGND,li1,89.4700,103.3600,0.000055
FILLER_33_178,VGND,li1,88.0900,103.3600,0.000055
FILLER_33_175,VGND,li1,86.7100,103.3600,0.000055
FILLER_33_172,VGND,li1,85.3300,103.3600,0.000055
FILLER_33_169,VGND,li1,83.9500,103.3600,0.000055
FILLER_33_167,VGND,li1,82.5700,103.3600,0.000055
FILLER_33_164,VGND,li1,81.6500,103.3600,0.000055
FILLER_33_161,VGND,li1,80.2700,103.3600,0.000054
FILLER_33_158,VGND,li1,78.8900,103.3600,0.000054
FILLER_33_155,VGND,li1,77.5100,103.3600,0.000054
FILLER_33_152,VGND,li1,76.1300,103.3600,0.000054
FILLER_33_149,VGND,li1,74.7500,103.3600,0.000054
FILLER_33_146,VGND,li1,73.3700,103.3600,0.000054
FILLER_33_143,VGND,li1,71.9900,103.3600,0.000054
FILLER_33_140,VGND,li1,70.6100,103.3600,0.000053
FILLER_33_137,VGND,li1,69.2300,103.3600,0.000053
FILLER_33_134,VGND,li1,67.8500,103.3600,0.000053
FILLER_33_131,VGND,li1,66.4700,103.3600,0.000053
FILLER_33_128,VGND,li1,65.0900,103.3600,0.000053
FILLER_33_125,VGND,li1,63.7100,103.3600,0.000053
FILLER_33_122,VGND,li1,62.3300,103.3600,0.000052
FILLER_33_119,VGND,li1,60.9500,103.3600,0.000052
FILLER_33_116,VGND,li1,59.5700,103.3600,0.000052
FILLER_33_113,VGND,li1,58.1900,103.3600,0.000051
FILLER_33_96,VGND,li1,50.3700,103.3600,0.000047
FILLER_33_93,VGND,li1,48.9900,103.3600,0.000045
FILLER_33_90,VGND,li1,47.6100,103.3600,0.000044
FILLER_33_87,VGND,li1,46.2300,103.3600,0.000044
FILLER_33_84,VGND,li1,44.8500,103.3600,0.000042
FILLER_33_81,VGND,li1,43.4700,103.3600,0.000041
FILLER_33_78,VGND,li1,42.0900,103.3600,0.000041
FILLER_33_66,VGND,li1,36.3400,103.3600,0.000035
FILLER_33_63,VGND,li1,35.1900,103.3600,0.000032
FILLER_33_60,VGND,li1,33.8100,103.3600,0.000032
FILLER_33_57,VGND,li1,32.4300,103.3600,0.000029
FILLER_33_53,VGND,li1,30.5900,103.3600,0.000027
FILLER_33_50,VGND,li1,29.2100,103.3600,0.000027
FILLER_33_41,VGND,li1,25.0700,103.3600,0.000023
FILLER_33_38,VGND,li1,23.6900,103.3600,0.000025
FILLER_33_35,VGND,li1,22.3100,103.3600,0.000025
FILLER_33_32,VGND,li1,20.9300,103.3600,0.000027
FILLER_33_29,VGND,li1,19.5500,103.3600,0.000027
FILLER_33_9,VGND,li1,10.1200,103.3600,0.000032
FILLER_33_6,VGND,li1,8.9700,103.3600,0.000032
FILLER_33_3,VGND,li1,7.5900,103.3600,0.000032
FILLER_32_221,VGND,li1,107.4100,97.9200,0.000138
FILLER_32_218,VGND,li1,106.4900,97.9200,0.000138
FILLER_32_215,VGND,li1,105.1100,97.9200,0.000135
FILLER_32_212,VGND,li1,103.7300,97.9200,0.000135
FILLER_32_209,VGND,li1,102.3500,97.9200,0.000133
FILLER_32_206,VGND,li1,100.9700,97.9200,0.000133
FILLER_32_203,VGND,li1,99.5900,97.9200,0.000130
FILLER_32_200,VGND,li1,98.2100,97.9200,0.000130
FILLER_32_197,VGND,li1,96.8300,97.9200,0.000128
FILLER_32_194,VGND,li1,95.2200,97.9200,0.000126
FILLER_32_191,VGND,li1,94.0700,97.9200,0.000126
FILLER_32_188,VGND,li1,92.6900,97.9200,0.000123
FILLER_32_185,VGND,li1,91.3100,97.9200,0.000123
FILLER_32_168,VGND,li1,83.0300,97.9200,0.000111
FILLER_32_165,VGND,li1,82.1100,97.9200,0.000111
FILLER_32_162,VGND,li1,80.7300,97.9200,0.000108
FILLER_32_159,VGND,li1,79.3500,97.9200,0.000108
FILLER_32_156,VGND,li1,77.9700,97.9200,0.000105
FILLER_32_153,VGND,li1,76.5900,97.9200,0.000102
FILLER_32_150,VGND,li1,75.2100,97.9200,0.000102
FILLER_32_147,VGND,li1,73.8300,97.9200,0.000100
FILLER_32_144,VGND,li1,72.4500,97.9200,0.000096
FILLER_32_141,VGND,li1,71.0700,97.9200,0.000096
FILLER_32_138,VGND,li1,69.4600,97.9200,0.000094
FILLER_32_135,VGND,li1,68.3100,97.9200,0.000091
FILLER_32_132,VGND,li1,66.9300,97.9200,0.000091
FILLER_32_129,VGND,li1,65.5500,97.9200,0.000088
FILLER_32_126,VGND,li1,64.1700,97.9200,0.000085
FILLER_32_123,VGND,li1,62.7900,97.9200,0.000085
FILLER_32_120,VGND,li1,61.4100,97.9200,0.000082
FILLER_32_117,VGND,li1,60.0300,97.9200,0.000079
FILLER_32_114,VGND,li1,58.6500,97.9200,0.000079
FILLER_32_111,VGND,li1,57.2700,97.9200,0.000076
FILLER_32_108,VGND,li1,55.8900,97.9200,0.000073
FILLER_32_105,VGND,li1,54.5100,97.9200,0.000073
FILLER_32_97,VGND,li1,50.8300,97.9200,0.000066
FILLER_32_94,VGND,li1,49.4500,97.9200,0.000066
FILLER_32_91,VGND,li1,48.0700,97.9200,0.000063
FILLER_32_88,VGND,li1,46.6900,97.9200,0.000059
FILLER_32_85,VGND,li1,45.3100,97.9200,0.000059
FILLER_32_81,VGND,li1,43.4700,97.9200,0.000057
FILLER_32_78,VGND,li1,42.0900,97.9200,0.000052
FILLER_32_75,VGND,li1,40.7100,97.9200,0.000052
FILLER_32_72,VGND,li1,39.3300,97.9200,0.000048
FILLER_32_69,VGND,li1,37.9500,97.9200,0.000048
FILLER_32_62,VGND,li1,34.2700,97.9200,0.000040
FILLER_32_59,VGND,li1,33.3500,97.9200,0.000040
FILLER_32_56,VGND,li1,31.9700,97.9200,0.000037
FILLER_32_53,VGND,li1,30.5900,97.9200,0.000033
FILLER_32_50,VGND,li1,29.2100,97.9200,0.000033
FILLER_32_47,VGND,li1,27.8300,97.9200,0.000027
FILLER_32_44,VGND,li1,26.4500,97.9200,0.000027
FILLER_32_41,VGND,li1,25.0700,97.9200,0.000023
FILLER_32_38,VGND,li1,23.6900,97.9200,0.000024
FILLER_32_35,VGND,li1,22.3100,97.9200,0.000024
FILLER_32_32,VGND,li1,20.9300,97.9200,0.000024
FILLER_32_29,VGND,li1,19.5500,97.9200,0.000025
FILLER_32_26,VGND,li1,17.9400,97.9200,0.000025
FILLER_32_23,VGND,li1,16.7900,97.9200,0.000025
FILLER_32_20,VGND,li1,15.4100,97.9200,0.000026
FILLER_32_17,VGND,li1,14.0300,97.9200,0.000026
FILLER_32_3,VGND,li1,7.1300,97.9200,0.000027
FILLER_31_221,VGND,li1,107.8700,97.9200,0.000138
FILLER_31_218,VGND,li1,106.4900,97.9200,0.000138
FILLER_31_215,VGND,li1,105.1100,97.9200,0.000135
FILLER_31_212,VGND,li1,103.7300,97.9200,0.000135
FILLER_31_209,VGND,li1,102.3500,97.9200,0.000133
FILLER_31_206,VGND,li1,100.9700,97.9200,0.000133
FILLER_31_203,VGND,li1,99.5900,97.9200,0.000130
FILLER_31_200,VGND,li1,98.2100,97.9200,0.000130
FILLER_31_197,VGND,li1,96.8300,97.9200,0.000128
FILLER_31_194,VGND,li1,95.4500,97.9200,0.000126
FILLER_31_191,VGND,li1,94.0700,97.9200,0.000126
FILLER_31_167,VGND,li1,82.5700,97.9200,0.000111
FILLER_31_164,VGND,li1,81.6500,97.9200,0.000111
FILLER_31_161,VGND,li1,80.2700,97.9200,0.000108
FILLER_31_158,VGND,li1,78.8900,97.9200,0.000105
FILLER_31_155,VGND,li1,77.5100,97.9200,0.000105
FILLER_31_152,VGND,li1,76.1300,97.9200,0.000102
FILLER_31_149,VGND,li1,74.7500,97.9200,0.000100
FILLER_31_146,VGND,li1,73.3700,97.9200,0.000100
FILLER_31_143,VGND,li1,71.9900,97.9200,0.000096
FILLER_31_140,VGND,li1,70.6100,97.9200,0.000094
FILLER_31_137,VGND,li1,69.2300,97.9200,0.000094
FILLER_31_134,VGND,li1,67.8500,97.9200,0.000091
FILLER_31_131,VGND,li1,66.4700,97.9200,0.000088
FILLER_31_128,VGND,li1,65.0900,97.9200,0.000088
FILLER_31_125,VGND,li1,63.7100,97.9200,0.000085
FILLER_31_122,VGND,li1,62.3300,97.9200,0.000082
FILLER_31_119,VGND,li1,60.9500,97.9200,0.000082
FILLER_31_116,VGND,li1,59.5700,97.9200,0.000079
FILLER_31_113,VGND,li1,58.1900,97.9200,0.000076
FILLER_31_111,VGND,li1,56.8100,97.9200,0.000076
FILLER_31_108,VGND,li1,55.8900,97.9200,0.000073
FILLER_31_105,VGND,li1,54.5100,97.9200,0.000073
FILLER_31_102,VGND,li1,53.1300,97.9200,0.000069
FILLER_31_99,VGND,li1,51.7500,97.9200,0.000069
FILLER_31_96,VGND,li1,50.3700,97.9200,0.000066
FILLER_31_93,VGND,li1,48.9900,97.9200,0.000063
FILLER_31_90,VGND,li1,47.6100,97.9200,0.000063
FILLER_31_87,VGND,li1,46.2300,97.9200,0.000059
FILLER_31_84,VGND,li1,44.8500,97.9200,0.000057
FILLER_31_81,VGND,li1,43.4700,97.9200,0.000057
FILLER_31_78,VGND,li1,42.0900,97.9200,0.000052
FILLER_31_75,VGND,li1,40.7100,97.9200,0.000052
FILLER_31_72,VGND,li1,39.3300,97.9200,0.000048
FILLER_31_69,VGND,li1,37.9500,97.9200,0.000048
FILLER_31_60,VGND,li1,33.5800,97.9200,0.000040
FILLER_31_57,VGND,li1,32.4300,97.9200,0.000037
FILLER_31_54,VGND,li1,30.8200,97.9200,0.000033
FILLER_31_51,VGND,li1,29.6700,97.9200,0.000033
FILLER_31_40,VGND,li1,24.1500,97.9200,0.000023
FILLER_31_37,VGND,li1,23.2300,97.9200,0.000024
FILLER_31_34,VGND,li1,21.8500,97.9200,0.000024
FILLER_31_31,VGND,li1,20.4700,97.9200,0.000024
FILLER_31_28,VGND,li1,19.0900,97.9200,0.000025
FILLER_31_25,VGND,li1,17.7100,97.9200,0.000025
FILLER_31_22,VGND,li1,16.3300,97.9200,0.000025
FILLER_30_215,VGND,li1,104.8800,92.4800,0.000123
FILLER_30_212,VGND,li1,103.7300,92.4800,0.000123
FILLER_30_200,VGND,li1,97.7500,92.4800,0.000119
FILLER_30_197,VGND,li1,96.8300,92.4800,0.000119
FILLER_30_195,VGND,li1,95.4500,92.4800,0.000118
FILLER_30_192,VGND,li1,94.5300,92.4800,0.000118
FILLER_30_180,VGND,li1,88.5500,92.4800,0.000112
FILLER_30_177,VGND,li1,87.6300,92.4800,0.000110
FILLER_30_174,VGND,li1,86.2500,92.4800,0.000108
FILLER_30_171,VGND,li1,84.8700,92.4800,0.000108
FILLER_30_168,VGND,li1,83.4900,92.4800,0.000106
FILLER_30_165,VGND,li1,82.1100,92.4800,0.000104
FILLER_30_162,VGND,li1,80.7300,92.4800,0.000104
FILLER_30_159,VGND,li1,79.3500,92.4800,0.000102
FILLER_30_156,VGND,li1,77.9700,92.4800,0.000099
FILLER_30_153,VGND,li1,76.5900,92.4800,0.000099
FILLER_30_150,VGND,li1,75.2100,92.4800,0.000097
FILLER_30_147,VGND,li1,73.8300,92.4800,0.000095
FILLER_30_144,VGND,li1,72.4500,92.4800,0.000095
FILLER_30_141,VGND,li1,71.0700,92.4800,0.000093
FILLER_30_139,VGND,li1,69.6900,92.4800,0.000091
FILLER_30_136,VGND,li1,68.7700,92.4800,0.000091
FILLER_30_133,VGND,li1,67.3900,92.4800,0.000088
FILLER_30_130,VGND,li1,66.0100,92.4800,0.000086
FILLER_30_127,VGND,li1,64.6300,92.4800,0.000086
FILLER_30_124,VGND,li1,63.2500,92.4800,0.000084
FILLER_30_121,VGND,li1,61.8700,92.4800,0.000082
FILLER_30_118,VGND,li1,60.4900,92.4800,0.000082
FILLER_30_115,VGND,li1,59.1100,92.4800,0.000079
FILLER_30_112,VGND,li1,57.7300,92.4800,0.000077
FILLER_30_109,VGND,li1,56.3500,92.4800,0.000077
FILLER_30_106,VGND,li1,54.9700,92.4800,0.000075
FILLER_30_103,VGND,li1,53.5900,92.4800,0.000073
FILLER_30_100,VGND,li1,52.2100,92.4800,0.000073
FILLER_30_97,VGND,li1,50.8300,92.4800,0.000071
FILLER_30_94,VGND,li1,49.4500,92.4800,0.000068
FILLER_30_91,VGND,li1,48.0700,92.4800,0.000068
FILLER_30_88,VGND,li1,46.6900,92.4800,0.000066
FILLER_30_85,VGND,li1,45.3100,92.4800,0.000064
FILLER_30_83,VGND,li1,43.9300,92.4800,0.000064
FILLER_30_80,VGND,li1,43.0100,92.4800,0.000062
FILLER_30_77,VGND,li1,41.6300,92.4800,0.000060
FILLER_30_74,VGND,li1,40.2500,92.4800,0.000060
FILLER_30_71,VGND,li1,38.8700,92.4800,0.000057
FILLER_30_56,VGND,li1,31.7400,92.4800,0.000048
FILLER_30_53,VGND,li1,30.5900,92.4800,0.000048
FILLER_30_44,VGND,li1,26.2200,92.4800,0.000042
FILLER_30_41,VGND,li1,25.0700,92.4800,0.000038
FILLER_30_38,VGND,li1,23.6900,92.4800,0.000038
FILLER_30_35,VGND,li1,22.3100,92.4800,0.000044
FILLER_30_32,VGND,li1,20.9300,92.4800,0.000044
FILLER_30_29,VGND,li1,19.5500,92.4800,0.000049
FILLER_30_27,VGND,li1,18.1700,92.4800,0.000052
FILLER_30_19,VGND,li1,14.9500,92.4800,0.000056
FILLER_29_178,VGND,li1,87.8600,92.4800,0.000110
FILLER_29_175,VGND,li1,86.7100,92.4800,0.000110
FILLER_29_172,VGND,li1,85.3300,92.4800,0.000108
FILLER_29_169,VGND,li1,83.9500,92.4800,0.000106
FILLER_29_167,VGND,li1,82.5700,92.4800,0.000106
FILLER_29_164,VGND,li1,81.6500,92.4800,0.000104
FILLER_29_161,VGND,li1,80.2700,92.4800,0.000102
FILLER_29_158,VGND,li1,78.8900,92.4800,0.000102
FILLER_29_155,VGND,li1,77.5100,92.4800,0.000099
FILLER_29_152,VGND,li1,76.1300,92.4800,0.000097
FILLER_29_149,VGND,li1,74.7500,92.4800,0.000097
FILLER_29_146,VGND,li1,73.3700,92.4800,0.000095
FILLER_29_143,VGND,li1,71.9900,92.4800,0.000093
FILLER_29_140,VGND,li1,70.6100,92.4800,0.000093
FILLER_29_137,VGND,li1,69.2300,92.4800,0.000091
FILLER_29_134,VGND,li1,67.8500,92.4800,0.000088
FILLER_29_131,VGND,li1,66.4700,92.4800,0.000088
FILLER_29_128,VGND,li1,65.0900,92.4800,0.000086
FILLER_29_125,VGND,li1,63.7100,92.4800,0.000084
FILLER_29_122,VGND,li1,62.3300,92.4800,0.000084
FILLER_29_119,VGND,li1,60.9500,92.4800,0.000082
FILLER_29_116,VGND,li1,59.5700,92.4800,0.000079
FILLER_29_113,VGND,li1,58.1900,92.4800,0.000079
FILLER_29_111,VGND,li1,56.8100,92.4800,0.000077
FILLER_29_108,VGND,li1,55.8900,92.4800,0.000075
FILLER_29_105,VGND,li1,54.5100,92.4800,0.000075
FILLER_29_102,VGND,li1,53.1300,92.4800,0.000073
FILLER_29_99,VGND,li1,51.7500,92.4800,0.000071
FILLER_29_96,VGND,li1,50.3700,92.4800,0.000071
FILLER_29_93,VGND,li1,48.9900,92.4800,0.000068
FILLER_29_90,VGND,li1,47.6100,92.4800,0.000066
FILLER_29_87,VGND,li1,46.2300,92.4800,0.000066
FILLER_29_84,VGND,li1,44.8500,92.4800,0.000064
FILLER_29_81,VGND,li1,43.4700,92.4800,0.000062
FILLER_29_78,VGND,li1,42.0900,92.4800,0.000062
FILLER_29_75,VGND,li1,40.7100,92.4800,0.000060
FILLER_29_72,VGND,li1,39.3300,92.4800,0.000057
FILLER_29_69,VGND,li1,37.9500,92.4800,0.000057
FILLER_29_66,VGND,li1,36.5700,92.4800,0.000054
FILLER_29_63,VGND,li1,35.1900,92.4800,0.000054
FILLER_29_60,VGND,li1,33.8100,92.4800,0.000051
FILLER_29_57,VGND,li1,32.4300,92.4800,0.000051
FILLER_29_55,VGND,li1,31.0500,92.4800,0.000048
FILLER_29_52,VGND,li1,30.1300,92.4800,0.000048
FILLER_29_49,VGND,li1,28.7500,92.4800,0.000045
FILLER_29_46,VGND,li1,27.3700,92.4800,0.000042
FILLER_29_43,VGND,li1,25.9900,92.4800,0.000042
FILLER_29_29,VGND,li1,19.0900,92.4800,0.000049
FILLER_29_3,VGND,li1,7.3600,92.4800,0.000066
FILLER_28_236,VGND,li1,114.5400,87.0400,0.000117
FILLER_28_233,VGND,li1,113.3900,87.0400,0.000117
FILLER_28_221,VGND,li1,107.8700,87.0400,0.000112
FILLER_28_218,VGND,li1,106.4900,87.0400,0.000111
FILLER_28_200,VGND,li1,98.2100,87.0400,0.000106
FILLER_28_197,VGND,li1,96.8300,87.0400,0.000104
FILLER_28_180,VGND,li1,89.0100,87.0400,0.000096
FILLER_28_177,VGND,li1,87.6300,87.0400,0.000094
FILLER_28_174,VGND,li1,86.2500,87.0400,0.000094
FILLER_28_171,VGND,li1,84.8700,87.0400,0.000091
FILLER_28_168,VGND,li1,83.4900,87.0400,0.000089
FILLER_28_165,VGND,li1,82.1100,87.0400,0.000089
FILLER_28_162,VGND,li1,80.7300,87.0400,0.000087
FILLER_28_159,VGND,li1,79.3500,87.0400,0.000084
FILLER_28_156,VGND,li1,77.9700,87.0400,0.000084
FILLER_28_153,VGND,li1,76.5900,87.0400,0.000082
FILLER_28_150,VGND,li1,75.2100,87.0400,0.000080
FILLER_28_147,VGND,li1,73.8300,87.0400,0.000080
FILLER_28_144,VGND,li1,72.4500,87.0400,0.000077
FILLER_28_141,VGND,li1,71.0700,87.0400,0.000075
FILLER_28_139,VGND,li1,69.6900,87.0400,0.000075
FILLER_28_136,VGND,li1,68.7700,87.0400,0.000073
FILLER_28_133,VGND,li1,67.3900,87.0400,0.000071
FILLER_28_130,VGND,li1,66.0100,87.0400,0.000071
FILLER_28_127,VGND,li1,64.6300,87.0400,0.000068
FILLER_28_124,VGND,li1,63.2500,87.0400,0.000066
FILLER_28_121,VGND,li1,61.8700,87.0400,0.000066
FILLER_28_118,VGND,li1,60.4900,87.0400,0.000063
FILLER_28_115,VGND,li1,59.1100,87.0400,0.000061
FILLER_28_112,VGND,li1,57.7300,87.0400,0.000061
FILLER_28_109,VGND,li1,56.3500,87.0400,0.000059
FILLER_28_106,VGND,li1,54.9700,87.0400,0.000057
FILLER_28_103,VGND,li1,53.5900,87.0400,0.000057
FILLER_28_100,VGND,li1,52.2100,87.0400,0.000054
FILLER_28_97,VGND,li1,50.8300,87.0400,0.000052
FILLER_28_94,VGND,li1,49.4500,87.0400,0.000052
FILLER_28_91,VGND,li1,48.0700,87.0400,0.000050
FILLER_28_88,VGND,li1,46.6900,87.0400,0.000047
FILLER_28_85,VGND,li1,45.3100,87.0400,0.000047
FILLER_28_82,VGND,li1,43.7000,87.0400,0.000045
FILLER_28_79,VGND,li1,42.5500,87.0400,0.000042
FILLER_28_76,VGND,li1,41.1700,87.0400,0.000042
FILLER_28_73,VGND,li1,39.7900,87.0400,0.000040
FILLER_28_70,VGND,li1,38.4100,87.0400,0.000038
FILLER_28_67,VGND,li1,37.0300,87.0400,0.000038
FILLER_28_61,VGND,li1,33.8100,87.0400,0.000032
FILLER_28_58,VGND,li1,32.8900,87.0400,0.000032
FILLER_28_55,VGND,li1,31.5100,87.0400,0.000029
FILLER_28_52,VGND,li1,30.1300,87.0400,0.000029
FILLER_28_38,VGND,li1,23.2300,87.0400,0.000025
FILLER_28_35,VGND,li1,22.3100,87.0400,0.000026
FILLER_28_32,VGND,li1,20.9300,87.0400,0.000026
FILLER_28_26,VGND,li1,17.9400,87.0400,0.000027
FILLER_28_16,VGND,li1,13.1100,87.0400,0.000029
FILLER_27_228,VGND,li1,110.8600,87.0400,0.000115
FILLER_27_225,VGND,li1,109.7100,87.0400,0.000114
FILLER_27_210,VGND,li1,102.3500,87.0400,0.000109
FILLER_27_207,VGND,li1,101.4300,87.0400,0.000107
FILLER_27_204,VGND,li1,100.0500,87.0400,0.000107
FILLER_27_201,VGND,li1,98.6700,87.0400,0.000106
FILLER_27_198,VGND,li1,97.2900,87.0400,0.000104
FILLER_27_195,VGND,li1,95.9100,87.0400,0.000104
FILLER_27_192,VGND,li1,94.5300,87.0400,0.000101
FILLER_27_187,VGND,li1,91.7700,87.0400,0.000099
FILLER_27_184,VGND,li1,90.8500,87.0400,0.000099
FILLER_27_181,VGND,li1,89.4700,87.0400,0.000096
FILLER_27_178,VGND,li1,88.0900,87.0400,0.000096
FILLER_27_175,VGND,li1,86.7100,87.0400,0.000094
FILLER_27_172,VGND,li1,85.3300,87.0400,0.000091
FILLER_27_169,VGND,li1,83.9500,87.0400,0.000091
FILLER_27_167,VGND,li1,82.5700,87.0400,0.000089
FILLER_27_164,VGND,li1,81.6500,87.0400,0.000087
FILLER_27_161,VGND,li1,80.2700,87.0400,0.000087
FILLER_27_158,VGND,li1,78.8900,87.0400,0.000084
FILLER_27_155,VGND,li1,77.5100,87.0400,0.000082
FILLER_27_152,VGND,li1,76.1300,87.0400,0.000082
FILLER_27_149,VGND,li1,74.7500,87.0400,0.000080
FILLER_27_146,VGND,li1,73.3700,87.0400,0.000077
FILLER_27_143,VGND,li1,71.9900,87.0400,0.000077
FILLER_27_140,VGND,li1,70.6100,87.0400,0.000075
FILLER_27_137,VGND,li1,69.2300,87.0400,0.000073
FILLER_27_134,VGND,li1,67.8500,87.0400,0.000073
FILLER_27_131,VGND,li1,66.4700,87.0400,0.000071
FILLER_27_128,VGND,li1,65.0900,87.0400,0.000068
FILLER_27_125,VGND,li1,63.7100,87.0400,0.000068
FILLER_27_122,VGND,li1,62.3300,87.0400,0.000066
FILLER_27_119,VGND,li1,60.9500,87.0400,0.000063
FILLER_27_116,VGND,li1,59.5700,87.0400,0.000063
FILLER_27_113,VGND,li1,58.1900,87.0400,0.000061
FILLER_27_111,VGND,li1,56.8100,87.0400,0.000059
FILLER_27_108,VGND,li1,55.8900,87.0400,0.000059
FILLER_27_105,VGND,li1,54.5100,87.0400,0.000057
FILLER_27_102,VGND,li1,53.1300,87.0400,0.000054
FILLER_27_99,VGND,li1,51.7500,87.0400,0.000054
FILLER_27_96,VGND,li1,50.3700,87.0400,0.000052
FILLER_27_93,VGND,li1,48.9900,87.0400,0.000050
FILLER_27_90,VGND,li1,47.6100,87.0400,0.000050
FILLER_27_87,VGND,li1,46.2300,87.0400,0.000047
FILLER_27_84,VGND,li1,44.8500,87.0400,0.000045
FILLER_27_81,VGND,li1,43.4700,87.0400,0.000045
FILLER_27_78,VGND,li1,42.0900,87.0400,0.000042
FILLER_27_75,VGND,li1,40.7100,87.0400,0.000040
FILLER_27_72,VGND,li1,39.3300,87.0400,0.000040
FILLER_27_69,VGND,li1,37.9500,87.0400,0.000038
FILLER_27_66,VGND,li1,36.5700,87.0400,0.000036
FILLER_27_63,VGND,li1,35.1900,87.0400,0.000036
FILLER_27_60,VGND,li1,33.8100,87.0400,0.000032
FILLER_27_57,VGND,li1,32.4300,87.0400,0.000032
FILLER_27_48,VGND,li1,28.2900,87.0400,0.000027
FILLER_27_32,VGND,li1,20.9300,87.0400,0.000026
FILLER_27_29,VGND,li1,19.5500,87.0400,0.000027
FILLER_27_26,VGND,li1,18.1700,87.0400,0.000027
FILLER_27_16,VGND,li1,13.3400,87.0400,0.000029
FILLER_27_3,VGND,li1,7.1300,87.0400,0.000030
FILLER_26_203,VGND,li1,99.5900,81.6000,0.000091
FILLER_26_200,VGND,li1,98.2100,81.6000,0.000091
FILLER_26_197,VGND,li1,96.8300,81.6000,0.000090
FILLER_26_180,VGND,li1,89.0100,81.6000,0.000085
FILLER_26_177,VGND,li1,87.6300,81.6000,0.000083
FILLER_26_174,VGND,li1,86.2500,81.6000,0.000081
FILLER_26_171,VGND,li1,84.8700,81.6000,0.000081
FILLER_26_168,VGND,li1,83.4900,81.6000,0.000079
FILLER_26_165,VGND,li1,82.1100,81.6000,0.000077
FILLER_26_162,VGND,li1,80.7300,81.6000,0.000077
FILLER_26_159,VGND,li1,79.3500,81.6000,0.000075
FILLER_26_156,VGND,li1,77.9700,81.6000,0.000073
FILLER_26_153,VGND,li1,76.5900,81.6000,0.000073
FILLER_26_150,VGND,li1,75.2100,81.6000,0.000071
FILLER_26_147,VGND,li1,73.8300,81.6000,0.000068
FILLER_26_144,VGND,li1,72.4500,81.6000,0.000068
FILLER_26_141,VGND,li1,71.0700,81.6000,0.000067
FILLER_26_139,VGND,li1,69.6900,81.6000,0.000065
FILLER_26_136,VGND,li1,68.7700,81.6000,0.000065
FILLER_26_133,VGND,li1,67.3900,81.6000,0.000063
FILLER_26_130,VGND,li1,66.0100,81.6000,0.000061
FILLER_26_127,VGND,li1,64.6300,81.6000,0.000061
FILLER_26_124,VGND,li1,63.2500,81.6000,0.000058
FILLER_26_121,VGND,li1,61.8700,81.6000,0.000057
FILLER_26_118,VGND,li1,60.4900,81.6000,0.000057
FILLER_26_115,VGND,li1,59.1100,81.6000,0.000054
FILLER_26_112,VGND,li1,57.7300,81.6000,0.000052
FILLER_26_109,VGND,li1,56.3500,81.6000,0.000052
FILLER_26_106,VGND,li1,54.9700,81.6000,0.000051
FILLER_26_103,VGND,li1,53.5900,81.6000,0.000048
FILLER_26_100,VGND,li1,52.2100,81.6000,0.000048
FILLER_26_97,VGND,li1,50.8300,81.6000,0.000047
FILLER_26_94,VGND,li1,49.4500,81.6000,0.000044
FILLER_26_91,VGND,li1,48.0700,81.6000,0.000044
FILLER_26_88,VGND,li1,46.6900,81.6000,0.000042
FILLER_26_85,VGND,li1,45.3100,81.6000,0.000041
FILLER_26_82,VGND,li1,43.7000,81.6000,0.000039
FILLER_26_79,VGND,li1,42.5500,81.6000,0.000039
FILLER_26_76,VGND,li1,41.1700,81.6000,0.000037
FILLER_26_73,VGND,li1,39.7900,81.6000,0.000035
FILLER_26_70,VGND,li1,38.4100,81.6000,0.000035
FILLER_26_67,VGND,li1,37.0300,81.6000,0.000033
FILLER_26_64,VGND,li1,35.6500,81.6000,0.000031
FILLER_26_61,VGND,li1,34.2700,81.6000,0.000031
FILLER_26_55,VGND,li1,31.0500,81.6000,0.000026
FILLER_26_32,VGND,li1,20.4700,81.6000,0.000025
FILLER_26_29,VGND,li1,19.5500,81.6000,0.000025
FILLER_26_25,VGND,li1,17.7100,81.6000,0.000027
FILLER_26_22,VGND,li1,16.3300,81.6000,0.000029
FILLER_26_19,VGND,li1,14.9500,81.6000,0.000029
FILLER_26_11,VGND,li1,11.0400,81.6000,0.000031
FILLER_25_229,VGND,li1,111.0900,81.6000,0.000096
FILLER_25_222,VGND,li1,108.1000,81.6000,0.000096
FILLER_25_215,VGND,li1,104.6500,81.6000,0.000094
FILLER_25_212,VGND,li1,103.7300,81.6000,0.000094
FILLER_25_209,VGND,li1,102.3500,81.6000,0.000092
FILLER_25_206,VGND,li1,100.9700,81.6000,0.000092
FILLER_25_203,VGND,li1,99.5900,81.6000,0.000091
FILLER_25_200,VGND,li1,98.2100,81.6000,0.000091
FILLER_25_197,VGND,li1,96.8300,81.6000,0.000090
FILLER_25_194,VGND,li1,95.4500,81.6000,0.000090
FILLER_25_178,VGND,li1,87.8600,81.6000,0.000083
FILLER_25_175,VGND,li1,86.7100,81.6000,0.000083
FILLER_25_172,VGND,li1,85.3300,81.6000,0.000081
FILLER_25_169,VGND,li1,83.9500,81.6000,0.000079
FILLER_25_167,VGND,li1,82.5700,81.6000,0.000079
FILLER_25_164,VGND,li1,81.6500,81.6000,0.000077
FILLER_25_161,VGND,li1,80.2700,81.6000,0.000075
FILLER_25_158,VGND,li1,78.8900,81.6000,0.000075
FILLER_25_155,VGND,li1,77.5100,81.6000,0.000073
FILLER_25_152,VGND,li1,76.1300,81.6000,0.000071
FILLER_25_149,VGND,li1,74.7500,81.6000,0.000071
FILLER_25_146,VGND,li1,73.3700,81.6000,0.000068
FILLER_25_143,VGND,li1,71.9900,81.6000,0.000067
FILLER_25_140,VGND,li1,70.6100,81.6000,0.000067
FILLER_25_137,VGND,li1,69.2300,81.6000,0.000065
FILLER_25_134,VGND,li1,67.8500,81.6000,0.000063
FILLER_25_131,VGND,li1,66.4700,81.6000,0.000063
FILLER_25_128,VGND,li1,65.0900,81.6000,0.000061
FILLER_25_125,VGND,li1,63.7100,81.6000,0.000058
FILLER_25_122,VGND,li1,62.3300,81.6000,0.000058
FILLER_25_119,VGND,li1,60.9500,81.6000,0.000057
FILLER_25_116,VGND,li1,59.5700,81.6000,0.000054
FILLER_25_113,VGND,li1,58.1900,81.6000,0.000054
FILLER_25_111,VGND,li1,56.8100,81.6000,0.000052
FILLER_25_108,VGND,li1,55.8900,81.6000,0.000051
FILLER_25_105,VGND,li1,54.5100,81.6000,0.000051
FILLER_25_102,VGND,li1,53.1300,81.6000,0.000048
FILLER_25_99,VGND,li1,51.7500,81.6000,0.000047
FILLER_25_96,VGND,li1,50.3700,81.6000,0.000047
FILLER_25_93,VGND,li1,48.9900,81.6000,0.000044
FILLER_25_90,VGND,li1,47.6100,81.6000,0.000042
FILLER_25_87,VGND,li1,46.2300,81.6000,0.000042
FILLER_25_84,VGND,li1,44.8500,81.6000,0.000041
FILLER_25_81,VGND,li1,43.4700,81.6000,0.000039
FILLER_25_78,VGND,li1,42.0900,81.6000,0.000037
FILLER_25_75,VGND,li1,40.7100,81.6000,0.000037
FILLER_25_72,VGND,li1,39.3300,81.6000,0.000035
FILLER_25_69,VGND,li1,37.9500,81.6000,0.000033
FILLER_25_66,VGND,li1,36.5700,81.6000,0.000033
FILLER_25_63,VGND,li1,35.1900,81.6000,0.000031
FILLER_25_60,VGND,li1,33.8100,81.6000,0.000029
FILLER_25_57,VGND,li1,32.4300,81.6000,0.000029
FILLER_25_55,VGND,li1,31.0500,81.6000,0.000026
FILLER_25_52,VGND,li1,30.1300,81.6000,0.000026
FILLER_25_36,VGND,li1,22.7700,81.6000,0.000024
FILLER_25_33,VGND,li1,21.3900,81.6000,0.000024
FILLER_25_30,VGND,li1,20.0100,81.6000,0.000025
FILLER_25_27,VGND,li1,18.6300,81.6000,0.000027
FILLER_25_24,VGND,li1,17.2500,81.6000,0.000027
FILLER_25_21,VGND,li1,15.8700,81.6000,0.000029
FILLER_24_237,VGND,li1,114.7700,76.1600,0.000133
FILLER_24_212,VGND,li1,103.7300,76.1600,0.000128
FILLER_24_209,VGND,li1,102.3500,76.1600,0.000128
FILLER_24_206,VGND,li1,100.9700,76.1600,0.000126
FILLER_24_203,VGND,li1,99.5900,76.1600,0.000124
FILLER_24_200,VGND,li1,98.2100,76.1600,0.000124
FILLER_24_197,VGND,li1,96.8300,76.1600,0.000121
FILLER_24_180,VGND,li1,89.0100,76.1600,0.000113
FILLER_24_177,VGND,li1,87.6300,76.1600,0.000109
FILLER_24_174,VGND,li1,86.2500,76.1600,0.000109
FILLER_24_171,VGND,li1,84.8700,76.1600,0.000106
FILLER_24_168,VGND,li1,83.4900,76.1600,0.000103
FILLER_24_165,VGND,li1,82.1100,76.1600,0.000103
FILLER_24_162,VGND,li1,80.7300,76.1600,0.000100
FILLER_24_159,VGND,li1,79.3500,76.1600,0.000097
FILLER_24_156,VGND,li1,77.9700,76.1600,0.000097
FILLER_24_153,VGND,li1,76.5900,76.1600,0.000094
FILLER_24_150,VGND,li1,75.2100,76.1600,0.000091
FILLER_24_147,VGND,li1,73.8300,76.1600,0.000091
FILLER_24_144,VGND,li1,72.4500,76.1600,0.000088
FILLER_24_141,VGND,li1,71.0700,76.1600,0.000085
FILLER_24_139,VGND,li1,69.6900,76.1600,0.000085
FILLER_24_136,VGND,li1,68.7700,76.1600,0.000082
FILLER_24_133,VGND,li1,67.3900,76.1600,0.000079
FILLER_24_130,VGND,li1,66.0100,76.1600,0.000079
FILLER_24_127,VGND,li1,64.6300,76.1600,0.000076
FILLER_24_124,VGND,li1,63.2500,76.1600,0.000073
FILLER_24_121,VGND,li1,61.8700,76.1600,0.000073
FILLER_24_118,VGND,li1,60.4900,76.1600,0.000070
FILLER_24_115,VGND,li1,59.1100,76.1600,0.000067
FILLER_24_112,VGND,li1,57.7300,76.1600,0.000067
FILLER_24_109,VGND,li1,56.3500,76.1600,0.000064
FILLER_24_106,VGND,li1,54.9700,76.1600,0.000061
FILLER_24_103,VGND,li1,53.5900,76.1600,0.000061
FILLER_24_100,VGND,li1,52.2100,76.1600,0.000058
FILLER_24_97,VGND,li1,50.8300,76.1600,0.000055
FILLER_24_94,VGND,li1,49.4500,76.1600,0.000055
FILLER_24_91,VGND,li1,48.0700,76.1600,0.000052
FILLER_24_88,VGND,li1,46.6900,76.1600,0.000048
FILLER_24_85,VGND,li1,45.3100,76.1600,0.000048
FILLER_24_83,VGND,li1,43.9300,76.1600,0.000046
FILLER_24_80,VGND,li1,43.0100,76.1600,0.000043
FILLER_24_77,VGND,li1,41.6300,76.1600,0.000043
FILLER_24_74,VGND,li1,40.2500,76.1600,0.000040
FILLER_24_71,VGND,li1,38.8700,76.1600,0.000037
FILLER_24_68,VGND,li1,37.4900,76.1600,0.000037
FILLER_24_65,VGND,li1,36.1100,76.1600,0.000033
FILLER_24_62,VGND,li1,34.7300,76.1600,0.000031
FILLER_24_59,VGND,li1,33.3500,76.1600,0.000031
FILLER_24_56,VGND,li1,31.9700,76.1600,0.000028
FILLER_24_53,VGND,li1,30.5900,76.1600,0.000025
FILLER_24_50,VGND,li1,29.2100,76.1600,0.000023
FILLER_24_47,VGND,li1,27.8300,76.1600,0.000023
FILLER_24_44,VGND,li1,26.4500,76.1600,0.000018
FILLER_24_41,VGND,li1,25.0700,76.1600,0.000018
FILLER_24_38,VGND,li1,23.6900,76.1600,0.000019
FILLER_24_35,VGND,li1,22.3100,76.1600,0.000019
FILLER_24_32,VGND,li1,20.9300,76.1600,0.000020
FILLER_24_29,VGND,li1,19.5500,76.1600,0.000020
FILLER_24_25,VGND,li1,17.7100,76.1600,0.000021
FILLER_24_22,VGND,li1,16.3300,76.1600,0.000022
FILLER_24_19,VGND,li1,14.9500,76.1600,0.000022
FILLER_23_210,VGND,li1,102.5800,76.1600,0.000128
FILLER_23_207,VGND,li1,101.4300,76.1600,0.000126
FILLER_23_204,VGND,li1,100.0500,76.1600,0.000126
FILLER_23_201,VGND,li1,98.6700,76.1600,0.000124
FILLER_23_198,VGND,li1,97.2900,76.1600,0.000121
FILLER_23_195,VGND,li1,95.9100,76.1600,0.000121
FILLER_23_185,VGND,li1,90.8500,76.1600,0.000115
FILLER_23_182,VGND,li1,89.9300,76.1600,0.000113
FILLER_23_172,VGND,li1,85.3300,76.1600,0.000106
FILLER_23_169,VGND,li1,83.9500,76.1600,0.000106
FILLER_23_167,VGND,li1,82.5700,76.1600,0.000103
FILLER_23_164,VGND,li1,81.6500,76.1600,0.000100
FILLER_23_161,VGND,li1,80.2700,76.1600,0.000100
FILLER_23_158,VGND,li1,78.8900,76.1600,0.000097
FILLER_23_155,VGND,li1,77.5100,76.1600,0.000094
FILLER_23_152,VGND,li1,76.1300,76.1600,0.000094
FILLER_23_149,VGND,li1,74.7500,76.1600,0.000091
FILLER_23_146,VGND,li1,73.3700,76.1600,0.000088
FILLER_23_143,VGND,li1,71.9900,76.1600,0.000088
FILLER_23_140,VGND,li1,70.6100,76.1600,0.000085
FILLER_23_137,VGND,li1,69.2300,76.1600,0.000082
FILLER_23_134,VGND,li1,67.8500,76.1600,0.000082
FILLER_23_131,VGND,li1,66.4700,76.1600,0.000079
FILLER_23_128,VGND,li1,65.0900,76.1600,0.000076
FILLER_23_125,VGND,li1,63.7100,76.1600,0.000076
FILLER_23_122,VGND,li1,62.3300,76.1600,0.000073
FILLER_23_119,VGND,li1,60.9500,76.1600,0.000070
FILLER_23_116,VGND,li1,59.5700,76.1600,0.000070
FILLER_23_113,VGND,li1,58.1900,76.1600,0.000067
FILLER_23_111,VGND,li1,56.8100,76.1600,0.000064
FILLER_23_108,VGND,li1,55.8900,76.1600,0.000064
FILLER_23_105,VGND,li1,54.5100,76.1600,0.000061
FILLER_23_102,VGND,li1,53.1300,76.1600,0.000058
FILLER_23_99,VGND,li1,51.7500,76.1600,0.000058
FILLER_23_96,VGND,li1,50.3700,76.1600,0.000055
FILLER_23_93,VGND,li1,48.9900,76.1600,0.000052
FILLER_23_90,VGND,li1,47.6100,76.1600,0.000052
FILLER_23_87,VGND,li1,46.2300,76.1600,0.000048
FILLER_23_84,VGND,li1,44.8500,76.1600,0.000046
FILLER_23_81,VGND,li1,43.4700,76.1600,0.000046
FILLER_23_78,VGND,li1,42.0900,76.1600,0.000043
FILLER_23_75,VGND,li1,40.7100,76.1600,0.000040
FILLER_23_72,VGND,li1,39.3300,76.1600,0.000040
FILLER_23_69,VGND,li1,37.9500,76.1600,0.000037
FILLER_23_66,VGND,li1,36.5700,76.1600,0.000033
FILLER_23_63,VGND,li1,35.1900,76.1600,0.000033
FILLER_23_60,VGND,li1,33.8100,76.1600,0.000031
FILLER_23_57,VGND,li1,32.4300,76.1600,0.000028
FILLER_23_54,VGND,li1,30.8200,76.1600,0.000025
FILLER_23_51,VGND,li1,29.6700,76.1600,0.000025
FILLER_23_44,VGND,li1,26.2200,76.1600,0.000018
FILLER_23_41,VGND,li1,25.0700,76.1600,0.000018
FILLER_23_38,VGND,li1,23.6900,76.1600,0.000019
FILLER_23_35,VGND,li1,22.3100,76.1600,0.000019
FILLER_23_32,VGND,li1,20.9300,76.1600,0.000020
FILLER_23_29,VGND,li1,19.5500,76.1600,0.000020
FILLER_23_17,VGND,li1,13.8000,76.1600,0.000022
FILLER_23_3,VGND,li1,7.1300,76.1600,0.000023
FILLER_22_237,VGND,li1,114.7700,70.7200,0.000176
FILLER_22_206,VGND,li1,100.9700,70.7200,0.000159
FILLER_22_203,VGND,li1,99.5900,70.7200,0.000159
FILLER_22_200,VGND,li1,98.2100,70.7200,0.000155
FILLER_22_197,VGND,li1,96.8300,70.7200,0.000155
FILLER_22_193,VGND,li1,94.9900,70.7200,0.000152
FILLER_22_190,VGND,li1,93.6100,70.7200,0.000148
FILLER_22_187,VGND,li1,92.2300,70.7200,0.000148
FILLER_22_184,VGND,li1,90.8500,70.7200,0.000145
FILLER_22_175,VGND,li1,86.2500,70.7200,0.000136
FILLER_22_168,VGND,li1,83.0300,70.7200,0.000132
FILLER_22_165,VGND,li1,82.1100,70.7200,0.000129
FILLER_22_162,VGND,li1,80.7300,70.7200,0.000129
FILLER_22_159,VGND,li1,79.3500,70.7200,0.000126
FILLER_22_156,VGND,li1,77.9700,70.7200,0.000122
FILLER_22_153,VGND,li1,76.5900,70.7200,0.000122
FILLER_22_150,VGND,li1,75.2100,70.7200,0.000119
FILLER_22_147,VGND,li1,73.8300,70.7200,0.000115
FILLER_22_144,VGND,li1,72.4500,70.7200,0.000115
FILLER_22_141,VGND,li1,71.0700,70.7200,0.000111
FILLER_22_139,VGND,li1,69.6900,70.7200,0.000108
FILLER_22_136,VGND,li1,68.7700,70.7200,0.000108
FILLER_22_133,VGND,li1,67.3900,70.7200,0.000104
FILLER_22_130,VGND,li1,66.0100,70.7200,0.000101
FILLER_22_127,VGND,li1,64.6300,70.7200,0.000101
FILLER_22_124,VGND,li1,63.2500,70.7200,0.000097
FILLER_22_121,VGND,li1,61.8700,70.7200,0.000094
FILLER_22_118,VGND,li1,60.4900,70.7200,0.000094
FILLER_22_115,VGND,li1,59.1100,70.7200,0.000089
FILLER_22_112,VGND,li1,57.7300,70.7200,0.000086
FILLER_22_109,VGND,li1,56.3500,70.7200,0.000086
FILLER_22_106,VGND,li1,54.9700,70.7200,0.000081
FILLER_22_103,VGND,li1,53.5900,70.7200,0.000081
FILLER_22_100,VGND,li1,52.2100,70.7200,0.000077
FILLER_22_97,VGND,li1,50.8300,70.7200,0.000077
FILLER_22_94,VGND,li1,49.4500,70.7200,0.000072
FILLER_22_91,VGND,li1,48.0700,70.7200,0.000072
FILLER_22_88,VGND,li1,46.6900,70.7200,0.000067
FILLER_22_85,VGND,li1,45.3100,70.7200,0.000067
FILLER_22_81,VGND,li1,43.4700,70.7200,0.000064
FILLER_22_78,VGND,li1,42.0900,70.7200,0.000060
FILLER_22_75,VGND,li1,40.7100,70.7200,0.000056
FILLER_22_72,VGND,li1,39.3300,70.7200,0.000056
FILLER_22_69,VGND,li1,37.9500,70.7200,0.000052
FILLER_22_66,VGND,li1,36.5700,70.7200,0.000049
FILLER_22_63,VGND,li1,35.1900,70.7200,0.000049
FILLER_22_42,VGND,li1,25.0700,70.7200,0.000028
FILLER_22_39,VGND,li1,24.1500,70.7200,0.000028
FILLER_22_36,VGND,li1,22.7700,70.7200,0.000029
FILLER_22_27,VGND,li1,18.1700,70.7200,0.000031
FILLER_21_198,VGND,li1,97.0600,70.7200,0.000155
FILLER_21_195,VGND,li1,95.9100,70.7200,0.000152
FILLER_21_192,VGND,li1,94.5300,70.7200,0.000152
FILLER_21_189,VGND,li1,93.1500,70.7200,0.000148
FILLER_21_186,VGND,li1,91.7700,70.7200,0.000145
FILLER_21_183,VGND,li1,90.3900,70.7200,0.000145
FILLER_21_180,VGND,li1,89.0100,70.7200,0.000141
FILLER_21_177,VGND,li1,87.6300,70.7200,0.000141
FILLER_21_167,VGND,li1,82.5700,70.7200,0.000132
FILLER_21_164,VGND,li1,81.6500,70.7200,0.000129
FILLER_21_161,VGND,li1,80.2700,70.7200,0.000126
FILLER_21_158,VGND,li1,78.8900,70.7200,0.000126
FILLER_21_155,VGND,li1,77.5100,70.7200,0.000122
FILLER_21_152,VGND,li1,76.1300,70.7200,0.000119
FILLER_21_149,VGND,li1,74.7500,70.7200,0.000119
FILLER_21_146,VGND,li1,73.3700,70.7200,0.000115
FILLER_21_143,VGND,li1,71.9900,70.7200,0.000111
FILLER_21_140,VGND,li1,70.6100,70.7200,0.000111
FILLER_21_137,VGND,li1,69.2300,70.7200,0.000108
FILLER_21_134,VGND,li1,67.8500,70.7200,0.000104
FILLER_21_131,VGND,li1,66.4700,70.7200,0.000104
FILLER_21_128,VGND,li1,65.0900,70.7200,0.000101
FILLER_21_125,VGND,li1,63.7100,70.7200,0.000097
FILLER_21_122,VGND,li1,62.3300,70.7200,0.000097
FILLER_21_119,VGND,li1,60.9500,70.7200,0.000094
FILLER_21_116,VGND,li1,59.5700,70.7200,0.000089
FILLER_21_113,VGND,li1,58.1900,70.7200,0.000089
FILLER_21_109,VGND,li1,56.3500,70.7200,0.000086
FILLER_21_106,VGND,li1,54.9700,70.7200,0.000081
FILLER_21_103,VGND,li1,53.5900,70.7200,0.000081
FILLER_21_100,VGND,li1,52.2100,70.7200,0.000077
FILLER_21_97,VGND,li1,50.8300,70.7200,0.000077
FILLER_21_94,VGND,li1,49.4500,70.7200,0.000072
FILLER_21_91,VGND,li1,48.0700,70.7200,0.000072
FILLER_21_88,VGND,li1,46.6900,70.7200,0.000067
FILLER_21_85,VGND,li1,45.3100,70.7200,0.000067
FILLER_21_82,VGND,li1,43.9300,70.7200,0.000064
FILLER_21_79,VGND,li1,42.5500,70.7200,0.000060
FILLER_21_76,VGND,li1,41.1700,70.7200,0.000060
FILLER_21_73,VGND,li1,39.7900,70.7200,0.000056
FILLER_21_70,VGND,li1,38.4100,70.7200,0.000052
FILLER_21_67,VGND,li1,37.0300,70.7200,0.000052
FILLER_21_64,VGND,li1,35.6500,70.7200,0.000049
FILLER_21_47,VGND,li1,27.8300,70.7200,0.000032
FILLER_21_44,VGND,li1,26.4500,70.7200,0.000032
FILLER_21_41,VGND,li1,25.0700,70.7200,0.000028
FILLER_21_38,VGND,li1,23.6900,70.7200,0.000029
FILLER_21_35,VGND,li1,22.3100,70.7200,0.000029
FILLER_21_20,VGND,li1,15.1800,70.7200,0.000032
FILLER_21_17,VGND,li1,14.0300,70.7200,0.000033
FILLER_21_3,VGND,li1,7.1300,70.7200,0.000034
FILLER_20_237,VGND,li1,114.7700,65.2800,0.000195
FILLER_20_234,VGND,li1,113.8500,65.2800,0.000195
FILLER_20_219,VGND,li1,106.7200,65.2800,0.000186
FILLER_20_187,VGND,li1,92.0000,65.2800,0.000163
FILLER_20_184,VGND,li1,90.8500,65.2800,0.000163
FILLER_20_181,VGND,li1,89.4700,65.2800,0.000158
FILLER_20_178,VGND,li1,88.0900,65.2800,0.000158
FILLER_20_175,VGND,li1,86.7100,65.2800,0.000155
FILLER_20_159,VGND,li1,79.1200,65.2800,0.000137
FILLER_20_156,VGND,li1,77.9700,65.2800,0.000137
FILLER_20_153,VGND,li1,76.5900,65.2800,0.000132
FILLER_20_150,VGND,li1,75.2100,65.2800,0.000132
FILLER_20_147,VGND,li1,73.8300,65.2800,0.000129
FILLER_20_144,VGND,li1,72.4500,65.2800,0.000124
FILLER_20_141,VGND,li1,71.0700,65.2800,0.000124
FILLER_20_139,VGND,li1,69.6900,65.2800,0.000120
FILLER_20_136,VGND,li1,68.7700,65.2800,0.000116
FILLER_20_133,VGND,li1,67.3900,65.2800,0.000116
FILLER_20_130,VGND,li1,66.0100,65.2800,0.000112
FILLER_20_127,VGND,li1,64.6300,65.2800,0.000108
FILLER_20_124,VGND,li1,63.2500,65.2800,0.000108
FILLER_20_121,VGND,li1,61.8700,65.2800,0.000103
FILLER_20_118,VGND,li1,60.4900,65.2800,0.000099
FILLER_20_115,VGND,li1,59.1100,65.2800,0.000099
FILLER_20_112,VGND,li1,57.7300,65.2800,0.000096
FILLER_20_109,VGND,li1,56.3500,65.2800,0.000091
FILLER_20_106,VGND,li1,54.9700,65.2800,0.000091
FILLER_20_103,VGND,li1,53.5900,65.2800,0.000086
FILLER_20_100,VGND,li1,52.2100,65.2800,0.000082
FILLER_20_97,VGND,li1,50.8300,65.2800,0.000082
FILLER_20_94,VGND,li1,49.4500,65.2800,0.000078
FILLER_20_91,VGND,li1,48.0700,65.2800,0.000074
FILLER_20_88,VGND,li1,46.6900,65.2800,0.000074
FILLER_20_85,VGND,li1,45.3100,65.2800,0.000069
FILLER_20_82,VGND,li1,43.7000,65.2800,0.000065
FILLER_20_79,VGND,li1,42.5500,65.2800,0.000065
FILLER_20_76,VGND,li1,41.1700,65.2800,0.000060
FILLER_20_73,VGND,li1,39.7900,65.2800,0.000060
FILLER_20_70,VGND,li1,38.4100,65.2800,0.000056
FILLER_20_67,VGND,li1,37.0300,65.2800,0.000051
FILLER_20_64,VGND,li1,35.6500,65.2800,0.000051
FILLER_20_61,VGND,li1,34.2700,65.2800,0.000047
FILLER_20_53,VGND,li1,30.1300,65.2800,0.000037
FILLER_20_50,VGND,li1,29.2100,65.2800,0.000037
FILLER_20_47,VGND,li1,27.8300,65.2800,0.000033
FILLER_20_44,VGND,li1,26.4500,65.2800,0.000028
FILLER_20_41,VGND,li1,25.0700,65.2800,0.000028
FILLER_20_38,VGND,li1,23.6900,65.2800,0.000029
FILLER_20_35,VGND,li1,22.3100,65.2800,0.000031
FILLER_20_32,VGND,li1,20.9300,65.2800,0.000031
FILLER_20_29,VGND,li1,19.5500,65.2800,0.000032
FILLER_20_27,VGND,li1,18.1700,65.2800,0.000032
FILLER_19_221,VGND,li1,107.8700,65.2800,0.000189
FILLER_19_210,VGND,li1,102.8100,65.2800,0.000183
FILLER_19_207,VGND,li1,101.4300,65.2800,0.000179
FILLER_19_204,VGND,li1,100.0500,65.2800,0.000179
FILLER_19_180,VGND,li1,88.7800,65.2800,0.000158
FILLER_19_177,VGND,li1,87.6300,65.2800,0.000155
FILLER_19_174,VGND,li1,86.2500,65.2800,0.000155
FILLER_19_167,VGND,li1,82.5700,65.2800,0.000147
FILLER_19_164,VGND,li1,81.6500,65.2800,0.000143
FILLER_19_161,VGND,li1,80.2700,65.2800,0.000143
FILLER_19_158,VGND,li1,78.8900,65.2800,0.000137
FILLER_19_155,VGND,li1,77.5100,65.2800,0.000137
FILLER_19_152,VGND,li1,76.1300,65.2800,0.000132
FILLER_19_149,VGND,li1,74.7500,65.2800,0.000129
FILLER_19_146,VGND,li1,73.3700,65.2800,0.000129
FILLER_19_143,VGND,li1,71.9900,65.2800,0.000124
FILLER_19_140,VGND,li1,70.6100,65.2800,0.000120
FILLER_19_137,VGND,li1,69.2300,65.2800,0.000120
FILLER_19_134,VGND,li1,67.8500,65.2800,0.000116
FILLER_19_131,VGND,li1,66.4700,65.2800,0.000112
FILLER_19_128,VGND,li1,65.0900,65.2800,0.000112
FILLER_19_125,VGND,li1,63.7100,65.2800,0.000108
FILLER_19_122,VGND,li1,62.3300,65.2800,0.000103
FILLER_19_119,VGND,li1,60.9500,65.2800,0.000103
FILLER_19_116,VGND,li1,59.5700,65.2800,0.000099
FILLER_19_113,VGND,li1,58.1900,65.2800,0.000096
FILLER_19_110,VGND,li1,56.5800,65.2800,0.000091
FILLER_19_107,VGND,li1,55.4300,65.2800,0.000091
FILLER_19_104,VGND,li1,54.0500,65.2800,0.000086
FILLER_19_101,VGND,li1,52.6700,65.2800,0.000086
FILLER_19_98,VGND,li1,51.2900,65.2800,0.000082
FILLER_19_95,VGND,li1,49.9100,65.2800,0.000078
FILLER_19_92,VGND,li1,48.5300,65.2800,0.000078
FILLER_19_89,VGND,li1,47.1500,65.2800,0.000074
FILLER_19_86,VGND,li1,45.7700,65.2800,0.000069
FILLER_19_83,VGND,li1,44.3900,65.2800,0.000069
FILLER_19_80,VGND,li1,43.0100,65.2800,0.000065
FILLER_19_72,VGND,li1,39.3300,65.2800,0.000056
FILLER_19_69,VGND,li1,37.9500,65.2800,0.000056
FILLER_19_66,VGND,li1,36.5700,65.2800,0.000051
FILLER_19_63,VGND,li1,35.1900,65.2800,0.000047
FILLER_19_60,VGND,li1,33.8100,65.2800,0.000047
FILLER_19_57,VGND,li1,32.4300,65.2800,0.000042
FILLER_19_55,VGND,li1,31.0500,65.2800,0.000042
FILLER_19_52,VGND,li1,30.1300,65.2800,0.000037
FILLER_19_49,VGND,li1,28.7500,65.2800,0.000033
FILLER_19_46,VGND,li1,27.3700,65.2800,0.000033
FILLER_19_43,VGND,li1,25.9900,65.2800,0.000028
FILLER_19_40,VGND,li1,24.6100,65.2800,0.000029
FILLER_19_37,VGND,li1,23.2300,65.2800,0.000029
FILLER_19_27,VGND,li1,18.4000,65.2800,0.000032
FILLER_18_212,VGND,li1,103.5000,59.8400,0.000232
FILLER_18_209,VGND,li1,102.3500,59.8400,0.000232
FILLER_18_206,VGND,li1,100.9700,59.8400,0.000228
FILLER_18_203,VGND,li1,99.5900,59.8400,0.000224
FILLER_18_200,VGND,li1,98.2100,59.8400,0.000224
FILLER_18_197,VGND,li1,96.8300,59.8400,0.000220
FILLER_18_195,VGND,li1,95.4500,59.8400,0.000216
FILLER_18_192,VGND,li1,94.5300,59.8400,0.000216
FILLER_18_189,VGND,li1,93.1500,59.8400,0.000211
FILLER_18_186,VGND,li1,91.7700,59.8400,0.000211
FILLER_18_183,VGND,li1,90.3900,59.8400,0.000206
FILLER_18_180,VGND,li1,89.0100,59.8400,0.000202
FILLER_18_177,VGND,li1,87.6300,59.8400,0.000202
FILLER_18_174,VGND,li1,86.2500,59.8400,0.000197
FILLER_18_171,VGND,li1,84.8700,59.8400,0.000193
FILLER_18_168,VGND,li1,83.4900,59.8400,0.000193
FILLER_18_165,VGND,li1,82.1100,59.8400,0.000189
FILLER_18_162,VGND,li1,80.7300,59.8400,0.000184
FILLER_18_159,VGND,li1,79.3500,59.8400,0.000184
FILLER_18_156,VGND,li1,77.9700,59.8400,0.000181
FILLER_18_153,VGND,li1,76.5900,59.8400,0.000176
FILLER_18_150,VGND,li1,75.2100,59.8400,0.000176
FILLER_18_147,VGND,li1,73.8300,59.8400,0.000172
FILLER_18_144,VGND,li1,72.4500,59.8400,0.000167
FILLER_18_141,VGND,li1,71.0700,59.8400,0.000167
FILLER_18_139,VGND,li1,69.6900,59.8400,0.000163
FILLER_18_136,VGND,li1,68.7700,59.8400,0.000159
FILLER_18_133,VGND,li1,67.3900,59.8400,0.000159
FILLER_18_130,VGND,li1,66.0100,59.8400,0.000154
FILLER_18_127,VGND,li1,64.6300,59.8400,0.000150
FILLER_18_124,VGND,li1,63.2500,59.8400,0.000150
FILLER_18_121,VGND,li1,61.8700,59.8400,0.000145
FILLER_18_118,VGND,li1,60.4900,59.8400,0.000141
FILLER_18_115,VGND,li1,59.1100,59.8400,0.000141
FILLER_18_112,VGND,li1,57.7300,59.8400,0.000137
FILLER_18_109,VGND,li1,56.3500,59.8400,0.000132
FILLER_18_106,VGND,li1,54.9700,59.8400,0.000132
FILLER_18_103,VGND,li1,53.5900,59.8400,0.000126
FILLER_18_100,VGND,li1,52.2100,59.8400,0.000126
FILLER_18_97,VGND,li1,50.8300,59.8400,0.000120
FILLER_18_94,VGND,li1,49.4500,59.8400,0.000120
FILLER_18_91,VGND,li1,48.0700,59.8400,0.000115
FILLER_18_69,VGND,li1,37.9500,59.8400,0.000093
FILLER_18_66,VGND,li1,36.5700,59.8400,0.000089
FILLER_18_63,VGND,li1,35.1900,59.8400,0.000089
FILLER_18_49,VGND,li1,28.2900,59.8400,0.000070
FILLER_18_46,VGND,li1,27.3700,59.8400,0.000065
FILLER_18_3,VGND,li1,7.5900,59.8400,0.000090
FILLER_17_228,VGND,li1,110.6300,59.8400,0.000245
FILLER_17_225,VGND,li1,109.7100,59.8400,0.000243
FILLER_17_208,VGND,li1,101.8900,59.8400,0.000228
FILLER_17_205,VGND,li1,100.5100,59.8400,0.000228
FILLER_17_202,VGND,li1,99.1300,59.8400,0.000224
FILLER_17_199,VGND,li1,97.7500,59.8400,0.000220
FILLER_17_196,VGND,li1,96.3700,59.8400,0.000220
FILLER_17_193,VGND,li1,94.9900,59.8400,0.000216
FILLER_17_184,VGND,li1,90.8500,59.8400,0.000206
FILLER_17_181,VGND,li1,89.4700,59.8400,0.000206
FILLER_17_178,VGND,li1,88.0900,59.8400,0.000202
FILLER_17_175,VGND,li1,86.7100,59.8400,0.000197
FILLER_17_172,VGND,li1,85.3300,59.8400,0.000197
FILLER_17_169,VGND,li1,83.9500,59.8400,0.000193
FILLER_17_167,VGND,li1,82.5700,59.8400,0.000189
FILLER_17_164,VGND,li1,81.6500,59.8400,0.000189
FILLER_17_161,VGND,li1,80.2700,59.8400,0.000184
FILLER_17_158,VGND,li1,78.8900,59.8400,0.000181
FILLER_17_155,VGND,li1,77.5100,59.8400,0.000181
FILLER_17_152,VGND,li1,76.1300,59.8400,0.000176
FILLER_17_149,VGND,li1,74.7500,59.8400,0.000172
FILLER_17_146,VGND,li1,73.3700,59.8400,0.000172
FILLER_17_143,VGND,li1,71.9900,59.8400,0.000167
FILLER_17_140,VGND,li1,70.6100,59.8400,0.000163
FILLER_17_137,VGND,li1,69.2300,59.8400,0.000163
FILLER_17_134,VGND,li1,67.8500,59.8400,0.000159
FILLER_17_131,VGND,li1,66.4700,59.8400,0.000154
FILLER_17_128,VGND,li1,65.0900,59.8400,0.000154
FILLER_17_125,VGND,li1,63.7100,59.8400,0.000150
FILLER_17_122,VGND,li1,62.3300,59.8400,0.000145
FILLER_17_119,VGND,li1,60.9500,59.8400,0.000145
FILLER_17_116,VGND,li1,59.5700,59.8400,0.000141
FILLER_17_113,VGND,li1,58.1900,59.8400,0.000137
FILLER_17_109,VGND,li1,56.3500,59.8400,0.000132
FILLER_17_106,VGND,li1,54.9700,59.8400,0.000132
FILLER_17_103,VGND,li1,53.5900,59.8400,0.000126
FILLER_17_100,VGND,li1,52.2100,59.8400,0.000126
FILLER_17_97,VGND,li1,50.8300,59.8400,0.000120
FILLER_17_94,VGND,li1,49.4500,59.8400,0.000120
FILLER_17_91,VGND,li1,48.0700,59.8400,0.000115
FILLER_17_88,VGND,li1,46.6900,59.8400,0.000115
FILLER_17_85,VGND,li1,45.3100,59.8400,0.000110
FILLER_17_82,VGND,li1,43.9300,59.8400,0.000106
FILLER_17_79,VGND,li1,42.5500,59.8400,0.000106
FILLER_17_76,VGND,li1,41.1700,59.8400,0.000099
FILLER_17_73,VGND,li1,39.7900,59.8400,0.000099
FILLER_17_70,VGND,li1,38.4100,59.8400,0.000093
FILLER_17_67,VGND,li1,37.0300,59.8400,0.000093
FILLER_17_64,VGND,li1,35.6500,59.8400,0.000089
FILLER_17_47,VGND,li1,27.6000,59.8400,0.000070
FILLER_17_44,VGND,li1,26.4500,59.8400,0.000065
FILLER_17_29,VGND,li1,19.3200,59.8400,0.000076
FILLER_17_26,VGND,li1,18.1700,59.8400,0.000076
FILLER_17_20,VGND,li1,15.1800,59.8400,0.000084
FILLER_16_237,VGND,li1,114.7700,54.4000,0.000144
FILLER_16_217,VGND,li1,105.5700,54.4000,0.000142
FILLER_16_200,VGND,li1,97.9800,54.4000,0.000137
FILLER_16_197,VGND,li1,96.8300,54.4000,0.000136
FILLER_16_177,VGND,li1,87.4000,54.4000,0.000125
FILLER_16_174,VGND,li1,86.2500,54.4000,0.000125
FILLER_16_171,VGND,li1,84.8700,54.4000,0.000121
FILLER_16_168,VGND,li1,83.4900,54.4000,0.000121
FILLER_16_165,VGND,li1,82.1100,54.4000,0.000118
FILLER_16_162,VGND,li1,80.7300,54.4000,0.000115
FILLER_16_159,VGND,li1,79.3500,54.4000,0.000115
FILLER_16_156,VGND,li1,77.9700,54.4000,0.000112
FILLER_16_153,VGND,li1,76.5900,54.4000,0.000109
FILLER_16_150,VGND,li1,75.2100,54.4000,0.000109
FILLER_16_147,VGND,li1,73.8300,54.4000,0.000106
FILLER_16_144,VGND,li1,72.4500,54.4000,0.000103
FILLER_16_141,VGND,li1,71.0700,54.4000,0.000103
FILLER_16_139,VGND,li1,69.6900,54.4000,0.000100
FILLER_16_136,VGND,li1,68.7700,54.4000,0.000097
FILLER_16_133,VGND,li1,67.3900,54.4000,0.000097
FILLER_16_130,VGND,li1,66.0100,54.4000,0.000094
FILLER_16_127,VGND,li1,64.6300,54.4000,0.000091
FILLER_16_124,VGND,li1,63.2500,54.4000,0.000091
FILLER_16_121,VGND,li1,61.8700,54.4000,0.000088
FILLER_16_118,VGND,li1,60.4900,54.4000,0.000085
FILLER_16_115,VGND,li1,59.1100,54.4000,0.000085
FILLER_16_112,VGND,li1,57.7300,54.4000,0.000082
FILLER_16_109,VGND,li1,56.3500,54.4000,0.000079
FILLER_16_106,VGND,li1,54.9700,54.4000,0.000079
FILLER_16_103,VGND,li1,53.5900,54.4000,0.000076
FILLER_16_100,VGND,li1,52.2100,54.4000,0.000073
FILLER_16_97,VGND,li1,50.8300,54.4000,0.000073
FILLER_16_94,VGND,li1,49.4500,54.4000,0.000069
FILLER_16_91,VGND,li1,48.0700,54.4000,0.000069
FILLER_16_88,VGND,li1,46.6900,54.4000,0.000065
FILLER_16_85,VGND,li1,45.3100,54.4000,0.000062
FILLER_16_83,VGND,li1,43.9300,54.4000,0.000062
FILLER_16_80,VGND,li1,43.0100,54.4000,0.000059
FILLER_16_77,VGND,li1,41.6300,54.4000,0.000059
FILLER_16_74,VGND,li1,40.2500,54.4000,0.000054
FILLER_16_71,VGND,li1,38.8700,54.4000,0.000054
FILLER_16_65,VGND,li1,35.6500,54.4000,0.000047
FILLER_16_62,VGND,li1,34.7300,54.4000,0.000047
FILLER_16_59,VGND,li1,33.3500,54.4000,0.000043
FILLER_16_56,VGND,li1,31.9700,54.4000,0.000040
FILLER_16_53,VGND,li1,30.5900,54.4000,0.000040
FILLER_16_50,VGND,li1,29.2100,54.4000,0.000037
FILLER_16_47,VGND,li1,27.8300,54.4000,0.000033
FILLER_16_44,VGND,li1,26.4500,54.4000,0.000033
FILLER_16_41,VGND,li1,25.0700,54.4000,0.000028
FILLER_16_38,VGND,li1,23.6900,54.4000,0.000028
FILLER_16_35,VGND,li1,22.3100,54.4000,0.000031
FILLER_16_32,VGND,li1,20.9300,54.4000,0.000031
FILLER_16_29,VGND,li1,19.5500,54.4000,0.000033
FILLER_16_27,VGND,li1,18.1700,54.4000,0.000033
FILLER_15_206,VGND,li1,100.5100,54.4000,0.000139
FILLER_15_203,VGND,li1,99.5900,54.4000,0.000137
FILLER_15_172,VGND,li1,84.8700,54.4000,0.000121
FILLER_15_169,VGND,li1,83.9500,54.4000,0.000121
FILLER_15_167,VGND,li1,82.5700,54.4000,0.000118
FILLER_15_164,VGND,li1,81.6500,54.4000,0.000118
FILLER_15_161,VGND,li1,80.2700,54.4000,0.000115
FILLER_15_158,VGND,li1,78.8900,54.4000,0.000112
FILLER_15_155,VGND,li1,77.5100,54.4000,0.000112
FILLER_15_152,VGND,li1,76.1300,54.4000,0.000109
FILLER_15_149,VGND,li1,74.7500,54.4000,0.000106
FILLER_15_146,VGND,li1,73.3700,54.4000,0.000106
FILLER_15_143,VGND,li1,71.9900,54.4000,0.000103
FILLER_15_140,VGND,li1,70.6100,54.4000,0.000100
FILLER_15_137,VGND,li1,69.2300,54.4000,0.000100
FILLER_15_134,VGND,li1,67.8500,54.4000,0.000097
FILLER_15_131,VGND,li1,66.4700,54.4000,0.000094
FILLER_15_128,VGND,li1,65.0900,54.4000,0.000094
FILLER_15_125,VGND,li1,63.7100,54.4000,0.000091
FILLER_15_122,VGND,li1,62.3300,54.4000,0.000088
FILLER_15_119,VGND,li1,60.9500,54.4000,0.000088
FILLER_15_116,VGND,li1,59.5700,54.4000,0.000085
FILLER_15_113,VGND,li1,58.1900,54.4000,0.000082
FILLER_15_110,VGND,li1,56.5800,54.4000,0.000079
FILLER_15_107,VGND,li1,55.4300,54.4000,0.000079
FILLER_15_104,VGND,li1,54.0500,54.4000,0.000076
FILLER_15_101,VGND,li1,52.6700,54.4000,0.000076
FILLER_15_98,VGND,li1,51.2900,54.4000,0.000073
FILLER_15_92,VGND,li1,48.0700,54.4000,0.000069
FILLER_15_89,VGND,li1,47.1500,54.4000,0.000065
FILLER_15_86,VGND,li1,45.7700,54.4000,0.000065
FILLER_15_83,VGND,li1,44.3900,54.4000,0.000062
FILLER_15_80,VGND,li1,43.0100,54.4000,0.000059
FILLER_15_77,VGND,li1,41.6300,54.4000,0.000059
FILLER_15_63,VGND,li1,34.9600,54.4000,0.000047
FILLER_15_60,VGND,li1,33.8100,54.4000,0.000043
FILLER_15_57,VGND,li1,32.4300,54.4000,0.000043
FILLER_15_55,VGND,li1,31.0500,54.4000,0.000040
FILLER_15_52,VGND,li1,30.1300,54.4000,0.000037
FILLER_15_49,VGND,li1,28.7500,54.4000,0.000037
FILLER_15_46,VGND,li1,27.3700,54.4000,0.000033
FILLER_15_6,VGND,li1,8.5100,54.4000,0.000037
FILLER_15_3,VGND,li1,7.5900,54.4000,0.000037
FILLER_14_212,VGND,li1,103.7300,48.9600,0.000132
FILLER_14_209,VGND,li1,102.3500,48.9600,0.000130
FILLER_14_206,VGND,li1,100.9700,48.9600,0.000130
FILLER_14_203,VGND,li1,99.5900,48.9600,0.000128
FILLER_14_200,VGND,li1,98.2100,48.9600,0.000128
FILLER_14_197,VGND,li1,96.8300,48.9600,0.000126
FILLER_14_195,VGND,li1,95.4500,48.9600,0.000126
FILLER_14_180,VGND,li1,88.7800,48.9600,0.000118
FILLER_14_177,VGND,li1,87.6300,48.9600,0.000118
FILLER_14_174,VGND,li1,86.2500,48.9600,0.000116
FILLER_14_171,VGND,li1,84.8700,48.9600,0.000114
FILLER_14_168,VGND,li1,83.4900,48.9600,0.000114
FILLER_14_165,VGND,li1,82.1100,48.9600,0.000112
FILLER_14_162,VGND,li1,80.7300,48.9600,0.000110
FILLER_14_159,VGND,li1,79.3500,48.9600,0.000110
FILLER_14_156,VGND,li1,77.9700,48.9600,0.000108
FILLER_14_153,VGND,li1,76.5900,48.9600,0.000106
FILLER_14_150,VGND,li1,75.2100,48.9600,0.000106
FILLER_14_147,VGND,li1,73.8300,48.9600,0.000104
FILLER_14_144,VGND,li1,72.4500,48.9600,0.000102
FILLER_14_141,VGND,li1,71.0700,48.9600,0.000102
FILLER_14_138,VGND,li1,69.4600,48.9600,0.000100
FILLER_14_135,VGND,li1,68.3100,48.9600,0.000098
FILLER_14_132,VGND,li1,66.9300,48.9600,0.000098
FILLER_14_129,VGND,li1,65.5500,48.9600,0.000096
FILLER_14_126,VGND,li1,64.1700,48.9600,0.000093
FILLER_14_123,VGND,li1,62.7900,48.9600,0.000093
FILLER_14_120,VGND,li1,61.4100,48.9600,0.000092
FILLER_14_105,VGND,li1,54.2800,48.9600,0.000084
FILLER_14_102,VGND,li1,53.1300,48.9600,0.000081
FILLER_14_99,VGND,li1,51.7500,48.9600,0.000081
FILLER_14_88,VGND,li1,46.6900,48.9600,0.000073
FILLER_14_85,VGND,li1,45.3100,48.9600,0.000068
FILLER_14_82,VGND,li1,43.7000,48.9600,0.000068
FILLER_14_79,VGND,li1,42.5500,48.9600,0.000064
FILLER_14_76,VGND,li1,41.1700,48.9600,0.000064
FILLER_14_68,VGND,li1,37.2600,48.9600,0.000055
FILLER_14_65,VGND,li1,36.1100,48.9600,0.000052
FILLER_14_62,VGND,li1,34.7300,48.9600,0.000052
FILLER_14_59,VGND,li1,33.3500,48.9600,0.000048
FILLER_14_53,VGND,li1,30.1300,48.9600,0.000043
FILLER_14_50,VGND,li1,29.2100,48.9600,0.000040
FILLER_14_47,VGND,li1,27.8300,48.9600,0.000036
FILLER_14_44,VGND,li1,26.4500,48.9600,0.000036
FILLER_14_41,VGND,li1,25.0700,48.9600,0.000032
FILLER_14_38,VGND,li1,23.6900,48.9600,0.000034
FILLER_14_35,VGND,li1,22.3100,48.9600,0.000034
FILLER_14_25,VGND,li1,17.7100,48.9600,0.000040
FILLER_14_3,VGND,li1,7.1300,48.9600,0.000050
FILLER_13_218,VGND,li1,106.0300,48.9600,0.000134
FILLER_13_215,VGND,li1,105.1100,48.9600,0.000132
FILLER_13_212,VGND,li1,103.7300,48.9600,0.000132
FILLER_13_209,VGND,li1,102.3500,48.9600,0.000130
FILLER_13_206,VGND,li1,100.9700,48.9600,0.000130
FILLER_13_203,VGND,li1,99.5900,48.9600,0.000128
FILLER_13_200,VGND,li1,98.2100,48.9600,0.000128
FILLER_13_197,VGND,li1,96.8300,48.9600,0.000126
FILLER_13_194,VGND,li1,95.4500,48.9600,0.000126
FILLER_13_184,VGND,li1,90.8500,48.9600,0.000120
FILLER_13_181,VGND,li1,89.4700,48.9600,0.000120
FILLER_13_178,VGND,li1,88.0900,48.9600,0.000118
FILLER_13_175,VGND,li1,86.7100,48.9600,0.000116
FILLER_13_172,VGND,li1,85.3300,48.9600,0.000116
FILLER_13_169,VGND,li1,83.9500,48.9600,0.000114
FILLER_13_167,VGND,li1,82.5700,48.9600,0.000112
FILLER_13_164,VGND,li1,81.6500,48.9600,0.000112
FILLER_13_161,VGND,li1,80.2700,48.9600,0.000110
FILLER_13_158,VGND,li1,78.8900,48.9600,0.000108
FILLER_13_155,VGND,li1,77.5100,48.9600,0.000108
FILLER_13_152,VGND,li1,76.1300,48.9600,0.000106
FILLER_13_149,VGND,li1,74.7500,48.9600,0.000104
FILLER_13_146,VGND,li1,73.3700,48.9600,0.000104
FILLER_13_143,VGND,li1,71.9900,48.9600,0.000102
FILLER_13_140,VGND,li1,70.6100,48.9600,0.000100
FILLER_13_137,VGND,li1,69.2300,48.9600,0.000100
FILLER_13_134,VGND,li1,67.8500,48.9600,0.000098
FILLER_13_131,VGND,li1,66.4700,48.9600,0.000096
FILLER_13_128,VGND,li1,65.0900,48.9600,0.000096
FILLER_13_125,VGND,li1,63.7100,48.9600,0.000093
FILLER_13_122,VGND,li1,62.3300,48.9600,0.000092
FILLER_13_119,VGND,li1,60.9500,48.9600,0.000092
FILLER_13_116,VGND,li1,59.5700,48.9600,0.000089
FILLER_13_113,VGND,li1,58.1900,48.9600,0.000089
FILLER_13_109,VGND,li1,56.3500,48.9600,0.000087
FILLER_13_103,VGND,li1,53.1300,48.9600,0.000081
FILLER_13_100,VGND,li1,52.2100,48.9600,0.000081
FILLER_13_97,VGND,li1,50.8300,48.9600,0.000077
FILLER_13_94,VGND,li1,49.4500,48.9600,0.000077
FILLER_13_91,VGND,li1,48.0700,48.9600,0.000073
FILLER_13_88,VGND,li1,46.6900,48.9600,0.000073
FILLER_13_72,VGND,li1,39.3300,48.9600,0.000060
FILLER_13_69,VGND,li1,37.9500,48.9600,0.000055
FILLER_13_66,VGND,li1,36.5700,48.9600,0.000055
FILLER_13_63,VGND,li1,35.1900,48.9600,0.000052
FILLER_13_60,VGND,li1,33.8100,48.9600,0.000048
FILLER_13_57,VGND,li1,32.4300,48.9600,0.000048
FILLER_13_54,VGND,li1,30.8200,48.9600,0.000043
FILLER_13_51,VGND,li1,29.6700,48.9600,0.000040
FILLER_13_48,VGND,li1,28.2900,48.9600,0.000040
FILLER_13_45,VGND,li1,26.9100,48.9600,0.000036
FILLER_13_42,VGND,li1,25.5300,48.9600,0.000032
FILLER_13_39,VGND,li1,24.1500,48.9600,0.000032
FILLER_13_36,VGND,li1,22.7700,48.9600,0.000034
FILLER_13_33,VGND,li1,21.3900,48.9600,0.000037
FILLER_13_30,VGND,li1,20.0100,48.9600,0.000037
FILLER_13_27,VGND,li1,18.6300,48.9600,0.000040
FILLER_12_207,VGND,li1,101.2000,43.5200,0.000270
FILLER_12_204,VGND,li1,100.0500,43.5200,0.000270
FILLER_12_195,VGND,li1,95.4500,43.5200,0.000258
FILLER_12_192,VGND,li1,94.5300,43.5200,0.000258
FILLER_12_183,VGND,li1,89.9300,43.5200,0.000245
FILLER_12_180,VGND,li1,89.0100,43.5200,0.000245
FILLER_12_177,VGND,li1,87.6300,43.5200,0.000239
FILLER_12_174,VGND,li1,86.2500,43.5200,0.000235
FILLER_12_171,VGND,li1,84.8700,43.5200,0.000235
FILLER_12_168,VGND,li1,83.4900,43.5200,0.000230
FILLER_12_165,VGND,li1,82.1100,43.5200,0.000224
FILLER_12_162,VGND,li1,80.7300,43.5200,0.000224
FILLER_12_159,VGND,li1,79.3500,43.5200,0.000217
FILLER_12_156,VGND,li1,77.9700,43.5200,0.000217
FILLER_12_153,VGND,li1,76.5900,43.5200,0.000211
FILLER_12_150,VGND,li1,75.2100,43.5200,0.000211
FILLER_12_147,VGND,li1,73.8300,43.5200,0.000204
FILLER_12_144,VGND,li1,72.4500,43.5200,0.000204
FILLER_12_141,VGND,li1,71.0700,43.5200,0.000197
FILLER_12_119,VGND,li1,60.9500,43.5200,0.000173
FILLER_12_116,VGND,li1,59.5700,43.5200,0.000167
FILLER_12_88,VGND,li1,46.4600,43.5200,0.000120
FILLER_12_85,VGND,li1,45.3100,43.5200,0.000120
FILLER_12_83,VGND,li1,43.9300,43.5200,0.000114
FILLER_12_80,VGND,li1,43.0100,43.5200,0.000114
FILLER_12_77,VGND,li1,41.6300,43.5200,0.000106
FILLER_12_74,VGND,li1,40.2500,43.5200,0.000100
FILLER_12_71,VGND,li1,38.8700,43.5200,0.000100
FILLER_12_68,VGND,li1,37.4900,43.5200,0.000092
FILLER_12_47,VGND,li1,27.3700,43.5200,0.000054
FILLER_12_44,VGND,li1,26.4500,43.5200,0.000054
FILLER_12_41,VGND,li1,25.0700,43.5200,0.000043
FILLER_12_38,VGND,li1,23.6900,43.5200,0.000043
FILLER_12_35,VGND,li1,22.3100,43.5200,0.000043
FILLER_12_32,VGND,li1,20.9300,43.5200,0.000044
FILLER_12_29,VGND,li1,19.5500,43.5200,0.000044
FILLER_12_25,VGND,li1,17.7100,43.5200,0.000044
FILLER_12_17,VGND,li1,14.0300,43.5200,0.000045
FILLER_12_14,VGND,li1,12.6500,43.5200,0.000045
FILLER_12_11,VGND,li1,11.2700,43.5200,0.000045
FILLER_11_210,VGND,li1,102.3500,43.5200,0.000275
FILLER_11_207,VGND,li1,101.4300,43.5200,0.000270
FILLER_11_184,VGND,li1,90.6200,43.5200,0.000245
FILLER_11_181,VGND,li1,89.4700,43.5200,0.000245
FILLER_11_178,VGND,li1,88.0900,43.5200,0.000239
FILLER_11_175,VGND,li1,86.7100,43.5200,0.000239
FILLER_11_172,VGND,li1,85.3300,43.5200,0.000235
FILLER_11_169,VGND,li1,83.9500,43.5200,0.000230
FILLER_11_165,VGND,li1,82.1100,43.5200,0.000224
FILLER_11_162,VGND,li1,80.7300,43.5200,0.000224
FILLER_11_159,VGND,li1,79.3500,43.5200,0.000217
FILLER_11_156,VGND,li1,77.9700,43.5200,0.000217
FILLER_11_153,VGND,li1,76.5900,43.5200,0.000211
FILLER_11_150,VGND,li1,75.2100,43.5200,0.000211
FILLER_11_147,VGND,li1,73.8300,43.5200,0.000204
FILLER_11_144,VGND,li1,72.4500,43.5200,0.000204
FILLER_11_141,VGND,li1,71.0700,43.5200,0.000197
FILLER_11_138,VGND,li1,69.6900,43.5200,0.000197
FILLER_11_135,VGND,li1,68.3100,43.5200,0.000190
FILLER_11_132,VGND,li1,66.9300,43.5200,0.000190
FILLER_11_129,VGND,li1,65.5500,43.5200,0.000182
FILLER_11_126,VGND,li1,64.1700,43.5200,0.000182
FILLER_11_116,VGND,li1,59.1100,43.5200,0.000167
FILLER_11_113,VGND,li1,58.1900,43.5200,0.000160
FILLER_11_111,VGND,li1,56.8100,43.5200,0.000160
FILLER_11_108,VGND,li1,55.8900,43.5200,0.000153
FILLER_11_105,VGND,li1,54.5100,43.5200,0.000153
FILLER_11_102,VGND,li1,53.1300,43.5200,0.000144
FILLER_11_99,VGND,li1,51.7500,43.5200,0.000144
FILLER_11_96,VGND,li1,50.3700,43.5200,0.000138
FILLER_11_93,VGND,li1,48.9900,43.5200,0.000130
FILLER_11_90,VGND,li1,47.6100,43.5200,0.000130
FILLER_11_87,VGND,li1,46.2300,43.5200,0.000120
FILLER_11_84,VGND,li1,44.8500,43.5200,0.000120
FILLER_11_81,VGND,li1,43.4700,43.5200,0.000114
FILLER_11_78,VGND,li1,42.0900,43.5200,0.000106
FILLER_11_75,VGND,li1,40.7100,43.5200,0.000106
FILLER_11_72,VGND,li1,39.3300,43.5200,0.000100
FILLER_11_69,VGND,li1,37.9500,43.5200,0.000092
FILLER_11_66,VGND,li1,36.5700,43.5200,0.000092
FILLER_11_63,VGND,li1,35.1900,43.5200,0.000082
FILLER_11_60,VGND,li1,33.8100,43.5200,0.000082
FILLER_11_57,VGND,li1,32.4300,43.5200,0.000071
FILLER_11_54,VGND,li1,30.8200,43.5200,0.000071
FILLER_11_39,VGND,li1,23.9200,43.5200,0.000043
FILLER_11_36,VGND,li1,22.7700,43.5200,0.000043
FILLER_11_33,VGND,li1,21.3900,43.5200,0.000043
FILLER_11_30,VGND,li1,20.0100,43.5200,0.000044
FILLER_11_27,VGND,li1,18.6300,43.5200,0.000044
FILLER_11_24,VGND,li1,17.2500,43.5200,0.000045
FILLER_11_21,VGND,li1,15.8700,43.5200,0.000045
FILLER_10_236,VGND,li1,114.5400,38.0800,0.000048
FILLER_10_221,VGND,li1,107.6400,38.0800,0.000047
FILLER_10_218,VGND,li1,106.4900,38.0800,0.000046
FILLER_10_215,VGND,li1,105.1100,38.0800,0.000046
FILLER_10_212,VGND,li1,103.7300,38.0800,0.000046
FILLER_10_209,VGND,li1,102.3500,38.0800,0.000045
FILLER_10_206,VGND,li1,100.9700,38.0800,0.000045
FILLER_10_203,VGND,li1,99.5900,38.0800,0.000044
FILLER_10_200,VGND,li1,98.2100,38.0800,0.000044
FILLER_10_197,VGND,li1,96.8300,38.0800,0.000044
FILLER_10_193,VGND,li1,94.9900,38.0800,0.000043
FILLER_10_186,VGND,li1,91.5400,38.0800,0.000041
FILLER_10_183,VGND,li1,90.3900,38.0800,0.000041
FILLER_10_180,VGND,li1,89.0100,38.0800,0.000040
FILLER_10_177,VGND,li1,87.6300,38.0800,0.000040
FILLER_10_174,VGND,li1,86.2500,38.0800,0.000040
FILLER_10_171,VGND,li1,84.8700,38.0800,0.000039
FILLER_10_168,VGND,li1,83.4900,38.0800,0.000038
FILLER_10_165,VGND,li1,82.1100,38.0800,0.000038
FILLER_10_162,VGND,li1,80.7300,38.0800,0.000037
FILLER_10_159,VGND,li1,79.3500,38.0800,0.000036
FILLER_10_156,VGND,li1,77.9700,38.0800,0.000036
FILLER_10_153,VGND,li1,76.5900,38.0800,0.000036
FILLER_10_150,VGND,li1,75.2100,38.0800,0.000035
FILLER_10_147,VGND,li1,73.8300,38.0800,0.000035
FILLER_10_144,VGND,li1,72.4500,38.0800,0.000034
FILLER_10_141,VGND,li1,71.0700,38.0800,0.000033
FILLER_10_137,VGND,li1,69.2300,38.0800,0.000032
FILLER_10_134,VGND,li1,67.8500,38.0800,0.000032
FILLER_10_131,VGND,li1,66.4700,38.0800,0.000031
FILLER_10_128,VGND,li1,65.0900,38.0800,0.000031
FILLER_10_125,VGND,li1,63.7100,38.0800,0.000030
FILLER_10_122,VGND,li1,62.3300,38.0800,0.000030
FILLER_10_112,VGND,li1,57.2700,38.0800,0.000028
FILLER_10_109,VGND,li1,56.3500,38.0800,0.000027
FILLER_10_106,VGND,li1,54.9700,38.0800,0.000027
FILLER_10_103,VGND,li1,53.5900,38.0800,0.000026
FILLER_10_100,VGND,li1,52.2100,38.0800,0.000025
FILLER_10_97,VGND,li1,50.8300,38.0800,0.000025
FILLER_10_94,VGND,li1,49.4500,38.0800,0.000024
FILLER_10_91,VGND,li1,48.0700,38.0800,0.000023
FILLER_10_88,VGND,li1,46.6900,38.0800,0.000023
FILLER_10_85,VGND,li1,45.3100,38.0800,0.000022
FILLER_10_83,VGND,li1,43.9300,38.0800,0.000021
FILLER_10_80,VGND,li1,43.0100,38.0800,0.000021
FILLER_10_77,VGND,li1,41.6300,38.0800,0.000020
FILLER_10_74,VGND,li1,40.2500,38.0800,0.000019
FILLER_10_71,VGND,li1,38.8700,38.0800,0.000019
FILLER_10_68,VGND,li1,37.4900,38.0800,0.000018
FILLER_10_65,VGND,li1,36.1100,38.0800,0.000017
FILLER_10_62,VGND,li1,34.7300,38.0800,0.000017
FILLER_10_59,VGND,li1,33.3500,38.0800,0.000016
FILLER_10_56,VGND,li1,31.9700,38.0800,0.000015
FILLER_10_53,VGND,li1,30.5900,38.0800,0.000015
FILLER_10_29,VGND,li1,19.3200,38.0800,0.000014
FILLER_10_26,VGND,li1,17.9400,38.0800,0.000014
FILLER_10_23,VGND,li1,16.7900,38.0800,0.000014
FILLER_10_14,VGND,li1,12.1900,38.0800,0.000015
FILLER_10_11,VGND,li1,11.2700,38.0800,0.000015
FILLER_9_223,VGND,li1,108.3300,38.0800,0.000047
FILLER_9_220,VGND,li1,107.4100,38.0800,0.000047
FILLER_9_217,VGND,li1,106.0300,38.0800,0.000046
FILLER_9_214,VGND,li1,104.6500,38.0800,0.000046
FILLER_9_211,VGND,li1,103.2700,38.0800,0.000046
FILLER_9_208,VGND,li1,101.8900,38.0800,0.000045
FILLER_9_205,VGND,li1,100.5100,38.0800,0.000044
FILLER_9_202,VGND,li1,99.1300,38.0800,0.000044
FILLER_9_199,VGND,li1,97.7500,38.0800,0.000044
FILLER_9_196,VGND,li1,96.3700,38.0800,0.000043
FILLER_9_193,VGND,li1,94.9900,38.0800,0.000043
FILLER_9_190,VGND,li1,93.6100,38.0800,0.000042
FILLER_9_187,VGND,li1,92.2300,38.0800,0.000042
FILLER_9_184,VGND,li1,90.8500,38.0800,0.000041
FILLER_9_181,VGND,li1,89.4700,38.0800,0.000040
FILLER_9_178,VGND,li1,88.0900,38.0800,0.000040
FILLER_9_175,VGND,li1,86.7100,38.0800,0.000040
FILLER_9_172,VGND,li1,85.3300,38.0800,0.000039
FILLER_9_169,VGND,li1,83.9500,38.0800,0.000039
FILLER_9_167,VGND,li1,82.5700,38.0800,0.000038
FILLER_9_164,VGND,li1,81.6500,38.0800,0.000037
FILLER_9_161,VGND,li1,80.2700,38.0800,0.000037
FILLER_9_158,VGND,li1,78.8900,38.0800,0.000036
FILLER_9_155,VGND,li1,77.5100,38.0800,0.000036
FILLER_9_152,VGND,li1,76.1300,38.0800,0.000036
FILLER_9_149,VGND,li1,74.7500,38.0800,0.000035
FILLER_9_146,VGND,li1,73.3700,38.0800,0.000034
FILLER_9_143,VGND,li1,71.9900,38.0800,0.000034
FILLER_9_140,VGND,li1,70.6100,38.0800,0.000033
FILLER_9_137,VGND,li1,69.2300,38.0800,0.000032
FILLER_9_134,VGND,li1,67.8500,38.0800,0.000032
FILLER_9_131,VGND,li1,66.4700,38.0800,0.000031
FILLER_9_128,VGND,li1,65.0900,38.0800,0.000031
FILLER_9_125,VGND,li1,63.7100,38.0800,0.000030
FILLER_9_122,VGND,li1,62.3300,38.0800,0.000030
FILLER_9_119,VGND,li1,60.9500,38.0800,0.000029
FILLER_9_116,VGND,li1,59.5700,38.0800,0.000029
FILLER_9_113,VGND,li1,58.1900,38.0800,0.000028
FILLER_9_111,VGND,li1,56.8100,38.0800,0.000028
FILLER_9_108,VGND,li1,55.8900,38.0800,0.000027
FILLER_9_105,VGND,li1,54.5100,38.0800,0.000026
FILLER_9_102,VGND,li1,53.1300,38.0800,0.000026
FILLER_9_99,VGND,li1,51.7500,38.0800,0.000025
FILLER_9_96,VGND,li1,50.3700,38.0800,0.000024
FILLER_9_93,VGND,li1,48.9900,38.0800,0.000024
FILLER_9_90,VGND,li1,47.6100,38.0800,0.000023
FILLER_9_87,VGND,li1,46.2300,38.0800,0.000022
FILLER_9_84,VGND,li1,44.8500,38.0800,0.000022
FILLER_9_81,VGND,li1,43.4700,38.0800,0.000021
FILLER_9_78,VGND,li1,42.0900,38.0800,0.000020
FILLER_9_75,VGND,li1,40.7100,38.0800,0.000020
FILLER_9_72,VGND,li1,39.3300,38.0800,0.000019
FILLER_9_69,VGND,li1,37.9500,38.0800,0.000018
FILLER_9_66,VGND,li1,36.5700,38.0800,0.000018
FILLER_9_63,VGND,li1,35.1900,38.0800,0.000017
FILLER_9_60,VGND,li1,33.8100,38.0800,0.000016
FILLER_9_57,VGND,li1,32.4300,38.0800,0.000016
FILLER_9_55,VGND,li1,31.0500,38.0800,0.000015
FILLER_9_40,VGND,li1,24.3800,38.0800,0.000013
FILLER_9_37,VGND,li1,23.2300,38.0800,0.000013
FILLER_9_34,VGND,li1,21.8500,38.0800,0.000014
FILLER_9_31,VGND,li1,20.4700,38.0800,0.000014
FILLER_9_28,VGND,li1,19.0900,38.0800,0.000014
FILLER_9_25,VGND,li1,17.7100,38.0800,0.000014
FILLER_9_22,VGND,li1,16.3300,38.0800,0.000014
FILLER_9_14,VGND,li1,12.1900,38.0800,0.000015
FILLER_9_11,VGND,li1,11.2700,38.0800,0.000015
FILLER_8_225,VGND,li1,109.7100,32.6400,0.000209
FILLER_8_222,VGND,li1,108.3300,32.6400,0.000206
FILLER_8_219,VGND,li1,106.9500,32.6400,0.000206
FILLER_8_216,VGND,li1,105.5700,32.6400,0.000202
FILLER_8_213,VGND,li1,104.1900,32.6400,0.000199
FILLER_8_210,VGND,li1,102.8100,32.6400,0.000199
FILLER_8_195,VGND,li1,95.4500,32.6400,0.000185
FILLER_8_192,VGND,li1,94.5300,32.6400,0.000180
FILLER_8_189,VGND,li1,93.1500,32.6400,0.000180
FILLER_8_186,VGND,li1,91.7700,32.6400,0.000174
FILLER_8_183,VGND,li1,90.3900,32.6400,0.000170
FILLER_8_180,VGND,li1,89.0100,32.6400,0.000170
FILLER_8_177,VGND,li1,87.6300,32.6400,0.000165
FILLER_8_174,VGND,li1,86.2500,32.6400,0.000161
FILLER_8_171,VGND,li1,84.8700,32.6400,0.000161
FILLER_8_168,VGND,li1,83.4900,32.6400,0.000156
FILLER_8_165,VGND,li1,82.1100,32.6400,0.000152
FILLER_8_162,VGND,li1,80.7300,32.6400,0.000152
FILLER_8_159,VGND,li1,79.3500,32.6400,0.000148
FILLER_8_156,VGND,li1,77.9700,32.6400,0.000143
FILLER_8_153,VGND,li1,76.5900,32.6400,0.000143
FILLER_8_150,VGND,li1,75.2100,32.6400,0.000139
FILLER_8_147,VGND,li1,73.8300,32.6400,0.000134
FILLER_8_144,VGND,li1,72.4500,32.6400,0.000134
FILLER_8_141,VGND,li1,71.0700,32.6400,0.000130
FILLER_8_139,VGND,li1,69.6900,32.6400,0.000126
FILLER_8_136,VGND,li1,68.7700,32.6400,0.000126
FILLER_8_133,VGND,li1,67.3900,32.6400,0.000121
FILLER_8_130,VGND,li1,66.0100,32.6400,0.000117
FILLER_8_127,VGND,li1,64.6300,32.6400,0.000117
FILLER_8_124,VGND,li1,63.2500,32.6400,0.000112
FILLER_8_121,VGND,li1,61.8700,32.6400,0.000108
FILLER_8_118,VGND,li1,60.4900,32.6400,0.000108
FILLER_8_115,VGND,li1,59.1100,32.6400,0.000103
FILLER_8_112,VGND,li1,57.7300,32.6400,0.000099
FILLER_8_109,VGND,li1,56.3500,32.6400,0.000099
FILLER_8_106,VGND,li1,54.9700,32.6400,0.000095
FILLER_8_103,VGND,li1,53.5900,32.6400,0.000090
FILLER_8_100,VGND,li1,52.2100,32.6400,0.000090
FILLER_8_97,VGND,li1,50.8300,32.6400,0.000086
FILLER_8_94,VGND,li1,49.4500,32.6400,0.000081
FILLER_8_91,VGND,li1,48.0700,32.6400,0.000081
FILLER_8_88,VGND,li1,46.6900,32.6400,0.000077
FILLER_8_85,VGND,li1,45.3100,32.6400,0.000073
FILLER_8_81,VGND,li1,43.4700,32.6400,0.000068
FILLER_8_78,VGND,li1,42.0900,32.6400,0.000068
FILLER_8_75,VGND,li1,40.7100,32.6400,0.000062
FILLER_8_72,VGND,li1,39.3300,32.6400,0.000062
FILLER_8_69,VGND,li1,37.9500,32.6400,0.000056
FILLER_8_66,VGND,li1,36.5700,32.6400,0.000056
FILLER_8_63,VGND,li1,35.1900,32.6400,0.000050
FILLER_8_60,VGND,li1,33.8100,32.6400,0.000050
FILLER_8_57,VGND,li1,32.4300,32.6400,0.000043
FILLER_8_54,VGND,li1,31.0500,32.6400,0.000043
FILLER_8_51,VGND,li1,29.6700,32.6400,0.000037
FILLER_8_48,VGND,li1,28.2900,32.6400,0.000037
FILLER_8_38,VGND,li1,23.4600,32.6400,0.000027
FILLER_8_35,VGND,li1,22.3100,32.6400,0.000027
FILLER_8_32,VGND,li1,20.9300,32.6400,0.000028
FILLER_8_29,VGND,li1,19.5500,32.6400,0.000028
FILLER_8_26,VGND,li1,17.9400,32.6400,0.000028
FILLER_8_23,VGND,li1,16.7900,32.6400,0.000029
FILLER_8_20,VGND,li1,15.4100,32.6400,0.000029
FILLER_8_17,VGND,li1,14.0300,32.6400,0.000030
FILLER_7_228,VGND,li1,110.8600,32.6400,0.000212
FILLER_7_225,VGND,li1,109.7100,32.6400,0.000209
FILLER_7_222,VGND,li1,108.1000,32.6400,0.000206
FILLER_7_206,VGND,li1,100.9700,32.6400,0.000195
FILLER_7_193,VGND,li1,94.7600,32.6400,0.000180
FILLER_7_190,VGND,li1,93.6100,32.6400,0.000180
FILLER_7_187,VGND,li1,92.2300,32.6400,0.000174
FILLER_7_184,VGND,li1,90.8500,32.6400,0.000174
FILLER_7_181,VGND,li1,89.4700,32.6400,0.000170
FILLER_7_178,VGND,li1,88.0900,32.6400,0.000165
FILLER_7_175,VGND,li1,86.7100,32.6400,0.000165
FILLER_7_172,VGND,li1,85.3300,32.6400,0.000161
FILLER_7_169,VGND,li1,83.9500,32.6400,0.000156
FILLER_7_167,VGND,li1,82.5700,32.6400,0.000156
FILLER_7_164,VGND,li1,81.6500,32.6400,0.000152
FILLER_7_161,VGND,li1,80.2700,32.6400,0.000148
FILLER_7_158,VGND,li1,78.8900,32.6400,0.000148
FILLER_7_155,VGND,li1,77.5100,32.6400,0.000143
FILLER_7_152,VGND,li1,76.1300,32.6400,0.000139
FILLER_7_149,VGND,li1,74.7500,32.6400,0.000139
FILLER_7_146,VGND,li1,73.3700,32.6400,0.000134
FILLER_7_143,VGND,li1,71.9900,32.6400,0.000130
FILLER_7_140,VGND,li1,70.6100,32.6400,0.000130
FILLER_7_137,VGND,li1,69.2300,32.6400,0.000126
FILLER_7_134,VGND,li1,67.8500,32.6400,0.000121
FILLER_7_131,VGND,li1,66.4700,32.6400,0.000121
FILLER_7_128,VGND,li1,65.0900,32.6400,0.000117
FILLER_7_125,VGND,li1,63.7100,32.6400,0.000112
FILLER_7_122,VGND,li1,62.3300,32.6400,0.000112
FILLER_7_119,VGND,li1,60.9500,32.6400,0.000108
FILLER_7_116,VGND,li1,59.5700,32.6400,0.000103
FILLER_7_113,VGND,li1,58.1900,32.6400,0.000103
FILLER_7_111,VGND,li1,56.8100,32.6400,0.000099
FILLER_7_108,VGND,li1,55.8900,32.6400,0.000095
FILLER_7_105,VGND,li1,54.5100,32.6400,0.000095
FILLER_7_102,VGND,li1,53.1300,32.6400,0.000090
FILLER_7_99,VGND,li1,51.7500,32.6400,0.000086
FILLER_7_96,VGND,li1,50.3700,32.6400,0.000086
FILLER_7_93,VGND,li1,48.9900,32.6400,0.000081
FILLER_7_90,VGND,li1,47.6100,32.6400,0.000077
FILLER_7_87,VGND,li1,46.2300,32.6400,0.000077
FILLER_7_84,VGND,li1,44.8500,32.6400,0.000073
FILLER_7_81,VGND,li1,43.4700,32.6400,0.000068
FILLER_7_78,VGND,li1,42.0900,32.6400,0.000068
FILLER_7_75,VGND,li1,40.7100,32.6400,0.000062
FILLER_7_72,VGND,li1,39.3300,32.6400,0.000062
FILLER_7_69,VGND,li1,37.9500,32.6400,0.000056
FILLER_7_66,VGND,li1,36.5700,32.6400,0.000056
FILLER_7_63,VGND,li1,35.1900,32.6400,0.000050
FILLER_7_60,VGND,li1,33.8100,32.6400,0.000050
FILLER_7_57,VGND,li1,32.4300,32.6400,0.000043
FILLER_7_54,VGND,li1,30.8200,32.6400,0.000043
FILLER_7_51,VGND,li1,29.6700,32.6400,0.000037
FILLER_7_48,VGND,li1,28.2900,32.6400,0.000037
FILLER_7_45,VGND,li1,26.9100,32.6400,0.000031
FILLER_7_42,VGND,li1,25.5300,32.6400,0.000031
FILLER_7_39,VGND,li1,24.1500,32.6400,0.000027
FILLER_7_36,VGND,li1,22.7700,32.6400,0.000027
FILLER_7_33,VGND,li1,21.3900,32.6400,0.000027
FILLER_7_30,VGND,li1,20.0100,32.6400,0.000028
FILLER_7_27,VGND,li1,18.6300,32.6400,0.000028
FILLER_7_24,VGND,li1,17.2500,32.6400,0.000028
FILLER_7_21,VGND,li1,15.8700,32.6400,0.000029
FILLER_7_11,VGND,li1,11.2700,32.6400,0.000030
FILLER_6_235,VGND,li1,114.3100,27.2000,0.000177
FILLER_6_232,VGND,li1,112.9300,27.2000,0.000177
FILLER_6_218,VGND,li1,106.0300,27.2000,0.000170
FILLER_6_215,VGND,li1,105.1100,27.2000,0.000170
FILLER_6_212,VGND,li1,103.7300,27.2000,0.000168
FILLER_6_209,VGND,li1,102.3500,27.2000,0.000168
FILLER_6_195,VGND,li1,95.4500,27.2000,0.000159
FILLER_6_186,VGND,li1,91.5400,27.2000,0.000153
FILLER_6_183,VGND,li1,90.3900,27.2000,0.000149
FILLER_6_180,VGND,li1,89.0100,27.2000,0.000145
FILLER_6_177,VGND,li1,87.6300,27.2000,0.000145
FILLER_6_174,VGND,li1,86.2500,27.2000,0.000141
FILLER_6_171,VGND,li1,84.8700,27.2000,0.000137
FILLER_6_168,VGND,li1,83.4900,27.2000,0.000137
FILLER_6_165,VGND,li1,82.1100,27.2000,0.000134
FILLER_6_162,VGND,li1,80.7300,27.2000,0.000130
FILLER_6_159,VGND,li1,79.3500,27.2000,0.000130
FILLER_6_156,VGND,li1,77.9700,27.2000,0.000126
FILLER_6_153,VGND,li1,76.5900,27.2000,0.000122
FILLER_6_150,VGND,li1,75.2100,27.2000,0.000122
FILLER_6_147,VGND,li1,73.8300,27.2000,0.000119
FILLER_6_144,VGND,li1,72.4500,27.2000,0.000114
FILLER_6_141,VGND,li1,71.0700,27.2000,0.000114
FILLER_6_139,VGND,li1,69.6900,27.2000,0.000111
FILLER_6_136,VGND,li1,68.7700,27.2000,0.000107
FILLER_6_133,VGND,li1,67.3900,27.2000,0.000107
FILLER_6_130,VGND,li1,66.0100,27.2000,0.000103
FILLER_6_127,VGND,li1,64.6300,27.2000,0.000100
FILLER_6_124,VGND,li1,63.2500,27.2000,0.000100
FILLER_6_121,VGND,li1,61.8700,27.2000,0.000095
FILLER_6_118,VGND,li1,60.4900,27.2000,0.000092
FILLER_6_115,VGND,li1,59.1100,27.2000,0.000092
FILLER_6_112,VGND,li1,57.7300,27.2000,0.000089
FILLER_6_109,VGND,li1,56.3500,27.2000,0.000084
FILLER_6_106,VGND,li1,54.9700,27.2000,0.000084
FILLER_6_103,VGND,li1,53.5900,27.2000,0.000079
FILLER_6_100,VGND,li1,52.2100,27.2000,0.000079
FILLER_6_97,VGND,li1,50.8300,27.2000,0.000074
FILLER_6_94,VGND,li1,49.4500,27.2000,0.000074
FILLER_6_91,VGND,li1,48.0700,27.2000,0.000069
FILLER_6_88,VGND,li1,46.6900,27.2000,0.000069
FILLER_6_85,VGND,li1,45.3100,27.2000,0.000065
FILLER_6_81,VGND,li1,43.4700,27.2000,0.000061
FILLER_6_78,VGND,li1,42.0900,27.2000,0.000058
FILLER_6_75,VGND,li1,40.7100,27.2000,0.000058
FILLER_6_72,VGND,li1,39.3300,27.2000,0.000053
FILLER_6_69,VGND,li1,37.9500,27.2000,0.000050
FILLER_6_66,VGND,li1,36.5700,27.2000,0.000050
FILLER_6_63,VGND,li1,35.1900,27.2000,0.000045
FILLER_6_60,VGND,li1,33.8100,27.2000,0.000045
FILLER_6_57,VGND,li1,32.4300,27.2000,0.000039
FILLER_6_54,VGND,li1,31.0500,27.2000,0.000039
FILLER_6_51,VGND,li1,29.6700,27.2000,0.000035
FILLER_6_48,VGND,li1,28.2900,27.2000,0.000031
FILLER_6_45,VGND,li1,26.9100,27.2000,0.000031
FILLER_6_42,VGND,li1,25.5300,27.2000,0.000026
FILLER_6_39,VGND,li1,24.1500,27.2000,0.000026
FILLER_6_36,VGND,li1,22.7700,27.2000,0.000026
FILLER_6_29,VGND,li1,19.3200,27.2000,0.000028
FILLER_6_27,VGND,li1,18.1700,27.2000,0.000028
FILLER_6_24,VGND,li1,17.2500,27.2000,0.000028
FILLER_6_21,VGND,li1,15.8700,27.2000,0.000028
FILLER_6_14,VGND,li1,12.1900,27.2000,0.000029
FILLER_6_6,VGND,li1,8.9700,27.2000,0.000030
FILLER_6_3,VGND,li1,7.5900,27.2000,0.000030
FILLER_5_228,VGND,li1,110.8600,27.2000,0.000174
FILLER_5_225,VGND,li1,109.7100,27.2000,0.000174
FILLER_5_221,VGND,li1,107.8700,27.2000,0.000173
FILLER_5_218,VGND,li1,106.4900,27.2000,0.000170
FILLER_5_215,VGND,li1,105.1100,27.2000,0.000170
FILLER_5_212,VGND,li1,103.7300,27.2000,0.000168
FILLER_5_209,VGND,li1,102.3500,27.2000,0.000168
FILLER_5_206,VGND,li1,100.9700,27.2000,0.000165
FILLER_5_190,VGND,li1,93.1500,27.2000,0.000153
FILLER_5_187,VGND,li1,92.2300,27.2000,0.000153
FILLER_5_184,VGND,li1,90.8500,27.2000,0.000149
FILLER_5_181,VGND,li1,89.4700,27.2000,0.000149
FILLER_5_178,VGND,li1,88.0900,27.2000,0.000145
FILLER_5_175,VGND,li1,86.7100,27.2000,0.000141
FILLER_5_172,VGND,li1,85.3300,27.2000,0.000141
FILLER_5_169,VGND,li1,83.9500,27.2000,0.000137
FILLER_5_167,VGND,li1,82.5700,27.2000,0.000134
FILLER_5_164,VGND,li1,81.6500,27.2000,0.000134
FILLER_5_161,VGND,li1,80.2700,27.2000,0.000130
FILLER_5_158,VGND,li1,78.8900,27.2000,0.000126
FILLER_5_155,VGND,li1,77.5100,27.2000,0.000126
FILLER_5_152,VGND,li1,76.1300,27.2000,0.000122
FILLER_5_149,VGND,li1,74.7500,27.2000,0.000119
FILLER_5_146,VGND,li1,73.3700,27.2000,0.000119
FILLER_5_143,VGND,li1,71.9900,27.2000,0.000114
FILLER_5_140,VGND,li1,70.6100,27.2000,0.000111
FILLER_5_137,VGND,li1,69.2300,27.2000,0.000111
FILLER_5_134,VGND,li1,67.8500,27.2000,0.000107
FILLER_5_131,VGND,li1,66.4700,27.2000,0.000103
FILLER_5_128,VGND,li1,65.0900,27.2000,0.000103
FILLER_5_125,VGND,li1,63.7100,27.2000,0.000100
FILLER_5_122,VGND,li1,62.3300,27.2000,0.000095
FILLER_5_119,VGND,li1,60.9500,27.2000,0.000095
FILLER_5_116,VGND,li1,59.5700,27.2000,0.000092
FILLER_5_113,VGND,li1,58.1900,27.2000,0.000089
FILLER_5_109,VGND,li1,56.3500,27.2000,0.000084
FILLER_5_106,VGND,li1,54.9700,27.2000,0.000084
FILLER_5_103,VGND,li1,53.5900,27.2000,0.000079
FILLER_5_100,VGND,li1,52.2100,27.2000,0.000079
FILLER_5_97,VGND,li1,50.8300,27.2000,0.000074
FILLER_5_94,VGND,li1,49.4500,27.2000,0.000074
FILLER_5_91,VGND,li1,48.0700,27.2000,0.000069
FILLER_5_88,VGND,li1,46.6900,27.2000,0.000069
FILLER_5_85,VGND,li1,45.3100,27.2000,0.000065
FILLER_5_82,VGND,li1,43.9300,27.2000,0.000061
FILLER_5_79,VGND,li1,42.5500,27.2000,0.000061
FILLER_5_76,VGND,li1,41.1700,27.2000,0.000058
FILLER_5_73,VGND,li1,39.7900,27.2000,0.000053
FILLER_5_70,VGND,li1,38.4100,27.2000,0.000053
FILLER_5_46,VGND,li1,26.9100,27.2000,0.000031
FILLER_5_43,VGND,li1,25.9900,27.2000,0.000026
FILLER_5_40,VGND,li1,24.6100,27.2000,0.000026
FILLER_5_29,VGND,li1,19.0900,27.2000,0.000028
FILLER_5_26,VGND,li1,18.1700,27.2000,0.000028
FILLER_5_23,VGND,li1,16.7900,27.2000,0.000028
FILLER_5_20,VGND,li1,15.4100,27.2000,0.000029
FILLER_5_17,VGND,li1,14.0300,27.2000,0.000029
FILLER_5_3,VGND,li1,7.1300,27.2000,0.000030
FILLER_4_235,VGND,li1,114.3100,21.7600,0.000134
FILLER_4_232,VGND,li1,112.9300,21.7600,0.000134
FILLER_4_217,VGND,li1,105.8000,21.7600,0.000133
FILLER_4_214,VGND,li1,104.6500,21.7600,0.000132
FILLER_4_211,VGND,li1,103.2700,21.7600,0.000132
FILLER_4_206,VGND,li1,100.5100,21.7600,0.000131
FILLER_4_203,VGND,li1,99.5900,21.7600,0.000130
FILLER_4_200,VGND,li1,98.2100,21.7600,0.000130
FILLER_4_197,VGND,li1,96.8300,21.7600,0.000129
FILLER_4_194,VGND,li1,95.2200,21.7600,0.000128
FILLER_4_191,VGND,li1,94.0700,21.7600,0.000128
FILLER_4_181,VGND,li1,89.4700,21.7600,0.000124
FILLER_4_178,VGND,li1,88.0900,21.7600,0.000122
FILLER_4_175,VGND,li1,86.7100,21.7600,0.000122
FILLER_4_159,VGND,li1,79.3500,21.7600,0.000115
FILLER_4_156,VGND,li1,77.9700,21.7600,0.000112
FILLER_4_153,VGND,li1,76.5900,21.7600,0.000111
FILLER_4_150,VGND,li1,75.2100,21.7600,0.000111
FILLER_4_147,VGND,li1,73.8300,21.7600,0.000108
FILLER_4_144,VGND,li1,72.4500,21.7600,0.000106
FILLER_4_141,VGND,li1,71.0700,21.7600,0.000106
FILLER_4_139,VGND,li1,69.6900,21.7600,0.000104
FILLER_4_136,VGND,li1,68.7700,21.7600,0.000104
FILLER_4_133,VGND,li1,67.3900,21.7600,0.000101
FILLER_4_110,VGND,li1,56.8100,21.7600,0.000087
FILLER_4_100,VGND,li1,51.9800,21.7600,0.000078
FILLER_4_97,VGND,li1,50.8300,21.7600,0.000074
FILLER_4_94,VGND,li1,49.4500,21.7600,0.000074
FILLER_4_91,VGND,li1,48.0700,21.7600,0.000071
FILLER_4_88,VGND,li1,46.6900,21.7600,0.000066
FILLER_4_85,VGND,li1,45.3100,21.7600,0.000066
FILLER_4_83,VGND,li1,43.9300,21.7600,0.000063
FILLER_4_80,VGND,li1,43.0100,21.7600,0.000059
FILLER_4_77,VGND,li1,41.6300,21.7600,0.000059
FILLER_4_74,VGND,li1,40.2500,21.7600,0.000055
FILLER_4_71,VGND,li1,38.8700,21.7600,0.000051
FILLER_4_68,VGND,li1,37.4900,21.7600,0.000051
FILLER_4_65,VGND,li1,36.1100,21.7600,0.000047
FILLER_4_41,VGND,li1,25.0700,21.7600,0.000025
FILLER_4_38,VGND,li1,23.6900,21.7600,0.000025
FILLER_4_35,VGND,li1,22.3100,21.7600,0.000025
FILLER_4_32,VGND,li1,20.9300,21.7600,0.000025
FILLER_4_29,VGND,li1,19.5500,21.7600,0.000025
FILLER_4_27,VGND,li1,18.1700,21.7600,0.000025
FILLER_4_24,VGND,li1,17.2500,21.7600,0.000025
FILLER_4_21,VGND,li1,15.8700,21.7600,0.000025
FILLER_4_18,VGND,li1,14.4900,21.7600,0.000025
FILLER_4_15,VGND,li1,13.1100,21.7600,0.000025
FILLER_4_12,VGND,li1,11.7300,21.7600,0.000025
FILLER_4_9,VGND,li1,10.3500,21.7600,0.000025
FILLER_4_6,VGND,li1,8.9700,21.7600,0.000025
FILLER_4_3,VGND,li1,7.5900,21.7600,0.000025
FILLER_3_237,VGND,li1,114.7700,21.7600,0.000134
FILLER_3_234,VGND,li1,113.8500,21.7600,0.000134
FILLER_3_231,VGND,li1,112.4700,21.7600,0.000134
FILLER_3_228,VGND,li1,111.0900,21.7600,0.000134
FILLER_3_225,VGND,li1,109.7100,21.7600,0.000134
FILLER_3_222,VGND,li1,108.1000,21.7600,0.000134
FILLER_3_219,VGND,li1,106.9500,21.7600,0.000133
FILLER_3_216,VGND,li1,105.5700,21.7600,0.000133
FILLER_3_208,VGND,li1,101.4300,21.7600,0.000131
FILLER_3_205,VGND,li1,100.5100,21.7600,0.000131
FILLER_3_181,VGND,li1,89.2400,21.7600,0.000124
FILLER_3_178,VGND,li1,88.0900,21.7600,0.000122
FILLER_3_175,VGND,li1,86.7100,21.7600,0.000122
FILLER_3_172,VGND,li1,85.3300,21.7600,0.000119
FILLER_3_169,VGND,li1,83.9500,21.7600,0.000119
FILLER_3_160,VGND,li1,79.8100,21.7600,0.000115
FILLER_3_157,VGND,li1,78.4300,21.7600,0.000112
FILLER_3_154,VGND,li1,77.0500,21.7600,0.000112
FILLER_3_151,VGND,li1,75.6700,21.7600,0.000111
FILLER_3_148,VGND,li1,74.2900,21.7600,0.000108
FILLER_3_145,VGND,li1,72.9100,21.7600,0.000108
FILLER_3_142,VGND,li1,71.5300,21.7600,0.000106
FILLER_3_139,VGND,li1,70.1500,21.7600,0.000104
FILLER_3_125,VGND,li1,63.2500,21.7600,0.000097
FILLER_3_122,VGND,li1,62.3300,21.7600,0.000094
FILLER_3_119,VGND,li1,60.9500,21.7600,0.000094
FILLER_3_116,VGND,li1,59.5700,21.7600,0.000091
FILLER_3_113,VGND,li1,58.1900,21.7600,0.000087
FILLER_3_111,VGND,li1,56.8100,21.7600,0.000087
FILLER_3_103,VGND,li1,53.1300,21.7600,0.000078
FILLER_3_96,VGND,li1,49.9100,21.7600,0.000074
FILLER_3_93,VGND,li1,48.9900,21.7600,0.000071
FILLER_3_90,VGND,li1,47.6100,21.7600,0.000071
FILLER_3_87,VGND,li1,46.2300,21.7600,0.000066
FILLER_3_84,VGND,li1,44.8500,21.7600,0.000063
FILLER_3_81,VGND,li1,43.4700,21.7600,0.000063
FILLER_3_78,VGND,li1,42.0900,21.7600,0.000059
FILLER_3_75,VGND,li1,40.7100,21.7600,0.000055
FILLER_3_72,VGND,li1,39.3300,21.7600,0.000055
FILLER_3_69,VGND,li1,37.9500,21.7600,0.000051
FILLER_3_66,VGND,li1,36.5700,21.7600,0.000047
FILLER_3_63,VGND,li1,35.1900,21.7600,0.000047
FILLER_3_60,VGND,li1,33.8100,21.7600,0.000041
FILLER_3_57,VGND,li1,32.4300,21.7600,0.000041
FILLER_3_53,VGND,li1,30.5900,21.7600,0.000038
FILLER_3_41,VGND,li1,24.8400,21.7600,0.000025
FILLER_3_30,VGND,li1,20.0100,21.7600,0.000025
FILLER_3_27,VGND,li1,18.6300,21.7600,0.000025
FILLER_3_24,VGND,li1,17.2500,21.7600,0.000025
FILLER_3_21,VGND,li1,15.8700,21.7600,0.000025
FILLER_3_18,VGND,li1,14.4900,21.7600,0.000025
FILLER_3_15,VGND,li1,13.1100,21.7600,0.000025
FILLER_3_12,VGND,li1,11.7300,21.7600,0.000025
FILLER_3_9,VGND,li1,10.3500,21.7600,0.000025
FILLER_3_6,VGND,li1,8.9700,21.7600,0.000025
FILLER_3_3,VGND,li1,7.5900,21.7600,0.000025
FILLER_2_236,VGND,li1,114.5400,16.3200,0.000170
FILLER_2_233,VGND,li1,113.3900,16.3200,0.000170
FILLER_2_230,VGND,li1,112.0100,16.3200,0.000170
FILLER_2_227,VGND,li1,110.6300,16.3200,0.000170
FILLER_2_224,VGND,li1,109.2500,16.3200,0.000170
FILLER_2_221,VGND,li1,107.8700,16.3200,0.000170
FILLER_2_218,VGND,li1,106.4900,16.3200,0.000170
FILLER_2_212,VGND,li1,103.2700,16.3200,0.000170
FILLER_2_209,VGND,li1,102.3500,16.3200,0.000170
FILLER_2_206,VGND,li1,100.9700,16.3200,0.000170
FILLER_2_203,VGND,li1,99.5900,16.3200,0.000170
FILLER_2_200,VGND,li1,98.2100,16.3200,0.000170
FILLER_2_197,VGND,li1,96.8300,16.3200,0.000169
FILLER_2_193,VGND,li1,94.9900,16.3200,0.000168
FILLER_2_190,VGND,li1,93.6100,16.3200,0.000168
FILLER_2_147,VGND,li1,73.6000,16.3200,0.000154
FILLER_2_144,VGND,li1,72.4500,16.3200,0.000150
FILLER_2_141,VGND,li1,71.0700,16.3200,0.000150
FILLER_2_137,VGND,li1,69.2300,16.3200,0.000146
FILLER_2_134,VGND,li1,67.8500,16.3200,0.000141
FILLER_2_131,VGND,li1,66.4700,16.3200,0.000141
FILLER_2_128,VGND,li1,65.0900,16.3200,0.000136
FILLER_2_125,VGND,li1,63.7100,16.3200,0.000136
FILLER_2_112,VGND,li1,57.7300,16.3200,0.000121
FILLER_2_109,VGND,li1,56.3500,16.3200,0.000121
FILLER_2_106,VGND,li1,54.9700,16.3200,0.000117
FILLER_2_103,VGND,li1,53.5900,16.3200,0.000113
FILLER_2_88,VGND,li1,46.6900,16.3200,0.000097
FILLER_2_85,VGND,li1,45.3100,16.3200,0.000097
FILLER_2_81,VGND,li1,43.4700,16.3200,0.000091
FILLER_2_78,VGND,li1,42.0900,16.3200,0.000085
FILLER_2_75,VGND,li1,40.7100,16.3200,0.000085
FILLER_2_72,VGND,li1,39.3300,16.3200,0.000077
FILLER_2_69,VGND,li1,37.9500,16.3200,0.000077
FILLER_2_66,VGND,li1,36.5700,16.3200,0.000069
FILLER_2_63,VGND,li1,35.1900,16.3200,0.000069
FILLER_2_60,VGND,li1,33.8100,16.3200,0.000063
FILLER_2_57,VGND,li1,32.4300,16.3200,0.000056
FILLER_2_54,VGND,li1,31.0500,16.3200,0.000056
FILLER_2_51,VGND,li1,29.6700,16.3200,0.000047
FILLER_2_48,VGND,li1,28.2900,16.3200,0.000047
FILLER_2_45,VGND,li1,26.9100,16.3200,0.000041
FILLER_2_32,VGND,li1,20.9300,16.3200,0.000036
FILLER_2_29,VGND,li1,19.5500,16.3200,0.000036
FILLER_2_27,VGND,li1,18.1700,16.3200,0.000036
FILLER_2_24,VGND,li1,17.2500,16.3200,0.000036
FILLER_2_21,VGND,li1,15.8700,16.3200,0.000036
FILLER_2_18,VGND,li1,14.4900,16.3200,0.000036
FILLER_2_15,VGND,li1,13.1100,16.3200,0.000036
FILLER_2_12,VGND,li1,11.7300,16.3200,0.000036
FILLER_2_9,VGND,li1,10.3500,16.3200,0.000036
FILLER_2_6,VGND,li1,8.9700,16.3200,0.000036
FILLER_2_3,VGND,li1,7.5900,16.3200,0.000036
FILLER_1_237,VGND,li1,114.7700,16.3200,0.000170
FILLER_1_234,VGND,li1,113.8500,16.3200,0.000170
FILLER_1_231,VGND,li1,112.4700,16.3200,0.000170
FILLER_1_228,VGND,li1,111.0900,16.3200,0.000170
FILLER_1_225,VGND,li1,109.7100,16.3200,0.000170
FILLER_1_222,VGND,li1,108.1000,16.3200,0.000170
FILLER_1_219,VGND,li1,106.9500,16.3200,0.000170
FILLER_1_216,VGND,li1,105.5700,16.3200,0.000170
FILLER_1_213,VGND,li1,104.1900,16.3200,0.000170
FILLER_1_166,VGND,li1,82.3400,16.3200,0.000161
FILLER_1_163,VGND,li1,81.1900,16.3200,0.000161
FILLER_1_154,VGND,li1,76.5900,16.3200,0.000156
FILLER_1_151,VGND,li1,75.6700,16.3200,0.000156
FILLER_1_140,VGND,li1,70.6100,16.3200,0.000146
FILLER_1_137,VGND,li1,69.2300,16.3200,0.000146
FILLER_1_134,VGND,li1,67.8500,16.3200,0.000141
FILLER_1_131,VGND,li1,66.4700,16.3200,0.000141
FILLER_1_110,VGND,li1,56.5800,16.3200,0.000121
FILLER_1_101,VGND,li1,52.4400,16.3200,0.000113
FILLER_1_90,VGND,li1,47.6100,16.3200,0.000102
FILLER_1_87,VGND,li1,46.2300,16.3200,0.000097
FILLER_1_80,VGND,li1,43.0100,16.3200,0.000091
FILLER_1_77,VGND,li1,41.6300,16.3200,0.000085
FILLER_1_40,VGND,li1,24.6100,16.3200,0.000035
FILLER_1_24,VGND,li1,17.2500,16.3200,0.000036
FILLER_1_21,VGND,li1,15.8700,16.3200,0.000036
FILLER_1_18,VGND,li1,14.4900,16.3200,0.000036
FILLER_1_15,VGND,li1,13.1100,16.3200,0.000036
FILLER_1_12,VGND,li1,11.7300,16.3200,0.000036
FILLER_1_9,VGND,li1,10.3500,16.3200,0.000036
FILLER_1_6,VGND,li1,8.9700,16.3200,0.000036
FILLER_1_3,VGND,li1,7.5900,16.3200,0.000036
FILLER_0_237,VGND,li1,114.7700,10.8800,0.000185
FILLER_0_234,VGND,li1,113.8500,10.8800,0.000185
FILLER_0_231,VGND,li1,112.4700,10.8800,0.000185
FILLER_0_228,VGND,li1,111.0900,10.8800,0.000185
FILLER_0_225,VGND,li1,109.7100,10.8800,0.000185
FILLER_0_222,VGND,li1,108.1000,10.8800,0.000185
FILLER_0_219,VGND,li1,106.9500,10.8800,0.000185
FILLER_0_216,VGND,li1,105.5700,10.8800,0.000185
FILLER_0_213,VGND,li1,104.1900,10.8800,0.000185
FILLER_0_210,VGND,li1,102.8100,10.8800,0.000185
FILLER_0_194,VGND,li1,95.2200,10.8800,0.000184
FILLER_0_191,VGND,li1,94.0700,10.8800,0.000184
FILLER_0_167,VGND,li1,82.5700,10.8800,0.000182
FILLER_0_129,VGND,li1,65.3200,10.8800,0.000167
FILLER_0_109,VGND,li1,56.3500,10.8800,0.000150
FILLER_0_99,VGND,li1,51.5200,10.8800,0.000138
FILLER_0_81,VGND,li1,43.4700,10.8800,0.000118
FILLER_0_60,VGND,li1,33.5800,10.8800,0.000079
FILLER_0_57,VGND,li1,32.4300,10.8800,0.000071
FILLER_0_47,VGND,li1,27.3700,10.8800,0.000053
FILLER_0_38,VGND,li1,23.2300,10.8800,0.000044
FILLER_0_35,VGND,li1,22.3100,10.8800,0.000044
FILLER_0_32,VGND,li1,20.9300,10.8800,0.000044
FILLER_0_29,VGND,li1,19.5500,10.8800,0.000044
FILLER_0_27,VGND,li1,18.1700,10.8800,0.000044
FILLER_0_24,VGND,li1,17.2500,10.8800,0.000044
FILLER_0_21,VGND,li1,15.8700,10.8800,0.000044
FILLER_0_18,VGND,li1,14.4900,10.8800,0.000044
FILLER_0_15,VGND,li1,13.1100,10.8800,0.000044
FILLER_0_12,VGND,li1,11.7300,10.8800,0.000044
FILLER_0_9,VGND,li1,10.3500,10.8800,0.000044
FILLER_0_6,VGND,li1,8.9700,10.8800,0.000044
FILLER_0_3,VGND,li1,7.5900,10.8800,0.000044
rebuffer138,VGND,li1,25.7600,59.8400,0.000065
rebuffer123,VGND,li1,71.3000,103.3600,0.000054
rebuffer121,VGND,li1,109.9400,81.6000,0.000096
rebuffer120,VGND,li1,113.1600,54.4000,0.000144
rebuffer119,VGND,li1,104.8800,87.0400,0.000111
rebuffer118,VGND,li1,103.9600,92.4800,0.000123
rebuffer117,VGND,li1,97.5200,27.2000,0.000163
rebuffer115,VGND,li1,88.3200,16.3200,0.000166
rebuffer114,VGND,li1,101.6600,21.7600,0.000131
rebuffer113,VGND,li1,109.9400,65.2800,0.000192
rebuffer112,VGND,li1,103.9600,76.1600,0.000128
rebuffer111,VGND,li1,89.7000,92.4800,0.000112
rebuffer110,VGND,li1,92.9200,87.0400,0.000101
rebuffer116,VGND,li1,99.3600,27.2000,0.000165
load_slew109,VGND,li1,108.5600,81.6000,0.000096
load_slew108,VGND,li1,88.7800,54.4000,0.000128
fanout107,VGND,li1,67.1600,108.8000,0.000061
load_slew106,VGND,li1,86.9400,97.9200,0.000119
fanout105,VGND,li1,67.1600,108.8000,0.000061
fanout103,VGND,li1,8.9700,108.8000,0.000040
load_slew102,VGND,li1,15.4100,87.0400,0.000028
fanout101,VGND,li1,11.5000,87.0400,0.000029
load_slew100,VGND,li1,11.2700,32.6400,0.000030
fanout99,VGND,li1,12.1900,54.4000,0.000037
output98,VGND,li1,12.1900,103.3600,0.000032
output97,VGND,li1,109.2500,59.8400,0.000243
output96,VGND,li1,113.1600,43.5200,0.000290
output95,VGND,li1,112.7000,32.6400,0.000215
output94,VGND,li1,113.1600,27.2000,0.000177
output93,VGND,li1,113.1600,32.6400,0.000215
output92,VGND,li1,109.4800,43.5200,0.000286
output91,VGND,li1,106.7200,76.1600,0.000132
output90,VGND,li1,8.9700,108.8000,0.000040
output89,VGND,li1,38.4100,119.6800,0.000057
output88,VGND,li1,113.1600,87.0400,0.000117
output87,VGND,li1,8.9700,92.4800,0.000066
output86,VGND,li1,9.2000,92.4800,0.000066
output85,VGND,li1,51.0600,119.6800,0.000078
output84,VGND,li1,64.1700,114.2400,0.000066
output83,VGND,li1,54.9700,119.6800,0.000082
output82,VGND,li1,12.8800,81.6000,0.000030
output81,VGND,li1,8.9700,59.8400,0.000090
output80,VGND,li1,16.3300,59.8400,0.000084
output79,VGND,li1,8.9700,48.9600,0.000050
output78,VGND,li1,16.5600,59.8400,0.000084
output77,VGND,li1,109.4800,97.9200,0.000140
output76,VGND,li1,44.6200,16.3200,0.000091
output75,VGND,li1,41.4000,10.8800,0.000111
output74,VGND,li1,50.1400,10.8800,0.000138
output73,VGND,li1,46.9200,10.8800,0.000129
output72,VGND,li1,67.8500,10.8800,0.000172
output71,VGND,li1,112.9300,59.8400,0.000246
output70,VGND,li1,72.6800,10.8800,0.000177
output69,VGND,li1,73.1400,16.3200,0.000154
output68,VGND,li1,112.9300,65.2800,0.000195
output67,VGND,li1,113.1600,70.7200,0.000176
output66,VGND,li1,113.1600,97.9200,0.000142
input65,VGND,li1,9.6600,97.9200,0.000027
input64,VGND,li1,113.1600,48.9600,0.000137
input63,VGND,li1,105.8000,43.5200,0.000281
input62,VGND,li1,109.4800,48.9600,0.000136
input61,VGND,li1,80.5000,10.8800,0.000181
input60,VGND,li1,81.8800,16.3200,0.000161
input59,VGND,li1,76.8200,10.8800,0.000179
input58,VGND,li1,105.3400,65.2800,0.000186
input57,VGND,li1,12.8800,108.8000,0.000037
input56,VGND,li1,34.5000,114.2400,0.000030
input55,VGND,li1,106.7200,87.0400,0.000112
input54,VGND,li1,8.7400,87.0400,0.000030
input53,VGND,li1,8.7400,81.6000,0.000031
input52,VGND,li1,42.3200,119.6800,0.000064
input51,VGND,li1,66.7000,114.2400,0.000066
input50,VGND,li1,67.6200,119.6800,0.000085
input49,VGND,li1,8.7400,70.7200,0.000034
input48,VGND,li1,12.4200,70.7200,0.000033
input47,VGND,li1,12.4200,76.1600,0.000022
input46,VGND,li1,8.7400,65.2800,0.000034
input45,VGND,li1,12.8800,48.9600,0.000046
input44,VGND,li1,80.5000,119.6800,0.000086
input43,VGND,li1,8.7400,43.5200,0.000046
input42,VGND,li1,8.7400,38.0800,0.000016
input41,VGND,li1,8.7400,32.6400,0.000031
input40,VGND,li1,25.3000,10.8800,0.000044
input39,VGND,li1,16.1000,54.4000,0.000035
input38,VGND,li1,12.4200,65.2800,0.000034
input37,VGND,li1,50.1400,16.3200,0.000108
input36,VGND,li1,59.3400,10.8800,0.000156
input35,VGND,li1,113.1600,59.8400,0.000246
input34,VGND,li1,113.1600,81.6000,0.000096
input33,VGND,li1,112.7000,103.3600,0.000058
input32,VGND,li1,106.7200,59.8400,0.000238
input31,VGND,li1,113.1600,43.5200,0.000290
input30,VGND,li1,106.7200,54.4000,0.000142
input29,VGND,li1,97.9800,10.8800,0.000185
input28,VGND,li1,85.5600,16.3200,0.000165
input27,VGND,li1,78.6600,16.3200,0.000159
input26,VGND,li1,103.0400,70.7200,0.000165
input25,VGND,li1,8.7400,114.2400,0.000018
input24,VGND,li1,34.5000,119.6800,0.000048
input23,VGND,li1,113.1600,81.6000,0.000096
input22,VGND,li1,15.6400,87.0400,0.000028
input21,VGND,li1,12.4200,92.4800,0.000060
input20,VGND,li1,47.8400,119.6800,0.000073
input19,VGND,li1,60.2600,119.6800,0.000083
input18,VGND,li1,63.9400,119.6800,0.000084
input17,VGND,li1,8.7400,76.1600,0.000023
input16,VGND,li1,8.7400,65.2800,0.000034
input15,VGND,li1,16.1000,70.7200,0.000032
input14,VGND,li1,16.1000,65.2800,0.000033
input13,VGND,li1,16.1000,65.2800,0.000033
input12,VGND,li1,106.7200,92.4800,0.000124
input11,VGND,li1,15.1800,48.9600,0.000044
input10,VGND,li1,8.7400,38.0800,0.000016
input9,VGND,li1,29.4400,10.8800,0.000062
input8,VGND,li1,29.4400,16.3200,0.000047
input7,VGND,li1,8.7400,43.5200,0.000046
input6,VGND,li1,12.4200,65.2800,0.000034
input5,VGND,li1,53.8200,10.8800,0.000145
input4,VGND,li1,63.0200,10.8800,0.000163
input3,VGND,li1,110.8600,76.1600,0.000133
input2,VGND,li1,106.7200,70.7200,0.000170
input1,VGND,li1,113.1600,92.4800,0.000125
TAP_TAPCELL_ROW_39_247,VGND,li1,108.7900,119.3880,0.000086
TAP_TAPCELL_ROW_39_246,VGND,li1,95.9100,119.3880,0.000086
TAP_TAPCELL_ROW_39_245,VGND,li1,83.0300,119.3880,0.000086
TAP_TAPCELL_ROW_39_244,VGND,li1,70.1500,119.3880,0.000085
TAP_TAPCELL_ROW_39_243,VGND,li1,57.2700,119.3880,0.000083
TAP_TAPCELL_ROW_39_242,VGND,li1,44.3900,119.3880,0.000067
TAP_TAPCELL_ROW_39_241,VGND,li1,31.5100,119.3880,0.000037
TAP_TAPCELL_ROW_39_240,VGND,li1,18.6300,119.3880,0.000025
TAP_TAPCELL_ROW_38_239,VGND,li1,95.9100,114.5310,0.000066
TAP_TAPCELL_ROW_38_238,VGND,li1,70.1500,114.5310,0.000066
TAP_TAPCELL_ROW_38_237,VGND,li1,44.3900,114.5310,0.000044
TAP_TAPCELL_ROW_38_236,VGND,li1,18.6300,114.5310,0.000017
TAP_TAPCELL_ROW_37_235,VGND,li1,108.7900,113.9480,0.000066
TAP_TAPCELL_ROW_37_234,VGND,li1,83.0300,113.9480,0.000066
TAP_TAPCELL_ROW_37_233,VGND,li1,57.2700,113.9480,0.000060
TAP_TAPCELL_ROW_37_232,VGND,li1,31.5100,113.9480,0.000027
TAP_TAPCELL_ROW_36_231,VGND,li1,95.9100,109.0910,0.000061
TAP_TAPCELL_ROW_36_230,VGND,li1,70.1500,109.0910,0.000061
TAP_TAPCELL_ROW_36_229,VGND,li1,44.3900,109.0910,0.000048
TAP_TAPCELL_ROW_36_228,VGND,li1,18.6300,109.0910,0.000030
TAP_TAPCELL_ROW_35_227,VGND,li1,108.7900,108.5080,0.000061
TAP_TAPCELL_ROW_35_226,VGND,li1,83.0300,108.5080,0.000061
TAP_TAPCELL_ROW_35_225,VGND,li1,57.2700,108.5080,0.000057
TAP_TAPCELL_ROW_35_224,VGND,li1,31.5100,108.5080,0.000035
TAP_TAPCELL_ROW_34_223,VGND,li1,95.9100,103.6510,0.000056
TAP_TAPCELL_ROW_34_222,VGND,li1,70.1500,103.6510,0.000053
TAP_TAPCELL_ROW_34_221,VGND,li1,44.3900,103.6510,0.000042
TAP_TAPCELL_ROW_34_220,VGND,li1,18.6300,103.6510,0.000029
TAP_TAPCELL_ROW_33_219,VGND,li1,108.7900,103.0680,0.000057
TAP_TAPCELL_ROW_33_218,VGND,li1,83.0300,103.0680,0.000055
TAP_TAPCELL_ROW_33_217,VGND,li1,57.2700,103.0680,0.000051
TAP_TAPCELL_ROW_33_216,VGND,li1,31.5100,103.0680,0.000029
TAP_TAPCELL_ROW_32_215,VGND,li1,95.9100,98.2110,0.000128
TAP_TAPCELL_ROW_32_214,VGND,li1,70.1500,98.2110,0.000094
TAP_TAPCELL_ROW_32_213,VGND,li1,44.3900,98.2110,0.000057
TAP_TAPCELL_ROW_32_212,VGND,li1,18.6300,98.2110,0.000025
TAP_TAPCELL_ROW_31_211,VGND,li1,108.7900,97.6280,0.000140
TAP_TAPCELL_ROW_31_210,VGND,li1,83.0300,97.6280,0.000111
TAP_TAPCELL_ROW_31_209,VGND,li1,57.2700,97.6280,0.000076
TAP_TAPCELL_ROW_31_208,VGND,li1,31.5100,97.6280,0.000037
TAP_TAPCELL_ROW_30_207,VGND,li1,95.9100,92.7710,0.000118
TAP_TAPCELL_ROW_30_206,VGND,li1,70.1500,92.7710,0.000091
TAP_TAPCELL_ROW_30_205,VGND,li1,44.3900,92.7710,0.000064
TAP_TAPCELL_ROW_30_204,VGND,li1,18.6300,92.7710,0.000049
TAP_TAPCELL_ROW_29_203,VGND,li1,108.7900,92.1880,0.000124
TAP_TAPCELL_ROW_29_202,VGND,li1,83.0300,92.1880,0.000106
TAP_TAPCELL_ROW_29_201,VGND,li1,57.2700,92.1880,0.000077
TAP_TAPCELL_ROW_29_200,VGND,li1,31.5100,92.1880,0.000048
TAP_TAPCELL_ROW_28_199,VGND,li1,95.9100,87.3310,0.000104
TAP_TAPCELL_ROW_28_198,VGND,li1,70.1500,87.3310,0.000075
TAP_TAPCELL_ROW_28_197,VGND,li1,44.3900,87.3310,0.000045
TAP_TAPCELL_ROW_28_196,VGND,li1,18.6300,87.3310,0.000027
TAP_TAPCELL_ROW_27_195,VGND,li1,108.7900,86.7480,0.000114
TAP_TAPCELL_ROW_27_194,VGND,li1,83.0300,86.7480,0.000089
TAP_TAPCELL_ROW_27_193,VGND,li1,57.2700,86.7480,0.000059
TAP_TAPCELL_ROW_27_192,VGND,li1,31.5100,86.7480,0.000029
TAP_TAPCELL_ROW_26_191,VGND,li1,95.9100,81.8910,0.000090
TAP_TAPCELL_ROW_26_190,VGND,li1,70.1500,81.8910,0.000065
TAP_TAPCELL_ROW_26_189,VGND,li1,44.3900,81.8910,0.000041
TAP_TAPCELL_ROW_26_188,VGND,li1,18.6300,81.8910,0.000027
TAP_TAPCELL_ROW_25_187,VGND,li1,108.7900,81.3080,0.000096
TAP_TAPCELL_ROW_25_186,VGND,li1,83.0300,81.3080,0.000079
TAP_TAPCELL_ROW_25_185,VGND,li1,57.2700,81.3080,0.000052
TAP_TAPCELL_ROW_25_184,VGND,li1,31.5100,81.3080,0.000026
TAP_TAPCELL_ROW_24_183,VGND,li1,95.9100,76.4510,0.000121
TAP_TAPCELL_ROW_24_182,VGND,li1,70.1500,76.4510,0.000085
TAP_TAPCELL_ROW_24_181,VGND,li1,44.3900,76.4510,0.000046
TAP_TAPCELL_ROW_24_180,VGND,li1,18.6300,76.4510,0.000021
TAP_TAPCELL_ROW_23_179,VGND,li1,108.7900,75.8680,0.000133
TAP_TAPCELL_ROW_23_178,VGND,li1,83.0300,75.8680,0.000103
TAP_TAPCELL_ROW_23_177,VGND,li1,57.2700,75.8680,0.000064
TAP_TAPCELL_ROW_23_176,VGND,li1,31.5100,75.8680,0.000028
TAP_TAPCELL_ROW_22_175,VGND,li1,95.9100,71.0110,0.000152
TAP_TAPCELL_ROW_22_174,VGND,li1,70.1500,71.0110,0.000108
TAP_TAPCELL_ROW_22_173,VGND,li1,44.3900,71.0110,0.000064
TAP_TAPCELL_ROW_22_172,VGND,li1,18.6300,71.0110,0.000031
TAP_TAPCELL_ROW_21_171,VGND,li1,108.7900,70.4280,0.000172
TAP_TAPCELL_ROW_21_170,VGND,li1,83.0300,70.4280,0.000132
TAP_TAPCELL_ROW_21_169,VGND,li1,57.2700,70.4280,0.000086
TAP_TAPCELL_ROW_21_168,VGND,li1,31.5100,70.4280,0.000042
TAP_TAPCELL_ROW_20_167,VGND,li1,95.9100,65.5710,0.000172
TAP_TAPCELL_ROW_20_166,VGND,li1,70.1500,65.5710,0.000120
TAP_TAPCELL_ROW_20_165,VGND,li1,44.3900,65.5710,0.000069
TAP_TAPCELL_ROW_20_164,VGND,li1,18.6300,65.5710,0.000032
TAP_TAPCELL_ROW_19_163,VGND,li1,108.7900,64.9880,0.000189
TAP_TAPCELL_ROW_19_162,VGND,li1,83.0300,64.9880,0.000147
TAP_TAPCELL_ROW_19_161,VGND,li1,57.2700,64.9880,0.000096
TAP_TAPCELL_ROW_19_160,VGND,li1,31.5100,64.9880,0.000042
TAP_TAPCELL_ROW_18_159,VGND,li1,95.9100,60.1310,0.000216
TAP_TAPCELL_ROW_18_158,VGND,li1,70.1500,60.1310,0.000163
TAP_TAPCELL_ROW_18_157,VGND,li1,44.3900,60.1310,0.000110
TAP_TAPCELL_ROW_18_156,VGND,li1,18.6300,60.1310,0.000076
TAP_TAPCELL_ROW_17_155,VGND,li1,108.7900,59.5480,0.000243
TAP_TAPCELL_ROW_17_154,VGND,li1,83.0300,59.5480,0.000189
TAP_TAPCELL_ROW_17_153,VGND,li1,57.2700,59.5480,0.000137
TAP_TAPCELL_ROW_17_152,VGND,li1,31.5100,59.5480,0.000081
TAP_TAPCELL_ROW_16_151,VGND,li1,95.9100,54.6910,0.000136
TAP_TAPCELL_ROW_16_150,VGND,li1,70.1500,54.6910,0.000100
TAP_TAPCELL_ROW_16_149,VGND,li1,44.3900,54.6910,0.000062
TAP_TAPCELL_ROW_16_148,VGND,li1,18.6300,54.6910,0.000033
TAP_TAPCELL_ROW_15_147,VGND,li1,108.7900,54.1080,0.000144
TAP_TAPCELL_ROW_15_146,VGND,li1,83.0300,54.1080,0.000118
TAP_TAPCELL_ROW_15_145,VGND,li1,57.2700,54.1080,0.000082
TAP_TAPCELL_ROW_15_144,VGND,li1,31.5100,54.1080,0.000040
TAP_TAPCELL_ROW_14_143,VGND,li1,95.9100,49.2510,0.000126
TAP_TAPCELL_ROW_14_142,VGND,li1,70.1500,49.2510,0.000100
TAP_TAPCELL_ROW_14_141,VGND,li1,44.3900,49.2510,0.000068
TAP_TAPCELL_ROW_14_140,VGND,li1,18.6300,49.2510,0.000040
TAP_TAPCELL_ROW_13_139,VGND,li1,108.7900,48.6680,0.000136
TAP_TAPCELL_ROW_13_138,VGND,li1,83.0300,48.6680,0.000112
TAP_TAPCELL_ROW_13_137,VGND,li1,57.2700,48.6680,0.000087
TAP_TAPCELL_ROW_13_136,VGND,li1,31.5100,48.6680,0.000043
TAP_TAPCELL_ROW_12_135,VGND,li1,95.9100,43.8110,0.000262
TAP_TAPCELL_ROW_12_134,VGND,li1,70.1500,43.8110,0.000197
TAP_TAPCELL_ROW_12_133,VGND,li1,44.3900,43.8110,0.000114
TAP_TAPCELL_ROW_12_132,VGND,li1,18.6300,43.8110,0.000044
TAP_TAPCELL_ROW_11_131,VGND,li1,108.7900,43.2280,0.000286
TAP_TAPCELL_ROW_11_130,VGND,li1,83.0300,43.2280,0.000230
TAP_TAPCELL_ROW_11_129,VGND,li1,57.2700,43.2280,0.000160
TAP_TAPCELL_ROW_11_128,VGND,li1,31.5100,43.2280,0.000071
TAP_TAPCELL_ROW_10_127,VGND,li1,95.9100,38.3710,0.000043
TAP_TAPCELL_ROW_10_126,VGND,li1,70.1500,38.3710,0.000033
TAP_TAPCELL_ROW_10_125,VGND,li1,44.3900,38.3710,0.000021
TAP_TAPCELL_ROW_10_124,VGND,li1,18.6300,38.3710,0.000014
TAP_TAPCELL_ROW_9_123,VGND,li1,108.7900,37.7880,0.000047
TAP_TAPCELL_ROW_9_122,VGND,li1,83.0300,37.7880,0.000038
TAP_TAPCELL_ROW_9_121,VGND,li1,57.2700,37.7880,0.000028
TAP_TAPCELL_ROW_9_120,VGND,li1,31.5100,37.7880,0.000015
TAP_TAPCELL_ROW_8_119,VGND,li1,95.9100,32.9310,0.000185
TAP_TAPCELL_ROW_8_118,VGND,li1,70.1500,32.9310,0.000126
TAP_TAPCELL_ROW_8_117,VGND,li1,44.3900,32.9310,0.000073
TAP_TAPCELL_ROW_8_116,VGND,li1,18.6300,32.9310,0.000028
TAP_TAPCELL_ROW_7_115,VGND,li1,108.7900,32.3480,0.000209
TAP_TAPCELL_ROW_7_114,VGND,li1,83.0300,32.3480,0.000156
TAP_TAPCELL_ROW_7_113,VGND,li1,57.2700,32.3480,0.000099
TAP_TAPCELL_ROW_7_112,VGND,li1,31.5100,32.3480,0.000043
TAP_TAPCELL_ROW_6_111,VGND,li1,95.9100,27.4910,0.000159
TAP_TAPCELL_ROW_6_110,VGND,li1,70.1500,27.4910,0.000111
TAP_TAPCELL_ROW_6_109,VGND,li1,44.3900,27.4910,0.000065
TAP_TAPCELL_ROW_6_108,VGND,li1,18.6300,27.4910,0.000028
TAP_TAPCELL_ROW_5_107,VGND,li1,108.7900,26.9080,0.000173
TAP_TAPCELL_ROW_5_106,VGND,li1,83.0300,26.9080,0.000134
TAP_TAPCELL_ROW_5_105,VGND,li1,57.2700,26.9080,0.000089
TAP_TAPCELL_ROW_5_104,VGND,li1,31.5100,26.9080,0.000039
TAP_TAPCELL_ROW_4_103,VGND,li1,95.9100,22.0510,0.000129
TAP_TAPCELL_ROW_4_102,VGND,li1,70.1500,22.0510,0.000104
TAP_TAPCELL_ROW_4_101,VGND,li1,44.3900,22.0510,0.000063
TAP_TAPCELL_ROW_4_100,VGND,li1,18.6300,22.0510,0.000025
TAP_TAPCELL_ROW_3_99,VGND,li1,108.7900,21.4680,0.000134
TAP_TAPCELL_ROW_3_98,VGND,li1,83.0300,21.4680,0.000117
TAP_TAPCELL_ROW_3_97,VGND,li1,57.2700,21.4680,0.000087
TAP_TAPCELL_ROW_3_96,VGND,li1,31.5100,21.4680,0.000038
TAP_TAPCELL_ROW_2_95,VGND,li1,95.9100,16.6110,0.000169
TAP_TAPCELL_ROW_2_94,VGND,li1,70.1500,16.6110,0.000146
TAP_TAPCELL_ROW_2_93,VGND,li1,44.3900,16.6110,0.000091
TAP_TAPCELL_ROW_2_92,VGND,li1,18.6300,16.6110,0.000036
TAP_TAPCELL_ROW_1_91,VGND,li1,108.7900,16.0280,0.000170
TAP_TAPCELL_ROW_1_90,VGND,li1,83.0300,16.0280,0.000163
TAP_TAPCELL_ROW_1_89,VGND,li1,57.2700,16.0280,0.000121
TAP_TAPCELL_ROW_1_88,VGND,li1,31.5100,16.0280,0.000056
TAP_TAPCELL_ROW_0_87,VGND,li1,108.7900,11.1710,0.000185
TAP_TAPCELL_ROW_0_86,VGND,li1,95.9100,11.1710,0.000185
TAP_TAPCELL_ROW_0_85,VGND,li1,83.0300,11.1710,0.000182
TAP_TAPCELL_ROW_0_84,VGND,li1,70.1500,11.1710,0.000174
TAP_TAPCELL_ROW_0_83,VGND,li1,57.2700,11.1710,0.000150
TAP_TAPCELL_ROW_0_82,VGND,li1,44.3900,11.1710,0.000118
TAP_TAPCELL_ROW_0_81,VGND,li1,31.5100,11.1710,0.000071
TAP_TAPCELL_ROW_0_80,VGND,li1,18.6300,11.1710,0.000044
PHY_EDGE_ROW_39_Left_79,VGND,li1,6.2100,119.6800,0.000025
PHY_EDGE_ROW_38_Left_78,VGND,li1,6.2100,114.2400,0.000018
PHY_EDGE_ROW_37_Left_77,VGND,li1,6.2100,114.2400,0.000018
PHY_EDGE_ROW_36_Left_76,VGND,li1,6.2100,108.8000,0.000040
PHY_EDGE_ROW_35_Left_75,VGND,li1,6.2100,108.8000,0.000040
PHY_EDGE_ROW_34_Left_74,VGND,li1,6.2100,103.3600,0.000032
PHY_EDGE_ROW_33_Left_73,VGND,li1,6.2100,103.3600,0.000032
PHY_EDGE_ROW_32_Left_72,VGND,li1,6.2100,97.9200,0.000027
PHY_EDGE_ROW_31_Left_71,VGND,li1,6.2100,97.9200,0.000027
PHY_EDGE_ROW_30_Left_70,VGND,li1,6.2100,92.4800,0.000066
PHY_EDGE_ROW_29_Left_69,VGND,li1,6.2100,92.4800,0.000066
PHY_EDGE_ROW_28_Left_68,VGND,li1,6.2100,87.0400,0.000030
PHY_EDGE_ROW_27_Left_67,VGND,li1,6.2100,87.0400,0.000030
PHY_EDGE_ROW_26_Left_66,VGND,li1,6.2100,81.6000,0.000031
PHY_EDGE_ROW_25_Left_65,VGND,li1,6.2100,81.6000,0.000031
PHY_EDGE_ROW_24_Left_64,VGND,li1,6.2100,76.1600,0.000023
PHY_EDGE_ROW_23_Left_63,VGND,li1,6.2100,76.1600,0.000023
PHY_EDGE_ROW_22_Left_62,VGND,li1,6.2100,70.7200,0.000034
PHY_EDGE_ROW_21_Left_61,VGND,li1,6.2100,70.7200,0.000034
PHY_EDGE_ROW_20_Left_60,VGND,li1,6.2100,65.2800,0.000034
PHY_EDGE_ROW_19_Left_59,VGND,li1,6.2100,65.2800,0.000034
PHY_EDGE_ROW_18_Left_58,VGND,li1,6.2100,59.8400,0.000090
PHY_EDGE_ROW_17_Left_57,VGND,li1,6.2100,59.8400,0.000090
PHY_EDGE_ROW_16_Left_56,VGND,li1,6.2100,54.4000,0.000037
PHY_EDGE_ROW_15_Left_55,VGND,li1,6.2100,54.4000,0.000037
PHY_EDGE_ROW_14_Left_54,VGND,li1,6.2100,48.9600,0.000050
PHY_EDGE_ROW_13_Left_53,VGND,li1,6.2100,48.9600,0.000050
PHY_EDGE_ROW_12_Left_52,VGND,li1,6.2100,43.5200,0.000046
PHY_EDGE_ROW_11_Left_51,VGND,li1,6.2100,43.5200,0.000046
PHY_EDGE_ROW_10_Left_50,VGND,li1,6.2100,38.0800,0.000016
PHY_EDGE_ROW_9_Left_49,VGND,li1,6.2100,38.0800,0.000016
PHY_EDGE_ROW_8_Left_48,VGND,li1,6.2100,32.6400,0.000031
PHY_EDGE_ROW_7_Left_47,VGND,li1,6.2100,32.6400,0.000031
PHY_EDGE_ROW_6_Left_46,VGND,li1,6.2100,27.2000,0.000030
PHY_EDGE_ROW_5_Left_45,VGND,li1,6.2100,27.2000,0.000030
PHY_EDGE_ROW_4_Left_44,VGND,li1,6.2100,21.7600,0.000025
PHY_EDGE_ROW_3_Left_43,VGND,li1,6.2100,21.7600,0.000025
PHY_EDGE_ROW_2_Left_42,VGND,li1,6.2100,16.3200,0.000036
PHY_EDGE_ROW_1_Left_41,VGND,li1,6.2100,16.3200,0.000036
PHY_EDGE_ROW_0_Left_40,VGND,li1,6.2100,10.8800,0.000044
PHY_EDGE_ROW_39_Right_39,VGND,li1,115.6900,119.6800,0.000086
PHY_EDGE_ROW_38_Right_38,VGND,li1,115.6900,114.2400,0.000066
PHY_EDGE_ROW_37_Right_37,VGND,li1,115.6900,114.2400,0.000066
PHY_EDGE_ROW_36_Right_36,VGND,li1,115.6900,108.8000,0.000061
PHY_EDGE_ROW_35_Right_35,VGND,li1,115.6900,108.8000,0.000061
PHY_EDGE_ROW_34_Right_34,VGND,li1,115.6900,103.3600,0.000058
PHY_EDGE_ROW_33_Right_33,VGND,li1,115.6900,103.3600,0.000058
PHY_EDGE_ROW_32_Right_32,VGND,li1,115.6900,97.9200,0.000142
PHY_EDGE_ROW_31_Right_31,VGND,li1,115.6900,97.9200,0.000142
PHY_EDGE_ROW_30_Right_30,VGND,li1,115.6900,92.4800,0.000125
PHY_EDGE_ROW_29_Right_29,VGND,li1,115.6900,92.4800,0.000125
PHY_EDGE_ROW_28_Right_28,VGND,li1,115.6900,87.0400,0.000117
PHY_EDGE_ROW_27_Right_27,VGND,li1,115.6900,87.0400,0.000117
PHY_EDGE_ROW_26_Right_26,VGND,li1,115.6900,81.6000,0.000096
PHY_EDGE_ROW_25_Right_25,VGND,li1,115.6900,81.6000,0.000096
PHY_EDGE_ROW_24_Right_24,VGND,li1,115.6900,76.1600,0.000133
PHY_EDGE_ROW_23_Right_23,VGND,li1,115.6900,76.1600,0.000133
PHY_EDGE_ROW_22_Right_22,VGND,li1,115.6900,70.7200,0.000176
PHY_EDGE_ROW_21_Right_21,VGND,li1,115.6900,70.7200,0.000176
PHY_EDGE_ROW_20_Right_20,VGND,li1,115.6900,65.2800,0.000195
PHY_EDGE_ROW_19_Right_19,VGND,li1,115.6900,65.2800,0.000195
PHY_EDGE_ROW_18_Right_18,VGND,li1,115.6900,59.8400,0.000246
PHY_EDGE_ROW_17_Right_17,VGND,li1,115.6900,59.8400,0.000246
PHY_EDGE_ROW_16_Right_16,VGND,li1,115.6900,54.4000,0.000144
PHY_EDGE_ROW_15_Right_15,VGND,li1,115.6900,54.4000,0.000144
PHY_EDGE_ROW_14_Right_14,VGND,li1,115.6900,48.9600,0.000137
PHY_EDGE_ROW_13_Right_13,VGND,li1,115.6900,48.9600,0.000137
PHY_EDGE_ROW_12_Right_12,VGND,li1,115.6900,43.5200,0.000290
PHY_EDGE_ROW_11_Right_11,VGND,li1,115.6900,43.5200,0.000290
PHY_EDGE_ROW_10_Right_10,VGND,li1,115.6900,38.0800,0.000048
PHY_EDGE_ROW_9_Right_9,VGND,li1,115.6900,38.0800,0.000048
PHY_EDGE_ROW_8_Right_8,VGND,li1,115.6900,32.6400,0.000215
PHY_EDGE_ROW_7_Right_7,VGND,li1,115.6900,32.6400,0.000215
PHY_EDGE_ROW_6_Right_6,VGND,li1,115.6900,27.2000,0.000177
PHY_EDGE_ROW_5_Right_5,VGND,li1,115.6900,27.2000,0.000177
PHY_EDGE_ROW_4_Right_4,VGND,li1,115.6900,21.7600,0.000134
PHY_EDGE_ROW_3_Right_3,VGND,li1,115.6900,21.7600,0.000134
PHY_EDGE_ROW_2_Right_2,VGND,li1,115.6900,16.3200,0.000170
PHY_EDGE_ROW_1_Right_1,VGND,li1,115.6900,16.3200,0.000170
PHY_EDGE_ROW_0_Right_0,VGND,li1,115.6900,10.8800,0.000185
_448_,VGND,li1,39.3300,54.4000,0.000054
_447_,VGND,li1,39.1000,48.9600,0.000060
_446_,VGND,li1,37.0300,54.4000,0.000050
_445_,VGND,li1,36.5700,54.4000,0.000050
_444_,VGND,li1,49.4500,54.4000,0.000069
_443_,VGND,li1,42.5500,59.8400,0.000106
_442_,VGND,li1,46.0000,59.8400,0.000110
_441_,VGND,li1,39.7900,59.8400,0.000099
_440_,VGND,li1,41.1700,65.2800,0.000060
_439_,VGND,li1,54.9700,21.7600,0.000083
_438_,VGND,li1,51.2900,16.3200,0.000108
_437_,VGND,li1,51.5200,21.7600,0.000078
_436_,VGND,li1,48.5300,16.3200,0.000102
_435_,VGND,li1,54.5100,16.3200,0.000117
_434_,VGND,li1,61.8700,16.3200,0.000133
_433_,VGND,li1,64.6300,16.3200,0.000136
_432_,VGND,li1,59.5700,16.3200,0.000128
_431_,VGND,li1,60.4900,16.3200,0.000128
_430_,VGND,li1,68.5400,43.5200,0.000190
_429_,VGND,li1,91.7700,54.4000,0.000132
_428_,VGND,li1,93.1500,76.1600,0.000118
_427_,VGND,li1,87.6300,76.1600,0.000109
_426_,VGND,li1,89.9300,81.6000,0.000085
_425_,VGND,li1,101.4300,87.0400,0.000107
_424_,VGND,li1,101.8900,92.4800,0.000122
_423_,VGND,li1,97.9800,92.4800,0.000119
_422_,VGND,li1,88.3200,70.7200,0.000141
_421_,VGND,li1,84.4100,65.2800,0.000151
_420_,VGND,li1,104.1900,81.6000,0.000094
_419_,VGND,li1,90.6200,92.4800,0.000114
_418_,VGND,li1,92.2300,92.4800,0.000114
_417_,VGND,li1,93.8400,87.0400,0.000101
_416_,VGND,li1,99.3600,92.4800,0.000121
_415_,VGND,li1,108.3300,92.4800,0.000124
_414_,VGND,li1,88.3200,97.9200,0.000119
_413_,VGND,li1,106.2600,81.6000,0.000095
_412_,VGND,li1,101.4300,81.6000,0.000092
_411_,VGND,li1,103.7300,87.0400,0.000109
_410_,VGND,li1,85.1000,70.7200,0.000136
_409_,VGND,li1,84.6400,70.7200,0.000136
_408_,VGND,li1,84.4100,65.2800,0.000151
_407_,VGND,li1,81.1900,65.2800,0.000143
_406_,VGND,li1,95.6800,54.4000,0.000136
_405_,VGND,li1,103.0400,54.4000,0.000141
_404_,VGND,li1,94.0700,65.2800,0.000169
_403_,VGND,li1,99.3600,70.7200,0.000159
_402_,VGND,li1,97.7500,32.6400,0.000190
_401_,VGND,li1,94.0700,43.5200,0.000258
_400_,VGND,li1,83.0300,21.7600,0.000117
_399_,VGND,li1,92.0000,43.5200,0.000252
_398_,VGND,li1,93.1500,38.0800,0.000042
_397_,VGND,li1,93.6100,27.2000,0.000156
_396_,VGND,li1,91.7700,21.7600,0.000126
_395_,VGND,li1,91.0800,16.3200,0.000168
_394_,VGND,li1,100.5100,27.2000,0.000165
_393_,VGND,li1,98.4400,16.3200,0.000170
_392_,VGND,li1,100.9700,10.8800,0.000185
_391_,VGND,li1,104.6500,16.3200,0.000170
_390_,VGND,li1,88.3200,16.3200,0.000166
_389_,VGND,li1,94.7600,21.7600,0.000128
_388_,VGND,li1,88.3200,10.8800,0.000184
_387_,VGND,li1,81.6500,21.7600,0.000117
_386_,VGND,li1,77.0500,16.3200,0.000156
_385_,VGND,li1,93.1500,48.9600,0.000123
_384_,VGND,li1,97.7500,43.5200,0.000266
_383_,VGND,li1,92.2300,48.9600,0.000123
_382_,VGND,li1,102.8100,54.4000,0.000141
_381_,VGND,li1,108.7900,54.4000,0.000144
_380_,VGND,li1,103.7300,59.8400,0.000232
_379_,VGND,li1,99.5900,54.4000,0.000137
_378_,VGND,li1,112.0100,54.4000,0.000144
_377_,VGND,li1,111.0900,38.0800,0.000048
_376_,VGND,li1,110.1700,43.5200,0.000286
_375_,VGND,li1,112.0100,38.0800,0.000048
_374_,VGND,li1,106.7200,70.7200,0.000170
_373_,VGND,li1,113.8500,76.1600,0.000133
_372_,VGND,li1,109.4800,76.1600,0.000133
_371_,VGND,li1,101.2000,65.2800,0.000179
_370_,VGND,li1,94.3000,65.2800,0.000169
_369_,VGND,li1,14.0300,97.9200,0.000026
_368_,VGND,li1,55.8900,43.5200,0.000153
_367_,VGND,li1,49.9100,43.5200,0.000138
_366_,VGND,li1,57.7300,48.9600,0.000087
_365_,VGND,li1,54.5100,48.9600,0.000084
_364_,VGND,li1,61.4100,43.5200,0.000173
_363_,VGND,li1,63.7100,21.7600,0.000097
_362_,VGND,li1,59.1100,21.7600,0.000091
_361_,VGND,li1,66.4700,21.7600,0.000101
_360_,VGND,li1,112.0100,70.7200,0.000176
_359_,VGND,li1,105.5700,59.8400,0.000238
_358_,VGND,li1,110.1700,65.2800,0.000192
_357_,VGND,li1,106.0300,48.9600,0.000134
_356_,VGND,li1,112.0100,48.9600,0.000137
_355_,VGND,li1,107.4100,48.9600,0.000134
_354_,VGND,li1,105.5700,43.5200,0.000281
_353_,VGND,li1,102.8100,43.5200,0.000275
_352_,VGND,li1,98.9000,43.5200,0.000266
_351_,VGND,li1,99.1300,32.6400,0.000190
_350_,VGND,li1,94.9900,27.2000,0.000156
_349_,VGND,li1,109.2500,21.7600,0.000134
_348_,VGND,li1,103.2700,21.7600,0.000132
_347_,VGND,li1,109.2500,27.2000,0.000173
_346_,VGND,li1,97.7500,27.2000,0.000163
_345_,VGND,li1,104.6500,32.6400,0.000202
_344_,VGND,li1,92.9200,59.8400,0.000211
_343_,VGND,li1,92.6900,76.1600,0.000118
_342_,VGND,li1,93.1500,81.6000,0.000088
_341_,VGND,li1,92.6900,81.6000,0.000088
_340_,VGND,li1,90.8500,87.0400,0.000099
_339_,VGND,li1,112.0100,97.9200,0.000142
_338_,VGND,li1,110.6300,87.0400,0.000115
_337_,VGND,li1,112.0100,92.4800,0.000125
_336_,VGND,li1,13.5700,103.3600,0.000032
_335_,VGND,li1,25.7600,103.3600,0.000023
_334_,VGND,li1,17.7100,103.3600,0.000029
_333_,VGND,li1,15.4100,103.3600,0.000030
_332_,VGND,li1,12.1900,108.8000,0.000037
_331_,VGND,li1,10.3500,97.9200,0.000027
_330_,VGND,li1,30.5900,108.8000,0.000035
_329_,VGND,li1,27.1400,103.3600,0.000025
_328_,VGND,li1,16.5600,92.4800,0.000056
_327_,VGND,li1,26.6800,97.9200,0.000027
_326_,VGND,li1,25.9900,108.8000,0.000028
_325_,VGND,li1,29.4400,114.2400,0.000023
_324_,VGND,li1,29.2100,114.2400,0.000023
_323_,VGND,li1,30.1300,119.6800,0.000037
_322_,VGND,li1,26.4500,114.2400,0.000017
_321_,VGND,li1,24.6100,87.0400,0.000025
_320_,VGND,li1,25.7600,81.6000,0.000021
_319_,VGND,li1,16.7900,92.4800,0.000052
_318_,VGND,li1,8.7400,87.0400,0.000030
_317_,VGND,li1,19.5500,87.0400,0.000027
_316_,VGND,li1,12.6500,92.4800,0.000060
_315_,VGND,li1,11.7300,87.0400,0.000029
_314_,VGND,li1,8.0500,81.6000,0.000031
_313_,VGND,li1,26.4500,87.0400,0.000023
_312_,VGND,li1,28.2900,92.4800,0.000045
_311_,VGND,li1,35.8800,97.9200,0.000045
_310_,VGND,li1,39.1000,103.3600,0.000038
_309_,VGND,li1,39.1000,108.8000,0.000043
_308_,VGND,li1,22.3100,92.4800,0.000044
_307_,VGND,li1,12.1900,81.6000,0.000031
_306_,VGND,li1,43.9300,108.8000,0.000048
_305_,VGND,li1,42.3200,103.3600,0.000041
_304_,VGND,li1,53.1300,108.8000,0.000055
_303_,VGND,li1,41.1700,108.8000,0.000046
_302_,VGND,li1,42.0900,114.2400,0.000042
_301_,VGND,li1,42.3200,114.2400,0.000042
_300_,VGND,li1,39.3300,114.2400,0.000038
_299_,VGND,li1,45.7700,114.2400,0.000047
_298_,VGND,li1,54.0500,114.2400,0.000057
_297_,VGND,li1,53.5900,108.8000,0.000055
_296_,VGND,li1,55.6600,103.3600,0.000050
_295_,VGND,li1,54.5100,114.2400,0.000057
_294_,VGND,li1,60.2600,114.2400,0.000062
_293_,VGND,li1,60.0300,114.2400,0.000062
_292_,VGND,li1,63.2500,114.2400,0.000064
_291_,VGND,li1,63.2500,108.8000,0.000059
_290_,VGND,li1,54.0500,103.3600,0.000050
_289_,VGND,li1,52.6700,97.9200,0.000069
_288_,VGND,li1,58.6500,103.3600,0.000051
_287_,VGND,li1,65.3200,103.3600,0.000053
_286_,VGND,li1,61.8700,103.3600,0.000052
_285_,VGND,li1,63.2500,108.8000,0.000059
_284_,VGND,li1,60.9500,108.8000,0.000058
_283_,VGND,li1,36.5700,92.4800,0.000054
_282_,VGND,li1,35.6500,97.9200,0.000045
_281_,VGND,li1,33.5800,92.4800,0.000051
_280_,VGND,li1,30.8200,43.5200,0.000071
_279_,VGND,li1,32.6600,70.7200,0.000042
_278_,VGND,li1,33.3500,70.7200,0.000046
_277_,VGND,li1,31.5100,48.9600,0.000043
_276_,VGND,li1,33.3500,59.8400,0.000085
_275_,VGND,li1,35.1900,87.0400,0.000036
_274_,VGND,li1,30.1300,87.0400,0.000029
_273_,VGND,li1,32.4300,81.6000,0.000029
_272_,VGND,li1,26.4500,81.6000,0.000021
_271_,VGND,li1,31.5100,59.8400,0.000081
_270_,VGND,li1,29.6700,59.8400,0.000076
_269_,VGND,li1,20.4700,70.7200,0.000030
_268_,VGND,li1,23.9200,59.8400,0.000060
_267_,VGND,li1,31.9700,65.2800,0.000042
_266_,VGND,li1,29.2100,70.7200,0.000038
_265_,VGND,li1,29.9000,70.7200,0.000038
_264_,VGND,li1,27.8300,76.1600,0.000023
_263_,VGND,li1,26.4500,70.7200,0.000032
_262_,VGND,li1,21.8500,59.8400,0.000069
_261_,VGND,li1,20.7000,65.2800,0.000031
_260_,VGND,li1,8.5100,54.4000,0.000037
_259_,VGND,li1,12.8800,59.8400,0.000088
_258_,VGND,li1,20.9300,59.8400,0.000069
_257_,VGND,li1,18.6300,70.7200,0.000031
_256_,VGND,li1,17.7100,76.1600,0.000021
_255_,VGND,li1,15.4100,76.1600,0.000022
_254_,VGND,li1,10.3500,76.1600,0.000023
_253_,VGND,li1,11.7300,54.4000,0.000037
_252_,VGND,li1,16.3300,48.9600,0.000044
_251_,VGND,li1,11.2700,59.8400,0.000088
_250_,VGND,li1,10.3500,70.7200,0.000034
_249_,VGND,li1,23.6900,54.4000,0.000028
_248_,VGND,li1,27.3700,43.5200,0.000054
_247_,VGND,li1,28.2900,38.0800,0.000014
_246_,VGND,li1,21.6200,38.0800,0.000014
_245_,VGND,li1,17.7100,54.4000,0.000035
_244_,VGND,li1,20.2400,48.9600,0.000037
_243_,VGND,li1,15.8700,43.5200,0.000045
_242_,VGND,li1,10.3500,48.9600,0.000050
_241_,VGND,li1,27.8300,38.0800,0.000014
_240_,VGND,li1,25.7600,32.6400,0.000031
_239_,VGND,li1,21.6200,27.2000,0.000027
_238_,VGND,li1,29.2100,27.2000,0.000035
_237_,VGND,li1,25.0700,38.0800,0.000012
_236_,VGND,li1,14.2600,38.0800,0.000015
_235_,VGND,li1,14.0300,38.0800,0.000015
_234_,VGND,li1,11.7300,43.5200,0.000045
_233_,VGND,li1,14.0300,43.5200,0.000045
_232_,VGND,li1,34.7300,27.2000,0.000045
_231_,VGND,li1,27.6000,21.7600,0.000032
_230_,VGND,li1,22.5400,21.7600,0.000025
_229_,VGND,li1,33.5800,21.7600,0.000041
_228_,VGND,li1,20.9300,27.2000,0.000027
_227_,VGND,li1,13.8000,27.2000,0.000029
_226_,VGND,li1,13.5700,32.6400,0.000030
_225_,VGND,li1,10.8100,27.2000,0.000029
_224_,VGND,li1,8.0500,32.6400,0.000031
_223_,VGND,li1,37.0300,10.8800,0.000094
_222_,VGND,li1,33.3500,16.3200,0.000063
_221_,VGND,li1,28.7500,21.7600,0.000032
_220_,VGND,li1,10.3500,27.2000,0.000030
_219_,VGND,li1,37.9500,16.3200,0.000077
_218_,VGND,li1,26.4500,16.3200,0.000041
_217_,VGND,li1,22.7700,16.3200,0.000035
_216_,VGND,li1,25.0700,16.3200,0.000035
_215_,VGND,li1,20.9300,16.3200,0.000036
_214_,VGND,li1,35.4200,43.5200,0.000082
_213_,VGND,li1,41.8600,48.9600,0.000064
_212_,VGND,li1,49.2200,48.9600,0.000077
_211_,VGND,li1,54.2800,21.7600,0.000083
_210_,VGND,li1,64.4000,43.5200,0.000182
_209_,VGND,li1,59.5700,38.0800,0.000029
_208_,VGND,li1,44.8500,48.9600,0.000068
