
===========================================================================
report_checks -path_delay max (Setup)
============================================================================
======================= nom_tt_025C_1v80 Corner ===================================

Startpoint: sub (input port clocked by __VIRTUAL_CLK__)
Endpoint: S[21] (output port clocked by __VIRTUAL_CLK__)
Path Group: __VIRTUAL_CLK__
Path Type: max

Fanout         Cap        Slew       Delay        Time   Description
---------------------------------------------------------------------------------------------
                      0.000000    0.000000    0.000000   clock __VIRTUAL_CLK__ (rise edge)
                                  0.000000    0.000000   clock network delay (ideal)
                                  1.000000    1.000000 v input external delay
     1    0.007480    0.019014    0.012749    1.012749 v sub (in)
                                                         sub (net)
                      0.019016    0.000000    1.012749 v input65/A (sky130_fd_sc_hd__buf_8)
     4    0.028045    0.035598    0.124194    1.136943 v input65/X (sky130_fd_sc_hd__buf_8)
                                                         net65 (net)
                      0.035615    0.000763    1.137706 v fanout108/A (sky130_fd_sc_hd__buf_6)
     3    0.017945    0.032241    0.125491    1.263197 v fanout108/X (sky130_fd_sc_hd__buf_6)
                                                         net108 (net)
                      0.032248    0.000496    1.263693 v fanout105/A (sky130_fd_sc_hd__buf_8)
     3    0.016721    0.028786    0.121377    1.385070 v fanout105/X (sky130_fd_sc_hd__buf_8)
                                                         net105 (net)
                      0.028796    0.000734    1.385804 v fanout101/A (sky130_fd_sc_hd__buf_6)
     6    0.027261    0.038467    0.130581    1.516385 v fanout101/X (sky130_fd_sc_hd__buf_6)
                                                         net101 (net)
                      0.038475    0.000579    1.516964 v load_slew102/A (sky130_fd_sc_hd__buf_6)
     5    0.027177    0.038391    0.134845    1.651810 v load_slew102/X (sky130_fd_sc_hd__buf_6)
                                                         net102 (net)
                      0.038407    0.000746    1.652556 v _355_/A1 (sky130_fd_sc_hd__a21boi_2)
     1    0.009490    0.155221    0.167442    1.819998 ^ _355_/Y (sky130_fd_sc_hd__a21boi_2)
                                                         _084_ (net)
                      0.155228    0.000303    1.820301 ^ _356_/B1 (sky130_fd_sc_hd__o21ai_4)
     3    0.021286    0.106325    0.110898    1.931199 v _356_/Y (sky130_fd_sc_hd__o21ai_4)
                                                         _085_ (net)
                      0.106327    0.000647    1.931846 v _360_/B1 (sky130_fd_sc_hd__o2111ai_4)
     3    0.020295    0.253183    0.165048    2.096895 ^ _360_/Y (sky130_fd_sc_hd__o2111ai_4)
                                                         _089_ (net)
                      0.253185    0.001159    2.098053 ^ _377_/B (sky130_fd_sc_hd__nor2_4)
     3    0.018715    0.066626    0.082082    2.180135 v _377_/Y (sky130_fd_sc_hd__nor2_4)
                                                         _106_ (net)
                      0.066655    0.000479    2.180615 v _410_/B (sky130_fd_sc_hd__nand4_4)
     3    0.020238    0.112793    0.124879    2.305493 ^ _410_/Y (sky130_fd_sc_hd__nand4_4)
                                                         _139_ (net)
                      0.112793    0.000622    2.306115 ^ _415_/C (sky130_fd_sc_hd__nand3_4)
     3    0.016441    0.093151    0.110080    2.416195 v _415_/Y (sky130_fd_sc_hd__nand3_4)
                                                         _144_ (net)
                      0.093153    0.000760    2.416955 v _424_/B1 (sky130_fd_sc_hd__o22ai_4)
     4    0.031060    0.288326    0.269956    2.686911 ^ _424_/Y (sky130_fd_sc_hd__o22ai_4)
                                                         _153_ (net)
                      0.288330    0.000905    2.687816 ^ _470_/B1 (sky130_fd_sc_hd__o22ai_4)
     5    0.021963    0.108556    0.164179    2.851995 v _470_/Y (sky130_fd_sc_hd__o22ai_4)
                                                         _195_ (net)
                      0.108557    0.000662    2.852658 v max_cap99/A (sky130_fd_sc_hd__buf_6)
     3    0.027961    0.039008    0.168899    3.021556 v max_cap99/X (sky130_fd_sc_hd__buf_6)
                                                         net99 (net)
                      0.039011    0.000461    3.022018 v _480_/A1 (sky130_fd_sc_hd__a211o_4)
     1    0.009268    0.056598    0.340269    3.362287 v _480_/X (sky130_fd_sc_hd__a211o_4)
                                                         _204_ (net)
                      0.056598    0.000308    3.362594 v _482_/B (sky130_fd_sc_hd__nand2_4)
     1    0.009405    0.049429    0.076782    3.439376 ^ _482_/Y (sky130_fd_sc_hd__nand2_4)
                                                         net79 (net)
                      0.049430    0.000376    3.439752 ^ output79/A (sky130_fd_sc_hd__buf_8)
     1    0.035403    0.067288    0.124251    3.564003 ^ output79/X (sky130_fd_sc_hd__buf_8)
                                                         S[21] (net)
                      0.067305    0.001097    3.565100 ^ S[21] (out)
                                              3.565100   data arrival time

                      0.000000    5.000000    5.000000   clock __VIRTUAL_CLK__ (rise edge)
                                  0.000000    5.000000   clock network delay (ideal)
                                 -0.250000    4.750000   clock uncertainty
                                  0.000000    4.750000   clock reconvergence pessimism
                                 -1.000000    3.750000   output external delay
                                              3.750000   data required time
---------------------------------------------------------------------------------------------
                                              3.750000   data required time
                                             -3.565100   data arrival time
---------------------------------------------------------------------------------------------
                                              0.184899   slack (MET)


Startpoint: sub (input port clocked by __VIRTUAL_CLK__)
Endpoint: S[30] (output port clocked by __VIRTUAL_CLK__)
Path Group: __VIRTUAL_CLK__
Path Type: max

Fanout         Cap        Slew       Delay        Time   Description
---------------------------------------------------------------------------------------------
                      0.000000    0.000000    0.000000   clock __VIRTUAL_CLK__ (rise edge)
                                  0.000000    0.000000   clock network delay (ideal)
                                  1.000000    1.000000 v input external delay
     1    0.007480    0.019014    0.012749    1.012749 v sub (in)
                                                         sub (net)
                      0.019016    0.000000    1.012749 v input65/A (sky130_fd_sc_hd__buf_8)
     4    0.028045    0.035598    0.124194    1.136943 v input65/X (sky130_fd_sc_hd__buf_8)
                                                         net65 (net)
                      0.035615    0.000763    1.137706 v fanout108/A (sky130_fd_sc_hd__buf_6)
     3    0.017945    0.032241    0.125491    1.263197 v fanout108/X (sky130_fd_sc_hd__buf_6)
                                                         net108 (net)
                      0.032248    0.000496    1.263693 v fanout105/A (sky130_fd_sc_hd__buf_8)
     3    0.016721    0.028786    0.121377    1.385070 v fanout105/X (sky130_fd_sc_hd__buf_8)
                                                         net105 (net)
                      0.028796    0.000734    1.385804 v fanout101/A (sky130_fd_sc_hd__buf_6)
     6    0.027261    0.038467    0.130581    1.516385 v fanout101/X (sky130_fd_sc_hd__buf_6)
                                                         net101 (net)
                      0.038475    0.000579    1.516964 v load_slew102/A (sky130_fd_sc_hd__buf_6)
     5    0.027177    0.038391    0.134845    1.651810 v load_slew102/X (sky130_fd_sc_hd__buf_6)
                                                         net102 (net)
                      0.038407    0.000746    1.652556 v _355_/A1 (sky130_fd_sc_hd__a21boi_2)
     1    0.009490    0.155221    0.167442    1.819998 ^ _355_/Y (sky130_fd_sc_hd__a21boi_2)
                                                         _084_ (net)
                      0.155228    0.000303    1.820301 ^ _356_/B1 (sky130_fd_sc_hd__o21ai_4)
     3    0.021286    0.106325    0.110898    1.931199 v _356_/Y (sky130_fd_sc_hd__o21ai_4)
                                                         _085_ (net)
                      0.106327    0.000647    1.931846 v _360_/B1 (sky130_fd_sc_hd__o2111ai_4)
     3    0.020295    0.253183    0.165048    2.096895 ^ _360_/Y (sky130_fd_sc_hd__o2111ai_4)
                                                         _089_ (net)
                      0.253185    0.001159    2.098053 ^ _377_/B (sky130_fd_sc_hd__nor2_4)
     3    0.018715    0.066626    0.082082    2.180135 v _377_/Y (sky130_fd_sc_hd__nor2_4)
                                                         _106_ (net)
                      0.066655    0.000479    2.180615 v _410_/B (sky130_fd_sc_hd__nand4_4)
     3    0.020238    0.112793    0.124879    2.305493 ^ _410_/Y (sky130_fd_sc_hd__nand4_4)
                                                         _139_ (net)
                      0.112793    0.000622    2.306115 ^ _415_/C (sky130_fd_sc_hd__nand3_4)
     3    0.016441    0.093151    0.110080    2.416195 v _415_/Y (sky130_fd_sc_hd__nand3_4)
                                                         _144_ (net)
                      0.093154    0.000890    2.417085 v rebuffer123/A (sky130_fd_sc_hd__buf_4)
     1    0.008730    0.030918    0.165052    2.582137 v rebuffer123/X (sky130_fd_sc_hd__buf_4)
                                                         net123 (net)
                      0.030918    0.000306    2.582442 v _574_/B2 (sky130_fd_sc_hd__o221ai_4)
     3    0.037836    0.357090    0.295193    2.877635 ^ _574_/Y (sky130_fd_sc_hd__o221ai_4)
                                                         _291_ (net)
                      0.357115    0.002357    2.879992 ^ _577_/B (sky130_fd_sc_hd__nand2_8)
     5    0.025262    0.080086    0.104845    2.984837 v _577_/Y (sky130_fd_sc_hd__nand2_8)
                                                         _294_ (net)
                      0.080087    0.000690    2.985528 v _603_/A1 (sky130_fd_sc_hd__a21o_2)
     1    0.008104    0.046596    0.224115    3.209642 v _603_/X (sky130_fd_sc_hd__a21o_2)
                                                         _318_ (net)
                      0.046596    0.000248    3.209890 v _604_/A2 (sky130_fd_sc_hd__o21ai_4)
     1    0.008276    0.118874    0.135655    3.345545 ^ _604_/Y (sky130_fd_sc_hd__o21ai_4)
                                                         net89 (net)
                      0.118874    0.000347    3.345892 ^ output89/A (sky130_fd_sc_hd__buf_6)
     1    0.034661    0.077825    0.157987    3.503879 ^ output89/X (sky130_fd_sc_hd__buf_6)
                                                         S[30] (net)
                      0.077831    0.000777    3.504657 ^ S[30] (out)
                                              3.504657   data arrival time

                      0.000000    5.000000    5.000000   clock __VIRTUAL_CLK__ (rise edge)
                                  0.000000    5.000000   clock network delay (ideal)
                                 -0.250000    4.750000   clock uncertainty
                                  0.000000    4.750000   clock reconvergence pessimism
                                 -1.000000    3.750000   output external delay
                                              3.750000   data required time
---------------------------------------------------------------------------------------------
                                              3.750000   data required time
                                             -3.504657   data arrival time
---------------------------------------------------------------------------------------------
                                              0.245344   slack (MET)


Startpoint: sub (input port clocked by __VIRTUAL_CLK__)
Endpoint: S[23] (output port clocked by __VIRTUAL_CLK__)
Path Group: __VIRTUAL_CLK__
Path Type: max

Fanout         Cap        Slew       Delay        Time   Description
---------------------------------------------------------------------------------------------
                      0.000000    0.000000    0.000000   clock __VIRTUAL_CLK__ (rise edge)
                                  0.000000    0.000000   clock network delay (ideal)
                                  1.000000    1.000000 v input external delay
     1    0.007480    0.019014    0.012749    1.012749 v sub (in)
                                                         sub (net)
                      0.019016    0.000000    1.012749 v input65/A (sky130_fd_sc_hd__buf_8)
     4    0.028045    0.035598    0.124194    1.136943 v input65/X (sky130_fd_sc_hd__buf_8)
                                                         net65 (net)
                      0.035615    0.000763    1.137706 v fanout108/A (sky130_fd_sc_hd__buf_6)
     3    0.017945    0.032241    0.125491    1.263197 v fanout108/X (sky130_fd_sc_hd__buf_6)
                                                         net108 (net)
                      0.032248    0.000496    1.263693 v fanout105/A (sky130_fd_sc_hd__buf_8)
     3    0.016721    0.028786    0.121377    1.385070 v fanout105/X (sky130_fd_sc_hd__buf_8)
                                                         net105 (net)
                      0.028796    0.000734    1.385804 v fanout101/A (sky130_fd_sc_hd__buf_6)
     6    0.027261    0.038467    0.130581    1.516385 v fanout101/X (sky130_fd_sc_hd__buf_6)
                                                         net101 (net)
                      0.038475    0.000579    1.516964 v load_slew102/A (sky130_fd_sc_hd__buf_6)
     5    0.027177    0.038391    0.134845    1.651810 v load_slew102/X (sky130_fd_sc_hd__buf_6)
                                                         net102 (net)
                      0.038407    0.000746    1.652556 v _355_/A1 (sky130_fd_sc_hd__a21boi_2)
     1    0.009490    0.155221    0.167442    1.819998 ^ _355_/Y (sky130_fd_sc_hd__a21boi_2)
                                                         _084_ (net)
                      0.155228    0.000303    1.820301 ^ _356_/B1 (sky130_fd_sc_hd__o21ai_4)
     3    0.021286    0.106325    0.110898    1.931199 v _356_/Y (sky130_fd_sc_hd__o21ai_4)
                                                         _085_ (net)
                      0.106327    0.000647    1.931846 v _360_/B1 (sky130_fd_sc_hd__o2111ai_4)
     3    0.020295    0.253183    0.165048    2.096895 ^ _360_/Y (sky130_fd_sc_hd__o2111ai_4)
                                                         _089_ (net)
                      0.253185    0.001159    2.098053 ^ _377_/B (sky130_fd_sc_hd__nor2_4)
     3    0.018715    0.066626    0.082082    2.180135 v _377_/Y (sky130_fd_sc_hd__nor2_4)
                                                         _106_ (net)
                      0.066655    0.000479    2.180615 v _410_/B (sky130_fd_sc_hd__nand4_4)
     3    0.020238    0.112793    0.124879    2.305493 ^ _410_/Y (sky130_fd_sc_hd__nand4_4)
                                                         _139_ (net)
                      0.112793    0.000622    2.306115 ^ _415_/C (sky130_fd_sc_hd__nand3_4)
     3    0.016441    0.093151    0.110080    2.416195 v _415_/Y (sky130_fd_sc_hd__nand3_4)
                                                         _144_ (net)
                      0.093153    0.000760    2.416955 v _424_/B1 (sky130_fd_sc_hd__o22ai_4)
     4    0.031060    0.288326    0.269956    2.686911 ^ _424_/Y (sky130_fd_sc_hd__o22ai_4)
                                                         _153_ (net)
                      0.288330    0.000905    2.687816 ^ _470_/B1 (sky130_fd_sc_hd__o22ai_4)
     5    0.021963    0.108556    0.164179    2.851995 v _470_/Y (sky130_fd_sc_hd__o22ai_4)
                                                         _195_ (net)
                      0.108558    0.000915    2.852911 v rebuffer128/A (sky130_fd_sc_hd__buf_2)
     1    0.010100    0.039730    0.170265    3.023175 v rebuffer128/X (sky130_fd_sc_hd__buf_2)
                                                         net128 (net)
                      0.039732    0.000381    3.023556 v _511_/A1 (sky130_fd_sc_hd__a211oi_4)
     1    0.009440    0.206103    0.236665    3.260221 ^ _511_/Y (sky130_fd_sc_hd__a211oi_4)
                                                         _233_ (net)
                      0.206103    0.000289    3.260510 ^ _513_/A (sky130_fd_sc_hd__nor2_4)
     1    0.004779    0.044648    0.061215    3.321726 v _513_/Y (sky130_fd_sc_hd__nor2_4)
                                                         net81 (net)
                      0.044648    0.000184    3.321910 v output81/A (sky130_fd_sc_hd__buf_4)
     1    0.036138    0.061137    0.177799    3.499710 v output81/X (sky130_fd_sc_hd__buf_4)
                                                         S[23] (net)
                      0.061183    0.001609    3.501318 v S[23] (out)
                                              3.501318   data arrival time

                      0.000000    5.000000    5.000000   clock __VIRTUAL_CLK__ (rise edge)
                                  0.000000    5.000000   clock network delay (ideal)
                                 -0.250000    4.750000   clock uncertainty
                                  0.000000    4.750000   clock reconvergence pessimism
                                 -1.000000    3.750000   output external delay
                                              3.750000   data required time
---------------------------------------------------------------------------------------------
                                              3.750000   data required time
                                             -3.501318   data arrival time
---------------------------------------------------------------------------------------------
                                              0.248682   slack (MET)


Startpoint: sub (input port clocked by __VIRTUAL_CLK__)
Endpoint: S[28] (output port clocked by __VIRTUAL_CLK__)
Path Group: __VIRTUAL_CLK__
Path Type: max

Fanout         Cap        Slew       Delay        Time   Description
---------------------------------------------------------------------------------------------
                      0.000000    0.000000    0.000000   clock __VIRTUAL_CLK__ (rise edge)
                                  0.000000    0.000000   clock network delay (ideal)
                                  1.000000    1.000000 v input external delay
     1    0.007480    0.019014    0.012749    1.012749 v sub (in)
                                                         sub (net)
                      0.019016    0.000000    1.012749 v input65/A (sky130_fd_sc_hd__buf_8)
     4    0.028045    0.035598    0.124194    1.136943 v input65/X (sky130_fd_sc_hd__buf_8)
                                                         net65 (net)
                      0.035615    0.000763    1.137706 v fanout108/A (sky130_fd_sc_hd__buf_6)
     3    0.017945    0.032241    0.125491    1.263197 v fanout108/X (sky130_fd_sc_hd__buf_6)
                                                         net108 (net)
                      0.032248    0.000496    1.263693 v fanout105/A (sky130_fd_sc_hd__buf_8)
     3    0.016721    0.028786    0.121377    1.385070 v fanout105/X (sky130_fd_sc_hd__buf_8)
                                                         net105 (net)
                      0.028796    0.000734    1.385804 v fanout101/A (sky130_fd_sc_hd__buf_6)
     6    0.027261    0.038467    0.130581    1.516385 v fanout101/X (sky130_fd_sc_hd__buf_6)
                                                         net101 (net)
                      0.038475    0.000579    1.516964 v load_slew102/A (sky130_fd_sc_hd__buf_6)
     5    0.027177    0.038391    0.134845    1.651810 v load_slew102/X (sky130_fd_sc_hd__buf_6)
                                                         net102 (net)
                      0.038407    0.000746    1.652556 v _355_/A1 (sky130_fd_sc_hd__a21boi_2)
     1    0.009490    0.155221    0.167442    1.819998 ^ _355_/Y (sky130_fd_sc_hd__a21boi_2)
                                                         _084_ (net)
                      0.155228    0.000303    1.820301 ^ _356_/B1 (sky130_fd_sc_hd__o21ai_4)
     3    0.021286    0.106325    0.110898    1.931199 v _356_/Y (sky130_fd_sc_hd__o21ai_4)
                                                         _085_ (net)
                      0.106327    0.000647    1.931846 v _360_/B1 (sky130_fd_sc_hd__o2111ai_4)
     3    0.020295    0.253183    0.165048    2.096895 ^ _360_/Y (sky130_fd_sc_hd__o2111ai_4)
                                                         _089_ (net)
                      0.253185    0.001159    2.098053 ^ _377_/B (sky130_fd_sc_hd__nor2_4)
     3    0.018715    0.066626    0.082082    2.180135 v _377_/Y (sky130_fd_sc_hd__nor2_4)
                                                         _106_ (net)
                      0.066655    0.000479    2.180615 v _410_/B (sky130_fd_sc_hd__nand4_4)
     3    0.020238    0.112793    0.124879    2.305493 ^ _410_/Y (sky130_fd_sc_hd__nand4_4)
                                                         _139_ (net)
                      0.112793    0.000622    2.306115 ^ _415_/C (sky130_fd_sc_hd__nand3_4)
     3    0.016441    0.093151    0.110080    2.416195 v _415_/Y (sky130_fd_sc_hd__nand3_4)
                                                         _144_ (net)
                      0.093154    0.000890    2.417085 v rebuffer123/A (sky130_fd_sc_hd__buf_4)
     1    0.008730    0.030918    0.165052    2.582137 v rebuffer123/X (sky130_fd_sc_hd__buf_4)
                                                         net123 (net)
                      0.030918    0.000306    2.582442 v _574_/B2 (sky130_fd_sc_hd__o221ai_4)
     3    0.037836    0.357090    0.295193    2.877635 ^ _574_/Y (sky130_fd_sc_hd__o221ai_4)
                                                         _291_ (net)
                      0.357115    0.002357    2.879992 ^ _577_/B (sky130_fd_sc_hd__nand2_8)
     5    0.025262    0.080086    0.104845    2.984837 v _577_/Y (sky130_fd_sc_hd__nand2_8)
                                                         _294_ (net)
                      0.080086    0.000399    2.985237 v _580_/B1 (sky130_fd_sc_hd__a21o_2)
     1    0.002782    0.033266    0.201559    3.186796 v _580_/X (sky130_fd_sc_hd__a21o_2)
                                                         _297_ (net)
                      0.033266    0.000084    3.186880 v _581_/B (sky130_fd_sc_hd__and2b_4)
     1    0.006947    0.034938    0.165877    3.352757 v _581_/X (sky130_fd_sc_hd__and2b_4)
                                                         net86 (net)
                      0.034938    0.000253    3.353010 v output86/A (sky130_fd_sc_hd__buf_6)
     1    0.034412    0.043795    0.138812    3.491823 v output86/X (sky130_fd_sc_hd__buf_6)
                                                         S[28] (net)
                      0.043812    0.000867    3.492690 v S[28] (out)
                                              3.492690   data arrival time

                      0.000000    5.000000    5.000000   clock __VIRTUAL_CLK__ (rise edge)
                                  0.000000    5.000000   clock network delay (ideal)
                                 -0.250000    4.750000   clock uncertainty
                                  0.000000    4.750000   clock reconvergence pessimism
                                 -1.000000    3.750000   output external delay
                                              3.750000   data required time
---------------------------------------------------------------------------------------------
                                              3.750000   data required time
                                             -3.492690   data arrival time
---------------------------------------------------------------------------------------------
                                              0.257310   slack (MET)


Startpoint: sub (input port clocked by __VIRTUAL_CLK__)
Endpoint: S[22] (output port clocked by __VIRTUAL_CLK__)
Path Group: __VIRTUAL_CLK__
Path Type: max

Fanout         Cap        Slew       Delay        Time   Description
---------------------------------------------------------------------------------------------
                      0.000000    0.000000    0.000000   clock __VIRTUAL_CLK__ (rise edge)
                                  0.000000    0.000000   clock network delay (ideal)
                                  1.000000    1.000000 v input external delay
     1    0.007480    0.019014    0.012749    1.012749 v sub (in)
                                                         sub (net)
                      0.019016    0.000000    1.012749 v input65/A (sky130_fd_sc_hd__buf_8)
     4    0.028045    0.035598    0.124194    1.136943 v input65/X (sky130_fd_sc_hd__buf_8)
                                                         net65 (net)
                      0.035615    0.000763    1.137706 v fanout108/A (sky130_fd_sc_hd__buf_6)
     3    0.017945    0.032241    0.125491    1.263197 v fanout108/X (sky130_fd_sc_hd__buf_6)
                                                         net108 (net)
                      0.032248    0.000496    1.263693 v fanout105/A (sky130_fd_sc_hd__buf_8)
     3    0.016721    0.028786    0.121377    1.385070 v fanout105/X (sky130_fd_sc_hd__buf_8)
                                                         net105 (net)
                      0.028786    0.000417    1.385487 v fanout103/A (sky130_fd_sc_hd__buf_6)
     3    0.012953    0.027680    0.116702    1.502189 v fanout103/X (sky130_fd_sc_hd__buf_6)
                                                         net103 (net)
                      0.027688    0.000439    1.502628 v load_slew104/A (sky130_fd_sc_hd__buf_8)
     8    0.049673    0.049103    0.143306    1.645934 v load_slew104/X (sky130_fd_sc_hd__buf_8)
                                                         net104 (net)
                      0.049234    0.002298    1.648232 v _395_/A (sky130_fd_sc_hd__and2_4)
     4    0.021266    0.049142    0.168417    1.816649 v _395_/X (sky130_fd_sc_hd__and2_4)
                                                         _124_ (net)
                      0.049172    0.000524    1.817173 v _396_/A1 (sky130_fd_sc_hd__o21bai_4)
     3    0.012291    0.134439    0.169290    1.986463 ^ _396_/Y (sky130_fd_sc_hd__o21bai_4)
                                                         _125_ (net)
                      0.134440    0.000514    1.986977 ^ _418_/A (sky130_fd_sc_hd__nand2_2)
     1    0.009533    0.060973    0.085226    2.072203 v _418_/Y (sky130_fd_sc_hd__nand2_2)
                                                         _147_ (net)
                      0.060973    0.000328    2.072531 v _419_/B1 (sky130_fd_sc_hd__o22ai_4)
     3    0.019412    0.216101    0.199019    2.271551 ^ _419_/Y (sky130_fd_sc_hd__o22ai_4)
                                                         _148_ (net)
                      0.216102    0.000662    2.272213 ^ _420_/A (sky130_fd_sc_hd__nand3_2)
     2    0.014427    0.120694    0.151503    2.423716 v _420_/Y (sky130_fd_sc_hd__nand3_2)
                                                         _149_ (net)
                      0.120694    0.000483    2.424199 v _422_/A (sky130_fd_sc_hd__nand2_4)
     3    0.028747    0.100269    0.137090    2.561289 ^ _422_/Y (sky130_fd_sc_hd__nand2_4)
                                                         _151_ (net)
                      0.100311    0.000676    2.561965 ^ _424_/B2 (sky130_fd_sc_hd__o22ai_4)
     4    0.029385    0.109938    0.117951    2.679916 v _424_/Y (sky130_fd_sc_hd__o22ai_4)
                                                         _153_ (net)
                      0.109963    0.000855    2.680771 v _470_/B1 (sky130_fd_sc_hd__o22ai_4)
     5    0.023385    0.240394    0.238116    2.918886 ^ _470_/Y (sky130_fd_sc_hd__o22ai_4)
                                                         _195_ (net)
                      0.240395    0.000986    2.919872 ^ rebuffer147/A (sky130_fd_sc_hd__buf_2)
     1    0.005536    0.041918    0.169480    3.089352 ^ rebuffer147/X (sky130_fd_sc_hd__buf_2)
                                                         net147 (net)
                      0.041919    0.000170    3.089522 ^ _487_/A1_N (sky130_fd_sc_hd__o2bb2ai_2)
     1    0.004992    0.108882    0.105711    3.195233 ^ _487_/Y (sky130_fd_sc_hd__o2bb2ai_2)
                                                         _210_ (net)
                      0.108882    0.000156    3.195389 ^ _496_/A (sky130_fd_sc_hd__nand2_2)
     1    0.010008    0.058035    0.080693    3.276082 v _496_/Y (sky130_fd_sc_hd__nand2_2)
                                                         _219_ (net)
                      0.058036    0.000371    3.276453 v _497_/B (sky130_fd_sc_hd__nand2_4)
     1    0.005165    0.038957    0.068702    3.345155 ^ _497_/Y (sky130_fd_sc_hd__nand2_4)
                                                         net80 (net)
                      0.038957    0.000159    3.345314 ^ output80/A (sky130_fd_sc_hd__buf_6)
     1    0.034792    0.077627    0.129628    3.474941 ^ output80/X (sky130_fd_sc_hd__buf_6)
                                                         S[22] (net)
                      0.077637    0.000947    3.475888 ^ S[22] (out)
                                              3.475888   data arrival time

                      0.000000    5.000000    5.000000   clock __VIRTUAL_CLK__ (rise edge)
                                  0.000000    5.000000   clock network delay (ideal)
                                 -0.250000    4.750000   clock uncertainty
                                  0.000000    4.750000   clock reconvergence pessimism
                                 -1.000000    3.750000   output external delay
                                              3.750000   data required time
---------------------------------------------------------------------------------------------
                                              3.750000   data required time
                                             -3.475888   data arrival time
---------------------------------------------------------------------------------------------
                                              0.274111   slack (MET)


Startpoint: sub (input port clocked by __VIRTUAL_CLK__)
Endpoint: S[31] (output port clocked by __VIRTUAL_CLK__)
Path Group: __VIRTUAL_CLK__
Path Type: max

Fanout         Cap        Slew       Delay        Time   Description
---------------------------------------------------------------------------------------------
                      0.000000    0.000000    0.000000   clock __VIRTUAL_CLK__ (rise edge)
                                  0.000000    0.000000   clock network delay (ideal)
                                  1.000000    1.000000 v input external delay
     1    0.007480    0.019014    0.012749    1.012749 v sub (in)
                                                         sub (net)
                      0.019016    0.000000    1.012749 v input65/A (sky130_fd_sc_hd__buf_8)
     4    0.028045    0.035598    0.124194    1.136943 v input65/X (sky130_fd_sc_hd__buf_8)
                                                         net65 (net)
                      0.035615    0.000763    1.137706 v fanout108/A (sky130_fd_sc_hd__buf_6)
     3    0.017945    0.032241    0.125491    1.263197 v fanout108/X (sky130_fd_sc_hd__buf_6)
                                                         net108 (net)
                      0.032248    0.000496    1.263693 v fanout105/A (sky130_fd_sc_hd__buf_8)
     3    0.016721    0.028786    0.121377    1.385070 v fanout105/X (sky130_fd_sc_hd__buf_8)
                                                         net105 (net)
                      0.028786    0.000417    1.385487 v fanout103/A (sky130_fd_sc_hd__buf_6)
     3    0.012953    0.027680    0.116702    1.502189 v fanout103/X (sky130_fd_sc_hd__buf_6)
                                                         net103 (net)
                      0.027688    0.000439    1.502628 v load_slew104/A (sky130_fd_sc_hd__buf_8)
     8    0.049673    0.049103    0.143306    1.645934 v load_slew104/X (sky130_fd_sc_hd__buf_8)
                                                         net104 (net)
                      0.049135    0.001261    1.647195 v _426_/A (sky130_fd_sc_hd__nor2_4)
     2    0.011589    0.103946    0.132224    1.779419 ^ _426_/Y (sky130_fd_sc_hd__nor2_4)
                                                         _154_ (net)
                      0.103946    0.000225    1.779644 ^ _429_/A_N (sky130_fd_sc_hd__nand3b_2)
     3    0.014306    0.114290    0.176921    1.956565 ^ _429_/Y (sky130_fd_sc_hd__nand3b_2)
                                                         _157_ (net)
                      0.114292    0.000572    1.957137 ^ _431_/A (sky130_fd_sc_hd__nand2_2)
     2    0.018038    0.086626    0.107996    2.065133 v _431_/Y (sky130_fd_sc_hd__nand2_2)
                                                         _159_ (net)
                      0.086627    0.000442    2.065575 v _464_/B (sky130_fd_sc_hd__nor4_4)
     3    0.014785    0.306412    0.369447    2.435022 ^ _464_/Y (sky130_fd_sc_hd__nor4_4)
                                                         _189_ (net)
                      0.306412    0.000525    2.435546 ^ _519_/B (sky130_fd_sc_hd__nand2_2)
     2    0.010388    0.096767    0.123548    2.559095 v _519_/Y (sky130_fd_sc_hd__nand2_2)
                                                         _240_ (net)
                      0.096767    0.000195    2.559289 v _573_/B (sky130_fd_sc_hd__nor2_4)
     2    0.012325    0.104797    0.131326    2.690615 ^ _573_/Y (sky130_fd_sc_hd__nor2_4)
                                                         _290_ (net)
                      0.104797    0.000441    2.691056 ^ _574_/C1 (sky130_fd_sc_hd__o221ai_4)
     3    0.035037    0.173358    0.181926    2.872981 v _574_/Y (sky130_fd_sc_hd__o221ai_4)
                                                         _291_ (net)
                      0.173386    0.002173    2.875154 v _577_/B (sky130_fd_sc_hd__nand2_8)
     5    0.026668    0.081608    0.147644    3.022798 ^ _577_/Y (sky130_fd_sc_hd__nand2_8)
                                                         _294_ (net)
                      0.081612    0.001054    3.023852 ^ _605_/A (sky130_fd_sc_hd__nand4_4)
     1    0.008642    0.088817    0.085451    3.109303 v _605_/Y (sky130_fd_sc_hd__nand4_4)
                                                         _319_ (net)
                      0.088817    0.000270    3.109573 v _614_/A2 (sky130_fd_sc_hd__a22oi_4)
     1    0.005152    0.128251    0.204985    3.314558 ^ _614_/Y (sky130_fd_sc_hd__a22oi_4)
                                                         net90 (net)
                      0.128251    0.000159    3.314718 ^ output90/A (sky130_fd_sc_hd__buf_6)
     1    0.034350    0.077336    0.160099    3.474817 ^ output90/X (sky130_fd_sc_hd__buf_6)
                                                         S[31] (net)
                      0.077341    0.000766    3.475583 ^ S[31] (out)
                                              3.475583   data arrival time

                      0.000000    5.000000    5.000000   clock __VIRTUAL_CLK__ (rise edge)
                                  0.000000    5.000000   clock network delay (ideal)
                                 -0.250000    4.750000   clock uncertainty
                                  0.000000    4.750000   clock reconvergence pessimism
                                 -1.000000    3.750000   output external delay
                                              3.750000   data required time
---------------------------------------------------------------------------------------------
                                              3.750000   data required time
                                             -3.475583   data arrival time
---------------------------------------------------------------------------------------------
                                              0.274417   slack (MET)


Startpoint: sub (input port clocked by __VIRTUAL_CLK__)
Endpoint: S[10] (output port clocked by __VIRTUAL_CLK__)
Path Group: __VIRTUAL_CLK__
Path Type: max

Fanout         Cap        Slew       Delay        Time   Description
---------------------------------------------------------------------------------------------
                      0.000000    0.000000    0.000000   clock __VIRTUAL_CLK__ (rise edge)
                                  0.000000    0.000000   clock network delay (ideal)
                                  1.000000    1.000000 v input external delay
     1    0.007480    0.019014    0.012749    1.012749 v sub (in)
                                                         sub (net)
                      0.019016    0.000000    1.012749 v input65/A (sky130_fd_sc_hd__buf_8)
     4    0.028045    0.035598    0.124194    1.136943 v input65/X (sky130_fd_sc_hd__buf_8)
                                                         net65 (net)
                      0.035615    0.000763    1.137706 v fanout108/A (sky130_fd_sc_hd__buf_6)
     3    0.017945    0.032241    0.125491    1.263197 v fanout108/X (sky130_fd_sc_hd__buf_6)
                                                         net108 (net)
                      0.032248    0.000496    1.263693 v fanout105/A (sky130_fd_sc_hd__buf_8)
     3    0.016721    0.028786    0.121377    1.385070 v fanout105/X (sky130_fd_sc_hd__buf_8)
                                                         net105 (net)
                      0.028786    0.000417    1.385487 v fanout103/A (sky130_fd_sc_hd__buf_6)
     3    0.012953    0.027680    0.116702    1.502189 v fanout103/X (sky130_fd_sc_hd__buf_6)
                                                         net103 (net)
                      0.027688    0.000439    1.502628 v load_slew104/A (sky130_fd_sc_hd__buf_8)
     8    0.049673    0.049103    0.143306    1.645934 v load_slew104/X (sky130_fd_sc_hd__buf_8)
                                                         net104 (net)
                      0.049243    0.002363    1.648298 v _397_/A1 (sky130_fd_sc_hd__o21ai_4)
     3    0.013940    0.152679    0.187729    1.836026 ^ _397_/Y (sky130_fd_sc_hd__o21ai_4)
                                                         _126_ (net)
                      0.152679    0.000434    1.836460 ^ _416_/B2 (sky130_fd_sc_hd__o22ai_2)
     2    0.009629    0.077429    0.107669    1.944129 v _416_/Y (sky130_fd_sc_hd__o22ai_2)
                                                         _145_ (net)
                      0.077429    0.000242    1.944371 v _417_/B1 (sky130_fd_sc_hd__a21oi_2)
     1    0.009613    0.147475    0.165552    2.109922 ^ _417_/Y (sky130_fd_sc_hd__a21oi_2)
                                                         _146_ (net)
                      0.147475    0.000324    2.110246 ^ _419_/B2 (sky130_fd_sc_hd__o22ai_4)
     3    0.018159    0.078229    0.111386    2.221632 v _419_/Y (sky130_fd_sc_hd__o22ai_4)
                                                         _148_ (net)
                      0.078230    0.000700    2.222332 v _624_/B1 (sky130_fd_sc_hd__a21oi_2)
     3    0.020470    0.265455    0.254206    2.476538 ^ _624_/Y (sky130_fd_sc_hd__a21oi_2)
                                                         _333_ (net)
                      0.265457    0.000614    2.477153 ^ _632_/B2 (sky130_fd_sc_hd__o2bb2ai_2)
     3    0.022424    0.113347    0.163077    2.640230 v _632_/Y (sky130_fd_sc_hd__o2bb2ai_2)
                                                         _337_ (net)
                      0.113411    0.001272    2.641502 v _636_/A1 (sky130_fd_sc_hd__a21oi_2)
     2    0.015627    0.209817    0.252233    2.893734 ^ _636_/Y (sky130_fd_sc_hd__a21oi_2)
                                                         _339_ (net)
                      0.209883    0.000301    2.894036 ^ _637_/B (sky130_fd_sc_hd__xor2_2)
     1    0.002566    0.088352    0.146717    3.040752 ^ _637_/X (sky130_fd_sc_hd__xor2_2)
                                                         net67 (net)
                      0.088352    0.000079    3.040832 ^ output67/A (sky130_fd_sc_hd__dlymetal6s4s_1)
     1    0.035415    0.359244    0.423431    3.464263 ^ output67/X (sky130_fd_sc_hd__dlymetal6s4s_1)
                                                         S[10] (net)
                      0.359352    0.000761    3.465024 ^ S[10] (out)
                                              3.465024   data arrival time

                      0.000000    5.000000    5.000000   clock __VIRTUAL_CLK__ (rise edge)
                                  0.000000    5.000000   clock network delay (ideal)
                                 -0.250000    4.750000   clock uncertainty
                                  0.000000    4.750000   clock reconvergence pessimism
                                 -1.000000    3.750000   output external delay
                                              3.750000   data required time
---------------------------------------------------------------------------------------------
                                              3.750000   data required time
                                             -3.465024   data arrival time
---------------------------------------------------------------------------------------------
                                              0.284976   slack (MET)


Startpoint: sub (input port clocked by __VIRTUAL_CLK__)
Endpoint: S[24] (output port clocked by __VIRTUAL_CLK__)
Path Group: __VIRTUAL_CLK__
Path Type: max

Fanout         Cap        Slew       Delay        Time   Description
---------------------------------------------------------------------------------------------
                      0.000000    0.000000    0.000000   clock __VIRTUAL_CLK__ (rise edge)
                                  0.000000    0.000000   clock network delay (ideal)
                                  1.000000    1.000000 ^ input external delay
     1    0.008141    0.043155    0.029431    1.029431 ^ sub (in)
                                                         sub (net)
                      0.043156    0.000000    1.029431 ^ input65/A (sky130_fd_sc_hd__buf_8)
     4    0.029567    0.058618    0.115117    1.144548 ^ input65/X (sky130_fd_sc_hd__buf_8)
                                                         net65 (net)
                      0.058628    0.000822    1.145370 ^ fanout121/A (sky130_fd_sc_hd__buf_8)
     7    0.041724    0.076783    0.134645    1.280015 ^ fanout121/X (sky130_fd_sc_hd__buf_8)
                                                         net121 (net)
                      0.076988    0.003351    1.283365 ^ fanout112/A (sky130_fd_sc_hd__buf_6)
     5    0.038139    0.083901    0.148240    1.431605 ^ fanout112/X (sky130_fd_sc_hd__buf_6)
                                                         net112 (net)
                      0.083903    0.000601    1.432206 ^ load_slew113/A (sky130_fd_sc_hd__buf_6)
     6    0.040922    0.089312    0.154594    1.586800 ^ load_slew113/X (sky130_fd_sc_hd__buf_6)
                                                         net113 (net)
                      0.089313    0.000464    1.587264 ^ _369_/A (sky130_fd_sc_hd__nor2_2)
     3    0.018642    0.085310    0.080970    1.668234 v _369_/Y (sky130_fd_sc_hd__nor2_2)
                                                         _098_ (net)
                      0.085312    0.000498    1.668732 v _371_/A2 (sky130_fd_sc_hd__o21bai_4)
     4    0.032610    0.245815    0.250902    1.919634 ^ _371_/Y (sky130_fd_sc_hd__o21bai_4)
                                                         _100_ (net)
                      0.245821    0.000947    1.920580 ^ _376_/C (sky130_fd_sc_hd__nand4b_4)
     2    0.011572    0.101536    0.152299    2.072879 v _376_/Y (sky130_fd_sc_hd__nand4b_4)
                                                         _105_ (net)
                      0.101536    0.000371    2.073250 v _377_/A (sky130_fd_sc_hd__nor2_4)
     3    0.019778    0.149308    0.190357    2.263607 ^ _377_/Y (sky130_fd_sc_hd__nor2_4)
                                                         _106_ (net)
                      0.149308    0.000506    2.264113 ^ _410_/B (sky130_fd_sc_hd__nand4_4)
     3    0.018860    0.123327    0.152946    2.417058 v _410_/Y (sky130_fd_sc_hd__nand4_4)
                                                         _139_ (net)
                      0.123328    0.000576    2.417634 v _415_/C (sky130_fd_sc_hd__nand3_4)
     3    0.017582    0.090561    0.142053    2.559687 ^ _415_/Y (sky130_fd_sc_hd__nand3_4)
                                                         _144_ (net)
                      0.090563    0.000910    2.560597 ^ rebuffer131/A (sky130_fd_sc_hd__buf_4)
     1    0.009197    0.039118    0.129173    2.689770 ^ rebuffer131/X (sky130_fd_sc_hd__buf_4)
                                                         net131 (net)
                      0.039119    0.000295    2.690065 ^ _520_/B2 (sky130_fd_sc_hd__o221ai_4)
     4    0.024045    0.133287    0.135943    2.826008 v _520_/Y (sky130_fd_sc_hd__o221ai_4)
                                                         _241_ (net)
                      0.133291    0.000871    2.826879 v _529_/A2 (sky130_fd_sc_hd__a21o_2)
     2    0.007488    0.045105    0.266976    3.093855 v _529_/X (sky130_fd_sc_hd__a21o_2)
                                                         _250_ (net)
                      0.045105    0.000152    3.094007 v _531_/A (sky130_fd_sc_hd__and2_2)
     1    0.007624    0.047400    0.187981    3.281987 v _531_/X (sky130_fd_sc_hd__and2_2)
                                                         net82 (net)
                      0.047401    0.000320    3.282307 v output82/A (sky130_fd_sc_hd__buf_6)
     1    0.036429    0.045376    0.145830    3.428138 v output82/X (sky130_fd_sc_hd__buf_6)
                                                         S[24] (net)
                      0.045415    0.001265    3.429402 v S[24] (out)
                                              3.429402   data arrival time

                      0.000000    5.000000    5.000000   clock __VIRTUAL_CLK__ (rise edge)
                                  0.000000    5.000000   clock network delay (ideal)
                                 -0.250000    4.750000   clock uncertainty
                                  0.000000    4.750000   clock reconvergence pessimism
                                 -1.000000    3.750000   output external delay
                                              3.750000   data required time
---------------------------------------------------------------------------------------------
                                              3.750000   data required time
                                             -3.429402   data arrival time
---------------------------------------------------------------------------------------------
                                              0.320598   slack (MET)


Startpoint: sub (input port clocked by __VIRTUAL_CLK__)
Endpoint: S[20] (output port clocked by __VIRTUAL_CLK__)
Path Group: __VIRTUAL_CLK__
Path Type: max

Fanout         Cap        Slew       Delay        Time   Description
---------------------------------------------------------------------------------------------
                      0.000000    0.000000    0.000000   clock __VIRTUAL_CLK__ (rise edge)
                                  0.000000    0.000000   clock network delay (ideal)
                                  1.000000    1.000000 v input external delay
     1    0.007480    0.019014    0.012749    1.012749 v sub (in)
                                                         sub (net)
                      0.019016    0.000000    1.012749 v input65/A (sky130_fd_sc_hd__buf_8)
     4    0.028045    0.035598    0.124194    1.136943 v input65/X (sky130_fd_sc_hd__buf_8)
                                                         net65 (net)
                      0.035615    0.000763    1.137706 v fanout108/A (sky130_fd_sc_hd__buf_6)
     3    0.017945    0.032241    0.125491    1.263197 v fanout108/X (sky130_fd_sc_hd__buf_6)
                                                         net108 (net)
                      0.032248    0.000496    1.263693 v fanout105/A (sky130_fd_sc_hd__buf_8)
     3    0.016721    0.028786    0.121377    1.385070 v fanout105/X (sky130_fd_sc_hd__buf_8)
                                                         net105 (net)
                      0.028786    0.000417    1.385487 v fanout103/A (sky130_fd_sc_hd__buf_6)
     3    0.012953    0.027680    0.116702    1.502189 v fanout103/X (sky130_fd_sc_hd__buf_6)
                                                         net103 (net)
                      0.027688    0.000439    1.502628 v load_slew104/A (sky130_fd_sc_hd__buf_8)
     8    0.049673    0.049103    0.143306    1.645934 v load_slew104/X (sky130_fd_sc_hd__buf_8)
                                                         net104 (net)
                      0.049234    0.002298    1.648232 v _395_/A (sky130_fd_sc_hd__and2_4)
     4    0.021266    0.049142    0.168417    1.816649 v _395_/X (sky130_fd_sc_hd__and2_4)
                                                         _124_ (net)
                      0.049172    0.000524    1.817173 v _396_/A1 (sky130_fd_sc_hd__o21bai_4)
     3    0.012291    0.134439    0.169290    1.986463 ^ _396_/Y (sky130_fd_sc_hd__o21bai_4)
                                                         _125_ (net)
                      0.134440    0.000514    1.986977 ^ _418_/A (sky130_fd_sc_hd__nand2_2)
     1    0.009533    0.060973    0.085226    2.072203 v _418_/Y (sky130_fd_sc_hd__nand2_2)
                                                         _147_ (net)
                      0.060973    0.000328    2.072531 v _419_/B1 (sky130_fd_sc_hd__o22ai_4)
     3    0.019412    0.216101    0.199019    2.271551 ^ _419_/Y (sky130_fd_sc_hd__o22ai_4)
                                                         _148_ (net)
                      0.216102    0.000662    2.272213 ^ _420_/A (sky130_fd_sc_hd__nand3_2)
     2    0.014427    0.120694    0.151503    2.423716 v _420_/Y (sky130_fd_sc_hd__nand3_2)
                                                         _149_ (net)
                      0.120694    0.000483    2.424199 v _422_/A (sky130_fd_sc_hd__nand2_4)
     3    0.028747    0.100269    0.137090    2.561289 ^ _422_/Y (sky130_fd_sc_hd__nand2_4)
                                                         _151_ (net)
                      0.100311    0.000676    2.561965 ^ _424_/B2 (sky130_fd_sc_hd__o22ai_4)
     4    0.029385    0.109938    0.117951    2.679916 v _424_/Y (sky130_fd_sc_hd__o22ai_4)
                                                         _153_ (net)
                      0.109963    0.000855    2.680771 v _470_/B1 (sky130_fd_sc_hd__o22ai_4)
     5    0.023385    0.240394    0.238116    2.918886 ^ _470_/Y (sky130_fd_sc_hd__o22ai_4)
                                                         _195_ (net)
                      0.240395    0.000709    2.919595 ^ max_cap99/A (sky130_fd_sc_hd__buf_6)
     3    0.030063    0.070764    0.178942    3.098537 ^ max_cap99/X (sky130_fd_sc_hd__buf_6)
                                                         net99 (net)
                      0.070786    0.001238    3.099776 ^ _471_/B (sky130_fd_sc_hd__xor2_4)
     1    0.007376    0.119443    0.158758    3.258534 ^ _471_/X (sky130_fd_sc_hd__xor2_4)
                                                         net78 (net)
                      0.119443    0.000241    3.258775 ^ output78/A (sky130_fd_sc_hd__buf_6)
     1    0.035092    0.078452    0.158687    3.417462 ^ output78/X (sky130_fd_sc_hd__buf_6)
                                                         S[20] (net)
                      0.078463    0.001003    3.418465 ^ S[20] (out)
                                              3.418465   data arrival time

                      0.000000    5.000000    5.000000   clock __VIRTUAL_CLK__ (rise edge)
                                  0.000000    5.000000   clock network delay (ideal)
                                 -0.250000    4.750000   clock uncertainty
                                  0.000000    4.750000   clock reconvergence pessimism
                                 -1.000000    3.750000   output external delay
                                              3.750000   data required time
---------------------------------------------------------------------------------------------
                                              3.750000   data required time
                                             -3.418465   data arrival time
---------------------------------------------------------------------------------------------
                                              0.331535   slack (MET)


Startpoint: sub (input port clocked by __VIRTUAL_CLK__)
Endpoint: S[15] (output port clocked by __VIRTUAL_CLK__)
Path Group: __VIRTUAL_CLK__
Path Type: max

Fanout         Cap        Slew       Delay        Time   Description
---------------------------------------------------------------------------------------------
                      0.000000    0.000000    0.000000   clock __VIRTUAL_CLK__ (rise edge)
                                  0.000000    0.000000   clock network delay (ideal)
                                  1.000000    1.000000 v input external delay
     1    0.007480    0.019014    0.012749    1.012749 v sub (in)
                                                         sub (net)
                      0.019016    0.000000    1.012749 v input65/A (sky130_fd_sc_hd__buf_8)
     4    0.028045    0.035598    0.124194    1.136943 v input65/X (sky130_fd_sc_hd__buf_8)
                                                         net65 (net)
                      0.035615    0.000763    1.137706 v fanout108/A (sky130_fd_sc_hd__buf_6)
     3    0.017945    0.032241    0.125491    1.263197 v fanout108/X (sky130_fd_sc_hd__buf_6)
                                                         net108 (net)
                      0.032248    0.000496    1.263693 v fanout105/A (sky130_fd_sc_hd__buf_8)
     3    0.016721    0.028786    0.121377    1.385070 v fanout105/X (sky130_fd_sc_hd__buf_8)
                                                         net105 (net)
                      0.028786    0.000417    1.385487 v fanout103/A (sky130_fd_sc_hd__buf_6)
     3    0.012953    0.027680    0.116702    1.502189 v fanout103/X (sky130_fd_sc_hd__buf_6)
                                                         net103 (net)
                      0.027688    0.000439    1.502628 v load_slew104/A (sky130_fd_sc_hd__buf_8)
     8    0.049673    0.049103    0.143306    1.645934 v load_slew104/X (sky130_fd_sc_hd__buf_8)
                                                         net104 (net)
                      0.049243    0.002363    1.648298 v _397_/A1 (sky130_fd_sc_hd__o21ai_4)
     3    0.013940    0.152679    0.187729    1.836026 ^ _397_/Y (sky130_fd_sc_hd__o21ai_4)
                                                         _126_ (net)
                      0.152679    0.000434    1.836460 ^ _416_/B2 (sky130_fd_sc_hd__o22ai_2)
     2    0.009629    0.077429    0.107669    1.944129 v _416_/Y (sky130_fd_sc_hd__o22ai_2)
                                                         _145_ (net)
                      0.077429    0.000242    1.944371 v _417_/B1 (sky130_fd_sc_hd__a21oi_2)
     1    0.009613    0.147475    0.165552    2.109922 ^ _417_/Y (sky130_fd_sc_hd__a21oi_2)
                                                         _146_ (net)
                      0.147475    0.000324    2.110246 ^ _419_/B2 (sky130_fd_sc_hd__o22ai_4)
     3    0.018159    0.078229    0.111386    2.221632 v _419_/Y (sky130_fd_sc_hd__o22ai_4)
                                                         _148_ (net)
                      0.078230    0.000620    2.222252 v _420_/A (sky130_fd_sc_hd__nand3_2)
     2    0.015278    0.099999    0.113999    2.336251 ^ _420_/Y (sky130_fd_sc_hd__nand3_2)
                                                         _149_ (net)
                      0.099999    0.000257    2.336507 ^ _640_/C (sky130_fd_sc_hd__nand4_2)
     4    0.023834    0.204263    0.216020    2.552527 v _640_/Y (sky130_fd_sc_hd__nand4_2)
                                                         _341_ (net)
                      0.204268    0.000857    2.553384 v _646_/A1 (sky130_fd_sc_hd__a21o_2)
     2    0.006949    0.043794    0.271280    2.824664 v _646_/X (sky130_fd_sc_hd__a21o_2)
                                                         _345_ (net)
                      0.043823    0.000172    2.824836 v _648_/D (sky130_fd_sc_hd__and4_2)
     1    0.008686    0.053794    0.257967    3.082804 v _648_/X (sky130_fd_sc_hd__and4_2)
                                                         _346_ (net)
                      0.053794    0.000273    3.083077 v _650_/A (sky130_fd_sc_hd__nor2_4)
     1    0.003671    0.060788    0.098803    3.181880 ^ _650_/Y (sky130_fd_sc_hd__nor2_4)
                                                         net72 (net)
                      0.060788    0.000124    3.182004 ^ output72/A (sky130_fd_sc_hd__clkbuf_2)
     1    0.034973    0.192631    0.225369    3.407373 ^ output72/X (sky130_fd_sc_hd__clkbuf_2)
                                                         S[15] (net)
                      0.192635    0.000763    3.408136 ^ S[15] (out)
                                              3.408136   data arrival time

                      0.000000    5.000000    5.000000   clock __VIRTUAL_CLK__ (rise edge)
                                  0.000000    5.000000   clock network delay (ideal)
                                 -0.250000    4.750000   clock uncertainty
                                  0.000000    4.750000   clock reconvergence pessimism
                                 -1.000000    3.750000   output external delay
                                              3.750000   data required time
---------------------------------------------------------------------------------------------
                                              3.750000   data required time
                                             -3.408136   data arrival time
---------------------------------------------------------------------------------------------
                                              0.341864   slack (MET)


Startpoint: sub (input port clocked by __VIRTUAL_CLK__)
Endpoint: carryOut (output port clocked by __VIRTUAL_CLK__)
Path Group: __VIRTUAL_CLK__
Path Type: max

Fanout         Cap        Slew       Delay        Time   Description
---------------------------------------------------------------------------------------------
                      0.000000    0.000000    0.000000   clock __VIRTUAL_CLK__ (rise edge)
                                  0.000000    0.000000   clock network delay (ideal)
                                  1.000000    1.000000 v input external delay
     1    0.007480    0.019014    0.012749    1.012749 v sub (in)
                                                         sub (net)
                      0.019016    0.000000    1.012749 v input65/A (sky130_fd_sc_hd__buf_8)
     4    0.028045    0.035598    0.124194    1.136943 v input65/X (sky130_fd_sc_hd__buf_8)
                                                         net65 (net)
                      0.035615    0.000763    1.137706 v fanout108/A (sky130_fd_sc_hd__buf_6)
     3    0.017945    0.032241    0.125491    1.263197 v fanout108/X (sky130_fd_sc_hd__buf_6)
                                                         net108 (net)
                      0.032248    0.000496    1.263693 v fanout105/A (sky130_fd_sc_hd__buf_8)
     3    0.016721    0.028786    0.121377    1.385070 v fanout105/X (sky130_fd_sc_hd__buf_8)
                                                         net105 (net)
                      0.028796    0.000734    1.385804 v fanout101/A (sky130_fd_sc_hd__buf_6)
     6    0.027261    0.038467    0.130581    1.516385 v fanout101/X (sky130_fd_sc_hd__buf_6)
                                                         net101 (net)
                      0.038475    0.000579    1.516964 v load_slew102/A (sky130_fd_sc_hd__buf_6)
     5    0.027177    0.038391    0.134845    1.651810 v load_slew102/X (sky130_fd_sc_hd__buf_6)
                                                         net102 (net)
                      0.038407    0.000746    1.652556 v _355_/A1 (sky130_fd_sc_hd__a21boi_2)
     1    0.009490    0.155221    0.167442    1.819998 ^ _355_/Y (sky130_fd_sc_hd__a21boi_2)
                                                         _084_ (net)
                      0.155228    0.000303    1.820301 ^ _356_/B1 (sky130_fd_sc_hd__o21ai_4)
     3    0.021286    0.106325    0.110898    1.931199 v _356_/Y (sky130_fd_sc_hd__o21ai_4)
                                                         _085_ (net)
                      0.106327    0.000647    1.931846 v _360_/B1 (sky130_fd_sc_hd__o2111ai_4)
     3    0.020295    0.253183    0.165048    2.096895 ^ _360_/Y (sky130_fd_sc_hd__o2111ai_4)
                                                         _089_ (net)
                      0.253185    0.001159    2.098053 ^ _377_/B (sky130_fd_sc_hd__nor2_4)
     3    0.018715    0.066626    0.082082    2.180135 v _377_/Y (sky130_fd_sc_hd__nor2_4)
                                                         _106_ (net)
                      0.066655    0.000479    2.180615 v _410_/B (sky130_fd_sc_hd__nand4_4)
     3    0.020238    0.112793    0.124879    2.305493 ^ _410_/Y (sky130_fd_sc_hd__nand4_4)
                                                         _139_ (net)
                      0.112793    0.000622    2.306115 ^ _415_/C (sky130_fd_sc_hd__nand3_4)
     3    0.016441    0.093151    0.110080    2.416195 v _415_/Y (sky130_fd_sc_hd__nand3_4)
                                                         _144_ (net)
                      0.093154    0.000890    2.417085 v rebuffer123/A (sky130_fd_sc_hd__buf_4)
     1    0.008730    0.030918    0.165052    2.582137 v rebuffer123/X (sky130_fd_sc_hd__buf_4)
                                                         net123 (net)
                      0.030918    0.000306    2.582442 v _574_/B2 (sky130_fd_sc_hd__o221ai_4)
     3    0.037836    0.357090    0.295193    2.877635 ^ _574_/Y (sky130_fd_sc_hd__o221ai_4)
                                                         _291_ (net)
                      0.357115    0.002357    2.879992 ^ _577_/B (sky130_fd_sc_hd__nand2_8)
     5    0.025262    0.080086    0.104845    2.984837 v _577_/Y (sky130_fd_sc_hd__nand2_8)
                                                         _294_ (net)
                      0.080088    0.000836    2.985674 v _610_/A1 (sky130_fd_sc_hd__a21boi_2)
     1    0.011408    0.164348    0.201258    3.186932 ^ _610_/Y (sky130_fd_sc_hd__a21boi_2)
                                                         _324_ (net)
                      0.164348    0.000486    3.187418 ^ _651_/B2 (sky130_fd_sc_hd__o2bb2ai_4)
     1    0.004779    0.039909    0.070711    3.258128 v _651_/Y (sky130_fd_sc_hd__o2bb2ai_4)
                                                         net98 (net)
                      0.039909    0.000150    3.258279 v output98/A (sky130_fd_sc_hd__buf_6)
     1    0.035685    0.044753    0.142068    3.400347 v output98/X (sky130_fd_sc_hd__buf_6)
                                                         carryOut (net)
                      0.044771    0.000876    3.401223 v carryOut (out)
                                              3.401223   data arrival time

                      0.000000    5.000000    5.000000   clock __VIRTUAL_CLK__ (rise edge)
                                  0.000000    5.000000   clock network delay (ideal)
                                 -0.250000    4.750000   clock uncertainty
                                  0.000000    4.750000   clock reconvergence pessimism
                                 -1.000000    3.750000   output external delay
                                              3.750000   data required time
---------------------------------------------------------------------------------------------
                                              3.750000   data required time
                                             -3.401223   data arrival time
---------------------------------------------------------------------------------------------
                                              0.348777   slack (MET)


Startpoint: sub (input port clocked by __VIRTUAL_CLK__)
Endpoint: S[11] (output port clocked by __VIRTUAL_CLK__)
Path Group: __VIRTUAL_CLK__
Path Type: max

Fanout         Cap        Slew       Delay        Time   Description
---------------------------------------------------------------------------------------------
                      0.000000    0.000000    0.000000   clock __VIRTUAL_CLK__ (rise edge)
                                  0.000000    0.000000   clock network delay (ideal)
                                  1.000000    1.000000 v input external delay
     1    0.007480    0.019014    0.012749    1.012749 v sub (in)
                                                         sub (net)
                      0.019016    0.000000    1.012749 v input65/A (sky130_fd_sc_hd__buf_8)
     4    0.028045    0.035598    0.124194    1.136943 v input65/X (sky130_fd_sc_hd__buf_8)
                                                         net65 (net)
                      0.035615    0.000763    1.137706 v fanout108/A (sky130_fd_sc_hd__buf_6)
     3    0.017945    0.032241    0.125491    1.263197 v fanout108/X (sky130_fd_sc_hd__buf_6)
                                                         net108 (net)
                      0.032248    0.000496    1.263693 v fanout105/A (sky130_fd_sc_hd__buf_8)
     3    0.016721    0.028786    0.121377    1.385070 v fanout105/X (sky130_fd_sc_hd__buf_8)
                                                         net105 (net)
                      0.028786    0.000417    1.385487 v fanout103/A (sky130_fd_sc_hd__buf_6)
     3    0.012953    0.027680    0.116702    1.502189 v fanout103/X (sky130_fd_sc_hd__buf_6)
                                                         net103 (net)
                      0.027688    0.000439    1.502628 v load_slew104/A (sky130_fd_sc_hd__buf_8)
     8    0.049673    0.049103    0.143306    1.645934 v load_slew104/X (sky130_fd_sc_hd__buf_8)
                                                         net104 (net)
                      0.049234    0.002298    1.648232 v _395_/A (sky130_fd_sc_hd__and2_4)
     4    0.021266    0.049142    0.168417    1.816649 v _395_/X (sky130_fd_sc_hd__and2_4)
                                                         _124_ (net)
                      0.049172    0.000524    1.817173 v _396_/A1 (sky130_fd_sc_hd__o21bai_4)
     3    0.012291    0.134439    0.169290    1.986463 ^ _396_/Y (sky130_fd_sc_hd__o21bai_4)
                                                         _125_ (net)
                      0.134440    0.000388    1.986851 ^ _405_/C1 (sky130_fd_sc_hd__o2111a_2)
     2    0.019052    0.117726    0.289261    2.276112 ^ _405_/X (sky130_fd_sc_hd__o2111a_2)
                                                         _134_ (net)
                      0.117729    0.000796    2.276908 ^ _624_/A2 (sky130_fd_sc_hd__a21oi_2)
     3    0.019017    0.099511    0.116245    2.393153 v _624_/Y (sky130_fd_sc_hd__a21oi_2)
                                                         _333_ (net)
                      0.099512    0.000567    2.393719 v _632_/B2 (sky130_fd_sc_hd__o2bb2ai_2)
     3    0.023405    0.296178    0.295907    2.689626 ^ _632_/Y (sky130_fd_sc_hd__o2bb2ai_2)
                                                         _337_ (net)
                      0.296186    0.001333    2.690959 ^ _636_/A1 (sky130_fd_sc_hd__a21oi_2)
     2    0.014375    0.103432    0.143644    2.834604 v _636_/Y (sky130_fd_sc_hd__a21oi_2)
                                                         _339_ (net)
                      0.103432    0.000338    2.834942 v _638_/A2 (sky130_fd_sc_hd__o21ai_2)
     1    0.008958    0.143010    0.176983    3.011925 ^ _638_/Y (sky130_fd_sc_hd__o21ai_2)
                                                         _340_ (net)
                      0.143010    0.000115    3.012041 ^ _639_/B (sky130_fd_sc_hd__xor2_2)
     1    0.003389    0.096888    0.146824    3.158864 ^ _639_/X (sky130_fd_sc_hd__xor2_2)
                                                         net68 (net)
                      0.096888    0.000116    3.158981 ^ output68/A (sky130_fd_sc_hd__clkbuf_2)
     1    0.035398    0.194764    0.241066    3.400047 ^ output68/X (sky130_fd_sc_hd__clkbuf_2)
                                                         S[11] (net)
                      0.194826    0.000874    3.400921 ^ S[11] (out)
                                              3.400921   data arrival time

                      0.000000    5.000000    5.000000   clock __VIRTUAL_CLK__ (rise edge)
                                  0.000000    5.000000   clock network delay (ideal)
                                 -0.250000    4.750000   clock uncertainty
                                  0.000000    4.750000   clock reconvergence pessimism
                                 -1.000000    3.750000   output external delay
                                              3.750000   data required time
---------------------------------------------------------------------------------------------
                                              3.750000   data required time
                                             -3.400921   data arrival time
---------------------------------------------------------------------------------------------
                                              0.349079   slack (MET)


Startpoint: sub (input port clocked by __VIRTUAL_CLK__)
Endpoint: S[26] (output port clocked by __VIRTUAL_CLK__)
Path Group: __VIRTUAL_CLK__
Path Type: max

Fanout         Cap        Slew       Delay        Time   Description
---------------------------------------------------------------------------------------------
                      0.000000    0.000000    0.000000   clock __VIRTUAL_CLK__ (rise edge)
                                  0.000000    0.000000   clock network delay (ideal)
                                  1.000000    1.000000 ^ input external delay
     1    0.008141    0.043155    0.029431    1.029431 ^ sub (in)
                                                         sub (net)
                      0.043156    0.000000    1.029431 ^ input65/A (sky130_fd_sc_hd__buf_8)
     4    0.029567    0.058618    0.115117    1.144548 ^ input65/X (sky130_fd_sc_hd__buf_8)
                                                         net65 (net)
                      0.058628    0.000822    1.145370 ^ fanout121/A (sky130_fd_sc_hd__buf_8)
     7    0.041724    0.076783    0.134645    1.280015 ^ fanout121/X (sky130_fd_sc_hd__buf_8)
                                                         net121 (net)
                      0.076988    0.003351    1.283365 ^ fanout112/A (sky130_fd_sc_hd__buf_6)
     5    0.038139    0.083901    0.148240    1.431605 ^ fanout112/X (sky130_fd_sc_hd__buf_6)
                                                         net112 (net)
                      0.083903    0.000601    1.432206 ^ load_slew113/A (sky130_fd_sc_hd__buf_6)
     6    0.040922    0.089312    0.154594    1.586800 ^ load_slew113/X (sky130_fd_sc_hd__buf_6)
                                                         net113 (net)
                      0.089313    0.000464    1.587264 ^ _369_/A (sky130_fd_sc_hd__nor2_2)
     3    0.018642    0.085310    0.080970    1.668234 v _369_/Y (sky130_fd_sc_hd__nor2_2)
                                                         _098_ (net)
                      0.085312    0.000498    1.668732 v _371_/A2 (sky130_fd_sc_hd__o21bai_4)
     4    0.032610    0.245815    0.250902    1.919634 ^ _371_/Y (sky130_fd_sc_hd__o21bai_4)
                                                         _100_ (net)
                      0.245821    0.000947    1.920580 ^ _376_/C (sky130_fd_sc_hd__nand4b_4)
     2    0.011572    0.101536    0.152299    2.072879 v _376_/Y (sky130_fd_sc_hd__nand4b_4)
                                                         _105_ (net)
                      0.101536    0.000371    2.073250 v _377_/A (sky130_fd_sc_hd__nor2_4)
     3    0.019778    0.149308    0.190357    2.263607 ^ _377_/Y (sky130_fd_sc_hd__nor2_4)
                                                         _106_ (net)
                      0.149308    0.000506    2.264113 ^ _410_/B (sky130_fd_sc_hd__nand4_4)
     3    0.018860    0.123327    0.152946    2.417058 v _410_/Y (sky130_fd_sc_hd__nand4_4)
                                                         _139_ (net)
                      0.123328    0.000576    2.417634 v _415_/C (sky130_fd_sc_hd__nand3_4)
     3    0.017582    0.090561    0.142053    2.559687 ^ _415_/Y (sky130_fd_sc_hd__nand3_4)
                                                         _144_ (net)
                      0.090563    0.000910    2.560597 ^ rebuffer131/A (sky130_fd_sc_hd__buf_4)
     1    0.009197    0.039118    0.129173    2.689770 ^ rebuffer131/X (sky130_fd_sc_hd__buf_4)
                                                         net131 (net)
                      0.039119    0.000295    2.690065 ^ _520_/B2 (sky130_fd_sc_hd__o221ai_4)
     4    0.024045    0.133287    0.135943    2.826008 v _520_/Y (sky130_fd_sc_hd__o221ai_4)
                                                         _241_ (net)
                      0.133291    0.000888    2.826895 v _542_/A2 (sky130_fd_sc_hd__a21boi_2)
     2    0.008364    0.134364    0.210858    3.037753 ^ _542_/Y (sky130_fd_sc_hd__a21boi_2)
                                                         _261_ (net)
                      0.134368    0.000147    3.037900 ^ _551_/A_N (sky130_fd_sc_hd__nand3b_4)
     1    0.005209    0.057830    0.156036    3.193936 ^ _551_/Y (sky130_fd_sc_hd__nand3b_4)
                                                         _270_ (net)
                      0.057830    0.000169    3.194105 ^ _552_/B (sky130_fd_sc_hd__nand2_2)
     1    0.005725    0.045035    0.057887    3.251992 v _552_/Y (sky130_fd_sc_hd__nand2_2)
                                                         net84 (net)
                      0.045035    0.000207    3.252199 v output84/A (sky130_fd_sc_hd__buf_6)
     1    0.035245    0.044407    0.144054    3.396253 v output84/X (sky130_fd_sc_hd__buf_6)
                                                         S[26] (net)
                      0.044425    0.000891    3.397143 v S[26] (out)
                                              3.397143   data arrival time

                      0.000000    5.000000    5.000000   clock __VIRTUAL_CLK__ (rise edge)
                                  0.000000    5.000000   clock network delay (ideal)
                                 -0.250000    4.750000   clock uncertainty
                                  0.000000    4.750000   clock reconvergence pessimism
                                 -1.000000    3.750000   output external delay
                                              3.750000   data required time
---------------------------------------------------------------------------------------------
                                              3.750000   data required time
                                             -3.397143   data arrival time
---------------------------------------------------------------------------------------------
                                              0.352857   slack (MET)


Startpoint: sub (input port clocked by __VIRTUAL_CLK__)
Endpoint: S[13] (output port clocked by __VIRTUAL_CLK__)
Path Group: __VIRTUAL_CLK__
Path Type: max

Fanout         Cap        Slew       Delay        Time   Description
---------------------------------------------------------------------------------------------
                      0.000000    0.000000    0.000000   clock __VIRTUAL_CLK__ (rise edge)
                                  0.000000    0.000000   clock network delay (ideal)
                                  1.000000    1.000000 v input external delay
     1    0.007480    0.019014    0.012749    1.012749 v sub (in)
                                                         sub (net)
                      0.019016    0.000000    1.012749 v input65/A (sky130_fd_sc_hd__buf_8)
     4    0.028045    0.035598    0.124194    1.136943 v input65/X (sky130_fd_sc_hd__buf_8)
                                                         net65 (net)
                      0.035615    0.000763    1.137706 v fanout108/A (sky130_fd_sc_hd__buf_6)
     3    0.017945    0.032241    0.125491    1.263197 v fanout108/X (sky130_fd_sc_hd__buf_6)
                                                         net108 (net)
                      0.032248    0.000496    1.263693 v fanout105/A (sky130_fd_sc_hd__buf_8)
     3    0.016721    0.028786    0.121377    1.385070 v fanout105/X (sky130_fd_sc_hd__buf_8)
                                                         net105 (net)
                      0.028786    0.000417    1.385487 v fanout103/A (sky130_fd_sc_hd__buf_6)
     3    0.012953    0.027680    0.116702    1.502189 v fanout103/X (sky130_fd_sc_hd__buf_6)
                                                         net103 (net)
                      0.027688    0.000439    1.502628 v load_slew104/A (sky130_fd_sc_hd__buf_8)
     8    0.049673    0.049103    0.143306    1.645934 v load_slew104/X (sky130_fd_sc_hd__buf_8)
                                                         net104 (net)
                      0.049243    0.002363    1.648298 v _397_/A1 (sky130_fd_sc_hd__o21ai_4)
     3    0.013940    0.152679    0.187729    1.836026 ^ _397_/Y (sky130_fd_sc_hd__o21ai_4)
                                                         _126_ (net)
                      0.152679    0.000434    1.836460 ^ _416_/B2 (sky130_fd_sc_hd__o22ai_2)
     2    0.009629    0.077429    0.107669    1.944129 v _416_/Y (sky130_fd_sc_hd__o22ai_2)
                                                         _145_ (net)
                      0.077429    0.000242    1.944371 v _417_/B1 (sky130_fd_sc_hd__a21oi_2)
     1    0.009613    0.147475    0.165552    2.109922 ^ _417_/Y (sky130_fd_sc_hd__a21oi_2)
                                                         _146_ (net)
                      0.147475    0.000324    2.110246 ^ _419_/B2 (sky130_fd_sc_hd__o22ai_4)
     3    0.018159    0.078229    0.111386    2.221632 v _419_/Y (sky130_fd_sc_hd__o22ai_4)
                                                         _148_ (net)
                      0.078230    0.000620    2.222252 v _420_/A (sky130_fd_sc_hd__nand3_2)
     2    0.015278    0.099999    0.113999    2.336251 ^ _420_/Y (sky130_fd_sc_hd__nand3_2)
                                                         _149_ (net)
                      0.099999    0.000257    2.336507 ^ _640_/C (sky130_fd_sc_hd__nand4_2)
     4    0.023834    0.204263    0.216020    2.552527 v _640_/Y (sky130_fd_sc_hd__nand4_2)
                                                         _341_ (net)
                      0.204266    0.000646    2.553173 v _643_/B1 (sky130_fd_sc_hd__a22o_2)
     1    0.008717    0.054220    0.299178    2.852351 v _643_/X (sky130_fd_sc_hd__a22o_2)
                                                         _343_ (net)
                      0.054221    0.000286    2.852637 v _644_/B (sky130_fd_sc_hd__xnor2_2)
     1    0.002110    0.092087    0.109712    2.962349 ^ _644_/Y (sky130_fd_sc_hd__xnor2_2)
                                                         net70 (net)
                      0.092087    0.000062    2.962411 ^ output70/A (sky130_fd_sc_hd__dlymetal6s4s_1)
     1    0.036057    0.365304    0.429148    3.391559 ^ output70/X (sky130_fd_sc_hd__dlymetal6s4s_1)
                                                         S[13] (net)
                      0.365305    0.000745    3.392304 ^ S[13] (out)
                                              3.392304   data arrival time

                      0.000000    5.000000    5.000000   clock __VIRTUAL_CLK__ (rise edge)
                                  0.000000    5.000000   clock network delay (ideal)
                                 -0.250000    4.750000   clock uncertainty
                                  0.000000    4.750000   clock reconvergence pessimism
                                 -1.000000    3.750000   output external delay
                                              3.750000   data required time
---------------------------------------------------------------------------------------------
                                              3.750000   data required time
                                             -3.392304   data arrival time
---------------------------------------------------------------------------------------------
                                              0.357696   slack (MET)


Startpoint: sub (input port clocked by __VIRTUAL_CLK__)
Endpoint: S[29] (output port clocked by __VIRTUAL_CLK__)
Path Group: __VIRTUAL_CLK__
Path Type: max

Fanout         Cap        Slew       Delay        Time   Description
---------------------------------------------------------------------------------------------
                      0.000000    0.000000    0.000000   clock __VIRTUAL_CLK__ (rise edge)
                                  0.000000    0.000000   clock network delay (ideal)
                                  1.000000    1.000000 v input external delay
     1    0.007480    0.019014    0.012749    1.012749 v sub (in)
                                                         sub (net)
                      0.019016    0.000000    1.012749 v input65/A (sky130_fd_sc_hd__buf_8)
     4    0.028045    0.035598    0.124194    1.136943 v input65/X (sky130_fd_sc_hd__buf_8)
                                                         net65 (net)
                      0.035616    0.000772    1.137715 v fanout121/A (sky130_fd_sc_hd__buf_8)
     7    0.039307    0.043881    0.139075    1.276790 v fanout121/X (sky130_fd_sc_hd__buf_8)
                                                         net121 (net)
                      0.043884    0.000570    1.277360 v fanout119/A (sky130_fd_sc_hd__buf_8)
     2    0.010915    0.025535    0.122485    1.399846 v fanout119/X (sky130_fd_sc_hd__buf_8)
                                                         net119 (net)
                      0.025535    0.000256    1.400102 v load_slew120/A (sky130_fd_sc_hd__buf_8)
     7    0.030702    0.037436    0.128819    1.528921 v load_slew120/X (sky130_fd_sc_hd__buf_8)
                                                         net120 (net)
                      0.037459    0.000891    1.529811 v _499_/A (sky130_fd_sc_hd__and2_4)
     3    0.014572    0.042435    0.154023    1.683834 v _499_/X (sky130_fd_sc_hd__and2_4)
                                                         _221_ (net)
                      0.042437    0.000378    1.684212 v _501_/A1 (sky130_fd_sc_hd__o21bai_4)
     2    0.012906    0.137734    0.169072    1.853284 ^ _501_/Y (sky130_fd_sc_hd__o21bai_4)
                                                         _223_ (net)
                      0.137734    0.000601    1.853885 ^ _514_/C1 (sky130_fd_sc_hd__o2111ai_4)
     1    0.008844    0.108496    0.146907    2.000792 v _514_/Y (sky130_fd_sc_hd__o2111ai_4)
                                                         _235_ (net)
                      0.108496    0.000303    2.001094 v _515_/B (sky130_fd_sc_hd__nor4_4)
     3    0.015264    0.311976    0.382061    2.383156 ^ _515_/Y (sky130_fd_sc_hd__nor4_4)
                                                         _236_ (net)
                      0.311976    0.000480    2.383635 ^ _517_/A1 (sky130_fd_sc_hd__a21oi_2)
     2    0.008582    0.089526    0.120723    2.504358 v _517_/Y (sky130_fd_sc_hd__a21oi_2)
                                                         _238_ (net)
                      0.089526    0.000207    2.504565 v max_cap100/A (sky130_fd_sc_hd__buf_6)
     3    0.009698    0.025166    0.141808    2.646373 v max_cap100/X (sky130_fd_sc_hd__buf_6)
                                                         net100 (net)
                      0.025166    0.000107    2.646479 v _575_/A1 (sky130_fd_sc_hd__o21a_4)
     3    0.038214    0.075755    0.261604    2.908084 v _575_/X (sky130_fd_sc_hd__o21a_4)
                                                         _292_ (net)
                      0.075848    0.002489    2.910573 v _579_/A2 (sky130_fd_sc_hd__a21oi_4)
     2    0.007146    0.107011    0.165954    3.076527 ^ _579_/Y (sky130_fd_sc_hd__a21oi_4)
                                                         _296_ (net)
                      0.107013    0.000192    3.076719 ^ _589_/A2 (sky130_fd_sc_hd__o21ai_2)
     1    0.004517    0.055717    0.065454    3.142172 v _589_/Y (sky130_fd_sc_hd__o21ai_2)
                                                         _305_ (net)
                      0.055717    0.000137    3.142310 v _590_/B1 (sky130_fd_sc_hd__o21ai_2)
     1    0.007369    0.127659    0.073651    3.215961 ^ _590_/Y (sky130_fd_sc_hd__o21ai_2)
                                                         net87 (net)
                      0.127659    0.000304    3.216265 ^ output87/A (sky130_fd_sc_hd__buf_6)
     1    0.035886    0.079998    0.162125    3.378391 ^ output87/X (sky130_fd_sc_hd__buf_6)
                                                         S[29] (net)
                      0.080006    0.000868    3.379258 ^ S[29] (out)
                                              3.379258   data arrival time

                      0.000000    5.000000    5.000000   clock __VIRTUAL_CLK__ (rise edge)
                                  0.000000    5.000000   clock network delay (ideal)
                                 -0.250000    4.750000   clock uncertainty
                                  0.000000    4.750000   clock reconvergence pessimism
                                 -1.000000    3.750000   output external delay
                                              3.750000   data required time
---------------------------------------------------------------------------------------------
                                              3.750000   data required time
                                             -3.379258   data arrival time
---------------------------------------------------------------------------------------------
                                              0.370742   slack (MET)


Startpoint: sub (input port clocked by __VIRTUAL_CLK__)
Endpoint: S[25] (output port clocked by __VIRTUAL_CLK__)
Path Group: __VIRTUAL_CLK__
Path Type: max

Fanout         Cap        Slew       Delay        Time   Description
---------------------------------------------------------------------------------------------
                      0.000000    0.000000    0.000000   clock __VIRTUAL_CLK__ (rise edge)
                                  0.000000    0.000000   clock network delay (ideal)
                                  1.000000    1.000000 ^ input external delay
     1    0.008141    0.043155    0.029431    1.029431 ^ sub (in)
                                                         sub (net)
                      0.043156    0.000000    1.029431 ^ input65/A (sky130_fd_sc_hd__buf_8)
     4    0.029567    0.058618    0.115117    1.144548 ^ input65/X (sky130_fd_sc_hd__buf_8)
                                                         net65 (net)
                      0.058628    0.000822    1.145370 ^ fanout121/A (sky130_fd_sc_hd__buf_8)
     7    0.041724    0.076783    0.134645    1.280015 ^ fanout121/X (sky130_fd_sc_hd__buf_8)
                                                         net121 (net)
                      0.076988    0.003351    1.283365 ^ fanout112/A (sky130_fd_sc_hd__buf_6)
     5    0.038139    0.083901    0.148240    1.431605 ^ fanout112/X (sky130_fd_sc_hd__buf_6)
                                                         net112 (net)
                      0.083903    0.000601    1.432206 ^ load_slew113/A (sky130_fd_sc_hd__buf_6)
     6    0.040922    0.089312    0.154594    1.586800 ^ load_slew113/X (sky130_fd_sc_hd__buf_6)
                                                         net113 (net)
                      0.089313    0.000464    1.587264 ^ _369_/A (sky130_fd_sc_hd__nor2_2)
     3    0.018642    0.085310    0.080970    1.668234 v _369_/Y (sky130_fd_sc_hd__nor2_2)
                                                         _098_ (net)
                      0.085312    0.000498    1.668732 v _371_/A2 (sky130_fd_sc_hd__o21bai_4)
     4    0.032610    0.245815    0.250902    1.919634 ^ _371_/Y (sky130_fd_sc_hd__o21bai_4)
                                                         _100_ (net)
                      0.245821    0.000947    1.920580 ^ _376_/C (sky130_fd_sc_hd__nand4b_4)
     2    0.011572    0.101536    0.152299    2.072879 v _376_/Y (sky130_fd_sc_hd__nand4b_4)
                                                         _105_ (net)
                      0.101536    0.000371    2.073250 v _377_/A (sky130_fd_sc_hd__nor2_4)
     3    0.019778    0.149308    0.190357    2.263607 ^ _377_/Y (sky130_fd_sc_hd__nor2_4)
                                                         _106_ (net)
                      0.149308    0.000506    2.264113 ^ _410_/B (sky130_fd_sc_hd__nand4_4)
     3    0.018860    0.123327    0.152946    2.417058 v _410_/Y (sky130_fd_sc_hd__nand4_4)
                                                         _139_ (net)
                      0.123328    0.000576    2.417634 v _415_/C (sky130_fd_sc_hd__nand3_4)
     3    0.017582    0.090561    0.142053    2.559687 ^ _415_/Y (sky130_fd_sc_hd__nand3_4)
                                                         _144_ (net)
                      0.090563    0.000910    2.560597 ^ rebuffer131/A (sky130_fd_sc_hd__buf_4)
     1    0.009197    0.039118    0.129173    2.689770 ^ rebuffer131/X (sky130_fd_sc_hd__buf_4)
                                                         net131 (net)
                      0.039119    0.000295    2.690065 ^ _520_/B2 (sky130_fd_sc_hd__o221ai_4)
     4    0.024045    0.133287    0.135943    2.826008 v _520_/Y (sky130_fd_sc_hd__o221ai_4)
                                                         _241_ (net)
                      0.133291    0.000871    2.826879 v _529_/A2 (sky130_fd_sc_hd__a21o_2)
     2    0.007488    0.045105    0.266976    3.093855 v _529_/X (sky130_fd_sc_hd__a21o_2)
                                                         _250_ (net)
                      0.045106    0.000236    3.094091 v _538_/B (sky130_fd_sc_hd__nand3b_2)
     1    0.004817    0.069936    0.074881    3.168972 ^ _538_/Y (sky130_fd_sc_hd__nand3b_2)
                                                         _258_ (net)
                      0.069936    0.000101    3.169073 ^ _540_/A (sky130_fd_sc_hd__nand2_2)
     1    0.007235    0.044165    0.059903    3.228976 v _540_/Y (sky130_fd_sc_hd__nand2_2)
                                                         net83 (net)
                      0.044166    0.000307    3.229283 v output83/A (sky130_fd_sc_hd__buf_6)
     1    0.036187    0.045422    0.143951    3.373234 v output83/X (sky130_fd_sc_hd__buf_6)
                                                         S[25] (net)
                      0.045491    0.001635    3.374869 v S[25] (out)
                                              3.374869   data arrival time

                      0.000000    5.000000    5.000000   clock __VIRTUAL_CLK__ (rise edge)
                                  0.000000    5.000000   clock network delay (ideal)
                                 -0.250000    4.750000   clock uncertainty
                                  0.000000    4.750000   clock reconvergence pessimism
                                 -1.000000    3.750000   output external delay
                                              3.750000   data required time
---------------------------------------------------------------------------------------------
                                              3.750000   data required time
                                             -3.374869   data arrival time
---------------------------------------------------------------------------------------------
                                              0.375131   slack (MET)


Startpoint: sub (input port clocked by __VIRTUAL_CLK__)
Endpoint: S[27] (output port clocked by __VIRTUAL_CLK__)
Path Group: __VIRTUAL_CLK__
Path Type: max

Fanout         Cap        Slew       Delay        Time   Description
---------------------------------------------------------------------------------------------
                      0.000000    0.000000    0.000000   clock __VIRTUAL_CLK__ (rise edge)
                                  0.000000    0.000000   clock network delay (ideal)
                                  1.000000    1.000000 ^ input external delay
     1    0.008141    0.043155    0.029431    1.029431 ^ sub (in)
                                                         sub (net)
                      0.043156    0.000000    1.029431 ^ input65/A (sky130_fd_sc_hd__buf_8)
     4    0.029567    0.058618    0.115117    1.144548 ^ input65/X (sky130_fd_sc_hd__buf_8)
                                                         net65 (net)
                      0.058628    0.000822    1.145370 ^ fanout121/A (sky130_fd_sc_hd__buf_8)
     7    0.041724    0.076783    0.134645    1.280015 ^ fanout121/X (sky130_fd_sc_hd__buf_8)
                                                         net121 (net)
                      0.076988    0.003351    1.283365 ^ fanout112/A (sky130_fd_sc_hd__buf_6)
     5    0.038139    0.083901    0.148240    1.431605 ^ fanout112/X (sky130_fd_sc_hd__buf_6)
                                                         net112 (net)
                      0.083903    0.000601    1.432206 ^ load_slew113/A (sky130_fd_sc_hd__buf_6)
     6    0.040922    0.089312    0.154594    1.586800 ^ load_slew113/X (sky130_fd_sc_hd__buf_6)
                                                         net113 (net)
                      0.089313    0.000464    1.587264 ^ _369_/A (sky130_fd_sc_hd__nor2_2)
     3    0.018642    0.085310    0.080970    1.668234 v _369_/Y (sky130_fd_sc_hd__nor2_2)
                                                         _098_ (net)
                      0.085312    0.000498    1.668732 v _371_/A2 (sky130_fd_sc_hd__o21bai_4)
     4    0.032610    0.245815    0.250902    1.919634 ^ _371_/Y (sky130_fd_sc_hd__o21bai_4)
                                                         _100_ (net)
                      0.245821    0.000947    1.920580 ^ _376_/C (sky130_fd_sc_hd__nand4b_4)
     2    0.011572    0.101536    0.152299    2.072879 v _376_/Y (sky130_fd_sc_hd__nand4b_4)
                                                         _105_ (net)
                      0.101536    0.000371    2.073250 v _377_/A (sky130_fd_sc_hd__nor2_4)
     3    0.019778    0.149308    0.190357    2.263607 ^ _377_/Y (sky130_fd_sc_hd__nor2_4)
                                                         _106_ (net)
                      0.149308    0.000506    2.264113 ^ _410_/B (sky130_fd_sc_hd__nand4_4)
     3    0.018860    0.123327    0.152946    2.417058 v _410_/Y (sky130_fd_sc_hd__nand4_4)
                                                         _139_ (net)
                      0.123328    0.000576    2.417634 v _415_/C (sky130_fd_sc_hd__nand3_4)
     3    0.017582    0.090561    0.142053    2.559687 ^ _415_/Y (sky130_fd_sc_hd__nand3_4)
                                                         _144_ (net)
                      0.090563    0.000910    2.560597 ^ rebuffer131/A (sky130_fd_sc_hd__buf_4)
     1    0.009197    0.039118    0.129173    2.689770 ^ rebuffer131/X (sky130_fd_sc_hd__buf_4)
                                                         net131 (net)
                      0.039119    0.000295    2.690065 ^ _520_/B2 (sky130_fd_sc_hd__o221ai_4)
     4    0.024045    0.133287    0.135943    2.826008 v _520_/Y (sky130_fd_sc_hd__o221ai_4)
                                                         _241_ (net)
                      0.133290    0.000816    2.826823 v _559_/A1 (sky130_fd_sc_hd__a21oi_4)
     2    0.010897    0.129351    0.184307    3.011130 ^ _559_/Y (sky130_fd_sc_hd__a21oi_4)
                                                         _277_ (net)
                      0.129351    0.000276    3.011406 ^ _562_/A1 (sky130_fd_sc_hd__o21bai_2)
     1    0.004816    0.053879    0.092090    3.103497 v _562_/Y (sky130_fd_sc_hd__o21bai_2)
                                                         _280_ (net)
                      0.053879    0.000153    3.103650 v _564_/B1 (sky130_fd_sc_hd__o21ai_2)
     1    0.005825    0.112864    0.066643    3.170293 ^ _564_/Y (sky130_fd_sc_hd__o21ai_2)
                                                         net85 (net)
                      0.112864    0.000142    3.170434 ^ output85/A (sky130_fd_sc_hd__buf_6)
     1    0.034778    0.078007    0.156090    3.326525 ^ output85/X (sky130_fd_sc_hd__buf_6)
                                                         S[27] (net)
                      0.078012    0.000713    3.327238 ^ S[27] (out)
                                              3.327238   data arrival time

                      0.000000    5.000000    5.000000   clock __VIRTUAL_CLK__ (rise edge)
                                  0.000000    5.000000   clock network delay (ideal)
                                 -0.250000    4.750000   clock uncertainty
                                  0.000000    4.750000   clock reconvergence pessimism
                                 -1.000000    3.750000   output external delay
                                              3.750000   data required time
---------------------------------------------------------------------------------------------
                                              3.750000   data required time
                                             -3.327238   data arrival time
---------------------------------------------------------------------------------------------
                                              0.422762   slack (MET)


Startpoint: sub (input port clocked by __VIRTUAL_CLK__)
Endpoint: S[19] (output port clocked by __VIRTUAL_CLK__)
Path Group: __VIRTUAL_CLK__
Path Type: max

Fanout         Cap        Slew       Delay        Time   Description
---------------------------------------------------------------------------------------------
                      0.000000    0.000000    0.000000   clock __VIRTUAL_CLK__ (rise edge)
                                  0.000000    0.000000   clock network delay (ideal)
                                  1.000000    1.000000 v input external delay
     1    0.007480    0.019014    0.012749    1.012749 v sub (in)
                                                         sub (net)
                      0.019016    0.000000    1.012749 v input65/A (sky130_fd_sc_hd__buf_8)
     4    0.028045    0.035598    0.124194    1.136943 v input65/X (sky130_fd_sc_hd__buf_8)
                                                         net65 (net)
                      0.035616    0.000772    1.137715 v fanout121/A (sky130_fd_sc_hd__buf_8)
     7    0.039307    0.043881    0.139075    1.276790 v fanout121/X (sky130_fd_sc_hd__buf_8)
                                                         net121 (net)
                      0.043917    0.001313    1.278103 v fanout117/A (sky130_fd_sc_hd__buf_6)
     4    0.019407    0.032784    0.131261    1.409364 v fanout117/X (sky130_fd_sc_hd__buf_6)
                                                         net117 (net)
                      0.032784    0.000218    1.409582 v load_slew118/A (sky130_fd_sc_hd__buf_8)
     7    0.033159    0.039448    0.133434    1.543016 v load_slew118/X (sky130_fd_sc_hd__buf_8)
                                                         net118 (net)
                      0.039510    0.001469    1.544485 v _661_/A (sky130_fd_sc_hd__and2_4)
     2    0.007714    0.033876    0.142879    1.687364 v _661_/X (sky130_fd_sc_hd__and2_4)
                                                         _008_ (net)
                      0.033876    0.000231    1.687595 v _681_/A2 (sky130_fd_sc_hd__o21bai_2)
     6    0.023378    0.288293    0.261543    1.949138 ^ _681_/Y (sky130_fd_sc_hd__o21bai_2)
                                                         _028_ (net)
                      0.288302    0.001411    1.950550 ^ _683_/B1 (sky130_fd_sc_hd__o21ai_2)
     1    0.008817    0.087711    0.124344    2.074894 v _683_/Y (sky130_fd_sc_hd__o21ai_2)
                                                         _030_ (net)
                      0.087711    0.000180    2.075074 v _685_/A1 (sky130_fd_sc_hd__o21ai_4)
     5    0.041692    0.321768    0.336598    2.411672 ^ _685_/Y (sky130_fd_sc_hd__o21ai_4)
                                                         _032_ (net)
                      0.321772    0.000981    2.412652 ^ _693_/B1 (sky130_fd_sc_hd__a41o_2)
     3    0.022521    0.124526    0.239833    2.652485 ^ _693_/X (sky130_fd_sc_hd__a41o_2)
                                                         _040_ (net)
                      0.124537    0.001358    2.653842 ^ _447_/C (sky130_fd_sc_hd__nand4b_2)
     2    0.009290    0.110049    0.148057    2.801899 v _447_/Y (sky130_fd_sc_hd__nand4b_2)
                                                         _173_ (net)
                      0.110058    0.000282    2.802181 v _455_/B1 (sky130_fd_sc_hd__a22o_2)
     1    0.004968    0.045061    0.246073    3.048254 v _455_/X (sky130_fd_sc_hd__a22o_2)
                                                         _181_ (net)
                      0.045061    0.000159    3.048413 v _457_/A (sky130_fd_sc_hd__nand2_2)
     1    0.004683    0.048012    0.056715    3.105128 ^ _457_/Y (sky130_fd_sc_hd__nand2_2)
                                                         net76 (net)
                      0.048012    0.000181    3.105309 ^ output76/A (sky130_fd_sc_hd__clkbuf_4)
     1    0.036656    0.119208    0.199620    3.304929 ^ output76/X (sky130_fd_sc_hd__clkbuf_4)
                                                         S[19] (net)
                      0.119224    0.001495    3.306424 ^ S[19] (out)
                                              3.306424   data arrival time

                      0.000000    5.000000    5.000000   clock __VIRTUAL_CLK__ (rise edge)
                                  0.000000    5.000000   clock network delay (ideal)
                                 -0.250000    4.750000   clock uncertainty
                                  0.000000    4.750000   clock reconvergence pessimism
                                 -1.000000    3.750000   output external delay
                                              3.750000   data required time
---------------------------------------------------------------------------------------------
                                              3.750000   data required time
                                             -3.306424   data arrival time
---------------------------------------------------------------------------------------------
                                              0.443576   slack (MET)


Startpoint: sub (input port clocked by __VIRTUAL_CLK__)
Endpoint: S[17] (output port clocked by __VIRTUAL_CLK__)
Path Group: __VIRTUAL_CLK__
Path Type: max

Fanout         Cap        Slew       Delay        Time   Description
---------------------------------------------------------------------------------------------
                      0.000000    0.000000    0.000000   clock __VIRTUAL_CLK__ (rise edge)
                                  0.000000    0.000000   clock network delay (ideal)
                                  1.000000    1.000000 v input external delay
     1    0.007480    0.019014    0.012749    1.012749 v sub (in)
                                                         sub (net)
                      0.019016    0.000000    1.012749 v input65/A (sky130_fd_sc_hd__buf_8)
     4    0.028045    0.035598    0.124194    1.136943 v input65/X (sky130_fd_sc_hd__buf_8)
                                                         net65 (net)
                      0.035615    0.000763    1.137706 v fanout108/A (sky130_fd_sc_hd__buf_6)
     3    0.017945    0.032241    0.125491    1.263197 v fanout108/X (sky130_fd_sc_hd__buf_6)
                                                         net108 (net)
                      0.032248    0.000496    1.263693 v fanout105/A (sky130_fd_sc_hd__buf_8)
     3    0.016721    0.028786    0.121377    1.385070 v fanout105/X (sky130_fd_sc_hd__buf_8)
                                                         net105 (net)
                      0.028786    0.000417    1.385487 v fanout103/A (sky130_fd_sc_hd__buf_6)
     3    0.012953    0.027680    0.116702    1.502189 v fanout103/X (sky130_fd_sc_hd__buf_6)
                                                         net103 (net)
                      0.027688    0.000439    1.502628 v load_slew104/A (sky130_fd_sc_hd__buf_8)
     8    0.049673    0.049103    0.143306    1.645934 v load_slew104/X (sky130_fd_sc_hd__buf_8)
                                                         net104 (net)
                      0.049234    0.002298    1.648232 v _395_/A (sky130_fd_sc_hd__and2_4)
     4    0.021266    0.049142    0.168417    1.816649 v _395_/X (sky130_fd_sc_hd__and2_4)
                                                         _124_ (net)
                      0.049172    0.000524    1.817173 v _396_/A1 (sky130_fd_sc_hd__o21bai_4)
     3    0.012291    0.134439    0.169290    1.986463 ^ _396_/Y (sky130_fd_sc_hd__o21bai_4)
                                                         _125_ (net)
                      0.134440    0.000514    1.986977 ^ _418_/A (sky130_fd_sc_hd__nand2_2)
     1    0.009533    0.060973    0.085226    2.072203 v _418_/Y (sky130_fd_sc_hd__nand2_2)
                                                         _147_ (net)
                      0.060973    0.000328    2.072531 v _419_/B1 (sky130_fd_sc_hd__o22ai_4)
     3    0.019412    0.216101    0.199019    2.271551 ^ _419_/Y (sky130_fd_sc_hd__o22ai_4)
                                                         _148_ (net)
                      0.216102    0.000662    2.272213 ^ _420_/A (sky130_fd_sc_hd__nand3_2)
     2    0.014427    0.120694    0.151503    2.423716 v _420_/Y (sky130_fd_sc_hd__nand3_2)
                                                         _149_ (net)
                      0.120694    0.000483    2.424199 v _422_/A (sky130_fd_sc_hd__nand2_4)
     3    0.028747    0.100269    0.137090    2.561289 ^ _422_/Y (sky130_fd_sc_hd__nand2_4)
                                                         _151_ (net)
                      0.100311    0.000676    2.561965 ^ _424_/B2 (sky130_fd_sc_hd__o22ai_4)
     4    0.029385    0.109938    0.117951    2.679916 v _424_/Y (sky130_fd_sc_hd__o22ai_4)
                                                         _153_ (net)
                      0.109958    0.000665    2.680581 v _432_/A2 (sky130_fd_sc_hd__a21bo_2)
     1    0.008043    0.047340    0.262109    2.942689 v _432_/X (sky130_fd_sc_hd__a21bo_2)
                                                         _160_ (net)
                      0.047340    0.000167    2.942856 v _433_/B (sky130_fd_sc_hd__xor2_2)
     1    0.010914    0.174900    0.183185    3.126041 ^ _433_/X (sky130_fd_sc_hd__xor2_2)
                                                         net74 (net)
                      0.174900    0.000625    3.126667 ^ output74/A (sky130_fd_sc_hd__buf_6)
     1    0.034776    0.078681    0.171185    3.297852 ^ output74/X (sky130_fd_sc_hd__buf_6)
                                                         S[17] (net)
                      0.078685    0.000712    3.298564 ^ S[17] (out)
                                              3.298564   data arrival time

                      0.000000    5.000000    5.000000   clock __VIRTUAL_CLK__ (rise edge)
                                  0.000000    5.000000   clock network delay (ideal)
                                 -0.250000    4.750000   clock uncertainty
                                  0.000000    4.750000   clock reconvergence pessimism
                                 -1.000000    3.750000   output external delay
                                              3.750000   data required time
---------------------------------------------------------------------------------------------
                                              3.750000   data required time
                                             -3.298564   data arrival time
---------------------------------------------------------------------------------------------
                                              0.451436   slack (MET)


Startpoint: sub (input port clocked by __VIRTUAL_CLK__)
Endpoint: S[18] (output port clocked by __VIRTUAL_CLK__)
Path Group: __VIRTUAL_CLK__
Path Type: max

Fanout         Cap        Slew       Delay        Time   Description
---------------------------------------------------------------------------------------------
                      0.000000    0.000000    0.000000   clock __VIRTUAL_CLK__ (rise edge)
                                  0.000000    0.000000   clock network delay (ideal)
                                  1.000000    1.000000 v input external delay
     1    0.007480    0.019014    0.012749    1.012749 v sub (in)
                                                         sub (net)
                      0.019016    0.000000    1.012749 v input65/A (sky130_fd_sc_hd__buf_8)
     4    0.028045    0.035598    0.124194    1.136943 v input65/X (sky130_fd_sc_hd__buf_8)
                                                         net65 (net)
                      0.035615    0.000763    1.137706 v fanout108/A (sky130_fd_sc_hd__buf_6)
     3    0.017945    0.032241    0.125491    1.263197 v fanout108/X (sky130_fd_sc_hd__buf_6)
                                                         net108 (net)
                      0.032248    0.000496    1.263693 v fanout105/A (sky130_fd_sc_hd__buf_8)
     3    0.016721    0.028786    0.121377    1.385070 v fanout105/X (sky130_fd_sc_hd__buf_8)
                                                         net105 (net)
                      0.028786    0.000417    1.385487 v fanout103/A (sky130_fd_sc_hd__buf_6)
     3    0.012953    0.027680    0.116702    1.502189 v fanout103/X (sky130_fd_sc_hd__buf_6)
                                                         net103 (net)
                      0.027688    0.000439    1.502628 v load_slew104/A (sky130_fd_sc_hd__buf_8)
     8    0.049673    0.049103    0.143306    1.645934 v load_slew104/X (sky130_fd_sc_hd__buf_8)
                                                         net104 (net)
                      0.049243    0.002363    1.648298 v _397_/A1 (sky130_fd_sc_hd__o21ai_4)
     3    0.013940    0.152679    0.187729    1.836026 ^ _397_/Y (sky130_fd_sc_hd__o21ai_4)
                                                         _126_ (net)
                      0.152679    0.000434    1.836460 ^ _416_/B2 (sky130_fd_sc_hd__o22ai_2)
     2    0.009629    0.077429    0.107669    1.944129 v _416_/Y (sky130_fd_sc_hd__o22ai_2)
                                                         _145_ (net)
                      0.077429    0.000242    1.944371 v _417_/B1 (sky130_fd_sc_hd__a21oi_2)
     1    0.009613    0.147475    0.165552    2.109922 ^ _417_/Y (sky130_fd_sc_hd__a21oi_2)
                                                         _146_ (net)
                      0.147475    0.000324    2.110246 ^ _419_/B2 (sky130_fd_sc_hd__o22ai_4)
     3    0.018159    0.078229    0.111386    2.221632 v _419_/Y (sky130_fd_sc_hd__o22ai_4)
                                                         _148_ (net)
                      0.078231    0.000758    2.222390 v _421_/A3 (sky130_fd_sc_hd__a31oi_2)
     1    0.004816    0.139421    0.206199    2.428589 ^ _421_/Y (sky130_fd_sc_hd__a31oi_2)
                                                         _150_ (net)
                      0.139421    0.000148    2.428737 ^ _423_/A (sky130_fd_sc_hd__nand4_2)
     3    0.021214    0.186201    0.190072    2.618809 v _423_/Y (sky130_fd_sc_hd__nand4_2)
                                                         _152_ (net)
                      0.186209    0.001025    2.619834 v _444_/A2 (sky130_fd_sc_hd__a31oi_4)
     1    0.008718    0.145616    0.236313    2.856147 ^ _444_/Y (sky130_fd_sc_hd__a31oi_4)
                                                         _171_ (net)
                      0.145616    0.000183    2.856329 ^ _445_/B (sky130_fd_sc_hd__xor2_2)
     1    0.009038    0.155349    0.195282    3.051612 ^ _445_/X (sky130_fd_sc_hd__xor2_2)
                                                         net75 (net)
                      0.155349    0.000433    3.052045 ^ output75/A (sky130_fd_sc_hd__clkbuf_4)
     1    0.034780    0.114293    0.237046    3.289092 ^ output75/X (sky130_fd_sc_hd__clkbuf_4)
                                                         S[18] (net)
                      0.114296    0.000746    3.289838 ^ S[18] (out)
                                              3.289838   data arrival time

                      0.000000    5.000000    5.000000   clock __VIRTUAL_CLK__ (rise edge)
                                  0.000000    5.000000   clock network delay (ideal)
                                 -0.250000    4.750000   clock uncertainty
                                  0.000000    4.750000   clock reconvergence pessimism
                                 -1.000000    3.750000   output external delay
                                              3.750000   data required time
---------------------------------------------------------------------------------------------
                                              3.750000   data required time
                                             -3.289838   data arrival time
---------------------------------------------------------------------------------------------
                                              0.460162   slack (MET)


Startpoint: sub (input port clocked by __VIRTUAL_CLK__)
Endpoint: S[7] (output port clocked by __VIRTUAL_CLK__)
Path Group: __VIRTUAL_CLK__
Path Type: max

Fanout         Cap        Slew       Delay        Time   Description
---------------------------------------------------------------------------------------------
                      0.000000    0.000000    0.000000   clock __VIRTUAL_CLK__ (rise edge)
                                  0.000000    0.000000   clock network delay (ideal)
                                  1.000000    1.000000 v input external delay
     1    0.007480    0.019014    0.012749    1.012749 v sub (in)
                                                         sub (net)
                      0.019016    0.000000    1.012749 v input65/A (sky130_fd_sc_hd__buf_8)
     4    0.028045    0.035598    0.124194    1.136943 v input65/X (sky130_fd_sc_hd__buf_8)
                                                         net65 (net)
                      0.035615    0.000763    1.137706 v fanout108/A (sky130_fd_sc_hd__buf_6)
     3    0.017945    0.032241    0.125491    1.263197 v fanout108/X (sky130_fd_sc_hd__buf_6)
                                                         net108 (net)
                      0.032248    0.000496    1.263693 v fanout105/A (sky130_fd_sc_hd__buf_8)
     3    0.016721    0.028786    0.121377    1.385070 v fanout105/X (sky130_fd_sc_hd__buf_8)
                                                         net105 (net)
                      0.028786    0.000417    1.385487 v fanout103/A (sky130_fd_sc_hd__buf_6)
     3    0.012953    0.027680    0.116702    1.502189 v fanout103/X (sky130_fd_sc_hd__buf_6)
                                                         net103 (net)
                      0.027688    0.000439    1.502628 v load_slew104/A (sky130_fd_sc_hd__buf_8)
     8    0.049673    0.049103    0.143306    1.645934 v load_slew104/X (sky130_fd_sc_hd__buf_8)
                                                         net104 (net)
                      0.049234    0.002298    1.648232 v _395_/A (sky130_fd_sc_hd__and2_4)
     4    0.021266    0.049142    0.168417    1.816649 v _395_/X (sky130_fd_sc_hd__and2_4)
                                                         _124_ (net)
                      0.049172    0.000524    1.817173 v _396_/A1 (sky130_fd_sc_hd__o21bai_4)
     3    0.012291    0.134439    0.169290    1.986463 ^ _396_/Y (sky130_fd_sc_hd__o21bai_4)
                                                         _125_ (net)
                      0.134440    0.000388    1.986851 ^ _405_/C1 (sky130_fd_sc_hd__o2111a_2)
     2    0.019052    0.117726    0.289261    2.276112 ^ _405_/X (sky130_fd_sc_hd__o2111a_2)
                                                         _134_ (net)
                      0.117729    0.000796    2.276908 ^ _624_/A2 (sky130_fd_sc_hd__a21oi_2)
     3    0.019017    0.099511    0.116245    2.393153 v _624_/Y (sky130_fd_sc_hd__a21oi_2)
                                                         _333_ (net)
                      0.099512    0.000510    2.393663 v _626_/B2 (sky130_fd_sc_hd__o22a_4)
     3    0.018279    0.059598    0.240112    2.633775 v _626_/X (sky130_fd_sc_hd__o22a_4)
                                                         _334_ (net)
                      0.059601    0.000523    2.634298 v _630_/B2 (sky130_fd_sc_hd__o2bb2a_2)
     1    0.008583    0.058421    0.282506    2.916805 v _630_/X (sky130_fd_sc_hd__o2bb2a_2)
                                                         _336_ (net)
                      0.058421    0.000196    2.917000 v _631_/B (sky130_fd_sc_hd__xor2_2)
     1    0.002851    0.091380    0.118436    3.035436 ^ _631_/X (sky130_fd_sc_hd__xor2_2)
                                                         net95 (net)
                      0.091380    0.000092    3.035528 ^ output95/A (sky130_fd_sc_hd__buf_2)
     1    0.036238    0.179526    0.232419    3.267946 ^ output95/X (sky130_fd_sc_hd__buf_2)
                                                         S[7] (net)
                      0.179531    0.001254    3.269201 ^ S[7] (out)
                                              3.269201   data arrival time

                      0.000000    5.000000    5.000000   clock __VIRTUAL_CLK__ (rise edge)
                                  0.000000    5.000000   clock network delay (ideal)
                                 -0.250000    4.750000   clock uncertainty
                                  0.000000    4.750000   clock reconvergence pessimism
                                 -1.000000    3.750000   output external delay
                                              3.750000   data required time
---------------------------------------------------------------------------------------------
                                              3.750000   data required time
                                             -3.269201   data arrival time
---------------------------------------------------------------------------------------------
                                              0.480799   slack (MET)


Startpoint: sub (input port clocked by __VIRTUAL_CLK__)
Endpoint: S[9] (output port clocked by __VIRTUAL_CLK__)
Path Group: __VIRTUAL_CLK__
Path Type: max

Fanout         Cap        Slew       Delay        Time   Description
---------------------------------------------------------------------------------------------
                      0.000000    0.000000    0.000000   clock __VIRTUAL_CLK__ (rise edge)
                                  0.000000    0.000000   clock network delay (ideal)
                                  1.000000    1.000000 v input external delay
     1    0.007480    0.019014    0.012749    1.012749 v sub (in)
                                                         sub (net)
                      0.019016    0.000000    1.012749 v input65/A (sky130_fd_sc_hd__buf_8)
     4    0.028045    0.035598    0.124194    1.136943 v input65/X (sky130_fd_sc_hd__buf_8)
                                                         net65 (net)
                      0.035615    0.000763    1.137706 v fanout108/A (sky130_fd_sc_hd__buf_6)
     3    0.017945    0.032241    0.125491    1.263197 v fanout108/X (sky130_fd_sc_hd__buf_6)
                                                         net108 (net)
                      0.032248    0.000496    1.263693 v fanout105/A (sky130_fd_sc_hd__buf_8)
     3    0.016721    0.028786    0.121377    1.385070 v fanout105/X (sky130_fd_sc_hd__buf_8)
                                                         net105 (net)
                      0.028786    0.000417    1.385487 v fanout103/A (sky130_fd_sc_hd__buf_6)
     3    0.012953    0.027680    0.116702    1.502189 v fanout103/X (sky130_fd_sc_hd__buf_6)
                                                         net103 (net)
                      0.027688    0.000439    1.502628 v load_slew104/A (sky130_fd_sc_hd__buf_8)
     8    0.049673    0.049103    0.143306    1.645934 v load_slew104/X (sky130_fd_sc_hd__buf_8)
                                                         net104 (net)
                      0.049234    0.002298    1.648232 v _395_/A (sky130_fd_sc_hd__and2_4)
     4    0.021266    0.049142    0.168417    1.816649 v _395_/X (sky130_fd_sc_hd__and2_4)
                                                         _124_ (net)
                      0.049172    0.000524    1.817173 v _396_/A1 (sky130_fd_sc_hd__o21bai_4)
     3    0.012291    0.134439    0.169290    1.986463 ^ _396_/Y (sky130_fd_sc_hd__o21bai_4)
                                                         _125_ (net)
                      0.134440    0.000388    1.986851 ^ _405_/C1 (sky130_fd_sc_hd__o2111a_2)
     2    0.019052    0.117726    0.289261    2.276112 ^ _405_/X (sky130_fd_sc_hd__o2111a_2)
                                                         _134_ (net)
                      0.117729    0.000796    2.276908 ^ _624_/A2 (sky130_fd_sc_hd__a21oi_2)
     3    0.019017    0.099511    0.116245    2.393153 v _624_/Y (sky130_fd_sc_hd__a21oi_2)
                                                         _333_ (net)
                      0.099512    0.000567    2.393719 v _632_/B2 (sky130_fd_sc_hd__o2bb2ai_2)
     3    0.023405    0.296178    0.295907    2.689626 ^ _632_/Y (sky130_fd_sc_hd__o2bb2ai_2)
                                                         _337_ (net)
                      0.296183    0.000976    2.690602 ^ _634_/B1 (sky130_fd_sc_hd__a22o_2)
     1    0.008822    0.064437    0.226045    2.916647 ^ _634_/X (sky130_fd_sc_hd__a22o_2)
                                                         _338_ (net)
                      0.064437    0.000196    2.916843 ^ _635_/B (sky130_fd_sc_hd__xnor2_2)
     1    0.002710    0.098672    0.102933    3.019776 ^ _635_/Y (sky130_fd_sc_hd__xnor2_2)
                                                         net97 (net)
                      0.098672    0.000082    3.019858 ^ output97/A (sky130_fd_sc_hd__clkbuf_2)
     1    0.034930    0.192382    0.239945    3.259803 ^ output97/X (sky130_fd_sc_hd__clkbuf_2)
                                                         S[9] (net)
                      0.192445    0.000951    3.260755 ^ S[9] (out)
                                              3.260755   data arrival time

                      0.000000    5.000000    5.000000   clock __VIRTUAL_CLK__ (rise edge)
                                  0.000000    5.000000   clock network delay (ideal)
                                 -0.250000    4.750000   clock uncertainty
                                  0.000000    4.750000   clock reconvergence pessimism
                                 -1.000000    3.750000   output external delay
                                              3.750000   data required time
---------------------------------------------------------------------------------------------
                                              3.750000   data required time
                                             -3.260755   data arrival time
---------------------------------------------------------------------------------------------
                                              0.489245   slack (MET)


Startpoint: sub (input port clocked by __VIRTUAL_CLK__)
Endpoint: S[14] (output port clocked by __VIRTUAL_CLK__)
Path Group: __VIRTUAL_CLK__
Path Type: max

Fanout         Cap        Slew       Delay        Time   Description
---------------------------------------------------------------------------------------------
                      0.000000    0.000000    0.000000   clock __VIRTUAL_CLK__ (rise edge)
                                  0.000000    0.000000   clock network delay (ideal)
                                  1.000000    1.000000 v input external delay
     1    0.007480    0.019014    0.012749    1.012749 v sub (in)
                                                         sub (net)
                      0.019016    0.000000    1.012749 v input65/A (sky130_fd_sc_hd__buf_8)
     4    0.028045    0.035598    0.124194    1.136943 v input65/X (sky130_fd_sc_hd__buf_8)
                                                         net65 (net)
                      0.035615    0.000763    1.137706 v fanout108/A (sky130_fd_sc_hd__buf_6)
     3    0.017945    0.032241    0.125491    1.263197 v fanout108/X (sky130_fd_sc_hd__buf_6)
                                                         net108 (net)
                      0.032248    0.000496    1.263693 v fanout105/A (sky130_fd_sc_hd__buf_8)
     3    0.016721    0.028786    0.121377    1.385070 v fanout105/X (sky130_fd_sc_hd__buf_8)
                                                         net105 (net)
                      0.028786    0.000417    1.385487 v fanout103/A (sky130_fd_sc_hd__buf_6)
     3    0.012953    0.027680    0.116702    1.502189 v fanout103/X (sky130_fd_sc_hd__buf_6)
                                                         net103 (net)
                      0.027688    0.000439    1.502628 v load_slew104/A (sky130_fd_sc_hd__buf_8)
     8    0.049673    0.049103    0.143306    1.645934 v load_slew104/X (sky130_fd_sc_hd__buf_8)
                                                         net104 (net)
                      0.049234    0.002298    1.648232 v _395_/A (sky130_fd_sc_hd__and2_4)
     4    0.021266    0.049142    0.168417    1.816649 v _395_/X (sky130_fd_sc_hd__and2_4)
                                                         _124_ (net)
                      0.049172    0.000524    1.817173 v _396_/A1 (sky130_fd_sc_hd__o21bai_4)
     3    0.012291    0.134439    0.169290    1.986463 ^ _396_/Y (sky130_fd_sc_hd__o21bai_4)
                                                         _125_ (net)
                      0.134440    0.000514    1.986977 ^ _418_/A (sky130_fd_sc_hd__nand2_2)
     1    0.009533    0.060973    0.085226    2.072203 v _418_/Y (sky130_fd_sc_hd__nand2_2)
                                                         _147_ (net)
                      0.060973    0.000328    2.072531 v _419_/B1 (sky130_fd_sc_hd__o22ai_4)
     3    0.019412    0.216101    0.199019    2.271551 ^ _419_/Y (sky130_fd_sc_hd__o22ai_4)
                                                         _148_ (net)
                      0.216102    0.000662    2.272213 ^ _420_/A (sky130_fd_sc_hd__nand3_2)
     2    0.014427    0.120694    0.151503    2.423716 v _420_/Y (sky130_fd_sc_hd__nand3_2)
                                                         _149_ (net)
                      0.120694    0.000241    2.423958 v _640_/C (sky130_fd_sc_hd__nand4_2)
     4    0.025201    0.178006    0.214532    2.638490 ^ _640_/Y (sky130_fd_sc_hd__nand4_2)
                                                         _341_ (net)
                      0.178072    0.000873    2.639363 ^ _641_/A (sky130_fd_sc_hd__nand2_2)
     1    0.004517    0.052561    0.069937    2.709300 v _641_/Y (sky130_fd_sc_hd__nand2_2)
                                                         _342_ (net)
                      0.052561    0.000099    2.709399 v _645_/A2 (sky130_fd_sc_hd__o211ai_2)
     1    0.009088    0.173121    0.184603    2.894003 ^ _645_/Y (sky130_fd_sc_hd__o211ai_2)
                                                         _344_ (net)
                      0.173121    0.000210    2.894212 ^ _647_/B (sky130_fd_sc_hd__xor2_2)
     1    0.002510    0.087705    0.142378    3.036591 ^ _647_/X (sky130_fd_sc_hd__xor2_2)
                                                         net71 (net)
                      0.087705    0.000075    3.036666 ^ output71/A (sky130_fd_sc_hd__clkbuf_4)
     1    0.036224    0.118004    0.214676    3.251341 ^ output71/X (sky130_fd_sc_hd__clkbuf_4)
                                                         S[14] (net)
                      0.118009    0.000978    3.252319 ^ S[14] (out)
                                              3.252319   data arrival time

                      0.000000    5.000000    5.000000   clock __VIRTUAL_CLK__ (rise edge)
                                  0.000000    5.000000   clock network delay (ideal)
                                 -0.250000    4.750000   clock uncertainty
                                  0.000000    4.750000   clock reconvergence pessimism
                                 -1.000000    3.750000   output external delay
                                              3.750000   data required time
---------------------------------------------------------------------------------------------
                                              3.750000   data required time
                                             -3.252319   data arrival time
---------------------------------------------------------------------------------------------
                                              0.497681   slack (MET)


Startpoint: sub (input port clocked by __VIRTUAL_CLK__)
Endpoint: S[12] (output port clocked by __VIRTUAL_CLK__)
Path Group: __VIRTUAL_CLK__
Path Type: max

Fanout         Cap        Slew       Delay        Time   Description
---------------------------------------------------------------------------------------------
                      0.000000    0.000000    0.000000   clock __VIRTUAL_CLK__ (rise edge)
                                  0.000000    0.000000   clock network delay (ideal)
                                  1.000000    1.000000 v input external delay
     1    0.007480    0.019014    0.012749    1.012749 v sub (in)
                                                         sub (net)
                      0.019016    0.000000    1.012749 v input65/A (sky130_fd_sc_hd__buf_8)
     4    0.028045    0.035598    0.124194    1.136943 v input65/X (sky130_fd_sc_hd__buf_8)
                                                         net65 (net)
                      0.035615    0.000763    1.137706 v fanout108/A (sky130_fd_sc_hd__buf_6)
     3    0.017945    0.032241    0.125491    1.263197 v fanout108/X (sky130_fd_sc_hd__buf_6)
                                                         net108 (net)
                      0.032248    0.000496    1.263693 v fanout105/A (sky130_fd_sc_hd__buf_8)
     3    0.016721    0.028786    0.121377    1.385070 v fanout105/X (sky130_fd_sc_hd__buf_8)
                                                         net105 (net)
                      0.028786    0.000417    1.385487 v fanout103/A (sky130_fd_sc_hd__buf_6)
     3    0.012953    0.027680    0.116702    1.502189 v fanout103/X (sky130_fd_sc_hd__buf_6)
                                                         net103 (net)
                      0.027688    0.000439    1.502628 v load_slew104/A (sky130_fd_sc_hd__buf_8)
     8    0.049673    0.049103    0.143306    1.645934 v load_slew104/X (sky130_fd_sc_hd__buf_8)
                                                         net104 (net)
                      0.049234    0.002298    1.648232 v _395_/A (sky130_fd_sc_hd__and2_4)
     4    0.021266    0.049142    0.168417    1.816649 v _395_/X (sky130_fd_sc_hd__and2_4)
                                                         _124_ (net)
                      0.049172    0.000524    1.817173 v _396_/A1 (sky130_fd_sc_hd__o21bai_4)
     3    0.012291    0.134439    0.169290    1.986463 ^ _396_/Y (sky130_fd_sc_hd__o21bai_4)
                                                         _125_ (net)
                      0.134440    0.000514    1.986977 ^ _418_/A (sky130_fd_sc_hd__nand2_2)
     1    0.009533    0.060973    0.085226    2.072203 v _418_/Y (sky130_fd_sc_hd__nand2_2)
                                                         _147_ (net)
                      0.060973    0.000328    2.072531 v _419_/B1 (sky130_fd_sc_hd__o22ai_4)
     3    0.019412    0.216101    0.199019    2.271551 ^ _419_/Y (sky130_fd_sc_hd__o22ai_4)
                                                         _148_ (net)
                      0.216102    0.000662    2.272213 ^ _420_/A (sky130_fd_sc_hd__nand3_2)
     2    0.014427    0.120694    0.151503    2.423716 v _420_/Y (sky130_fd_sc_hd__nand3_2)
                                                         _149_ (net)
                      0.120694    0.000241    2.423958 v _640_/C (sky130_fd_sc_hd__nand4_2)
     4    0.025201    0.178006    0.214532    2.638490 ^ _640_/Y (sky130_fd_sc_hd__nand4_2)
                                                         _341_ (net)
                      0.178072    0.000846    2.639335 ^ _642_/B (sky130_fd_sc_hd__xor2_2)
     1    0.002822    0.091083    0.145626    2.784961 ^ _642_/X (sky130_fd_sc_hd__xor2_2)
                                                         net69 (net)
                      0.091083    0.000089    2.785050 ^ output69/A (sky130_fd_sc_hd__dlymetal6s4s_1)
     1    0.035348    0.358635    0.423853    3.208904 ^ output69/X (sky130_fd_sc_hd__dlymetal6s4s_1)
                                                         S[12] (net)
                      0.358744    0.000846    3.209749 ^ S[12] (out)
                                              3.209749   data arrival time

                      0.000000    5.000000    5.000000   clock __VIRTUAL_CLK__ (rise edge)
                                  0.000000    5.000000   clock network delay (ideal)
                                 -0.250000    4.750000   clock uncertainty
                                  0.000000    4.750000   clock reconvergence pessimism
                                 -1.000000    3.750000   output external delay
                                              3.750000   data required time
---------------------------------------------------------------------------------------------
                                              3.750000   data required time
                                             -3.209749   data arrival time
---------------------------------------------------------------------------------------------
                                              0.540251   slack (MET)


Startpoint: sub (input port clocked by __VIRTUAL_CLK__)
Endpoint: S[6] (output port clocked by __VIRTUAL_CLK__)
Path Group: __VIRTUAL_CLK__
Path Type: max

Fanout         Cap        Slew       Delay        Time   Description
---------------------------------------------------------------------------------------------
                      0.000000    0.000000    0.000000   clock __VIRTUAL_CLK__ (rise edge)
                                  0.000000    0.000000   clock network delay (ideal)
                                  1.000000    1.000000 v input external delay
     1    0.007480    0.019014    0.012749    1.012749 v sub (in)
                                                         sub (net)
                      0.019016    0.000000    1.012749 v input65/A (sky130_fd_sc_hd__buf_8)
     4    0.028045    0.035598    0.124194    1.136943 v input65/X (sky130_fd_sc_hd__buf_8)
                                                         net65 (net)
                      0.035615    0.000763    1.137706 v fanout108/A (sky130_fd_sc_hd__buf_6)
     3    0.017945    0.032241    0.125491    1.263197 v fanout108/X (sky130_fd_sc_hd__buf_6)
                                                         net108 (net)
                      0.032248    0.000496    1.263693 v fanout105/A (sky130_fd_sc_hd__buf_8)
     3    0.016721    0.028786    0.121377    1.385070 v fanout105/X (sky130_fd_sc_hd__buf_8)
                                                         net105 (net)
                      0.028786    0.000417    1.385487 v fanout103/A (sky130_fd_sc_hd__buf_6)
     3    0.012953    0.027680    0.116702    1.502189 v fanout103/X (sky130_fd_sc_hd__buf_6)
                                                         net103 (net)
                      0.027688    0.000439    1.502628 v load_slew104/A (sky130_fd_sc_hd__buf_8)
     8    0.049673    0.049103    0.143306    1.645934 v load_slew104/X (sky130_fd_sc_hd__buf_8)
                                                         net104 (net)
                      0.049234    0.002298    1.648232 v _395_/A (sky130_fd_sc_hd__and2_4)
     4    0.021266    0.049142    0.168417    1.816649 v _395_/X (sky130_fd_sc_hd__and2_4)
                                                         _124_ (net)
                      0.049172    0.000524    1.817173 v _396_/A1 (sky130_fd_sc_hd__o21bai_4)
     3    0.012291    0.134439    0.169290    1.986463 ^ _396_/Y (sky130_fd_sc_hd__o21bai_4)
                                                         _125_ (net)
                      0.134440    0.000388    1.986851 ^ _405_/C1 (sky130_fd_sc_hd__o2111a_2)
     2    0.019052    0.117726    0.289261    2.276112 ^ _405_/X (sky130_fd_sc_hd__o2111a_2)
                                                         _134_ (net)
                      0.117729    0.000796    2.276908 ^ _624_/A2 (sky130_fd_sc_hd__a21oi_2)
     3    0.019017    0.099511    0.116245    2.393153 v _624_/Y (sky130_fd_sc_hd__a21oi_2)
                                                         _333_ (net)
                      0.099512    0.000510    2.393663 v _626_/B2 (sky130_fd_sc_hd__o22a_4)
     3    0.018279    0.059598    0.240112    2.633775 v _626_/X (sky130_fd_sc_hd__o22a_4)
                                                         _334_ (net)
                      0.059609    0.000776    2.634551 v _628_/B1 (sky130_fd_sc_hd__a22oi_2)
     1    0.009360    0.187522    0.174578    2.809129 ^ _628_/Y (sky130_fd_sc_hd__a22oi_2)
                                                         _335_ (net)
                      0.187522    0.000308    2.809438 ^ _629_/B (sky130_fd_sc_hd__xnor2_2)
     1    0.005030    0.123695    0.141076    2.950514 ^ _629_/Y (sky130_fd_sc_hd__xnor2_2)
                                                         net94 (net)
                      0.123695    0.000104    2.950618 ^ output94/A (sky130_fd_sc_hd__buf_6)
     1    0.034765    0.077880    0.159597    3.110214 ^ output94/X (sky130_fd_sc_hd__buf_6)
                                                         S[6] (net)
                      0.077890    0.000934    3.111148 ^ S[6] (out)
                                              3.111148   data arrival time

                      0.000000    5.000000    5.000000   clock __VIRTUAL_CLK__ (rise edge)
                                  0.000000    5.000000   clock network delay (ideal)
                                 -0.250000    4.750000   clock uncertainty
                                  0.000000    4.750000   clock reconvergence pessimism
                                 -1.000000    3.750000   output external delay
                                              3.750000   data required time
---------------------------------------------------------------------------------------------
                                              3.750000   data required time
                                             -3.111148   data arrival time
---------------------------------------------------------------------------------------------
                                              0.638852   slack (MET)


Startpoint: sub (input port clocked by __VIRTUAL_CLK__)
Endpoint: S[8] (output port clocked by __VIRTUAL_CLK__)
Path Group: __VIRTUAL_CLK__
Path Type: max

Fanout         Cap        Slew       Delay        Time   Description
---------------------------------------------------------------------------------------------
                      0.000000    0.000000    0.000000   clock __VIRTUAL_CLK__ (rise edge)
                                  0.000000    0.000000   clock network delay (ideal)
                                  1.000000    1.000000 v input external delay
     1    0.007480    0.019014    0.012749    1.012749 v sub (in)
                                                         sub (net)
                      0.019016    0.000000    1.012749 v input65/A (sky130_fd_sc_hd__buf_8)
     4    0.028045    0.035598    0.124194    1.136943 v input65/X (sky130_fd_sc_hd__buf_8)
                                                         net65 (net)
                      0.035615    0.000763    1.137706 v fanout108/A (sky130_fd_sc_hd__buf_6)
     3    0.017945    0.032241    0.125491    1.263197 v fanout108/X (sky130_fd_sc_hd__buf_6)
                                                         net108 (net)
                      0.032248    0.000496    1.263693 v fanout105/A (sky130_fd_sc_hd__buf_8)
     3    0.016721    0.028786    0.121377    1.385070 v fanout105/X (sky130_fd_sc_hd__buf_8)
                                                         net105 (net)
                      0.028786    0.000417    1.385487 v fanout103/A (sky130_fd_sc_hd__buf_6)
     3    0.012953    0.027680    0.116702    1.502189 v fanout103/X (sky130_fd_sc_hd__buf_6)
                                                         net103 (net)
                      0.027688    0.000439    1.502628 v load_slew104/A (sky130_fd_sc_hd__buf_8)
     8    0.049673    0.049103    0.143306    1.645934 v load_slew104/X (sky130_fd_sc_hd__buf_8)
                                                         net104 (net)
                      0.049234    0.002298    1.648232 v _395_/A (sky130_fd_sc_hd__and2_4)
     4    0.021266    0.049142    0.168417    1.816649 v _395_/X (sky130_fd_sc_hd__and2_4)
                                                         _124_ (net)
                      0.049172    0.000524    1.817173 v _396_/A1 (sky130_fd_sc_hd__o21bai_4)
     3    0.012291    0.134439    0.169290    1.986463 ^ _396_/Y (sky130_fd_sc_hd__o21bai_4)
                                                         _125_ (net)
                      0.134440    0.000388    1.986851 ^ _405_/C1 (sky130_fd_sc_hd__o2111a_2)
     2    0.019052    0.117726    0.289261    2.276112 ^ _405_/X (sky130_fd_sc_hd__o2111a_2)
                                                         _134_ (net)
                      0.117729    0.000796    2.276908 ^ _624_/A2 (sky130_fd_sc_hd__a21oi_2)
     3    0.019017    0.099511    0.116245    2.393153 v _624_/Y (sky130_fd_sc_hd__a21oi_2)
                                                         _333_ (net)
                      0.099512    0.000567    2.393719 v _632_/B2 (sky130_fd_sc_hd__o2bb2ai_2)
     3    0.023405    0.296178    0.295907    2.689626 ^ _632_/Y (sky130_fd_sc_hd__o2bb2ai_2)
                                                         _337_ (net)
                      0.296185    0.001224    2.690850 ^ _633_/B (sky130_fd_sc_hd__xnor2_2)
     1    0.002901    0.100764    0.149428    2.840278 ^ _633_/Y (sky130_fd_sc_hd__xnor2_2)
                                                         net96 (net)
                      0.100764    0.000090    2.840368 ^ output96/A (sky130_fd_sc_hd__clkbuf_2)
     1    0.034576    0.190508    0.239467    3.079835 ^ output96/X (sky130_fd_sc_hd__clkbuf_2)
                                                         S[8] (net)
                      0.190508    0.000883    3.080718 ^ S[8] (out)
                                              3.080718   data arrival time

                      0.000000    5.000000    5.000000   clock __VIRTUAL_CLK__ (rise edge)
                                  0.000000    5.000000   clock network delay (ideal)
                                 -0.250000    4.750000   clock uncertainty
                                  0.000000    4.750000   clock reconvergence pessimism
                                 -1.000000    3.750000   output external delay
                                              3.750000   data required time
---------------------------------------------------------------------------------------------
                                              3.750000   data required time
                                             -3.080718   data arrival time
---------------------------------------------------------------------------------------------
                                              0.669282   slack (MET)


Startpoint: sub (input port clocked by __VIRTUAL_CLK__)
Endpoint: S[16] (output port clocked by __VIRTUAL_CLK__)
Path Group: __VIRTUAL_CLK__
Path Type: max

Fanout         Cap        Slew       Delay        Time   Description
---------------------------------------------------------------------------------------------
                      0.000000    0.000000    0.000000   clock __VIRTUAL_CLK__ (rise edge)
                                  0.000000    0.000000   clock network delay (ideal)
                                  1.000000    1.000000 v input external delay
     1    0.007480    0.019014    0.012749    1.012749 v sub (in)
                                                         sub (net)
                      0.019016    0.000000    1.012749 v input65/A (sky130_fd_sc_hd__buf_8)
     4    0.028045    0.035598    0.124194    1.136943 v input65/X (sky130_fd_sc_hd__buf_8)
                                                         net65 (net)
                      0.035615    0.000763    1.137706 v fanout108/A (sky130_fd_sc_hd__buf_6)
     3    0.017945    0.032241    0.125491    1.263197 v fanout108/X (sky130_fd_sc_hd__buf_6)
                                                         net108 (net)
                      0.032248    0.000496    1.263693 v fanout105/A (sky130_fd_sc_hd__buf_8)
     3    0.016721    0.028786    0.121377    1.385070 v fanout105/X (sky130_fd_sc_hd__buf_8)
                                                         net105 (net)
                      0.028796    0.000734    1.385804 v fanout101/A (sky130_fd_sc_hd__buf_6)
     6    0.027261    0.038467    0.130581    1.516385 v fanout101/X (sky130_fd_sc_hd__buf_6)
                                                         net101 (net)
                      0.038475    0.000579    1.516964 v load_slew102/A (sky130_fd_sc_hd__buf_6)
     5    0.027177    0.038391    0.134845    1.651810 v load_slew102/X (sky130_fd_sc_hd__buf_6)
                                                         net102 (net)
                      0.038407    0.000746    1.652556 v _355_/A1 (sky130_fd_sc_hd__a21boi_2)
     1    0.009490    0.155221    0.167442    1.819998 ^ _355_/Y (sky130_fd_sc_hd__a21boi_2)
                                                         _084_ (net)
                      0.155228    0.000303    1.820301 ^ _356_/B1 (sky130_fd_sc_hd__o21ai_4)
     3    0.021286    0.106325    0.110898    1.931199 v _356_/Y (sky130_fd_sc_hd__o21ai_4)
                                                         _085_ (net)
                      0.106327    0.000647    1.931846 v _360_/B1 (sky130_fd_sc_hd__o2111ai_4)
     3    0.020295    0.253183    0.165048    2.096895 ^ _360_/Y (sky130_fd_sc_hd__o2111ai_4)
                                                         _089_ (net)
                      0.253185    0.001159    2.098053 ^ _377_/B (sky130_fd_sc_hd__nor2_4)
     3    0.018715    0.066626    0.082082    2.180135 v _377_/Y (sky130_fd_sc_hd__nor2_4)
                                                         _106_ (net)
                      0.066655    0.000479    2.180615 v _410_/B (sky130_fd_sc_hd__nand4_4)
     3    0.020238    0.112793    0.124879    2.305493 ^ _410_/Y (sky130_fd_sc_hd__nand4_4)
                                                         _139_ (net)
                      0.112793    0.000622    2.306115 ^ _415_/C (sky130_fd_sc_hd__nand3_4)
     3    0.016441    0.093151    0.110080    2.416195 v _415_/Y (sky130_fd_sc_hd__nand3_4)
                                                         _144_ (net)
                      0.093153    0.000760    2.416955 v _424_/B1 (sky130_fd_sc_hd__o22ai_4)
     4    0.031060    0.288326    0.269956    2.686911 ^ _424_/Y (sky130_fd_sc_hd__o22ai_4)
                                                         _153_ (net)
                      0.288328    0.000553    2.687464 ^ _425_/B (sky130_fd_sc_hd__xor2_2)
     1    0.009458    0.159688    0.214769    2.902233 ^ _425_/X (sky130_fd_sc_hd__xor2_2)
                                                         net73 (net)
                      0.159688    0.000468    2.902701 ^ output73/A (sky130_fd_sc_hd__buf_6)
     1    0.034480    0.077949    0.167377    3.070078 ^ output73/X (sky130_fd_sc_hd__buf_6)
                                                         S[16] (net)
                      0.077953    0.000674    3.070752 ^ S[16] (out)
                                              3.070752   data arrival time

                      0.000000    5.000000    5.000000   clock __VIRTUAL_CLK__ (rise edge)
                                  0.000000    5.000000   clock network delay (ideal)
                                 -0.250000    4.750000   clock uncertainty
                                  0.000000    4.750000   clock reconvergence pessimism
                                 -1.000000    3.750000   output external delay
                                              3.750000   data required time
---------------------------------------------------------------------------------------------
                                              3.750000   data required time
                                             -3.070752   data arrival time
---------------------------------------------------------------------------------------------
                                              0.679248   slack (MET)


Startpoint: sub (input port clocked by __VIRTUAL_CLK__)
Endpoint: S[5] (output port clocked by __VIRTUAL_CLK__)
Path Group: __VIRTUAL_CLK__
Path Type: max

Fanout         Cap        Slew       Delay        Time   Description
---------------------------------------------------------------------------------------------
                      0.000000    0.000000    0.000000   clock __VIRTUAL_CLK__ (rise edge)
                                  0.000000    0.000000   clock network delay (ideal)
                                  1.000000    1.000000 v input external delay
     1    0.007480    0.019014    0.012749    1.012749 v sub (in)
                                                         sub (net)
                      0.019016    0.000000    1.012749 v input65/A (sky130_fd_sc_hd__buf_8)
     4    0.028045    0.035598    0.124194    1.136943 v input65/X (sky130_fd_sc_hd__buf_8)
                                                         net65 (net)
                      0.035615    0.000763    1.137706 v fanout108/A (sky130_fd_sc_hd__buf_6)
     3    0.017945    0.032241    0.125491    1.263197 v fanout108/X (sky130_fd_sc_hd__buf_6)
                                                         net108 (net)
                      0.032248    0.000496    1.263693 v fanout105/A (sky130_fd_sc_hd__buf_8)
     3    0.016721    0.028786    0.121377    1.385070 v fanout105/X (sky130_fd_sc_hd__buf_8)
                                                         net105 (net)
                      0.028786    0.000417    1.385487 v fanout103/A (sky130_fd_sc_hd__buf_6)
     3    0.012953    0.027680    0.116702    1.502189 v fanout103/X (sky130_fd_sc_hd__buf_6)
                                                         net103 (net)
                      0.027688    0.000439    1.502628 v load_slew104/A (sky130_fd_sc_hd__buf_8)
     8    0.049673    0.049103    0.143306    1.645934 v load_slew104/X (sky130_fd_sc_hd__buf_8)
                                                         net104 (net)
                      0.049243    0.002363    1.648298 v _397_/A1 (sky130_fd_sc_hd__o21ai_4)
     3    0.013940    0.152679    0.187729    1.836026 ^ _397_/Y (sky130_fd_sc_hd__o21ai_4)
                                                         _126_ (net)
                      0.152679    0.000434    1.836460 ^ _416_/B2 (sky130_fd_sc_hd__o22ai_2)
     2    0.009629    0.077429    0.107669    1.944129 v _416_/Y (sky130_fd_sc_hd__o22ai_2)
                                                         _145_ (net)
                      0.077429    0.000242    1.944371 v _417_/B1 (sky130_fd_sc_hd__a21oi_2)
     1    0.009613    0.147475    0.165552    2.109922 ^ _417_/Y (sky130_fd_sc_hd__a21oi_2)
                                                         _146_ (net)
                      0.147475    0.000324    2.110246 ^ _419_/B2 (sky130_fd_sc_hd__o22ai_4)
     3    0.018159    0.078229    0.111386    2.221632 v _419_/Y (sky130_fd_sc_hd__o22ai_4)
                                                         _148_ (net)
                      0.078230    0.000700    2.222332 v _624_/B1 (sky130_fd_sc_hd__a21oi_2)
     3    0.020470    0.265455    0.254206    2.476538 ^ _624_/Y (sky130_fd_sc_hd__a21oi_2)
                                                         _333_ (net)
                      0.265456    0.000553    2.477092 ^ _626_/B2 (sky130_fd_sc_hd__o22a_4)
     3    0.019358    0.072296    0.225192    2.702283 ^ _626_/X (sky130_fd_sc_hd__o22a_4)
                                                         _334_ (net)
                      0.072303    0.000801    2.703084 ^ _627_/B (sky130_fd_sc_hd__xnor2_2)
     1    0.002333    0.094541    0.103543    2.806628 ^ _627_/Y (sky130_fd_sc_hd__xnor2_2)
                                                         net93 (net)
                      0.094541    0.000072    2.806700 ^ output93/A (sky130_fd_sc_hd__buf_2)
     1    0.035421    0.175886    0.230914    3.037614 ^ output93/X (sky130_fd_sc_hd__buf_2)
                                                         S[5] (net)
                      0.175889    0.001078    3.038692 ^ S[5] (out)
                                              3.038692   data arrival time

                      0.000000    5.000000    5.000000   clock __VIRTUAL_CLK__ (rise edge)
                                  0.000000    5.000000   clock network delay (ideal)
                                 -0.250000    4.750000   clock uncertainty
                                  0.000000    4.750000   clock reconvergence pessimism
                                 -1.000000    3.750000   output external delay
                                              3.750000   data required time
---------------------------------------------------------------------------------------------
                                              3.750000   data required time
                                             -3.038692   data arrival time
---------------------------------------------------------------------------------------------
                                              0.711308   slack (MET)


Startpoint: sub (input port clocked by __VIRTUAL_CLK__)
Endpoint: S[4] (output port clocked by __VIRTUAL_CLK__)
Path Group: __VIRTUAL_CLK__
Path Type: max

Fanout         Cap        Slew       Delay        Time   Description
---------------------------------------------------------------------------------------------
                      0.000000    0.000000    0.000000   clock __VIRTUAL_CLK__ (rise edge)
                                  0.000000    0.000000   clock network delay (ideal)
                                  1.000000    1.000000 v input external delay
     1    0.007480    0.019014    0.012749    1.012749 v sub (in)
                                                         sub (net)
                      0.019016    0.000000    1.012749 v input65/A (sky130_fd_sc_hd__buf_8)
     4    0.028045    0.035598    0.124194    1.136943 v input65/X (sky130_fd_sc_hd__buf_8)
                                                         net65 (net)
                      0.035615    0.000763    1.137706 v fanout108/A (sky130_fd_sc_hd__buf_6)
     3    0.017945    0.032241    0.125491    1.263197 v fanout108/X (sky130_fd_sc_hd__buf_6)
                                                         net108 (net)
                      0.032248    0.000496    1.263693 v fanout105/A (sky130_fd_sc_hd__buf_8)
     3    0.016721    0.028786    0.121377    1.385070 v fanout105/X (sky130_fd_sc_hd__buf_8)
                                                         net105 (net)
                      0.028786    0.000417    1.385487 v fanout103/A (sky130_fd_sc_hd__buf_6)
     3    0.012953    0.027680    0.116702    1.502189 v fanout103/X (sky130_fd_sc_hd__buf_6)
                                                         net103 (net)
                      0.027688    0.000439    1.502628 v load_slew104/A (sky130_fd_sc_hd__buf_8)
     8    0.049673    0.049103    0.143306    1.645934 v load_slew104/X (sky130_fd_sc_hd__buf_8)
                                                         net104 (net)
                      0.049243    0.002363    1.648298 v _397_/A1 (sky130_fd_sc_hd__o21ai_4)
     3    0.013940    0.152679    0.187729    1.836026 ^ _397_/Y (sky130_fd_sc_hd__o21ai_4)
                                                         _126_ (net)
                      0.152679    0.000434    1.836460 ^ _416_/B2 (sky130_fd_sc_hd__o22ai_2)
     2    0.009629    0.077429    0.107669    1.944129 v _416_/Y (sky130_fd_sc_hd__o22ai_2)
                                                         _145_ (net)
                      0.077429    0.000242    1.944371 v _417_/B1 (sky130_fd_sc_hd__a21oi_2)
     1    0.009613    0.147475    0.165552    2.109922 ^ _417_/Y (sky130_fd_sc_hd__a21oi_2)
                                                         _146_ (net)
                      0.147475    0.000324    2.110246 ^ _419_/B2 (sky130_fd_sc_hd__o22ai_4)
     3    0.018159    0.078229    0.111386    2.221632 v _419_/Y (sky130_fd_sc_hd__o22ai_4)
                                                         _148_ (net)
                      0.078230    0.000700    2.222332 v _624_/B1 (sky130_fd_sc_hd__a21oi_2)
     3    0.020470    0.265455    0.254206    2.476538 ^ _624_/Y (sky130_fd_sc_hd__a21oi_2)
                                                         _333_ (net)
                      0.265457    0.000601    2.477139 ^ _625_/B (sky130_fd_sc_hd__xnor2_2)
     1    0.006250    0.136748    0.159599    2.636739 ^ _625_/Y (sky130_fd_sc_hd__xnor2_2)
                                                         net92 (net)
                      0.136748    0.000276    2.637014 ^ output92/A (sky130_fd_sc_hd__clkbuf_2)
     1    0.035895    0.197529    0.256462    2.893476 ^ output92/X (sky130_fd_sc_hd__clkbuf_2)
                                                         S[4] (net)
                      0.197606    0.001550    2.895026 ^ S[4] (out)
                                              2.895026   data arrival time

                      0.000000    5.000000    5.000000   clock __VIRTUAL_CLK__ (rise edge)
                                  0.000000    5.000000   clock network delay (ideal)
                                 -0.250000    4.750000   clock uncertainty
                                  0.000000    4.750000   clock reconvergence pessimism
                                 -1.000000    3.750000   output external delay
                                              3.750000   data required time
---------------------------------------------------------------------------------------------
                                              3.750000   data required time
                                             -2.895026   data arrival time
---------------------------------------------------------------------------------------------
                                              0.854973   slack (MET)


Startpoint: sub (input port clocked by __VIRTUAL_CLK__)
Endpoint: S[3] (output port clocked by __VIRTUAL_CLK__)
Path Group: __VIRTUAL_CLK__
Path Type: max

Fanout         Cap        Slew       Delay        Time   Description
---------------------------------------------------------------------------------------------
                      0.000000    0.000000    0.000000   clock __VIRTUAL_CLK__ (rise edge)
                                  0.000000    0.000000   clock network delay (ideal)
                                  1.000000    1.000000 v input external delay
     1    0.007480    0.019014    0.012749    1.012749 v sub (in)
                                                         sub (net)
                      0.019016    0.000000    1.012749 v input65/A (sky130_fd_sc_hd__buf_8)
     4    0.028045    0.035598    0.124194    1.136943 v input65/X (sky130_fd_sc_hd__buf_8)
                                                         net65 (net)
                      0.035615    0.000763    1.137706 v fanout108/A (sky130_fd_sc_hd__buf_6)
     3    0.017945    0.032241    0.125491    1.263197 v fanout108/X (sky130_fd_sc_hd__buf_6)
                                                         net108 (net)
                      0.032248    0.000496    1.263693 v fanout105/A (sky130_fd_sc_hd__buf_8)
     3    0.016721    0.028786    0.121377    1.385070 v fanout105/X (sky130_fd_sc_hd__buf_8)
                                                         net105 (net)
                      0.028786    0.000417    1.385487 v fanout103/A (sky130_fd_sc_hd__buf_6)
     3    0.012953    0.027680    0.116702    1.502189 v fanout103/X (sky130_fd_sc_hd__buf_6)
                                                         net103 (net)
                      0.027688    0.000439    1.502628 v load_slew104/A (sky130_fd_sc_hd__buf_8)
     8    0.049673    0.049103    0.143306    1.645934 v load_slew104/X (sky130_fd_sc_hd__buf_8)
                                                         net104 (net)
                      0.049243    0.002363    1.648298 v _397_/A1 (sky130_fd_sc_hd__o21ai_4)
     3    0.013940    0.152679    0.187729    1.836026 ^ _397_/Y (sky130_fd_sc_hd__o21ai_4)
                                                         _126_ (net)
                      0.152679    0.000434    1.836460 ^ _416_/B2 (sky130_fd_sc_hd__o22ai_2)
     2    0.009629    0.077429    0.107669    1.944129 v _416_/Y (sky130_fd_sc_hd__o22ai_2)
                                                         _145_ (net)
                      0.077429    0.000233    1.944362 v _619_/B1 (sky130_fd_sc_hd__a211o_4)
     2    0.012919    0.062204    0.350669    2.295030 v _619_/X (sky130_fd_sc_hd__a211o_4)
                                                         _330_ (net)
                      0.062204    0.000513    2.295544 v _621_/A2 (sky130_fd_sc_hd__a21oi_2)
     1    0.004179    0.093572    0.145718    2.441262 ^ _621_/Y (sky130_fd_sc_hd__a21oi_2)
                                                         _331_ (net)
                      0.093572    0.000141    2.441403 ^ _623_/A_N (sky130_fd_sc_hd__nand2b_4)
     1    0.005554    0.047159    0.135888    2.577291 ^ _623_/Y (sky130_fd_sc_hd__nand2b_4)
                                                         net91 (net)
                      0.047160    0.000130    2.577421 ^ output91/A (sky130_fd_sc_hd__buf_6)
     1    0.034970    0.077942    0.133047    2.710468 ^ output91/X (sky130_fd_sc_hd__buf_6)
                                                         S[3] (net)
                      0.077952    0.000951    2.711419 ^ S[3] (out)
                                              2.711419   data arrival time

                      0.000000    5.000000    5.000000   clock __VIRTUAL_CLK__ (rise edge)
                                  0.000000    5.000000   clock network delay (ideal)
                                 -0.250000    4.750000   clock uncertainty
                                  0.000000    4.750000   clock reconvergence pessimism
                                 -1.000000    3.750000   output external delay
                                              3.750000   data required time
---------------------------------------------------------------------------------------------
                                              3.750000   data required time
                                             -2.711419   data arrival time
---------------------------------------------------------------------------------------------
                                              1.038581   slack (MET)


Startpoint: sub (input port clocked by __VIRTUAL_CLK__)
Endpoint: S[2] (output port clocked by __VIRTUAL_CLK__)
Path Group: __VIRTUAL_CLK__
Path Type: max

Fanout         Cap        Slew       Delay        Time   Description
---------------------------------------------------------------------------------------------
                      0.000000    0.000000    0.000000   clock __VIRTUAL_CLK__ (rise edge)
                                  0.000000    0.000000   clock network delay (ideal)
                                  1.000000    1.000000 v input external delay
     1    0.007480    0.019014    0.012749    1.012749 v sub (in)
                                                         sub (net)
                      0.019016    0.000000    1.012749 v input65/A (sky130_fd_sc_hd__buf_8)
     4    0.028045    0.035598    0.124194    1.136943 v input65/X (sky130_fd_sc_hd__buf_8)
                                                         net65 (net)
                      0.035615    0.000763    1.137706 v fanout108/A (sky130_fd_sc_hd__buf_6)
     3    0.017945    0.032241    0.125491    1.263197 v fanout108/X (sky130_fd_sc_hd__buf_6)
                                                         net108 (net)
                      0.032248    0.000496    1.263693 v fanout105/A (sky130_fd_sc_hd__buf_8)
     3    0.016721    0.028786    0.121377    1.385070 v fanout105/X (sky130_fd_sc_hd__buf_8)
                                                         net105 (net)
                      0.028786    0.000417    1.385487 v fanout103/A (sky130_fd_sc_hd__buf_6)
     3    0.012953    0.027680    0.116702    1.502189 v fanout103/X (sky130_fd_sc_hd__buf_6)
                                                         net103 (net)
                      0.027688    0.000439    1.502628 v load_slew104/A (sky130_fd_sc_hd__buf_8)
     8    0.049673    0.049103    0.143306    1.645934 v load_slew104/X (sky130_fd_sc_hd__buf_8)
                                                         net104 (net)
                      0.049234    0.002298    1.648232 v _395_/A (sky130_fd_sc_hd__and2_4)
     4    0.021266    0.049142    0.168417    1.816649 v _395_/X (sky130_fd_sc_hd__and2_4)
                                                         _124_ (net)
                      0.049172    0.000524    1.817173 v _396_/A1 (sky130_fd_sc_hd__o21bai_4)
     3    0.012291    0.134439    0.169290    1.986463 ^ _396_/Y (sky130_fd_sc_hd__o21bai_4)
                                                         _125_ (net)
                      0.134439    0.000296    1.986758 ^ rebuffer124/A (sky130_fd_sc_hd__buf_2)
     3    0.015113    0.081383    0.174976    2.161735 ^ rebuffer124/X (sky130_fd_sc_hd__buf_2)
                                                         net124 (net)
                      0.081383    0.000185    2.161920 ^ _398_/B1 (sky130_fd_sc_hd__o21a_2)
     1    0.010056    0.065544    0.164223    2.326142 ^ _398_/X (sky130_fd_sc_hd__o21a_2)
                                                         _127_ (net)
                      0.065544    0.000336    2.326478 ^ _620_/A (sky130_fd_sc_hd__xor2_2)
     1    0.004445    0.107789    0.129516    2.455993 ^ _620_/X (sky130_fd_sc_hd__xor2_2)
                                                         net88 (net)
                      0.107789    0.000167    2.456160 ^ output88/A (sky130_fd_sc_hd__buf_4)
     1    0.035998    0.107095    0.190994    2.647154 ^ output88/X (sky130_fd_sc_hd__buf_4)
                                                         S[2] (net)
                      0.107102    0.000962    2.648116 ^ S[2] (out)
                                              2.648116   data arrival time

                      0.000000    5.000000    5.000000   clock __VIRTUAL_CLK__ (rise edge)
                                  0.000000    5.000000   clock network delay (ideal)
                                 -0.250000    4.750000   clock uncertainty
                                  0.000000    4.750000   clock reconvergence pessimism
                                 -1.000000    3.750000   output external delay
                                              3.750000   data required time
---------------------------------------------------------------------------------------------
                                              3.750000   data required time
                                             -2.648116   data arrival time
---------------------------------------------------------------------------------------------
                                              1.101884   slack (MET)


Startpoint: sub (input port clocked by __VIRTUAL_CLK__)
Endpoint: S[1] (output port clocked by __VIRTUAL_CLK__)
Path Group: __VIRTUAL_CLK__
Path Type: max

Fanout         Cap        Slew       Delay        Time   Description
---------------------------------------------------------------------------------------------
                      0.000000    0.000000    0.000000   clock __VIRTUAL_CLK__ (rise edge)
                                  0.000000    0.000000   clock network delay (ideal)
                                  1.000000    1.000000 v input external delay
     1    0.007480    0.019014    0.012749    1.012749 v sub (in)
                                                         sub (net)
                      0.019016    0.000000    1.012749 v input65/A (sky130_fd_sc_hd__buf_8)
     4    0.028045    0.035598    0.124194    1.136943 v input65/X (sky130_fd_sc_hd__buf_8)
                                                         net65 (net)
                      0.035615    0.000763    1.137706 v fanout108/A (sky130_fd_sc_hd__buf_6)
     3    0.017945    0.032241    0.125491    1.263197 v fanout108/X (sky130_fd_sc_hd__buf_6)
                                                         net108 (net)
                      0.032248    0.000496    1.263693 v fanout105/A (sky130_fd_sc_hd__buf_8)
     3    0.016721    0.028786    0.121377    1.385070 v fanout105/X (sky130_fd_sc_hd__buf_8)
                                                         net105 (net)
                      0.028786    0.000486    1.385556 v rebuffer140/A (sky130_fd_sc_hd__buf_2)
     4    0.024349    0.068470    0.162334    1.547890 v rebuffer140/X (sky130_fd_sc_hd__buf_2)
                                                         net140 (net)
                      0.068479    0.000838    1.548728 v _381_/A (sky130_fd_sc_hd__nand2_2)
     1    0.009547    0.081969    0.085556    1.634283 ^ _381_/Y (sky130_fd_sc_hd__nand2_2)
                                                         _110_ (net)
                      0.081969    0.000313    1.634596 ^ _383_/A (sky130_fd_sc_hd__nand2_4)
     3    0.019669    0.060881    0.074556    1.709152 v _383_/Y (sky130_fd_sc_hd__nand2_4)
                                                         _112_ (net)
                      0.060886    0.000578    1.709730 v _386_/A1 (sky130_fd_sc_hd__o21ai_4)
     2    0.011874    0.140390    0.182513    1.892243 ^ _386_/Y (sky130_fd_sc_hd__o21ai_4)
                                                         _115_ (net)
                      0.140390    0.000287    1.892530 ^ rebuffer201/A (sky130_fd_sc_hd__buf_2)
     1    0.009809    0.057945    0.157453    2.049983 ^ rebuffer201/X (sky130_fd_sc_hd__buf_2)
                                                         net201 (net)
                      0.057946    0.000338    2.050321 ^ _617_/A (sky130_fd_sc_hd__xnor2_2)
     1    0.002196    0.093018    0.104143    2.154464 ^ _617_/Y (sky130_fd_sc_hd__xnor2_2)
                                                         net77 (net)
                      0.093018    0.000064    2.154527 ^ output77/A (sky130_fd_sc_hd__dlymetal6s2s_1)
     1    0.036294    0.365041    0.347880    2.502407 ^ output77/X (sky130_fd_sc_hd__dlymetal6s2s_1)
                                                         S[1] (net)
                      0.365047    0.001256    2.503663 ^ S[1] (out)
                                              2.503663   data arrival time

                      0.000000    5.000000    5.000000   clock __VIRTUAL_CLK__ (rise edge)
                                  0.000000    5.000000   clock network delay (ideal)
                                 -0.250000    4.750000   clock uncertainty
                                  0.000000    4.750000   clock reconvergence pessimism
                                 -1.000000    3.750000   output external delay
                                              3.750000   data required time
---------------------------------------------------------------------------------------------
                                              3.750000   data required time
                                             -2.503663   data arrival time
---------------------------------------------------------------------------------------------
                                              1.246337   slack (MET)


Startpoint: B[0] (input port clocked by __VIRTUAL_CLK__)
Endpoint: S[0] (output port clocked by __VIRTUAL_CLK__)
Path Group: __VIRTUAL_CLK__
Path Type: max

Fanout         Cap        Slew       Delay        Time   Description
---------------------------------------------------------------------------------------------
                      0.000000    0.000000    0.000000   clock __VIRTUAL_CLK__ (rise edge)
                                  0.000000    0.000000   clock network delay (ideal)
                                  1.000000    1.000000 ^ input external delay
     1    0.003571    0.023076    0.013682    1.013682 ^ B[0] (in)
                                                         B[0] (net)
                      0.023084    0.000000    1.013682 ^ input33/A (sky130_fd_sc_hd__dlygate4sd1_1)
     7    0.038112    0.366125    0.433089    1.446771 ^ input33/X (sky130_fd_sc_hd__dlygate4sd1_1)
                                                         net33 (net)
                      0.366125    0.001165    1.447936 ^ _615_/B (sky130_fd_sc_hd__xor2_2)
     1    0.003292    0.098239    0.164006    1.611942 ^ _615_/X (sky130_fd_sc_hd__xor2_2)
                                                         net66 (net)
                      0.098239    0.000108    1.612050 ^ output66/A (sky130_fd_sc_hd__clkdlybuf4s25_1)
     1    0.035539    0.358816    0.510557    2.122607 ^ output66/X (sky130_fd_sc_hd__clkdlybuf4s25_1)
                                                         S[0] (net)
                      0.358816    0.000973    2.123580 ^ S[0] (out)
                                              2.123580   data arrival time

                      0.000000    5.000000    5.000000   clock __VIRTUAL_CLK__ (rise edge)
                                  0.000000    5.000000   clock network delay (ideal)
                                 -0.250000    4.750000   clock uncertainty
                                  0.000000    4.750000   clock reconvergence pessimism
                                 -1.000000    3.750000   output external delay
                                              3.750000   data required time
---------------------------------------------------------------------------------------------
                                              3.750000   data required time
                                             -2.123580   data arrival time
---------------------------------------------------------------------------------------------
                                              1.626420   slack (MET)



