
===========================================================================
report_checks -path_delay max (Setup)
============================================================================
======================= max_ff_n40C_1v95 Corner ===================================

Startpoint: sub (input port clocked by __VIRTUAL_CLK__)
Endpoint: S[20] (output port clocked by __VIRTUAL_CLK__)
Path Group: __VIRTUAL_CLK__
Path Type: max

Fanout         Cap        Slew       Delay        Time   Description
---------------------------------------------------------------------------------------------
                      0.000000    0.000000    0.000000   clock __VIRTUAL_CLK__ (rise edge)
                                  0.000000    0.000000   clock network delay (ideal)
                                  0.800000    0.800000 v input external delay
     1    0.008325    0.013646    0.008504    0.808504 v sub (in)
                                                         sub (net)
                      0.013663    0.000000    0.808504 v input65/A (sky130_fd_sc_hd__buf_8)
     4    0.033160    0.029656    0.084476    0.892979 v input65/X (sky130_fd_sc_hd__buf_8)
                                                         net65 (net)
                      0.029990    0.002508    0.895487 v fanout121/A (sky130_fd_sc_hd__buf_8)
     5    0.032399    0.029685    0.089993    0.985480 v fanout121/X (sky130_fd_sc_hd__buf_8)
                                                         net121 (net)
                      0.030066    0.002754    0.988235 v fanout113/A (sky130_fd_sc_hd__buf_8)
     2    0.010701    0.019197    0.079412    1.067647 v fanout113/X (sky130_fd_sc_hd__buf_8)
                                                         net113 (net)
                      0.019204    0.000859    1.068506 v load_slew115/A (sky130_fd_sc_hd__buf_8)
     3    0.017043    0.021791    0.078660    1.147165 v load_slew115/X (sky130_fd_sc_hd__buf_8)
                                                         net115 (net)
                      0.021798    0.000610    1.147776 v load_slew114/A (sky130_fd_sc_hd__buf_8)
     3    0.043909    0.036083    0.092289    1.240065 v load_slew114/X (sky130_fd_sc_hd__buf_8)
                                                         net114 (net)
                      0.036744    0.004031    1.244096 v _652_/A (sky130_fd_sc_hd__inv_16)
     8    0.075248    0.060186    0.066819    1.310915 ^ _652_/Y (sky130_fd_sc_hd__inv_16)
                                                         _348_ (net)
                      0.060325    0.002414    1.313329 ^ _702_/A (sky130_fd_sc_hd__nand2_2)
     1    0.005793    0.042118    0.032934    1.346263 v _702_/Y (sky130_fd_sc_hd__nand2_2)
                                                         _049_ (net)
                      0.042119    0.000429    1.346692 v _706_/B (sky130_fd_sc_hd__nand3b_2)
     4    0.024560    0.128028    0.118422    1.465114 ^ _706_/Y (sky130_fd_sc_hd__nand3b_2)
                                                         _053_ (net)
                      0.128056    0.001579    1.466693 ^ _709_/D (sky130_fd_sc_hd__nand4_4)
     1    0.009132    0.073720    0.069451    1.536144 v _709_/Y (sky130_fd_sc_hd__nand4_4)
                                                         _056_ (net)
                      0.073721    0.000754    1.536898 v _725_/B (sky130_fd_sc_hd__nor2_4)
     4    0.034349    0.166931    0.160502    1.697400 ^ _725_/Y (sky130_fd_sc_hd__nor2_4)
                                                         _072_ (net)
                      0.167181    0.005493    1.702894 ^ _410_/D (sky130_fd_sc_hd__nand4_4)
     2    0.015096    0.073350    0.081772    1.784666 v _410_/Y (sky130_fd_sc_hd__nand4_4)
                                                         _139_ (net)
                      0.073354    0.001051    1.785717 v _415_/C (sky130_fd_sc_hd__nand3_4)
     3    0.021227    0.077980    0.099926    1.885643 ^ _415_/Y (sky130_fd_sc_hd__nand3_4)
                                                         _144_ (net)
                      0.077996    0.002166    1.887809 ^ _424_/B1 (sky130_fd_sc_hd__o22ai_4)
     4    0.024574    0.073018    0.057541    1.945350 v _424_/Y (sky130_fd_sc_hd__o22ai_4)
                                                         _153_ (net)
                      0.073181    0.002824    1.948174 v _470_/B1 (sky130_fd_sc_hd__o22ai_4)
     7    0.034860    0.208459    0.204180    2.152354 ^ _470_/Y (sky130_fd_sc_hd__o22ai_4)
                                                         _195_ (net)
                      0.208488    0.001995    2.154349 ^ rebuffer122/A (sky130_fd_sc_hd__buf_4)
     1    0.015958    0.044197    0.113358    2.267707 ^ rebuffer122/X (sky130_fd_sc_hd__buf_4)
                                                         net122 (net)
                      0.044241    0.001297    2.269004 ^ _471_/B (sky130_fd_sc_hd__xor2_4)
     1    0.003958    0.075735    0.093480    2.362484 ^ _471_/X (sky130_fd_sc_hd__xor2_4)
                                                         net78 (net)
                      0.075735    0.000126    2.362611 ^ output78/A (sky130_fd_sc_hd__clkbuf_4)
     1    0.034822    0.085343    0.145444    2.508055 ^ output78/X (sky130_fd_sc_hd__clkbuf_4)
                                                         S[20] (net)
                      0.085439    0.001950    2.510005 ^ S[20] (out)
                                              2.510005   data arrival time

                      0.000000    4.000000    4.000000   clock __VIRTUAL_CLK__ (rise edge)
                                  0.000000    4.000000   clock network delay (ideal)
                                 -0.250000    3.750000   clock uncertainty
                                  0.000000    3.750000   clock reconvergence pessimism
                                 -0.800000    2.950000   output external delay
                                              2.950000   data required time
---------------------------------------------------------------------------------------------
                                              2.950000   data required time
                                             -2.510005   data arrival time
---------------------------------------------------------------------------------------------
                                              0.439995   slack (MET)


Startpoint: sub (input port clocked by __VIRTUAL_CLK__)
Endpoint: S[21] (output port clocked by __VIRTUAL_CLK__)
Path Group: __VIRTUAL_CLK__
Path Type: max

Fanout         Cap        Slew       Delay        Time   Description
---------------------------------------------------------------------------------------------
                      0.000000    0.000000    0.000000   clock __VIRTUAL_CLK__ (rise edge)
                                  0.000000    0.000000   clock network delay (ideal)
                                  0.800000    0.800000 v input external delay
     1    0.008325    0.013646    0.008504    0.808504 v sub (in)
                                                         sub (net)
                      0.013663    0.000000    0.808504 v input65/A (sky130_fd_sc_hd__buf_8)
     4    0.033160    0.029656    0.084476    0.892979 v input65/X (sky130_fd_sc_hd__buf_8)
                                                         net65 (net)
                      0.029990    0.002508    0.895487 v fanout121/A (sky130_fd_sc_hd__buf_8)
     5    0.032399    0.029685    0.089993    0.985480 v fanout121/X (sky130_fd_sc_hd__buf_8)
                                                         net121 (net)
                      0.030066    0.002754    0.988235 v fanout113/A (sky130_fd_sc_hd__buf_8)
     2    0.010701    0.019197    0.079412    1.067647 v fanout113/X (sky130_fd_sc_hd__buf_8)
                                                         net113 (net)
                      0.019204    0.000859    1.068506 v load_slew115/A (sky130_fd_sc_hd__buf_8)
     3    0.017043    0.021791    0.078660    1.147165 v load_slew115/X (sky130_fd_sc_hd__buf_8)
                                                         net115 (net)
                      0.021798    0.000610    1.147776 v load_slew114/A (sky130_fd_sc_hd__buf_8)
     3    0.043909    0.036083    0.092289    1.240065 v load_slew114/X (sky130_fd_sc_hd__buf_8)
                                                         net114 (net)
                      0.036744    0.004031    1.244096 v _652_/A (sky130_fd_sc_hd__inv_16)
     8    0.075248    0.060186    0.066819    1.310915 ^ _652_/Y (sky130_fd_sc_hd__inv_16)
                                                         _348_ (net)
                      0.060325    0.002414    1.313329 ^ _702_/A (sky130_fd_sc_hd__nand2_2)
     1    0.005793    0.042118    0.032934    1.346263 v _702_/Y (sky130_fd_sc_hd__nand2_2)
                                                         _049_ (net)
                      0.042119    0.000429    1.346692 v _706_/B (sky130_fd_sc_hd__nand3b_2)
     4    0.024560    0.128028    0.118422    1.465114 ^ _706_/Y (sky130_fd_sc_hd__nand3b_2)
                                                         _053_ (net)
                      0.128056    0.001579    1.466693 ^ _709_/D (sky130_fd_sc_hd__nand4_4)
     1    0.009132    0.073720    0.069451    1.536144 v _709_/Y (sky130_fd_sc_hd__nand4_4)
                                                         _056_ (net)
                      0.073721    0.000754    1.536898 v _725_/B (sky130_fd_sc_hd__nor2_4)
     4    0.034349    0.166931    0.160502    1.697400 ^ _725_/Y (sky130_fd_sc_hd__nor2_4)
                                                         _072_ (net)
                      0.167181    0.005493    1.702894 ^ _410_/D (sky130_fd_sc_hd__nand4_4)
     2    0.015096    0.073350    0.081772    1.784666 v _410_/Y (sky130_fd_sc_hd__nand4_4)
                                                         _139_ (net)
                      0.073354    0.001051    1.785717 v _415_/C (sky130_fd_sc_hd__nand3_4)
     3    0.021227    0.077980    0.099926    1.885643 ^ _415_/Y (sky130_fd_sc_hd__nand3_4)
                                                         _144_ (net)
                      0.077996    0.002166    1.887809 ^ _424_/B1 (sky130_fd_sc_hd__o22ai_4)
     4    0.024574    0.073018    0.057541    1.945350 v _424_/Y (sky130_fd_sc_hd__o22ai_4)
                                                         _153_ (net)
                      0.073181    0.002824    1.948174 v _470_/B1 (sky130_fd_sc_hd__o22ai_4)
     7    0.034860    0.208459    0.204180    2.152354 ^ _470_/Y (sky130_fd_sc_hd__o22ai_4)
                                                         _195_ (net)
                      0.208488    0.002025    2.154379 ^ rebuffer124/A (sky130_fd_sc_hd__buf_6)
     1    0.005414    0.023098    0.076469    2.230849 ^ rebuffer124/X (sky130_fd_sc_hd__buf_6)
                                                         net124 (net)
                      0.023098    0.000421    2.231270 ^ _479_/A2_N (sky130_fd_sc_hd__o2bb2ai_2)
     1    0.005837    0.085157    0.064260    2.295530 ^ _479_/Y (sky130_fd_sc_hd__o2bb2ai_2)
                                                         _203_ (net)
                      0.085158    0.000445    2.295975 ^ _481_/B1 (sky130_fd_sc_hd__o21ai_2)
     1    0.009539    0.048663    0.039665    2.335640 v _481_/Y (sky130_fd_sc_hd__o21ai_2)
                                                         _205_ (net)
                      0.048681    0.000763    2.336403 v _482_/A (sky130_fd_sc_hd__nand2_4)
     1    0.011220    0.041747    0.052771    2.389174 ^ _482_/Y (sky130_fd_sc_hd__nand2_4)
                                                         net79 (net)
                      0.041754    0.001014    2.390188 ^ output79/A (sky130_fd_sc_hd__buf_8)
     1    0.036123    0.051685    0.085811    2.475999 ^ output79/X (sky130_fd_sc_hd__buf_8)
                                                         S[21] (net)
                      0.051827    0.002277    2.478276 ^ S[21] (out)
                                              2.478276   data arrival time

                      0.000000    4.000000    4.000000   clock __VIRTUAL_CLK__ (rise edge)
                                  0.000000    4.000000   clock network delay (ideal)
                                 -0.250000    3.750000   clock uncertainty
                                  0.000000    3.750000   clock reconvergence pessimism
                                 -0.800000    2.950000   output external delay
                                              2.950000   data required time
---------------------------------------------------------------------------------------------
                                              2.950000   data required time
                                             -2.478276   data arrival time
---------------------------------------------------------------------------------------------
                                              0.471724   slack (MET)


Startpoint: sub (input port clocked by __VIRTUAL_CLK__)
Endpoint: S[22] (output port clocked by __VIRTUAL_CLK__)
Path Group: __VIRTUAL_CLK__
Path Type: max

Fanout         Cap        Slew       Delay        Time   Description
---------------------------------------------------------------------------------------------
                      0.000000    0.000000    0.000000   clock __VIRTUAL_CLK__ (rise edge)
                                  0.000000    0.000000   clock network delay (ideal)
                                  0.800000    0.800000 v input external delay
     1    0.008325    0.013646    0.008504    0.808504 v sub (in)
                                                         sub (net)
                      0.013663    0.000000    0.808504 v input65/A (sky130_fd_sc_hd__buf_8)
     4    0.033160    0.029656    0.084476    0.892979 v input65/X (sky130_fd_sc_hd__buf_8)
                                                         net65 (net)
                      0.029990    0.002508    0.895487 v fanout121/A (sky130_fd_sc_hd__buf_8)
     5    0.032399    0.029685    0.089993    0.985480 v fanout121/X (sky130_fd_sc_hd__buf_8)
                                                         net121 (net)
                      0.030066    0.002754    0.988235 v fanout113/A (sky130_fd_sc_hd__buf_8)
     2    0.010701    0.019197    0.079412    1.067647 v fanout113/X (sky130_fd_sc_hd__buf_8)
                                                         net113 (net)
                      0.019204    0.000859    1.068506 v load_slew115/A (sky130_fd_sc_hd__buf_8)
     3    0.017043    0.021791    0.078660    1.147165 v load_slew115/X (sky130_fd_sc_hd__buf_8)
                                                         net115 (net)
                      0.021798    0.000610    1.147776 v load_slew114/A (sky130_fd_sc_hd__buf_8)
     3    0.043909    0.036083    0.092289    1.240065 v load_slew114/X (sky130_fd_sc_hd__buf_8)
                                                         net114 (net)
                      0.036744    0.004031    1.244096 v _652_/A (sky130_fd_sc_hd__inv_16)
     8    0.075248    0.060186    0.066819    1.310915 ^ _652_/Y (sky130_fd_sc_hd__inv_16)
                                                         _348_ (net)
                      0.060325    0.002414    1.313329 ^ _702_/A (sky130_fd_sc_hd__nand2_2)
     1    0.005793    0.042118    0.032934    1.346263 v _702_/Y (sky130_fd_sc_hd__nand2_2)
                                                         _049_ (net)
                      0.042119    0.000429    1.346692 v _706_/B (sky130_fd_sc_hd__nand3b_2)
     4    0.024560    0.128028    0.118422    1.465114 ^ _706_/Y (sky130_fd_sc_hd__nand3b_2)
                                                         _053_ (net)
                      0.128056    0.001579    1.466693 ^ _709_/D (sky130_fd_sc_hd__nand4_4)
     1    0.009132    0.073720    0.069451    1.536144 v _709_/Y (sky130_fd_sc_hd__nand4_4)
                                                         _056_ (net)
                      0.073721    0.000754    1.536898 v _725_/B (sky130_fd_sc_hd__nor2_4)
     4    0.034349    0.166931    0.160502    1.697400 ^ _725_/Y (sky130_fd_sc_hd__nor2_4)
                                                         _072_ (net)
                      0.167181    0.005493    1.702894 ^ _410_/D (sky130_fd_sc_hd__nand4_4)
     2    0.015096    0.073350    0.081772    1.784666 v _410_/Y (sky130_fd_sc_hd__nand4_4)
                                                         _139_ (net)
                      0.073354    0.001051    1.785717 v _415_/C (sky130_fd_sc_hd__nand3_4)
     3    0.021227    0.077980    0.099926    1.885643 ^ _415_/Y (sky130_fd_sc_hd__nand3_4)
                                                         _144_ (net)
                      0.077996    0.002166    1.887809 ^ _424_/B1 (sky130_fd_sc_hd__o22ai_4)
     4    0.024574    0.073018    0.057541    1.945350 v _424_/Y (sky130_fd_sc_hd__o22ai_4)
                                                         _153_ (net)
                      0.073181    0.002824    1.948174 v _470_/B1 (sky130_fd_sc_hd__o22ai_4)
     7    0.034860    0.208459    0.204180    2.152354 ^ _470_/Y (sky130_fd_sc_hd__o22ai_4)
                                                         _195_ (net)
                      0.208528    0.003067    2.155421 ^ rebuffer123/A (sky130_fd_sc_hd__buf_6)
     1    0.005129    0.022755    0.076052    2.231473 ^ rebuffer123/X (sky130_fd_sc_hd__buf_6)
                                                         net123 (net)
                      0.022755    0.000255    2.231729 ^ _487_/A2_N (sky130_fd_sc_hd__o2bb2ai_2)
     1    0.005087    0.079962    0.061654    2.293383 ^ _487_/Y (sky130_fd_sc_hd__o2bb2ai_2)
                                                         _210_ (net)
                      0.079963    0.000396    2.293779 ^ _496_/B (sky130_fd_sc_hd__nand2_2)
     1    0.009191    0.036279    0.047003    2.340782 v _496_/Y (sky130_fd_sc_hd__nand2_2)
                                                         _219_ (net)
                      0.036301    0.000747    2.341529 v _497_/A (sky130_fd_sc_hd__nand2_4)
     1    0.007933    0.035838    0.042307    2.383836 ^ _497_/Y (sky130_fd_sc_hd__nand2_4)
                                                         net80 (net)
                      0.035841    0.000641    2.384477 ^ output80/A (sky130_fd_sc_hd__buf_8)
     1    0.035333    0.050735    0.083865    2.468343 ^ output80/X (sky130_fd_sc_hd__buf_8)
                                                         S[22] (net)
                      0.050852    0.002041    2.470383 ^ S[22] (out)
                                              2.470383   data arrival time

                      0.000000    4.000000    4.000000   clock __VIRTUAL_CLK__ (rise edge)
                                  0.000000    4.000000   clock network delay (ideal)
                                 -0.250000    3.750000   clock uncertainty
                                  0.000000    3.750000   clock reconvergence pessimism
                                 -0.800000    2.950000   output external delay
                                              2.950000   data required time
---------------------------------------------------------------------------------------------
                                              2.950000   data required time
                                             -2.470383   data arrival time
---------------------------------------------------------------------------------------------
                                              0.479616   slack (MET)


Startpoint: sub (input port clocked by __VIRTUAL_CLK__)
Endpoint: S[23] (output port clocked by __VIRTUAL_CLK__)
Path Group: __VIRTUAL_CLK__
Path Type: max

Fanout         Cap        Slew       Delay        Time   Description
---------------------------------------------------------------------------------------------
                      0.000000    0.000000    0.000000   clock __VIRTUAL_CLK__ (rise edge)
                                  0.000000    0.000000   clock network delay (ideal)
                                  0.800000    0.800000 v input external delay
     1    0.008325    0.013646    0.008504    0.808504 v sub (in)
                                                         sub (net)
                      0.013663    0.000000    0.808504 v input65/A (sky130_fd_sc_hd__buf_8)
     4    0.033160    0.029656    0.084476    0.892979 v input65/X (sky130_fd_sc_hd__buf_8)
                                                         net65 (net)
                      0.029990    0.002508    0.895487 v fanout121/A (sky130_fd_sc_hd__buf_8)
     5    0.032399    0.029685    0.089993    0.985480 v fanout121/X (sky130_fd_sc_hd__buf_8)
                                                         net121 (net)
                      0.030066    0.002754    0.988235 v fanout113/A (sky130_fd_sc_hd__buf_8)
     2    0.010701    0.019197    0.079412    1.067647 v fanout113/X (sky130_fd_sc_hd__buf_8)
                                                         net113 (net)
                      0.019204    0.000859    1.068506 v load_slew115/A (sky130_fd_sc_hd__buf_8)
     3    0.017043    0.021791    0.078660    1.147165 v load_slew115/X (sky130_fd_sc_hd__buf_8)
                                                         net115 (net)
                      0.021798    0.000610    1.147776 v load_slew114/A (sky130_fd_sc_hd__buf_8)
     3    0.043909    0.036083    0.092289    1.240065 v load_slew114/X (sky130_fd_sc_hd__buf_8)
                                                         net114 (net)
                      0.036744    0.004031    1.244096 v _652_/A (sky130_fd_sc_hd__inv_16)
     8    0.075248    0.060186    0.066819    1.310915 ^ _652_/Y (sky130_fd_sc_hd__inv_16)
                                                         _348_ (net)
                      0.060325    0.002414    1.313329 ^ _702_/A (sky130_fd_sc_hd__nand2_2)
     1    0.005793    0.042118    0.032934    1.346263 v _702_/Y (sky130_fd_sc_hd__nand2_2)
                                                         _049_ (net)
                      0.042119    0.000429    1.346692 v _706_/B (sky130_fd_sc_hd__nand3b_2)
     4    0.024560    0.128028    0.118422    1.465114 ^ _706_/Y (sky130_fd_sc_hd__nand3b_2)
                                                         _053_ (net)
                      0.128056    0.001579    1.466693 ^ _709_/D (sky130_fd_sc_hd__nand4_4)
     1    0.009132    0.073720    0.069451    1.536144 v _709_/Y (sky130_fd_sc_hd__nand4_4)
                                                         _056_ (net)
                      0.073721    0.000754    1.536898 v _725_/B (sky130_fd_sc_hd__nor2_4)
     4    0.034349    0.166931    0.160502    1.697400 ^ _725_/Y (sky130_fd_sc_hd__nor2_4)
                                                         _072_ (net)
                      0.167181    0.005493    1.702894 ^ _410_/D (sky130_fd_sc_hd__nand4_4)
     2    0.015096    0.073350    0.081772    1.784666 v _410_/Y (sky130_fd_sc_hd__nand4_4)
                                                         _139_ (net)
                      0.073354    0.001051    1.785717 v _415_/C (sky130_fd_sc_hd__nand3_4)
     3    0.021227    0.077980    0.099926    1.885643 ^ _415_/Y (sky130_fd_sc_hd__nand3_4)
                                                         _144_ (net)
                      0.077996    0.002166    1.887809 ^ _424_/B1 (sky130_fd_sc_hd__o22ai_4)
     4    0.024574    0.073018    0.057541    1.945350 v _424_/Y (sky130_fd_sc_hd__o22ai_4)
                                                         _153_ (net)
                      0.073181    0.002824    1.948174 v _470_/B1 (sky130_fd_sc_hd__o22ai_4)
     7    0.034860    0.208459    0.204180    2.152354 ^ _470_/Y (sky130_fd_sc_hd__o22ai_4)
                                                         _195_ (net)
                      0.208523    0.002949    2.155304 ^ _507_/B (sky130_fd_sc_hd__nand2_2)
     1    0.009434    0.056092    0.053410    2.208714 v _507_/Y (sky130_fd_sc_hd__nand2_2)
                                                         _229_ (net)
                      0.056107    0.000761    2.209476 v _512_/A2 (sky130_fd_sc_hd__a21oi_4)
     1    0.010036    0.093310    0.126525    2.336000 ^ _512_/Y (sky130_fd_sc_hd__a21oi_4)
                                                         _234_ (net)
                      0.093312    0.000826    2.336826 ^ _513_/B (sky130_fd_sc_hd__nor2_4)
     1    0.004867    0.037340    0.017357    2.354183 v _513_/Y (sky130_fd_sc_hd__nor2_4)
                                                         net81 (net)
                      0.037341    0.000389    2.354572 v output81/A (sky130_fd_sc_hd__buf_6)
     1    0.035773    0.033199    0.097902    2.452474 v output81/X (sky130_fd_sc_hd__buf_6)
                                                         S[23] (net)
                      0.033449    0.002217    2.454691 v S[23] (out)
                                              2.454691   data arrival time

                      0.000000    4.000000    4.000000   clock __VIRTUAL_CLK__ (rise edge)
                                  0.000000    4.000000   clock network delay (ideal)
                                 -0.250000    3.750000   clock uncertainty
                                  0.000000    3.750000   clock reconvergence pessimism
                                 -0.800000    2.950000   output external delay
                                              2.950000   data required time
---------------------------------------------------------------------------------------------
                                              2.950000   data required time
                                             -2.454691   data arrival time
---------------------------------------------------------------------------------------------
                                              0.495309   slack (MET)


Startpoint: sub (input port clocked by __VIRTUAL_CLK__)
Endpoint: S[30] (output port clocked by __VIRTUAL_CLK__)
Path Group: __VIRTUAL_CLK__
Path Type: max

Fanout         Cap        Slew       Delay        Time   Description
---------------------------------------------------------------------------------------------
                      0.000000    0.000000    0.000000   clock __VIRTUAL_CLK__ (rise edge)
                                  0.000000    0.000000   clock network delay (ideal)
                                  0.800000    0.800000 ^ input external delay
     1    0.008992    0.035048    0.023937    0.823937 ^ sub (in)
                                                         sub (net)
                      0.035057    0.000000    0.823937 ^ input65/A (sky130_fd_sc_hd__buf_8)
     4    0.034416    0.049684    0.082641    0.906578 ^ input65/X (sky130_fd_sc_hd__buf_8)
                                                         net65 (net)
                      0.049885    0.002636    0.909213 ^ fanout121/A (sky130_fd_sc_hd__buf_8)
     5    0.033709    0.048970    0.084831    0.994045 ^ fanout121/X (sky130_fd_sc_hd__buf_8)
                                                         net121 (net)
                      0.049217    0.002903    0.996948 ^ fanout113/A (sky130_fd_sc_hd__buf_8)
     2    0.011527    0.024553    0.066367    1.063315 ^ fanout113/X (sky130_fd_sc_hd__buf_8)
                                                         net113 (net)
                      0.024565    0.000931    1.064246 ^ load_slew115/A (sky130_fd_sc_hd__buf_8)
     3    0.018319    0.031460    0.066523    1.130769 ^ load_slew115/X (sky130_fd_sc_hd__buf_8)
                                                         net115 (net)
                      0.031475    0.000660    1.131429 ^ load_slew114/A (sky130_fd_sc_hd__buf_8)
     3    0.047742    0.065004    0.092501    1.223930 ^ load_slew114/X (sky130_fd_sc_hd__buf_8)
                                                         net114 (net)
                      0.065427    0.004436    1.228366 ^ _652_/A (sky130_fd_sc_hd__inv_16)
     8    0.071432    0.033445    0.035769    1.264135 v _652_/Y (sky130_fd_sc_hd__inv_16)
                                                         _348_ (net)
                      0.033797    0.002782    1.266917 v _720_/A1 (sky130_fd_sc_hd__a21oi_4)
     1    0.009562    0.097125    0.098529    1.365446 ^ _720_/Y (sky130_fd_sc_hd__a21oi_4)
                                                         _067_ (net)
                      0.097126    0.000487    1.365933 ^ _721_/B1 (sky130_fd_sc_hd__o21ai_4)
     4    0.018808    0.068045    0.044369    1.410302 v _721_/Y (sky130_fd_sc_hd__o21ai_4)
                                                         _068_ (net)
                      0.068066    0.000979    1.411281 v _413_/A2 (sky130_fd_sc_hd__a31o_2)
     1    0.009114    0.039299    0.179826    1.591108 v _413_/X (sky130_fd_sc_hd__a31o_2)
                                                         _142_ (net)
                      0.039313    0.000736    1.591844 v _414_/B1 (sky130_fd_sc_hd__a21oi_4)
     3    0.024047    0.156057    0.101438    1.693282 ^ _414_/Y (sky130_fd_sc_hd__a21oi_4)
                                                         _143_ (net)
                      0.156104    0.002193    1.695475 ^ _415_/A (sky130_fd_sc_hd__nand3_4)
     3    0.019751    0.076263    0.076345    1.771821 v _415_/Y (sky130_fd_sc_hd__nand3_4)
                                                         _144_ (net)
                      0.076269    0.001276    1.773096 v rebuffer131/A (sky130_fd_sc_hd__buf_4)
     1    0.008062    0.022755    0.111309    1.884405 v rebuffer131/X (sky130_fd_sc_hd__buf_4)
                                                         net131 (net)
                      0.022755    0.000647    1.885052 v _574_/B2 (sky130_fd_sc_hd__o221ai_4)
     3    0.020969    0.175350    0.147136    2.032188 ^ _574_/Y (sky130_fd_sc_hd__o221ai_4)
                                                         _291_ (net)
                      0.175354    0.001679    2.033867 ^ _577_/B (sky130_fd_sc_hd__nand2_4)
     5    0.029357    0.065720    0.066406    2.100273 v _577_/Y (sky130_fd_sc_hd__nand2_4)
                                                         _294_ (net)
                      0.065909    0.002920    2.103194 v _603_/A1 (sky130_fd_sc_hd__a21o_2)
     1    0.008983    0.035941    0.147495    2.250688 v _603_/X (sky130_fd_sc_hd__a21o_2)
                                                         _318_ (net)
                      0.035956    0.000722    2.251410 v _604_/A2 (sky130_fd_sc_hd__o21ai_4)
     1    0.008454    0.089599    0.096280    2.347691 ^ _604_/Y (sky130_fd_sc_hd__o21ai_4)
                                                         net89 (net)
                      0.089600    0.000631    2.348322 ^ output89/A (sky130_fd_sc_hd__buf_6)
     1    0.034429    0.058159    0.100707    2.449028 ^ output89/X (sky130_fd_sc_hd__buf_6)
                                                         S[30] (net)
                      0.058273    0.001855    2.450884 ^ S[30] (out)
                                              2.450884   data arrival time

                      0.000000    4.000000    4.000000   clock __VIRTUAL_CLK__ (rise edge)
                                  0.000000    4.000000   clock network delay (ideal)
                                 -0.250000    3.750000   clock uncertainty
                                  0.000000    3.750000   clock reconvergence pessimism
                                 -0.800000    2.950000   output external delay
                                              2.950000   data required time
---------------------------------------------------------------------------------------------
                                              2.950000   data required time
                                             -2.450884   data arrival time
---------------------------------------------------------------------------------------------
                                              0.499116   slack (MET)


Startpoint: sub (input port clocked by __VIRTUAL_CLK__)
Endpoint: S[28] (output port clocked by __VIRTUAL_CLK__)
Path Group: __VIRTUAL_CLK__
Path Type: max

Fanout         Cap        Slew       Delay        Time   Description
---------------------------------------------------------------------------------------------
                      0.000000    0.000000    0.000000   clock __VIRTUAL_CLK__ (rise edge)
                                  0.000000    0.000000   clock network delay (ideal)
                                  0.800000    0.800000 ^ input external delay
     1    0.008992    0.035048    0.023937    0.823937 ^ sub (in)
                                                         sub (net)
                      0.035057    0.000000    0.823937 ^ input65/A (sky130_fd_sc_hd__buf_8)
     4    0.034416    0.049684    0.082641    0.906578 ^ input65/X (sky130_fd_sc_hd__buf_8)
                                                         net65 (net)
                      0.049916    0.002833    0.909411 ^ fanout109/A (sky130_fd_sc_hd__dlymetal6s2s_1)
     3    0.017693    0.148451    0.150582    1.059993 ^ fanout109/X (sky130_fd_sc_hd__dlymetal6s2s_1)
                                                         net109 (net)
                      0.148479    0.001714    1.061707 ^ fanout108/A (sky130_fd_sc_hd__clkbuf_2)
     7    0.040744    0.171458    0.196378    1.258084 ^ fanout108/X (sky130_fd_sc_hd__clkbuf_2)
                                                         net108 (net)
                      0.171502    0.002393    1.260477 ^ _472_/A (sky130_fd_sc_hd__nor2_2)
     2    0.011313    0.052234    0.047737    1.308214 v _472_/Y (sky130_fd_sc_hd__nor2_2)
                                                         _196_ (net)
                      0.052235    0.000552    1.308766 v _475_/A1 (sky130_fd_sc_hd__o21bai_4)
     4    0.020620    0.132522    0.150874    1.459641 ^ _475_/Y (sky130_fd_sc_hd__o21bai_4)
                                                         _199_ (net)
                      0.132538    0.001331    1.460972 ^ _478_/B1 (sky130_fd_sc_hd__o21ai_2)
     2    0.013316    0.056091    0.052125    1.513096 v _478_/Y (sky130_fd_sc_hd__o21ai_2)
                                                         _202_ (net)
                      0.056116    0.000980    1.514076 v _515_/C (sky130_fd_sc_hd__nor4_4)
     3    0.017008    0.238226    0.234163    1.748239 ^ _515_/Y (sky130_fd_sc_hd__nor4_4)
                                                         _236_ (net)
                      0.238226    0.000781    1.749020 ^ _517_/A1 (sky130_fd_sc_hd__a21oi_2)
     2    0.010027    0.068085    0.055243    1.804263 v _517_/Y (sky130_fd_sc_hd__a21oi_2)
                                                         _238_ (net)
                      0.068087    0.000678    1.804941 v max_cap99/A (sky130_fd_sc_hd__buf_6)
     6    0.034452    0.032533    0.111085    1.916026 v max_cap99/X (sky130_fd_sc_hd__buf_6)
                                                         net99 (net)
                      0.032746    0.001999    1.918025 v _575_/A2 (sky130_fd_sc_hd__o21a_4)
     3    0.022159    0.041300    0.145640    2.063665 v _575_/X (sky130_fd_sc_hd__o21a_4)
                                                         _292_ (net)
                      0.041481    0.001640    2.065305 v _579_/A2 (sky130_fd_sc_hd__a21oi_2)
     2    0.007772    0.094153    0.119641    2.184946 ^ _579_/Y (sky130_fd_sc_hd__a21oi_2)
                                                         _296_ (net)
                      0.094154    0.000491    2.185437 ^ _581_/A_N (sky130_fd_sc_hd__and2b_4)
     1    0.013705    0.032985    0.143647    2.329084 v _581_/X (sky130_fd_sc_hd__and2b_4)
                                                         net86 (net)
                      0.033028    0.001098    2.330181 v output86/A (sky130_fd_sc_hd__buf_6)
     1    0.035454    0.032993    0.096000    2.426181 v output86/X (sky130_fd_sc_hd__buf_6)
                                                         S[28] (net)
                      0.033172    0.001847    2.428028 v S[28] (out)
                                              2.428028   data arrival time

                      0.000000    4.000000    4.000000   clock __VIRTUAL_CLK__ (rise edge)
                                  0.000000    4.000000   clock network delay (ideal)
                                 -0.250000    3.750000   clock uncertainty
                                  0.000000    3.750000   clock reconvergence pessimism
                                 -0.800000    2.950000   output external delay
                                              2.950000   data required time
---------------------------------------------------------------------------------------------
                                              2.950000   data required time
                                             -2.428028   data arrival time
---------------------------------------------------------------------------------------------
                                              0.521972   slack (MET)


Startpoint: sub (input port clocked by __VIRTUAL_CLK__)
Endpoint: S[31] (output port clocked by __VIRTUAL_CLK__)
Path Group: __VIRTUAL_CLK__
Path Type: max

Fanout         Cap        Slew       Delay        Time   Description
---------------------------------------------------------------------------------------------
                      0.000000    0.000000    0.000000   clock __VIRTUAL_CLK__ (rise edge)
                                  0.000000    0.000000   clock network delay (ideal)
                                  0.800000    0.800000 ^ input external delay
     1    0.008992    0.035048    0.023937    0.823937 ^ sub (in)
                                                         sub (net)
                      0.035057    0.000000    0.823937 ^ input65/A (sky130_fd_sc_hd__buf_8)
     4    0.034416    0.049684    0.082641    0.906578 ^ input65/X (sky130_fd_sc_hd__buf_8)
                                                         net65 (net)
                      0.049916    0.002833    0.909411 ^ fanout109/A (sky130_fd_sc_hd__dlymetal6s2s_1)
     3    0.017693    0.148451    0.150582    1.059993 ^ fanout109/X (sky130_fd_sc_hd__dlymetal6s2s_1)
                                                         net109 (net)
                      0.148463    0.001101    1.061094 ^ fanout106/A (sky130_fd_sc_hd__buf_4)
     6    0.030845    0.070535    0.130440    1.191534 ^ fanout106/X (sky130_fd_sc_hd__buf_4)
                                                         net106 (net)
                      0.070547    0.000987    1.192521 ^ load_slew107/A (sky130_fd_sc_hd__buf_4)
     5    0.042773    0.093675    0.132969    1.325490 ^ load_slew107/X (sky130_fd_sc_hd__buf_4)
                                                         net107 (net)
                      0.093750    0.002289    1.327780 ^ _426_/A (sky130_fd_sc_hd__nor2_4)
     2    0.011173    0.036262    0.033521    1.361300 v _426_/Y (sky130_fd_sc_hd__nor2_4)
                                                         _154_ (net)
                      0.036282    0.000700    1.362000 v _430_/A1 (sky130_fd_sc_hd__o21bai_4)
     4    0.020477    0.131863    0.144105    1.506105 ^ _430_/Y (sky130_fd_sc_hd__o21bai_4)
                                                         _158_ (net)
                      0.131895    0.001478    1.507583 ^ _431_/B (sky130_fd_sc_hd__nand2_4)
     2    0.020079    0.048184    0.054658    1.562241 v _431_/Y (sky130_fd_sc_hd__nand2_4)
                                                         _159_ (net)
                      0.048249    0.001409    1.563650 v _464_/B (sky130_fd_sc_hd__nor4_4)
     3    0.013587    0.210765    0.237880    1.801529 ^ _464_/Y (sky130_fd_sc_hd__nor4_4)
                                                         _189_ (net)
                      0.210767    0.001282    1.802811 ^ _519_/A (sky130_fd_sc_hd__nand2_2)
     2    0.011335    0.067485    0.055636    1.858447 v _519_/Y (sky130_fd_sc_hd__nand2_2)
                                                         _240_ (net)
                      0.067500    0.000849    1.859296 v _573_/A (sky130_fd_sc_hd__nor2_4)
     2    0.016935    0.094686    0.120405    1.979701 ^ _573_/Y (sky130_fd_sc_hd__nor2_4)
                                                         _290_ (net)
                      0.094715    0.001361    1.981062 ^ _574_/C1 (sky130_fd_sc_hd__o221ai_4)
     3    0.019410    0.077420    0.061441    2.042503 v _574_/Y (sky130_fd_sc_hd__o221ai_4)
                                                         _291_ (net)
                      0.077460    0.001549    2.044052 v _577_/B (sky130_fd_sc_hd__nand2_4)
     5    0.030683    0.081583    0.102366    2.146418 ^ _577_/Y (sky130_fd_sc_hd__nand2_4)
                                                         _294_ (net)
                      0.081860    0.003880    2.150298 ^ _605_/A (sky130_fd_sc_hd__nand4_4)
     1    0.008339    0.062722    0.053651    2.203949 v _605_/Y (sky130_fd_sc_hd__nand4_4)
                                                         _319_ (net)
                      0.062723    0.000413    2.204362 v _614_/A2 (sky130_fd_sc_hd__a22oi_4)
     1    0.007995    0.079772    0.114876    2.319238 ^ _614_/Y (sky130_fd_sc_hd__a22oi_4)
                                                         net90 (net)
                      0.079773    0.000672    2.319910 ^ output90/A (sky130_fd_sc_hd__buf_6)
     1    0.035209    0.059183    0.099823    2.419733 ^ output90/X (sky130_fd_sc_hd__buf_6)
                                                         S[31] (net)
                      0.059288    0.002099    2.421832 ^ S[31] (out)
                                              2.421832   data arrival time

                      0.000000    4.000000    4.000000   clock __VIRTUAL_CLK__ (rise edge)
                                  0.000000    4.000000   clock network delay (ideal)
                                 -0.250000    3.750000   clock uncertainty
                                  0.000000    3.750000   clock reconvergence pessimism
                                 -0.800000    2.950000   output external delay
                                              2.950000   data required time
---------------------------------------------------------------------------------------------
                                              2.950000   data required time
                                             -2.421832   data arrival time
---------------------------------------------------------------------------------------------
                                              0.528168   slack (MET)


Startpoint: sub (input port clocked by __VIRTUAL_CLK__)
Endpoint: S[24] (output port clocked by __VIRTUAL_CLK__)
Path Group: __VIRTUAL_CLK__
Path Type: max

Fanout         Cap        Slew       Delay        Time   Description
---------------------------------------------------------------------------------------------
                      0.000000    0.000000    0.000000   clock __VIRTUAL_CLK__ (rise edge)
                                  0.000000    0.000000   clock network delay (ideal)
                                  0.800000    0.800000 ^ input external delay
     1    0.008992    0.035048    0.023937    0.823937 ^ sub (in)
                                                         sub (net)
                      0.035057    0.000000    0.823937 ^ input65/A (sky130_fd_sc_hd__buf_8)
     4    0.034416    0.049684    0.082641    0.906578 ^ input65/X (sky130_fd_sc_hd__buf_8)
                                                         net65 (net)
                      0.049916    0.002833    0.909411 ^ fanout109/A (sky130_fd_sc_hd__dlymetal6s2s_1)
     3    0.017693    0.148451    0.150582    1.059993 ^ fanout109/X (sky130_fd_sc_hd__dlymetal6s2s_1)
                                                         net109 (net)
                      0.148463    0.001101    1.061094 ^ fanout106/A (sky130_fd_sc_hd__buf_4)
     6    0.030845    0.070535    0.130440    1.191534 ^ fanout106/X (sky130_fd_sc_hd__buf_4)
                                                         net106 (net)
                      0.070547    0.000987    1.192521 ^ load_slew107/A (sky130_fd_sc_hd__buf_4)
     5    0.042773    0.093675    0.132969    1.325490 ^ load_slew107/X (sky130_fd_sc_hd__buf_4)
                                                         net107 (net)
                      0.093750    0.002289    1.327780 ^ _426_/A (sky130_fd_sc_hd__nor2_4)
     2    0.011173    0.036262    0.033521    1.361300 v _426_/Y (sky130_fd_sc_hd__nor2_4)
                                                         _154_ (net)
                      0.036282    0.000700    1.362000 v _430_/A1 (sky130_fd_sc_hd__o21bai_4)
     4    0.020477    0.131863    0.144105    1.506105 ^ _430_/Y (sky130_fd_sc_hd__o21bai_4)
                                                         _158_ (net)
                      0.131895    0.001478    1.507583 ^ _431_/B (sky130_fd_sc_hd__nand2_4)
     2    0.020079    0.048184    0.054658    1.562241 v _431_/Y (sky130_fd_sc_hd__nand2_4)
                                                         _159_ (net)
                      0.048249    0.001409    1.563650 v _464_/B (sky130_fd_sc_hd__nor4_4)
     3    0.013587    0.210765    0.237880    1.801529 ^ _464_/Y (sky130_fd_sc_hd__nor4_4)
                                                         _189_ (net)
                      0.210767    0.001031    1.802560 ^ _518_/A (sky130_fd_sc_hd__and2_2)
     1    0.007562    0.043849    0.130366    1.932926 ^ _518_/X (sky130_fd_sc_hd__and2_2)
                                                         _239_ (net)
                      0.043859    0.000635    1.933561 ^ _520_/C1 (sky130_fd_sc_hd__o221ai_2)
     4    0.025364    0.104867    0.073334    2.006895 v _520_/Y (sky130_fd_sc_hd__o221ai_2)
                                                         _241_ (net)
                      0.104923    0.002005    2.008900 v _529_/A1 (sky130_fd_sc_hd__a21o_2)
     2    0.007349    0.032937    0.159213    2.168113 v _529_/X (sky130_fd_sc_hd__a21o_2)
                                                         _250_ (net)
                      0.032937    0.000087    2.168199 v _531_/A (sky130_fd_sc_hd__and2_2)
     1    0.004635    0.030395    0.111838    2.280037 v _531_/X (sky130_fd_sc_hd__and2_2)
                                                         net82 (net)
                      0.030395    0.000349    2.280386 v output82/A (sky130_fd_sc_hd__clkbuf_2)
     1    0.035298    0.094489    0.134279    2.414665 v output82/X (sky130_fd_sc_hd__clkbuf_2)
                                                         S[24] (net)
                      0.094537    0.002061    2.416726 v S[24] (out)
                                              2.416726   data arrival time

                      0.000000    4.000000    4.000000   clock __VIRTUAL_CLK__ (rise edge)
                                  0.000000    4.000000   clock network delay (ideal)
                                 -0.250000    3.750000   clock uncertainty
                                  0.000000    3.750000   clock reconvergence pessimism
                                 -0.800000    2.950000   output external delay
                                              2.950000   data required time
---------------------------------------------------------------------------------------------
                                              2.950000   data required time
                                             -2.416726   data arrival time
---------------------------------------------------------------------------------------------
                                              0.533273   slack (MET)


Startpoint: sub (input port clocked by __VIRTUAL_CLK__)
Endpoint: S[26] (output port clocked by __VIRTUAL_CLK__)
Path Group: __VIRTUAL_CLK__
Path Type: max

Fanout         Cap        Slew       Delay        Time   Description
---------------------------------------------------------------------------------------------
                      0.000000    0.000000    0.000000   clock __VIRTUAL_CLK__ (rise edge)
                                  0.000000    0.000000   clock network delay (ideal)
                                  0.800000    0.800000 ^ input external delay
     1    0.008992    0.035048    0.023937    0.823937 ^ sub (in)
                                                         sub (net)
                      0.035057    0.000000    0.823937 ^ input65/A (sky130_fd_sc_hd__buf_8)
     4    0.034416    0.049684    0.082641    0.906578 ^ input65/X (sky130_fd_sc_hd__buf_8)
                                                         net65 (net)
                      0.049885    0.002636    0.909213 ^ fanout121/A (sky130_fd_sc_hd__buf_8)
     5    0.033709    0.048970    0.084831    0.994045 ^ fanout121/X (sky130_fd_sc_hd__buf_8)
                                                         net121 (net)
                      0.049217    0.002903    0.996948 ^ fanout113/A (sky130_fd_sc_hd__buf_8)
     2    0.011527    0.024553    0.066367    1.063315 ^ fanout113/X (sky130_fd_sc_hd__buf_8)
                                                         net113 (net)
                      0.024565    0.000931    1.064246 ^ load_slew115/A (sky130_fd_sc_hd__buf_8)
     3    0.018319    0.031460    0.066523    1.130769 ^ load_slew115/X (sky130_fd_sc_hd__buf_8)
                                                         net115 (net)
                      0.031475    0.000660    1.131429 ^ load_slew114/A (sky130_fd_sc_hd__buf_8)
     3    0.047742    0.065004    0.092501    1.223930 ^ load_slew114/X (sky130_fd_sc_hd__buf_8)
                                                         net114 (net)
                      0.065427    0.004436    1.228366 ^ _652_/A (sky130_fd_sc_hd__inv_16)
     8    0.071432    0.033445    0.035769    1.264135 v _652_/Y (sky130_fd_sc_hd__inv_16)
                                                         _348_ (net)
                      0.033797    0.002782    1.266917 v _720_/A1 (sky130_fd_sc_hd__a21oi_4)
     1    0.009562    0.097125    0.098529    1.365446 ^ _720_/Y (sky130_fd_sc_hd__a21oi_4)
                                                         _067_ (net)
                      0.097126    0.000487    1.365933 ^ _721_/B1 (sky130_fd_sc_hd__o21ai_4)
     4    0.018808    0.068045    0.044369    1.410302 v _721_/Y (sky130_fd_sc_hd__o21ai_4)
                                                         _068_ (net)
                      0.068066    0.000979    1.411281 v _413_/A2 (sky130_fd_sc_hd__a31o_2)
     1    0.009114    0.039299    0.179826    1.591108 v _413_/X (sky130_fd_sc_hd__a31o_2)
                                                         _142_ (net)
                      0.039313    0.000736    1.591844 v _414_/B1 (sky130_fd_sc_hd__a21oi_4)
     3    0.024047    0.156057    0.101438    1.693282 ^ _414_/Y (sky130_fd_sc_hd__a21oi_4)
                                                         _143_ (net)
                      0.156104    0.002193    1.695475 ^ _415_/A (sky130_fd_sc_hd__nand3_4)
     3    0.019751    0.076263    0.076345    1.771821 v _415_/Y (sky130_fd_sc_hd__nand3_4)
                                                         _144_ (net)
                      0.076272    0.001589    1.773410 v _520_/B2 (sky130_fd_sc_hd__o221ai_2)
     4    0.026950    0.264429    0.242893    2.016303 ^ _520_/Y (sky130_fd_sc_hd__o221ai_2)
                                                         _241_ (net)
                      0.264462    0.002402    2.018705 ^ _542_/A1 (sky130_fd_sc_hd__a21boi_2)
     2    0.006745    0.063976    0.042401    2.061106 v _542_/Y (sky130_fd_sc_hd__a21boi_2)
                                                         _261_ (net)
                      0.063977    0.000224    2.061330 v _551_/A_N (sky130_fd_sc_hd__nand3b_2)
     1    0.004996    0.044034    0.144776    2.206106 v _551_/Y (sky130_fd_sc_hd__nand3b_2)
                                                         _270_ (net)
                      0.044034    0.000383    2.206489 v _552_/B (sky130_fd_sc_hd__nand2_2)
     1    0.004053    0.032814    0.050710    2.257199 ^ _552_/Y (sky130_fd_sc_hd__nand2_2)
                                                         net84 (net)
                      0.032816    0.000313    2.257512 ^ output84/A (sky130_fd_sc_hd__clkbuf_2)
     1    0.034921    0.147492    0.154738    2.412251 ^ output84/X (sky130_fd_sc_hd__clkbuf_2)
                                                         S[26] (net)
                      0.147526    0.001944    2.414195 ^ S[26] (out)
                                              2.414195   data arrival time

                      0.000000    4.000000    4.000000   clock __VIRTUAL_CLK__ (rise edge)
                                  0.000000    4.000000   clock network delay (ideal)
                                 -0.250000    3.750000   clock uncertainty
                                  0.000000    3.750000   clock reconvergence pessimism
                                 -0.800000    2.950000   output external delay
                                              2.950000   data required time
---------------------------------------------------------------------------------------------
                                              2.950000   data required time
                                             -2.414195   data arrival time
---------------------------------------------------------------------------------------------
                                              0.535805   slack (MET)


Startpoint: sub (input port clocked by __VIRTUAL_CLK__)
Endpoint: S[29] (output port clocked by __VIRTUAL_CLK__)
Path Group: __VIRTUAL_CLK__
Path Type: max

Fanout         Cap        Slew       Delay        Time   Description
---------------------------------------------------------------------------------------------
                      0.000000    0.000000    0.000000   clock __VIRTUAL_CLK__ (rise edge)
                                  0.000000    0.000000   clock network delay (ideal)
                                  0.800000    0.800000 ^ input external delay
     1    0.008992    0.035048    0.023937    0.823937 ^ sub (in)
                                                         sub (net)
                      0.035057    0.000000    0.823937 ^ input65/A (sky130_fd_sc_hd__buf_8)
     4    0.034416    0.049684    0.082641    0.906578 ^ input65/X (sky130_fd_sc_hd__buf_8)
                                                         net65 (net)
                      0.049916    0.002833    0.909411 ^ fanout109/A (sky130_fd_sc_hd__dlymetal6s2s_1)
     3    0.017693    0.148451    0.150582    1.059993 ^ fanout109/X (sky130_fd_sc_hd__dlymetal6s2s_1)
                                                         net109 (net)
                      0.148479    0.001714    1.061707 ^ fanout108/A (sky130_fd_sc_hd__clkbuf_2)
     7    0.040744    0.171458    0.196378    1.258084 ^ fanout108/X (sky130_fd_sc_hd__clkbuf_2)
                                                         net108 (net)
                      0.171502    0.002393    1.260477 ^ _472_/A (sky130_fd_sc_hd__nor2_2)
     2    0.011313    0.052234    0.047737    1.308214 v _472_/Y (sky130_fd_sc_hd__nor2_2)
                                                         _196_ (net)
                      0.052235    0.000552    1.308766 v _475_/A1 (sky130_fd_sc_hd__o21bai_4)
     4    0.020620    0.132522    0.150874    1.459641 ^ _475_/Y (sky130_fd_sc_hd__o21bai_4)
                                                         _199_ (net)
                      0.132538    0.001331    1.460972 ^ _478_/B1 (sky130_fd_sc_hd__o21ai_2)
     2    0.013316    0.056091    0.052125    1.513096 v _478_/Y (sky130_fd_sc_hd__o21ai_2)
                                                         _202_ (net)
                      0.056116    0.000980    1.514076 v _515_/C (sky130_fd_sc_hd__nor4_4)
     3    0.017008    0.238226    0.234163    1.748239 ^ _515_/Y (sky130_fd_sc_hd__nor4_4)
                                                         _236_ (net)
                      0.238226    0.000781    1.749020 ^ _517_/A1 (sky130_fd_sc_hd__a21oi_2)
     2    0.010027    0.068085    0.055243    1.804263 v _517_/Y (sky130_fd_sc_hd__a21oi_2)
                                                         _238_ (net)
                      0.068087    0.000678    1.804941 v max_cap99/A (sky130_fd_sc_hd__buf_6)
     6    0.034452    0.032533    0.111085    1.916026 v max_cap99/X (sky130_fd_sc_hd__buf_6)
                                                         net99 (net)
                      0.032746    0.001999    1.918025 v _575_/A2 (sky130_fd_sc_hd__o21a_4)
     3    0.022159    0.041300    0.145640    2.063665 v _575_/X (sky130_fd_sc_hd__o21a_4)
                                                         _292_ (net)
                      0.041481    0.001640    2.065305 v _579_/A2 (sky130_fd_sc_hd__a21oi_2)
     2    0.007772    0.094153    0.119641    2.184946 ^ _579_/Y (sky130_fd_sc_hd__a21oi_2)
                                                         _296_ (net)
                      0.094154    0.000587    2.185533 ^ _589_/A2 (sky130_fd_sc_hd__o21ai_2)
     1    0.004997    0.041635    0.036954    2.222487 v _589_/Y (sky130_fd_sc_hd__o21ai_2)
                                                         _305_ (net)
                      0.041635    0.000243    2.222729 v _590_/B1 (sky130_fd_sc_hd__o21ai_2)
     1    0.011391    0.120585    0.064021    2.286750 ^ _590_/Y (sky130_fd_sc_hd__o21ai_2)
                                                         net87 (net)
                      0.120627    0.000799    2.287549 ^ output87/A (sky130_fd_sc_hd__buf_6)
     1    0.034666    0.058820    0.105970    2.393520 ^ output87/X (sky130_fd_sc_hd__buf_6)
                                                         S[29] (net)
                      0.058924    0.001760    2.395280 ^ S[29] (out)
                                              2.395280   data arrival time

                      0.000000    4.000000    4.000000   clock __VIRTUAL_CLK__ (rise edge)
                                  0.000000    4.000000   clock network delay (ideal)
                                 -0.250000    3.750000   clock uncertainty
                                  0.000000    3.750000   clock reconvergence pessimism
                                 -0.800000    2.950000   output external delay
                                              2.950000   data required time
---------------------------------------------------------------------------------------------
                                              2.950000   data required time
                                             -2.395280   data arrival time
---------------------------------------------------------------------------------------------
                                              0.554720   slack (MET)


Startpoint: sub (input port clocked by __VIRTUAL_CLK__)
Endpoint: carryOut (output port clocked by __VIRTUAL_CLK__)
Path Group: __VIRTUAL_CLK__
Path Type: max

Fanout         Cap        Slew       Delay        Time   Description
---------------------------------------------------------------------------------------------
                      0.000000    0.000000    0.000000   clock __VIRTUAL_CLK__ (rise edge)
                                  0.000000    0.000000   clock network delay (ideal)
                                  0.800000    0.800000 ^ input external delay
     1    0.008992    0.035048    0.023937    0.823937 ^ sub (in)
                                                         sub (net)
                      0.035057    0.000000    0.823937 ^ input65/A (sky130_fd_sc_hd__buf_8)
     4    0.034416    0.049684    0.082641    0.906578 ^ input65/X (sky130_fd_sc_hd__buf_8)
                                                         net65 (net)
                      0.049885    0.002636    0.909213 ^ fanout121/A (sky130_fd_sc_hd__buf_8)
     5    0.033709    0.048970    0.084831    0.994045 ^ fanout121/X (sky130_fd_sc_hd__buf_8)
                                                         net121 (net)
                      0.049217    0.002903    0.996948 ^ fanout113/A (sky130_fd_sc_hd__buf_8)
     2    0.011527    0.024553    0.066367    1.063315 ^ fanout113/X (sky130_fd_sc_hd__buf_8)
                                                         net113 (net)
                      0.024565    0.000931    1.064246 ^ load_slew115/A (sky130_fd_sc_hd__buf_8)
     3    0.018319    0.031460    0.066523    1.130769 ^ load_slew115/X (sky130_fd_sc_hd__buf_8)
                                                         net115 (net)
                      0.031475    0.000660    1.131429 ^ load_slew114/A (sky130_fd_sc_hd__buf_8)
     3    0.047742    0.065004    0.092501    1.223930 ^ load_slew114/X (sky130_fd_sc_hd__buf_8)
                                                         net114 (net)
                      0.065427    0.004436    1.228366 ^ _652_/A (sky130_fd_sc_hd__inv_16)
     8    0.071432    0.033445    0.035769    1.264135 v _652_/Y (sky130_fd_sc_hd__inv_16)
                                                         _348_ (net)
                      0.033797    0.002782    1.266917 v _720_/A1 (sky130_fd_sc_hd__a21oi_4)
     1    0.009562    0.097125    0.098529    1.365446 ^ _720_/Y (sky130_fd_sc_hd__a21oi_4)
                                                         _067_ (net)
                      0.097126    0.000487    1.365933 ^ _721_/B1 (sky130_fd_sc_hd__o21ai_4)
     4    0.018808    0.068045    0.044369    1.410302 v _721_/Y (sky130_fd_sc_hd__o21ai_4)
                                                         _068_ (net)
                      0.068066    0.000979    1.411281 v _413_/A2 (sky130_fd_sc_hd__a31o_2)
     1    0.009114    0.039299    0.179826    1.591108 v _413_/X (sky130_fd_sc_hd__a31o_2)
                                                         _142_ (net)
                      0.039313    0.000736    1.591844 v _414_/B1 (sky130_fd_sc_hd__a21oi_4)
     3    0.024047    0.156057    0.101438    1.693282 ^ _414_/Y (sky130_fd_sc_hd__a21oi_4)
                                                         _143_ (net)
                      0.156104    0.002193    1.695475 ^ _415_/A (sky130_fd_sc_hd__nand3_4)
     3    0.019751    0.076263    0.076345    1.771821 v _415_/Y (sky130_fd_sc_hd__nand3_4)
                                                         _144_ (net)
                      0.076269    0.001276    1.773096 v rebuffer131/A (sky130_fd_sc_hd__buf_4)
     1    0.008062    0.022755    0.111309    1.884405 v rebuffer131/X (sky130_fd_sc_hd__buf_4)
                                                         net131 (net)
                      0.022755    0.000647    1.885052 v _574_/B2 (sky130_fd_sc_hd__o221ai_4)
     3    0.020969    0.175350    0.147136    2.032188 ^ _574_/Y (sky130_fd_sc_hd__o221ai_4)
                                                         _291_ (net)
                      0.175354    0.001679    2.033867 ^ _577_/B (sky130_fd_sc_hd__nand2_4)
     5    0.029357    0.065720    0.066406    2.100273 v _577_/Y (sky130_fd_sc_hd__nand2_4)
                                                         _294_ (net)
                      0.065970    0.003356    2.103629 v _610_/A1 (sky130_fd_sc_hd__a21boi_2)
     1    0.012584    0.128349    0.149760    2.253388 ^ _610_/Y (sky130_fd_sc_hd__a21boi_2)
                                                         _324_ (net)
                      0.128350    0.000749    2.254138 ^ _651_/B2 (sky130_fd_sc_hd__o2bb2ai_4)
     1    0.005569    0.032402    0.036642    2.290779 v _651_/Y (sky130_fd_sc_hd__o2bb2ai_4)
                                                         net98 (net)
                      0.032403    0.000430    2.291209 v output98/A (sky130_fd_sc_hd__buf_6)
     1    0.035980    0.033308    0.095898    2.387107 v output98/X (sky130_fd_sc_hd__buf_6)
                                                         carryOut (net)
                      0.033525    0.002060    2.389167 v carryOut (out)
                                              2.389167   data arrival time

                      0.000000    4.000000    4.000000   clock __VIRTUAL_CLK__ (rise edge)
                                  0.000000    4.000000   clock network delay (ideal)
                                 -0.250000    3.750000   clock uncertainty
                                  0.000000    3.750000   clock reconvergence pessimism
                                 -0.800000    2.950000   output external delay
                                              2.950000   data required time
---------------------------------------------------------------------------------------------
                                              2.950000   data required time
                                             -2.389167   data arrival time
---------------------------------------------------------------------------------------------
                                              0.560833   slack (MET)


Startpoint: sub (input port clocked by __VIRTUAL_CLK__)
Endpoint: S[25] (output port clocked by __VIRTUAL_CLK__)
Path Group: __VIRTUAL_CLK__
Path Type: max

Fanout         Cap        Slew       Delay        Time   Description
---------------------------------------------------------------------------------------------
                      0.000000    0.000000    0.000000   clock __VIRTUAL_CLK__ (rise edge)
                                  0.000000    0.000000   clock network delay (ideal)
                                  0.800000    0.800000 ^ input external delay
     1    0.008992    0.035048    0.023937    0.823937 ^ sub (in)
                                                         sub (net)
                      0.035057    0.000000    0.823937 ^ input65/A (sky130_fd_sc_hd__buf_8)
     4    0.034416    0.049684    0.082641    0.906578 ^ input65/X (sky130_fd_sc_hd__buf_8)
                                                         net65 (net)
                      0.049916    0.002833    0.909411 ^ fanout109/A (sky130_fd_sc_hd__dlymetal6s2s_1)
     3    0.017693    0.148451    0.150582    1.059993 ^ fanout109/X (sky130_fd_sc_hd__dlymetal6s2s_1)
                                                         net109 (net)
                      0.148463    0.001101    1.061094 ^ fanout106/A (sky130_fd_sc_hd__buf_4)
     6    0.030845    0.070535    0.130440    1.191534 ^ fanout106/X (sky130_fd_sc_hd__buf_4)
                                                         net106 (net)
                      0.070547    0.000987    1.192521 ^ load_slew107/A (sky130_fd_sc_hd__buf_4)
     5    0.042773    0.093675    0.132969    1.325490 ^ load_slew107/X (sky130_fd_sc_hd__buf_4)
                                                         net107 (net)
                      0.093750    0.002289    1.327780 ^ _426_/A (sky130_fd_sc_hd__nor2_4)
     2    0.011173    0.036262    0.033521    1.361300 v _426_/Y (sky130_fd_sc_hd__nor2_4)
                                                         _154_ (net)
                      0.036282    0.000700    1.362000 v _430_/A1 (sky130_fd_sc_hd__o21bai_4)
     4    0.020477    0.131863    0.144105    1.506105 ^ _430_/Y (sky130_fd_sc_hd__o21bai_4)
                                                         _158_ (net)
                      0.131895    0.001478    1.507583 ^ _431_/B (sky130_fd_sc_hd__nand2_4)
     2    0.020079    0.048184    0.054658    1.562241 v _431_/Y (sky130_fd_sc_hd__nand2_4)
                                                         _159_ (net)
                      0.048249    0.001409    1.563650 v _464_/B (sky130_fd_sc_hd__nor4_4)
     3    0.013587    0.210765    0.237880    1.801529 ^ _464_/Y (sky130_fd_sc_hd__nor4_4)
                                                         _189_ (net)
                      0.210767    0.001031    1.802560 ^ _518_/A (sky130_fd_sc_hd__and2_2)
     1    0.007562    0.043849    0.130366    1.932926 ^ _518_/X (sky130_fd_sc_hd__and2_2)
                                                         _239_ (net)
                      0.043859    0.000635    1.933561 ^ _520_/C1 (sky130_fd_sc_hd__o221ai_2)
     4    0.025364    0.104867    0.073334    2.006895 v _520_/Y (sky130_fd_sc_hd__o221ai_2)
                                                         _241_ (net)
                      0.104923    0.002005    2.008900 v _529_/A1 (sky130_fd_sc_hd__a21o_2)
     2    0.007349    0.032937    0.159213    2.168113 v _529_/X (sky130_fd_sc_hd__a21o_2)
                                                         _250_ (net)
                      0.032943    0.000430    2.168542 v _538_/B (sky130_fd_sc_hd__nand3b_2)
     1    0.005185    0.055837    0.054683    2.223225 ^ _538_/Y (sky130_fd_sc_hd__nand3b_2)
                                                         _258_ (net)
                      0.055838    0.000410    2.223636 ^ _540_/A (sky130_fd_sc_hd__nand2_2)
     1    0.003058    0.023436    0.025427    2.249062 v _540_/Y (sky130_fd_sc_hd__nand2_2)
                                                         net83 (net)
                      0.023436    0.000230    2.249293 v output83/A (sky130_fd_sc_hd__clkbuf_2)
     1    0.035131    0.094020    0.130922    2.380214 v output83/X (sky130_fd_sc_hd__clkbuf_2)
                                                         S[25] (net)
                      0.094067    0.002016    2.382231 v S[25] (out)
                                              2.382231   data arrival time

                      0.000000    4.000000    4.000000   clock __VIRTUAL_CLK__ (rise edge)
                                  0.000000    4.000000   clock network delay (ideal)
                                 -0.250000    3.750000   clock uncertainty
                                  0.000000    3.750000   clock reconvergence pessimism
                                 -0.800000    2.950000   output external delay
                                              2.950000   data required time
---------------------------------------------------------------------------------------------
                                              2.950000   data required time
                                             -2.382231   data arrival time
---------------------------------------------------------------------------------------------
                                              0.567769   slack (MET)


Startpoint: sub (input port clocked by __VIRTUAL_CLK__)
Endpoint: S[17] (output port clocked by __VIRTUAL_CLK__)
Path Group: __VIRTUAL_CLK__
Path Type: max

Fanout         Cap        Slew       Delay        Time   Description
---------------------------------------------------------------------------------------------
                      0.000000    0.000000    0.000000   clock __VIRTUAL_CLK__ (rise edge)
                                  0.000000    0.000000   clock network delay (ideal)
                                  0.800000    0.800000 v input external delay
     1    0.008325    0.013646    0.008504    0.808504 v sub (in)
                                                         sub (net)
                      0.013663    0.000000    0.808504 v input65/A (sky130_fd_sc_hd__buf_8)
     4    0.033160    0.029656    0.084476    0.892979 v input65/X (sky130_fd_sc_hd__buf_8)
                                                         net65 (net)
                      0.029990    0.002508    0.895487 v fanout121/A (sky130_fd_sc_hd__buf_8)
     5    0.032399    0.029685    0.089993    0.985480 v fanout121/X (sky130_fd_sc_hd__buf_8)
                                                         net121 (net)
                      0.030066    0.002754    0.988235 v fanout113/A (sky130_fd_sc_hd__buf_8)
     2    0.010701    0.019197    0.079412    1.067647 v fanout113/X (sky130_fd_sc_hd__buf_8)
                                                         net113 (net)
                      0.019204    0.000859    1.068506 v load_slew115/A (sky130_fd_sc_hd__buf_8)
     3    0.017043    0.021791    0.078660    1.147165 v load_slew115/X (sky130_fd_sc_hd__buf_8)
                                                         net115 (net)
                      0.021798    0.000610    1.147776 v load_slew114/A (sky130_fd_sc_hd__buf_8)
     3    0.043909    0.036083    0.092289    1.240065 v load_slew114/X (sky130_fd_sc_hd__buf_8)
                                                         net114 (net)
                      0.036744    0.004031    1.244096 v _652_/A (sky130_fd_sc_hd__inv_16)
     8    0.075248    0.060186    0.066819    1.310915 ^ _652_/Y (sky130_fd_sc_hd__inv_16)
                                                         _348_ (net)
                      0.060325    0.002414    1.313329 ^ _702_/A (sky130_fd_sc_hd__nand2_2)
     1    0.005793    0.042118    0.032934    1.346263 v _702_/Y (sky130_fd_sc_hd__nand2_2)
                                                         _049_ (net)
                      0.042119    0.000429    1.346692 v _706_/B (sky130_fd_sc_hd__nand3b_2)
     4    0.024560    0.128028    0.118422    1.465114 ^ _706_/Y (sky130_fd_sc_hd__nand3b_2)
                                                         _053_ (net)
                      0.128056    0.001579    1.466693 ^ _709_/D (sky130_fd_sc_hd__nand4_4)
     1    0.009132    0.073720    0.069451    1.536144 v _709_/Y (sky130_fd_sc_hd__nand4_4)
                                                         _056_ (net)
                      0.073721    0.000754    1.536898 v _725_/B (sky130_fd_sc_hd__nor2_4)
     4    0.034349    0.166931    0.160502    1.697400 ^ _725_/Y (sky130_fd_sc_hd__nor2_4)
                                                         _072_ (net)
                      0.167181    0.005493    1.702894 ^ _410_/D (sky130_fd_sc_hd__nand4_4)
     2    0.015096    0.073350    0.081772    1.784666 v _410_/Y (sky130_fd_sc_hd__nand4_4)
                                                         _139_ (net)
                      0.073354    0.001051    1.785717 v _415_/C (sky130_fd_sc_hd__nand3_4)
     3    0.021227    0.077980    0.099926    1.885643 ^ _415_/Y (sky130_fd_sc_hd__nand3_4)
                                                         _144_ (net)
                      0.077996    0.002166    1.887809 ^ _424_/B1 (sky130_fd_sc_hd__o22ai_4)
     4    0.024574    0.073018    0.057541    1.945350 v _424_/Y (sky130_fd_sc_hd__o22ai_4)
                                                         _153_ (net)
                      0.073213    0.003091    1.948442 v rebuffer167/A (sky130_fd_sc_hd__buf_2)
     1    0.002965    0.017532    0.092882    2.041323 v rebuffer167/X (sky130_fd_sc_hd__buf_2)
                                                         net167 (net)
                      0.017532    0.000210    2.041533 v _432_/A1 (sky130_fd_sc_hd__a21bo_2)
     1    0.008555    0.035509    0.130570    2.172103 v _432_/X (sky130_fd_sc_hd__a21bo_2)
                                                         _160_ (net)
                      0.035516    0.000500    2.172603 v _433_/B (sky130_fd_sc_hd__xor2_2)
     1    0.006286    0.095808    0.101125    2.273728 ^ _433_/X (sky130_fd_sc_hd__xor2_2)
                                                         net74 (net)
                      0.095809    0.000522    2.274250 ^ output74/A (sky130_fd_sc_hd__buf_6)
     1    0.034785    0.058755    0.101980    2.376230 ^ output74/X (sky130_fd_sc_hd__buf_6)
                                                         S[17] (net)
                      0.058854    0.002031    2.378261 ^ S[17] (out)
                                              2.378261   data arrival time

                      0.000000    4.000000    4.000000   clock __VIRTUAL_CLK__ (rise edge)
                                  0.000000    4.000000   clock network delay (ideal)
                                 -0.250000    3.750000   clock uncertainty
                                  0.000000    3.750000   clock reconvergence pessimism
                                 -0.800000    2.950000   output external delay
                                              2.950000   data required time
---------------------------------------------------------------------------------------------
                                              2.950000   data required time
                                             -2.378261   data arrival time
---------------------------------------------------------------------------------------------
                                              0.571739   slack (MET)


Startpoint: sub (input port clocked by __VIRTUAL_CLK__)
Endpoint: S[27] (output port clocked by __VIRTUAL_CLK__)
Path Group: __VIRTUAL_CLK__
Path Type: max

Fanout         Cap        Slew       Delay        Time   Description
---------------------------------------------------------------------------------------------
                      0.000000    0.000000    0.000000   clock __VIRTUAL_CLK__ (rise edge)
                                  0.000000    0.000000   clock network delay (ideal)
                                  0.800000    0.800000 ^ input external delay
     1    0.008992    0.035048    0.023937    0.823937 ^ sub (in)
                                                         sub (net)
                      0.035057    0.000000    0.823937 ^ input65/A (sky130_fd_sc_hd__buf_8)
     4    0.034416    0.049684    0.082641    0.906578 ^ input65/X (sky130_fd_sc_hd__buf_8)
                                                         net65 (net)
                      0.049916    0.002833    0.909411 ^ fanout109/A (sky130_fd_sc_hd__dlymetal6s2s_1)
     3    0.017693    0.148451    0.150582    1.059993 ^ fanout109/X (sky130_fd_sc_hd__dlymetal6s2s_1)
                                                         net109 (net)
                      0.148463    0.001101    1.061094 ^ fanout106/A (sky130_fd_sc_hd__buf_4)
     6    0.030845    0.070535    0.130440    1.191534 ^ fanout106/X (sky130_fd_sc_hd__buf_4)
                                                         net106 (net)
                      0.070547    0.000987    1.192521 ^ load_slew107/A (sky130_fd_sc_hd__buf_4)
     5    0.042773    0.093675    0.132969    1.325490 ^ load_slew107/X (sky130_fd_sc_hd__buf_4)
                                                         net107 (net)
                      0.093750    0.002289    1.327780 ^ _426_/A (sky130_fd_sc_hd__nor2_4)
     2    0.011173    0.036262    0.033521    1.361300 v _426_/Y (sky130_fd_sc_hd__nor2_4)
                                                         _154_ (net)
                      0.036282    0.000700    1.362000 v _430_/A1 (sky130_fd_sc_hd__o21bai_4)
     4    0.020477    0.131863    0.144105    1.506105 ^ _430_/Y (sky130_fd_sc_hd__o21bai_4)
                                                         _158_ (net)
                      0.131895    0.001478    1.507583 ^ _431_/B (sky130_fd_sc_hd__nand2_4)
     2    0.020079    0.048184    0.054658    1.562241 v _431_/Y (sky130_fd_sc_hd__nand2_4)
                                                         _159_ (net)
                      0.048249    0.001409    1.563650 v _464_/B (sky130_fd_sc_hd__nor4_4)
     3    0.013587    0.210765    0.237880    1.801529 ^ _464_/Y (sky130_fd_sc_hd__nor4_4)
                                                         _189_ (net)
                      0.210767    0.001031    1.802560 ^ _518_/A (sky130_fd_sc_hd__and2_2)
     1    0.007562    0.043849    0.130366    1.932926 ^ _518_/X (sky130_fd_sc_hd__and2_2)
                                                         _239_ (net)
                      0.043859    0.000635    1.933561 ^ _520_/C1 (sky130_fd_sc_hd__o221ai_2)
     4    0.025364    0.104867    0.073334    2.006895 v _520_/Y (sky130_fd_sc_hd__o221ai_2)
                                                         _241_ (net)
                      0.104922    0.001978    2.008873 v _559_/A1 (sky130_fd_sc_hd__a21oi_4)
     2    0.011990    0.102074    0.135030    2.143903 ^ _559_/Y (sky130_fd_sc_hd__a21oi_4)
                                                         _277_ (net)
                      0.102075    0.000670    2.144573 ^ _562_/A1 (sky130_fd_sc_hd__o21bai_2)
     1    0.004727    0.035574    0.051585    2.196158 v _562_/Y (sky130_fd_sc_hd__o21bai_2)
                                                         _280_ (net)
                      0.035574    0.000371    2.196530 v _564_/B1 (sky130_fd_sc_hd__o21ai_2)
     1    0.005474    0.079932    0.044310    2.240840 ^ _564_/Y (sky130_fd_sc_hd__o21ai_2)
                                                         net85 (net)
                      0.079932    0.000273    2.241112 ^ output85/A (sky130_fd_sc_hd__buf_4)
     1    0.034883    0.078039    0.123892    2.365004 ^ output85/X (sky130_fd_sc_hd__buf_4)
                                                         S[27] (net)
                      0.078145    0.002022    2.367027 ^ S[27] (out)
                                              2.367027   data arrival time

                      0.000000    4.000000    4.000000   clock __VIRTUAL_CLK__ (rise edge)
                                  0.000000    4.000000   clock network delay (ideal)
                                 -0.250000    3.750000   clock uncertainty
                                  0.000000    3.750000   clock reconvergence pessimism
                                 -0.800000    2.950000   output external delay
                                              2.950000   data required time
---------------------------------------------------------------------------------------------
                                              2.950000   data required time
                                             -2.367027   data arrival time
---------------------------------------------------------------------------------------------
                                              0.582973   slack (MET)


Startpoint: sub (input port clocked by __VIRTUAL_CLK__)
Endpoint: S[19] (output port clocked by __VIRTUAL_CLK__)
Path Group: __VIRTUAL_CLK__
Path Type: max

Fanout         Cap        Slew       Delay        Time   Description
---------------------------------------------------------------------------------------------
                      0.000000    0.000000    0.000000   clock __VIRTUAL_CLK__ (rise edge)
                                  0.000000    0.000000   clock network delay (ideal)
                                  0.800000    0.800000 v input external delay
     1    0.008325    0.013646    0.008504    0.808504 v sub (in)
                                                         sub (net)
                      0.013663    0.000000    0.808504 v input65/A (sky130_fd_sc_hd__buf_8)
     4    0.033160    0.029656    0.084476    0.892979 v input65/X (sky130_fd_sc_hd__buf_8)
                                                         net65 (net)
                      0.029990    0.002508    0.895487 v fanout121/A (sky130_fd_sc_hd__buf_8)
     5    0.032399    0.029685    0.089993    0.985480 v fanout121/X (sky130_fd_sc_hd__buf_8)
                                                         net121 (net)
                      0.030066    0.002754    0.988235 v fanout113/A (sky130_fd_sc_hd__buf_8)
     2    0.010701    0.019197    0.079412    1.067647 v fanout113/X (sky130_fd_sc_hd__buf_8)
                                                         net113 (net)
                      0.019204    0.000859    1.068506 v load_slew115/A (sky130_fd_sc_hd__buf_8)
     3    0.017043    0.021791    0.078660    1.147165 v load_slew115/X (sky130_fd_sc_hd__buf_8)
                                                         net115 (net)
                      0.021798    0.000610    1.147776 v load_slew114/A (sky130_fd_sc_hd__buf_8)
     3    0.043909    0.036083    0.092289    1.240065 v load_slew114/X (sky130_fd_sc_hd__buf_8)
                                                         net114 (net)
                      0.036744    0.004031    1.244096 v _652_/A (sky130_fd_sc_hd__inv_16)
     8    0.075248    0.060186    0.066819    1.310915 ^ _652_/Y (sky130_fd_sc_hd__inv_16)
                                                         _348_ (net)
                      0.060325    0.002414    1.313329 ^ _702_/A (sky130_fd_sc_hd__nand2_2)
     1    0.005793    0.042118    0.032934    1.346263 v _702_/Y (sky130_fd_sc_hd__nand2_2)
                                                         _049_ (net)
                      0.042119    0.000429    1.346692 v _706_/B (sky130_fd_sc_hd__nand3b_2)
     4    0.024560    0.128028    0.118422    1.465114 ^ _706_/Y (sky130_fd_sc_hd__nand3b_2)
                                                         _053_ (net)
                      0.128056    0.001579    1.466693 ^ _709_/D (sky130_fd_sc_hd__nand4_4)
     1    0.009132    0.073720    0.069451    1.536144 v _709_/Y (sky130_fd_sc_hd__nand4_4)
                                                         _056_ (net)
                      0.073721    0.000754    1.536898 v _725_/B (sky130_fd_sc_hd__nor2_4)
     4    0.034349    0.166931    0.160502    1.697400 ^ _725_/Y (sky130_fd_sc_hd__nor2_4)
                                                         _072_ (net)
                      0.167181    0.005493    1.702894 ^ _410_/D (sky130_fd_sc_hd__nand4_4)
     2    0.015096    0.073350    0.081772    1.784666 v _410_/Y (sky130_fd_sc_hd__nand4_4)
                                                         _139_ (net)
                      0.073353    0.000973    1.785639 v rebuffer179/A (sky130_fd_sc_hd__buf_6)
     2    0.014252    0.021577    0.100539    1.886178 v rebuffer179/X (sky130_fd_sc_hd__buf_6)
                                                         net179 (net)
                      0.021623    0.000817    1.886995 v _423_/C (sky130_fd_sc_hd__nand4_2)
     3    0.021903    0.120178    0.113279    2.000274 ^ _423_/Y (sky130_fd_sc_hd__nand4_2)
                                                         _152_ (net)
                      0.120244    0.002287    2.002561 ^ _447_/D (sky130_fd_sc_hd__nand4b_2)
     2    0.008241    0.064120    0.083388    2.085950 v _447_/Y (sky130_fd_sc_hd__nand4b_2)
                                                         _173_ (net)
                      0.064121    0.000454    2.086404 v _455_/B1 (sky130_fd_sc_hd__a22o_2)
     1    0.004834    0.028401    0.117020    2.203423 v _455_/X (sky130_fd_sc_hd__a22o_2)
                                                         _181_ (net)
                      0.028401    0.000373    2.203796 v _457_/A (sky130_fd_sc_hd__nand2_2)
     1    0.006963    0.043079    0.044390    2.248186 ^ _457_/Y (sky130_fd_sc_hd__nand2_2)
                                                         net76 (net)
                      0.043081    0.000598    2.248784 ^ output76/A (sky130_fd_sc_hd__buf_4)
     1    0.035744    0.079573    0.115995    2.364779 ^ output76/X (sky130_fd_sc_hd__buf_4)
                                                         S[19] (net)
                      0.079649    0.002113    2.366893 ^ S[19] (out)
                                              2.366893   data arrival time

                      0.000000    4.000000    4.000000   clock __VIRTUAL_CLK__ (rise edge)
                                  0.000000    4.000000   clock network delay (ideal)
                                 -0.250000    3.750000   clock uncertainty
                                  0.000000    3.750000   clock reconvergence pessimism
                                 -0.800000    2.950000   output external delay
                                              2.950000   data required time
---------------------------------------------------------------------------------------------
                                              2.950000   data required time
                                             -2.366893   data arrival time
---------------------------------------------------------------------------------------------
                                              0.583107   slack (MET)


Startpoint: sub (input port clocked by __VIRTUAL_CLK__)
Endpoint: S[18] (output port clocked by __VIRTUAL_CLK__)
Path Group: __VIRTUAL_CLK__
Path Type: max

Fanout         Cap        Slew       Delay        Time   Description
---------------------------------------------------------------------------------------------
                      0.000000    0.000000    0.000000   clock __VIRTUAL_CLK__ (rise edge)
                                  0.000000    0.000000   clock network delay (ideal)
                                  0.800000    0.800000 ^ input external delay
     1    0.008992    0.035048    0.023937    0.823937 ^ sub (in)
                                                         sub (net)
                      0.035057    0.000000    0.823937 ^ input65/A (sky130_fd_sc_hd__buf_8)
     4    0.034416    0.049684    0.082641    0.906578 ^ input65/X (sky130_fd_sc_hd__buf_8)
                                                         net65 (net)
                      0.049885    0.002636    0.909213 ^ fanout121/A (sky130_fd_sc_hd__buf_8)
     5    0.033709    0.048970    0.084831    0.994045 ^ fanout121/X (sky130_fd_sc_hd__buf_8)
                                                         net121 (net)
                      0.049217    0.002903    0.996948 ^ fanout113/A (sky130_fd_sc_hd__buf_8)
     2    0.011527    0.024553    0.066367    1.063315 ^ fanout113/X (sky130_fd_sc_hd__buf_8)
                                                         net113 (net)
                      0.024565    0.000931    1.064246 ^ load_slew115/A (sky130_fd_sc_hd__buf_8)
     3    0.018319    0.031460    0.066523    1.130769 ^ load_slew115/X (sky130_fd_sc_hd__buf_8)
                                                         net115 (net)
                      0.031475    0.000660    1.131429 ^ load_slew114/A (sky130_fd_sc_hd__buf_8)
     3    0.047742    0.065004    0.092501    1.223930 ^ load_slew114/X (sky130_fd_sc_hd__buf_8)
                                                         net114 (net)
                      0.065427    0.004436    1.228366 ^ _652_/A (sky130_fd_sc_hd__inv_16)
     8    0.071432    0.033445    0.035769    1.264135 v _652_/Y (sky130_fd_sc_hd__inv_16)
                                                         _348_ (net)
                      0.033797    0.002782    1.266917 v _720_/A1 (sky130_fd_sc_hd__a21oi_4)
     1    0.009562    0.097125    0.098529    1.365446 ^ _720_/Y (sky130_fd_sc_hd__a21oi_4)
                                                         _067_ (net)
                      0.097126    0.000487    1.365933 ^ _721_/B1 (sky130_fd_sc_hd__o21ai_4)
     4    0.018808    0.068045    0.044369    1.410302 v _721_/Y (sky130_fd_sc_hd__o21ai_4)
                                                         _068_ (net)
                      0.068066    0.000979    1.411281 v _413_/A2 (sky130_fd_sc_hd__a31o_2)
     1    0.009114    0.039299    0.179826    1.591108 v _413_/X (sky130_fd_sc_hd__a31o_2)
                                                         _142_ (net)
                      0.039313    0.000736    1.591844 v _414_/B1 (sky130_fd_sc_hd__a21oi_4)
     3    0.024047    0.156057    0.101438    1.693282 ^ _414_/Y (sky130_fd_sc_hd__a21oi_4)
                                                         _143_ (net)
                      0.156095    0.001969    1.695251 ^ rebuffer132/A (sky130_fd_sc_hd__buf_2)
     1    0.005548    0.030804    0.096377    1.791628 ^ rebuffer132/X (sky130_fd_sc_hd__buf_2)
                                                         net132 (net)
                      0.030811    0.000424    1.792052 ^ _423_/D (sky130_fd_sc_hd__nand4_2)
     3    0.020736    0.113677    0.110288    1.902340 v _423_/Y (sky130_fd_sc_hd__nand4_2)
                                                         _152_ (net)
                      0.113728    0.001985    1.904325 v _444_/A2 (sky130_fd_sc_hd__a31oi_2)
     1    0.009183    0.141414    0.183922    2.088247 ^ _444_/Y (sky130_fd_sc_hd__a31oi_2)
                                                         _171_ (net)
                      0.141415    0.000539    2.088787 ^ _445_/B (sky130_fd_sc_hd__xor2_2)
     1    0.005824    0.092602    0.103491    2.192277 ^ _445_/X (sky130_fd_sc_hd__xor2_2)
                                                         net75 (net)
                      0.092603    0.000479    2.192756 ^ output75/A (sky130_fd_sc_hd__buf_2)
     1    0.036749    0.137091    0.165855    2.358611 ^ output75/X (sky130_fd_sc_hd__buf_2)
                                                         S[18] (net)
                      0.137146    0.002397    2.361008 ^ S[18] (out)
                                              2.361008   data arrival time

                      0.000000    4.000000    4.000000   clock __VIRTUAL_CLK__ (rise edge)
                                  0.000000    4.000000   clock network delay (ideal)
                                 -0.250000    3.750000   clock uncertainty
                                  0.000000    3.750000   clock reconvergence pessimism
                                 -0.800000    2.950000   output external delay
                                              2.950000   data required time
---------------------------------------------------------------------------------------------
                                              2.950000   data required time
                                             -2.361008   data arrival time
---------------------------------------------------------------------------------------------
                                              0.588992   slack (MET)


Startpoint: sub (input port clocked by __VIRTUAL_CLK__)
Endpoint: S[15] (output port clocked by __VIRTUAL_CLK__)
Path Group: __VIRTUAL_CLK__
Path Type: max

Fanout         Cap        Slew       Delay        Time   Description
---------------------------------------------------------------------------------------------
                      0.000000    0.000000    0.000000   clock __VIRTUAL_CLK__ (rise edge)
                                  0.000000    0.000000   clock network delay (ideal)
                                  0.800000    0.800000 v input external delay
     1    0.008325    0.013646    0.008504    0.808504 v sub (in)
                                                         sub (net)
                      0.013663    0.000000    0.808504 v input65/A (sky130_fd_sc_hd__buf_8)
     4    0.033160    0.029656    0.084476    0.892979 v input65/X (sky130_fd_sc_hd__buf_8)
                                                         net65 (net)
                      0.029990    0.002508    0.895487 v fanout121/A (sky130_fd_sc_hd__buf_8)
     5    0.032399    0.029685    0.089993    0.985480 v fanout121/X (sky130_fd_sc_hd__buf_8)
                                                         net121 (net)
                      0.030066    0.002754    0.988235 v fanout113/A (sky130_fd_sc_hd__buf_8)
     2    0.010701    0.019197    0.079412    1.067647 v fanout113/X (sky130_fd_sc_hd__buf_8)
                                                         net113 (net)
                      0.019204    0.000859    1.068506 v load_slew115/A (sky130_fd_sc_hd__buf_8)
     3    0.017043    0.021791    0.078660    1.147165 v load_slew115/X (sky130_fd_sc_hd__buf_8)
                                                         net115 (net)
                      0.021798    0.000610    1.147776 v load_slew114/A (sky130_fd_sc_hd__buf_8)
     3    0.043909    0.036083    0.092289    1.240065 v load_slew114/X (sky130_fd_sc_hd__buf_8)
                                                         net114 (net)
                      0.036744    0.004031    1.244096 v _652_/A (sky130_fd_sc_hd__inv_16)
     8    0.075248    0.060186    0.066819    1.310915 ^ _652_/Y (sky130_fd_sc_hd__inv_16)
                                                         _348_ (net)
                      0.060325    0.002414    1.313329 ^ _702_/A (sky130_fd_sc_hd__nand2_2)
     1    0.005793    0.042118    0.032934    1.346263 v _702_/Y (sky130_fd_sc_hd__nand2_2)
                                                         _049_ (net)
                      0.042119    0.000429    1.346692 v _706_/B (sky130_fd_sc_hd__nand3b_2)
     4    0.024560    0.128028    0.118422    1.465114 ^ _706_/Y (sky130_fd_sc_hd__nand3b_2)
                                                         _053_ (net)
                      0.128056    0.001579    1.466693 ^ _709_/D (sky130_fd_sc_hd__nand4_4)
     1    0.009132    0.073720    0.069451    1.536144 v _709_/Y (sky130_fd_sc_hd__nand4_4)
                                                         _056_ (net)
                      0.073721    0.000754    1.536898 v _725_/B (sky130_fd_sc_hd__nor2_4)
     4    0.034349    0.166931    0.160502    1.697400 ^ _725_/Y (sky130_fd_sc_hd__nor2_4)
                                                         _072_ (net)
                      0.167181    0.005493    1.702894 ^ _410_/D (sky130_fd_sc_hd__nand4_4)
     2    0.015096    0.073350    0.081772    1.784666 v _410_/Y (sky130_fd_sc_hd__nand4_4)
                                                         _139_ (net)
                      0.073353    0.000973    1.785639 v rebuffer179/A (sky130_fd_sc_hd__buf_6)
     2    0.014252    0.021577    0.100539    1.886178 v rebuffer179/X (sky130_fd_sc_hd__buf_6)
                                                         net179 (net)
                      0.021642    0.000977    1.887155 v _640_/A (sky130_fd_sc_hd__nand4_4)
     3    0.018554    0.084991    0.058640    1.945795 ^ _640_/Y (sky130_fd_sc_hd__nand4_4)
                                                         _341_ (net)
                      0.084996    0.001381    1.947176 ^ _646_/A1 (sky130_fd_sc_hd__a21o_2)
     2    0.008601    0.040514    0.096764    2.043940 ^ _646_/X (sky130_fd_sc_hd__a21o_2)
                                                         _345_ (net)
                      0.040518    0.000476    2.044416 ^ _648_/D (sky130_fd_sc_hd__and4_2)
     1    0.010075    0.058544    0.154067    2.198483 ^ _648_/X (sky130_fd_sc_hd__and4_2)
                                                         _346_ (net)
                      0.058554    0.000805    2.199287 ^ _650_/A (sky130_fd_sc_hd__nor2_4)
     1    0.003107    0.022343    0.022773    2.222060 v _650_/Y (sky130_fd_sc_hd__nor2_4)
                                                         net72 (net)
                      0.022344    0.000224    2.222285 v output72/A (sky130_fd_sc_hd__clkbuf_2)
     1    0.034544    0.092514    0.129516    2.351800 v output72/X (sky130_fd_sc_hd__clkbuf_2)
                                                         S[15] (net)
                      0.092549    0.001749    2.353550 v S[15] (out)
                                              2.353550   data arrival time

                      0.000000    4.000000    4.000000   clock __VIRTUAL_CLK__ (rise edge)
                                  0.000000    4.000000   clock network delay (ideal)
                                 -0.250000    3.750000   clock uncertainty
                                  0.000000    3.750000   clock reconvergence pessimism
                                 -0.800000    2.950000   output external delay
                                              2.950000   data required time
---------------------------------------------------------------------------------------------
                                              2.950000   data required time
                                             -2.353550   data arrival time
---------------------------------------------------------------------------------------------
                                              0.596450   slack (MET)


Startpoint: sub (input port clocked by __VIRTUAL_CLK__)
Endpoint: S[13] (output port clocked by __VIRTUAL_CLK__)
Path Group: __VIRTUAL_CLK__
Path Type: max

Fanout         Cap        Slew       Delay        Time   Description
---------------------------------------------------------------------------------------------
                      0.000000    0.000000    0.000000   clock __VIRTUAL_CLK__ (rise edge)
                                  0.000000    0.000000   clock network delay (ideal)
                                  0.800000    0.800000 v input external delay
     1    0.008325    0.013646    0.008504    0.808504 v sub (in)
                                                         sub (net)
                      0.013663    0.000000    0.808504 v input65/A (sky130_fd_sc_hd__buf_8)
     4    0.033160    0.029656    0.084476    0.892979 v input65/X (sky130_fd_sc_hd__buf_8)
                                                         net65 (net)
                      0.029990    0.002508    0.895487 v fanout121/A (sky130_fd_sc_hd__buf_8)
     5    0.032399    0.029685    0.089993    0.985480 v fanout121/X (sky130_fd_sc_hd__buf_8)
                                                         net121 (net)
                      0.030066    0.002754    0.988235 v fanout113/A (sky130_fd_sc_hd__buf_8)
     2    0.010701    0.019197    0.079412    1.067647 v fanout113/X (sky130_fd_sc_hd__buf_8)
                                                         net113 (net)
                      0.019204    0.000859    1.068506 v load_slew115/A (sky130_fd_sc_hd__buf_8)
     3    0.017043    0.021791    0.078660    1.147165 v load_slew115/X (sky130_fd_sc_hd__buf_8)
                                                         net115 (net)
                      0.021798    0.000610    1.147776 v load_slew114/A (sky130_fd_sc_hd__buf_8)
     3    0.043909    0.036083    0.092289    1.240065 v load_slew114/X (sky130_fd_sc_hd__buf_8)
                                                         net114 (net)
                      0.036744    0.004031    1.244096 v _652_/A (sky130_fd_sc_hd__inv_16)
     8    0.075248    0.060186    0.066819    1.310915 ^ _652_/Y (sky130_fd_sc_hd__inv_16)
                                                         _348_ (net)
                      0.060325    0.002414    1.313329 ^ _702_/A (sky130_fd_sc_hd__nand2_2)
     1    0.005793    0.042118    0.032934    1.346263 v _702_/Y (sky130_fd_sc_hd__nand2_2)
                                                         _049_ (net)
                      0.042119    0.000429    1.346692 v _706_/B (sky130_fd_sc_hd__nand3b_2)
     4    0.024560    0.128028    0.118422    1.465114 ^ _706_/Y (sky130_fd_sc_hd__nand3b_2)
                                                         _053_ (net)
                      0.128056    0.001579    1.466693 ^ _709_/D (sky130_fd_sc_hd__nand4_4)
     1    0.009132    0.073720    0.069451    1.536144 v _709_/Y (sky130_fd_sc_hd__nand4_4)
                                                         _056_ (net)
                      0.073721    0.000754    1.536898 v _725_/B (sky130_fd_sc_hd__nor2_4)
     4    0.034349    0.166931    0.160502    1.697400 ^ _725_/Y (sky130_fd_sc_hd__nor2_4)
                                                         _072_ (net)
                      0.167181    0.005493    1.702894 ^ _410_/D (sky130_fd_sc_hd__nand4_4)
     2    0.015096    0.073350    0.081772    1.784666 v _410_/Y (sky130_fd_sc_hd__nand4_4)
                                                         _139_ (net)
                      0.073353    0.000973    1.785639 v rebuffer179/A (sky130_fd_sc_hd__buf_6)
     2    0.014252    0.021577    0.100539    1.886178 v rebuffer179/X (sky130_fd_sc_hd__buf_6)
                                                         net179 (net)
                      0.021642    0.000977    1.887155 v _640_/A (sky130_fd_sc_hd__nand4_4)
     3    0.018554    0.084991    0.058640    1.945795 ^ _640_/Y (sky130_fd_sc_hd__nand4_4)
                                                         _341_ (net)
                      0.084999    0.001698    1.947493 ^ rebuffer178/A (sky130_fd_sc_hd__buf_6)
     2    0.017213    0.034723    0.081446    2.028938 ^ rebuffer178/X (sky130_fd_sc_hd__buf_6)
                                                         net178 (net)
                      0.034847    0.001541    2.030479 ^ rebuffer177/A (sky130_fd_sc_hd__buf_6)
     1    0.005790    0.018953    0.058423    2.088902 ^ rebuffer177/X (sky130_fd_sc_hd__buf_6)
                                                         net177 (net)
                      0.018956    0.000284    2.089187 ^ _643_/B1 (sky130_fd_sc_hd__a22o_4)
     1    0.008792    0.030847    0.065499    2.154686 ^ _643_/X (sky130_fd_sc_hd__a22o_4)
                                                         _343_ (net)
                      0.030866    0.000703    2.155389 ^ _644_/B (sky130_fd_sc_hd__xnor2_2)
     1    0.006008    0.101390    0.071327    2.226716 ^ _644_/Y (sky130_fd_sc_hd__xnor2_2)
                                                         net70 (net)
                      0.101391    0.000489    2.227205 ^ output70/A (sky130_fd_sc_hd__buf_6)
     1    0.035166    0.059319    0.103399    2.330604 ^ output70/X (sky130_fd_sc_hd__buf_6)
                                                         S[13] (net)
                      0.059427    0.001809    2.332413 ^ S[13] (out)
                                              2.332413   data arrival time

                      0.000000    4.000000    4.000000   clock __VIRTUAL_CLK__ (rise edge)
                                  0.000000    4.000000   clock network delay (ideal)
                                 -0.250000    3.750000   clock uncertainty
                                  0.000000    3.750000   clock reconvergence pessimism
                                 -0.800000    2.950000   output external delay
                                              2.950000   data required time
---------------------------------------------------------------------------------------------
                                              2.950000   data required time
                                             -2.332413   data arrival time
---------------------------------------------------------------------------------------------
                                              0.617586   slack (MET)


Startpoint: sub (input port clocked by __VIRTUAL_CLK__)
Endpoint: S[14] (output port clocked by __VIRTUAL_CLK__)
Path Group: __VIRTUAL_CLK__
Path Type: max

Fanout         Cap        Slew       Delay        Time   Description
---------------------------------------------------------------------------------------------
                      0.000000    0.000000    0.000000   clock __VIRTUAL_CLK__ (rise edge)
                                  0.000000    0.000000   clock network delay (ideal)
                                  0.800000    0.800000 v input external delay
     1    0.008325    0.013646    0.008504    0.808504 v sub (in)
                                                         sub (net)
                      0.013663    0.000000    0.808504 v input65/A (sky130_fd_sc_hd__buf_8)
     4    0.033160    0.029656    0.084476    0.892979 v input65/X (sky130_fd_sc_hd__buf_8)
                                                         net65 (net)
                      0.029990    0.002508    0.895487 v fanout121/A (sky130_fd_sc_hd__buf_8)
     5    0.032399    0.029685    0.089993    0.985480 v fanout121/X (sky130_fd_sc_hd__buf_8)
                                                         net121 (net)
                      0.030066    0.002754    0.988235 v fanout113/A (sky130_fd_sc_hd__buf_8)
     2    0.010701    0.019197    0.079412    1.067647 v fanout113/X (sky130_fd_sc_hd__buf_8)
                                                         net113 (net)
                      0.019204    0.000859    1.068506 v load_slew115/A (sky130_fd_sc_hd__buf_8)
     3    0.017043    0.021791    0.078660    1.147165 v load_slew115/X (sky130_fd_sc_hd__buf_8)
                                                         net115 (net)
                      0.021798    0.000610    1.147776 v load_slew114/A (sky130_fd_sc_hd__buf_8)
     3    0.043909    0.036083    0.092289    1.240065 v load_slew114/X (sky130_fd_sc_hd__buf_8)
                                                         net114 (net)
                      0.036744    0.004031    1.244096 v _652_/A (sky130_fd_sc_hd__inv_16)
     8    0.075248    0.060186    0.066819    1.310915 ^ _652_/Y (sky130_fd_sc_hd__inv_16)
                                                         _348_ (net)
                      0.060325    0.002414    1.313329 ^ _702_/A (sky130_fd_sc_hd__nand2_2)
     1    0.005793    0.042118    0.032934    1.346263 v _702_/Y (sky130_fd_sc_hd__nand2_2)
                                                         _049_ (net)
                      0.042119    0.000429    1.346692 v _706_/B (sky130_fd_sc_hd__nand3b_2)
     4    0.024560    0.128028    0.118422    1.465114 ^ _706_/Y (sky130_fd_sc_hd__nand3b_2)
                                                         _053_ (net)
                      0.128056    0.001579    1.466693 ^ _709_/D (sky130_fd_sc_hd__nand4_4)
     1    0.009132    0.073720    0.069451    1.536144 v _709_/Y (sky130_fd_sc_hd__nand4_4)
                                                         _056_ (net)
                      0.073721    0.000754    1.536898 v _725_/B (sky130_fd_sc_hd__nor2_4)
     4    0.034349    0.166931    0.160502    1.697400 ^ _725_/Y (sky130_fd_sc_hd__nor2_4)
                                                         _072_ (net)
                      0.167181    0.005493    1.702894 ^ _410_/D (sky130_fd_sc_hd__nand4_4)
     2    0.015096    0.073350    0.081772    1.784666 v _410_/Y (sky130_fd_sc_hd__nand4_4)
                                                         _139_ (net)
                      0.073353    0.000973    1.785639 v rebuffer179/A (sky130_fd_sc_hd__buf_6)
     2    0.014252    0.021577    0.100539    1.886178 v rebuffer179/X (sky130_fd_sc_hd__buf_6)
                                                         net179 (net)
                      0.021642    0.000977    1.887155 v _640_/A (sky130_fd_sc_hd__nand4_4)
     3    0.018554    0.084991    0.058640    1.945795 ^ _640_/Y (sky130_fd_sc_hd__nand4_4)
                                                         _341_ (net)
                      0.084997    0.001496    1.947291 ^ _641_/A (sky130_fd_sc_hd__nand2_2)
     1    0.004828    0.034165    0.031929    1.979220 v _641_/Y (sky130_fd_sc_hd__nand2_2)
                                                         _342_ (net)
                      0.034166    0.000371    1.979592 v _645_/A2 (sky130_fd_sc_hd__o211ai_2)
     1    0.008978    0.127326    0.128064    2.107656 ^ _645_/Y (sky130_fd_sc_hd__o211ai_2)
                                                         _344_ (net)
                      0.127326    0.000517    2.108172 ^ _647_/B (sky130_fd_sc_hd__xor2_2)
     1    0.007003    0.101353    0.111347    2.219520 ^ _647_/X (sky130_fd_sc_hd__xor2_2)
                                                         net71 (net)
                      0.101353    0.000359    2.219879 ^ output71/A (sky130_fd_sc_hd__buf_6)
     1    0.034604    0.058531    0.102840    2.322719 ^ output71/X (sky130_fd_sc_hd__buf_6)
                                                         S[14] (net)
                      0.058632    0.001733    2.324452 ^ S[14] (out)
                                              2.324452   data arrival time

                      0.000000    4.000000    4.000000   clock __VIRTUAL_CLK__ (rise edge)
                                  0.000000    4.000000   clock network delay (ideal)
                                 -0.250000    3.750000   clock uncertainty
                                  0.000000    3.750000   clock reconvergence pessimism
                                 -0.800000    2.950000   output external delay
                                              2.950000   data required time
---------------------------------------------------------------------------------------------
                                              2.950000   data required time
                                             -2.324452   data arrival time
---------------------------------------------------------------------------------------------
                                              0.625548   slack (MET)


Startpoint: sub (input port clocked by __VIRTUAL_CLK__)
Endpoint: S[11] (output port clocked by __VIRTUAL_CLK__)
Path Group: __VIRTUAL_CLK__
Path Type: max

Fanout         Cap        Slew       Delay        Time   Description
---------------------------------------------------------------------------------------------
                      0.000000    0.000000    0.000000   clock __VIRTUAL_CLK__ (rise edge)
                                  0.000000    0.000000   clock network delay (ideal)
                                  0.800000    0.800000 v input external delay
     1    0.008325    0.013646    0.008504    0.808504 v sub (in)
                                                         sub (net)
                      0.013663    0.000000    0.808504 v input65/A (sky130_fd_sc_hd__buf_8)
     4    0.033160    0.029656    0.084476    0.892979 v input65/X (sky130_fd_sc_hd__buf_8)
                                                         net65 (net)
                      0.029990    0.002508    0.895487 v fanout121/A (sky130_fd_sc_hd__buf_8)
     5    0.032399    0.029685    0.089993    0.985480 v fanout121/X (sky130_fd_sc_hd__buf_8)
                                                         net121 (net)
                      0.030066    0.002754    0.988235 v fanout113/A (sky130_fd_sc_hd__buf_8)
     2    0.010701    0.019197    0.079412    1.067647 v fanout113/X (sky130_fd_sc_hd__buf_8)
                                                         net113 (net)
                      0.019204    0.000859    1.068506 v load_slew115/A (sky130_fd_sc_hd__buf_8)
     3    0.017043    0.021791    0.078660    1.147165 v load_slew115/X (sky130_fd_sc_hd__buf_8)
                                                         net115 (net)
                      0.021798    0.000610    1.147776 v load_slew114/A (sky130_fd_sc_hd__buf_8)
     3    0.043909    0.036083    0.092289    1.240065 v load_slew114/X (sky130_fd_sc_hd__buf_8)
                                                         net114 (net)
                      0.036744    0.004031    1.244096 v _652_/A (sky130_fd_sc_hd__inv_16)
     8    0.075248    0.060186    0.066819    1.310915 ^ _652_/Y (sky130_fd_sc_hd__inv_16)
                                                         _348_ (net)
                      0.060769    0.004916    1.315831 ^ _380_/A (sky130_fd_sc_hd__nand2_4)
     1    0.009833    0.046312    0.032355    1.348186 v _380_/Y (sky130_fd_sc_hd__nand2_4)
                                                         _109_ (net)
                      0.046317    0.000832    1.349017 v _385_/C (sky130_fd_sc_hd__nand3b_4)
     4    0.021271    0.073960    0.083839    1.432857 ^ _385_/Y (sky130_fd_sc_hd__nand3b_4)
                                                         _114_ (net)
                      0.073966    0.001283    1.434139 ^ _386_/B1 (sky130_fd_sc_hd__o21ai_4)
     2    0.013826    0.054997    0.036555    1.470694 v _386_/Y (sky130_fd_sc_hd__o21ai_4)
                                                         _115_ (net)
                      0.055001    0.000913    1.471608 v _393_/A (sky130_fd_sc_hd__nor2_4)
     2    0.024318    0.125579    0.138379    1.609986 ^ _393_/Y (sky130_fd_sc_hd__nor2_4)
                                                         _122_ (net)
                      0.125613    0.001759    1.611746 ^ rebuffer224/A (sky130_fd_sc_hd__buf_6)
     3    0.027239    0.048554    0.098338    1.710083 ^ rebuffer224/X (sky130_fd_sc_hd__buf_6)
                                                         net224 (net)
                      0.048771    0.002676    1.712759 ^ _624_/A1 (sky130_fd_sc_hd__a21oi_4)
     3    0.017636    0.047151    0.044267    1.757027 v _624_/Y (sky130_fd_sc_hd__a21oi_4)
                                                         _333_ (net)
                      0.047204    0.001272    1.758298 v _632_/B2 (sky130_fd_sc_hd__o2bb2ai_4)
     3    0.029165    0.166204    0.160847    1.919145 ^ _632_/Y (sky130_fd_sc_hd__o2bb2ai_4)
                                                         _337_ (net)
                      0.166250    0.002275    1.921420 ^ _636_/A1 (sky130_fd_sc_hd__a21oi_4)
     2    0.013371    0.054213    0.049897    1.971317 v _636_/Y (sky130_fd_sc_hd__a21oi_4)
                                                         _339_ (net)
                      0.054214    0.000516    1.971834 v _638_/A2 (sky130_fd_sc_hd__o21ai_2)
     1    0.009222    0.105383    0.115090    2.086924 ^ _638_/Y (sky130_fd_sc_hd__o21ai_2)
                                                         _340_ (net)
                      0.105384    0.000544    2.087468 ^ _639_/B (sky130_fd_sc_hd__xor2_2)
     1    0.005811    0.092044    0.103995    2.191463 ^ _639_/X (sky130_fd_sc_hd__xor2_2)
                                                         net68 (net)
                      0.092044    0.000458    2.191920 ^ output68/A (sky130_fd_sc_hd__buf_6)
     1    0.034581    0.058399    0.101328    2.293248 ^ output68/X (sky130_fd_sc_hd__buf_6)
                                                         S[11] (net)
                      0.058502    0.001741    2.294989 ^ S[11] (out)
                                              2.294989   data arrival time

                      0.000000    4.000000    4.000000   clock __VIRTUAL_CLK__ (rise edge)
                                  0.000000    4.000000   clock network delay (ideal)
                                 -0.250000    3.750000   clock uncertainty
                                  0.000000    3.750000   clock reconvergence pessimism
                                 -0.800000    2.950000   output external delay
                                              2.950000   data required time
---------------------------------------------------------------------------------------------
                                              2.950000   data required time
                                             -2.294989   data arrival time
---------------------------------------------------------------------------------------------
                                              0.655011   slack (MET)


Startpoint: sub (input port clocked by __VIRTUAL_CLK__)
Endpoint: S[16] (output port clocked by __VIRTUAL_CLK__)
Path Group: __VIRTUAL_CLK__
Path Type: max

Fanout         Cap        Slew       Delay        Time   Description
---------------------------------------------------------------------------------------------
                      0.000000    0.000000    0.000000   clock __VIRTUAL_CLK__ (rise edge)
                                  0.000000    0.000000   clock network delay (ideal)
                                  0.800000    0.800000 ^ input external delay
     1    0.008992    0.035048    0.023937    0.823937 ^ sub (in)
                                                         sub (net)
                      0.035057    0.000000    0.823937 ^ input65/A (sky130_fd_sc_hd__buf_8)
     4    0.034416    0.049684    0.082641    0.906578 ^ input65/X (sky130_fd_sc_hd__buf_8)
                                                         net65 (net)
                      0.049885    0.002636    0.909213 ^ fanout121/A (sky130_fd_sc_hd__buf_8)
     5    0.033709    0.048970    0.084831    0.994045 ^ fanout121/X (sky130_fd_sc_hd__buf_8)
                                                         net121 (net)
                      0.049217    0.002903    0.996948 ^ fanout113/A (sky130_fd_sc_hd__buf_8)
     2    0.011527    0.024553    0.066367    1.063315 ^ fanout113/X (sky130_fd_sc_hd__buf_8)
                                                         net113 (net)
                      0.024565    0.000931    1.064246 ^ load_slew115/A (sky130_fd_sc_hd__buf_8)
     3    0.018319    0.031460    0.066523    1.130769 ^ load_slew115/X (sky130_fd_sc_hd__buf_8)
                                                         net115 (net)
                      0.031475    0.000660    1.131429 ^ load_slew114/A (sky130_fd_sc_hd__buf_8)
     3    0.047742    0.065004    0.092501    1.223930 ^ load_slew114/X (sky130_fd_sc_hd__buf_8)
                                                         net114 (net)
                      0.065427    0.004436    1.228366 ^ _652_/A (sky130_fd_sc_hd__inv_16)
     8    0.071432    0.033445    0.035769    1.264135 v _652_/Y (sky130_fd_sc_hd__inv_16)
                                                         _348_ (net)
                      0.033797    0.002782    1.266917 v _720_/A1 (sky130_fd_sc_hd__a21oi_4)
     1    0.009562    0.097125    0.098529    1.365446 ^ _720_/Y (sky130_fd_sc_hd__a21oi_4)
                                                         _067_ (net)
                      0.097126    0.000487    1.365933 ^ _721_/B1 (sky130_fd_sc_hd__o21ai_4)
     4    0.018808    0.068045    0.044369    1.410302 v _721_/Y (sky130_fd_sc_hd__o21ai_4)
                                                         _068_ (net)
                      0.068066    0.000979    1.411281 v _413_/A2 (sky130_fd_sc_hd__a31o_2)
     1    0.009114    0.039299    0.179826    1.591108 v _413_/X (sky130_fd_sc_hd__a31o_2)
                                                         _142_ (net)
                      0.039313    0.000736    1.591844 v _414_/B1 (sky130_fd_sc_hd__a21oi_4)
     3    0.024047    0.156057    0.101438    1.693282 ^ _414_/Y (sky130_fd_sc_hd__a21oi_4)
                                                         _143_ (net)
                      0.156104    0.002193    1.695475 ^ _415_/A (sky130_fd_sc_hd__nand3_4)
     3    0.019751    0.076263    0.076345    1.771821 v _415_/Y (sky130_fd_sc_hd__nand3_4)
                                                         _144_ (net)
                      0.076277    0.002008    1.773829 v _424_/B1 (sky130_fd_sc_hd__o22ai_4)
     4    0.025782    0.169763    0.172209    1.946038 ^ _424_/Y (sky130_fd_sc_hd__o22ai_4)
                                                         _153_ (net)
                      0.169862    0.003262    1.949299 ^ rebuffer128/A (sky130_fd_sc_hd__buf_2)
     1    0.009124    0.042315    0.107496    2.056795 ^ rebuffer128/X (sky130_fd_sc_hd__buf_2)
                                                         net128 (net)
                      0.042321    0.000535    2.057330 ^ _425_/B (sky130_fd_sc_hd__xor2_2)
     1    0.006531    0.097837    0.106359    2.163690 ^ _425_/X (sky130_fd_sc_hd__xor2_2)
                                                         net73 (net)
                      0.097838    0.000544    2.164234 ^ output73/A (sky130_fd_sc_hd__buf_6)
     1    0.036061    0.060570    0.103636    2.267870 ^ output73/X (sky130_fd_sc_hd__buf_6)
                                                         S[16] (net)
                      0.060667    0.002049    2.269919 ^ S[16] (out)
                                              2.269919   data arrival time

                      0.000000    4.000000    4.000000   clock __VIRTUAL_CLK__ (rise edge)
                                  0.000000    4.000000   clock network delay (ideal)
                                 -0.250000    3.750000   clock uncertainty
                                  0.000000    3.750000   clock reconvergence pessimism
                                 -0.800000    2.950000   output external delay
                                              2.950000   data required time
---------------------------------------------------------------------------------------------
                                              2.950000   data required time
                                             -2.269919   data arrival time
---------------------------------------------------------------------------------------------
                                              0.680081   slack (MET)


Startpoint: sub (input port clocked by __VIRTUAL_CLK__)
Endpoint: S[12] (output port clocked by __VIRTUAL_CLK__)
Path Group: __VIRTUAL_CLK__
Path Type: max

Fanout         Cap        Slew       Delay        Time   Description
---------------------------------------------------------------------------------------------
                      0.000000    0.000000    0.000000   clock __VIRTUAL_CLK__ (rise edge)
                                  0.000000    0.000000   clock network delay (ideal)
                                  0.800000    0.800000 v input external delay
     1    0.008325    0.013646    0.008504    0.808504 v sub (in)
                                                         sub (net)
                      0.013663    0.000000    0.808504 v input65/A (sky130_fd_sc_hd__buf_8)
     4    0.033160    0.029656    0.084476    0.892979 v input65/X (sky130_fd_sc_hd__buf_8)
                                                         net65 (net)
                      0.029990    0.002508    0.895487 v fanout121/A (sky130_fd_sc_hd__buf_8)
     5    0.032399    0.029685    0.089993    0.985480 v fanout121/X (sky130_fd_sc_hd__buf_8)
                                                         net121 (net)
                      0.030066    0.002754    0.988235 v fanout113/A (sky130_fd_sc_hd__buf_8)
     2    0.010701    0.019197    0.079412    1.067647 v fanout113/X (sky130_fd_sc_hd__buf_8)
                                                         net113 (net)
                      0.019204    0.000859    1.068506 v load_slew115/A (sky130_fd_sc_hd__buf_8)
     3    0.017043    0.021791    0.078660    1.147165 v load_slew115/X (sky130_fd_sc_hd__buf_8)
                                                         net115 (net)
                      0.021798    0.000610    1.147776 v load_slew114/A (sky130_fd_sc_hd__buf_8)
     3    0.043909    0.036083    0.092289    1.240065 v load_slew114/X (sky130_fd_sc_hd__buf_8)
                                                         net114 (net)
                      0.036744    0.004031    1.244096 v _652_/A (sky130_fd_sc_hd__inv_16)
     8    0.075248    0.060186    0.066819    1.310915 ^ _652_/Y (sky130_fd_sc_hd__inv_16)
                                                         _348_ (net)
                      0.060325    0.002414    1.313329 ^ _702_/A (sky130_fd_sc_hd__nand2_2)
     1    0.005793    0.042118    0.032934    1.346263 v _702_/Y (sky130_fd_sc_hd__nand2_2)
                                                         _049_ (net)
                      0.042119    0.000429    1.346692 v _706_/B (sky130_fd_sc_hd__nand3b_2)
     4    0.024560    0.128028    0.118422    1.465114 ^ _706_/Y (sky130_fd_sc_hd__nand3b_2)
                                                         _053_ (net)
                      0.128056    0.001579    1.466693 ^ _709_/D (sky130_fd_sc_hd__nand4_4)
     1    0.009132    0.073720    0.069451    1.536144 v _709_/Y (sky130_fd_sc_hd__nand4_4)
                                                         _056_ (net)
                      0.073721    0.000754    1.536898 v _725_/B (sky130_fd_sc_hd__nor2_4)
     4    0.034349    0.166931    0.160502    1.697400 ^ _725_/Y (sky130_fd_sc_hd__nor2_4)
                                                         _072_ (net)
                      0.167181    0.005493    1.702894 ^ _410_/D (sky130_fd_sc_hd__nand4_4)
     2    0.015096    0.073350    0.081772    1.784666 v _410_/Y (sky130_fd_sc_hd__nand4_4)
                                                         _139_ (net)
                      0.073353    0.000973    1.785639 v rebuffer179/A (sky130_fd_sc_hd__buf_6)
     2    0.014252    0.021577    0.100539    1.886178 v rebuffer179/X (sky130_fd_sc_hd__buf_6)
                                                         net179 (net)
                      0.021642    0.000977    1.887155 v _640_/A (sky130_fd_sc_hd__nand4_4)
     3    0.018554    0.084991    0.058640    1.945795 ^ _640_/Y (sky130_fd_sc_hd__nand4_4)
                                                         _341_ (net)
                      0.084999    0.001698    1.947493 ^ rebuffer178/A (sky130_fd_sc_hd__buf_6)
     2    0.017213    0.034723    0.081446    2.028938 ^ rebuffer178/X (sky130_fd_sc_hd__buf_6)
                                                         net178 (net)
                      0.034806    0.001188    2.030127 ^ _642_/B (sky130_fd_sc_hd__xor2_2)
     1    0.006071    0.094347    0.102926    2.133052 ^ _642_/X (sky130_fd_sc_hd__xor2_2)
                                                         net69 (net)
                      0.094347    0.000465    2.133518 ^ output69/A (sky130_fd_sc_hd__buf_6)
     1    0.034980    0.058985    0.102055    2.235573 ^ output69/X (sky130_fd_sc_hd__buf_6)
                                                         S[12] (net)
                      0.059095    0.001832    2.237405 ^ S[12] (out)
                                              2.237405   data arrival time

                      0.000000    4.000000    4.000000   clock __VIRTUAL_CLK__ (rise edge)
                                  0.000000    4.000000   clock network delay (ideal)
                                 -0.250000    3.750000   clock uncertainty
                                  0.000000    3.750000   clock reconvergence pessimism
                                 -0.800000    2.950000   output external delay
                                              2.950000   data required time
---------------------------------------------------------------------------------------------
                                              2.950000   data required time
                                             -2.237405   data arrival time
---------------------------------------------------------------------------------------------
                                              0.712595   slack (MET)


Startpoint: sub (input port clocked by __VIRTUAL_CLK__)
Endpoint: S[7] (output port clocked by __VIRTUAL_CLK__)
Path Group: __VIRTUAL_CLK__
Path Type: max

Fanout         Cap        Slew       Delay        Time   Description
---------------------------------------------------------------------------------------------
                      0.000000    0.000000    0.000000   clock __VIRTUAL_CLK__ (rise edge)
                                  0.000000    0.000000   clock network delay (ideal)
                                  0.800000    0.800000 v input external delay
     1    0.008325    0.013646    0.008504    0.808504 v sub (in)
                                                         sub (net)
                      0.013663    0.000000    0.808504 v input65/A (sky130_fd_sc_hd__buf_8)
     4    0.033160    0.029656    0.084476    0.892979 v input65/X (sky130_fd_sc_hd__buf_8)
                                                         net65 (net)
                      0.029990    0.002508    0.895487 v fanout121/A (sky130_fd_sc_hd__buf_8)
     5    0.032399    0.029685    0.089993    0.985480 v fanout121/X (sky130_fd_sc_hd__buf_8)
                                                         net121 (net)
                      0.030066    0.002754    0.988235 v fanout113/A (sky130_fd_sc_hd__buf_8)
     2    0.010701    0.019197    0.079412    1.067647 v fanout113/X (sky130_fd_sc_hd__buf_8)
                                                         net113 (net)
                      0.019204    0.000859    1.068506 v load_slew115/A (sky130_fd_sc_hd__buf_8)
     3    0.017043    0.021791    0.078660    1.147165 v load_slew115/X (sky130_fd_sc_hd__buf_8)
                                                         net115 (net)
                      0.021798    0.000610    1.147776 v load_slew114/A (sky130_fd_sc_hd__buf_8)
     3    0.043909    0.036083    0.092289    1.240065 v load_slew114/X (sky130_fd_sc_hd__buf_8)
                                                         net114 (net)
                      0.036744    0.004031    1.244096 v _652_/A (sky130_fd_sc_hd__inv_16)
     8    0.075248    0.060186    0.066819    1.310915 ^ _652_/Y (sky130_fd_sc_hd__inv_16)
                                                         _348_ (net)
                      0.060769    0.004916    1.315831 ^ _380_/A (sky130_fd_sc_hd__nand2_4)
     1    0.009833    0.046312    0.032355    1.348186 v _380_/Y (sky130_fd_sc_hd__nand2_4)
                                                         _109_ (net)
                      0.046317    0.000832    1.349017 v _385_/C (sky130_fd_sc_hd__nand3b_4)
     4    0.021271    0.073960    0.083839    1.432857 ^ _385_/Y (sky130_fd_sc_hd__nand3b_4)
                                                         _114_ (net)
                      0.073966    0.001283    1.434139 ^ _386_/B1 (sky130_fd_sc_hd__o21ai_4)
     2    0.013826    0.054997    0.036555    1.470694 v _386_/Y (sky130_fd_sc_hd__o21ai_4)
                                                         _115_ (net)
                      0.055001    0.000913    1.471608 v _393_/A (sky130_fd_sc_hd__nor2_4)
     2    0.024318    0.125579    0.138379    1.609986 ^ _393_/Y (sky130_fd_sc_hd__nor2_4)
                                                         _122_ (net)
                      0.125613    0.001759    1.611746 ^ rebuffer224/A (sky130_fd_sc_hd__buf_6)
     3    0.027239    0.048554    0.098338    1.710083 ^ rebuffer224/X (sky130_fd_sc_hd__buf_6)
                                                         net224 (net)
                      0.048771    0.002676    1.712759 ^ _624_/A1 (sky130_fd_sc_hd__a21oi_4)
     3    0.017636    0.047151    0.044267    1.757027 v _624_/Y (sky130_fd_sc_hd__a21oi_4)
                                                         _333_ (net)
                      0.047193    0.001132    1.758159 v _626_/B2 (sky130_fd_sc_hd__o22a_4)
     3    0.019272    0.042306    0.139802    1.897961 v _626_/X (sky130_fd_sc_hd__o22a_4)
                                                         _334_ (net)
                      0.042321    0.001100    1.899061 v _630_/B2 (sky130_fd_sc_hd__o2bb2a_4)
     1    0.009182    0.030763    0.135391    2.034452 v _630_/X (sky130_fd_sc_hd__o2bb2a_4)
                                                         _336_ (net)
                      0.030763    0.000549    2.035002 v _631_/B (sky130_fd_sc_hd__xor2_2)
     1    0.005305    0.088272    0.093153    2.128154 ^ _631_/X (sky130_fd_sc_hd__xor2_2)
                                                         net95 (net)
                      0.088272    0.000417    2.128571 ^ output95/A (sky130_fd_sc_hd__buf_6)
     1    0.036295    0.060802    0.102198    2.230770 ^ output95/X (sky130_fd_sc_hd__buf_6)
                                                         S[7] (net)
                      0.060926    0.002308    2.233078 ^ S[7] (out)
                                              2.233078   data arrival time

                      0.000000    4.000000    4.000000   clock __VIRTUAL_CLK__ (rise edge)
                                  0.000000    4.000000   clock network delay (ideal)
                                 -0.250000    3.750000   clock uncertainty
                                  0.000000    3.750000   clock reconvergence pessimism
                                 -0.800000    2.950000   output external delay
                                              2.950000   data required time
---------------------------------------------------------------------------------------------
                                              2.950000   data required time
                                             -2.233078   data arrival time
---------------------------------------------------------------------------------------------
                                              0.716922   slack (MET)


Startpoint: sub (input port clocked by __VIRTUAL_CLK__)
Endpoint: S[9] (output port clocked by __VIRTUAL_CLK__)
Path Group: __VIRTUAL_CLK__
Path Type: max

Fanout         Cap        Slew       Delay        Time   Description
---------------------------------------------------------------------------------------------
                      0.000000    0.000000    0.000000   clock __VIRTUAL_CLK__ (rise edge)
                                  0.000000    0.000000   clock network delay (ideal)
                                  0.800000    0.800000 v input external delay
     1    0.008325    0.013646    0.008504    0.808504 v sub (in)
                                                         sub (net)
                      0.013663    0.000000    0.808504 v input65/A (sky130_fd_sc_hd__buf_8)
     4    0.033160    0.029656    0.084476    0.892979 v input65/X (sky130_fd_sc_hd__buf_8)
                                                         net65 (net)
                      0.029990    0.002508    0.895487 v fanout121/A (sky130_fd_sc_hd__buf_8)
     5    0.032399    0.029685    0.089993    0.985480 v fanout121/X (sky130_fd_sc_hd__buf_8)
                                                         net121 (net)
                      0.030066    0.002754    0.988235 v fanout113/A (sky130_fd_sc_hd__buf_8)
     2    0.010701    0.019197    0.079412    1.067647 v fanout113/X (sky130_fd_sc_hd__buf_8)
                                                         net113 (net)
                      0.019204    0.000859    1.068506 v load_slew115/A (sky130_fd_sc_hd__buf_8)
     3    0.017043    0.021791    0.078660    1.147165 v load_slew115/X (sky130_fd_sc_hd__buf_8)
                                                         net115 (net)
                      0.021798    0.000610    1.147776 v load_slew114/A (sky130_fd_sc_hd__buf_8)
     3    0.043909    0.036083    0.092289    1.240065 v load_slew114/X (sky130_fd_sc_hd__buf_8)
                                                         net114 (net)
                      0.036744    0.004031    1.244096 v _652_/A (sky130_fd_sc_hd__inv_16)
     8    0.075248    0.060186    0.066819    1.310915 ^ _652_/Y (sky130_fd_sc_hd__inv_16)
                                                         _348_ (net)
                      0.060769    0.004916    1.315831 ^ _380_/A (sky130_fd_sc_hd__nand2_4)
     1    0.009833    0.046312    0.032355    1.348186 v _380_/Y (sky130_fd_sc_hd__nand2_4)
                                                         _109_ (net)
                      0.046317    0.000832    1.349017 v _385_/C (sky130_fd_sc_hd__nand3b_4)
     4    0.021271    0.073960    0.083839    1.432857 ^ _385_/Y (sky130_fd_sc_hd__nand3b_4)
                                                         _114_ (net)
                      0.073966    0.001283    1.434139 ^ _386_/B1 (sky130_fd_sc_hd__o21ai_4)
     2    0.013826    0.054997    0.036555    1.470694 v _386_/Y (sky130_fd_sc_hd__o21ai_4)
                                                         _115_ (net)
                      0.055001    0.000913    1.471608 v _393_/A (sky130_fd_sc_hd__nor2_4)
     2    0.024318    0.125579    0.138379    1.609986 ^ _393_/Y (sky130_fd_sc_hd__nor2_4)
                                                         _122_ (net)
                      0.125613    0.001759    1.611746 ^ rebuffer224/A (sky130_fd_sc_hd__buf_6)
     3    0.027239    0.048554    0.098338    1.710083 ^ rebuffer224/X (sky130_fd_sc_hd__buf_6)
                                                         net224 (net)
                      0.048771    0.002676    1.712759 ^ _624_/A1 (sky130_fd_sc_hd__a21oi_4)
     3    0.017636    0.047151    0.044267    1.757027 v _624_/Y (sky130_fd_sc_hd__a21oi_4)
                                                         _333_ (net)
                      0.047204    0.001272    1.758298 v _632_/B2 (sky130_fd_sc_hd__o2bb2ai_4)
     3    0.029165    0.166204    0.160847    1.919145 ^ _632_/Y (sky130_fd_sc_hd__o2bb2ai_4)
                                                         _337_ (net)
                      0.166280    0.002895    1.922040 ^ _634_/B1 (sky130_fd_sc_hd__a22o_4)
     1    0.008947    0.031283    0.084967    2.007007 ^ _634_/X (sky130_fd_sc_hd__a22o_4)
                                                         _338_ (net)
                      0.031290    0.000715    2.007722 ^ _635_/B (sky130_fd_sc_hd__xnor2_2)
     1    0.005860    0.100054    0.071010    2.078732 ^ _635_/Y (sky130_fd_sc_hd__xnor2_2)
                                                         net97 (net)
                      0.100054    0.000460    2.079192 ^ output97/A (sky130_fd_sc_hd__buf_6)
     1    0.035791    0.060213    0.103695    2.182887 ^ output97/X (sky130_fd_sc_hd__buf_6)
                                                         S[9] (net)
                      0.060313    0.002066    2.184952 ^ S[9] (out)
                                              2.184952   data arrival time

                      0.000000    4.000000    4.000000   clock __VIRTUAL_CLK__ (rise edge)
                                  0.000000    4.000000   clock network delay (ideal)
                                 -0.250000    3.750000   clock uncertainty
                                  0.000000    3.750000   clock reconvergence pessimism
                                 -0.800000    2.950000   output external delay
                                              2.950000   data required time
---------------------------------------------------------------------------------------------
                                              2.950000   data required time
                                             -2.184952   data arrival time
---------------------------------------------------------------------------------------------
                                              0.765047   slack (MET)


Startpoint: sub (input port clocked by __VIRTUAL_CLK__)
Endpoint: S[10] (output port clocked by __VIRTUAL_CLK__)
Path Group: __VIRTUAL_CLK__
Path Type: max

Fanout         Cap        Slew       Delay        Time   Description
---------------------------------------------------------------------------------------------
                      0.000000    0.000000    0.000000   clock __VIRTUAL_CLK__ (rise edge)
                                  0.000000    0.000000   clock network delay (ideal)
                                  0.800000    0.800000 v input external delay
     1    0.008325    0.013646    0.008504    0.808504 v sub (in)
                                                         sub (net)
                      0.013663    0.000000    0.808504 v input65/A (sky130_fd_sc_hd__buf_8)
     4    0.033160    0.029656    0.084476    0.892979 v input65/X (sky130_fd_sc_hd__buf_8)
                                                         net65 (net)
                      0.029990    0.002508    0.895487 v fanout121/A (sky130_fd_sc_hd__buf_8)
     5    0.032399    0.029685    0.089993    0.985480 v fanout121/X (sky130_fd_sc_hd__buf_8)
                                                         net121 (net)
                      0.030066    0.002754    0.988235 v fanout113/A (sky130_fd_sc_hd__buf_8)
     2    0.010701    0.019197    0.079412    1.067647 v fanout113/X (sky130_fd_sc_hd__buf_8)
                                                         net113 (net)
                      0.019204    0.000859    1.068506 v load_slew115/A (sky130_fd_sc_hd__buf_8)
     3    0.017043    0.021791    0.078660    1.147165 v load_slew115/X (sky130_fd_sc_hd__buf_8)
                                                         net115 (net)
                      0.021798    0.000610    1.147776 v load_slew114/A (sky130_fd_sc_hd__buf_8)
     3    0.043909    0.036083    0.092289    1.240065 v load_slew114/X (sky130_fd_sc_hd__buf_8)
                                                         net114 (net)
                      0.036744    0.004031    1.244096 v _652_/A (sky130_fd_sc_hd__inv_16)
     8    0.075248    0.060186    0.066819    1.310915 ^ _652_/Y (sky130_fd_sc_hd__inv_16)
                                                         _348_ (net)
                      0.060769    0.004916    1.315831 ^ _380_/A (sky130_fd_sc_hd__nand2_4)
     1    0.009833    0.046312    0.032355    1.348186 v _380_/Y (sky130_fd_sc_hd__nand2_4)
                                                         _109_ (net)
                      0.046317    0.000832    1.349017 v _385_/C (sky130_fd_sc_hd__nand3b_4)
     4    0.021271    0.073960    0.083839    1.432857 ^ _385_/Y (sky130_fd_sc_hd__nand3b_4)
                                                         _114_ (net)
                      0.073966    0.001283    1.434139 ^ _386_/B1 (sky130_fd_sc_hd__o21ai_4)
     2    0.013826    0.054997    0.036555    1.470694 v _386_/Y (sky130_fd_sc_hd__o21ai_4)
                                                         _115_ (net)
                      0.055001    0.000913    1.471608 v _393_/A (sky130_fd_sc_hd__nor2_4)
     2    0.024318    0.125579    0.138379    1.609986 ^ _393_/Y (sky130_fd_sc_hd__nor2_4)
                                                         _122_ (net)
                      0.125613    0.001759    1.611746 ^ rebuffer224/A (sky130_fd_sc_hd__buf_6)
     3    0.027239    0.048554    0.098338    1.710083 ^ rebuffer224/X (sky130_fd_sc_hd__buf_6)
                                                         net224 (net)
                      0.048771    0.002676    1.712759 ^ _624_/A1 (sky130_fd_sc_hd__a21oi_4)
     3    0.017636    0.047151    0.044267    1.757027 v _624_/Y (sky130_fd_sc_hd__a21oi_4)
                                                         _333_ (net)
                      0.047204    0.001272    1.758298 v _632_/B2 (sky130_fd_sc_hd__o2bb2ai_4)
     3    0.029165    0.166204    0.160847    1.919145 ^ _632_/Y (sky130_fd_sc_hd__o2bb2ai_4)
                                                         _337_ (net)
                      0.166250    0.002275    1.921420 ^ _636_/A1 (sky130_fd_sc_hd__a21oi_4)
     2    0.013371    0.054213    0.049897    1.971317 v _636_/Y (sky130_fd_sc_hd__a21oi_4)
                                                         _339_ (net)
                      0.054214    0.000439    1.971756 v _637_/B (sky130_fd_sc_hd__xor2_2)
     1    0.005622    0.090643    0.104046    2.075802 ^ _637_/X (sky130_fd_sc_hd__xor2_2)
                                                         net67 (net)
                      0.090644    0.000441    2.076243 ^ output67/A (sky130_fd_sc_hd__buf_6)
     1    0.034595    0.058404    0.101125    2.177368 ^ output67/X (sky130_fd_sc_hd__buf_6)
                                                         S[10] (net)
                      0.058506    0.001732    2.179100 ^ S[10] (out)
                                              2.179100   data arrival time

                      0.000000    4.000000    4.000000   clock __VIRTUAL_CLK__ (rise edge)
                                  0.000000    4.000000   clock network delay (ideal)
                                 -0.250000    3.750000   clock uncertainty
                                  0.000000    3.750000   clock reconvergence pessimism
                                 -0.800000    2.950000   output external delay
                                              2.950000   data required time
---------------------------------------------------------------------------------------------
                                              2.950000   data required time
                                             -2.179100   data arrival time
---------------------------------------------------------------------------------------------
                                              0.770900   slack (MET)


Startpoint: sub (input port clocked by __VIRTUAL_CLK__)
Endpoint: S[6] (output port clocked by __VIRTUAL_CLK__)
Path Group: __VIRTUAL_CLK__
Path Type: max

Fanout         Cap        Slew       Delay        Time   Description
---------------------------------------------------------------------------------------------
                      0.000000    0.000000    0.000000   clock __VIRTUAL_CLK__ (rise edge)
                                  0.000000    0.000000   clock network delay (ideal)
                                  0.800000    0.800000 v input external delay
     1    0.008325    0.013646    0.008504    0.808504 v sub (in)
                                                         sub (net)
                      0.013663    0.000000    0.808504 v input65/A (sky130_fd_sc_hd__buf_8)
     4    0.033160    0.029656    0.084476    0.892979 v input65/X (sky130_fd_sc_hd__buf_8)
                                                         net65 (net)
                      0.029990    0.002508    0.895487 v fanout121/A (sky130_fd_sc_hd__buf_8)
     5    0.032399    0.029685    0.089993    0.985480 v fanout121/X (sky130_fd_sc_hd__buf_8)
                                                         net121 (net)
                      0.030066    0.002754    0.988235 v fanout113/A (sky130_fd_sc_hd__buf_8)
     2    0.010701    0.019197    0.079412    1.067647 v fanout113/X (sky130_fd_sc_hd__buf_8)
                                                         net113 (net)
                      0.019204    0.000859    1.068506 v load_slew115/A (sky130_fd_sc_hd__buf_8)
     3    0.017043    0.021791    0.078660    1.147165 v load_slew115/X (sky130_fd_sc_hd__buf_8)
                                                         net115 (net)
                      0.021798    0.000610    1.147776 v load_slew114/A (sky130_fd_sc_hd__buf_8)
     3    0.043909    0.036083    0.092289    1.240065 v load_slew114/X (sky130_fd_sc_hd__buf_8)
                                                         net114 (net)
                      0.036744    0.004031    1.244096 v _652_/A (sky130_fd_sc_hd__inv_16)
     8    0.075248    0.060186    0.066819    1.310915 ^ _652_/Y (sky130_fd_sc_hd__inv_16)
                                                         _348_ (net)
                      0.060769    0.004916    1.315831 ^ _380_/A (sky130_fd_sc_hd__nand2_4)
     1    0.009833    0.046312    0.032355    1.348186 v _380_/Y (sky130_fd_sc_hd__nand2_4)
                                                         _109_ (net)
                      0.046317    0.000832    1.349017 v _385_/C (sky130_fd_sc_hd__nand3b_4)
     4    0.021271    0.073960    0.083839    1.432857 ^ _385_/Y (sky130_fd_sc_hd__nand3b_4)
                                                         _114_ (net)
                      0.073966    0.001283    1.434139 ^ _386_/B1 (sky130_fd_sc_hd__o21ai_4)
     2    0.013826    0.054997    0.036555    1.470694 v _386_/Y (sky130_fd_sc_hd__o21ai_4)
                                                         _115_ (net)
                      0.055001    0.000913    1.471608 v _393_/A (sky130_fd_sc_hd__nor2_4)
     2    0.024318    0.125579    0.138379    1.609986 ^ _393_/Y (sky130_fd_sc_hd__nor2_4)
                                                         _122_ (net)
                      0.125613    0.001759    1.611746 ^ rebuffer224/A (sky130_fd_sc_hd__buf_6)
     3    0.027239    0.048554    0.098338    1.710083 ^ rebuffer224/X (sky130_fd_sc_hd__buf_6)
                                                         net224 (net)
                      0.048771    0.002676    1.712759 ^ _624_/A1 (sky130_fd_sc_hd__a21oi_4)
     3    0.017636    0.047151    0.044267    1.757027 v _624_/Y (sky130_fd_sc_hd__a21oi_4)
                                                         _333_ (net)
                      0.047193    0.001132    1.758159 v _626_/B2 (sky130_fd_sc_hd__o22a_4)
     3    0.019272    0.042306    0.139802    1.897961 v _626_/X (sky130_fd_sc_hd__o22a_4)
                                                         _334_ (net)
                      0.042322    0.001194    1.899155 v _628_/B1 (sky130_fd_sc_hd__a22oi_2)
     1    0.009553    0.104276    0.084763    1.983919 ^ _628_/Y (sky130_fd_sc_hd__a22oi_2)
                                                         _335_ (net)
                      0.104277    0.000765    1.984684 ^ _629_/B (sky130_fd_sc_hd__xnor2_2)
     1    0.005256    0.095190    0.079482    2.064166 ^ _629_/Y (sky130_fd_sc_hd__xnor2_2)
                                                         net94 (net)
                      0.095190    0.000417    2.064583 ^ output94/A (sky130_fd_sc_hd__buf_6)
     1    0.035172    0.059264    0.102344    2.166927 ^ output94/X (sky130_fd_sc_hd__buf_6)
                                                         S[6] (net)
                      0.059382    0.001920    2.168847 ^ S[6] (out)
                                              2.168847   data arrival time

                      0.000000    4.000000    4.000000   clock __VIRTUAL_CLK__ (rise edge)
                                  0.000000    4.000000   clock network delay (ideal)
                                 -0.250000    3.750000   clock uncertainty
                                  0.000000    3.750000   clock reconvergence pessimism
                                 -0.800000    2.950000   output external delay
                                              2.950000   data required time
---------------------------------------------------------------------------------------------
                                              2.950000   data required time
                                             -2.168847   data arrival time
---------------------------------------------------------------------------------------------
                                              0.781153   slack (MET)


Startpoint: sub (input port clocked by __VIRTUAL_CLK__)
Endpoint: S[5] (output port clocked by __VIRTUAL_CLK__)
Path Group: __VIRTUAL_CLK__
Path Type: max

Fanout         Cap        Slew       Delay        Time   Description
---------------------------------------------------------------------------------------------
                      0.000000    0.000000    0.000000   clock __VIRTUAL_CLK__ (rise edge)
                                  0.000000    0.000000   clock network delay (ideal)
                                  0.800000    0.800000 v input external delay
     1    0.008325    0.013646    0.008504    0.808504 v sub (in)
                                                         sub (net)
                      0.013663    0.000000    0.808504 v input65/A (sky130_fd_sc_hd__buf_8)
     4    0.033160    0.029656    0.084476    0.892979 v input65/X (sky130_fd_sc_hd__buf_8)
                                                         net65 (net)
                      0.029990    0.002508    0.895487 v fanout121/A (sky130_fd_sc_hd__buf_8)
     5    0.032399    0.029685    0.089993    0.985480 v fanout121/X (sky130_fd_sc_hd__buf_8)
                                                         net121 (net)
                      0.030066    0.002754    0.988235 v fanout113/A (sky130_fd_sc_hd__buf_8)
     2    0.010701    0.019197    0.079412    1.067647 v fanout113/X (sky130_fd_sc_hd__buf_8)
                                                         net113 (net)
                      0.019204    0.000859    1.068506 v load_slew115/A (sky130_fd_sc_hd__buf_8)
     3    0.017043    0.021791    0.078660    1.147165 v load_slew115/X (sky130_fd_sc_hd__buf_8)
                                                         net115 (net)
                      0.021798    0.000610    1.147776 v load_slew114/A (sky130_fd_sc_hd__buf_8)
     3    0.043909    0.036083    0.092289    1.240065 v load_slew114/X (sky130_fd_sc_hd__buf_8)
                                                         net114 (net)
                      0.036744    0.004031    1.244096 v _652_/A (sky130_fd_sc_hd__inv_16)
     8    0.075248    0.060186    0.066819    1.310915 ^ _652_/Y (sky130_fd_sc_hd__inv_16)
                                                         _348_ (net)
                      0.060769    0.004916    1.315831 ^ _380_/A (sky130_fd_sc_hd__nand2_4)
     1    0.009833    0.046312    0.032355    1.348186 v _380_/Y (sky130_fd_sc_hd__nand2_4)
                                                         _109_ (net)
                      0.046317    0.000832    1.349017 v _385_/C (sky130_fd_sc_hd__nand3b_4)
     4    0.021271    0.073960    0.083839    1.432857 ^ _385_/Y (sky130_fd_sc_hd__nand3b_4)
                                                         _114_ (net)
                      0.073966    0.001283    1.434139 ^ _386_/B1 (sky130_fd_sc_hd__o21ai_4)
     2    0.013826    0.054997    0.036555    1.470694 v _386_/Y (sky130_fd_sc_hd__o21ai_4)
                                                         _115_ (net)
                      0.055001    0.000913    1.471608 v _393_/A (sky130_fd_sc_hd__nor2_4)
     2    0.024318    0.125579    0.138379    1.609986 ^ _393_/Y (sky130_fd_sc_hd__nor2_4)
                                                         _122_ (net)
                      0.125613    0.001759    1.611746 ^ rebuffer224/A (sky130_fd_sc_hd__buf_6)
     3    0.027239    0.048554    0.098338    1.710083 ^ rebuffer224/X (sky130_fd_sc_hd__buf_6)
                                                         net224 (net)
                      0.048771    0.002676    1.712759 ^ _624_/A1 (sky130_fd_sc_hd__a21oi_4)
     3    0.017636    0.047151    0.044267    1.757027 v _624_/Y (sky130_fd_sc_hd__a21oi_4)
                                                         _333_ (net)
                      0.047193    0.001132    1.758159 v _626_/B2 (sky130_fd_sc_hd__o22a_4)
     3    0.019272    0.042306    0.139802    1.897961 v _626_/X (sky130_fd_sc_hd__o22a_4)
                                                         _334_ (net)
                      0.042324    0.001270    1.899231 v _627_/B (sky130_fd_sc_hd__xnor2_2)
     1    0.006828    0.107894    0.108857    2.008088 ^ _627_/Y (sky130_fd_sc_hd__xnor2_2)
                                                         net93 (net)
                      0.107894    0.000524    2.008612 ^ output93/A (sky130_fd_sc_hd__buf_6)
     1    0.035763    0.060222    0.104904    2.113516 ^ output93/X (sky130_fd_sc_hd__buf_6)
                                                         S[5] (net)
                      0.060356    0.002087    2.115603 ^ S[5] (out)
                                              2.115603   data arrival time

                      0.000000    4.000000    4.000000   clock __VIRTUAL_CLK__ (rise edge)
                                  0.000000    4.000000   clock network delay (ideal)
                                 -0.250000    3.750000   clock uncertainty
                                  0.000000    3.750000   clock reconvergence pessimism
                                 -0.800000    2.950000   output external delay
                                              2.950000   data required time
---------------------------------------------------------------------------------------------
                                              2.950000   data required time
                                             -2.115603   data arrival time
---------------------------------------------------------------------------------------------
                                              0.834397   slack (MET)


Startpoint: sub (input port clocked by __VIRTUAL_CLK__)
Endpoint: S[8] (output port clocked by __VIRTUAL_CLK__)
Path Group: __VIRTUAL_CLK__
Path Type: max

Fanout         Cap        Slew       Delay        Time   Description
---------------------------------------------------------------------------------------------
                      0.000000    0.000000    0.000000   clock __VIRTUAL_CLK__ (rise edge)
                                  0.000000    0.000000   clock network delay (ideal)
                                  0.800000    0.800000 v input external delay
     1    0.008325    0.013646    0.008504    0.808504 v sub (in)
                                                         sub (net)
                      0.013663    0.000000    0.808504 v input65/A (sky130_fd_sc_hd__buf_8)
     4    0.033160    0.029656    0.084476    0.892979 v input65/X (sky130_fd_sc_hd__buf_8)
                                                         net65 (net)
                      0.029990    0.002508    0.895487 v fanout121/A (sky130_fd_sc_hd__buf_8)
     5    0.032399    0.029685    0.089993    0.985480 v fanout121/X (sky130_fd_sc_hd__buf_8)
                                                         net121 (net)
                      0.030066    0.002754    0.988235 v fanout113/A (sky130_fd_sc_hd__buf_8)
     2    0.010701    0.019197    0.079412    1.067647 v fanout113/X (sky130_fd_sc_hd__buf_8)
                                                         net113 (net)
                      0.019204    0.000859    1.068506 v load_slew115/A (sky130_fd_sc_hd__buf_8)
     3    0.017043    0.021791    0.078660    1.147165 v load_slew115/X (sky130_fd_sc_hd__buf_8)
                                                         net115 (net)
                      0.021798    0.000610    1.147776 v load_slew114/A (sky130_fd_sc_hd__buf_8)
     3    0.043909    0.036083    0.092289    1.240065 v load_slew114/X (sky130_fd_sc_hd__buf_8)
                                                         net114 (net)
                      0.036744    0.004031    1.244096 v _652_/A (sky130_fd_sc_hd__inv_16)
     8    0.075248    0.060186    0.066819    1.310915 ^ _652_/Y (sky130_fd_sc_hd__inv_16)
                                                         _348_ (net)
                      0.060769    0.004916    1.315831 ^ _380_/A (sky130_fd_sc_hd__nand2_4)
     1    0.009833    0.046312    0.032355    1.348186 v _380_/Y (sky130_fd_sc_hd__nand2_4)
                                                         _109_ (net)
                      0.046317    0.000832    1.349017 v _385_/C (sky130_fd_sc_hd__nand3b_4)
     4    0.021271    0.073960    0.083839    1.432857 ^ _385_/Y (sky130_fd_sc_hd__nand3b_4)
                                                         _114_ (net)
                      0.073966    0.001283    1.434139 ^ _386_/B1 (sky130_fd_sc_hd__o21ai_4)
     2    0.013826    0.054997    0.036555    1.470694 v _386_/Y (sky130_fd_sc_hd__o21ai_4)
                                                         _115_ (net)
                      0.055001    0.000913    1.471608 v _393_/A (sky130_fd_sc_hd__nor2_4)
     2    0.024318    0.125579    0.138379    1.609986 ^ _393_/Y (sky130_fd_sc_hd__nor2_4)
                                                         _122_ (net)
                      0.125613    0.001759    1.611746 ^ rebuffer224/A (sky130_fd_sc_hd__buf_6)
     3    0.027239    0.048554    0.098338    1.710083 ^ rebuffer224/X (sky130_fd_sc_hd__buf_6)
                                                         net224 (net)
                      0.048771    0.002676    1.712759 ^ _624_/A1 (sky130_fd_sc_hd__a21oi_4)
     3    0.017636    0.047151    0.044267    1.757027 v _624_/Y (sky130_fd_sc_hd__a21oi_4)
                                                         _333_ (net)
                      0.047204    0.001272    1.758298 v _632_/B2 (sky130_fd_sc_hd__o2bb2ai_4)
     3    0.029165    0.166204    0.160847    1.919145 ^ _632_/Y (sky130_fd_sc_hd__o2bb2ai_4)
                                                         _337_ (net)
                      0.166258    0.002459    1.921605 ^ _633_/B (sky130_fd_sc_hd__xnor2_2)
     1    0.006105    0.102045    0.084250    2.005855 ^ _633_/Y (sky130_fd_sc_hd__xnor2_2)
                                                         net96 (net)
                      0.102046    0.000463    2.006317 ^ output96/A (sky130_fd_sc_hd__buf_6)
     1    0.035870    0.060343    0.103987    2.110304 ^ output96/X (sky130_fd_sc_hd__buf_6)
                                                         S[8] (net)
                      0.060462    0.002249    2.112553 ^ S[8] (out)
                                              2.112553   data arrival time

                      0.000000    4.000000    4.000000   clock __VIRTUAL_CLK__ (rise edge)
                                  0.000000    4.000000   clock network delay (ideal)
                                 -0.250000    3.750000   clock uncertainty
                                  0.000000    3.750000   clock reconvergence pessimism
                                 -0.800000    2.950000   output external delay
                                              2.950000   data required time
---------------------------------------------------------------------------------------------
                                              2.950000   data required time
                                             -2.112553   data arrival time
---------------------------------------------------------------------------------------------
                                              0.837447   slack (MET)


Startpoint: sub (input port clocked by __VIRTUAL_CLK__)
Endpoint: S[4] (output port clocked by __VIRTUAL_CLK__)
Path Group: __VIRTUAL_CLK__
Path Type: max

Fanout         Cap        Slew       Delay        Time   Description
---------------------------------------------------------------------------------------------
                      0.000000    0.000000    0.000000   clock __VIRTUAL_CLK__ (rise edge)
                                  0.000000    0.000000   clock network delay (ideal)
                                  0.800000    0.800000 v input external delay
     1    0.008325    0.013646    0.008504    0.808504 v sub (in)
                                                         sub (net)
                      0.013663    0.000000    0.808504 v input65/A (sky130_fd_sc_hd__buf_8)
     4    0.033160    0.029656    0.084476    0.892979 v input65/X (sky130_fd_sc_hd__buf_8)
                                                         net65 (net)
                      0.029990    0.002508    0.895487 v fanout121/A (sky130_fd_sc_hd__buf_8)
     5    0.032399    0.029685    0.089993    0.985480 v fanout121/X (sky130_fd_sc_hd__buf_8)
                                                         net121 (net)
                      0.030066    0.002754    0.988235 v fanout113/A (sky130_fd_sc_hd__buf_8)
     2    0.010701    0.019197    0.079412    1.067647 v fanout113/X (sky130_fd_sc_hd__buf_8)
                                                         net113 (net)
                      0.019204    0.000859    1.068506 v load_slew115/A (sky130_fd_sc_hd__buf_8)
     3    0.017043    0.021791    0.078660    1.147165 v load_slew115/X (sky130_fd_sc_hd__buf_8)
                                                         net115 (net)
                      0.021798    0.000610    1.147776 v load_slew114/A (sky130_fd_sc_hd__buf_8)
     3    0.043909    0.036083    0.092289    1.240065 v load_slew114/X (sky130_fd_sc_hd__buf_8)
                                                         net114 (net)
                      0.036744    0.004031    1.244096 v _652_/A (sky130_fd_sc_hd__inv_16)
     8    0.075248    0.060186    0.066819    1.310915 ^ _652_/Y (sky130_fd_sc_hd__inv_16)
                                                         _348_ (net)
                      0.060769    0.004916    1.315831 ^ _380_/A (sky130_fd_sc_hd__nand2_4)
     1    0.009833    0.046312    0.032355    1.348186 v _380_/Y (sky130_fd_sc_hd__nand2_4)
                                                         _109_ (net)
                      0.046317    0.000832    1.349017 v _385_/C (sky130_fd_sc_hd__nand3b_4)
     4    0.021271    0.073960    0.083839    1.432857 ^ _385_/Y (sky130_fd_sc_hd__nand3b_4)
                                                         _114_ (net)
                      0.073966    0.001283    1.434139 ^ _386_/B1 (sky130_fd_sc_hd__o21ai_4)
     2    0.013826    0.054997    0.036555    1.470694 v _386_/Y (sky130_fd_sc_hd__o21ai_4)
                                                         _115_ (net)
                      0.055001    0.000913    1.471608 v _393_/A (sky130_fd_sc_hd__nor2_4)
     2    0.024318    0.125579    0.138379    1.609986 ^ _393_/Y (sky130_fd_sc_hd__nor2_4)
                                                         _122_ (net)
                      0.125613    0.001759    1.611746 ^ rebuffer224/A (sky130_fd_sc_hd__buf_6)
     3    0.027239    0.048554    0.098338    1.710083 ^ rebuffer224/X (sky130_fd_sc_hd__buf_6)
                                                         net224 (net)
                      0.048771    0.002676    1.712759 ^ _624_/A1 (sky130_fd_sc_hd__a21oi_4)
     3    0.017636    0.047151    0.044267    1.757027 v _624_/Y (sky130_fd_sc_hd__a21oi_4)
                                                         _333_ (net)
                      0.047174    0.000836    1.757863 v rebuffer180/A (sky130_fd_sc_hd__buf_4)
     1    0.008718    0.023179    0.099061    1.856924 v rebuffer180/X (sky130_fd_sc_hd__buf_4)
                                                         net180 (net)
                      0.023189    0.000706    1.857630 v _625_/B (sky130_fd_sc_hd__xnor2_2)
     1    0.008347    0.120216    0.112175    1.969805 ^ _625_/Y (sky130_fd_sc_hd__xnor2_2)
                                                         net92 (net)
                      0.120217    0.000755    1.970560 ^ output92/A (sky130_fd_sc_hd__buf_6)
     1    0.035453    0.059916    0.106584    2.077144 ^ output92/X (sky130_fd_sc_hd__buf_6)
                                                         S[4] (net)
                      0.060044    0.002024    2.079169 ^ S[4] (out)
                                              2.079169   data arrival time

                      0.000000    4.000000    4.000000   clock __VIRTUAL_CLK__ (rise edge)
                                  0.000000    4.000000   clock network delay (ideal)
                                 -0.250000    3.750000   clock uncertainty
                                  0.000000    3.750000   clock reconvergence pessimism
                                 -0.800000    2.950000   output external delay
                                              2.950000   data required time
---------------------------------------------------------------------------------------------
                                              2.950000   data required time
                                             -2.079169   data arrival time
---------------------------------------------------------------------------------------------
                                              0.870831   slack (MET)


Startpoint: sub (input port clocked by __VIRTUAL_CLK__)
Endpoint: S[3] (output port clocked by __VIRTUAL_CLK__)
Path Group: __VIRTUAL_CLK__
Path Type: max

Fanout         Cap        Slew       Delay        Time   Description
---------------------------------------------------------------------------------------------
                      0.000000    0.000000    0.000000   clock __VIRTUAL_CLK__ (rise edge)
                                  0.000000    0.000000   clock network delay (ideal)
                                  0.800000    0.800000 ^ input external delay
     1    0.008992    0.035048    0.023937    0.823937 ^ sub (in)
                                                         sub (net)
                      0.035057    0.000000    0.823937 ^ input65/A (sky130_fd_sc_hd__buf_8)
     4    0.034416    0.049684    0.082641    0.906578 ^ input65/X (sky130_fd_sc_hd__buf_8)
                                                         net65 (net)
                      0.049885    0.002636    0.909213 ^ fanout121/A (sky130_fd_sc_hd__buf_8)
     5    0.033709    0.048970    0.084831    0.994045 ^ fanout121/X (sky130_fd_sc_hd__buf_8)
                                                         net121 (net)
                      0.049217    0.002903    0.996948 ^ fanout113/A (sky130_fd_sc_hd__buf_8)
     2    0.011527    0.024553    0.066367    1.063315 ^ fanout113/X (sky130_fd_sc_hd__buf_8)
                                                         net113 (net)
                      0.024565    0.000931    1.064246 ^ load_slew115/A (sky130_fd_sc_hd__buf_8)
     3    0.018319    0.031460    0.066523    1.130769 ^ load_slew115/X (sky130_fd_sc_hd__buf_8)
                                                         net115 (net)
                      0.031475    0.000660    1.131429 ^ load_slew114/A (sky130_fd_sc_hd__buf_8)
     3    0.047742    0.065004    0.092501    1.223930 ^ load_slew114/X (sky130_fd_sc_hd__buf_8)
                                                         net114 (net)
                      0.065427    0.004436    1.228366 ^ _652_/A (sky130_fd_sc_hd__inv_16)
     8    0.071432    0.033445    0.035769    1.264135 v _652_/Y (sky130_fd_sc_hd__inv_16)
                                                         _348_ (net)
                      0.034393    0.004661    1.268795 v _380_/A (sky130_fd_sc_hd__nand2_4)
     1    0.010800    0.054901    0.045929    1.314724 ^ _380_/Y (sky130_fd_sc_hd__nand2_4)
                                                         _109_ (net)
                      0.054905    0.000917    1.315642 ^ _385_/C (sky130_fd_sc_hd__nand3b_4)
     4    0.019929    0.059975    0.067743    1.383384 v _385_/Y (sky130_fd_sc_hd__nand3b_4)
                                                         _114_ (net)
                      0.060025    0.001198    1.384582 v _386_/B1 (sky130_fd_sc_hd__o21ai_4)
     2    0.015182    0.119538    0.067067    1.451649 ^ _386_/Y (sky130_fd_sc_hd__o21ai_4)
                                                         _115_ (net)
                      0.119540    0.001005    1.452653 ^ _393_/A (sky130_fd_sc_hd__nor2_4)
     2    0.023155    0.046689    0.047701    1.500354 v _393_/Y (sky130_fd_sc_hd__nor2_4)
                                                         _122_ (net)
                      0.046773    0.001664    1.502018 v rebuffer224/A (sky130_fd_sc_hd__buf_6)
     3    0.025210    0.027400    0.096615    1.598633 v rebuffer224/X (sky130_fd_sc_hd__buf_6)
                                                         net224 (net)
                      0.027704    0.001683    1.600316 v _619_/C1 (sky130_fd_sc_hd__a211o_4)
     2    0.010640    0.042235    0.139205    1.739521 v _619_/X (sky130_fd_sc_hd__a211o_4)
                                                         _330_ (net)
                      0.042235    0.000688    1.740209 v _621_/A1 (sky130_fd_sc_hd__a21oi_2)
     1    0.004295    0.069237    0.088473    1.828682 ^ _621_/Y (sky130_fd_sc_hd__a21oi_2)
                                                         _331_ (net)
                      0.069237    0.000296    1.828978 ^ _623_/A_N (sky130_fd_sc_hd__nand2b_4)
     1    0.011469    0.045778    0.096326    1.925304 ^ _623_/Y (sky130_fd_sc_hd__nand2b_4)
                                                         net91 (net)
                      0.045784    0.000972    1.926275 ^ output91/A (sky130_fd_sc_hd__buf_8)
     1    0.034452    0.049800    0.085487    2.011763 ^ output91/X (sky130_fd_sc_hd__buf_8)
                                                         S[3] (net)
                      0.049900    0.001873    2.013636 ^ S[3] (out)
                                              2.013636   data arrival time

                      0.000000    4.000000    4.000000   clock __VIRTUAL_CLK__ (rise edge)
                                  0.000000    4.000000   clock network delay (ideal)
                                 -0.250000    3.750000   clock uncertainty
                                  0.000000    3.750000   clock reconvergence pessimism
                                 -0.800000    2.950000   output external delay
                                              2.950000   data required time
---------------------------------------------------------------------------------------------
                                              2.950000   data required time
                                             -2.013636   data arrival time
---------------------------------------------------------------------------------------------
                                              0.936364   slack (MET)


Startpoint: sub (input port clocked by __VIRTUAL_CLK__)
Endpoint: S[2] (output port clocked by __VIRTUAL_CLK__)
Path Group: __VIRTUAL_CLK__
Path Type: max

Fanout         Cap        Slew       Delay        Time   Description
---------------------------------------------------------------------------------------------
                      0.000000    0.000000    0.000000   clock __VIRTUAL_CLK__ (rise edge)
                                  0.000000    0.000000   clock network delay (ideal)
                                  0.800000    0.800000 v input external delay
     1    0.008325    0.013646    0.008504    0.808504 v sub (in)
                                                         sub (net)
                      0.013663    0.000000    0.808504 v input65/A (sky130_fd_sc_hd__buf_8)
     4    0.033160    0.029656    0.084476    0.892979 v input65/X (sky130_fd_sc_hd__buf_8)
                                                         net65 (net)
                      0.029990    0.002508    0.895487 v fanout121/A (sky130_fd_sc_hd__buf_8)
     5    0.032399    0.029685    0.089993    0.985480 v fanout121/X (sky130_fd_sc_hd__buf_8)
                                                         net121 (net)
                      0.030066    0.002754    0.988235 v fanout113/A (sky130_fd_sc_hd__buf_8)
     2    0.010701    0.019197    0.079412    1.067647 v fanout113/X (sky130_fd_sc_hd__buf_8)
                                                         net113 (net)
                      0.019204    0.000859    1.068506 v load_slew115/A (sky130_fd_sc_hd__buf_8)
     3    0.017043    0.021791    0.078660    1.147165 v load_slew115/X (sky130_fd_sc_hd__buf_8)
                                                         net115 (net)
                      0.021798    0.000610    1.147776 v load_slew114/A (sky130_fd_sc_hd__buf_8)
     3    0.043909    0.036083    0.092289    1.240065 v load_slew114/X (sky130_fd_sc_hd__buf_8)
                                                         net114 (net)
                      0.036744    0.004031    1.244096 v _652_/A (sky130_fd_sc_hd__inv_16)
     8    0.075248    0.060186    0.066819    1.310915 ^ _652_/Y (sky130_fd_sc_hd__inv_16)
                                                         _348_ (net)
                      0.060769    0.004916    1.315831 ^ _380_/A (sky130_fd_sc_hd__nand2_4)
     1    0.009833    0.046312    0.032355    1.348186 v _380_/Y (sky130_fd_sc_hd__nand2_4)
                                                         _109_ (net)
                      0.046317    0.000832    1.349017 v _385_/C (sky130_fd_sc_hd__nand3b_4)
     4    0.021271    0.073960    0.083839    1.432857 ^ _385_/Y (sky130_fd_sc_hd__nand3b_4)
                                                         _114_ (net)
                      0.073966    0.001283    1.434139 ^ _386_/B1 (sky130_fd_sc_hd__o21ai_4)
     2    0.013826    0.054997    0.036555    1.470694 v _386_/Y (sky130_fd_sc_hd__o21ai_4)
                                                         _115_ (net)
                      0.055001    0.000913    1.471608 v _393_/A (sky130_fd_sc_hd__nor2_4)
     2    0.024318    0.125579    0.138379    1.609986 ^ _393_/Y (sky130_fd_sc_hd__nor2_4)
                                                         _122_ (net)
                      0.125613    0.001759    1.611746 ^ rebuffer224/A (sky130_fd_sc_hd__buf_6)
     3    0.027239    0.048554    0.098338    1.710083 ^ rebuffer224/X (sky130_fd_sc_hd__buf_6)
                                                         net224 (net)
                      0.048676    0.002015    1.712098 ^ _618_/C1 (sky130_fd_sc_hd__a211o_4)
     1    0.009620    0.033314    0.068932    1.781031 ^ _618_/X (sky130_fd_sc_hd__a211o_4)
                                                         _329_ (net)
                      0.033330    0.000570    1.781600 ^ _620_/B (sky130_fd_sc_hd__xor2_2)
     1    0.007188    0.102668    0.109519    1.891119 ^ _620_/X (sky130_fd_sc_hd__xor2_2)
                                                         net88 (net)
                      0.102669    0.000617    1.891736 ^ output88/A (sky130_fd_sc_hd__buf_6)
     1    0.034703    0.059613    0.103802    1.995538 ^ output88/X (sky130_fd_sc_hd__buf_6)
                                                         S[2] (net)
                      0.059722    0.001815    1.997353 ^ S[2] (out)
                                              1.997353   data arrival time

                      0.000000    4.000000    4.000000   clock __VIRTUAL_CLK__ (rise edge)
                                  0.000000    4.000000   clock network delay (ideal)
                                 -0.250000    3.750000   clock uncertainty
                                  0.000000    3.750000   clock reconvergence pessimism
                                 -0.800000    2.950000   output external delay
                                              2.950000   data required time
---------------------------------------------------------------------------------------------
                                              2.950000   data required time
                                             -1.997353   data arrival time
---------------------------------------------------------------------------------------------
                                              0.952647   slack (MET)


Startpoint: sub (input port clocked by __VIRTUAL_CLK__)
Endpoint: S[1] (output port clocked by __VIRTUAL_CLK__)
Path Group: __VIRTUAL_CLK__
Path Type: max

Fanout         Cap        Slew       Delay        Time   Description
---------------------------------------------------------------------------------------------
                      0.000000    0.000000    0.000000   clock __VIRTUAL_CLK__ (rise edge)
                                  0.000000    0.000000   clock network delay (ideal)
                                  0.800000    0.800000 v input external delay
     1    0.008325    0.013646    0.008504    0.808504 v sub (in)
                                                         sub (net)
                      0.013663    0.000000    0.808504 v input65/A (sky130_fd_sc_hd__buf_8)
     4    0.033160    0.029656    0.084476    0.892979 v input65/X (sky130_fd_sc_hd__buf_8)
                                                         net65 (net)
                      0.029990    0.002508    0.895487 v fanout121/A (sky130_fd_sc_hd__buf_8)
     5    0.032399    0.029685    0.089993    0.985480 v fanout121/X (sky130_fd_sc_hd__buf_8)
                                                         net121 (net)
                      0.030066    0.002754    0.988235 v fanout113/A (sky130_fd_sc_hd__buf_8)
     2    0.010701    0.019197    0.079412    1.067647 v fanout113/X (sky130_fd_sc_hd__buf_8)
                                                         net113 (net)
                      0.019204    0.000859    1.068506 v load_slew115/A (sky130_fd_sc_hd__buf_8)
     3    0.017043    0.021791    0.078660    1.147165 v load_slew115/X (sky130_fd_sc_hd__buf_8)
                                                         net115 (net)
                      0.021798    0.000610    1.147776 v load_slew114/A (sky130_fd_sc_hd__buf_8)
     3    0.043909    0.036083    0.092289    1.240065 v load_slew114/X (sky130_fd_sc_hd__buf_8)
                                                         net114 (net)
                      0.036744    0.004031    1.244096 v _652_/A (sky130_fd_sc_hd__inv_16)
     8    0.075248    0.060186    0.066819    1.310915 ^ _652_/Y (sky130_fd_sc_hd__inv_16)
                                                         _348_ (net)
                      0.060769    0.004916    1.315831 ^ _380_/A (sky130_fd_sc_hd__nand2_4)
     1    0.009833    0.046312    0.032355    1.348186 v _380_/Y (sky130_fd_sc_hd__nand2_4)
                                                         _109_ (net)
                      0.046317    0.000832    1.349017 v _385_/C (sky130_fd_sc_hd__nand3b_4)
     4    0.021271    0.073960    0.083839    1.432857 ^ _385_/Y (sky130_fd_sc_hd__nand3b_4)
                                                         _114_ (net)
                      0.073966    0.001283    1.434139 ^ _386_/B1 (sky130_fd_sc_hd__o21ai_4)
     2    0.013826    0.054997    0.036555    1.470694 v _386_/Y (sky130_fd_sc_hd__o21ai_4)
                                                         _115_ (net)
                      0.055000    0.000771    1.471465 v rebuffer225/A (sky130_fd_sc_hd__buf_6)
     1    0.008741    0.018304    0.087860    1.559325 v rebuffer225/X (sky130_fd_sc_hd__buf_6)
                                                         net225 (net)
                      0.018307    0.000706    1.560032 v _617_/A (sky130_fd_sc_hd__xnor2_2)
     1    0.005162    0.094430    0.108294    1.668326 ^ _617_/Y (sky130_fd_sc_hd__xnor2_2)
                                                         net77 (net)
                      0.094430    0.000408    1.668734 ^ output77/A (sky130_fd_sc_hd__buf_6)
     1    0.036203    0.060735    0.103134    1.771868 ^ output77/X (sky130_fd_sc_hd__buf_6)
                                                         S[1] (net)
                      0.060850    0.002219    1.774087 ^ S[1] (out)
                                              1.774087   data arrival time

                      0.000000    4.000000    4.000000   clock __VIRTUAL_CLK__ (rise edge)
                                  0.000000    4.000000   clock network delay (ideal)
                                 -0.250000    3.750000   clock uncertainty
                                  0.000000    3.750000   clock reconvergence pessimism
                                 -0.800000    2.950000   output external delay
                                              2.950000   data required time
---------------------------------------------------------------------------------------------
                                              2.950000   data required time
                                             -1.774087   data arrival time
---------------------------------------------------------------------------------------------
                                              1.175913   slack (MET)


Startpoint: B[0] (input port clocked by __VIRTUAL_CLK__)
Endpoint: S[0] (output port clocked by __VIRTUAL_CLK__)
Path Group: __VIRTUAL_CLK__
Path Type: max

Fanout         Cap        Slew       Delay        Time   Description
---------------------------------------------------------------------------------------------
                      0.000000    0.000000    0.000000   clock __VIRTUAL_CLK__ (rise edge)
                                  0.000000    0.000000   clock network delay (ideal)
                                  0.800000    0.800000 ^ input external delay
     1    0.003781    0.017422    0.010358    0.810358 ^ B[0] (in)
                                                         B[0] (net)
                      0.017424    0.000000    0.810358 ^ input33/A (sky130_fd_sc_hd__dlymetal6s4s_1)
     7    0.041200    0.316952    0.317679    1.128037 ^ input33/X (sky130_fd_sc_hd__dlymetal6s4s_1)
                                                         net33 (net)
                      0.316983    0.002730    1.130767 ^ _615_/B (sky130_fd_sc_hd__xor2_2)
     1    0.003166    0.073369    0.076579    1.207346 ^ _615_/X (sky130_fd_sc_hd__xor2_2)
                                                         net66 (net)
                      0.073369    0.000249    1.207595 ^ output66/A (sky130_fd_sc_hd__clkdlybuf4s25_1)
     1    0.036879    0.278561    0.357959    1.565554 ^ output66/X (sky130_fd_sc_hd__clkdlybuf4s25_1)
                                                         S[0] (net)
                      0.278576    0.002359    1.567913 ^ S[0] (out)
                                              1.567913   data arrival time

                      0.000000    4.000000    4.000000   clock __VIRTUAL_CLK__ (rise edge)
                                  0.000000    4.000000   clock network delay (ideal)
                                 -0.250000    3.750000   clock uncertainty
                                  0.000000    3.750000   clock reconvergence pessimism
                                 -0.800000    2.950000   output external delay
                                              2.950000   data required time
---------------------------------------------------------------------------------------------
                                              2.950000   data required time
                                             -1.567913   data arrival time
---------------------------------------------------------------------------------------------
                                              1.382087   slack (MET)



