
===========================================================================
report_checks -path_delay max (Setup)
============================================================================
======================= max_ff_n40C_1v95 Corner ===================================

Startpoint: sub (input port clocked by __VIRTUAL_CLK__)
Endpoint: S[21] (output port clocked by __VIRTUAL_CLK__)
Path Group: __VIRTUAL_CLK__
Path Type: max

Fanout         Cap        Slew       Delay        Time   Description
---------------------------------------------------------------------------------------------
                      0.000000    0.000000    0.000000   clock __VIRTUAL_CLK__ (rise edge)
                                  0.000000    0.000000   clock network delay (ideal)
                                  0.900000    0.900000 v input external delay
     1    0.007565    0.012413    0.007582    0.907582 v sub (in)
                                                         sub (net)
                      0.012429    0.000000    0.907582 v input65/A (sky130_fd_sc_hd__buf_8)
     4    0.029600    0.027525    0.082766    0.990348 v input65/X (sky130_fd_sc_hd__buf_8)
                                                         net65 (net)
                      0.027582    0.001158    0.991505 v fanout121/A (sky130_fd_sc_hd__buf_8)
     7    0.042326    0.035125    0.093852    1.085357 v fanout121/X (sky130_fd_sc_hd__buf_8)
                                                         net121 (net)
                      0.036500    0.005746    1.091103 v fanout112/A (sky130_fd_sc_hd__buf_6)
     5    0.035543    0.033066    0.097459    1.188562 v fanout112/X (sky130_fd_sc_hd__buf_6)
                                                         net112 (net)
                      0.033146    0.001334    1.189897 v load_slew113/A (sky130_fd_sc_hd__buf_6)
     6    0.038338    0.034584    0.097497    1.287394 v load_slew113/X (sky130_fd_sc_hd__buf_6)
                                                         net113 (net)
                      0.034658    0.001049    1.288443 v _369_/A (sky130_fd_sc_hd__nor2_2)
     3    0.021381    0.178418    0.169815    1.458257 ^ _369_/Y (sky130_fd_sc_hd__nor2_2)
                                                         _098_ (net)
                      0.178435    0.001486    1.459743 ^ _371_/A2 (sky130_fd_sc_hd__o21bai_4)
     4    0.030802    0.072900    0.077055    1.536798 v _371_/Y (sky130_fd_sc_hd__o21bai_4)
                                                         _100_ (net)
                      0.072968    0.001922    1.538720 v _376_/C (sky130_fd_sc_hd__nand4b_4)
     2    0.012970    0.073875    0.095869    1.634590 ^ _376_/Y (sky130_fd_sc_hd__nand4b_4)
                                                         _105_ (net)
                      0.073878    0.001003    1.635592 ^ _377_/A (sky130_fd_sc_hd__nor2_4)
     3    0.018894    0.051382    0.039221    1.674813 v _377_/Y (sky130_fd_sc_hd__nor2_4)
                                                         _106_ (net)
                      0.051424    0.001191    1.676005 v _410_/B (sky130_fd_sc_hd__nand4_4)
     3    0.020434    0.088525    0.090627    1.766632 ^ _410_/Y (sky130_fd_sc_hd__nand4_4)
                                                         _139_ (net)
                      0.088531    0.001513    1.768144 ^ _415_/C (sky130_fd_sc_hd__nand3_4)
     3    0.016903    0.068238    0.063475    1.831619 v _415_/Y (sky130_fd_sc_hd__nand3_4)
                                                         _144_ (net)
                      0.068296    0.001640    1.833259 v _424_/B1 (sky130_fd_sc_hd__o22ai_4)
     4    0.031922    0.195884    0.192305    2.025563 ^ _424_/Y (sky130_fd_sc_hd__o22ai_4)
                                                         _153_ (net)
                      0.195911    0.001870    2.027433 ^ _470_/B1 (sky130_fd_sc_hd__o22ai_4)
     5    0.022881    0.070534    0.067412    2.094845 v _470_/Y (sky130_fd_sc_hd__o22ai_4)
                                                         _195_ (net)
                      0.070580    0.001433    2.096278 v max_cap99/A (sky130_fd_sc_hd__buf_6)
     3    0.028319    0.029211    0.109112    2.205390 v max_cap99/X (sky130_fd_sc_hd__buf_6)
                                                         net99 (net)
                      0.029259    0.001042    2.206432 v _480_/A1 (sky130_fd_sc_hd__a211o_4)
     1    0.009341    0.041034    0.214540    2.420973 v _480_/X (sky130_fd_sc_hd__a211o_4)
                                                         _204_ (net)
                      0.041034    0.000751    2.421723 v _482_/B (sky130_fd_sc_hd__nand2_4)
     1    0.009767    0.038821    0.055017    2.476740 ^ _482_/Y (sky130_fd_sc_hd__nand2_4)
                                                         net79 (net)
                      0.038825    0.000854    2.477594 ^ output79/A (sky130_fd_sc_hd__buf_8)
     1    0.035545    0.051000    0.084717    2.562312 ^ output79/X (sky130_fd_sc_hd__buf_8)
                                                         S[21] (net)
                      0.051122    0.002094    2.564405 ^ S[21] (out)
                                              2.564405   data arrival time

                      0.000000    4.500000    4.500000   clock __VIRTUAL_CLK__ (rise edge)
                                  0.000000    4.500000   clock network delay (ideal)
                                 -0.250000    4.250000   clock uncertainty
                                  0.000000    4.250000   clock reconvergence pessimism
                                 -0.900000    3.350000   output external delay
                                              3.350000   data required time
---------------------------------------------------------------------------------------------
                                              3.350000   data required time
                                             -2.564405   data arrival time
---------------------------------------------------------------------------------------------
                                              0.785595   slack (MET)


Startpoint: sub (input port clocked by __VIRTUAL_CLK__)
Endpoint: S[30] (output port clocked by __VIRTUAL_CLK__)
Path Group: __VIRTUAL_CLK__
Path Type: max

Fanout         Cap        Slew       Delay        Time   Description
---------------------------------------------------------------------------------------------
                      0.000000    0.000000    0.000000   clock __VIRTUAL_CLK__ (rise edge)
                                  0.000000    0.000000   clock network delay (ideal)
                                  0.900000    0.900000 v input external delay
     1    0.007565    0.012413    0.007582    0.907582 v sub (in)
                                                         sub (net)
                      0.012429    0.000000    0.907582 v input65/A (sky130_fd_sc_hd__buf_8)
     4    0.029600    0.027525    0.082766    0.990348 v input65/X (sky130_fd_sc_hd__buf_8)
                                                         net65 (net)
                      0.027582    0.001158    0.991505 v fanout121/A (sky130_fd_sc_hd__buf_8)
     7    0.042326    0.035125    0.093852    1.085357 v fanout121/X (sky130_fd_sc_hd__buf_8)
                                                         net121 (net)
                      0.036500    0.005746    1.091103 v fanout112/A (sky130_fd_sc_hd__buf_6)
     5    0.035543    0.033066    0.097459    1.188562 v fanout112/X (sky130_fd_sc_hd__buf_6)
                                                         net112 (net)
                      0.033146    0.001334    1.189897 v load_slew113/A (sky130_fd_sc_hd__buf_6)
     6    0.038338    0.034584    0.097497    1.287394 v load_slew113/X (sky130_fd_sc_hd__buf_6)
                                                         net113 (net)
                      0.034658    0.001049    1.288443 v _369_/A (sky130_fd_sc_hd__nor2_2)
     3    0.021381    0.178418    0.169815    1.458257 ^ _369_/Y (sky130_fd_sc_hd__nor2_2)
                                                         _098_ (net)
                      0.178435    0.001486    1.459743 ^ _371_/A2 (sky130_fd_sc_hd__o21bai_4)
     4    0.030802    0.072900    0.077055    1.536798 v _371_/Y (sky130_fd_sc_hd__o21bai_4)
                                                         _100_ (net)
                      0.072968    0.001922    1.538720 v _376_/C (sky130_fd_sc_hd__nand4b_4)
     2    0.012970    0.073875    0.095869    1.634590 ^ _376_/Y (sky130_fd_sc_hd__nand4b_4)
                                                         _105_ (net)
                      0.073878    0.001003    1.635592 ^ _377_/A (sky130_fd_sc_hd__nor2_4)
     3    0.018894    0.051382    0.039221    1.674813 v _377_/Y (sky130_fd_sc_hd__nor2_4)
                                                         _106_ (net)
                      0.051424    0.001191    1.676005 v _410_/B (sky130_fd_sc_hd__nand4_4)
     3    0.020434    0.088525    0.090627    1.766632 ^ _410_/Y (sky130_fd_sc_hd__nand4_4)
                                                         _139_ (net)
                      0.088531    0.001513    1.768144 ^ _415_/C (sky130_fd_sc_hd__nand3_4)
     3    0.016903    0.068238    0.063475    1.831619 v _415_/Y (sky130_fd_sc_hd__nand3_4)
                                                         _144_ (net)
                      0.068321    0.001950    1.833569 v rebuffer123/A (sky130_fd_sc_hd__buf_4)
     1    0.008894    0.023371    0.108694    1.942263 v rebuffer123/X (sky130_fd_sc_hd__buf_4)
                                                         net123 (net)
                      0.023371    0.000719    1.942982 v _574_/B2 (sky130_fd_sc_hd__o221ai_4)
     3    0.038515    0.248003    0.208991    2.151973 ^ _574_/Y (sky130_fd_sc_hd__o221ai_4)
                                                         _291_ (net)
                      0.248129    0.004412    2.156385 ^ _577_/B (sky130_fd_sc_hd__nand2_8)
     5    0.025934    0.060647    0.045314    2.201699 v _577_/Y (sky130_fd_sc_hd__nand2_8)
                                                         _294_ (net)
                      0.060658    0.001628    2.203327 v _603_/A1 (sky130_fd_sc_hd__a21o_2)
     1    0.008116    0.034347    0.143523    2.346850 v _603_/X (sky130_fd_sc_hd__a21o_2)
                                                         _318_ (net)
                      0.034360    0.000651    2.347501 v _604_/A2 (sky130_fd_sc_hd__o21ai_4)
     1    0.008638    0.090403    0.096327    2.443828 ^ _604_/Y (sky130_fd_sc_hd__o21ai_4)
                                                         net89 (net)
                      0.090404    0.000751    2.444578 ^ output89/A (sky130_fd_sc_hd__buf_6)
     1    0.034717    0.058574    0.101137    2.545716 ^ output89/X (sky130_fd_sc_hd__buf_6)
                                                         S[30] (net)
                      0.058686    0.001851    2.547566 ^ S[30] (out)
                                              2.547566   data arrival time

                      0.000000    4.500000    4.500000   clock __VIRTUAL_CLK__ (rise edge)
                                  0.000000    4.500000   clock network delay (ideal)
                                 -0.250000    4.250000   clock uncertainty
                                  0.000000    4.250000   clock reconvergence pessimism
                                 -0.900000    3.350000   output external delay
                                              3.350000   data required time
---------------------------------------------------------------------------------------------
                                              3.350000   data required time
                                             -2.547566   data arrival time
---------------------------------------------------------------------------------------------
                                              0.802434   slack (MET)


Startpoint: sub (input port clocked by __VIRTUAL_CLK__)
Endpoint: S[22] (output port clocked by __VIRTUAL_CLK__)
Path Group: __VIRTUAL_CLK__
Path Type: max

Fanout         Cap        Slew       Delay        Time   Description
---------------------------------------------------------------------------------------------
                      0.000000    0.000000    0.000000   clock __VIRTUAL_CLK__ (rise edge)
                                  0.000000    0.000000   clock network delay (ideal)
                                  0.900000    0.900000 ^ input external delay
     1    0.008232    0.032488    0.021980    0.921980 ^ sub (in)
                                                         sub (net)
                      0.032496    0.000000    0.921980 ^ input65/A (sky130_fd_sc_hd__buf_8)
     4    0.031145    0.045751    0.079848    1.001827 ^ input65/X (sky130_fd_sc_hd__buf_8)
                                                         net65 (net)
                      0.045799    0.001236    1.003064 ^ fanout121/A (sky130_fd_sc_hd__buf_8)
     7    0.044777    0.061588    0.093373    1.096437 ^ fanout121/X (sky130_fd_sc_hd__buf_8)
                                                         net121 (net)
                      0.062475    0.006165    1.102602 ^ fanout112/A (sky130_fd_sc_hd__buf_6)
     5    0.038671    0.063898    0.100576    1.203177 ^ fanout112/X (sky130_fd_sc_hd__buf_6)
                                                         net112 (net)
                      0.063943    0.001456    1.204633 ^ load_slew113/A (sky130_fd_sc_hd__buf_6)
     6    0.041448    0.067861    0.103813    1.308446 ^ load_slew113/X (sky130_fd_sc_hd__buf_6)
                                                         net113 (net)
                      0.067887    0.001137    1.309583 ^ _369_/A (sky130_fd_sc_hd__nor2_2)
     3    0.019058    0.066281    0.050815    1.360398 v _369_/Y (sky130_fd_sc_hd__nor2_2)
                                                         _098_ (net)
                      0.066316    0.001316    1.361715 v _371_/A2 (sky130_fd_sc_hd__o21bai_4)
     4    0.033195    0.183247    0.179669    1.541383 ^ _371_/Y (sky130_fd_sc_hd__o21bai_4)
                                                         _100_ (net)
                      0.183281    0.002080    1.543463 ^ _376_/C (sky130_fd_sc_hd__nand4b_4)
     2    0.011744    0.070992    0.078026    1.621489 v _376_/Y (sky130_fd_sc_hd__nand4b_4)
                                                         _105_ (net)
                      0.070995    0.000910    1.622398 v _377_/A (sky130_fd_sc_hd__nor2_4)
     3    0.019882    0.108551    0.131110    1.753509 ^ _377_/Y (sky130_fd_sc_hd__nor2_4)
                                                         _106_ (net)
                      0.108572    0.001252    1.754761 ^ _410_/B (sky130_fd_sc_hd__nand4_4)
     3    0.019089    0.082652    0.090272    1.845033 v _410_/Y (sky130_fd_sc_hd__nand4_4)
                                                         _139_ (net)
                      0.082658    0.001404    1.846437 v _415_/C (sky130_fd_sc_hd__nand3_4)
     3    0.018156    0.072574    0.099348    1.945785 ^ _415_/Y (sky130_fd_sc_hd__nand3_4)
                                                         _144_ (net)
                      0.072585    0.001770    1.947556 ^ _424_/B1 (sky130_fd_sc_hd__o22ai_4)
     4    0.030123    0.082785    0.062848    2.010403 v _424_/Y (sky130_fd_sc_hd__o22ai_4)
                                                         _153_ (net)
                      0.082837    0.001754    2.012157 v _470_/B1 (sky130_fd_sc_hd__o22ai_4)
     5    0.024337    0.163707    0.169782    2.181939 ^ _470_/Y (sky130_fd_sc_hd__o22ai_4)
                                                         _195_ (net)
                      0.163858    0.002129    2.184068 ^ rebuffer147/A (sky130_fd_sc_hd__buf_2)
     1    0.005642    0.031326    0.097419    2.281487 ^ rebuffer147/X (sky130_fd_sc_hd__buf_2)
                                                         net147 (net)
                      0.031336    0.000440    2.281927 ^ _487_/A1_N (sky130_fd_sc_hd__o2bb2ai_2)
     1    0.005061    0.079775    0.067434    2.349361 ^ _487_/Y (sky130_fd_sc_hd__o2bb2ai_2)
                                                         _210_ (net)
                      0.079775    0.000397    2.349758 ^ _496_/A (sky130_fd_sc_hd__nand2_2)
     1    0.010286    0.041190    0.045234    2.394992 v _496_/Y (sky130_fd_sc_hd__nand2_2)
                                                         _219_ (net)
                      0.041215    0.000844    2.395835 v _497_/B (sky130_fd_sc_hd__nand2_4)
     1    0.005260    0.030617    0.048184    2.444019 ^ _497_/Y (sky130_fd_sc_hd__nand2_4)
                                                         net80 (net)
                      0.030619    0.000415    2.444434 ^ output80/A (sky130_fd_sc_hd__buf_6)
     1    0.034865    0.058302    0.089179    2.533613 ^ output80/X (sky130_fd_sc_hd__buf_6)
                                                         S[22] (net)
                      0.058390    0.001907    2.535520 ^ S[22] (out)
                                              2.535520   data arrival time

                      0.000000    4.500000    4.500000   clock __VIRTUAL_CLK__ (rise edge)
                                  0.000000    4.500000   clock network delay (ideal)
                                 -0.250000    4.250000   clock uncertainty
                                  0.000000    4.250000   clock reconvergence pessimism
                                 -0.900000    3.350000   output external delay
                                              3.350000   data required time
---------------------------------------------------------------------------------------------
                                              3.350000   data required time
                                             -2.535520   data arrival time
---------------------------------------------------------------------------------------------
                                              0.814480   slack (MET)


Startpoint: sub (input port clocked by __VIRTUAL_CLK__)
Endpoint: S[23] (output port clocked by __VIRTUAL_CLK__)
Path Group: __VIRTUAL_CLK__
Path Type: max

Fanout         Cap        Slew       Delay        Time   Description
---------------------------------------------------------------------------------------------
                      0.000000    0.000000    0.000000   clock __VIRTUAL_CLK__ (rise edge)
                                  0.000000    0.000000   clock network delay (ideal)
                                  0.900000    0.900000 ^ input external delay
     1    0.008232    0.032488    0.021980    0.921980 ^ sub (in)
                                                         sub (net)
                      0.032496    0.000000    0.921980 ^ input65/A (sky130_fd_sc_hd__buf_8)
     4    0.031145    0.045751    0.079848    1.001827 ^ input65/X (sky130_fd_sc_hd__buf_8)
                                                         net65 (net)
                      0.045799    0.001236    1.003064 ^ fanout121/A (sky130_fd_sc_hd__buf_8)
     7    0.044777    0.061588    0.093373    1.096437 ^ fanout121/X (sky130_fd_sc_hd__buf_8)
                                                         net121 (net)
                      0.062475    0.006165    1.102602 ^ fanout112/A (sky130_fd_sc_hd__buf_6)
     5    0.038671    0.063898    0.100576    1.203177 ^ fanout112/X (sky130_fd_sc_hd__buf_6)
                                                         net112 (net)
                      0.063943    0.001456    1.204633 ^ load_slew113/A (sky130_fd_sc_hd__buf_6)
     6    0.041448    0.067861    0.103813    1.308446 ^ load_slew113/X (sky130_fd_sc_hd__buf_6)
                                                         net113 (net)
                      0.067887    0.001137    1.309583 ^ _369_/A (sky130_fd_sc_hd__nor2_2)
     3    0.019058    0.066281    0.050815    1.360398 v _369_/Y (sky130_fd_sc_hd__nor2_2)
                                                         _098_ (net)
                      0.066316    0.001316    1.361715 v _371_/A2 (sky130_fd_sc_hd__o21bai_4)
     4    0.033195    0.183247    0.179669    1.541383 ^ _371_/Y (sky130_fd_sc_hd__o21bai_4)
                                                         _100_ (net)
                      0.183281    0.002080    1.543463 ^ _376_/C (sky130_fd_sc_hd__nand4b_4)
     2    0.011744    0.070992    0.078026    1.621489 v _376_/Y (sky130_fd_sc_hd__nand4b_4)
                                                         _105_ (net)
                      0.070995    0.000910    1.622398 v _377_/A (sky130_fd_sc_hd__nor2_4)
     3    0.019882    0.108551    0.131110    1.753509 ^ _377_/Y (sky130_fd_sc_hd__nor2_4)
                                                         _106_ (net)
                      0.108572    0.001252    1.754761 ^ _410_/B (sky130_fd_sc_hd__nand4_4)
     3    0.019089    0.082652    0.090272    1.845033 v _410_/Y (sky130_fd_sc_hd__nand4_4)
                                                         _139_ (net)
                      0.082658    0.001404    1.846437 v _415_/C (sky130_fd_sc_hd__nand3_4)
     3    0.018156    0.072574    0.099348    1.945785 ^ _415_/Y (sky130_fd_sc_hd__nand3_4)
                                                         _144_ (net)
                      0.072585    0.001770    1.947556 ^ _424_/B1 (sky130_fd_sc_hd__o22ai_4)
     4    0.030123    0.082785    0.062848    2.010403 v _424_/Y (sky130_fd_sc_hd__o22ai_4)
                                                         _153_ (net)
                      0.082837    0.001754    2.012157 v _470_/B1 (sky130_fd_sc_hd__o22ai_4)
     5    0.024337    0.163707    0.169782    2.181939 ^ _470_/Y (sky130_fd_sc_hd__o22ai_4)
                                                         _195_ (net)
                      0.163856    0.002083    2.184022 ^ rebuffer128/A (sky130_fd_sc_hd__buf_2)
     1    0.011001    0.048191    0.111787    2.295809 ^ rebuffer128/X (sky130_fd_sc_hd__buf_2)
                                                         net128 (net)
                      0.048209    0.000926    2.296735 ^ _511_/A1 (sky130_fd_sc_hd__a211oi_4)
     1    0.008645    0.039704    0.039411    2.336146 v _511_/Y (sky130_fd_sc_hd__a211oi_4)
                                                         _233_ (net)
                      0.039707    0.000692    2.336837 v _513_/A (sky130_fd_sc_hd__nor2_4)
     1    0.005221    0.047705    0.072602    2.409439 ^ _513_/Y (sky130_fd_sc_hd__nor2_4)
                                                         net81 (net)
                      0.047706    0.000412    2.409852 ^ output81/A (sky130_fd_sc_hd__buf_4)
     1    0.036376    0.080846    0.117495    2.527347 ^ output81/X (sky130_fd_sc_hd__buf_4)
                                                         S[23] (net)
                      0.081042    0.003388    2.530734 ^ S[23] (out)
                                              2.530734   data arrival time

                      0.000000    4.500000    4.500000   clock __VIRTUAL_CLK__ (rise edge)
                                  0.000000    4.500000   clock network delay (ideal)
                                 -0.250000    4.250000   clock uncertainty
                                  0.000000    4.250000   clock reconvergence pessimism
                                 -0.900000    3.350000   output external delay
                                              3.350000   data required time
---------------------------------------------------------------------------------------------
                                              3.350000   data required time
                                             -2.530734   data arrival time
---------------------------------------------------------------------------------------------
                                              0.819266   slack (MET)


Startpoint: sub (input port clocked by __VIRTUAL_CLK__)
Endpoint: S[10] (output port clocked by __VIRTUAL_CLK__)
Path Group: __VIRTUAL_CLK__
Path Type: max

Fanout         Cap        Slew       Delay        Time   Description
---------------------------------------------------------------------------------------------
                      0.000000    0.000000    0.000000   clock __VIRTUAL_CLK__ (rise edge)
                                  0.000000    0.000000   clock network delay (ideal)
                                  0.900000    0.900000 v input external delay
     1    0.007565    0.012413    0.007582    0.907582 v sub (in)
                                                         sub (net)
                      0.012429    0.000000    0.907582 v input65/A (sky130_fd_sc_hd__buf_8)
     4    0.029600    0.027525    0.082766    0.990348 v input65/X (sky130_fd_sc_hd__buf_8)
                                                         net65 (net)
                      0.027682    0.001589    0.991937 v fanout108/A (sky130_fd_sc_hd__buf_6)
     3    0.018703    0.024606    0.083362    1.075299 v fanout108/X (sky130_fd_sc_hd__buf_6)
                                                         net108 (net)
                      0.024686    0.001290    1.076588 v fanout105/A (sky130_fd_sc_hd__buf_8)
     3    0.018086    0.022304    0.081127    1.157715 v fanout105/X (sky130_fd_sc_hd__buf_8)
                                                         net105 (net)
                      0.022379    0.001227    1.158942 v fanout103/A (sky130_fd_sc_hd__buf_6)
     3    0.013383    0.020888    0.077180    1.236122 v fanout103/X (sky130_fd_sc_hd__buf_6)
                                                         net103 (net)
                      0.020955    0.000985    1.237107 v load_slew104/A (sky130_fd_sc_hd__buf_8)
     8    0.051007    0.036467    0.096189    1.333297 v load_slew104/X (sky130_fd_sc_hd__buf_8)
                                                         net104 (net)
                      0.037311    0.004465    1.337762 v _395_/A (sky130_fd_sc_hd__and2_4)
     4    0.022227    0.037603    0.113045    1.450807 v _395_/X (sky130_fd_sc_hd__and2_4)
                                                         _124_ (net)
                      0.037684    0.001029    1.451836 v _405_/A2 (sky130_fd_sc_hd__o2111a_2)
     2    0.018016    0.054401    0.195015    1.646851 v _405_/X (sky130_fd_sc_hd__o2111a_2)
                                                         _134_ (net)
                      0.054456    0.001609    1.648460 v _624_/A2 (sky130_fd_sc_hd__a21oi_2)
     3    0.020574    0.194860    0.198298    1.846758 ^ _624_/Y (sky130_fd_sc_hd__a21oi_2)
                                                         _333_ (net)
                      0.194873    0.001394    1.848153 ^ _632_/B2 (sky130_fd_sc_hd__o2bb2ai_2)
     3    0.023101    0.085434    0.089496    1.937649 v _632_/Y (sky130_fd_sc_hd__o2bb2ai_2)
                                                         _337_ (net)
                      0.085515    0.002313    1.939962 v _636_/A1 (sky130_fd_sc_hd__a21oi_2)
     2    0.015652    0.153869    0.177336    2.117298 ^ _636_/Y (sky130_fd_sc_hd__a21oi_2)
                                                         _339_ (net)
                      0.153871    0.000540    2.117838 ^ _637_/B (sky130_fd_sc_hd__xor2_2)
     1    0.002784    0.068668    0.084197    2.202035 ^ _637_/X (sky130_fd_sc_hd__xor2_2)
                                                         net67 (net)
                      0.068669    0.000199    2.202234 ^ output67/A (sky130_fd_sc_hd__dlymetal6s4s_1)
     1    0.035496    0.276076    0.301330    2.503563 ^ output67/X (sky130_fd_sc_hd__dlymetal6s4s_1)
                                                         S[10] (net)
                      0.276092    0.001867    2.505431 ^ S[10] (out)
                                              2.505431   data arrival time

                      0.000000    4.500000    4.500000   clock __VIRTUAL_CLK__ (rise edge)
                                  0.000000    4.500000   clock network delay (ideal)
                                 -0.250000    4.250000   clock uncertainty
                                  0.000000    4.250000   clock reconvergence pessimism
                                 -0.900000    3.350000   output external delay
                                              3.350000   data required time
---------------------------------------------------------------------------------------------
                                              3.350000   data required time
                                             -2.505431   data arrival time
---------------------------------------------------------------------------------------------
                                              0.844569   slack (MET)


Startpoint: sub (input port clocked by __VIRTUAL_CLK__)
Endpoint: S[28] (output port clocked by __VIRTUAL_CLK__)
Path Group: __VIRTUAL_CLK__
Path Type: max

Fanout         Cap        Slew       Delay        Time   Description
---------------------------------------------------------------------------------------------
                      0.000000    0.000000    0.000000   clock __VIRTUAL_CLK__ (rise edge)
                                  0.000000    0.000000   clock network delay (ideal)
                                  0.900000    0.900000 v input external delay
     1    0.007565    0.012413    0.007582    0.907582 v sub (in)
                                                         sub (net)
                      0.012429    0.000000    0.907582 v input65/A (sky130_fd_sc_hd__buf_8)
     4    0.029600    0.027525    0.082766    0.990348 v input65/X (sky130_fd_sc_hd__buf_8)
                                                         net65 (net)
                      0.027582    0.001158    0.991505 v fanout121/A (sky130_fd_sc_hd__buf_8)
     7    0.042326    0.035125    0.093852    1.085357 v fanout121/X (sky130_fd_sc_hd__buf_8)
                                                         net121 (net)
                      0.036500    0.005746    1.091103 v fanout112/A (sky130_fd_sc_hd__buf_6)
     5    0.035543    0.033066    0.097459    1.188562 v fanout112/X (sky130_fd_sc_hd__buf_6)
                                                         net112 (net)
                      0.033146    0.001334    1.189897 v load_slew113/A (sky130_fd_sc_hd__buf_6)
     6    0.038338    0.034584    0.097497    1.287394 v load_slew113/X (sky130_fd_sc_hd__buf_6)
                                                         net113 (net)
                      0.034658    0.001049    1.288443 v _369_/A (sky130_fd_sc_hd__nor2_2)
     3    0.021381    0.178418    0.169815    1.458257 ^ _369_/Y (sky130_fd_sc_hd__nor2_2)
                                                         _098_ (net)
                      0.178435    0.001486    1.459743 ^ _371_/A2 (sky130_fd_sc_hd__o21bai_4)
     4    0.030802    0.072900    0.077055    1.536798 v _371_/Y (sky130_fd_sc_hd__o21bai_4)
                                                         _100_ (net)
                      0.072968    0.001922    1.538720 v _376_/C (sky130_fd_sc_hd__nand4b_4)
     2    0.012970    0.073875    0.095869    1.634590 ^ _376_/Y (sky130_fd_sc_hd__nand4b_4)
                                                         _105_ (net)
                      0.073878    0.001003    1.635592 ^ _377_/A (sky130_fd_sc_hd__nor2_4)
     3    0.018894    0.051382    0.039221    1.674813 v _377_/Y (sky130_fd_sc_hd__nor2_4)
                                                         _106_ (net)
                      0.051424    0.001191    1.676005 v _410_/B (sky130_fd_sc_hd__nand4_4)
     3    0.020434    0.088525    0.090627    1.766632 ^ _410_/Y (sky130_fd_sc_hd__nand4_4)
                                                         _139_ (net)
                      0.088531    0.001513    1.768144 ^ _415_/C (sky130_fd_sc_hd__nand3_4)
     3    0.016903    0.068238    0.063475    1.831619 v _415_/Y (sky130_fd_sc_hd__nand3_4)
                                                         _144_ (net)
                      0.068321    0.001950    1.833569 v rebuffer123/A (sky130_fd_sc_hd__buf_4)
     1    0.008894    0.023371    0.108694    1.942263 v rebuffer123/X (sky130_fd_sc_hd__buf_4)
                                                         net123 (net)
                      0.023371    0.000719    1.942982 v _574_/B2 (sky130_fd_sc_hd__o221ai_4)
     3    0.038515    0.248003    0.208991    2.151973 ^ _574_/Y (sky130_fd_sc_hd__o221ai_4)
                                                         _291_ (net)
                      0.248129    0.004412    2.156385 ^ _577_/B (sky130_fd_sc_hd__nand2_8)
     5    0.025934    0.060647    0.045314    2.201699 v _577_/Y (sky130_fd_sc_hd__nand2_8)
                                                         _294_ (net)
                      0.060650    0.000847    2.202546 v _580_/B1 (sky130_fd_sc_hd__a21o_2)
     1    0.002891    0.024588    0.096227    2.298774 v _580_/X (sky130_fd_sc_hd__a21o_2)
                                                         _297_ (net)
                      0.024654    0.000211    2.298985 v _581_/B (sky130_fd_sc_hd__and2b_4)
     1    0.007142    0.026880    0.107982    2.406967 v _581_/X (sky130_fd_sc_hd__and2b_4)
                                                         net86 (net)
                      0.026880    0.000525    2.407492 v output86/A (sky130_fd_sc_hd__buf_6)
     1    0.034483    0.032492    0.092724    2.500216 v output86/X (sky130_fd_sc_hd__buf_6)
                                                         S[28] (net)
                      0.032688    0.001915    2.502131 v S[28] (out)
                                              2.502131   data arrival time

                      0.000000    4.500000    4.500000   clock __VIRTUAL_CLK__ (rise edge)
                                  0.000000    4.500000   clock network delay (ideal)
                                 -0.250000    4.250000   clock uncertainty
                                  0.000000    4.250000   clock reconvergence pessimism
                                 -0.900000    3.350000   output external delay
                                              3.350000   data required time
---------------------------------------------------------------------------------------------
                                              3.350000   data required time
                                             -2.502131   data arrival time
---------------------------------------------------------------------------------------------
                                              0.847869   slack (MET)


Startpoint: sub (input port clocked by __VIRTUAL_CLK__)
Endpoint: S[20] (output port clocked by __VIRTUAL_CLK__)
Path Group: __VIRTUAL_CLK__
Path Type: max

Fanout         Cap        Slew       Delay        Time   Description
---------------------------------------------------------------------------------------------
                      0.000000    0.000000    0.000000   clock __VIRTUAL_CLK__ (rise edge)
                                  0.000000    0.000000   clock network delay (ideal)
                                  0.900000    0.900000 ^ input external delay
     1    0.008232    0.032488    0.021980    0.921980 ^ sub (in)
                                                         sub (net)
                      0.032496    0.000000    0.921980 ^ input65/A (sky130_fd_sc_hd__buf_8)
     4    0.031145    0.045751    0.079848    1.001827 ^ input65/X (sky130_fd_sc_hd__buf_8)
                                                         net65 (net)
                      0.045799    0.001236    1.003064 ^ fanout121/A (sky130_fd_sc_hd__buf_8)
     7    0.044777    0.061588    0.093373    1.096437 ^ fanout121/X (sky130_fd_sc_hd__buf_8)
                                                         net121 (net)
                      0.062475    0.006165    1.102602 ^ fanout112/A (sky130_fd_sc_hd__buf_6)
     5    0.038671    0.063898    0.100576    1.203177 ^ fanout112/X (sky130_fd_sc_hd__buf_6)
                                                         net112 (net)
                      0.063943    0.001456    1.204633 ^ load_slew113/A (sky130_fd_sc_hd__buf_6)
     6    0.041448    0.067861    0.103813    1.308446 ^ load_slew113/X (sky130_fd_sc_hd__buf_6)
                                                         net113 (net)
                      0.067887    0.001137    1.309583 ^ _369_/A (sky130_fd_sc_hd__nor2_2)
     3    0.019058    0.066281    0.050815    1.360398 v _369_/Y (sky130_fd_sc_hd__nor2_2)
                                                         _098_ (net)
                      0.066316    0.001316    1.361715 v _371_/A2 (sky130_fd_sc_hd__o21bai_4)
     4    0.033195    0.183247    0.179669    1.541383 ^ _371_/Y (sky130_fd_sc_hd__o21bai_4)
                                                         _100_ (net)
                      0.183281    0.002080    1.543463 ^ _376_/C (sky130_fd_sc_hd__nand4b_4)
     2    0.011744    0.070992    0.078026    1.621489 v _376_/Y (sky130_fd_sc_hd__nand4b_4)
                                                         _105_ (net)
                      0.070995    0.000910    1.622398 v _377_/A (sky130_fd_sc_hd__nor2_4)
     3    0.019882    0.108551    0.131110    1.753509 ^ _377_/Y (sky130_fd_sc_hd__nor2_4)
                                                         _106_ (net)
                      0.108572    0.001252    1.754761 ^ _410_/B (sky130_fd_sc_hd__nand4_4)
     3    0.019089    0.082652    0.090272    1.845033 v _410_/Y (sky130_fd_sc_hd__nand4_4)
                                                         _139_ (net)
                      0.082658    0.001404    1.846437 v _415_/C (sky130_fd_sc_hd__nand3_4)
     3    0.018156    0.072574    0.099348    1.945785 ^ _415_/Y (sky130_fd_sc_hd__nand3_4)
                                                         _144_ (net)
                      0.072585    0.001770    1.947556 ^ _424_/B1 (sky130_fd_sc_hd__o22ai_4)
     4    0.030123    0.082785    0.062848    2.010403 v _424_/Y (sky130_fd_sc_hd__o22ai_4)
                                                         _153_ (net)
                      0.082837    0.001754    2.012157 v _470_/B1 (sky130_fd_sc_hd__o22ai_4)
     5    0.024337    0.163707    0.169782    2.181939 ^ _470_/Y (sky130_fd_sc_hd__o22ai_4)
                                                         _195_ (net)
                      0.163838    0.001535    2.183473 ^ max_cap99/A (sky130_fd_sc_hd__buf_6)
     3    0.030500    0.053636    0.103581    2.287055 ^ max_cap99/X (sky130_fd_sc_hd__buf_6)
                                                         net99 (net)
                      0.053788    0.002361    2.289415 ^ _471_/B (sky130_fd_sc_hd__xor2_4)
     1    0.007640    0.091916    0.107266    2.396681 ^ _471_/X (sky130_fd_sc_hd__xor2_4)
                                                         net78 (net)
                      0.091916    0.000467    2.397149 ^ output78/A (sky130_fd_sc_hd__buf_6)
     1    0.035186    0.059249    0.101804    2.498953 ^ output78/X (sky130_fd_sc_hd__buf_6)
                                                         S[20] (net)
                      0.059372    0.001974    2.500927 ^ S[20] (out)
                                              2.500927   data arrival time

                      0.000000    4.500000    4.500000   clock __VIRTUAL_CLK__ (rise edge)
                                  0.000000    4.500000   clock network delay (ideal)
                                 -0.250000    4.250000   clock uncertainty
                                  0.000000    4.250000   clock reconvergence pessimism
                                 -0.900000    3.350000   output external delay
                                              3.350000   data required time
---------------------------------------------------------------------------------------------
                                              3.350000   data required time
                                             -2.500927   data arrival time
---------------------------------------------------------------------------------------------
                                              0.849073   slack (MET)


Startpoint: sub (input port clocked by __VIRTUAL_CLK__)
Endpoint: S[24] (output port clocked by __VIRTUAL_CLK__)
Path Group: __VIRTUAL_CLK__
Path Type: max

Fanout         Cap        Slew       Delay        Time   Description
---------------------------------------------------------------------------------------------
                      0.000000    0.000000    0.000000   clock __VIRTUAL_CLK__ (rise edge)
                                  0.000000    0.000000   clock network delay (ideal)
                                  0.900000    0.900000 ^ input external delay
     1    0.008232    0.032488    0.021980    0.921980 ^ sub (in)
                                                         sub (net)
                      0.032496    0.000000    0.921980 ^ input65/A (sky130_fd_sc_hd__buf_8)
     4    0.031145    0.045751    0.079848    1.001827 ^ input65/X (sky130_fd_sc_hd__buf_8)
                                                         net65 (net)
                      0.045799    0.001236    1.003064 ^ fanout121/A (sky130_fd_sc_hd__buf_8)
     7    0.044777    0.061588    0.093373    1.096437 ^ fanout121/X (sky130_fd_sc_hd__buf_8)
                                                         net121 (net)
                      0.062475    0.006165    1.102602 ^ fanout112/A (sky130_fd_sc_hd__buf_6)
     5    0.038671    0.063898    0.100576    1.203177 ^ fanout112/X (sky130_fd_sc_hd__buf_6)
                                                         net112 (net)
                      0.063943    0.001456    1.204633 ^ load_slew113/A (sky130_fd_sc_hd__buf_6)
     6    0.041448    0.067861    0.103813    1.308446 ^ load_slew113/X (sky130_fd_sc_hd__buf_6)
                                                         net113 (net)
                      0.067887    0.001137    1.309583 ^ _369_/A (sky130_fd_sc_hd__nor2_2)
     3    0.019058    0.066281    0.050815    1.360398 v _369_/Y (sky130_fd_sc_hd__nor2_2)
                                                         _098_ (net)
                      0.066316    0.001316    1.361715 v _371_/A2 (sky130_fd_sc_hd__o21bai_4)
     4    0.033195    0.183247    0.179669    1.541383 ^ _371_/Y (sky130_fd_sc_hd__o21bai_4)
                                                         _100_ (net)
                      0.183281    0.002080    1.543463 ^ _376_/C (sky130_fd_sc_hd__nand4b_4)
     2    0.011744    0.070992    0.078026    1.621489 v _376_/Y (sky130_fd_sc_hd__nand4b_4)
                                                         _105_ (net)
                      0.070995    0.000910    1.622398 v _377_/A (sky130_fd_sc_hd__nor2_4)
     3    0.019882    0.108551    0.131110    1.753509 ^ _377_/Y (sky130_fd_sc_hd__nor2_4)
                                                         _106_ (net)
                      0.108572    0.001252    1.754761 ^ _410_/B (sky130_fd_sc_hd__nand4_4)
     3    0.019089    0.082652    0.090272    1.845033 v _410_/Y (sky130_fd_sc_hd__nand4_4)
                                                         _139_ (net)
                      0.082658    0.001404    1.846437 v _415_/C (sky130_fd_sc_hd__nand3_4)
     3    0.018156    0.072574    0.099348    1.945785 ^ _415_/Y (sky130_fd_sc_hd__nand3_4)
                                                         _144_ (net)
                      0.072589    0.001996    1.947781 ^ rebuffer131/A (sky130_fd_sc_hd__buf_4)
     1    0.009366    0.029123    0.084206    2.031987 ^ rebuffer131/X (sky130_fd_sc_hd__buf_4)
                                                         net131 (net)
                      0.029147    0.000757    2.032745 ^ _520_/B2 (sky130_fd_sc_hd__o221ai_4)
     4    0.024398    0.088290    0.069662    2.102407 v _520_/Y (sky130_fd_sc_hd__o221ai_4)
                                                         _241_ (net)
                      0.088341    0.001704    2.104111 v _529_/A2 (sky130_fd_sc_hd__a21o_2)
     2    0.007803    0.033736    0.169456    2.273566 v _529_/X (sky130_fd_sc_hd__a21o_2)
                                                         _250_ (net)
                      0.033760    0.000400    2.273966 v _531_/A (sky130_fd_sc_hd__and2_2)
     1    0.008036    0.035251    0.119603    2.393570 v _531_/X (sky130_fd_sc_hd__and2_2)
                                                         net82 (net)
                      0.035265    0.000651    2.394220 v output82/A (sky130_fd_sc_hd__buf_6)
     1    0.036648    0.033699    0.097396    2.491617 v output82/X (sky130_fd_sc_hd__buf_6)
                                                         S[24] (net)
                      0.033959    0.002294    2.493911 v S[24] (out)
                                              2.493911   data arrival time

                      0.000000    4.500000    4.500000   clock __VIRTUAL_CLK__ (rise edge)
                                  0.000000    4.500000   clock network delay (ideal)
                                 -0.250000    4.250000   clock uncertainty
                                  0.000000    4.250000   clock reconvergence pessimism
                                 -0.900000    3.350000   output external delay
                                              3.350000   data required time
---------------------------------------------------------------------------------------------
                                              3.350000   data required time
                                             -2.493911   data arrival time
---------------------------------------------------------------------------------------------
                                              0.856089   slack (MET)


Startpoint: sub (input port clocked by __VIRTUAL_CLK__)
Endpoint: S[31] (output port clocked by __VIRTUAL_CLK__)
Path Group: __VIRTUAL_CLK__
Path Type: max

Fanout         Cap        Slew       Delay        Time   Description
---------------------------------------------------------------------------------------------
                      0.000000    0.000000    0.000000   clock __VIRTUAL_CLK__ (rise edge)
                                  0.000000    0.000000   clock network delay (ideal)
                                  0.900000    0.900000 ^ input external delay
     1    0.008232    0.032488    0.021980    0.921980 ^ sub (in)
                                                         sub (net)
                      0.032496    0.000000    0.921980 ^ input65/A (sky130_fd_sc_hd__buf_8)
     4    0.031145    0.045751    0.079848    1.001827 ^ input65/X (sky130_fd_sc_hd__buf_8)
                                                         net65 (net)
                      0.045799    0.001236    1.003064 ^ fanout121/A (sky130_fd_sc_hd__buf_8)
     7    0.044777    0.061588    0.093373    1.096437 ^ fanout121/X (sky130_fd_sc_hd__buf_8)
                                                         net121 (net)
                      0.062475    0.006165    1.102602 ^ fanout112/A (sky130_fd_sc_hd__buf_6)
     5    0.038671    0.063898    0.100576    1.203177 ^ fanout112/X (sky130_fd_sc_hd__buf_6)
                                                         net112 (net)
                      0.063943    0.001456    1.204633 ^ load_slew113/A (sky130_fd_sc_hd__buf_6)
     6    0.041448    0.067861    0.103813    1.308446 ^ load_slew113/X (sky130_fd_sc_hd__buf_6)
                                                         net113 (net)
                      0.067887    0.001137    1.309583 ^ _369_/A (sky130_fd_sc_hd__nor2_2)
     3    0.019058    0.066281    0.050815    1.360398 v _369_/Y (sky130_fd_sc_hd__nor2_2)
                                                         _098_ (net)
                      0.066316    0.001316    1.361715 v _371_/A2 (sky130_fd_sc_hd__o21bai_4)
     4    0.033195    0.183247    0.179669    1.541383 ^ _371_/Y (sky130_fd_sc_hd__o21bai_4)
                                                         _100_ (net)
                      0.183281    0.002080    1.543463 ^ _376_/C (sky130_fd_sc_hd__nand4b_4)
     2    0.011744    0.070992    0.078026    1.621489 v _376_/Y (sky130_fd_sc_hd__nand4b_4)
                                                         _105_ (net)
                      0.070995    0.000910    1.622398 v _377_/A (sky130_fd_sc_hd__nor2_4)
     3    0.019882    0.108551    0.131110    1.753509 ^ _377_/Y (sky130_fd_sc_hd__nor2_4)
                                                         _106_ (net)
                      0.108572    0.001252    1.754761 ^ _410_/B (sky130_fd_sc_hd__nand4_4)
     3    0.019089    0.082652    0.090272    1.845033 v _410_/Y (sky130_fd_sc_hd__nand4_4)
                                                         _139_ (net)
                      0.082658    0.001404    1.846437 v _415_/C (sky130_fd_sc_hd__nand3_4)
     3    0.018156    0.072574    0.099348    1.945785 ^ _415_/Y (sky130_fd_sc_hd__nand3_4)
                                                         _144_ (net)
                      0.072590    0.002111    1.947896 ^ rebuffer123/A (sky130_fd_sc_hd__buf_4)
     1    0.009858    0.030004    0.084980    2.032876 ^ rebuffer123/X (sky130_fd_sc_hd__buf_4)
                                                         net123 (net)
                      0.030031    0.000804    2.033680 ^ _574_/B2 (sky130_fd_sc_hd__o221ai_4)
     3    0.035673    0.111087    0.085583    2.119263 v _574_/Y (sky130_fd_sc_hd__o221ai_4)
                                                         _291_ (net)
                      0.111343    0.004061    2.123324 v _577_/B (sky130_fd_sc_hd__nand2_8)
     5    0.027260    0.061066    0.099326    2.222650 ^ _577_/Y (sky130_fd_sc_hd__nand2_8)
                                                         _294_ (net)
                      0.061090    0.002346    2.224995 ^ _605_/A (sky130_fd_sc_hd__nand4_4)
     1    0.008705    0.062411    0.051031    2.276026 v _605_/Y (sky130_fd_sc_hd__nand4_4)
                                                         _319_ (net)
                      0.062413    0.000695    2.276721 v _614_/A2 (sky130_fd_sc_hd__a22oi_4)
     1    0.005237    0.070539    0.106942    2.383663 ^ _614_/Y (sky130_fd_sc_hd__a22oi_4)
                                                         net90 (net)
                      0.070540    0.000415    2.384079 ^ output90/A (sky130_fd_sc_hd__buf_6)
     1    0.034403    0.057922    0.097652    2.481731 ^ output90/X (sky130_fd_sc_hd__buf_6)
                                                         S[31] (net)
                      0.058032    0.001820    2.483551 ^ S[31] (out)
                                              2.483551   data arrival time

                      0.000000    4.500000    4.500000   clock __VIRTUAL_CLK__ (rise edge)
                                  0.000000    4.500000   clock network delay (ideal)
                                 -0.250000    4.250000   clock uncertainty
                                  0.000000    4.250000   clock reconvergence pessimism
                                 -0.900000    3.350000   output external delay
                                              3.350000   data required time
---------------------------------------------------------------------------------------------
                                              3.350000   data required time
                                             -2.483551   data arrival time
---------------------------------------------------------------------------------------------
                                              0.866449   slack (MET)


Startpoint: sub (input port clocked by __VIRTUAL_CLK__)
Endpoint: S[13] (output port clocked by __VIRTUAL_CLK__)
Path Group: __VIRTUAL_CLK__
Path Type: max

Fanout         Cap        Slew       Delay        Time   Description
---------------------------------------------------------------------------------------------
                      0.000000    0.000000    0.000000   clock __VIRTUAL_CLK__ (rise edge)
                                  0.000000    0.000000   clock network delay (ideal)
                                  0.900000    0.900000 v input external delay
     1    0.007565    0.012413    0.007582    0.907582 v sub (in)
                                                         sub (net)
                      0.012429    0.000000    0.907582 v input65/A (sky130_fd_sc_hd__buf_8)
     4    0.029600    0.027525    0.082766    0.990348 v input65/X (sky130_fd_sc_hd__buf_8)
                                                         net65 (net)
                      0.027682    0.001589    0.991937 v fanout108/A (sky130_fd_sc_hd__buf_6)
     3    0.018703    0.024606    0.083362    1.075299 v fanout108/X (sky130_fd_sc_hd__buf_6)
                                                         net108 (net)
                      0.024686    0.001290    1.076588 v fanout105/A (sky130_fd_sc_hd__buf_8)
     3    0.018086    0.022304    0.081127    1.157715 v fanout105/X (sky130_fd_sc_hd__buf_8)
                                                         net105 (net)
                      0.022379    0.001227    1.158942 v fanout103/A (sky130_fd_sc_hd__buf_6)
     3    0.013383    0.020888    0.077180    1.236122 v fanout103/X (sky130_fd_sc_hd__buf_6)
                                                         net103 (net)
                      0.020955    0.000985    1.237107 v load_slew104/A (sky130_fd_sc_hd__buf_8)
     8    0.051007    0.036467    0.096189    1.333297 v load_slew104/X (sky130_fd_sc_hd__buf_8)
                                                         net104 (net)
                      0.036923    0.003143    1.336440 v _399_/A (sky130_fd_sc_hd__and2_4)
     3    0.023624    0.038686    0.113946    1.450386 v _399_/X (sky130_fd_sc_hd__and2_4)
                                                         _128_ (net)
                      0.038723    0.000907    1.451293 v _403_/A2 (sky130_fd_sc_hd__o21bai_4)
     3    0.016201    0.115151    0.114523    1.565816 ^ _403_/Y (sky130_fd_sc_hd__o21bai_4)
                                                         _132_ (net)
                      0.115154    0.001082    1.566898 ^ _418_/B (sky130_fd_sc_hd__nand2_2)
     1    0.009777    0.044511    0.052672    1.619571 v _418_/Y (sky130_fd_sc_hd__nand2_2)
                                                         _147_ (net)
                      0.044531    0.000796    1.620366 v _419_/B1 (sky130_fd_sc_hd__o22ai_4)
     3    0.019856    0.145125    0.140230    1.760596 ^ _419_/Y (sky130_fd_sc_hd__o22ai_4)
                                                         _148_ (net)
                      0.145127    0.001084    1.761680 ^ _420_/A (sky130_fd_sc_hd__nand3_2)
     2    0.014815    0.080197    0.084435    1.846115 v _420_/Y (sky130_fd_sc_hd__nand3_2)
                                                         _149_ (net)
                      0.080229    0.000533    1.846648 v _640_/C (sky130_fd_sc_hd__nand4_2)
     4    0.026153    0.137842    0.152649    1.999297 ^ _640_/Y (sky130_fd_sc_hd__nand4_2)
                                                         _341_ (net)
                      0.137857    0.001218    2.000515 ^ _643_/B1 (sky130_fd_sc_hd__a22o_2)
     1    0.009121    0.044653    0.108853    2.109368 ^ _643_/X (sky130_fd_sc_hd__a22o_2)
                                                         _343_ (net)
                      0.044665    0.000735    2.110104 ^ _644_/B (sky130_fd_sc_hd__xnor2_2)
     1    0.002286    0.071815    0.063255    2.173358 ^ _644_/Y (sky130_fd_sc_hd__xnor2_2)
                                                         net70 (net)
                      0.071815    0.000169    2.173527 ^ output70/A (sky130_fd_sc_hd__dlymetal6s4s_1)
     1    0.036109    0.280435    0.305087    2.478614 ^ output70/X (sky130_fd_sc_hd__dlymetal6s4s_1)
                                                         S[13] (net)
                      0.280451    0.001833    2.480446 ^ S[13] (out)
                                              2.480446   data arrival time

                      0.000000    4.500000    4.500000   clock __VIRTUAL_CLK__ (rise edge)
                                  0.000000    4.500000   clock network delay (ideal)
                                 -0.250000    4.250000   clock uncertainty
                                  0.000000    4.250000   clock reconvergence pessimism
                                 -0.900000    3.350000   output external delay
                                              3.350000   data required time
---------------------------------------------------------------------------------------------
                                              3.350000   data required time
                                             -2.480446   data arrival time
---------------------------------------------------------------------------------------------
                                              0.869554   slack (MET)


Startpoint: sub (input port clocked by __VIRTUAL_CLK__)
Endpoint: carryOut (output port clocked by __VIRTUAL_CLK__)
Path Group: __VIRTUAL_CLK__
Path Type: max

Fanout         Cap        Slew       Delay        Time   Description
---------------------------------------------------------------------------------------------
                      0.000000    0.000000    0.000000   clock __VIRTUAL_CLK__ (rise edge)
                                  0.000000    0.000000   clock network delay (ideal)
                                  0.900000    0.900000 v input external delay
     1    0.007565    0.012413    0.007582    0.907582 v sub (in)
                                                         sub (net)
                      0.012429    0.000000    0.907582 v input65/A (sky130_fd_sc_hd__buf_8)
     4    0.029600    0.027525    0.082766    0.990348 v input65/X (sky130_fd_sc_hd__buf_8)
                                                         net65 (net)
                      0.027582    0.001158    0.991505 v fanout121/A (sky130_fd_sc_hd__buf_8)
     7    0.042326    0.035125    0.093852    1.085357 v fanout121/X (sky130_fd_sc_hd__buf_8)
                                                         net121 (net)
                      0.036500    0.005746    1.091103 v fanout112/A (sky130_fd_sc_hd__buf_6)
     5    0.035543    0.033066    0.097459    1.188562 v fanout112/X (sky130_fd_sc_hd__buf_6)
                                                         net112 (net)
                      0.033146    0.001334    1.189897 v load_slew113/A (sky130_fd_sc_hd__buf_6)
     6    0.038338    0.034584    0.097497    1.287394 v load_slew113/X (sky130_fd_sc_hd__buf_6)
                                                         net113 (net)
                      0.034658    0.001049    1.288443 v _369_/A (sky130_fd_sc_hd__nor2_2)
     3    0.021381    0.178418    0.169815    1.458257 ^ _369_/Y (sky130_fd_sc_hd__nor2_2)
                                                         _098_ (net)
                      0.178435    0.001486    1.459743 ^ _371_/A2 (sky130_fd_sc_hd__o21bai_4)
     4    0.030802    0.072900    0.077055    1.536798 v _371_/Y (sky130_fd_sc_hd__o21bai_4)
                                                         _100_ (net)
                      0.072968    0.001922    1.538720 v _376_/C (sky130_fd_sc_hd__nand4b_4)
     2    0.012970    0.073875    0.095869    1.634590 ^ _376_/Y (sky130_fd_sc_hd__nand4b_4)
                                                         _105_ (net)
                      0.073878    0.001003    1.635592 ^ _377_/A (sky130_fd_sc_hd__nor2_4)
     3    0.018894    0.051382    0.039221    1.674813 v _377_/Y (sky130_fd_sc_hd__nor2_4)
                                                         _106_ (net)
                      0.051424    0.001191    1.676005 v _410_/B (sky130_fd_sc_hd__nand4_4)
     3    0.020434    0.088525    0.090627    1.766632 ^ _410_/Y (sky130_fd_sc_hd__nand4_4)
                                                         _139_ (net)
                      0.088531    0.001513    1.768144 ^ _415_/C (sky130_fd_sc_hd__nand3_4)
     3    0.016903    0.068238    0.063475    1.831619 v _415_/Y (sky130_fd_sc_hd__nand3_4)
                                                         _144_ (net)
                      0.068321    0.001950    1.833569 v rebuffer123/A (sky130_fd_sc_hd__buf_4)
     1    0.008894    0.023371    0.108694    1.942263 v rebuffer123/X (sky130_fd_sc_hd__buf_4)
                                                         net123 (net)
                      0.023371    0.000719    1.942982 v _574_/B2 (sky130_fd_sc_hd__o221ai_4)
     3    0.038515    0.248003    0.208991    2.151973 ^ _574_/Y (sky130_fd_sc_hd__o221ai_4)
                                                         _291_ (net)
                      0.248129    0.004412    2.156385 ^ _577_/B (sky130_fd_sc_hd__nand2_8)
     5    0.025934    0.060647    0.045314    2.201699 v _577_/Y (sky130_fd_sc_hd__nand2_8)
                                                         _294_ (net)
                      0.060662    0.001823    2.203522 v _610_/A1 (sky130_fd_sc_hd__a21boi_2)
     1    0.011745    0.122185    0.142381    2.345904 ^ _610_/Y (sky130_fd_sc_hd__a21boi_2)
                                                         _324_ (net)
                      0.122240    0.001064    2.346968 ^ _651_/B2 (sky130_fd_sc_hd__o2bb2ai_4)
     1    0.004886    0.030784    0.035661    2.382628 v _651_/Y (sky130_fd_sc_hd__o2bb2ai_4)
                                                         net98 (net)
                      0.030785    0.000388    2.383016 v output98/A (sky130_fd_sc_hd__buf_6)
     1    0.035822    0.033219    0.095129    2.478146 v output98/X (sky130_fd_sc_hd__buf_6)
                                                         carryOut (net)
                      0.033422    0.001985    2.480130 v carryOut (out)
                                              2.480130   data arrival time

                      0.000000    4.500000    4.500000   clock __VIRTUAL_CLK__ (rise edge)
                                  0.000000    4.500000   clock network delay (ideal)
                                 -0.250000    4.250000   clock uncertainty
                                  0.000000    4.250000   clock reconvergence pessimism
                                 -0.900000    3.350000   output external delay
                                              3.350000   data required time
---------------------------------------------------------------------------------------------
                                              3.350000   data required time
                                             -2.480130   data arrival time
---------------------------------------------------------------------------------------------
                                              0.869870   slack (MET)


Startpoint: sub (input port clocked by __VIRTUAL_CLK__)
Endpoint: S[26] (output port clocked by __VIRTUAL_CLK__)
Path Group: __VIRTUAL_CLK__
Path Type: max

Fanout         Cap        Slew       Delay        Time   Description
---------------------------------------------------------------------------------------------
                      0.000000    0.000000    0.000000   clock __VIRTUAL_CLK__ (rise edge)
                                  0.000000    0.000000   clock network delay (ideal)
                                  0.900000    0.900000 ^ input external delay
     1    0.008232    0.032488    0.021980    0.921980 ^ sub (in)
                                                         sub (net)
                      0.032496    0.000000    0.921980 ^ input65/A (sky130_fd_sc_hd__buf_8)
     4    0.031145    0.045751    0.079848    1.001827 ^ input65/X (sky130_fd_sc_hd__buf_8)
                                                         net65 (net)
                      0.045799    0.001236    1.003064 ^ fanout121/A (sky130_fd_sc_hd__buf_8)
     7    0.044777    0.061588    0.093373    1.096437 ^ fanout121/X (sky130_fd_sc_hd__buf_8)
                                                         net121 (net)
                      0.062475    0.006165    1.102602 ^ fanout112/A (sky130_fd_sc_hd__buf_6)
     5    0.038671    0.063898    0.100576    1.203177 ^ fanout112/X (sky130_fd_sc_hd__buf_6)
                                                         net112 (net)
                      0.063943    0.001456    1.204633 ^ load_slew113/A (sky130_fd_sc_hd__buf_6)
     6    0.041448    0.067861    0.103813    1.308446 ^ load_slew113/X (sky130_fd_sc_hd__buf_6)
                                                         net113 (net)
                      0.067887    0.001137    1.309583 ^ _369_/A (sky130_fd_sc_hd__nor2_2)
     3    0.019058    0.066281    0.050815    1.360398 v _369_/Y (sky130_fd_sc_hd__nor2_2)
                                                         _098_ (net)
                      0.066316    0.001316    1.361715 v _371_/A2 (sky130_fd_sc_hd__o21bai_4)
     4    0.033195    0.183247    0.179669    1.541383 ^ _371_/Y (sky130_fd_sc_hd__o21bai_4)
                                                         _100_ (net)
                      0.183281    0.002080    1.543463 ^ _376_/C (sky130_fd_sc_hd__nand4b_4)
     2    0.011744    0.070992    0.078026    1.621489 v _376_/Y (sky130_fd_sc_hd__nand4b_4)
                                                         _105_ (net)
                      0.070995    0.000910    1.622398 v _377_/A (sky130_fd_sc_hd__nor2_4)
     3    0.019882    0.108551    0.131110    1.753509 ^ _377_/Y (sky130_fd_sc_hd__nor2_4)
                                                         _106_ (net)
                      0.108572    0.001252    1.754761 ^ _410_/B (sky130_fd_sc_hd__nand4_4)
     3    0.019089    0.082652    0.090272    1.845033 v _410_/Y (sky130_fd_sc_hd__nand4_4)
                                                         _139_ (net)
                      0.082658    0.001404    1.846437 v _415_/C (sky130_fd_sc_hd__nand3_4)
     3    0.018156    0.072574    0.099348    1.945785 ^ _415_/Y (sky130_fd_sc_hd__nand3_4)
                                                         _144_ (net)
                      0.072589    0.001996    1.947781 ^ rebuffer131/A (sky130_fd_sc_hd__buf_4)
     1    0.009366    0.029123    0.084206    2.031987 ^ rebuffer131/X (sky130_fd_sc_hd__buf_4)
                                                         net131 (net)
                      0.029147    0.000757    2.032745 ^ _520_/B2 (sky130_fd_sc_hd__o221ai_4)
     4    0.024398    0.088290    0.069662    2.102407 v _520_/Y (sky130_fd_sc_hd__o221ai_4)
                                                         _241_ (net)
                      0.088343    0.001736    2.104142 v _542_/A2 (sky130_fd_sc_hd__a21boi_2)
     2    0.008460    0.098623    0.141845    2.245987 ^ _542_/Y (sky130_fd_sc_hd__a21boi_2)
                                                         _261_ (net)
                      0.098623    0.000312    2.246299 ^ _551_/A_N (sky130_fd_sc_hd__nand3b_4)
     1    0.005277    0.044947    0.097664    2.343963 ^ _551_/Y (sky130_fd_sc_hd__nand3b_4)
                                                         _270_ (net)
                      0.044948    0.000413    2.344376 ^ _552_/B (sky130_fd_sc_hd__nand2_2)
     1    0.005882    0.032526    0.035632    2.380008 v _552_/Y (sky130_fd_sc_hd__nand2_2)
                                                         net84 (net)
                      0.032529    0.000499    2.380507 v output84/A (sky130_fd_sc_hd__buf_6)
     1    0.035359    0.032959    0.095662    2.476169 v output84/X (sky130_fd_sc_hd__buf_6)
                                                         S[26] (net)
                      0.033164    0.001984    2.478153 v S[26] (out)
                                              2.478153   data arrival time

                      0.000000    4.500000    4.500000   clock __VIRTUAL_CLK__ (rise edge)
                                  0.000000    4.500000   clock network delay (ideal)
                                 -0.250000    4.250000   clock uncertainty
                                  0.000000    4.250000   clock reconvergence pessimism
                                 -0.900000    3.350000   output external delay
                                              3.350000   data required time
---------------------------------------------------------------------------------------------
                                              3.350000   data required time
                                             -2.478153   data arrival time
---------------------------------------------------------------------------------------------
                                              0.871847   slack (MET)


Startpoint: sub (input port clocked by __VIRTUAL_CLK__)
Endpoint: S[11] (output port clocked by __VIRTUAL_CLK__)
Path Group: __VIRTUAL_CLK__
Path Type: max

Fanout         Cap        Slew       Delay        Time   Description
---------------------------------------------------------------------------------------------
                      0.000000    0.000000    0.000000   clock __VIRTUAL_CLK__ (rise edge)
                                  0.000000    0.000000   clock network delay (ideal)
                                  0.900000    0.900000 v input external delay
     1    0.007565    0.012413    0.007582    0.907582 v sub (in)
                                                         sub (net)
                      0.012429    0.000000    0.907582 v input65/A (sky130_fd_sc_hd__buf_8)
     4    0.029600    0.027525    0.082766    0.990348 v input65/X (sky130_fd_sc_hd__buf_8)
                                                         net65 (net)
                      0.027682    0.001589    0.991937 v fanout108/A (sky130_fd_sc_hd__buf_6)
     3    0.018703    0.024606    0.083362    1.075299 v fanout108/X (sky130_fd_sc_hd__buf_6)
                                                         net108 (net)
                      0.024686    0.001290    1.076588 v fanout105/A (sky130_fd_sc_hd__buf_8)
     3    0.018086    0.022304    0.081127    1.157715 v fanout105/X (sky130_fd_sc_hd__buf_8)
                                                         net105 (net)
                      0.022379    0.001227    1.158942 v fanout103/A (sky130_fd_sc_hd__buf_6)
     3    0.013383    0.020888    0.077180    1.236122 v fanout103/X (sky130_fd_sc_hd__buf_6)
                                                         net103 (net)
                      0.020955    0.000985    1.237107 v load_slew104/A (sky130_fd_sc_hd__buf_8)
     8    0.051007    0.036467    0.096189    1.333297 v load_slew104/X (sky130_fd_sc_hd__buf_8)
                                                         net104 (net)
                      0.036923    0.003143    1.336440 v _399_/A (sky130_fd_sc_hd__and2_4)
     3    0.023624    0.038686    0.113946    1.450386 v _399_/X (sky130_fd_sc_hd__and2_4)
                                                         _128_ (net)
                      0.038723    0.000907    1.451293 v _403_/A2 (sky130_fd_sc_hd__o21bai_4)
     3    0.016201    0.115151    0.114523    1.565816 ^ _403_/Y (sky130_fd_sc_hd__o21bai_4)
                                                         _132_ (net)
                      0.115154    0.001082    1.566898 ^ _418_/B (sky130_fd_sc_hd__nand2_2)
     1    0.009777    0.044511    0.052672    1.619571 v _418_/Y (sky130_fd_sc_hd__nand2_2)
                                                         _147_ (net)
                      0.044531    0.000796    1.620366 v _419_/B1 (sky130_fd_sc_hd__o22ai_4)
     3    0.019856    0.145125    0.140230    1.760596 ^ _419_/Y (sky130_fd_sc_hd__o22ai_4)
                                                         _148_ (net)
                      0.145128    0.001426    1.762022 ^ _624_/B1 (sky130_fd_sc_hd__a21oi_2)
     3    0.019073    0.067875    0.054369    1.816391 v _624_/Y (sky130_fd_sc_hd__a21oi_2)
                                                         _333_ (net)
                      0.067909    0.001284    1.817675 v _632_/B2 (sky130_fd_sc_hd__o2bb2ai_2)
     3    0.024107    0.218708    0.206795    2.024470 ^ _632_/Y (sky130_fd_sc_hd__o2bb2ai_2)
                                                         _337_ (net)
                      0.218746    0.002434    2.026904 ^ _636_/A1 (sky130_fd_sc_hd__a21oi_2)
     2    0.014366    0.072833    0.066728    2.093632 v _636_/Y (sky130_fd_sc_hd__a21oi_2)
                                                         _339_ (net)
                      0.072843    0.000707    2.094338 v _638_/A2 (sky130_fd_sc_hd__o21ai_2)
     1    0.008910    0.103886    0.121244    2.215582 ^ _638_/Y (sky130_fd_sc_hd__o21ai_2)
                                                         _340_ (net)
                      0.103886    0.000245    2.215827 ^ _639_/B (sky130_fd_sc_hd__xor2_2)
     1    0.003530    0.074420    0.090179    2.306006 ^ _639_/X (sky130_fd_sc_hd__xor2_2)
                                                         net68 (net)
                      0.074420    0.000250    2.306256 ^ output68/A (sky130_fd_sc_hd__clkbuf_2)
     1    0.035461    0.149558    0.167460    2.473716 ^ output68/X (sky130_fd_sc_hd__clkbuf_2)
                                                         S[11] (net)
                      0.149593    0.001979    2.475695 ^ S[11] (out)
                                              2.475695   data arrival time

                      0.000000    4.500000    4.500000   clock __VIRTUAL_CLK__ (rise edge)
                                  0.000000    4.500000   clock network delay (ideal)
                                 -0.250000    4.250000   clock uncertainty
                                  0.000000    4.250000   clock reconvergence pessimism
                                 -0.900000    3.350000   output external delay
                                              3.350000   data required time
---------------------------------------------------------------------------------------------
                                              3.350000   data required time
                                             -2.475695   data arrival time
---------------------------------------------------------------------------------------------
                                              0.874305   slack (MET)


Startpoint: sub (input port clocked by __VIRTUAL_CLK__)
Endpoint: S[25] (output port clocked by __VIRTUAL_CLK__)
Path Group: __VIRTUAL_CLK__
Path Type: max

Fanout         Cap        Slew       Delay        Time   Description
---------------------------------------------------------------------------------------------
                      0.000000    0.000000    0.000000   clock __VIRTUAL_CLK__ (rise edge)
                                  0.000000    0.000000   clock network delay (ideal)
                                  0.900000    0.900000 ^ input external delay
     1    0.008232    0.032488    0.021980    0.921980 ^ sub (in)
                                                         sub (net)
                      0.032496    0.000000    0.921980 ^ input65/A (sky130_fd_sc_hd__buf_8)
     4    0.031145    0.045751    0.079848    1.001827 ^ input65/X (sky130_fd_sc_hd__buf_8)
                                                         net65 (net)
                      0.045799    0.001236    1.003064 ^ fanout121/A (sky130_fd_sc_hd__buf_8)
     7    0.044777    0.061588    0.093373    1.096437 ^ fanout121/X (sky130_fd_sc_hd__buf_8)
                                                         net121 (net)
                      0.062475    0.006165    1.102602 ^ fanout112/A (sky130_fd_sc_hd__buf_6)
     5    0.038671    0.063898    0.100576    1.203177 ^ fanout112/X (sky130_fd_sc_hd__buf_6)
                                                         net112 (net)
                      0.063943    0.001456    1.204633 ^ load_slew113/A (sky130_fd_sc_hd__buf_6)
     6    0.041448    0.067861    0.103813    1.308446 ^ load_slew113/X (sky130_fd_sc_hd__buf_6)
                                                         net113 (net)
                      0.067887    0.001137    1.309583 ^ _369_/A (sky130_fd_sc_hd__nor2_2)
     3    0.019058    0.066281    0.050815    1.360398 v _369_/Y (sky130_fd_sc_hd__nor2_2)
                                                         _098_ (net)
                      0.066316    0.001316    1.361715 v _371_/A2 (sky130_fd_sc_hd__o21bai_4)
     4    0.033195    0.183247    0.179669    1.541383 ^ _371_/Y (sky130_fd_sc_hd__o21bai_4)
                                                         _100_ (net)
                      0.183281    0.002080    1.543463 ^ _376_/C (sky130_fd_sc_hd__nand4b_4)
     2    0.011744    0.070992    0.078026    1.621489 v _376_/Y (sky130_fd_sc_hd__nand4b_4)
                                                         _105_ (net)
                      0.070995    0.000910    1.622398 v _377_/A (sky130_fd_sc_hd__nor2_4)
     3    0.019882    0.108551    0.131110    1.753509 ^ _377_/Y (sky130_fd_sc_hd__nor2_4)
                                                         _106_ (net)
                      0.108572    0.001252    1.754761 ^ _410_/B (sky130_fd_sc_hd__nand4_4)
     3    0.019089    0.082652    0.090272    1.845033 v _410_/Y (sky130_fd_sc_hd__nand4_4)
                                                         _139_ (net)
                      0.082658    0.001404    1.846437 v _415_/C (sky130_fd_sc_hd__nand3_4)
     3    0.018156    0.072574    0.099348    1.945785 ^ _415_/Y (sky130_fd_sc_hd__nand3_4)
                                                         _144_ (net)
                      0.072589    0.001996    1.947781 ^ rebuffer131/A (sky130_fd_sc_hd__buf_4)
     1    0.009366    0.029123    0.084206    2.031987 ^ rebuffer131/X (sky130_fd_sc_hd__buf_4)
                                                         net131 (net)
                      0.029147    0.000757    2.032745 ^ _520_/B2 (sky130_fd_sc_hd__o221ai_4)
     4    0.024398    0.088290    0.069662    2.102407 v _520_/Y (sky130_fd_sc_hd__o221ai_4)
                                                         _241_ (net)
                      0.088341    0.001704    2.104111 v _529_/A2 (sky130_fd_sc_hd__a21o_2)
     2    0.007803    0.033736    0.169456    2.273566 v _529_/X (sky130_fd_sc_hd__a21o_2)
                                                         _250_ (net)
                      0.033766    0.000579    2.274146 v _538_/B (sky130_fd_sc_hd__nand3b_2)
     1    0.004849    0.054225    0.054005    2.328151 ^ _538_/Y (sky130_fd_sc_hd__nand3b_2)
                                                         _258_ (net)
                      0.054225    0.000240    2.328390 ^ _540_/A (sky130_fd_sc_hd__nand2_2)
     1    0.007593    0.032714    0.036351    2.364741 v _540_/Y (sky130_fd_sc_hd__nand2_2)
                                                         net83 (net)
                      0.032732    0.000618    2.365358 v output83/A (sky130_fd_sc_hd__buf_6)
     1    0.036366    0.033728    0.095499    2.460857 v output83/X (sky130_fd_sc_hd__buf_6)
                                                         S[25] (net)
                      0.034253    0.003427    2.464284 v S[25] (out)
                                              2.464284   data arrival time

                      0.000000    4.500000    4.500000   clock __VIRTUAL_CLK__ (rise edge)
                                  0.000000    4.500000   clock network delay (ideal)
                                 -0.250000    4.250000   clock uncertainty
                                  0.000000    4.250000   clock reconvergence pessimism
                                 -0.900000    3.350000   output external delay
                                              3.350000   data required time
---------------------------------------------------------------------------------------------
                                              3.350000   data required time
                                             -2.464284   data arrival time
---------------------------------------------------------------------------------------------
                                              0.885716   slack (MET)


Startpoint: sub (input port clocked by __VIRTUAL_CLK__)
Endpoint: S[15] (output port clocked by __VIRTUAL_CLK__)
Path Group: __VIRTUAL_CLK__
Path Type: max

Fanout         Cap        Slew       Delay        Time   Description
---------------------------------------------------------------------------------------------
                      0.000000    0.000000    0.000000   clock __VIRTUAL_CLK__ (rise edge)
                                  0.000000    0.000000   clock network delay (ideal)
                                  0.900000    0.900000 v input external delay
     1    0.007565    0.012413    0.007582    0.907582 v sub (in)
                                                         sub (net)
                      0.012429    0.000000    0.907582 v input65/A (sky130_fd_sc_hd__buf_8)
     4    0.029600    0.027525    0.082766    0.990348 v input65/X (sky130_fd_sc_hd__buf_8)
                                                         net65 (net)
                      0.027582    0.001158    0.991505 v fanout121/A (sky130_fd_sc_hd__buf_8)
     7    0.042326    0.035125    0.093852    1.085357 v fanout121/X (sky130_fd_sc_hd__buf_8)
                                                         net121 (net)
                      0.036500    0.005746    1.091103 v fanout112/A (sky130_fd_sc_hd__buf_6)
     5    0.035543    0.033066    0.097459    1.188562 v fanout112/X (sky130_fd_sc_hd__buf_6)
                                                         net112 (net)
                      0.033146    0.001334    1.189897 v load_slew113/A (sky130_fd_sc_hd__buf_6)
     6    0.038338    0.034584    0.097497    1.287394 v load_slew113/X (sky130_fd_sc_hd__buf_6)
                                                         net113 (net)
                      0.034658    0.001049    1.288443 v _369_/A (sky130_fd_sc_hd__nor2_2)
     3    0.021381    0.178418    0.169815    1.458257 ^ _369_/Y (sky130_fd_sc_hd__nor2_2)
                                                         _098_ (net)
                      0.178435    0.001486    1.459743 ^ _371_/A2 (sky130_fd_sc_hd__o21bai_4)
     4    0.030802    0.072900    0.077055    1.536798 v _371_/Y (sky130_fd_sc_hd__o21bai_4)
                                                         _100_ (net)
                      0.072968    0.001922    1.538720 v _376_/C (sky130_fd_sc_hd__nand4b_4)
     2    0.012970    0.073875    0.095869    1.634590 ^ _376_/Y (sky130_fd_sc_hd__nand4b_4)
                                                         _105_ (net)
                      0.073878    0.001003    1.635592 ^ _377_/A (sky130_fd_sc_hd__nor2_4)
     3    0.018894    0.051382    0.039221    1.674813 v _377_/Y (sky130_fd_sc_hd__nor2_4)
                                                         _106_ (net)
                      0.051415    0.001053    1.675866 v _420_/B (sky130_fd_sc_hd__nand3_2)
     2    0.015662    0.077780    0.089702    1.765569 ^ _420_/Y (sky130_fd_sc_hd__nand3_2)
                                                         _149_ (net)
                      0.077780    0.000566    1.766135 ^ _640_/C (sky130_fd_sc_hd__nand4_2)
     4    0.024749    0.128022    0.126694    1.892830 v _640_/Y (sky130_fd_sc_hd__nand4_2)
                                                         _341_ (net)
                      0.128061    0.001880    1.894710 v _646_/A1 (sky130_fd_sc_hd__a21o_2)
     2    0.007238    0.032764    0.167645    2.062355 v _646_/X (sky130_fd_sc_hd__a21o_2)
                                                         _345_ (net)
                      0.032786    0.000449    2.062804 v _648_/D (sky130_fd_sc_hd__and4_2)
     1    0.008748    0.039915    0.163985    2.226789 v _648_/X (sky130_fd_sc_hd__and4_2)
                                                         _346_ (net)
                      0.039928    0.000711    2.227500 v _650_/A (sky130_fd_sc_hd__nor2_4)
     1    0.003845    0.044700    0.068266    2.295766 ^ _650_/Y (sky130_fd_sc_hd__nor2_4)
                                                         net72 (net)
                      0.044701    0.000275    2.296041 ^ output72/A (sky130_fd_sc_hd__clkbuf_2)
     1    0.035043    0.147903    0.158819    2.454860 ^ output72/X (sky130_fd_sc_hd__clkbuf_2)
                                                         S[15] (net)
                      0.147934    0.001850    2.456710 ^ S[15] (out)
                                              2.456710   data arrival time

                      0.000000    4.500000    4.500000   clock __VIRTUAL_CLK__ (rise edge)
                                  0.000000    4.500000   clock network delay (ideal)
                                 -0.250000    4.250000   clock uncertainty
                                  0.000000    4.250000   clock reconvergence pessimism
                                 -0.900000    3.350000   output external delay
                                              3.350000   data required time
---------------------------------------------------------------------------------------------
                                              3.350000   data required time
                                             -2.456710   data arrival time
---------------------------------------------------------------------------------------------
                                              0.893290   slack (MET)


Startpoint: sub (input port clocked by __VIRTUAL_CLK__)
Endpoint: S[29] (output port clocked by __VIRTUAL_CLK__)
Path Group: __VIRTUAL_CLK__
Path Type: max

Fanout         Cap        Slew       Delay        Time   Description
---------------------------------------------------------------------------------------------
                      0.000000    0.000000    0.000000   clock __VIRTUAL_CLK__ (rise edge)
                                  0.000000    0.000000   clock network delay (ideal)
                                  0.900000    0.900000 ^ input external delay
     1    0.008232    0.032488    0.021980    0.921980 ^ sub (in)
                                                         sub (net)
                      0.032496    0.000000    0.921980 ^ input65/A (sky130_fd_sc_hd__buf_8)
     4    0.031145    0.045751    0.079848    1.001827 ^ input65/X (sky130_fd_sc_hd__buf_8)
                                                         net65 (net)
                      0.045799    0.001236    1.003064 ^ fanout121/A (sky130_fd_sc_hd__buf_8)
     7    0.044777    0.061588    0.093373    1.096437 ^ fanout121/X (sky130_fd_sc_hd__buf_8)
                                                         net121 (net)
                      0.062475    0.006165    1.102602 ^ fanout112/A (sky130_fd_sc_hd__buf_6)
     5    0.038671    0.063898    0.100576    1.203177 ^ fanout112/X (sky130_fd_sc_hd__buf_6)
                                                         net112 (net)
                      0.063943    0.001456    1.204633 ^ load_slew113/A (sky130_fd_sc_hd__buf_6)
     6    0.041448    0.067861    0.103813    1.308446 ^ load_slew113/X (sky130_fd_sc_hd__buf_6)
                                                         net113 (net)
                      0.067887    0.001137    1.309583 ^ _369_/A (sky130_fd_sc_hd__nor2_2)
     3    0.019058    0.066281    0.050815    1.360398 v _369_/Y (sky130_fd_sc_hd__nor2_2)
                                                         _098_ (net)
                      0.066316    0.001316    1.361715 v _371_/A2 (sky130_fd_sc_hd__o21bai_4)
     4    0.033195    0.183247    0.179669    1.541383 ^ _371_/Y (sky130_fd_sc_hd__o21bai_4)
                                                         _100_ (net)
                      0.183281    0.002080    1.543463 ^ _376_/C (sky130_fd_sc_hd__nand4b_4)
     2    0.011744    0.070992    0.078026    1.621489 v _376_/Y (sky130_fd_sc_hd__nand4b_4)
                                                         _105_ (net)
                      0.070995    0.000910    1.622398 v _377_/A (sky130_fd_sc_hd__nor2_4)
     3    0.019882    0.108551    0.131110    1.753509 ^ _377_/Y (sky130_fd_sc_hd__nor2_4)
                                                         _106_ (net)
                      0.108572    0.001252    1.754761 ^ _410_/B (sky130_fd_sc_hd__nand4_4)
     3    0.019089    0.082652    0.090272    1.845033 v _410_/Y (sky130_fd_sc_hd__nand4_4)
                                                         _139_ (net)
                      0.082658    0.001404    1.846437 v _415_/C (sky130_fd_sc_hd__nand3_4)
     3    0.018156    0.072574    0.099348    1.945785 ^ _415_/Y (sky130_fd_sc_hd__nand3_4)
                                                         _144_ (net)
                      0.072590    0.002111    1.947896 ^ rebuffer123/A (sky130_fd_sc_hd__buf_4)
     1    0.009858    0.030004    0.084980    2.032876 ^ rebuffer123/X (sky130_fd_sc_hd__buf_4)
                                                         net123 (net)
                      0.030031    0.000804    2.033680 ^ _574_/B2 (sky130_fd_sc_hd__o221ai_4)
     3    0.035673    0.111087    0.085583    2.119263 v _574_/Y (sky130_fd_sc_hd__o221ai_4)
                                                         _291_ (net)
                      0.111440    0.005056    2.124319 v _579_/A1 (sky130_fd_sc_hd__a21oi_4)
     2    0.007356    0.081554    0.120004    2.244323 ^ _579_/Y (sky130_fd_sc_hd__a21oi_4)
                                                         _296_ (net)
                      0.081555    0.000482    2.244806 ^ _589_/A2 (sky130_fd_sc_hd__o21ai_2)
     1    0.004583    0.043050    0.035257    2.280063 v _589_/Y (sky130_fd_sc_hd__o21ai_2)
                                                         _305_ (net)
                      0.043051    0.000360    2.280423 v _590_/B1 (sky130_fd_sc_hd__o21ai_2)
     1    0.007645    0.094414    0.053741    2.334164 ^ _590_/Y (sky130_fd_sc_hd__o21ai_2)
                                                         net87 (net)
                      0.094416    0.000654    2.334818 ^ output87/A (sky130_fd_sc_hd__buf_6)
     1    0.035986    0.060399    0.103044    2.437862 ^ output87/X (sky130_fd_sc_hd__buf_6)
                                                         S[29] (net)
                      0.060521    0.001984    2.439846 ^ S[29] (out)
                                              2.439846   data arrival time

                      0.000000    4.500000    4.500000   clock __VIRTUAL_CLK__ (rise edge)
                                  0.000000    4.500000   clock network delay (ideal)
                                 -0.250000    4.250000   clock uncertainty
                                  0.000000    4.250000   clock reconvergence pessimism
                                 -0.900000    3.350000   output external delay
                                              3.350000   data required time
---------------------------------------------------------------------------------------------
                                              3.350000   data required time
                                             -2.439846   data arrival time
---------------------------------------------------------------------------------------------
                                              0.910154   slack (MET)


Startpoint: sub (input port clocked by __VIRTUAL_CLK__)
Endpoint: S[27] (output port clocked by __VIRTUAL_CLK__)
Path Group: __VIRTUAL_CLK__
Path Type: max

Fanout         Cap        Slew       Delay        Time   Description
---------------------------------------------------------------------------------------------
                      0.000000    0.000000    0.000000   clock __VIRTUAL_CLK__ (rise edge)
                                  0.000000    0.000000   clock network delay (ideal)
                                  0.900000    0.900000 ^ input external delay
     1    0.008232    0.032488    0.021980    0.921980 ^ sub (in)
                                                         sub (net)
                      0.032496    0.000000    0.921980 ^ input65/A (sky130_fd_sc_hd__buf_8)
     4    0.031145    0.045751    0.079848    1.001827 ^ input65/X (sky130_fd_sc_hd__buf_8)
                                                         net65 (net)
                      0.045799    0.001236    1.003064 ^ fanout121/A (sky130_fd_sc_hd__buf_8)
     7    0.044777    0.061588    0.093373    1.096437 ^ fanout121/X (sky130_fd_sc_hd__buf_8)
                                                         net121 (net)
                      0.062475    0.006165    1.102602 ^ fanout112/A (sky130_fd_sc_hd__buf_6)
     5    0.038671    0.063898    0.100576    1.203177 ^ fanout112/X (sky130_fd_sc_hd__buf_6)
                                                         net112 (net)
                      0.063943    0.001456    1.204633 ^ load_slew113/A (sky130_fd_sc_hd__buf_6)
     6    0.041448    0.067861    0.103813    1.308446 ^ load_slew113/X (sky130_fd_sc_hd__buf_6)
                                                         net113 (net)
                      0.067887    0.001137    1.309583 ^ _369_/A (sky130_fd_sc_hd__nor2_2)
     3    0.019058    0.066281    0.050815    1.360398 v _369_/Y (sky130_fd_sc_hd__nor2_2)
                                                         _098_ (net)
                      0.066316    0.001316    1.361715 v _371_/A2 (sky130_fd_sc_hd__o21bai_4)
     4    0.033195    0.183247    0.179669    1.541383 ^ _371_/Y (sky130_fd_sc_hd__o21bai_4)
                                                         _100_ (net)
                      0.183281    0.002080    1.543463 ^ _376_/C (sky130_fd_sc_hd__nand4b_4)
     2    0.011744    0.070992    0.078026    1.621489 v _376_/Y (sky130_fd_sc_hd__nand4b_4)
                                                         _105_ (net)
                      0.070995    0.000910    1.622398 v _377_/A (sky130_fd_sc_hd__nor2_4)
     3    0.019882    0.108551    0.131110    1.753509 ^ _377_/Y (sky130_fd_sc_hd__nor2_4)
                                                         _106_ (net)
                      0.108572    0.001252    1.754761 ^ _410_/B (sky130_fd_sc_hd__nand4_4)
     3    0.019089    0.082652    0.090272    1.845033 v _410_/Y (sky130_fd_sc_hd__nand4_4)
                                                         _139_ (net)
                      0.082658    0.001404    1.846437 v _415_/C (sky130_fd_sc_hd__nand3_4)
     3    0.018156    0.072574    0.099348    1.945785 ^ _415_/Y (sky130_fd_sc_hd__nand3_4)
                                                         _144_ (net)
                      0.072589    0.001996    1.947781 ^ rebuffer131/A (sky130_fd_sc_hd__buf_4)
     1    0.009366    0.029123    0.084206    2.031987 ^ rebuffer131/X (sky130_fd_sc_hd__buf_4)
                                                         net131 (net)
                      0.029147    0.000757    2.032745 ^ _520_/B2 (sky130_fd_sc_hd__o221ai_4)
     4    0.024398    0.088290    0.069662    2.102407 v _520_/Y (sky130_fd_sc_hd__o221ai_4)
                                                         _241_ (net)
                      0.088341    0.001707    2.104114 v _559_/A1 (sky130_fd_sc_hd__a21oi_4)
     2    0.010976    0.097472    0.124871    2.228985 ^ _559_/Y (sky130_fd_sc_hd__a21oi_4)
                                                         _277_ (net)
                      0.097473    0.000613    2.229598 ^ _562_/A1 (sky130_fd_sc_hd__o21bai_2)
     1    0.004884    0.035366    0.051526    2.281124 v _562_/Y (sky130_fd_sc_hd__o21bai_2)
                                                         _280_ (net)
                      0.035367    0.000383    2.281507 v _564_/B1 (sky130_fd_sc_hd__o21ai_2)
     1    0.005848    0.082087    0.045288    2.326795 ^ _564_/Y (sky130_fd_sc_hd__o21ai_2)
                                                         net85 (net)
                      0.082087    0.000291    2.327086 ^ output85/A (sky130_fd_sc_hd__buf_6)
     1    0.034883    0.058720    0.100047    2.427133 ^ output85/X (sky130_fd_sc_hd__buf_6)
                                                         S[27] (net)
                      0.058823    0.001764    2.428896 ^ S[27] (out)
                                              2.428896   data arrival time

                      0.000000    4.500000    4.500000   clock __VIRTUAL_CLK__ (rise edge)
                                  0.000000    4.500000   clock network delay (ideal)
                                 -0.250000    4.250000   clock uncertainty
                                  0.000000    4.250000   clock reconvergence pessimism
                                 -0.900000    3.350000   output external delay
                                              3.350000   data required time
---------------------------------------------------------------------------------------------
                                              3.350000   data required time
                                             -2.428896   data arrival time
---------------------------------------------------------------------------------------------
                                              0.921103   slack (MET)


Startpoint: sub (input port clocked by __VIRTUAL_CLK__)
Endpoint: S[17] (output port clocked by __VIRTUAL_CLK__)
Path Group: __VIRTUAL_CLK__
Path Type: max

Fanout         Cap        Slew       Delay        Time   Description
---------------------------------------------------------------------------------------------
                      0.000000    0.000000    0.000000   clock __VIRTUAL_CLK__ (rise edge)
                                  0.000000    0.000000   clock network delay (ideal)
                                  0.900000    0.900000 ^ input external delay
     1    0.008232    0.032488    0.021980    0.921980 ^ sub (in)
                                                         sub (net)
                      0.032496    0.000000    0.921980 ^ input65/A (sky130_fd_sc_hd__buf_8)
     4    0.031145    0.045751    0.079848    1.001827 ^ input65/X (sky130_fd_sc_hd__buf_8)
                                                         net65 (net)
                      0.045799    0.001236    1.003064 ^ fanout121/A (sky130_fd_sc_hd__buf_8)
     7    0.044777    0.061588    0.093373    1.096437 ^ fanout121/X (sky130_fd_sc_hd__buf_8)
                                                         net121 (net)
                      0.062475    0.006165    1.102602 ^ fanout112/A (sky130_fd_sc_hd__buf_6)
     5    0.038671    0.063898    0.100576    1.203177 ^ fanout112/X (sky130_fd_sc_hd__buf_6)
                                                         net112 (net)
                      0.063943    0.001456    1.204633 ^ load_slew113/A (sky130_fd_sc_hd__buf_6)
     6    0.041448    0.067861    0.103813    1.308446 ^ load_slew113/X (sky130_fd_sc_hd__buf_6)
                                                         net113 (net)
                      0.067887    0.001137    1.309583 ^ _369_/A (sky130_fd_sc_hd__nor2_2)
     3    0.019058    0.066281    0.050815    1.360398 v _369_/Y (sky130_fd_sc_hd__nor2_2)
                                                         _098_ (net)
                      0.066316    0.001316    1.361715 v _371_/A2 (sky130_fd_sc_hd__o21bai_4)
     4    0.033195    0.183247    0.179669    1.541383 ^ _371_/Y (sky130_fd_sc_hd__o21bai_4)
                                                         _100_ (net)
                      0.183281    0.002080    1.543463 ^ _376_/C (sky130_fd_sc_hd__nand4b_4)
     2    0.011744    0.070992    0.078026    1.621489 v _376_/Y (sky130_fd_sc_hd__nand4b_4)
                                                         _105_ (net)
                      0.070995    0.000910    1.622398 v _377_/A (sky130_fd_sc_hd__nor2_4)
     3    0.019882    0.108551    0.131110    1.753509 ^ _377_/Y (sky130_fd_sc_hd__nor2_4)
                                                         _106_ (net)
                      0.108572    0.001252    1.754761 ^ _410_/B (sky130_fd_sc_hd__nand4_4)
     3    0.019089    0.082652    0.090272    1.845033 v _410_/Y (sky130_fd_sc_hd__nand4_4)
                                                         _139_ (net)
                      0.082658    0.001404    1.846437 v _415_/C (sky130_fd_sc_hd__nand3_4)
     3    0.018156    0.072574    0.099348    1.945785 ^ _415_/Y (sky130_fd_sc_hd__nand3_4)
                                                         _144_ (net)
                      0.072585    0.001770    1.947556 ^ _424_/B1 (sky130_fd_sc_hd__o22ai_4)
     4    0.030123    0.082785    0.062848    2.010403 v _424_/Y (sky130_fd_sc_hd__o22ai_4)
                                                         _153_ (net)
                      0.082827    0.001580    2.011983 v _432_/A2 (sky130_fd_sc_hd__a21bo_2)
     1    0.007930    0.034388    0.169445    2.181428 v _432_/X (sky130_fd_sc_hd__a21bo_2)
                                                         _160_ (net)
                      0.034414    0.000450    2.181878 v _433_/B (sky130_fd_sc_hd__xor2_2)
     1    0.011341    0.135038    0.132073    2.313951 ^ _433_/X (sky130_fd_sc_hd__xor2_2)
                                                         net74 (net)
                      0.135082    0.001183    2.315134 ^ output74/A (sky130_fd_sc_hd__buf_6)
     1    0.034789    0.059178    0.106920    2.422054 ^ output74/X (sky130_fd_sc_hd__buf_6)
                                                         S[17] (net)
                      0.059283    0.001767    2.423822 ^ S[17] (out)
                                              2.423822   data arrival time

                      0.000000    4.500000    4.500000   clock __VIRTUAL_CLK__ (rise edge)
                                  0.000000    4.500000   clock network delay (ideal)
                                 -0.250000    4.250000   clock uncertainty
                                  0.000000    4.250000   clock reconvergence pessimism
                                 -0.900000    3.350000   output external delay
                                              3.350000   data required time
---------------------------------------------------------------------------------------------
                                              3.350000   data required time
                                             -2.423822   data arrival time
---------------------------------------------------------------------------------------------
                                              0.926178   slack (MET)


Startpoint: sub (input port clocked by __VIRTUAL_CLK__)
Endpoint: S[14] (output port clocked by __VIRTUAL_CLK__)
Path Group: __VIRTUAL_CLK__
Path Type: max

Fanout         Cap        Slew       Delay        Time   Description
---------------------------------------------------------------------------------------------
                      0.000000    0.000000    0.000000   clock __VIRTUAL_CLK__ (rise edge)
                                  0.000000    0.000000   clock network delay (ideal)
                                  0.900000    0.900000 v input external delay
     1    0.007565    0.012413    0.007582    0.907582 v sub (in)
                                                         sub (net)
                      0.012429    0.000000    0.907582 v input65/A (sky130_fd_sc_hd__buf_8)
     4    0.029600    0.027525    0.082766    0.990348 v input65/X (sky130_fd_sc_hd__buf_8)
                                                         net65 (net)
                      0.027682    0.001589    0.991937 v fanout108/A (sky130_fd_sc_hd__buf_6)
     3    0.018703    0.024606    0.083362    1.075299 v fanout108/X (sky130_fd_sc_hd__buf_6)
                                                         net108 (net)
                      0.024686    0.001290    1.076588 v fanout105/A (sky130_fd_sc_hd__buf_8)
     3    0.018086    0.022304    0.081127    1.157715 v fanout105/X (sky130_fd_sc_hd__buf_8)
                                                         net105 (net)
                      0.022379    0.001227    1.158942 v fanout103/A (sky130_fd_sc_hd__buf_6)
     3    0.013383    0.020888    0.077180    1.236122 v fanout103/X (sky130_fd_sc_hd__buf_6)
                                                         net103 (net)
                      0.020955    0.000985    1.237107 v load_slew104/A (sky130_fd_sc_hd__buf_8)
     8    0.051007    0.036467    0.096189    1.333297 v load_slew104/X (sky130_fd_sc_hd__buf_8)
                                                         net104 (net)
                      0.036923    0.003143    1.336440 v _399_/A (sky130_fd_sc_hd__and2_4)
     3    0.023624    0.038686    0.113946    1.450386 v _399_/X (sky130_fd_sc_hd__and2_4)
                                                         _128_ (net)
                      0.038723    0.000907    1.451293 v _403_/A2 (sky130_fd_sc_hd__o21bai_4)
     3    0.016201    0.115151    0.114523    1.565816 ^ _403_/Y (sky130_fd_sc_hd__o21bai_4)
                                                         _132_ (net)
                      0.115154    0.001082    1.566898 ^ _418_/B (sky130_fd_sc_hd__nand2_2)
     1    0.009777    0.044511    0.052672    1.619571 v _418_/Y (sky130_fd_sc_hd__nand2_2)
                                                         _147_ (net)
                      0.044531    0.000796    1.620366 v _419_/B1 (sky130_fd_sc_hd__o22ai_4)
     3    0.019856    0.145125    0.140230    1.760596 ^ _419_/Y (sky130_fd_sc_hd__o22ai_4)
                                                         _148_ (net)
                      0.145127    0.001084    1.761680 ^ _420_/A (sky130_fd_sc_hd__nand3_2)
     2    0.014815    0.080197    0.084435    1.846115 v _420_/Y (sky130_fd_sc_hd__nand3_2)
                                                         _149_ (net)
                      0.080229    0.000533    1.846648 v _640_/C (sky130_fd_sc_hd__nand4_2)
     4    0.026153    0.137842    0.152649    1.999297 ^ _640_/Y (sky130_fd_sc_hd__nand4_2)
                                                         _341_ (net)
                      0.137878    0.001831    2.001128 ^ _641_/A (sky130_fd_sc_hd__nand2_2)
     1    0.004596    0.039052    0.032335    2.033463 v _641_/Y (sky130_fd_sc_hd__nand2_2)
                                                         _342_ (net)
                      0.039052    0.000232    2.033695 v _645_/A2 (sky130_fd_sc_hd__o211ai_2)
     1    0.009125    0.128459    0.130693    2.164388 ^ _645_/Y (sky130_fd_sc_hd__o211ai_2)
                                                         _344_ (net)
                      0.128459    0.000532    2.164920 ^ _647_/B (sky130_fd_sc_hd__xor2_2)
     1    0.002600    0.067179    0.084387    2.249307 ^ _647_/X (sky130_fd_sc_hd__xor2_2)
                                                         net71 (net)
                      0.067179    0.000195    2.249502 ^ output71/A (sky130_fd_sc_hd__clkbuf_4)
     1    0.036417    0.088715    0.145347    2.394849 ^ output71/X (sky130_fd_sc_hd__clkbuf_4)
                                                         S[14] (net)
                      0.088821    0.002115    2.396964 ^ S[14] (out)
                                              2.396964   data arrival time

                      0.000000    4.500000    4.500000   clock __VIRTUAL_CLK__ (rise edge)
                                  0.000000    4.500000   clock network delay (ideal)
                                 -0.250000    4.250000   clock uncertainty
                                  0.000000    4.250000   clock reconvergence pessimism
                                 -0.900000    3.350000   output external delay
                                              3.350000   data required time
---------------------------------------------------------------------------------------------
                                              3.350000   data required time
                                             -2.396964   data arrival time
---------------------------------------------------------------------------------------------
                                              0.953036   slack (MET)


Startpoint: sub (input port clocked by __VIRTUAL_CLK__)
Endpoint: S[18] (output port clocked by __VIRTUAL_CLK__)
Path Group: __VIRTUAL_CLK__
Path Type: max

Fanout         Cap        Slew       Delay        Time   Description
---------------------------------------------------------------------------------------------
                      0.000000    0.000000    0.000000   clock __VIRTUAL_CLK__ (rise edge)
                                  0.000000    0.000000   clock network delay (ideal)
                                  0.900000    0.900000 v input external delay
     1    0.007565    0.012413    0.007582    0.907582 v sub (in)
                                                         sub (net)
                      0.012429    0.000000    0.907582 v input65/A (sky130_fd_sc_hd__buf_8)
     4    0.029600    0.027525    0.082766    0.990348 v input65/X (sky130_fd_sc_hd__buf_8)
                                                         net65 (net)
                      0.027582    0.001158    0.991505 v fanout121/A (sky130_fd_sc_hd__buf_8)
     7    0.042326    0.035125    0.093852    1.085357 v fanout121/X (sky130_fd_sc_hd__buf_8)
                                                         net121 (net)
                      0.036069    0.004782    1.090140 v fanout114/A (sky130_fd_sc_hd__buf_4)
     4    0.018983    0.031718    0.105970    1.196109 v fanout114/X (sky130_fd_sc_hd__buf_4)
                                                         net114 (net)
                      0.031776    0.001240    1.197349 v load_slew115/A (sky130_fd_sc_hd__buf_6)
     7    0.036209    0.033460    0.095618    1.292967 v load_slew115/X (sky130_fd_sc_hd__buf_6)
                                                         net115 (net)
                      0.033786    0.002575    1.295542 v _694_/A (sky130_fd_sc_hd__nor2_2)
     2    0.013110    0.118583    0.124207    1.419749 ^ _694_/Y (sky130_fd_sc_hd__nor2_2)
                                                         _041_ (net)
                      0.118587    0.000535    1.420284 ^ _696_/A1 (sky130_fd_sc_hd__o21ba_2)
     1    0.005234    0.034283    0.107598    1.527882 ^ _696_/X (sky130_fd_sc_hd__o21ba_2)
                                                         _043_ (net)
                      0.034284    0.000259    1.528141 ^ _412_/A2 (sky130_fd_sc_hd__o21ai_2)
     2    0.014688    0.066807    0.050290    1.578431 v _412_/Y (sky130_fd_sc_hd__o21ai_2)
                                                         _141_ (net)
                      0.066835    0.001140    1.579571 v _414_/A1 (sky130_fd_sc_hd__a21oi_4)
     3    0.020264    0.138802    0.150516    1.730087 ^ _414_/Y (sky130_fd_sc_hd__a21oi_4)
                                                         _143_ (net)
                      0.138832    0.001619    1.731706 ^ rebuffer130/A (sky130_fd_sc_hd__buf_2)
     1    0.006103    0.031974    0.096095    1.827801 ^ rebuffer130/X (sky130_fd_sc_hd__buf_2)
                                                         net130 (net)
                      0.031981    0.000455    1.828255 ^ _423_/D (sky130_fd_sc_hd__nand4_2)
     3    0.021690    0.117048    0.113375    1.941630 v _423_/Y (sky130_fd_sc_hd__nand4_2)
                                                         _152_ (net)
                      0.117113    0.002278    1.943907 v _444_/A2 (sky130_fd_sc_hd__a31oi_4)
     1    0.008658    0.112011    0.156564    2.100471 ^ _444_/Y (sky130_fd_sc_hd__a31oi_4)
                                                         _171_ (net)
                      0.112011    0.000493    2.100965 ^ _445_/B (sky130_fd_sc_hd__xor2_2)
     1    0.010077    0.125188    0.129767    2.230731 ^ _445_/X (sky130_fd_sc_hd__xor2_2)
                                                         net75 (net)
                      0.125222    0.001233    2.231965 ^ output75/A (sky130_fd_sc_hd__clkbuf_4)
     1    0.034838    0.085633    0.159974    2.391939 ^ output75/X (sky130_fd_sc_hd__clkbuf_4)
                                                         S[18] (net)
                      0.085673    0.001822    2.393761 ^ S[18] (out)
                                              2.393761   data arrival time

                      0.000000    4.500000    4.500000   clock __VIRTUAL_CLK__ (rise edge)
                                  0.000000    4.500000   clock network delay (ideal)
                                 -0.250000    4.250000   clock uncertainty
                                  0.000000    4.250000   clock reconvergence pessimism
                                 -0.900000    3.350000   output external delay
                                              3.350000   data required time
---------------------------------------------------------------------------------------------
                                              3.350000   data required time
                                             -2.393761   data arrival time
---------------------------------------------------------------------------------------------
                                              0.956239   slack (MET)


Startpoint: sub (input port clocked by __VIRTUAL_CLK__)
Endpoint: S[12] (output port clocked by __VIRTUAL_CLK__)
Path Group: __VIRTUAL_CLK__
Path Type: max

Fanout         Cap        Slew       Delay        Time   Description
---------------------------------------------------------------------------------------------
                      0.000000    0.000000    0.000000   clock __VIRTUAL_CLK__ (rise edge)
                                  0.000000    0.000000   clock network delay (ideal)
                                  0.900000    0.900000 v input external delay
     1    0.007565    0.012413    0.007582    0.907582 v sub (in)
                                                         sub (net)
                      0.012429    0.000000    0.907582 v input65/A (sky130_fd_sc_hd__buf_8)
     4    0.029600    0.027525    0.082766    0.990348 v input65/X (sky130_fd_sc_hd__buf_8)
                                                         net65 (net)
                      0.027682    0.001589    0.991937 v fanout108/A (sky130_fd_sc_hd__buf_6)
     3    0.018703    0.024606    0.083362    1.075299 v fanout108/X (sky130_fd_sc_hd__buf_6)
                                                         net108 (net)
                      0.024686    0.001290    1.076588 v fanout105/A (sky130_fd_sc_hd__buf_8)
     3    0.018086    0.022304    0.081127    1.157715 v fanout105/X (sky130_fd_sc_hd__buf_8)
                                                         net105 (net)
                      0.022379    0.001227    1.158942 v fanout103/A (sky130_fd_sc_hd__buf_6)
     3    0.013383    0.020888    0.077180    1.236122 v fanout103/X (sky130_fd_sc_hd__buf_6)
                                                         net103 (net)
                      0.020955    0.000985    1.237107 v load_slew104/A (sky130_fd_sc_hd__buf_8)
     8    0.051007    0.036467    0.096189    1.333297 v load_slew104/X (sky130_fd_sc_hd__buf_8)
                                                         net104 (net)
                      0.036923    0.003143    1.336440 v _399_/A (sky130_fd_sc_hd__and2_4)
     3    0.023624    0.038686    0.113946    1.450386 v _399_/X (sky130_fd_sc_hd__and2_4)
                                                         _128_ (net)
                      0.038723    0.000907    1.451293 v _403_/A2 (sky130_fd_sc_hd__o21bai_4)
     3    0.016201    0.115151    0.114523    1.565816 ^ _403_/Y (sky130_fd_sc_hd__o21bai_4)
                                                         _132_ (net)
                      0.115154    0.001082    1.566898 ^ _418_/B (sky130_fd_sc_hd__nand2_2)
     1    0.009777    0.044511    0.052672    1.619571 v _418_/Y (sky130_fd_sc_hd__nand2_2)
                                                         _147_ (net)
                      0.044531    0.000796    1.620366 v _419_/B1 (sky130_fd_sc_hd__o22ai_4)
     3    0.019856    0.145125    0.140230    1.760596 ^ _419_/Y (sky130_fd_sc_hd__o22ai_4)
                                                         _148_ (net)
                      0.145127    0.001084    1.761680 ^ _420_/A (sky130_fd_sc_hd__nand3_2)
     2    0.014815    0.080197    0.084435    1.846115 v _420_/Y (sky130_fd_sc_hd__nand3_2)
                                                         _149_ (net)
                      0.080229    0.000533    1.846648 v _640_/C (sky130_fd_sc_hd__nand4_2)
     4    0.026153    0.137842    0.152649    1.999297 ^ _640_/Y (sky130_fd_sc_hd__nand4_2)
                                                         _341_ (net)
                      0.137871    0.001666    2.000963 ^ _642_/B (sky130_fd_sc_hd__xor2_2)
     1    0.003093    0.071322    0.087039    2.088003 ^ _642_/X (sky130_fd_sc_hd__xor2_2)
                                                         net69 (net)
                      0.071322    0.000206    2.088209 ^ output69/A (sky130_fd_sc_hd__dlymetal6s4s_1)
     1    0.035478    0.275961    0.301618    2.389827 ^ output69/X (sky130_fd_sc_hd__dlymetal6s4s_1)
                                                         S[12] (net)
                      0.275979    0.001944    2.391771 ^ S[12] (out)
                                              2.391771   data arrival time

                      0.000000    4.500000    4.500000   clock __VIRTUAL_CLK__ (rise edge)
                                  0.000000    4.500000   clock network delay (ideal)
                                 -0.250000    4.250000   clock uncertainty
                                  0.000000    4.250000   clock reconvergence pessimism
                                 -0.900000    3.350000   output external delay
                                              3.350000   data required time
---------------------------------------------------------------------------------------------
                                              3.350000   data required time
                                             -2.391771   data arrival time
---------------------------------------------------------------------------------------------
                                              0.958229   slack (MET)


Startpoint: sub (input port clocked by __VIRTUAL_CLK__)
Endpoint: S[7] (output port clocked by __VIRTUAL_CLK__)
Path Group: __VIRTUAL_CLK__
Path Type: max

Fanout         Cap        Slew       Delay        Time   Description
---------------------------------------------------------------------------------------------
                      0.000000    0.000000    0.000000   clock __VIRTUAL_CLK__ (rise edge)
                                  0.000000    0.000000   clock network delay (ideal)
                                  0.900000    0.900000 v input external delay
     1    0.007565    0.012413    0.007582    0.907582 v sub (in)
                                                         sub (net)
                      0.012429    0.000000    0.907582 v input65/A (sky130_fd_sc_hd__buf_8)
     4    0.029600    0.027525    0.082766    0.990348 v input65/X (sky130_fd_sc_hd__buf_8)
                                                         net65 (net)
                      0.027682    0.001589    0.991937 v fanout108/A (sky130_fd_sc_hd__buf_6)
     3    0.018703    0.024606    0.083362    1.075299 v fanout108/X (sky130_fd_sc_hd__buf_6)
                                                         net108 (net)
                      0.024686    0.001290    1.076588 v fanout105/A (sky130_fd_sc_hd__buf_8)
     3    0.018086    0.022304    0.081127    1.157715 v fanout105/X (sky130_fd_sc_hd__buf_8)
                                                         net105 (net)
                      0.022379    0.001227    1.158942 v fanout103/A (sky130_fd_sc_hd__buf_6)
     3    0.013383    0.020888    0.077180    1.236122 v fanout103/X (sky130_fd_sc_hd__buf_6)
                                                         net103 (net)
                      0.020955    0.000985    1.237107 v load_slew104/A (sky130_fd_sc_hd__buf_8)
     8    0.051007    0.036467    0.096189    1.333297 v load_slew104/X (sky130_fd_sc_hd__buf_8)
                                                         net104 (net)
                      0.036923    0.003143    1.336440 v _399_/A (sky130_fd_sc_hd__and2_4)
     3    0.023624    0.038686    0.113946    1.450386 v _399_/X (sky130_fd_sc_hd__and2_4)
                                                         _128_ (net)
                      0.038723    0.000907    1.451293 v _403_/A2 (sky130_fd_sc_hd__o21bai_4)
     3    0.016201    0.115151    0.114523    1.565816 ^ _403_/Y (sky130_fd_sc_hd__o21bai_4)
                                                         _132_ (net)
                      0.115154    0.001082    1.566898 ^ _418_/B (sky130_fd_sc_hd__nand2_2)
     1    0.009777    0.044511    0.052672    1.619571 v _418_/Y (sky130_fd_sc_hd__nand2_2)
                                                         _147_ (net)
                      0.044531    0.000796    1.620366 v _419_/B1 (sky130_fd_sc_hd__o22ai_4)
     3    0.019856    0.145125    0.140230    1.760596 ^ _419_/Y (sky130_fd_sc_hd__o22ai_4)
                                                         _148_ (net)
                      0.145128    0.001426    1.762022 ^ _624_/B1 (sky130_fd_sc_hd__a21oi_2)
     3    0.019073    0.067875    0.054369    1.816391 v _624_/Y (sky130_fd_sc_hd__a21oi_2)
                                                         _333_ (net)
                      0.067901    0.001117    1.817508 v _626_/B2 (sky130_fd_sc_hd__o22a_4)
     3    0.018610    0.041560    0.146893    1.964401 v _626_/X (sky130_fd_sc_hd__o22a_4)
                                                         _334_ (net)
                      0.041589    0.001241    1.965642 v _630_/B2 (sky130_fd_sc_hd__o2bb2a_2)
     1    0.008407    0.041250    0.169883    2.135525 v _630_/X (sky130_fd_sc_hd__o2bb2a_2)
                                                         _336_ (net)
                      0.041251    0.000237    2.135762 v _631_/B (sky130_fd_sc_hd__xor2_2)
     1    0.003135    0.071474    0.083429    2.219192 ^ _631_/X (sky130_fd_sc_hd__xor2_2)
                                                         net95 (net)
                      0.071474    0.000207    2.219398 ^ output95/A (sky130_fd_sc_hd__buf_2)
     1    0.036456    0.136058    0.160095    2.379493 ^ output95/X (sky130_fd_sc_hd__buf_2)
                                                         S[7] (net)
                      0.136110    0.002297    2.381791 ^ S[7] (out)
                                              2.381791   data arrival time

                      0.000000    4.500000    4.500000   clock __VIRTUAL_CLK__ (rise edge)
                                  0.000000    4.500000   clock network delay (ideal)
                                 -0.250000    4.250000   clock uncertainty
                                  0.000000    4.250000   clock reconvergence pessimism
                                 -0.900000    3.350000   output external delay
                                              3.350000   data required time
---------------------------------------------------------------------------------------------
                                              3.350000   data required time
                                             -2.381791   data arrival time
---------------------------------------------------------------------------------------------
                                              0.968209   slack (MET)


Startpoint: sub (input port clocked by __VIRTUAL_CLK__)
Endpoint: S[19] (output port clocked by __VIRTUAL_CLK__)
Path Group: __VIRTUAL_CLK__
Path Type: max

Fanout         Cap        Slew       Delay        Time   Description
---------------------------------------------------------------------------------------------
                      0.000000    0.000000    0.000000   clock __VIRTUAL_CLK__ (rise edge)
                                  0.000000    0.000000   clock network delay (ideal)
                                  0.900000    0.900000 ^ input external delay
     1    0.008232    0.032488    0.021980    0.921980 ^ sub (in)
                                                         sub (net)
                      0.032496    0.000000    0.921980 ^ input65/A (sky130_fd_sc_hd__buf_8)
     4    0.031145    0.045751    0.079848    1.001827 ^ input65/X (sky130_fd_sc_hd__buf_8)
                                                         net65 (net)
                      0.045799    0.001236    1.003064 ^ fanout121/A (sky130_fd_sc_hd__buf_8)
     7    0.044777    0.061588    0.093373    1.096437 ^ fanout121/X (sky130_fd_sc_hd__buf_8)
                                                         net121 (net)
                      0.062475    0.006165    1.102602 ^ fanout112/A (sky130_fd_sc_hd__buf_6)
     5    0.038671    0.063898    0.100576    1.203177 ^ fanout112/X (sky130_fd_sc_hd__buf_6)
                                                         net112 (net)
                      0.063943    0.001456    1.204633 ^ load_slew113/A (sky130_fd_sc_hd__buf_6)
     6    0.041448    0.067861    0.103813    1.308446 ^ load_slew113/X (sky130_fd_sc_hd__buf_6)
                                                         net113 (net)
                      0.067887    0.001137    1.309583 ^ _369_/A (sky130_fd_sc_hd__nor2_2)
     3    0.019058    0.066281    0.050815    1.360398 v _369_/Y (sky130_fd_sc_hd__nor2_2)
                                                         _098_ (net)
                      0.066316    0.001316    1.361715 v _371_/A2 (sky130_fd_sc_hd__o21bai_4)
     4    0.033195    0.183247    0.179669    1.541383 ^ _371_/Y (sky130_fd_sc_hd__o21bai_4)
                                                         _100_ (net)
                      0.183281    0.002080    1.543463 ^ _376_/C (sky130_fd_sc_hd__nand4b_4)
     2    0.011744    0.070992    0.078026    1.621489 v _376_/Y (sky130_fd_sc_hd__nand4b_4)
                                                         _105_ (net)
                      0.070995    0.000910    1.622398 v _377_/A (sky130_fd_sc_hd__nor2_4)
     3    0.019882    0.108551    0.131110    1.753509 ^ _377_/Y (sky130_fd_sc_hd__nor2_4)
                                                         _106_ (net)
                      0.108572    0.001252    1.754761 ^ _410_/B (sky130_fd_sc_hd__nand4_4)
     3    0.019089    0.082652    0.090272    1.845033 v _410_/Y (sky130_fd_sc_hd__nand4_4)
                                                         _139_ (net)
                      0.082657    0.001236    1.846269 v _423_/C (sky130_fd_sc_hd__nand4_2)
     3    0.023094    0.125712    0.144152    1.990421 ^ _423_/Y (sky130_fd_sc_hd__nand4_2)
                                                         _152_ (net)
                      0.125751    0.001811    1.992232 ^ _447_/D (sky130_fd_sc_hd__nand4b_2)
     2    0.009669    0.069523    0.088674    2.080906 v _447_/Y (sky130_fd_sc_hd__nand4b_2)
                                                         _173_ (net)
                      0.069545    0.000618    2.081523 v _455_/B1 (sky130_fd_sc_hd__a22o_2)
     1    0.005069    0.028782    0.119797    2.201320 v _455_/X (sky130_fd_sc_hd__a22o_2)
                                                         _181_ (net)
                      0.028782    0.000388    2.201709 v _457_/A (sky130_fd_sc_hd__nand2_2)
     1    0.004976    0.036656    0.039059    2.240768 ^ _457_/Y (sky130_fd_sc_hd__nand2_2)
                                                         net76 (net)
                      0.036657    0.000397    2.241165 ^ output76/A (sky130_fd_sc_hd__clkbuf_4)
     1    0.036953    0.090144    0.136603    2.377768 ^ output76/X (sky130_fd_sc_hd__clkbuf_4)
                                                         S[19] (net)
                      0.090247    0.002598    2.380366 ^ S[19] (out)
                                              2.380366   data arrival time

                      0.000000    4.500000    4.500000   clock __VIRTUAL_CLK__ (rise edge)
                                  0.000000    4.500000   clock network delay (ideal)
                                 -0.250000    4.250000   clock uncertainty
                                  0.000000    4.250000   clock reconvergence pessimism
                                 -0.900000    3.350000   output external delay
                                              3.350000   data required time
---------------------------------------------------------------------------------------------
                                              3.350000   data required time
                                             -2.380366   data arrival time
---------------------------------------------------------------------------------------------
                                              0.969634   slack (MET)


Startpoint: sub (input port clocked by __VIRTUAL_CLK__)
Endpoint: S[9] (output port clocked by __VIRTUAL_CLK__)
Path Group: __VIRTUAL_CLK__
Path Type: max

Fanout         Cap        Slew       Delay        Time   Description
---------------------------------------------------------------------------------------------
                      0.000000    0.000000    0.000000   clock __VIRTUAL_CLK__ (rise edge)
                                  0.000000    0.000000   clock network delay (ideal)
                                  0.900000    0.900000 v input external delay
     1    0.007565    0.012413    0.007582    0.907582 v sub (in)
                                                         sub (net)
                      0.012429    0.000000    0.907582 v input65/A (sky130_fd_sc_hd__buf_8)
     4    0.029600    0.027525    0.082766    0.990348 v input65/X (sky130_fd_sc_hd__buf_8)
                                                         net65 (net)
                      0.027682    0.001589    0.991937 v fanout108/A (sky130_fd_sc_hd__buf_6)
     3    0.018703    0.024606    0.083362    1.075299 v fanout108/X (sky130_fd_sc_hd__buf_6)
                                                         net108 (net)
                      0.024686    0.001290    1.076588 v fanout105/A (sky130_fd_sc_hd__buf_8)
     3    0.018086    0.022304    0.081127    1.157715 v fanout105/X (sky130_fd_sc_hd__buf_8)
                                                         net105 (net)
                      0.022379    0.001227    1.158942 v fanout103/A (sky130_fd_sc_hd__buf_6)
     3    0.013383    0.020888    0.077180    1.236122 v fanout103/X (sky130_fd_sc_hd__buf_6)
                                                         net103 (net)
                      0.020955    0.000985    1.237107 v load_slew104/A (sky130_fd_sc_hd__buf_8)
     8    0.051007    0.036467    0.096189    1.333297 v load_slew104/X (sky130_fd_sc_hd__buf_8)
                                                         net104 (net)
                      0.036923    0.003143    1.336440 v _399_/A (sky130_fd_sc_hd__and2_4)
     3    0.023624    0.038686    0.113946    1.450386 v _399_/X (sky130_fd_sc_hd__and2_4)
                                                         _128_ (net)
                      0.038723    0.000907    1.451293 v _403_/A2 (sky130_fd_sc_hd__o21bai_4)
     3    0.016201    0.115151    0.114523    1.565816 ^ _403_/Y (sky130_fd_sc_hd__o21bai_4)
                                                         _132_ (net)
                      0.115154    0.001082    1.566898 ^ _418_/B (sky130_fd_sc_hd__nand2_2)
     1    0.009777    0.044511    0.052672    1.619571 v _418_/Y (sky130_fd_sc_hd__nand2_2)
                                                         _147_ (net)
                      0.044531    0.000796    1.620366 v _419_/B1 (sky130_fd_sc_hd__o22ai_4)
     3    0.019856    0.145125    0.140230    1.760596 ^ _419_/Y (sky130_fd_sc_hd__o22ai_4)
                                                         _148_ (net)
                      0.145128    0.001426    1.762022 ^ _624_/B1 (sky130_fd_sc_hd__a21oi_2)
     3    0.019073    0.067875    0.054369    1.816391 v _624_/Y (sky130_fd_sc_hd__a21oi_2)
                                                         _333_ (net)
                      0.067909    0.001284    1.817675 v _632_/B2 (sky130_fd_sc_hd__o2bb2ai_2)
     3    0.024107    0.218708    0.206795    2.024470 ^ _632_/Y (sky130_fd_sc_hd__o2bb2ai_2)
                                                         _337_ (net)
                      0.218727    0.001739    2.026210 ^ _634_/B1 (sky130_fd_sc_hd__a22o_2)
     1    0.008791    0.044647    0.114395    2.140605 ^ _634_/X (sky130_fd_sc_hd__a22o_2)
                                                         _338_ (net)
                      0.044651    0.000446    2.141051 ^ _635_/B (sky130_fd_sc_hd__xnor2_2)
     1    0.002788    0.075133    0.064899    2.205950 ^ _635_/Y (sky130_fd_sc_hd__xnor2_2)
                                                         net97 (net)
                      0.075133    0.000212    2.206162 ^ output97/A (sky130_fd_sc_hd__clkbuf_2)
     1    0.035002    0.147717    0.166351    2.372514 ^ output97/X (sky130_fd_sc_hd__clkbuf_2)
                                                         S[9] (net)
                      0.147750    0.001913    2.374427 ^ S[9] (out)
                                              2.374427   data arrival time

                      0.000000    4.500000    4.500000   clock __VIRTUAL_CLK__ (rise edge)
                                  0.000000    4.500000   clock network delay (ideal)
                                 -0.250000    4.250000   clock uncertainty
                                  0.000000    4.250000   clock reconvergence pessimism
                                 -0.900000    3.350000   output external delay
                                              3.350000   data required time
---------------------------------------------------------------------------------------------
                                              3.350000   data required time
                                             -2.374427   data arrival time
---------------------------------------------------------------------------------------------
                                              0.975573   slack (MET)


Startpoint: sub (input port clocked by __VIRTUAL_CLK__)
Endpoint: S[8] (output port clocked by __VIRTUAL_CLK__)
Path Group: __VIRTUAL_CLK__
Path Type: max

Fanout         Cap        Slew       Delay        Time   Description
---------------------------------------------------------------------------------------------
                      0.000000    0.000000    0.000000   clock __VIRTUAL_CLK__ (rise edge)
                                  0.000000    0.000000   clock network delay (ideal)
                                  0.900000    0.900000 v input external delay
     1    0.007565    0.012413    0.007582    0.907582 v sub (in)
                                                         sub (net)
                      0.012429    0.000000    0.907582 v input65/A (sky130_fd_sc_hd__buf_8)
     4    0.029600    0.027525    0.082766    0.990348 v input65/X (sky130_fd_sc_hd__buf_8)
                                                         net65 (net)
                      0.027682    0.001589    0.991937 v fanout108/A (sky130_fd_sc_hd__buf_6)
     3    0.018703    0.024606    0.083362    1.075299 v fanout108/X (sky130_fd_sc_hd__buf_6)
                                                         net108 (net)
                      0.024686    0.001290    1.076588 v fanout105/A (sky130_fd_sc_hd__buf_8)
     3    0.018086    0.022304    0.081127    1.157715 v fanout105/X (sky130_fd_sc_hd__buf_8)
                                                         net105 (net)
                      0.022379    0.001227    1.158942 v fanout103/A (sky130_fd_sc_hd__buf_6)
     3    0.013383    0.020888    0.077180    1.236122 v fanout103/X (sky130_fd_sc_hd__buf_6)
                                                         net103 (net)
                      0.020955    0.000985    1.237107 v load_slew104/A (sky130_fd_sc_hd__buf_8)
     8    0.051007    0.036467    0.096189    1.333297 v load_slew104/X (sky130_fd_sc_hd__buf_8)
                                                         net104 (net)
                      0.036923    0.003143    1.336440 v _399_/A (sky130_fd_sc_hd__and2_4)
     3    0.023624    0.038686    0.113946    1.450386 v _399_/X (sky130_fd_sc_hd__and2_4)
                                                         _128_ (net)
                      0.038723    0.000907    1.451293 v _403_/A2 (sky130_fd_sc_hd__o21bai_4)
     3    0.016201    0.115151    0.114523    1.565816 ^ _403_/Y (sky130_fd_sc_hd__o21bai_4)
                                                         _132_ (net)
                      0.115154    0.001082    1.566898 ^ _418_/B (sky130_fd_sc_hd__nand2_2)
     1    0.009777    0.044511    0.052672    1.619571 v _418_/Y (sky130_fd_sc_hd__nand2_2)
                                                         _147_ (net)
                      0.044531    0.000796    1.620366 v _419_/B1 (sky130_fd_sc_hd__o22ai_4)
     3    0.019856    0.145125    0.140230    1.760596 ^ _419_/Y (sky130_fd_sc_hd__o22ai_4)
                                                         _148_ (net)
                      0.145128    0.001426    1.762022 ^ _624_/B1 (sky130_fd_sc_hd__a21oi_2)
     3    0.019073    0.067875    0.054369    1.816391 v _624_/Y (sky130_fd_sc_hd__a21oi_2)
                                                         _333_ (net)
                      0.067909    0.001284    1.817675 v _632_/B2 (sky130_fd_sc_hd__o2bb2ai_2)
     3    0.024107    0.218708    0.206795    2.024470 ^ _632_/Y (sky130_fd_sc_hd__o2bb2ai_2)
                                                         _337_ (net)
                      0.218740    0.002238    2.026708 ^ _633_/B (sky130_fd_sc_hd__xnor2_2)
     1    0.003013    0.078502    0.075202    2.101911 ^ _633_/Y (sky130_fd_sc_hd__xnor2_2)
                                                         net96 (net)
                      0.078502    0.000220    2.102131 ^ output96/A (sky130_fd_sc_hd__clkbuf_2)
     1    0.034645    0.146296    0.166151    2.268282 ^ output96/X (sky130_fd_sc_hd__clkbuf_2)
                                                         S[8] (net)
                      0.146326    0.001832    2.270114 ^ S[8] (out)
                                              2.270114   data arrival time

                      0.000000    4.500000    4.500000   clock __VIRTUAL_CLK__ (rise edge)
                                  0.000000    4.500000   clock network delay (ideal)
                                 -0.250000    4.250000   clock uncertainty
                                  0.000000    4.250000   clock reconvergence pessimism
                                 -0.900000    3.350000   output external delay
                                              3.350000   data required time
---------------------------------------------------------------------------------------------
                                              3.350000   data required time
                                             -2.270114   data arrival time
---------------------------------------------------------------------------------------------
                                              1.079886   slack (MET)


Startpoint: sub (input port clocked by __VIRTUAL_CLK__)
Endpoint: S[16] (output port clocked by __VIRTUAL_CLK__)
Path Group: __VIRTUAL_CLK__
Path Type: max

Fanout         Cap        Slew       Delay        Time   Description
---------------------------------------------------------------------------------------------
                      0.000000    0.000000    0.000000   clock __VIRTUAL_CLK__ (rise edge)
                                  0.000000    0.000000   clock network delay (ideal)
                                  0.900000    0.900000 ^ input external delay
     1    0.008232    0.032488    0.021980    0.921980 ^ sub (in)
                                                         sub (net)
                      0.032496    0.000000    0.921980 ^ input65/A (sky130_fd_sc_hd__buf_8)
     4    0.031145    0.045751    0.079848    1.001827 ^ input65/X (sky130_fd_sc_hd__buf_8)
                                                         net65 (net)
                      0.045799    0.001236    1.003064 ^ fanout121/A (sky130_fd_sc_hd__buf_8)
     7    0.044777    0.061588    0.093373    1.096437 ^ fanout121/X (sky130_fd_sc_hd__buf_8)
                                                         net121 (net)
                      0.062475    0.006165    1.102602 ^ fanout112/A (sky130_fd_sc_hd__buf_6)
     5    0.038671    0.063898    0.100576    1.203177 ^ fanout112/X (sky130_fd_sc_hd__buf_6)
                                                         net112 (net)
                      0.063943    0.001456    1.204633 ^ load_slew113/A (sky130_fd_sc_hd__buf_6)
     6    0.041448    0.067861    0.103813    1.308446 ^ load_slew113/X (sky130_fd_sc_hd__buf_6)
                                                         net113 (net)
                      0.067887    0.001137    1.309583 ^ _369_/A (sky130_fd_sc_hd__nor2_2)
     3    0.019058    0.066281    0.050815    1.360398 v _369_/Y (sky130_fd_sc_hd__nor2_2)
                                                         _098_ (net)
                      0.066316    0.001316    1.361715 v _371_/A2 (sky130_fd_sc_hd__o21bai_4)
     4    0.033195    0.183247    0.179669    1.541383 ^ _371_/Y (sky130_fd_sc_hd__o21bai_4)
                                                         _100_ (net)
                      0.183281    0.002080    1.543463 ^ _376_/C (sky130_fd_sc_hd__nand4b_4)
     2    0.011744    0.070992    0.078026    1.621489 v _376_/Y (sky130_fd_sc_hd__nand4b_4)
                                                         _105_ (net)
                      0.070995    0.000910    1.622398 v _377_/A (sky130_fd_sc_hd__nor2_4)
     3    0.019882    0.108551    0.131110    1.753509 ^ _377_/Y (sky130_fd_sc_hd__nor2_4)
                                                         _106_ (net)
                      0.108572    0.001252    1.754761 ^ _410_/B (sky130_fd_sc_hd__nand4_4)
     3    0.019089    0.082652    0.090272    1.845033 v _410_/Y (sky130_fd_sc_hd__nand4_4)
                                                         _139_ (net)
                      0.082658    0.001404    1.846437 v _415_/C (sky130_fd_sc_hd__nand3_4)
     3    0.018156    0.072574    0.099348    1.945785 ^ _415_/Y (sky130_fd_sc_hd__nand3_4)
                                                         _144_ (net)
                      0.072585    0.001770    1.947556 ^ _424_/B1 (sky130_fd_sc_hd__o22ai_4)
     4    0.030123    0.082785    0.062848    2.010403 v _424_/Y (sky130_fd_sc_hd__o22ai_4)
                                                         _153_ (net)
                      0.082812    0.001277    2.011680 v _425_/B (sky130_fd_sc_hd__xor2_2)
     1    0.009982    0.124499    0.141847    2.153527 ^ _425_/X (sky130_fd_sc_hd__xor2_2)
                                                         net73 (net)
                      0.124508    0.000835    2.154362 ^ output73/A (sky130_fd_sc_hd__buf_6)
     1    0.034507    0.058645    0.106207    2.260569 ^ output73/X (sky130_fd_sc_hd__buf_6)
                                                         S[16] (net)
                      0.058745    0.001717    2.262286 ^ S[16] (out)
                                              2.262286   data arrival time

                      0.000000    4.500000    4.500000   clock __VIRTUAL_CLK__ (rise edge)
                                  0.000000    4.500000   clock network delay (ideal)
                                 -0.250000    4.250000   clock uncertainty
                                  0.000000    4.250000   clock reconvergence pessimism
                                 -0.900000    3.350000   output external delay
                                              3.350000   data required time
---------------------------------------------------------------------------------------------
                                              3.350000   data required time
                                             -2.262286   data arrival time
---------------------------------------------------------------------------------------------
                                              1.087714   slack (MET)


Startpoint: sub (input port clocked by __VIRTUAL_CLK__)
Endpoint: S[6] (output port clocked by __VIRTUAL_CLK__)
Path Group: __VIRTUAL_CLK__
Path Type: max

Fanout         Cap        Slew       Delay        Time   Description
---------------------------------------------------------------------------------------------
                      0.000000    0.000000    0.000000   clock __VIRTUAL_CLK__ (rise edge)
                                  0.000000    0.000000   clock network delay (ideal)
                                  0.900000    0.900000 v input external delay
     1    0.007565    0.012413    0.007582    0.907582 v sub (in)
                                                         sub (net)
                      0.012429    0.000000    0.907582 v input65/A (sky130_fd_sc_hd__buf_8)
     4    0.029600    0.027525    0.082766    0.990348 v input65/X (sky130_fd_sc_hd__buf_8)
                                                         net65 (net)
                      0.027682    0.001589    0.991937 v fanout108/A (sky130_fd_sc_hd__buf_6)
     3    0.018703    0.024606    0.083362    1.075299 v fanout108/X (sky130_fd_sc_hd__buf_6)
                                                         net108 (net)
                      0.024686    0.001290    1.076588 v fanout105/A (sky130_fd_sc_hd__buf_8)
     3    0.018086    0.022304    0.081127    1.157715 v fanout105/X (sky130_fd_sc_hd__buf_8)
                                                         net105 (net)
                      0.022379    0.001227    1.158942 v fanout103/A (sky130_fd_sc_hd__buf_6)
     3    0.013383    0.020888    0.077180    1.236122 v fanout103/X (sky130_fd_sc_hd__buf_6)
                                                         net103 (net)
                      0.020955    0.000985    1.237107 v load_slew104/A (sky130_fd_sc_hd__buf_8)
     8    0.051007    0.036467    0.096189    1.333297 v load_slew104/X (sky130_fd_sc_hd__buf_8)
                                                         net104 (net)
                      0.036923    0.003143    1.336440 v _399_/A (sky130_fd_sc_hd__and2_4)
     3    0.023624    0.038686    0.113946    1.450386 v _399_/X (sky130_fd_sc_hd__and2_4)
                                                         _128_ (net)
                      0.038723    0.000907    1.451293 v _403_/A2 (sky130_fd_sc_hd__o21bai_4)
     3    0.016201    0.115151    0.114523    1.565816 ^ _403_/Y (sky130_fd_sc_hd__o21bai_4)
                                                         _132_ (net)
                      0.115154    0.001082    1.566898 ^ _418_/B (sky130_fd_sc_hd__nand2_2)
     1    0.009777    0.044511    0.052672    1.619571 v _418_/Y (sky130_fd_sc_hd__nand2_2)
                                                         _147_ (net)
                      0.044531    0.000796    1.620366 v _419_/B1 (sky130_fd_sc_hd__o22ai_4)
     3    0.019856    0.145125    0.140230    1.760596 ^ _419_/Y (sky130_fd_sc_hd__o22ai_4)
                                                         _148_ (net)
                      0.145128    0.001426    1.762022 ^ _624_/B1 (sky130_fd_sc_hd__a21oi_2)
     3    0.019073    0.067875    0.054369    1.816391 v _624_/Y (sky130_fd_sc_hd__a21oi_2)
                                                         _333_ (net)
                      0.067901    0.001117    1.817508 v _626_/B2 (sky130_fd_sc_hd__o22a_4)
     3    0.018610    0.041560    0.146893    1.964401 v _626_/X (sky130_fd_sc_hd__o22a_4)
                                                         _334_ (net)
                      0.041642    0.001755    1.966156 v _628_/B1 (sky130_fd_sc_hd__a22oi_2)
     1    0.009275    0.102701    0.083223    2.049378 ^ _628_/Y (sky130_fd_sc_hd__a22oi_2)
                                                         _335_ (net)
                      0.102702    0.000747    2.050125 ^ _629_/B (sky130_fd_sc_hd__xnor2_2)
     1    0.005094    0.093876    0.078897    2.129022 ^ _629_/Y (sky130_fd_sc_hd__xnor2_2)
                                                         net94 (net)
                      0.093877    0.000250    2.129272 ^ output94/A (sky130_fd_sc_hd__buf_6)
     1    0.034847    0.058792    0.101809    2.231081 ^ output94/X (sky130_fd_sc_hd__buf_6)
                                                         S[6] (net)
                      0.058908    0.001890    2.232971 ^ S[6] (out)
                                              2.232971   data arrival time

                      0.000000    4.500000    4.500000   clock __VIRTUAL_CLK__ (rise edge)
                                  0.000000    4.500000   clock network delay (ideal)
                                 -0.250000    4.250000   clock uncertainty
                                  0.000000    4.250000   clock reconvergence pessimism
                                 -0.900000    3.350000   output external delay
                                              3.350000   data required time
---------------------------------------------------------------------------------------------
                                              3.350000   data required time
                                             -2.232971   data arrival time
---------------------------------------------------------------------------------------------
                                              1.117029   slack (MET)


Startpoint: sub (input port clocked by __VIRTUAL_CLK__)
Endpoint: S[5] (output port clocked by __VIRTUAL_CLK__)
Path Group: __VIRTUAL_CLK__
Path Type: max

Fanout         Cap        Slew       Delay        Time   Description
---------------------------------------------------------------------------------------------
                      0.000000    0.000000    0.000000   clock __VIRTUAL_CLK__ (rise edge)
                                  0.000000    0.000000   clock network delay (ideal)
                                  0.900000    0.900000 v input external delay
     1    0.007565    0.012413    0.007582    0.907582 v sub (in)
                                                         sub (net)
                      0.012429    0.000000    0.907582 v input65/A (sky130_fd_sc_hd__buf_8)
     4    0.029600    0.027525    0.082766    0.990348 v input65/X (sky130_fd_sc_hd__buf_8)
                                                         net65 (net)
                      0.027682    0.001589    0.991937 v fanout108/A (sky130_fd_sc_hd__buf_6)
     3    0.018703    0.024606    0.083362    1.075299 v fanout108/X (sky130_fd_sc_hd__buf_6)
                                                         net108 (net)
                      0.024686    0.001290    1.076588 v fanout105/A (sky130_fd_sc_hd__buf_8)
     3    0.018086    0.022304    0.081127    1.157715 v fanout105/X (sky130_fd_sc_hd__buf_8)
                                                         net105 (net)
                      0.022379    0.001227    1.158942 v fanout103/A (sky130_fd_sc_hd__buf_6)
     3    0.013383    0.020888    0.077180    1.236122 v fanout103/X (sky130_fd_sc_hd__buf_6)
                                                         net103 (net)
                      0.020955    0.000985    1.237107 v load_slew104/A (sky130_fd_sc_hd__buf_8)
     8    0.051007    0.036467    0.096189    1.333297 v load_slew104/X (sky130_fd_sc_hd__buf_8)
                                                         net104 (net)
                      0.036923    0.003143    1.336440 v _399_/A (sky130_fd_sc_hd__and2_4)
     3    0.023624    0.038686    0.113946    1.450386 v _399_/X (sky130_fd_sc_hd__and2_4)
                                                         _128_ (net)
                      0.038723    0.000907    1.451293 v _403_/A2 (sky130_fd_sc_hd__o21bai_4)
     3    0.016201    0.115151    0.114523    1.565816 ^ _403_/Y (sky130_fd_sc_hd__o21bai_4)
                                                         _132_ (net)
                      0.115154    0.001082    1.566898 ^ _418_/B (sky130_fd_sc_hd__nand2_2)
     1    0.009777    0.044511    0.052672    1.619571 v _418_/Y (sky130_fd_sc_hd__nand2_2)
                                                         _147_ (net)
                      0.044531    0.000796    1.620366 v _419_/B1 (sky130_fd_sc_hd__o22ai_4)
     3    0.019856    0.145125    0.140230    1.760596 ^ _419_/Y (sky130_fd_sc_hd__o22ai_4)
                                                         _148_ (net)
                      0.145128    0.001426    1.762022 ^ _624_/B1 (sky130_fd_sc_hd__a21oi_2)
     3    0.019073    0.067875    0.054369    1.816391 v _624_/Y (sky130_fd_sc_hd__a21oi_2)
                                                         _333_ (net)
                      0.067901    0.001117    1.817508 v _626_/B2 (sky130_fd_sc_hd__o22a_4)
     3    0.018610    0.041560    0.146893    1.964401 v _626_/X (sky130_fd_sc_hd__o22a_4)
                                                         _334_ (net)
                      0.041650    0.001830    1.966231 v _627_/B (sky130_fd_sc_hd__xnor2_2)
     1    0.002433    0.072330    0.079690    2.045921 ^ _627_/Y (sky130_fd_sc_hd__xnor2_2)
                                                         net93 (net)
                      0.072330    0.000175    2.046096 ^ output93/A (sky130_fd_sc_hd__buf_2)
     1    0.035597    0.132992    0.158221    2.204318 ^ output93/X (sky130_fd_sc_hd__buf_2)
                                                         S[5] (net)
                      0.133035    0.002084    2.206402 ^ S[5] (out)
                                              2.206402   data arrival time

                      0.000000    4.500000    4.500000   clock __VIRTUAL_CLK__ (rise edge)
                                  0.000000    4.500000   clock network delay (ideal)
                                 -0.250000    4.250000   clock uncertainty
                                  0.000000    4.250000   clock reconvergence pessimism
                                 -0.900000    3.350000   output external delay
                                              3.350000   data required time
---------------------------------------------------------------------------------------------
                                              3.350000   data required time
                                             -2.206402   data arrival time
---------------------------------------------------------------------------------------------
                                              1.143598   slack (MET)


Startpoint: sub (input port clocked by __VIRTUAL_CLK__)
Endpoint: S[4] (output port clocked by __VIRTUAL_CLK__)
Path Group: __VIRTUAL_CLK__
Path Type: max

Fanout         Cap        Slew       Delay        Time   Description
---------------------------------------------------------------------------------------------
                      0.000000    0.000000    0.000000   clock __VIRTUAL_CLK__ (rise edge)
                                  0.000000    0.000000   clock network delay (ideal)
                                  0.900000    0.900000 v input external delay
     1    0.007565    0.012413    0.007582    0.907582 v sub (in)
                                                         sub (net)
                      0.012429    0.000000    0.907582 v input65/A (sky130_fd_sc_hd__buf_8)
     4    0.029600    0.027525    0.082766    0.990348 v input65/X (sky130_fd_sc_hd__buf_8)
                                                         net65 (net)
                      0.027682    0.001589    0.991937 v fanout108/A (sky130_fd_sc_hd__buf_6)
     3    0.018703    0.024606    0.083362    1.075299 v fanout108/X (sky130_fd_sc_hd__buf_6)
                                                         net108 (net)
                      0.024686    0.001290    1.076588 v fanout105/A (sky130_fd_sc_hd__buf_8)
     3    0.018086    0.022304    0.081127    1.157715 v fanout105/X (sky130_fd_sc_hd__buf_8)
                                                         net105 (net)
                      0.022379    0.001227    1.158942 v fanout103/A (sky130_fd_sc_hd__buf_6)
     3    0.013383    0.020888    0.077180    1.236122 v fanout103/X (sky130_fd_sc_hd__buf_6)
                                                         net103 (net)
                      0.020955    0.000985    1.237107 v load_slew104/A (sky130_fd_sc_hd__buf_8)
     8    0.051007    0.036467    0.096189    1.333297 v load_slew104/X (sky130_fd_sc_hd__buf_8)
                                                         net104 (net)
                      0.036923    0.003143    1.336440 v _399_/A (sky130_fd_sc_hd__and2_4)
     3    0.023624    0.038686    0.113946    1.450386 v _399_/X (sky130_fd_sc_hd__and2_4)
                                                         _128_ (net)
                      0.038723    0.000907    1.451293 v _403_/A2 (sky130_fd_sc_hd__o21bai_4)
     3    0.016201    0.115151    0.114523    1.565816 ^ _403_/Y (sky130_fd_sc_hd__o21bai_4)
                                                         _132_ (net)
                      0.115154    0.001082    1.566898 ^ _418_/B (sky130_fd_sc_hd__nand2_2)
     1    0.009777    0.044511    0.052672    1.619571 v _418_/Y (sky130_fd_sc_hd__nand2_2)
                                                         _147_ (net)
                      0.044531    0.000796    1.620366 v _419_/B1 (sky130_fd_sc_hd__o22ai_4)
     3    0.019856    0.145125    0.140230    1.760596 ^ _419_/Y (sky130_fd_sc_hd__o22ai_4)
                                                         _148_ (net)
                      0.145128    0.001426    1.762022 ^ _624_/B1 (sky130_fd_sc_hd__a21oi_2)
     3    0.019073    0.067875    0.054369    1.816391 v _624_/Y (sky130_fd_sc_hd__a21oi_2)
                                                         _333_ (net)
                      0.067911    0.001316    1.817707 v _625_/B (sky130_fd_sc_hd__xnor2_2)
     1    0.006581    0.105910    0.116967    1.934673 ^ _625_/Y (sky130_fd_sc_hd__xnor2_2)
                                                         net92 (net)
                      0.105911    0.000511    1.935184 ^ output92/A (sky130_fd_sc_hd__clkbuf_2)
     1    0.036128    0.152838    0.175712    2.110897 ^ output92/X (sky130_fd_sc_hd__clkbuf_2)
                                                         S[4] (net)
                      0.152936    0.003322    2.114219 ^ S[4] (out)
                                              2.114219   data arrival time

                      0.000000    4.500000    4.500000   clock __VIRTUAL_CLK__ (rise edge)
                                  0.000000    4.500000   clock network delay (ideal)
                                 -0.250000    4.250000   clock uncertainty
                                  0.000000    4.250000   clock reconvergence pessimism
                                 -0.900000    3.350000   output external delay
                                              3.350000   data required time
---------------------------------------------------------------------------------------------
                                              3.350000   data required time
                                             -2.114219   data arrival time
---------------------------------------------------------------------------------------------
                                              1.235781   slack (MET)


Startpoint: sub (input port clocked by __VIRTUAL_CLK__)
Endpoint: S[2] (output port clocked by __VIRTUAL_CLK__)
Path Group: __VIRTUAL_CLK__
Path Type: max

Fanout         Cap        Slew       Delay        Time   Description
---------------------------------------------------------------------------------------------
                      0.000000    0.000000    0.000000   clock __VIRTUAL_CLK__ (rise edge)
                                  0.000000    0.000000   clock network delay (ideal)
                                  0.900000    0.900000 v input external delay
     1    0.007565    0.012413    0.007582    0.907582 v sub (in)
                                                         sub (net)
                      0.012429    0.000000    0.907582 v input65/A (sky130_fd_sc_hd__buf_8)
     4    0.029600    0.027525    0.082766    0.990348 v input65/X (sky130_fd_sc_hd__buf_8)
                                                         net65 (net)
                      0.027682    0.001589    0.991937 v fanout108/A (sky130_fd_sc_hd__buf_6)
     3    0.018703    0.024606    0.083362    1.075299 v fanout108/X (sky130_fd_sc_hd__buf_6)
                                                         net108 (net)
                      0.024686    0.001290    1.076588 v fanout105/A (sky130_fd_sc_hd__buf_8)
     3    0.018086    0.022304    0.081127    1.157715 v fanout105/X (sky130_fd_sc_hd__buf_8)
                                                         net105 (net)
                      0.022379    0.001227    1.158942 v fanout103/A (sky130_fd_sc_hd__buf_6)
     3    0.013383    0.020888    0.077180    1.236122 v fanout103/X (sky130_fd_sc_hd__buf_6)
                                                         net103 (net)
                      0.020955    0.000985    1.237107 v load_slew104/A (sky130_fd_sc_hd__buf_8)
     8    0.051007    0.036467    0.096189    1.333297 v load_slew104/X (sky130_fd_sc_hd__buf_8)
                                                         net104 (net)
                      0.037311    0.004465    1.337762 v _395_/A (sky130_fd_sc_hd__and2_4)
     4    0.022227    0.037603    0.113045    1.450807 v _395_/X (sky130_fd_sc_hd__and2_4)
                                                         _124_ (net)
                      0.037699    0.001221    1.452028 v _396_/A1 (sky130_fd_sc_hd__o21bai_4)
     3    0.012695    0.101330    0.119550    1.571578 ^ _396_/Y (sky130_fd_sc_hd__o21bai_4)
                                                         _125_ (net)
                      0.101332    0.000799    1.572377 ^ rebuffer124/A (sky130_fd_sc_hd__buf_2)
     3    0.015459    0.061678    0.114115    1.686492 ^ rebuffer124/X (sky130_fd_sc_hd__buf_2)
                                                         net124 (net)
                      0.061687    0.000810    1.687302 ^ _398_/B1 (sky130_fd_sc_hd__o21a_2)
     1    0.010289    0.048301    0.086929    1.774231 ^ _398_/X (sky130_fd_sc_hd__o21a_2)
                                                         _127_ (net)
                      0.048315    0.000840    1.775071 ^ _620_/A (sky130_fd_sc_hd__xor2_2)
     1    0.004321    0.080542    0.084810    1.859881 ^ _620_/X (sky130_fd_sc_hd__xor2_2)
                                                         net88 (net)
                      0.080542    0.000313    1.860194 ^ output88/A (sky130_fd_sc_hd__buf_4)
     1    0.036501    0.081247    0.126343    1.986538 ^ output88/X (sky130_fd_sc_hd__buf_4)
                                                         S[2] (net)
                      0.081357    0.002120    1.988657 ^ S[2] (out)
                                              1.988657   data arrival time

                      0.000000    4.500000    4.500000   clock __VIRTUAL_CLK__ (rise edge)
                                  0.000000    4.500000   clock network delay (ideal)
                                 -0.250000    4.250000   clock uncertainty
                                  0.000000    4.250000   clock reconvergence pessimism
                                 -0.900000    3.350000   output external delay
                                              3.350000   data required time
---------------------------------------------------------------------------------------------
                                              3.350000   data required time
                                             -1.988657   data arrival time
---------------------------------------------------------------------------------------------
                                              1.361342   slack (MET)


Startpoint: sub (input port clocked by __VIRTUAL_CLK__)
Endpoint: S[3] (output port clocked by __VIRTUAL_CLK__)
Path Group: __VIRTUAL_CLK__
Path Type: max

Fanout         Cap        Slew       Delay        Time   Description
---------------------------------------------------------------------------------------------
                      0.000000    0.000000    0.000000   clock __VIRTUAL_CLK__ (rise edge)
                                  0.000000    0.000000   clock network delay (ideal)
                                  0.900000    0.900000 v input external delay
     1    0.007565    0.012413    0.007582    0.907582 v sub (in)
                                                         sub (net)
                      0.012429    0.000000    0.907582 v input65/A (sky130_fd_sc_hd__buf_8)
     4    0.029600    0.027525    0.082766    0.990348 v input65/X (sky130_fd_sc_hd__buf_8)
                                                         net65 (net)
                      0.027682    0.001589    0.991937 v fanout108/A (sky130_fd_sc_hd__buf_6)
     3    0.018703    0.024606    0.083362    1.075299 v fanout108/X (sky130_fd_sc_hd__buf_6)
                                                         net108 (net)
                      0.024686    0.001290    1.076588 v fanout105/A (sky130_fd_sc_hd__buf_8)
     3    0.018086    0.022304    0.081127    1.157715 v fanout105/X (sky130_fd_sc_hd__buf_8)
                                                         net105 (net)
                      0.022410    0.001464    1.159179 v rebuffer140/A (sky130_fd_sc_hd__buf_2)
     4    0.025293    0.049812    0.107264    1.266443 v rebuffer140/X (sky130_fd_sc_hd__buf_2)
                                                         net140 (net)
                      0.049947    0.002011    1.268454 v _381_/A (sky130_fd_sc_hd__nand2_2)
     1    0.009049    0.060562    0.059629    1.328083 ^ _381_/Y (sky130_fd_sc_hd__nand2_2)
                                                         _110_ (net)
                      0.060562    0.000452    1.328535 ^ _383_/A (sky130_fd_sc_hd__nand2_4)
     3    0.019919    0.045868    0.045645    1.374180 v _383_/Y (sky130_fd_sc_hd__nand2_4)
                                                         _112_ (net)
                      0.045935    0.001391    1.375571 v _386_/A1 (sky130_fd_sc_hd__o21ai_4)
     2    0.012847    0.108946    0.131369    1.506940 ^ _386_/Y (sky130_fd_sc_hd__o21ai_4)
                                                         _115_ (net)
                      0.108949    0.000995    1.507935 ^ _393_/B (sky130_fd_sc_hd__nor2_4)
     4    0.026142    0.051653    0.042430    1.550365 v _393_/Y (sky130_fd_sc_hd__nor2_4)
                                                         _122_ (net)
                      0.051978    0.003309    1.553674 v _619_/C1 (sky130_fd_sc_hd__a211o_4)
     2    0.013423    0.045257    0.151315    1.704989 v _619_/X (sky130_fd_sc_hd__a211o_4)
                                                         _330_ (net)
                      0.045274    0.001099    1.706088 v _621_/A2 (sky130_fd_sc_hd__a21oi_2)
     1    0.004402    0.070000    0.101680    1.807768 ^ _621_/Y (sky130_fd_sc_hd__a21oi_2)
                                                         _331_ (net)
                      0.070000    0.000295    1.808063 ^ _623_/A_N (sky130_fd_sc_hd__nand2b_4)
     1    0.005713    0.035840    0.087087    1.895150 ^ _623_/Y (sky130_fd_sc_hd__nand2b_4)
                                                         net91 (net)
                      0.035841    0.000281    1.895431 ^ output91/A (sky130_fd_sc_hd__buf_6)
     1    0.035042    0.058579    0.090719    1.986150 ^ output91/X (sky130_fd_sc_hd__buf_6)
                                                         S[3] (net)
                      0.058679    0.002040    1.988190 ^ S[3] (out)
                                              1.988190   data arrival time

                      0.000000    4.500000    4.500000   clock __VIRTUAL_CLK__ (rise edge)
                                  0.000000    4.500000   clock network delay (ideal)
                                 -0.250000    4.250000   clock uncertainty
                                  0.000000    4.250000   clock reconvergence pessimism
                                 -0.900000    3.350000   output external delay
                                              3.350000   data required time
---------------------------------------------------------------------------------------------
                                              3.350000   data required time
                                             -1.988190   data arrival time
---------------------------------------------------------------------------------------------
                                              1.361810   slack (MET)


Startpoint: sub (input port clocked by __VIRTUAL_CLK__)
Endpoint: S[1] (output port clocked by __VIRTUAL_CLK__)
Path Group: __VIRTUAL_CLK__
Path Type: max

Fanout         Cap        Slew       Delay        Time   Description
---------------------------------------------------------------------------------------------
                      0.000000    0.000000    0.000000   clock __VIRTUAL_CLK__ (rise edge)
                                  0.000000    0.000000   clock network delay (ideal)
                                  0.900000    0.900000 ^ input external delay
     1    0.008232    0.032488    0.021980    0.921980 ^ sub (in)
                                                         sub (net)
                      0.032496    0.000000    0.921980 ^ input65/A (sky130_fd_sc_hd__buf_8)
     4    0.031145    0.045751    0.079848    1.001827 ^ input65/X (sky130_fd_sc_hd__buf_8)
                                                         net65 (net)
                      0.045841    0.001684    1.003512 ^ fanout108/A (sky130_fd_sc_hd__buf_6)
     3    0.019758    0.037603    0.077145    1.080657 ^ fanout108/X (sky130_fd_sc_hd__buf_6)
                                                         net108 (net)
                      0.037794    0.002069    1.082726 ^ fanout106/A (sky130_fd_sc_hd__clkbuf_2)
     5    0.024074    0.104017    0.125348    1.208073 ^ fanout106/X (sky130_fd_sc_hd__clkbuf_2)
                                                         net106 (net)
                      0.104045    0.001460    1.209533 ^ load_slew107/A (sky130_fd_sc_hd__buf_6)
     6    0.040776    0.067244    0.109081    1.318614 ^ load_slew107/X (sky130_fd_sc_hd__buf_6)
                                                         net107 (net)
                      0.067333    0.002086    1.320699 ^ _379_/B (sky130_fd_sc_hd__nand2b_4)
     1    0.008927    0.030522    0.036110    1.356810 v _379_/Y (sky130_fd_sc_hd__nand2b_4)
                                                         _108_ (net)
                      0.030522    0.000722    1.357531 v _385_/B (sky130_fd_sc_hd__nand3b_4)
     4    0.024995    0.080973    0.081629    1.439160 ^ _385_/Y (sky130_fd_sc_hd__nand3b_4)
                                                         _114_ (net)
                      0.081008    0.001825    1.440985 ^ _386_/B1 (sky130_fd_sc_hd__o21ai_4)
     2    0.011332    0.036369    0.033590    1.474575 v _386_/Y (sky130_fd_sc_hd__o21ai_4)
                                                         _115_ (net)
                      0.036390    0.000715    1.475290 v rebuffer201/A (sky130_fd_sc_hd__buf_4)
     1    0.009328    0.023564    0.095108    1.570398 v rebuffer201/X (sky130_fd_sc_hd__buf_4)
                                                         net201 (net)
                      0.023587    0.000770    1.571168 v _617_/A (sky130_fd_sc_hd__xnor2_2)
     1    0.005464    0.096883    0.112172    1.683341 ^ _617_/Y (sky130_fd_sc_hd__xnor2_2)
                                                         net77 (net)
                      0.096884    0.000425    1.683765 ^ output77/A (sky130_fd_sc_hd__buf_6)
     1    0.036529    0.061184    0.103135    1.786901 ^ output77/X (sky130_fd_sc_hd__buf_6)
                                                         S[1] (net)
                      0.061458    0.003435    1.790336 ^ S[1] (out)
                                              1.790336   data arrival time

                      0.000000    4.500000    4.500000   clock __VIRTUAL_CLK__ (rise edge)
                                  0.000000    4.500000   clock network delay (ideal)
                                 -0.250000    4.250000   clock uncertainty
                                  0.000000    4.250000   clock reconvergence pessimism
                                 -0.900000    3.350000   output external delay
                                              3.350000   data required time
---------------------------------------------------------------------------------------------
                                              3.350000   data required time
                                             -1.790336   data arrival time
---------------------------------------------------------------------------------------------
                                              1.559664   slack (MET)


Startpoint: B[0] (input port clocked by __VIRTUAL_CLK__)
Endpoint: S[0] (output port clocked by __VIRTUAL_CLK__)
Path Group: __VIRTUAL_CLK__
Path Type: max

Fanout         Cap        Slew       Delay        Time   Description
---------------------------------------------------------------------------------------------
                      0.000000    0.000000    0.000000   clock __VIRTUAL_CLK__ (rise edge)
                                  0.000000    0.000000   clock network delay (ideal)
                                  0.900000    0.900000 ^ input external delay
     1    0.003807    0.017515    0.010435    0.910435 ^ B[0] (in)
                                                         B[0] (net)
                      0.017517    0.000000    0.910435 ^ input33/A (sky130_fd_sc_hd__dlygate4sd1_1)
     7    0.039536    0.289955    0.315326    1.225761 ^ input33/X (sky130_fd_sc_hd__dlygate4sd1_1)
                                                         net33 (net)
                      0.289982    0.002435    1.228196 ^ _615_/B (sky130_fd_sc_hd__xor2_2)
     1    0.003400    0.074965    0.080493    1.308689 ^ _615_/X (sky130_fd_sc_hd__xor2_2)
                                                         net66 (net)
                      0.074966    0.000252    1.308940 ^ output66/A (sky130_fd_sc_hd__clkdlybuf4s25_1)
     1    0.035554    0.268841    0.351342    1.660282 ^ output66/X (sky130_fd_sc_hd__clkdlybuf4s25_1)
                                                         S[0] (net)
                      0.268852    0.002096    1.662378 ^ S[0] (out)
                                              1.662378   data arrival time

                      0.000000    4.500000    4.500000   clock __VIRTUAL_CLK__ (rise edge)
                                  0.000000    4.500000   clock network delay (ideal)
                                 -0.250000    4.250000   clock uncertainty
                                  0.000000    4.250000   clock reconvergence pessimism
                                 -0.900000    3.350000   output external delay
                                              3.350000   data required time
---------------------------------------------------------------------------------------------
                                              3.350000   data required time
                                             -1.662378   data arrival time
---------------------------------------------------------------------------------------------
                                              1.687622   slack (MET)



