
===========================================================================
report_checks -path_delay max (Setup)
============================================================================
======================= nom_tt_025C_1v80 Corner ===================================

Startpoint: sub (input port clocked by __VIRTUAL_CLK__)
Endpoint: S[21] (output port clocked by __VIRTUAL_CLK__)
Path Group: __VIRTUAL_CLK__
Path Type: max

Fanout         Cap        Slew       Delay        Time   Description
---------------------------------------------------------------------------------------------
                      0.000000    0.000000    0.000000   clock __VIRTUAL_CLK__ (rise edge)
                                  0.000000    0.000000   clock network delay (ideal)
                                  0.800000    0.800000 v input external delay
     1    0.007368    0.018745    0.012503    0.812503 v sub (in)
                                                         sub (net)
                      0.018745    0.000000    0.812503 v input65/A (sky130_fd_sc_hd__buf_8)
     4    0.022361    0.031929    0.119995    0.932499 v input65/X (sky130_fd_sc_hd__buf_8)
                                                         net65 (net)
                      0.031929    0.000150    0.932648 v fanout108/A (sky130_fd_sc_hd__buf_6)
     3    0.014528    0.028947    0.120135    1.052783 v fanout108/X (sky130_fd_sc_hd__buf_6)
                                                         net108 (net)
                      0.028947    0.000047    1.052830 v fanout105/A (sky130_fd_sc_hd__buf_8)
     3    0.013746    0.027110    0.117742    1.170572 v fanout105/X (sky130_fd_sc_hd__buf_8)
                                                         net105 (net)
                      0.027110    0.000128    1.170699 v fanout101/A (sky130_fd_sc_hd__buf_6)
     6    0.028018    0.038995    0.130632    1.301331 v fanout101/X (sky130_fd_sc_hd__buf_6)
                                                         net101 (net)
                      0.038995    0.000118    1.301449 v load_slew102/A (sky130_fd_sc_hd__buf_8)
     5    0.026373    0.034481    0.132027    1.433476 v load_slew102/X (sky130_fd_sc_hd__buf_8)
                                                         net102 (net)
                      0.034481    0.000147    1.433624 v _355_/A1 (sky130_fd_sc_hd__a21boi_2)
     1    0.009323    0.155736    0.164524    1.598148 ^ _355_/Y (sky130_fd_sc_hd__a21boi_2)
                                                         _084_ (net)
                      0.155736    0.000020    1.598168 ^ _356_/B1 (sky130_fd_sc_hd__o21ai_4)
     3    0.018632    0.097273    0.106090    1.704258 v _356_/Y (sky130_fd_sc_hd__o21ai_4)
                                                         _085_ (net)
                      0.097273    0.000132    1.704390 v _360_/B1 (sky130_fd_sc_hd__o2111ai_4)
     3    0.017075    0.234424    0.152553    1.856944 ^ _360_/Y (sky130_fd_sc_hd__o2111ai_4)
                                                         _089_ (net)
                      0.234424    0.000260    1.857204 ^ _377_/B (sky130_fd_sc_hd__nor2_4)
     3    0.018064    0.062353    0.078591    1.935795 v _377_/Y (sky130_fd_sc_hd__nor2_4)
                                                         _106_ (net)
                      0.062353    0.000036    1.935831 v _410_/B (sky130_fd_sc_hd__nand4_4)
     3    0.019373    0.110477    0.120991    2.056822 ^ _410_/Y (sky130_fd_sc_hd__nand4_4)
                                                         _139_ (net)
                      0.110477    0.000099    2.056921 ^ _415_/C (sky130_fd_sc_hd__nand3_4)
     3    0.015560    0.088672    0.107775    2.164696 v _415_/Y (sky130_fd_sc_hd__nand3_4)
                                                         _144_ (net)
                      0.088672    0.000181    2.164877 v _424_/B1 (sky130_fd_sc_hd__o22ai_4)
     4    0.027620    0.266759    0.251470    2.416347 ^ _424_/Y (sky130_fd_sc_hd__o22ai_4)
                                                         _153_ (net)
                      0.266759    0.000169    2.416516 ^ _470_/B1 (sky130_fd_sc_hd__o22ai_4)
     5    0.019524    0.100849    0.153491    2.570006 v _470_/Y (sky130_fd_sc_hd__o22ai_4)
                                                         _195_ (net)
                      0.100849    0.000156    2.570162 v max_cap99/A (sky130_fd_sc_hd__buf_6)
     3    0.025337    0.037059    0.163459    2.733621 v max_cap99/X (sky130_fd_sc_hd__buf_6)
                                                         net99 (net)
                      0.037059    0.000040    2.733661 v _480_/A1 (sky130_fd_sc_hd__a211o_4)
     1    0.008926    0.056047    0.338690    3.072351 v _480_/X (sky130_fd_sc_hd__a211o_4)
                                                         _204_ (net)
                      0.056047    0.000026    3.072376 v _482_/B (sky130_fd_sc_hd__nand2_4)
     1    0.008589    0.047338    0.074909    3.147286 ^ _482_/Y (sky130_fd_sc_hd__nand2_4)
                                                         net79 (net)
                      0.047338    0.000067    3.147352 ^ output79/A (sky130_fd_sc_hd__buf_8)
     1    0.034969    0.066725    0.123386    3.270738 ^ output79/X (sky130_fd_sc_hd__buf_8)
                                                         S[21] (net)
                      0.066725    0.000345    3.271083 ^ S[21] (out)
                                              3.271083   data arrival time

                      0.000000    4.000000    4.000000   clock __VIRTUAL_CLK__ (rise edge)
                                  0.000000    4.000000   clock network delay (ideal)
                                 -0.250000    3.750000   clock uncertainty
                                  0.000000    3.750000   clock reconvergence pessimism
                                 -0.800000    2.950000   output external delay
                                              2.950000   data required time
---------------------------------------------------------------------------------------------
                                              2.950000   data required time
                                             -3.271083   data arrival time
---------------------------------------------------------------------------------------------
                                             -0.321083   slack (VIOLATED)


Startpoint: sub (input port clocked by __VIRTUAL_CLK__)
Endpoint: S[30] (output port clocked by __VIRTUAL_CLK__)
Path Group: __VIRTUAL_CLK__
Path Type: max

Fanout         Cap        Slew       Delay        Time   Description
---------------------------------------------------------------------------------------------
                      0.000000    0.000000    0.000000   clock __VIRTUAL_CLK__ (rise edge)
                                  0.000000    0.000000   clock network delay (ideal)
                                  0.800000    0.800000 v input external delay
     1    0.007368    0.018745    0.012503    0.812503 v sub (in)
                                                         sub (net)
                      0.018745    0.000000    0.812503 v input65/A (sky130_fd_sc_hd__buf_8)
     4    0.022361    0.031929    0.119995    0.932499 v input65/X (sky130_fd_sc_hd__buf_8)
                                                         net65 (net)
                      0.031929    0.000150    0.932648 v fanout108/A (sky130_fd_sc_hd__buf_6)
     3    0.014528    0.028947    0.120135    1.052783 v fanout108/X (sky130_fd_sc_hd__buf_6)
                                                         net108 (net)
                      0.028947    0.000047    1.052830 v fanout105/A (sky130_fd_sc_hd__buf_8)
     3    0.013746    0.027110    0.117742    1.170572 v fanout105/X (sky130_fd_sc_hd__buf_8)
                                                         net105 (net)
                      0.027110    0.000128    1.170699 v fanout101/A (sky130_fd_sc_hd__buf_6)
     6    0.028018    0.038995    0.130632    1.301331 v fanout101/X (sky130_fd_sc_hd__buf_6)
                                                         net101 (net)
                      0.038995    0.000118    1.301449 v load_slew102/A (sky130_fd_sc_hd__buf_8)
     5    0.026373    0.034481    0.132027    1.433476 v load_slew102/X (sky130_fd_sc_hd__buf_8)
                                                         net102 (net)
                      0.034481    0.000147    1.433624 v _355_/A1 (sky130_fd_sc_hd__a21boi_2)
     1    0.009323    0.155736    0.164524    1.598148 ^ _355_/Y (sky130_fd_sc_hd__a21boi_2)
                                                         _084_ (net)
                      0.155736    0.000020    1.598168 ^ _356_/B1 (sky130_fd_sc_hd__o21ai_4)
     3    0.018632    0.097273    0.106090    1.704258 v _356_/Y (sky130_fd_sc_hd__o21ai_4)
                                                         _085_ (net)
                      0.097273    0.000132    1.704390 v _360_/B1 (sky130_fd_sc_hd__o2111ai_4)
     3    0.017075    0.234424    0.152553    1.856944 ^ _360_/Y (sky130_fd_sc_hd__o2111ai_4)
                                                         _089_ (net)
                      0.234424    0.000260    1.857204 ^ _377_/B (sky130_fd_sc_hd__nor2_4)
     3    0.018064    0.062353    0.078591    1.935795 v _377_/Y (sky130_fd_sc_hd__nor2_4)
                                                         _106_ (net)
                      0.062353    0.000036    1.935831 v _410_/B (sky130_fd_sc_hd__nand4_4)
     3    0.019373    0.110477    0.120991    2.056822 ^ _410_/Y (sky130_fd_sc_hd__nand4_4)
                                                         _139_ (net)
                      0.110477    0.000099    2.056921 ^ _415_/C (sky130_fd_sc_hd__nand3_4)
     3    0.015560    0.088672    0.107775    2.164696 v _415_/Y (sky130_fd_sc_hd__nand3_4)
                                                         _144_ (net)
                      0.088672    0.000191    2.164887 v rebuffer123/A (sky130_fd_sc_hd__buf_4)
     1    0.008282    0.030419    0.162270    2.327157 v rebuffer123/X (sky130_fd_sc_hd__buf_4)
                                                         net123 (net)
                      0.030419    0.000035    2.327192 v _574_/B2 (sky130_fd_sc_hd__o221ai_4)
     3    0.036368    0.347898    0.288533    2.615724 ^ _574_/Y (sky130_fd_sc_hd__o221ai_4)
                                                         _291_ (net)
                      0.347898    0.000610    2.616335 ^ _577_/B (sky130_fd_sc_hd__nand2_8)
     5    0.023602    0.077364    0.102368    2.718703 v _577_/Y (sky130_fd_sc_hd__nand2_8)
                                                         _294_ (net)
                      0.077364    0.000137    2.718839 v _603_/A1 (sky130_fd_sc_hd__a21o_2)
     1    0.008191    0.048309    0.223396    2.942235 v _603_/X (sky130_fd_sc_hd__a21o_2)
                                                         _318_ (net)
                      0.048309    0.000016    2.942252 v _604_/A2 (sky130_fd_sc_hd__o21ai_4)
     1    0.006891    0.110620    0.129395    3.071647 ^ _604_/Y (sky130_fd_sc_hd__o21ai_4)
                                                         net89 (net)
                      0.110620    0.000060    3.071707 ^ output89/A (sky130_fd_sc_hd__buf_6)
     1    0.034435    0.077303    0.155139    3.226845 ^ output89/X (sky130_fd_sc_hd__buf_6)
                                                         S[30] (net)
                      0.077303    0.000175    3.227020 ^ S[30] (out)
                                              3.227020   data arrival time

                      0.000000    4.000000    4.000000   clock __VIRTUAL_CLK__ (rise edge)
                                  0.000000    4.000000   clock network delay (ideal)
                                 -0.250000    3.750000   clock uncertainty
                                  0.000000    3.750000   clock reconvergence pessimism
                                 -0.800000    2.950000   output external delay
                                              2.950000   data required time
---------------------------------------------------------------------------------------------
                                              2.950000   data required time
                                             -3.227020   data arrival time
---------------------------------------------------------------------------------------------
                                             -0.277020   slack (VIOLATED)


Startpoint: sub (input port clocked by __VIRTUAL_CLK__)
Endpoint: S[28] (output port clocked by __VIRTUAL_CLK__)
Path Group: __VIRTUAL_CLK__
Path Type: max

Fanout         Cap        Slew       Delay        Time   Description
---------------------------------------------------------------------------------------------
                      0.000000    0.000000    0.000000   clock __VIRTUAL_CLK__ (rise edge)
                                  0.000000    0.000000   clock network delay (ideal)
                                  0.800000    0.800000 v input external delay
     1    0.007368    0.018745    0.012503    0.812503 v sub (in)
                                                         sub (net)
                      0.018745    0.000000    0.812503 v input65/A (sky130_fd_sc_hd__buf_8)
     4    0.022361    0.031929    0.119995    0.932499 v input65/X (sky130_fd_sc_hd__buf_8)
                                                         net65 (net)
                      0.031929    0.000150    0.932648 v fanout108/A (sky130_fd_sc_hd__buf_6)
     3    0.014528    0.028947    0.120135    1.052783 v fanout108/X (sky130_fd_sc_hd__buf_6)
                                                         net108 (net)
                      0.028947    0.000047    1.052830 v fanout105/A (sky130_fd_sc_hd__buf_8)
     3    0.013746    0.027110    0.117742    1.170572 v fanout105/X (sky130_fd_sc_hd__buf_8)
                                                         net105 (net)
                      0.027110    0.000128    1.170699 v fanout101/A (sky130_fd_sc_hd__buf_6)
     6    0.028018    0.038995    0.130632    1.301331 v fanout101/X (sky130_fd_sc_hd__buf_6)
                                                         net101 (net)
                      0.038995    0.000118    1.301449 v load_slew102/A (sky130_fd_sc_hd__buf_8)
     5    0.026373    0.034481    0.132027    1.433476 v load_slew102/X (sky130_fd_sc_hd__buf_8)
                                                         net102 (net)
                      0.034481    0.000147    1.433624 v _355_/A1 (sky130_fd_sc_hd__a21boi_2)
     1    0.009323    0.155736    0.164524    1.598148 ^ _355_/Y (sky130_fd_sc_hd__a21boi_2)
                                                         _084_ (net)
                      0.155736    0.000020    1.598168 ^ _356_/B1 (sky130_fd_sc_hd__o21ai_4)
     3    0.018632    0.097273    0.106090    1.704258 v _356_/Y (sky130_fd_sc_hd__o21ai_4)
                                                         _085_ (net)
                      0.097273    0.000132    1.704390 v _360_/B1 (sky130_fd_sc_hd__o2111ai_4)
     3    0.017075    0.234424    0.152553    1.856944 ^ _360_/Y (sky130_fd_sc_hd__o2111ai_4)
                                                         _089_ (net)
                      0.234424    0.000260    1.857204 ^ _377_/B (sky130_fd_sc_hd__nor2_4)
     3    0.018064    0.062353    0.078591    1.935795 v _377_/Y (sky130_fd_sc_hd__nor2_4)
                                                         _106_ (net)
                      0.062353    0.000036    1.935831 v _410_/B (sky130_fd_sc_hd__nand4_4)
     3    0.019373    0.110477    0.120991    2.056822 ^ _410_/Y (sky130_fd_sc_hd__nand4_4)
                                                         _139_ (net)
                      0.110477    0.000099    2.056921 ^ _415_/C (sky130_fd_sc_hd__nand3_4)
     3    0.015560    0.088672    0.107775    2.164696 v _415_/Y (sky130_fd_sc_hd__nand3_4)
                                                         _144_ (net)
                      0.088672    0.000191    2.164887 v rebuffer123/A (sky130_fd_sc_hd__buf_4)
     1    0.008282    0.030419    0.162270    2.327157 v rebuffer123/X (sky130_fd_sc_hd__buf_4)
                                                         net123 (net)
                      0.030419    0.000035    2.327192 v _574_/B2 (sky130_fd_sc_hd__o221ai_4)
     3    0.036368    0.347898    0.288533    2.615724 ^ _574_/Y (sky130_fd_sc_hd__o221ai_4)
                                                         _291_ (net)
                      0.347898    0.000610    2.616335 ^ _577_/B (sky130_fd_sc_hd__nand2_8)
     5    0.023602    0.077364    0.102368    2.718703 v _577_/Y (sky130_fd_sc_hd__nand2_8)
                                                         _294_ (net)
                      0.077364    0.000083    2.718786 v _580_/B1 (sky130_fd_sc_hd__a21o_2)
     1    0.002516    0.033268    0.199137    2.917922 v _580_/X (sky130_fd_sc_hd__a21o_2)
                                                         _297_ (net)
                      0.033268    0.000003    2.917926 v _581_/B (sky130_fd_sc_hd__and2b_4)
     1    0.005548    0.033357    0.163127    3.081053 v _581_/X (sky130_fd_sc_hd__and2b_4)
                                                         net86 (net)
                      0.033357    0.000028    3.081081 v output86/A (sky130_fd_sc_hd__buf_6)
     1    0.034312    0.043637    0.138416    3.219497 v output86/X (sky130_fd_sc_hd__buf_6)
                                                         S[28] (net)
                      0.043637    0.000145    3.219641 v S[28] (out)
                                              3.219641   data arrival time

                      0.000000    4.000000    4.000000   clock __VIRTUAL_CLK__ (rise edge)
                                  0.000000    4.000000   clock network delay (ideal)
                                 -0.250000    3.750000   clock uncertainty
                                  0.000000    3.750000   clock reconvergence pessimism
                                 -0.800000    2.950000   output external delay
                                              2.950000   data required time
---------------------------------------------------------------------------------------------
                                              2.950000   data required time
                                             -3.219641   data arrival time
---------------------------------------------------------------------------------------------
                                             -0.269641   slack (VIOLATED)


Startpoint: sub (input port clocked by __VIRTUAL_CLK__)
Endpoint: S[31] (output port clocked by __VIRTUAL_CLK__)
Path Group: __VIRTUAL_CLK__
Path Type: max

Fanout         Cap        Slew       Delay        Time   Description
---------------------------------------------------------------------------------------------
                      0.000000    0.000000    0.000000   clock __VIRTUAL_CLK__ (rise edge)
                                  0.000000    0.000000   clock network delay (ideal)
                                  0.800000    0.800000 v input external delay
     1    0.007368    0.018745    0.012503    0.812503 v sub (in)
                                                         sub (net)
                      0.018745    0.000000    0.812503 v input65/A (sky130_fd_sc_hd__buf_8)
     4    0.022361    0.031929    0.119995    0.932499 v input65/X (sky130_fd_sc_hd__buf_8)
                                                         net65 (net)
                      0.031929    0.000150    0.932648 v fanout108/A (sky130_fd_sc_hd__buf_6)
     3    0.014528    0.028947    0.120135    1.052783 v fanout108/X (sky130_fd_sc_hd__buf_6)
                                                         net108 (net)
                      0.028947    0.000047    1.052830 v fanout105/A (sky130_fd_sc_hd__buf_8)
     3    0.013746    0.027110    0.117742    1.170572 v fanout105/X (sky130_fd_sc_hd__buf_8)
                                                         net105 (net)
                      0.027110    0.000020    1.170592 v fanout103/A (sky130_fd_sc_hd__buf_6)
     3    0.011148    0.026205    0.113960    1.284552 v fanout103/X (sky130_fd_sc_hd__buf_6)
                                                         net103 (net)
                      0.026205    0.000061    1.284612 v load_slew104/A (sky130_fd_sc_hd__buf_8)
     8    0.046101    0.048092    0.141173    1.425785 v load_slew104/X (sky130_fd_sc_hd__buf_8)
                                                         net104 (net)
                      0.048092    0.000154    1.425939 v _426_/A (sky130_fd_sc_hd__nor2_4)
     2    0.011437    0.105208    0.131240    1.557179 ^ _426_/Y (sky130_fd_sc_hd__nor2_4)
                                                         _154_ (net)
                      0.105208    0.000019    1.557197 ^ _429_/A_N (sky130_fd_sc_hd__nand3b_2)
     3    0.012604    0.105601    0.171308    1.728505 ^ _429_/Y (sky130_fd_sc_hd__nand3b_2)
                                                         _157_ (net)
                      0.105601    0.000090    1.728595 ^ _431_/A (sky130_fd_sc_hd__nand2_2)
     2    0.017486    0.085270    0.103647    1.832242 v _431_/Y (sky130_fd_sc_hd__nand2_2)
                                                         _159_ (net)
                      0.085270    0.000029    1.832271 v _464_/B (sky130_fd_sc_hd__nor4_4)
     3    0.013741    0.294952    0.359210    2.191481 ^ _464_/Y (sky130_fd_sc_hd__nor4_4)
                                                         _189_ (net)
                      0.294952    0.000115    2.191597 ^ _519_/B (sky130_fd_sc_hd__nand2_2)
     2    0.010155    0.095618    0.121363    2.312959 v _519_/Y (sky130_fd_sc_hd__nand2_2)
                                                         _240_ (net)
                      0.095618    0.000009    2.312969 v _573_/B (sky130_fd_sc_hd__nor2_4)
     2    0.011433    0.100009    0.127064    2.440033 ^ _573_/Y (sky130_fd_sc_hd__nor2_4)
                                                         _290_ (net)
                      0.100009    0.000072    2.440105 ^ _574_/C1 (sky130_fd_sc_hd__o221ai_4)
     3    0.033569    0.167532    0.177472    2.617577 v _574_/Y (sky130_fd_sc_hd__o221ai_4)
                                                         _291_ (net)
                      0.167540    0.000561    2.618138 v _577_/B (sky130_fd_sc_hd__nand2_8)
     5    0.025008    0.078443    0.143286    2.761424 ^ _577_/Y (sky130_fd_sc_hd__nand2_8)
                                                         _294_ (net)
                      0.078443    0.000188    2.761611 ^ _605_/A (sky130_fd_sc_hd__nand4_4)
     1    0.008649    0.088760    0.084565    2.846176 v _605_/Y (sky130_fd_sc_hd__nand4_4)
                                                         _319_ (net)
                      0.088760    0.000024    2.846200 v _614_/A2 (sky130_fd_sc_hd__a22oi_4)
     1    0.005093    0.128371    0.204690    3.050890 ^ _614_/Y (sky130_fd_sc_hd__a22oi_4)
                                                         net90 (net)
                      0.128371    0.000008    3.050898 ^ output90/A (sky130_fd_sc_hd__buf_6)
     1    0.034155    0.076904    0.160244    3.211142 ^ output90/X (sky130_fd_sc_hd__buf_6)
                                                         S[31] (net)
                      0.076904    0.000106    3.211248 ^ S[31] (out)
                                              3.211248   data arrival time

                      0.000000    4.000000    4.000000   clock __VIRTUAL_CLK__ (rise edge)
                                  0.000000    4.000000   clock network delay (ideal)
                                 -0.250000    3.750000   clock uncertainty
                                  0.000000    3.750000   clock reconvergence pessimism
                                 -0.800000    2.950000   output external delay
                                              2.950000   data required time
---------------------------------------------------------------------------------------------
                                              2.950000   data required time
                                             -3.211248   data arrival time
---------------------------------------------------------------------------------------------
                                             -0.261248   slack (VIOLATED)


Startpoint: sub (input port clocked by __VIRTUAL_CLK__)
Endpoint: S[23] (output port clocked by __VIRTUAL_CLK__)
Path Group: __VIRTUAL_CLK__
Path Type: max

Fanout         Cap        Slew       Delay        Time   Description
---------------------------------------------------------------------------------------------
                      0.000000    0.000000    0.000000   clock __VIRTUAL_CLK__ (rise edge)
                                  0.000000    0.000000   clock network delay (ideal)
                                  0.800000    0.800000 v input external delay
     1    0.007368    0.018745    0.012503    0.812503 v sub (in)
                                                         sub (net)
                      0.018745    0.000000    0.812503 v input65/A (sky130_fd_sc_hd__buf_8)
     4    0.022361    0.031929    0.119995    0.932499 v input65/X (sky130_fd_sc_hd__buf_8)
                                                         net65 (net)
                      0.031929    0.000150    0.932648 v fanout108/A (sky130_fd_sc_hd__buf_6)
     3    0.014528    0.028947    0.120135    1.052783 v fanout108/X (sky130_fd_sc_hd__buf_6)
                                                         net108 (net)
                      0.028947    0.000047    1.052830 v fanout105/A (sky130_fd_sc_hd__buf_8)
     3    0.013746    0.027110    0.117742    1.170572 v fanout105/X (sky130_fd_sc_hd__buf_8)
                                                         net105 (net)
                      0.027110    0.000128    1.170699 v fanout101/A (sky130_fd_sc_hd__buf_6)
     6    0.028018    0.038995    0.130632    1.301331 v fanout101/X (sky130_fd_sc_hd__buf_6)
                                                         net101 (net)
                      0.038995    0.000118    1.301449 v load_slew102/A (sky130_fd_sc_hd__buf_8)
     5    0.026373    0.034481    0.132027    1.433476 v load_slew102/X (sky130_fd_sc_hd__buf_8)
                                                         net102 (net)
                      0.034481    0.000147    1.433624 v _355_/A1 (sky130_fd_sc_hd__a21boi_2)
     1    0.009323    0.155736    0.164524    1.598148 ^ _355_/Y (sky130_fd_sc_hd__a21boi_2)
                                                         _084_ (net)
                      0.155736    0.000020    1.598168 ^ _356_/B1 (sky130_fd_sc_hd__o21ai_4)
     3    0.018632    0.097273    0.106090    1.704258 v _356_/Y (sky130_fd_sc_hd__o21ai_4)
                                                         _085_ (net)
                      0.097273    0.000132    1.704390 v _360_/B1 (sky130_fd_sc_hd__o2111ai_4)
     3    0.017075    0.234424    0.152553    1.856944 ^ _360_/Y (sky130_fd_sc_hd__o2111ai_4)
                                                         _089_ (net)
                      0.234424    0.000260    1.857204 ^ _377_/B (sky130_fd_sc_hd__nor2_4)
     3    0.018064    0.062353    0.078591    1.935795 v _377_/Y (sky130_fd_sc_hd__nor2_4)
                                                         _106_ (net)
                      0.062353    0.000036    1.935831 v _410_/B (sky130_fd_sc_hd__nand4_4)
     3    0.019373    0.110477    0.120991    2.056822 ^ _410_/Y (sky130_fd_sc_hd__nand4_4)
                                                         _139_ (net)
                      0.110477    0.000099    2.056921 ^ _415_/C (sky130_fd_sc_hd__nand3_4)
     3    0.015560    0.088672    0.107775    2.164696 v _415_/Y (sky130_fd_sc_hd__nand3_4)
                                                         _144_ (net)
                      0.088672    0.000181    2.164877 v _424_/B1 (sky130_fd_sc_hd__o22ai_4)
     4    0.027620    0.266759    0.251470    2.416347 ^ _424_/Y (sky130_fd_sc_hd__o22ai_4)
                                                         _153_ (net)
                      0.266759    0.000169    2.416516 ^ _470_/B1 (sky130_fd_sc_hd__o22ai_4)
     5    0.019524    0.100849    0.153491    2.570006 v _470_/Y (sky130_fd_sc_hd__o22ai_4)
                                                         _195_ (net)
                      0.100849    0.000227    2.570234 v rebuffer128/A (sky130_fd_sc_hd__buf_2)
     1    0.009183    0.037446    0.164359    2.734592 v rebuffer128/X (sky130_fd_sc_hd__buf_2)
                                                         net128 (net)
                      0.037446    0.000050    2.734642 v _511_/A1 (sky130_fd_sc_hd__a211oi_4)
     1    0.009386    0.209230    0.235485    2.970128 ^ _511_/Y (sky130_fd_sc_hd__a211oi_4)
                                                         _233_ (net)
                      0.209230    0.000013    2.970141 ^ _513_/A (sky130_fd_sc_hd__nor2_4)
     1    0.003754    0.043542    0.059141    3.029282 v _513_/Y (sky130_fd_sc_hd__nor2_4)
                                                         net81 (net)
                      0.043542    0.000022    3.029304 v output81/A (sky130_fd_sc_hd__buf_4)
     1    0.035303    0.059986    0.177118    3.206421 v output81/X (sky130_fd_sc_hd__buf_4)
                                                         S[23] (net)
                      0.059987    0.000374    3.206796 v S[23] (out)
                                              3.206796   data arrival time

                      0.000000    4.000000    4.000000   clock __VIRTUAL_CLK__ (rise edge)
                                  0.000000    4.000000   clock network delay (ideal)
                                 -0.250000    3.750000   clock uncertainty
                                  0.000000    3.750000   clock reconvergence pessimism
                                 -0.800000    2.950000   output external delay
                                              2.950000   data required time
---------------------------------------------------------------------------------------------
                                              2.950000   data required time
                                             -3.206796   data arrival time
---------------------------------------------------------------------------------------------
                                             -0.256796   slack (VIOLATED)


Startpoint: sub (input port clocked by __VIRTUAL_CLK__)
Endpoint: S[22] (output port clocked by __VIRTUAL_CLK__)
Path Group: __VIRTUAL_CLK__
Path Type: max

Fanout         Cap        Slew       Delay        Time   Description
---------------------------------------------------------------------------------------------
                      0.000000    0.000000    0.000000   clock __VIRTUAL_CLK__ (rise edge)
                                  0.000000    0.000000   clock network delay (ideal)
                                  0.800000    0.800000 v input external delay
     1    0.007368    0.018745    0.012503    0.812503 v sub (in)
                                                         sub (net)
                      0.018745    0.000000    0.812503 v input65/A (sky130_fd_sc_hd__buf_8)
     4    0.022361    0.031929    0.119995    0.932499 v input65/X (sky130_fd_sc_hd__buf_8)
                                                         net65 (net)
                      0.031929    0.000150    0.932648 v fanout108/A (sky130_fd_sc_hd__buf_6)
     3    0.014528    0.028947    0.120135    1.052783 v fanout108/X (sky130_fd_sc_hd__buf_6)
                                                         net108 (net)
                      0.028947    0.000047    1.052830 v fanout105/A (sky130_fd_sc_hd__buf_8)
     3    0.013746    0.027110    0.117742    1.170572 v fanout105/X (sky130_fd_sc_hd__buf_8)
                                                         net105 (net)
                      0.027110    0.000020    1.170592 v fanout103/A (sky130_fd_sc_hd__buf_6)
     3    0.011148    0.026205    0.113960    1.284552 v fanout103/X (sky130_fd_sc_hd__buf_6)
                                                         net103 (net)
                      0.026205    0.000061    1.284612 v load_slew104/A (sky130_fd_sc_hd__buf_8)
     8    0.046101    0.048092    0.141173    1.425785 v load_slew104/X (sky130_fd_sc_hd__buf_8)
                                                         net104 (net)
                      0.048094    0.000325    1.426110 v _395_/A (sky130_fd_sc_hd__and2_4)
     4    0.019254    0.047159    0.165715    1.591825 v _395_/X (sky130_fd_sc_hd__and2_4)
                                                         _124_ (net)
                      0.047159    0.000039    1.591864 v _396_/A1 (sky130_fd_sc_hd__o21bai_4)
     3    0.011163    0.128447    0.163416    1.755280 ^ _396_/Y (sky130_fd_sc_hd__o21bai_4)
                                                         _125_ (net)
                      0.128447    0.000047    1.755326 ^ _418_/A (sky130_fd_sc_hd__nand2_2)
     1    0.009274    0.058892    0.083272    1.838598 v _418_/Y (sky130_fd_sc_hd__nand2_2)
                                                         _147_ (net)
                      0.058892    0.000037    1.838635 v _419_/B1 (sky130_fd_sc_hd__o22ai_4)
     3    0.017702    0.205658    0.189738    2.028373 ^ _419_/Y (sky130_fd_sc_hd__o22ai_4)
                                                         _148_ (net)
                      0.205658    0.000252    2.028625 ^ _420_/A (sky130_fd_sc_hd__nand3_2)
     2    0.013996    0.116802    0.146782    2.175407 v _420_/Y (sky130_fd_sc_hd__nand3_2)
                                                         _149_ (net)
                      0.116802    0.000091    2.175498 v _422_/A (sky130_fd_sc_hd__nand2_4)
     3    0.028190    0.098646    0.134449    2.309947 ^ _422_/Y (sky130_fd_sc_hd__nand2_4)
                                                         _151_ (net)
                      0.098646    0.000083    2.310031 ^ _424_/B2 (sky130_fd_sc_hd__o22ai_4)
     4    0.025945    0.101308    0.111441    2.421472 v _424_/Y (sky130_fd_sc_hd__o22ai_4)
                                                         _153_ (net)
                      0.101308    0.000158    2.421630 v _470_/B1 (sky130_fd_sc_hd__o22ai_4)
     5    0.020946    0.225565    0.222721    2.644351 ^ _470_/Y (sky130_fd_sc_hd__o22ai_4)
                                                         _195_ (net)
                      0.225566    0.000237    2.644589 ^ rebuffer147/A (sky130_fd_sc_hd__buf_2)
     1    0.005466    0.042717    0.165148    2.809736 ^ rebuffer147/X (sky130_fd_sc_hd__buf_2)
                                                         net147 (net)
                      0.042717    0.000011    2.809748 ^ _487_/A1_N (sky130_fd_sc_hd__o2bb2ai_2)
     1    0.004850    0.109698    0.105335    2.915082 ^ _487_/Y (sky130_fd_sc_hd__o2bb2ai_2)
                                                         _210_ (net)
                      0.109698    0.000009    2.915091 ^ _496_/A (sky130_fd_sc_hd__nand2_2)
     1    0.009263    0.055587    0.078352    2.993443 v _496_/Y (sky130_fd_sc_hd__nand2_2)
                                                         _219_ (net)
                      0.055587    0.000049    2.993492 v _497_/B (sky130_fd_sc_hd__nand2_4)
     1    0.005063    0.038352    0.067349    3.060842 ^ _497_/Y (sky130_fd_sc_hd__nand2_4)
                                                         net80 (net)
                      0.038352    0.000007    3.060849 ^ output80/A (sky130_fd_sc_hd__buf_6)
     1    0.034566    0.077322    0.129463    3.190311 ^ output80/X (sky130_fd_sc_hd__buf_6)
                                                         S[22] (net)
                      0.077322    0.000262    3.190573 ^ S[22] (out)
                                              3.190573   data arrival time

                      0.000000    4.000000    4.000000   clock __VIRTUAL_CLK__ (rise edge)
                                  0.000000    4.000000   clock network delay (ideal)
                                 -0.250000    3.750000   clock uncertainty
                                  0.000000    3.750000   clock reconvergence pessimism
                                 -0.800000    2.950000   output external delay
                                              2.950000   data required time
---------------------------------------------------------------------------------------------
                                              2.950000   data required time
                                             -3.190573   data arrival time
---------------------------------------------------------------------------------------------
                                             -0.240573   slack (VIOLATED)


Startpoint: sub (input port clocked by __VIRTUAL_CLK__)
Endpoint: S[10] (output port clocked by __VIRTUAL_CLK__)
Path Group: __VIRTUAL_CLK__
Path Type: max

Fanout         Cap        Slew       Delay        Time   Description
---------------------------------------------------------------------------------------------
                      0.000000    0.000000    0.000000   clock __VIRTUAL_CLK__ (rise edge)
                                  0.000000    0.000000   clock network delay (ideal)
                                  0.800000    0.800000 v input external delay
     1    0.007368    0.018745    0.012503    0.812503 v sub (in)
                                                         sub (net)
                      0.018745    0.000000    0.812503 v input65/A (sky130_fd_sc_hd__buf_8)
     4    0.022361    0.031929    0.119995    0.932499 v input65/X (sky130_fd_sc_hd__buf_8)
                                                         net65 (net)
                      0.031929    0.000150    0.932648 v fanout108/A (sky130_fd_sc_hd__buf_6)
     3    0.014528    0.028947    0.120135    1.052783 v fanout108/X (sky130_fd_sc_hd__buf_6)
                                                         net108 (net)
                      0.028947    0.000047    1.052830 v fanout105/A (sky130_fd_sc_hd__buf_8)
     3    0.013746    0.027110    0.117742    1.170572 v fanout105/X (sky130_fd_sc_hd__buf_8)
                                                         net105 (net)
                      0.027110    0.000020    1.170592 v fanout103/A (sky130_fd_sc_hd__buf_6)
     3    0.011148    0.026205    0.113960    1.284552 v fanout103/X (sky130_fd_sc_hd__buf_6)
                                                         net103 (net)
                      0.026205    0.000061    1.284612 v load_slew104/A (sky130_fd_sc_hd__buf_8)
     8    0.046101    0.048092    0.141173    1.425785 v load_slew104/X (sky130_fd_sc_hd__buf_8)
                                                         net104 (net)
                      0.048094    0.000320    1.426105 v _397_/A1 (sky130_fd_sc_hd__o21ai_4)
     3    0.011685    0.142741    0.176431    1.602535 ^ _397_/Y (sky130_fd_sc_hd__o21ai_4)
                                                         _126_ (net)
                      0.142741    0.000037    1.602572 ^ _416_/B2 (sky130_fd_sc_hd__o22ai_2)
     2    0.009114    0.077438    0.103775    1.706347 v _416_/Y (sky130_fd_sc_hd__o22ai_2)
                                                         _145_ (net)
                      0.077438    0.000020    1.706367 v _417_/B1 (sky130_fd_sc_hd__a21oi_2)
     1    0.009217    0.148752    0.162473    1.868840 ^ _417_/Y (sky130_fd_sc_hd__a21oi_2)
                                                         _146_ (net)
                      0.148752    0.000028    1.868868 ^ _419_/B2 (sky130_fd_sc_hd__o22ai_4)
     3    0.016449    0.075398    0.108474    1.977342 v _419_/Y (sky130_fd_sc_hd__o22ai_4)
                                                         _148_ (net)
                      0.075399    0.000185    1.977527 v _624_/B1 (sky130_fd_sc_hd__a21oi_2)
     3    0.019530    0.260460    0.245782    2.223309 ^ _624_/Y (sky130_fd_sc_hd__a21oi_2)
                                                         _333_ (net)
                      0.260460    0.000109    2.223418 ^ _632_/B2 (sky130_fd_sc_hd__o2bb2ai_2)
     3    0.018805    0.103702    0.149089    2.372507 v _632_/Y (sky130_fd_sc_hd__o2bb2ai_2)
                                                         _337_ (net)
                      0.103702    0.000317    2.372823 v _636_/A1 (sky130_fd_sc_hd__a21oi_2)
     2    0.014553    0.204865    0.238984    2.611808 ^ _636_/Y (sky130_fd_sc_hd__a21oi_2)
                                                         _339_ (net)
                      0.204865    0.000065    2.611873 ^ _637_/B (sky130_fd_sc_hd__xor2_2)
     1    0.002365    0.086847    0.144433    2.756306 ^ _637_/X (sky130_fd_sc_hd__xor2_2)
                                                         net67 (net)
                      0.086847    0.000008    2.756314 ^ output67/A (sky130_fd_sc_hd__dlymetal6s4s_1)
     1    0.034813    0.353618    0.419123    3.175436 ^ output67/X (sky130_fd_sc_hd__dlymetal6s4s_1)
                                                         S[10] (net)
                      0.353618    0.000221    3.175658 ^ S[10] (out)
                                              3.175658   data arrival time

                      0.000000    4.000000    4.000000   clock __VIRTUAL_CLK__ (rise edge)
                                  0.000000    4.000000   clock network delay (ideal)
                                 -0.250000    3.750000   clock uncertainty
                                  0.000000    3.750000   clock reconvergence pessimism
                                 -0.800000    2.950000   output external delay
                                              2.950000   data required time
---------------------------------------------------------------------------------------------
                                              2.950000   data required time
                                             -3.175658   data arrival time
---------------------------------------------------------------------------------------------
                                             -0.225658   slack (VIOLATED)


Startpoint: sub (input port clocked by __VIRTUAL_CLK__)
Endpoint: S[24] (output port clocked by __VIRTUAL_CLK__)
Path Group: __VIRTUAL_CLK__
Path Type: max

Fanout         Cap        Slew       Delay        Time   Description
---------------------------------------------------------------------------------------------
                      0.000000    0.000000    0.000000   clock __VIRTUAL_CLK__ (rise edge)
                                  0.000000    0.000000   clock network delay (ideal)
                                  0.800000    0.800000 v input external delay
     1    0.007368    0.018745    0.012503    0.812503 v sub (in)
                                                         sub (net)
                      0.018745    0.000000    0.812503 v input65/A (sky130_fd_sc_hd__buf_8)
     4    0.022361    0.031929    0.119995    0.932499 v input65/X (sky130_fd_sc_hd__buf_8)
                                                         net65 (net)
                      0.031929    0.000150    0.932648 v fanout108/A (sky130_fd_sc_hd__buf_6)
     3    0.014528    0.028947    0.120135    1.052783 v fanout108/X (sky130_fd_sc_hd__buf_6)
                                                         net108 (net)
                      0.028947    0.000047    1.052830 v fanout105/A (sky130_fd_sc_hd__buf_8)
     3    0.013746    0.027110    0.117742    1.170572 v fanout105/X (sky130_fd_sc_hd__buf_8)
                                                         net105 (net)
                      0.027110    0.000128    1.170699 v fanout101/A (sky130_fd_sc_hd__buf_6)
     6    0.028018    0.038995    0.130632    1.301331 v fanout101/X (sky130_fd_sc_hd__buf_6)
                                                         net101 (net)
                      0.038995    0.000118    1.301449 v load_slew102/A (sky130_fd_sc_hd__buf_8)
     5    0.026373    0.034481    0.132027    1.433476 v load_slew102/X (sky130_fd_sc_hd__buf_8)
                                                         net102 (net)
                      0.034481    0.000037    1.433514 v _352_/A_N (sky130_fd_sc_hd__nand2b_4)
     1    0.008676    0.074258    0.144598    1.578112 v _352_/Y (sky130_fd_sc_hd__nand2b_4)
                                                         _081_ (net)
                      0.074258    0.000014    1.578125 v _358_/C (sky130_fd_sc_hd__nand3_4)
     1    0.010654    0.071227    0.103321    1.681446 ^ _358_/Y (sky130_fd_sc_hd__nand3_4)
                                                         _087_ (net)
                      0.071227    0.000096    1.681542 ^ _360_/C1 (sky130_fd_sc_hd__o2111ai_4)
     3    0.015452    0.137688    0.150847    1.832389 v _360_/Y (sky130_fd_sc_hd__o2111ai_4)
                                                         _089_ (net)
                      0.137688    0.000232    1.832621 v _377_/B (sky130_fd_sc_hd__nor2_4)
     3    0.019127    0.149311    0.178523    2.011143 ^ _377_/Y (sky130_fd_sc_hd__nor2_4)
                                                         _106_ (net)
                      0.149311    0.000038    2.011182 ^ _410_/B (sky130_fd_sc_hd__nand4_4)
     3    0.017995    0.118398    0.150435    2.161617 v _410_/Y (sky130_fd_sc_hd__nand4_4)
                                                         _139_ (net)
                      0.118398    0.000092    2.161709 v _415_/C (sky130_fd_sc_hd__nand3_4)
     3    0.016701    0.088099    0.138013    2.299722 ^ _415_/Y (sky130_fd_sc_hd__nand3_4)
                                                         _144_ (net)
                      0.088099    0.000199    2.299921 ^ rebuffer131/A (sky130_fd_sc_hd__buf_4)
     1    0.008914    0.038447    0.127705    2.427626 ^ rebuffer131/X (sky130_fd_sc_hd__buf_4)
                                                         net131 (net)
                      0.038447    0.000019    2.427645 ^ _520_/B2 (sky130_fd_sc_hd__o221ai_4)
     4    0.022311    0.126465    0.131483    2.559128 v _520_/Y (sky130_fd_sc_hd__o221ai_4)
                                                         _241_ (net)
                      0.126465    0.000272    2.559400 v _529_/A2 (sky130_fd_sc_hd__a21o_2)
     2    0.006744    0.043250    0.261894    2.821294 v _529_/X (sky130_fd_sc_hd__a21o_2)
                                                         _250_ (net)
                      0.043250    0.000012    2.821306 v _531_/A (sky130_fd_sc_hd__and2_2)
     1    0.005959    0.044071    0.181829    3.003134 v _531_/X (sky130_fd_sc_hd__and2_2)
                                                         net82 (net)
                      0.044071    0.000050    3.003185 v output82/A (sky130_fd_sc_hd__buf_6)
     1    0.035269    0.044404    0.143914    3.147099 v output82/X (sky130_fd_sc_hd__buf_6)
                                                         S[24] (net)
                      0.044406    0.000391    3.147490 v S[24] (out)
                                              3.147490   data arrival time

                      0.000000    4.000000    4.000000   clock __VIRTUAL_CLK__ (rise edge)
                                  0.000000    4.000000   clock network delay (ideal)
                                 -0.250000    3.750000   clock uncertainty
                                  0.000000    3.750000   clock reconvergence pessimism
                                 -0.800000    2.950000   output external delay
                                              2.950000   data required time
---------------------------------------------------------------------------------------------
                                              2.950000   data required time
                                             -3.147490   data arrival time
---------------------------------------------------------------------------------------------
                                             -0.197490   slack (VIOLATED)


Startpoint: sub (input port clocked by __VIRTUAL_CLK__)
Endpoint: S[20] (output port clocked by __VIRTUAL_CLK__)
Path Group: __VIRTUAL_CLK__
Path Type: max

Fanout         Cap        Slew       Delay        Time   Description
---------------------------------------------------------------------------------------------
                      0.000000    0.000000    0.000000   clock __VIRTUAL_CLK__ (rise edge)
                                  0.000000    0.000000   clock network delay (ideal)
                                  0.800000    0.800000 v input external delay
     1    0.007368    0.018745    0.012503    0.812503 v sub (in)
                                                         sub (net)
                      0.018745    0.000000    0.812503 v input65/A (sky130_fd_sc_hd__buf_8)
     4    0.022361    0.031929    0.119995    0.932499 v input65/X (sky130_fd_sc_hd__buf_8)
                                                         net65 (net)
                      0.031929    0.000150    0.932648 v fanout108/A (sky130_fd_sc_hd__buf_6)
     3    0.014528    0.028947    0.120135    1.052783 v fanout108/X (sky130_fd_sc_hd__buf_6)
                                                         net108 (net)
                      0.028947    0.000047    1.052830 v fanout105/A (sky130_fd_sc_hd__buf_8)
     3    0.013746    0.027110    0.117742    1.170572 v fanout105/X (sky130_fd_sc_hd__buf_8)
                                                         net105 (net)
                      0.027110    0.000020    1.170592 v fanout103/A (sky130_fd_sc_hd__buf_6)
     3    0.011148    0.026205    0.113960    1.284552 v fanout103/X (sky130_fd_sc_hd__buf_6)
                                                         net103 (net)
                      0.026205    0.000061    1.284612 v load_slew104/A (sky130_fd_sc_hd__buf_8)
     8    0.046101    0.048092    0.141173    1.425785 v load_slew104/X (sky130_fd_sc_hd__buf_8)
                                                         net104 (net)
                      0.048094    0.000325    1.426110 v _395_/A (sky130_fd_sc_hd__and2_4)
     4    0.019254    0.047159    0.165715    1.591825 v _395_/X (sky130_fd_sc_hd__and2_4)
                                                         _124_ (net)
                      0.047159    0.000039    1.591864 v _396_/A1 (sky130_fd_sc_hd__o21bai_4)
     3    0.011163    0.128447    0.163416    1.755280 ^ _396_/Y (sky130_fd_sc_hd__o21bai_4)
                                                         _125_ (net)
                      0.128447    0.000047    1.755326 ^ _418_/A (sky130_fd_sc_hd__nand2_2)
     1    0.009274    0.058892    0.083272    1.838598 v _418_/Y (sky130_fd_sc_hd__nand2_2)
                                                         _147_ (net)
                      0.058892    0.000037    1.838635 v _419_/B1 (sky130_fd_sc_hd__o22ai_4)
     3    0.017702    0.205658    0.189738    2.028373 ^ _419_/Y (sky130_fd_sc_hd__o22ai_4)
                                                         _148_ (net)
                      0.205658    0.000252    2.028625 ^ _420_/A (sky130_fd_sc_hd__nand3_2)
     2    0.013996    0.116802    0.146782    2.175407 v _420_/Y (sky130_fd_sc_hd__nand3_2)
                                                         _149_ (net)
                      0.116802    0.000091    2.175498 v _422_/A (sky130_fd_sc_hd__nand2_4)
     3    0.028190    0.098646    0.134449    2.309947 ^ _422_/Y (sky130_fd_sc_hd__nand2_4)
                                                         _151_ (net)
                      0.098646    0.000083    2.310031 ^ _424_/B2 (sky130_fd_sc_hd__o22ai_4)
     4    0.025945    0.101308    0.111441    2.421472 v _424_/Y (sky130_fd_sc_hd__o22ai_4)
                                                         _153_ (net)
                      0.101308    0.000158    2.421630 v _470_/B1 (sky130_fd_sc_hd__o22ai_4)
     5    0.020946    0.225565    0.222721    2.644351 ^ _470_/Y (sky130_fd_sc_hd__o22ai_4)
                                                         _195_ (net)
                      0.225565    0.000168    2.644519 ^ max_cap99/A (sky130_fd_sc_hd__buf_6)
     3    0.027439    0.065916    0.172276    2.816796 ^ max_cap99/X (sky130_fd_sc_hd__buf_6)
                                                         net99 (net)
                      0.065916    0.000242    2.817038 ^ _471_/B (sky130_fd_sc_hd__xor2_4)
     1    0.006510    0.113658    0.153642    2.970679 ^ _471_/X (sky130_fd_sc_hd__xor2_4)
                                                         net78 (net)
                      0.113658    0.000045    2.970724 ^ output78/A (sky130_fd_sc_hd__buf_6)
     1    0.034685    0.077790    0.156496    3.127220 ^ output78/X (sky130_fd_sc_hd__buf_6)
                                                         S[20] (net)
                      0.077790    0.000280    3.127499 ^ S[20] (out)
                                              3.127499   data arrival time

                      0.000000    4.000000    4.000000   clock __VIRTUAL_CLK__ (rise edge)
                                  0.000000    4.000000   clock network delay (ideal)
                                 -0.250000    3.750000   clock uncertainty
                                  0.000000    3.750000   clock reconvergence pessimism
                                 -0.800000    2.950000   output external delay
                                              2.950000   data required time
---------------------------------------------------------------------------------------------
                                              2.950000   data required time
                                             -3.127499   data arrival time
---------------------------------------------------------------------------------------------
                                             -0.177500   slack (VIOLATED)


Startpoint: sub (input port clocked by __VIRTUAL_CLK__)
Endpoint: S[15] (output port clocked by __VIRTUAL_CLK__)
Path Group: __VIRTUAL_CLK__
Path Type: max

Fanout         Cap        Slew       Delay        Time   Description
---------------------------------------------------------------------------------------------
                      0.000000    0.000000    0.000000   clock __VIRTUAL_CLK__ (rise edge)
                                  0.000000    0.000000   clock network delay (ideal)
                                  0.800000    0.800000 v input external delay
     1    0.007368    0.018745    0.012503    0.812503 v sub (in)
                                                         sub (net)
                      0.018745    0.000000    0.812503 v input65/A (sky130_fd_sc_hd__buf_8)
     4    0.022361    0.031929    0.119995    0.932499 v input65/X (sky130_fd_sc_hd__buf_8)
                                                         net65 (net)
                      0.031929    0.000150    0.932648 v fanout108/A (sky130_fd_sc_hd__buf_6)
     3    0.014528    0.028947    0.120135    1.052783 v fanout108/X (sky130_fd_sc_hd__buf_6)
                                                         net108 (net)
                      0.028947    0.000047    1.052830 v fanout105/A (sky130_fd_sc_hd__buf_8)
     3    0.013746    0.027110    0.117742    1.170572 v fanout105/X (sky130_fd_sc_hd__buf_8)
                                                         net105 (net)
                      0.027110    0.000020    1.170592 v fanout103/A (sky130_fd_sc_hd__buf_6)
     3    0.011148    0.026205    0.113960    1.284552 v fanout103/X (sky130_fd_sc_hd__buf_6)
                                                         net103 (net)
                      0.026205    0.000061    1.284612 v load_slew104/A (sky130_fd_sc_hd__buf_8)
     8    0.046101    0.048092    0.141173    1.425785 v load_slew104/X (sky130_fd_sc_hd__buf_8)
                                                         net104 (net)
                      0.048094    0.000320    1.426105 v _397_/A1 (sky130_fd_sc_hd__o21ai_4)
     3    0.011685    0.142741    0.176431    1.602535 ^ _397_/Y (sky130_fd_sc_hd__o21ai_4)
                                                         _126_ (net)
                      0.142741    0.000037    1.602572 ^ _416_/B2 (sky130_fd_sc_hd__o22ai_2)
     2    0.009114    0.077438    0.103775    1.706347 v _416_/Y (sky130_fd_sc_hd__o22ai_2)
                                                         _145_ (net)
                      0.077438    0.000020    1.706367 v _417_/B1 (sky130_fd_sc_hd__a21oi_2)
     1    0.009217    0.148752    0.162473    1.868840 ^ _417_/Y (sky130_fd_sc_hd__a21oi_2)
                                                         _146_ (net)
                      0.148752    0.000028    1.868868 ^ _419_/B2 (sky130_fd_sc_hd__o22ai_4)
     3    0.016449    0.075398    0.108474    1.977342 v _419_/Y (sky130_fd_sc_hd__o22ai_4)
                                                         _148_ (net)
                      0.075399    0.000234    1.977576 v _420_/A (sky130_fd_sc_hd__nand3_2)
     2    0.014847    0.098078    0.111293    2.088869 ^ _420_/Y (sky130_fd_sc_hd__nand3_2)
                                                         _149_ (net)
                      0.098078    0.000031    2.088900 ^ _640_/C (sky130_fd_sc_hd__nand4_2)
     4    0.020487    0.180808    0.197658    2.286558 v _640_/Y (sky130_fd_sc_hd__nand4_2)
                                                         _341_ (net)
                      0.180808    0.000194    2.286752 v _646_/A1 (sky130_fd_sc_hd__a21o_2)
     2    0.006183    0.042008    0.259296    2.546048 v _646_/X (sky130_fd_sc_hd__a21o_2)
                                                         _345_ (net)
                      0.042008    0.000015    2.546064 v _648_/D (sky130_fd_sc_hd__and4_2)
     1    0.008660    0.055495    0.257202    2.803266 v _648_/X (sky130_fd_sc_hd__and4_2)
                                                         _346_ (net)
                      0.055495    0.000017    2.803283 v _650_/A (sky130_fd_sc_hd__nor2_4)
     1    0.003301    0.058853    0.097824    2.901107 ^ _650_/Y (sky130_fd_sc_hd__nor2_4)
                                                         net72 (net)
                      0.058853    0.000016    2.901122 ^ output72/A (sky130_fd_sc_hd__clkbuf_2)
     1    0.034488    0.190008    0.223170    3.124292 ^ output72/X (sky130_fd_sc_hd__clkbuf_2)
                                                         S[15] (net)
                      0.190008    0.000177    3.124469 ^ S[15] (out)
                                              3.124469   data arrival time

                      0.000000    4.000000    4.000000   clock __VIRTUAL_CLK__ (rise edge)
                                  0.000000    4.000000   clock network delay (ideal)
                                 -0.250000    3.750000   clock uncertainty
                                  0.000000    3.750000   clock reconvergence pessimism
                                 -0.800000    2.950000   output external delay
                                              2.950000   data required time
---------------------------------------------------------------------------------------------
                                              2.950000   data required time
                                             -3.124469   data arrival time
---------------------------------------------------------------------------------------------
                                             -0.174469   slack (VIOLATED)


Startpoint: sub (input port clocked by __VIRTUAL_CLK__)
Endpoint: carryOut (output port clocked by __VIRTUAL_CLK__)
Path Group: __VIRTUAL_CLK__
Path Type: max

Fanout         Cap        Slew       Delay        Time   Description
---------------------------------------------------------------------------------------------
                      0.000000    0.000000    0.000000   clock __VIRTUAL_CLK__ (rise edge)
                                  0.000000    0.000000   clock network delay (ideal)
                                  0.800000    0.800000 v input external delay
     1    0.007368    0.018745    0.012503    0.812503 v sub (in)
                                                         sub (net)
                      0.018745    0.000000    0.812503 v input65/A (sky130_fd_sc_hd__buf_8)
     4    0.022361    0.031929    0.119995    0.932499 v input65/X (sky130_fd_sc_hd__buf_8)
                                                         net65 (net)
                      0.031929    0.000150    0.932648 v fanout108/A (sky130_fd_sc_hd__buf_6)
     3    0.014528    0.028947    0.120135    1.052783 v fanout108/X (sky130_fd_sc_hd__buf_6)
                                                         net108 (net)
                      0.028947    0.000047    1.052830 v fanout105/A (sky130_fd_sc_hd__buf_8)
     3    0.013746    0.027110    0.117742    1.170572 v fanout105/X (sky130_fd_sc_hd__buf_8)
                                                         net105 (net)
                      0.027110    0.000128    1.170699 v fanout101/A (sky130_fd_sc_hd__buf_6)
     6    0.028018    0.038995    0.130632    1.301331 v fanout101/X (sky130_fd_sc_hd__buf_6)
                                                         net101 (net)
                      0.038995    0.000118    1.301449 v load_slew102/A (sky130_fd_sc_hd__buf_8)
     5    0.026373    0.034481    0.132027    1.433476 v load_slew102/X (sky130_fd_sc_hd__buf_8)
                                                         net102 (net)
                      0.034481    0.000147    1.433624 v _355_/A1 (sky130_fd_sc_hd__a21boi_2)
     1    0.009323    0.155736    0.164524    1.598148 ^ _355_/Y (sky130_fd_sc_hd__a21boi_2)
                                                         _084_ (net)
                      0.155736    0.000020    1.598168 ^ _356_/B1 (sky130_fd_sc_hd__o21ai_4)
     3    0.018632    0.097273    0.106090    1.704258 v _356_/Y (sky130_fd_sc_hd__o21ai_4)
                                                         _085_ (net)
                      0.097273    0.000132    1.704390 v _360_/B1 (sky130_fd_sc_hd__o2111ai_4)
     3    0.017075    0.234424    0.152553    1.856944 ^ _360_/Y (sky130_fd_sc_hd__o2111ai_4)
                                                         _089_ (net)
                      0.234424    0.000260    1.857204 ^ _377_/B (sky130_fd_sc_hd__nor2_4)
     3    0.018064    0.062353    0.078591    1.935795 v _377_/Y (sky130_fd_sc_hd__nor2_4)
                                                         _106_ (net)
                      0.062353    0.000036    1.935831 v _410_/B (sky130_fd_sc_hd__nand4_4)
     3    0.019373    0.110477    0.120991    2.056822 ^ _410_/Y (sky130_fd_sc_hd__nand4_4)
                                                         _139_ (net)
                      0.110477    0.000099    2.056921 ^ _415_/C (sky130_fd_sc_hd__nand3_4)
     3    0.015560    0.088672    0.107775    2.164696 v _415_/Y (sky130_fd_sc_hd__nand3_4)
                                                         _144_ (net)
                      0.088672    0.000191    2.164887 v rebuffer123/A (sky130_fd_sc_hd__buf_4)
     1    0.008282    0.030419    0.162270    2.327157 v rebuffer123/X (sky130_fd_sc_hd__buf_4)
                                                         net123 (net)
                      0.030419    0.000035    2.327192 v _574_/B2 (sky130_fd_sc_hd__o221ai_4)
     3    0.036368    0.347898    0.288533    2.615724 ^ _574_/Y (sky130_fd_sc_hd__o221ai_4)
                                                         _291_ (net)
                      0.347898    0.000610    2.616335 ^ _577_/B (sky130_fd_sc_hd__nand2_8)
     5    0.023602    0.077364    0.102368    2.718703 v _577_/Y (sky130_fd_sc_hd__nand2_8)
                                                         _294_ (net)
                      0.077364    0.000160    2.718862 v _610_/A1 (sky130_fd_sc_hd__a21boi_2)
     1    0.010524    0.155392    0.192704    2.911566 ^ _610_/Y (sky130_fd_sc_hd__a21boi_2)
                                                         _324_ (net)
                      0.155392    0.000097    2.911663 ^ _651_/B2 (sky130_fd_sc_hd__o2bb2ai_4)
     1    0.004640    0.039581    0.069581    2.981244 v _651_/Y (sky130_fd_sc_hd__o2bb2ai_4)
                                                         net98 (net)
                      0.039581    0.000008    2.981251 v output98/A (sky130_fd_sc_hd__buf_6)
     1    0.034817    0.044031    0.141596    3.122848 v output98/X (sky130_fd_sc_hd__buf_6)
                                                         carryOut (net)
                      0.044031    0.000242    3.123090 v carryOut (out)
                                              3.123090   data arrival time

                      0.000000    4.000000    4.000000   clock __VIRTUAL_CLK__ (rise edge)
                                  0.000000    4.000000   clock network delay (ideal)
                                 -0.250000    3.750000   clock uncertainty
                                  0.000000    3.750000   clock reconvergence pessimism
                                 -0.800000    2.950000   output external delay
                                              2.950000   data required time
---------------------------------------------------------------------------------------------
                                              2.950000   data required time
                                             -3.123090   data arrival time
---------------------------------------------------------------------------------------------
                                             -0.173090   slack (VIOLATED)


Startpoint: sub (input port clocked by __VIRTUAL_CLK__)
Endpoint: S[26] (output port clocked by __VIRTUAL_CLK__)
Path Group: __VIRTUAL_CLK__
Path Type: max

Fanout         Cap        Slew       Delay        Time   Description
---------------------------------------------------------------------------------------------
                      0.000000    0.000000    0.000000   clock __VIRTUAL_CLK__ (rise edge)
                                  0.000000    0.000000   clock network delay (ideal)
                                  0.800000    0.800000 v input external delay
     1    0.007368    0.018745    0.012503    0.812503 v sub (in)
                                                         sub (net)
                      0.018745    0.000000    0.812503 v input65/A (sky130_fd_sc_hd__buf_8)
     4    0.022361    0.031929    0.119995    0.932499 v input65/X (sky130_fd_sc_hd__buf_8)
                                                         net65 (net)
                      0.031929    0.000150    0.932648 v fanout108/A (sky130_fd_sc_hd__buf_6)
     3    0.014528    0.028947    0.120135    1.052783 v fanout108/X (sky130_fd_sc_hd__buf_6)
                                                         net108 (net)
                      0.028947    0.000047    1.052830 v fanout105/A (sky130_fd_sc_hd__buf_8)
     3    0.013746    0.027110    0.117742    1.170572 v fanout105/X (sky130_fd_sc_hd__buf_8)
                                                         net105 (net)
                      0.027110    0.000128    1.170699 v fanout101/A (sky130_fd_sc_hd__buf_6)
     6    0.028018    0.038995    0.130632    1.301331 v fanout101/X (sky130_fd_sc_hd__buf_6)
                                                         net101 (net)
                      0.038995    0.000118    1.301449 v load_slew102/A (sky130_fd_sc_hd__buf_8)
     5    0.026373    0.034481    0.132027    1.433476 v load_slew102/X (sky130_fd_sc_hd__buf_8)
                                                         net102 (net)
                      0.034481    0.000037    1.433514 v _352_/A_N (sky130_fd_sc_hd__nand2b_4)
     1    0.008676    0.074258    0.144598    1.578112 v _352_/Y (sky130_fd_sc_hd__nand2b_4)
                                                         _081_ (net)
                      0.074258    0.000014    1.578125 v _358_/C (sky130_fd_sc_hd__nand3_4)
     1    0.010654    0.071227    0.103321    1.681446 ^ _358_/Y (sky130_fd_sc_hd__nand3_4)
                                                         _087_ (net)
                      0.071227    0.000096    1.681542 ^ _360_/C1 (sky130_fd_sc_hd__o2111ai_4)
     3    0.015452    0.137688    0.150847    1.832389 v _360_/Y (sky130_fd_sc_hd__o2111ai_4)
                                                         _089_ (net)
                      0.137688    0.000232    1.832621 v _377_/B (sky130_fd_sc_hd__nor2_4)
     3    0.019127    0.149311    0.178523    2.011143 ^ _377_/Y (sky130_fd_sc_hd__nor2_4)
                                                         _106_ (net)
                      0.149311    0.000038    2.011182 ^ _410_/B (sky130_fd_sc_hd__nand4_4)
     3    0.017995    0.118398    0.150435    2.161617 v _410_/Y (sky130_fd_sc_hd__nand4_4)
                                                         _139_ (net)
                      0.118398    0.000092    2.161709 v _415_/C (sky130_fd_sc_hd__nand3_4)
     3    0.016701    0.088099    0.138013    2.299722 ^ _415_/Y (sky130_fd_sc_hd__nand3_4)
                                                         _144_ (net)
                      0.088099    0.000199    2.299921 ^ rebuffer131/A (sky130_fd_sc_hd__buf_4)
     1    0.008914    0.038447    0.127705    2.427626 ^ rebuffer131/X (sky130_fd_sc_hd__buf_4)
                                                         net131 (net)
                      0.038447    0.000019    2.427645 ^ _520_/B2 (sky130_fd_sc_hd__o221ai_4)
     4    0.022311    0.126465    0.131483    2.559128 v _520_/Y (sky130_fd_sc_hd__o221ai_4)
                                                         _241_ (net)
                      0.126465    0.000261    2.559389 v _542_/A2 (sky130_fd_sc_hd__a21boi_2)
     2    0.007872    0.133606    0.204246    2.763635 ^ _542_/Y (sky130_fd_sc_hd__a21boi_2)
                                                         _261_ (net)
                      0.133606    0.000019    2.763654 ^ _551_/A_N (sky130_fd_sc_hd__nand3b_4)
     1    0.005059    0.057148    0.155463    2.919117 ^ _551_/Y (sky130_fd_sc_hd__nand3b_4)
                                                         _270_ (net)
                      0.057148    0.000014    2.919131 ^ _552_/B (sky130_fd_sc_hd__nand2_2)
     1    0.005394    0.044013    0.056792    2.975923 v _552_/Y (sky130_fd_sc_hd__nand2_2)
                                                         net84 (net)
                      0.044013    0.000024    2.975948 v output84/A (sky130_fd_sc_hd__buf_6)
     1    0.034683    0.043915    0.143517    3.119464 v output84/X (sky130_fd_sc_hd__buf_6)
                                                         S[26] (net)
                      0.043916    0.000232    3.119697 v S[26] (out)
                                              3.119697   data arrival time

                      0.000000    4.000000    4.000000   clock __VIRTUAL_CLK__ (rise edge)
                                  0.000000    4.000000   clock network delay (ideal)
                                 -0.250000    3.750000   clock uncertainty
                                  0.000000    3.750000   clock reconvergence pessimism
                                 -0.800000    2.950000   output external delay
                                              2.950000   data required time
---------------------------------------------------------------------------------------------
                                              2.950000   data required time
                                             -3.119697   data arrival time
---------------------------------------------------------------------------------------------
                                             -0.169697   slack (VIOLATED)


Startpoint: sub (input port clocked by __VIRTUAL_CLK__)
Endpoint: S[13] (output port clocked by __VIRTUAL_CLK__)
Path Group: __VIRTUAL_CLK__
Path Type: max

Fanout         Cap        Slew       Delay        Time   Description
---------------------------------------------------------------------------------------------
                      0.000000    0.000000    0.000000   clock __VIRTUAL_CLK__ (rise edge)
                                  0.000000    0.000000   clock network delay (ideal)
                                  0.800000    0.800000 v input external delay
     1    0.007368    0.018745    0.012503    0.812503 v sub (in)
                                                         sub (net)
                      0.018745    0.000000    0.812503 v input65/A (sky130_fd_sc_hd__buf_8)
     4    0.022361    0.031929    0.119995    0.932499 v input65/X (sky130_fd_sc_hd__buf_8)
                                                         net65 (net)
                      0.031929    0.000150    0.932648 v fanout108/A (sky130_fd_sc_hd__buf_6)
     3    0.014528    0.028947    0.120135    1.052783 v fanout108/X (sky130_fd_sc_hd__buf_6)
                                                         net108 (net)
                      0.028947    0.000047    1.052830 v fanout105/A (sky130_fd_sc_hd__buf_8)
     3    0.013746    0.027110    0.117742    1.170572 v fanout105/X (sky130_fd_sc_hd__buf_8)
                                                         net105 (net)
                      0.027110    0.000020    1.170592 v fanout103/A (sky130_fd_sc_hd__buf_6)
     3    0.011148    0.026205    0.113960    1.284552 v fanout103/X (sky130_fd_sc_hd__buf_6)
                                                         net103 (net)
                      0.026205    0.000061    1.284612 v load_slew104/A (sky130_fd_sc_hd__buf_8)
     8    0.046101    0.048092    0.141173    1.425785 v load_slew104/X (sky130_fd_sc_hd__buf_8)
                                                         net104 (net)
                      0.048094    0.000320    1.426105 v _397_/A1 (sky130_fd_sc_hd__o21ai_4)
     3    0.011685    0.142741    0.176431    1.602535 ^ _397_/Y (sky130_fd_sc_hd__o21ai_4)
                                                         _126_ (net)
                      0.142741    0.000037    1.602572 ^ _416_/B2 (sky130_fd_sc_hd__o22ai_2)
     2    0.009114    0.077438    0.103775    1.706347 v _416_/Y (sky130_fd_sc_hd__o22ai_2)
                                                         _145_ (net)
                      0.077438    0.000020    1.706367 v _417_/B1 (sky130_fd_sc_hd__a21oi_2)
     1    0.009217    0.148752    0.162473    1.868840 ^ _417_/Y (sky130_fd_sc_hd__a21oi_2)
                                                         _146_ (net)
                      0.148752    0.000028    1.868868 ^ _419_/B2 (sky130_fd_sc_hd__o22ai_4)
     3    0.016449    0.075398    0.108474    1.977342 v _419_/Y (sky130_fd_sc_hd__o22ai_4)
                                                         _148_ (net)
                      0.075399    0.000234    1.977576 v _420_/A (sky130_fd_sc_hd__nand3_2)
     2    0.014847    0.098078    0.111293    2.088869 ^ _420_/Y (sky130_fd_sc_hd__nand3_2)
                                                         _149_ (net)
                      0.098078    0.000031    2.088900 ^ _640_/C (sky130_fd_sc_hd__nand4_2)
     4    0.020487    0.180808    0.197658    2.286558 v _640_/Y (sky130_fd_sc_hd__nand4_2)
                                                         _341_ (net)
                      0.180808    0.000157    2.286715 v _643_/B1 (sky130_fd_sc_hd__a22o_2)
     1    0.008541    0.055412    0.288877    2.575592 v _643_/X (sky130_fd_sc_hd__a22o_2)
                                                         _343_ (net)
                      0.055412    0.000021    2.575613 v _644_/B (sky130_fd_sc_hd__xnor2_2)
     1    0.002037    0.091667    0.109518    2.685131 ^ _644_/Y (sky130_fd_sc_hd__xnor2_2)
                                                         net70 (net)
                      0.091667    0.000004    2.685135 ^ output70/A (sky130_fd_sc_hd__dlymetal6s4s_1)
     1    0.034946    0.354856    0.421695    3.106830 ^ output70/X (sky130_fd_sc_hd__dlymetal6s4s_1)
                                                         S[13] (net)
                      0.354856    0.000231    3.107061 ^ S[13] (out)
                                              3.107061   data arrival time

                      0.000000    4.000000    4.000000   clock __VIRTUAL_CLK__ (rise edge)
                                  0.000000    4.000000   clock network delay (ideal)
                                 -0.250000    3.750000   clock uncertainty
                                  0.000000    3.750000   clock reconvergence pessimism
                                 -0.800000    2.950000   output external delay
                                              2.950000   data required time
---------------------------------------------------------------------------------------------
                                              2.950000   data required time
                                             -3.107061   data arrival time
---------------------------------------------------------------------------------------------
                                             -0.157061   slack (VIOLATED)


Startpoint: sub (input port clocked by __VIRTUAL_CLK__)
Endpoint: S[29] (output port clocked by __VIRTUAL_CLK__)
Path Group: __VIRTUAL_CLK__
Path Type: max

Fanout         Cap        Slew       Delay        Time   Description
---------------------------------------------------------------------------------------------
                      0.000000    0.000000    0.000000   clock __VIRTUAL_CLK__ (rise edge)
                                  0.000000    0.000000   clock network delay (ideal)
                                  0.800000    0.800000 v input external delay
     1    0.007368    0.018745    0.012503    0.812503 v sub (in)
                                                         sub (net)
                      0.018745    0.000000    0.812503 v input65/A (sky130_fd_sc_hd__buf_8)
     4    0.022361    0.031929    0.119995    0.932499 v input65/X (sky130_fd_sc_hd__buf_8)
                                                         net65 (net)
                      0.031930    0.000181    0.932680 v fanout121/A (sky130_fd_sc_hd__buf_8)
     7    0.032949    0.038928    0.133560    1.066240 v fanout121/X (sky130_fd_sc_hd__buf_8)
                                                         net121 (net)
                      0.038928    0.000024    1.066265 v fanout119/A (sky130_fd_sc_hd__buf_8)
     2    0.009802    0.024271    0.118947    1.185212 v fanout119/X (sky130_fd_sc_hd__buf_8)
                                                         net119 (net)
                      0.024271    0.000029    1.185241 v load_slew120/A (sky130_fd_sc_hd__buf_8)
     7    0.028292    0.035706    0.126844    1.312085 v load_slew120/X (sky130_fd_sc_hd__buf_8)
                                                         net120 (net)
                      0.035706    0.000157    1.312242 v _499_/A (sky130_fd_sc_hd__and2_4)
     3    0.013823    0.041227    0.152077    1.464319 v _499_/X (sky130_fd_sc_hd__and2_4)
                                                         _221_ (net)
                      0.041227    0.000026    1.464345 v _501_/A1 (sky130_fd_sc_hd__o21bai_4)
     2    0.011809    0.131916    0.163732    1.628077 ^ _501_/Y (sky130_fd_sc_hd__o21bai_4)
                                                         _223_ (net)
                      0.131916    0.000058    1.628135 ^ _514_/C1 (sky130_fd_sc_hd__o2111ai_4)
     1    0.008674    0.107001    0.144899    1.773034 v _514_/Y (sky130_fd_sc_hd__o2111ai_4)
                                                         _235_ (net)
                      0.107001    0.000034    1.773068 v _515_/B (sky130_fd_sc_hd__nor4_4)
     3    0.014031    0.298427    0.370001    2.143070 ^ _515_/Y (sky130_fd_sc_hd__nor4_4)
                                                         _236_ (net)
                      0.298427    0.000110    2.143179 ^ _517_/A1 (sky130_fd_sc_hd__a21oi_2)
     2    0.007212    0.084872    0.112779    2.255958 v _517_/Y (sky130_fd_sc_hd__a21oi_2)
                                                         _238_ (net)
                      0.084872    0.000027    2.255985 v max_cap100/A (sky130_fd_sc_hd__buf_6)
     3    0.009024    0.024673    0.138805    2.394791 v max_cap100/X (sky130_fd_sc_hd__buf_6)
                                                         net100 (net)
                      0.024673    0.000007    2.394798 v _575_/A1 (sky130_fd_sc_hd__o21a_4)
     3    0.033957    0.069860    0.256745    2.651542 v _575_/X (sky130_fd_sc_hd__o21a_4)
                                                         _292_ (net)
                      0.069863    0.000589    2.652132 v _579_/A2 (sky130_fd_sc_hd__a21oi_4)
     2    0.006689    0.105867    0.161170    2.813301 ^ _579_/Y (sky130_fd_sc_hd__a21oi_4)
                                                         _296_ (net)
                      0.105867    0.000015    2.813316 ^ _589_/A2 (sky130_fd_sc_hd__o21ai_2)
     1    0.004504    0.056253    0.065213    2.878529 v _589_/Y (sky130_fd_sc_hd__o21ai_2)
                                                         _305_ (net)
                      0.056253    0.000008    2.878537 v _590_/B1 (sky130_fd_sc_hd__o21ai_2)
     1    0.006088    0.115373    0.068815    2.947351 ^ _590_/Y (sky130_fd_sc_hd__o21ai_2)
                                                         net87 (net)
                      0.115373    0.000036    2.947388 ^ output87/A (sky130_fd_sc_hd__buf_6)
     1    0.034817    0.078038    0.157308    3.104696 ^ output87/X (sky130_fd_sc_hd__buf_6)
                                                         S[29] (net)
                      0.078038    0.000242    3.104938 ^ S[29] (out)
                                              3.104938   data arrival time

                      0.000000    4.000000    4.000000   clock __VIRTUAL_CLK__ (rise edge)
                                  0.000000    4.000000   clock network delay (ideal)
                                 -0.250000    3.750000   clock uncertainty
                                  0.000000    3.750000   clock reconvergence pessimism
                                 -0.800000    2.950000   output external delay
                                              2.950000   data required time
---------------------------------------------------------------------------------------------
                                              2.950000   data required time
                                             -3.104938   data arrival time
---------------------------------------------------------------------------------------------
                                             -0.154938   slack (VIOLATED)


Startpoint: sub (input port clocked by __VIRTUAL_CLK__)
Endpoint: S[25] (output port clocked by __VIRTUAL_CLK__)
Path Group: __VIRTUAL_CLK__
Path Type: max

Fanout         Cap        Slew       Delay        Time   Description
---------------------------------------------------------------------------------------------
                      0.000000    0.000000    0.000000   clock __VIRTUAL_CLK__ (rise edge)
                                  0.000000    0.000000   clock network delay (ideal)
                                  0.800000    0.800000 v input external delay
     1    0.007368    0.018745    0.012503    0.812503 v sub (in)
                                                         sub (net)
                      0.018745    0.000000    0.812503 v input65/A (sky130_fd_sc_hd__buf_8)
     4    0.022361    0.031929    0.119995    0.932499 v input65/X (sky130_fd_sc_hd__buf_8)
                                                         net65 (net)
                      0.031929    0.000150    0.932648 v fanout108/A (sky130_fd_sc_hd__buf_6)
     3    0.014528    0.028947    0.120135    1.052783 v fanout108/X (sky130_fd_sc_hd__buf_6)
                                                         net108 (net)
                      0.028947    0.000047    1.052830 v fanout105/A (sky130_fd_sc_hd__buf_8)
     3    0.013746    0.027110    0.117742    1.170572 v fanout105/X (sky130_fd_sc_hd__buf_8)
                                                         net105 (net)
                      0.027110    0.000128    1.170699 v fanout101/A (sky130_fd_sc_hd__buf_6)
     6    0.028018    0.038995    0.130632    1.301331 v fanout101/X (sky130_fd_sc_hd__buf_6)
                                                         net101 (net)
                      0.038995    0.000118    1.301449 v load_slew102/A (sky130_fd_sc_hd__buf_8)
     5    0.026373    0.034481    0.132027    1.433476 v load_slew102/X (sky130_fd_sc_hd__buf_8)
                                                         net102 (net)
                      0.034481    0.000037    1.433514 v _352_/A_N (sky130_fd_sc_hd__nand2b_4)
     1    0.008676    0.074258    0.144598    1.578112 v _352_/Y (sky130_fd_sc_hd__nand2b_4)
                                                         _081_ (net)
                      0.074258    0.000014    1.578125 v _358_/C (sky130_fd_sc_hd__nand3_4)
     1    0.010654    0.071227    0.103321    1.681446 ^ _358_/Y (sky130_fd_sc_hd__nand3_4)
                                                         _087_ (net)
                      0.071227    0.000096    1.681542 ^ _360_/C1 (sky130_fd_sc_hd__o2111ai_4)
     3    0.015452    0.137688    0.150847    1.832389 v _360_/Y (sky130_fd_sc_hd__o2111ai_4)
                                                         _089_ (net)
                      0.137688    0.000232    1.832621 v _377_/B (sky130_fd_sc_hd__nor2_4)
     3    0.019127    0.149311    0.178523    2.011143 ^ _377_/Y (sky130_fd_sc_hd__nor2_4)
                                                         _106_ (net)
                      0.149311    0.000038    2.011182 ^ _410_/B (sky130_fd_sc_hd__nand4_4)
     3    0.017995    0.118398    0.150435    2.161617 v _410_/Y (sky130_fd_sc_hd__nand4_4)
                                                         _139_ (net)
                      0.118398    0.000092    2.161709 v _415_/C (sky130_fd_sc_hd__nand3_4)
     3    0.016701    0.088099    0.138013    2.299722 ^ _415_/Y (sky130_fd_sc_hd__nand3_4)
                                                         _144_ (net)
                      0.088099    0.000199    2.299921 ^ rebuffer131/A (sky130_fd_sc_hd__buf_4)
     1    0.008914    0.038447    0.127705    2.427626 ^ rebuffer131/X (sky130_fd_sc_hd__buf_4)
                                                         net131 (net)
                      0.038447    0.000019    2.427645 ^ _520_/B2 (sky130_fd_sc_hd__o221ai_4)
     4    0.022311    0.126465    0.131483    2.559128 v _520_/Y (sky130_fd_sc_hd__o221ai_4)
                                                         _241_ (net)
                      0.126465    0.000272    2.559400 v _529_/A2 (sky130_fd_sc_hd__a21o_2)
     2    0.006744    0.043250    0.261894    2.821294 v _529_/X (sky130_fd_sc_hd__a21o_2)
                                                         _250_ (net)
                      0.043250    0.000029    2.821323 v _538_/B (sky130_fd_sc_hd__nand3b_2)
     1    0.004843    0.070902    0.074198    2.895521 ^ _538_/Y (sky130_fd_sc_hd__nand3b_2)
                                                         _258_ (net)
                      0.070902    0.000006    2.895527 ^ _540_/A (sky130_fd_sc_hd__nand2_2)
     1    0.006146    0.040525    0.056763    2.952290 v _540_/Y (sky130_fd_sc_hd__nand2_2)
                                                         net83 (net)
                      0.040525    0.000053    2.952343 v output83/A (sky130_fd_sc_hd__buf_6)
     1    0.035398    0.044509    0.142400    3.094744 v output83/X (sky130_fd_sc_hd__buf_6)
                                                         S[25] (net)
                      0.044512    0.000389    3.095132 v S[25] (out)
                                              3.095132   data arrival time

                      0.000000    4.000000    4.000000   clock __VIRTUAL_CLK__ (rise edge)
                                  0.000000    4.000000   clock network delay (ideal)
                                 -0.250000    3.750000   clock uncertainty
                                  0.000000    3.750000   clock reconvergence pessimism
                                 -0.800000    2.950000   output external delay
                                              2.950000   data required time
---------------------------------------------------------------------------------------------
                                              2.950000   data required time
                                             -3.095132   data arrival time
---------------------------------------------------------------------------------------------
                                             -0.145133   slack (VIOLATED)


Startpoint: sub (input port clocked by __VIRTUAL_CLK__)
Endpoint: S[11] (output port clocked by __VIRTUAL_CLK__)
Path Group: __VIRTUAL_CLK__
Path Type: max

Fanout         Cap        Slew       Delay        Time   Description
---------------------------------------------------------------------------------------------
                      0.000000    0.000000    0.000000   clock __VIRTUAL_CLK__ (rise edge)
                                  0.000000    0.000000   clock network delay (ideal)
                                  0.800000    0.800000 v input external delay
     1    0.007368    0.018745    0.012503    0.812503 v sub (in)
                                                         sub (net)
                      0.018745    0.000000    0.812503 v input65/A (sky130_fd_sc_hd__buf_8)
     4    0.022361    0.031929    0.119995    0.932499 v input65/X (sky130_fd_sc_hd__buf_8)
                                                         net65 (net)
                      0.031929    0.000150    0.932648 v fanout108/A (sky130_fd_sc_hd__buf_6)
     3    0.014528    0.028947    0.120135    1.052783 v fanout108/X (sky130_fd_sc_hd__buf_6)
                                                         net108 (net)
                      0.028947    0.000047    1.052830 v fanout105/A (sky130_fd_sc_hd__buf_8)
     3    0.013746    0.027110    0.117742    1.170572 v fanout105/X (sky130_fd_sc_hd__buf_8)
                                                         net105 (net)
                      0.027110    0.000020    1.170592 v fanout103/A (sky130_fd_sc_hd__buf_6)
     3    0.011148    0.026205    0.113960    1.284552 v fanout103/X (sky130_fd_sc_hd__buf_6)
                                                         net103 (net)
                      0.026205    0.000061    1.284612 v load_slew104/A (sky130_fd_sc_hd__buf_8)
     8    0.046101    0.048092    0.141173    1.425785 v load_slew104/X (sky130_fd_sc_hd__buf_8)
                                                         net104 (net)
                      0.048094    0.000325    1.426110 v _395_/A (sky130_fd_sc_hd__and2_4)
     4    0.019254    0.047159    0.165715    1.591825 v _395_/X (sky130_fd_sc_hd__and2_4)
                                                         _124_ (net)
                      0.047159    0.000039    1.591864 v _396_/A1 (sky130_fd_sc_hd__o21bai_4)
     3    0.011163    0.128447    0.163416    1.755280 ^ _396_/Y (sky130_fd_sc_hd__o21bai_4)
                                                         _125_ (net)
                      0.128447    0.000039    1.755319 ^ _405_/C1 (sky130_fd_sc_hd__o2111a_2)
     2    0.016626    0.106228    0.278164    2.033483 ^ _405_/X (sky130_fd_sc_hd__o2111a_2)
                                                         _134_ (net)
                      0.106228    0.000181    2.033663 ^ _624_/A2 (sky130_fd_sc_hd__a21oi_2)
     3    0.018077    0.091553    0.110189    2.143852 v _624_/Y (sky130_fd_sc_hd__a21oi_2)
                                                         _333_ (net)
                      0.091553    0.000100    2.143953 v _632_/B2 (sky130_fd_sc_hd__o2bb2ai_2)
     3    0.019786    0.258734    0.264054    2.408006 ^ _632_/Y (sky130_fd_sc_hd__o2bb2ai_2)
                                                         _337_ (net)
                      0.258735    0.000335    2.408341 ^ _636_/A1 (sky130_fd_sc_hd__a21oi_2)
     2    0.013301    0.093593    0.132109    2.540450 v _636_/Y (sky130_fd_sc_hd__a21oi_2)
                                                         _339_ (net)
                      0.093593    0.000050    2.540500 v _638_/A2 (sky130_fd_sc_hd__o21ai_2)
     1    0.008973    0.148074    0.173088    2.713588 ^ _638_/Y (sky130_fd_sc_hd__o21ai_2)
                                                         _340_ (net)
                      0.148074    0.000019    2.713607 ^ _639_/B (sky130_fd_sc_hd__xor2_2)
     1    0.002988    0.093708    0.143918    2.857525 ^ _639_/X (sky130_fd_sc_hd__xor2_2)
                                                         net68 (net)
                      0.093708    0.000013    2.857538 ^ output68/A (sky130_fd_sc_hd__clkbuf_2)
     1    0.034630    0.190712    0.237352    3.094890 ^ output68/X (sky130_fd_sc_hd__clkbuf_2)
                                                         S[11] (net)
                      0.190712    0.000224    3.095114 ^ S[11] (out)
                                              3.095114   data arrival time

                      0.000000    4.000000    4.000000   clock __VIRTUAL_CLK__ (rise edge)
                                  0.000000    4.000000   clock network delay (ideal)
                                 -0.250000    3.750000   clock uncertainty
                                  0.000000    3.750000   clock reconvergence pessimism
                                 -0.800000    2.950000   output external delay
                                              2.950000   data required time
---------------------------------------------------------------------------------------------
                                              2.950000   data required time
                                             -3.095114   data arrival time
---------------------------------------------------------------------------------------------
                                             -0.145114   slack (VIOLATED)


Startpoint: sub (input port clocked by __VIRTUAL_CLK__)
Endpoint: S[27] (output port clocked by __VIRTUAL_CLK__)
Path Group: __VIRTUAL_CLK__
Path Type: max

Fanout         Cap        Slew       Delay        Time   Description
---------------------------------------------------------------------------------------------
                      0.000000    0.000000    0.000000   clock __VIRTUAL_CLK__ (rise edge)
                                  0.000000    0.000000   clock network delay (ideal)
                                  0.800000    0.800000 v input external delay
     1    0.007368    0.018745    0.012503    0.812503 v sub (in)
                                                         sub (net)
                      0.018745    0.000000    0.812503 v input65/A (sky130_fd_sc_hd__buf_8)
     4    0.022361    0.031929    0.119995    0.932499 v input65/X (sky130_fd_sc_hd__buf_8)
                                                         net65 (net)
                      0.031929    0.000150    0.932648 v fanout108/A (sky130_fd_sc_hd__buf_6)
     3    0.014528    0.028947    0.120135    1.052783 v fanout108/X (sky130_fd_sc_hd__buf_6)
                                                         net108 (net)
                      0.028947    0.000047    1.052830 v fanout105/A (sky130_fd_sc_hd__buf_8)
     3    0.013746    0.027110    0.117742    1.170572 v fanout105/X (sky130_fd_sc_hd__buf_8)
                                                         net105 (net)
                      0.027110    0.000128    1.170699 v fanout101/A (sky130_fd_sc_hd__buf_6)
     6    0.028018    0.038995    0.130632    1.301331 v fanout101/X (sky130_fd_sc_hd__buf_6)
                                                         net101 (net)
                      0.038995    0.000118    1.301449 v load_slew102/A (sky130_fd_sc_hd__buf_8)
     5    0.026373    0.034481    0.132027    1.433476 v load_slew102/X (sky130_fd_sc_hd__buf_8)
                                                         net102 (net)
                      0.034481    0.000037    1.433514 v _352_/A_N (sky130_fd_sc_hd__nand2b_4)
     1    0.008676    0.074258    0.144598    1.578112 v _352_/Y (sky130_fd_sc_hd__nand2b_4)
                                                         _081_ (net)
                      0.074258    0.000014    1.578125 v _358_/C (sky130_fd_sc_hd__nand3_4)
     1    0.010654    0.071227    0.103321    1.681446 ^ _358_/Y (sky130_fd_sc_hd__nand3_4)
                                                         _087_ (net)
                      0.071227    0.000096    1.681542 ^ _360_/C1 (sky130_fd_sc_hd__o2111ai_4)
     3    0.015452    0.137688    0.150847    1.832389 v _360_/Y (sky130_fd_sc_hd__o2111ai_4)
                                                         _089_ (net)
                      0.137688    0.000232    1.832621 v _377_/B (sky130_fd_sc_hd__nor2_4)
     3    0.019127    0.149311    0.178523    2.011143 ^ _377_/Y (sky130_fd_sc_hd__nor2_4)
                                                         _106_ (net)
                      0.149311    0.000038    2.011182 ^ _410_/B (sky130_fd_sc_hd__nand4_4)
     3    0.017995    0.118398    0.150435    2.161617 v _410_/Y (sky130_fd_sc_hd__nand4_4)
                                                         _139_ (net)
                      0.118398    0.000092    2.161709 v _415_/C (sky130_fd_sc_hd__nand3_4)
     3    0.016701    0.088099    0.138013    2.299722 ^ _415_/Y (sky130_fd_sc_hd__nand3_4)
                                                         _144_ (net)
                      0.088099    0.000199    2.299921 ^ rebuffer131/A (sky130_fd_sc_hd__buf_4)
     1    0.008914    0.038447    0.127705    2.427626 ^ rebuffer131/X (sky130_fd_sc_hd__buf_4)
                                                         net131 (net)
                      0.038447    0.000019    2.427645 ^ _520_/B2 (sky130_fd_sc_hd__o221ai_4)
     4    0.022311    0.126465    0.131483    2.559128 v _520_/Y (sky130_fd_sc_hd__o221ai_4)
                                                         _241_ (net)
                      0.126465    0.000207    2.559335 v _559_/A1 (sky130_fd_sc_hd__a21oi_4)
     2    0.010616    0.130832    0.180259    2.739594 ^ _559_/Y (sky130_fd_sc_hd__a21oi_4)
                                                         _277_ (net)
                      0.130832    0.000032    2.739626 ^ _562_/A1 (sky130_fd_sc_hd__o21bai_2)
     1    0.004606    0.054096    0.091571    2.831197 v _562_/Y (sky130_fd_sc_hd__o21bai_2)
                                                         _280_ (net)
                      0.054096    0.000010    2.831207 v _564_/B1 (sky130_fd_sc_hd__o21ai_2)
     1    0.005432    0.111720    0.065202    2.896409 ^ _564_/Y (sky130_fd_sc_hd__o21ai_2)
                                                         net85 (net)
                      0.111720    0.000014    2.896423 ^ output85/A (sky130_fd_sc_hd__buf_6)
     1    0.034542    0.077504    0.155679    3.052101 ^ output85/X (sky130_fd_sc_hd__buf_6)
                                                         S[27] (net)
                      0.077504    0.000171    3.052272 ^ S[27] (out)
                                              3.052272   data arrival time

                      0.000000    4.000000    4.000000   clock __VIRTUAL_CLK__ (rise edge)
                                  0.000000    4.000000   clock network delay (ideal)
                                 -0.250000    3.750000   clock uncertainty
                                  0.000000    3.750000   clock reconvergence pessimism
                                 -0.800000    2.950000   output external delay
                                              2.950000   data required time
---------------------------------------------------------------------------------------------
                                              2.950000   data required time
                                             -3.052272   data arrival time
---------------------------------------------------------------------------------------------
                                             -0.102272   slack (VIOLATED)


Startpoint: sub (input port clocked by __VIRTUAL_CLK__)
Endpoint: S[17] (output port clocked by __VIRTUAL_CLK__)
Path Group: __VIRTUAL_CLK__
Path Type: max

Fanout         Cap        Slew       Delay        Time   Description
---------------------------------------------------------------------------------------------
                      0.000000    0.000000    0.000000   clock __VIRTUAL_CLK__ (rise edge)
                                  0.000000    0.000000   clock network delay (ideal)
                                  0.800000    0.800000 v input external delay
     1    0.007368    0.018745    0.012503    0.812503 v sub (in)
                                                         sub (net)
                      0.018745    0.000000    0.812503 v input65/A (sky130_fd_sc_hd__buf_8)
     4    0.022361    0.031929    0.119995    0.932499 v input65/X (sky130_fd_sc_hd__buf_8)
                                                         net65 (net)
                      0.031929    0.000150    0.932648 v fanout108/A (sky130_fd_sc_hd__buf_6)
     3    0.014528    0.028947    0.120135    1.052783 v fanout108/X (sky130_fd_sc_hd__buf_6)
                                                         net108 (net)
                      0.028947    0.000047    1.052830 v fanout105/A (sky130_fd_sc_hd__buf_8)
     3    0.013746    0.027110    0.117742    1.170572 v fanout105/X (sky130_fd_sc_hd__buf_8)
                                                         net105 (net)
                      0.027110    0.000020    1.170592 v fanout103/A (sky130_fd_sc_hd__buf_6)
     3    0.011148    0.026205    0.113960    1.284552 v fanout103/X (sky130_fd_sc_hd__buf_6)
                                                         net103 (net)
                      0.026205    0.000061    1.284612 v load_slew104/A (sky130_fd_sc_hd__buf_8)
     8    0.046101    0.048092    0.141173    1.425785 v load_slew104/X (sky130_fd_sc_hd__buf_8)
                                                         net104 (net)
                      0.048094    0.000325    1.426110 v _395_/A (sky130_fd_sc_hd__and2_4)
     4    0.019254    0.047159    0.165715    1.591825 v _395_/X (sky130_fd_sc_hd__and2_4)
                                                         _124_ (net)
                      0.047159    0.000039    1.591864 v _396_/A1 (sky130_fd_sc_hd__o21bai_4)
     3    0.011163    0.128447    0.163416    1.755280 ^ _396_/Y (sky130_fd_sc_hd__o21bai_4)
                                                         _125_ (net)
                      0.128447    0.000047    1.755326 ^ _418_/A (sky130_fd_sc_hd__nand2_2)
     1    0.009274    0.058892    0.083272    1.838598 v _418_/Y (sky130_fd_sc_hd__nand2_2)
                                                         _147_ (net)
                      0.058892    0.000037    1.838635 v _419_/B1 (sky130_fd_sc_hd__o22ai_4)
     3    0.017702    0.205658    0.189738    2.028373 ^ _419_/Y (sky130_fd_sc_hd__o22ai_4)
                                                         _148_ (net)
                      0.205658    0.000252    2.028625 ^ _420_/A (sky130_fd_sc_hd__nand3_2)
     2    0.013996    0.116802    0.146782    2.175407 v _420_/Y (sky130_fd_sc_hd__nand3_2)
                                                         _149_ (net)
                      0.116802    0.000091    2.175498 v _422_/A (sky130_fd_sc_hd__nand2_4)
     3    0.028190    0.098646    0.134449    2.309947 ^ _422_/Y (sky130_fd_sc_hd__nand2_4)
                                                         _151_ (net)
                      0.098646    0.000083    2.310031 ^ _424_/B2 (sky130_fd_sc_hd__o22ai_4)
     4    0.025945    0.101308    0.111441    2.421472 v _424_/Y (sky130_fd_sc_hd__o22ai_4)
                                                         _153_ (net)
                      0.101308    0.000100    2.421572 v _432_/A2 (sky130_fd_sc_hd__a21bo_2)
     1    0.008047    0.048953    0.258725    2.680297 v _432_/X (sky130_fd_sc_hd__a21bo_2)
                                                         _160_ (net)
                      0.048953    0.000012    2.680309 v _433_/B (sky130_fd_sc_hd__xor2_2)
     1    0.008986    0.154906    0.167844    2.848153 ^ _433_/X (sky130_fd_sc_hd__xor2_2)
                                                         net74 (net)
                      0.154906    0.000127    2.848280 ^ output74/A (sky130_fd_sc_hd__buf_6)
     1    0.034298    0.077493    0.166369    3.014649 ^ output74/X (sky130_fd_sc_hd__buf_6)
                                                         S[17] (net)
                      0.077493    0.000137    3.014786 ^ S[17] (out)
                                              3.014786   data arrival time

                      0.000000    4.000000    4.000000   clock __VIRTUAL_CLK__ (rise edge)
                                  0.000000    4.000000   clock network delay (ideal)
                                 -0.250000    3.750000   clock uncertainty
                                  0.000000    3.750000   clock reconvergence pessimism
                                 -0.800000    2.950000   output external delay
                                              2.950000   data required time
---------------------------------------------------------------------------------------------
                                              2.950000   data required time
                                             -3.014786   data arrival time
---------------------------------------------------------------------------------------------
                                             -0.064787   slack (VIOLATED)


Startpoint: sub (input port clocked by __VIRTUAL_CLK__)
Endpoint: S[19] (output port clocked by __VIRTUAL_CLK__)
Path Group: __VIRTUAL_CLK__
Path Type: max

Fanout         Cap        Slew       Delay        Time   Description
---------------------------------------------------------------------------------------------
                      0.000000    0.000000    0.000000   clock __VIRTUAL_CLK__ (rise edge)
                                  0.000000    0.000000   clock network delay (ideal)
                                  0.800000    0.800000 v input external delay
     1    0.007368    0.018745    0.012503    0.812503 v sub (in)
                                                         sub (net)
                      0.018745    0.000000    0.812503 v input65/A (sky130_fd_sc_hd__buf_8)
     4    0.022361    0.031929    0.119995    0.932499 v input65/X (sky130_fd_sc_hd__buf_8)
                                                         net65 (net)
                      0.031930    0.000181    0.932680 v fanout121/A (sky130_fd_sc_hd__buf_8)
     7    0.032949    0.038928    0.133560    1.066240 v fanout121/X (sky130_fd_sc_hd__buf_8)
                                                         net121 (net)
                      0.038928    0.000228    1.066469 v fanout117/A (sky130_fd_sc_hd__buf_6)
     4    0.018863    0.032755    0.128462    1.194931 v fanout117/X (sky130_fd_sc_hd__buf_6)
                                                         net117 (net)
                      0.032755    0.000012    1.194943 v load_slew118/A (sky130_fd_sc_hd__buf_8)
     7    0.028939    0.036195    0.130903    1.325846 v load_slew118/X (sky130_fd_sc_hd__buf_8)
                                                         net118 (net)
                      0.036199    0.000450    1.326296 v _661_/A (sky130_fd_sc_hd__and2_4)
     2    0.007328    0.033434    0.140747    1.467043 v _661_/X (sky130_fd_sc_hd__and2_4)
                                                         _008_ (net)
                      0.033434    0.000026    1.467069 v _681_/A2 (sky130_fd_sc_hd__o21bai_2)
     6    0.020790    0.262550    0.241747    1.708815 ^ _681_/Y (sky130_fd_sc_hd__o21bai_2)
                                                         _028_ (net)
                      0.262550    0.000172    1.708988 ^ _683_/B1 (sky130_fd_sc_hd__o21ai_2)
     1    0.008981    0.086180    0.120377    1.829365 v _683_/Y (sky130_fd_sc_hd__o21ai_2)
                                                         _030_ (net)
                      0.086180    0.000013    1.829377 v _685_/A1 (sky130_fd_sc_hd__o21ai_4)
     5    0.038677    0.303027    0.322114    2.151491 ^ _685_/Y (sky130_fd_sc_hd__o21ai_4)
                                                         _032_ (net)
                      0.303027    0.000189    2.151680 ^ _421_/B1 (sky130_fd_sc_hd__a31oi_2)
     1    0.004455    0.083712    0.068460    2.220140 v _421_/Y (sky130_fd_sc_hd__a31oi_2)
                                                         _150_ (net)
                      0.083712    0.000006    2.220147 v _423_/A (sky130_fd_sc_hd__nand4_2)
     3    0.020895    0.154814    0.147994    2.368141 ^ _423_/Y (sky130_fd_sc_hd__nand4_2)
                                                         _152_ (net)
                      0.154814    0.000208    2.368350 ^ _447_/D (sky130_fd_sc_hd__nand4b_2)
     2    0.007996    0.101639    0.152140    2.520490 v _447_/Y (sky130_fd_sc_hd__nand4b_2)
                                                         _173_ (net)
                      0.101639    0.000062    2.520552 v _455_/B1 (sky130_fd_sc_hd__a22o_2)
     1    0.004666    0.045552    0.241691    2.762243 v _455_/X (sky130_fd_sc_hd__a22o_2)
                                                         _181_ (net)
                      0.045552    0.000010    2.762253 v _457_/A (sky130_fd_sc_hd__nand2_2)
     1    0.003843    0.044490    0.053775    2.816027 ^ _457_/Y (sky130_fd_sc_hd__nand2_2)
                                                         net76 (net)
                      0.044490    0.000034    2.816061 ^ output76/A (sky130_fd_sc_hd__clkbuf_4)
     1    0.035703    0.116389    0.196813    3.012874 ^ output76/X (sky130_fd_sc_hd__clkbuf_4)
                                                         S[19] (net)
                      0.116389    0.000519    3.013394 ^ S[19] (out)
                                              3.013394   data arrival time

                      0.000000    4.000000    4.000000   clock __VIRTUAL_CLK__ (rise edge)
                                  0.000000    4.000000   clock network delay (ideal)
                                 -0.250000    3.750000   clock uncertainty
                                  0.000000    3.750000   clock reconvergence pessimism
                                 -0.800000    2.950000   output external delay
                                              2.950000   data required time
---------------------------------------------------------------------------------------------
                                              2.950000   data required time
                                             -3.013394   data arrival time
---------------------------------------------------------------------------------------------
                                             -0.063394   slack (VIOLATED)


Startpoint: sub (input port clocked by __VIRTUAL_CLK__)
Endpoint: S[7] (output port clocked by __VIRTUAL_CLK__)
Path Group: __VIRTUAL_CLK__
Path Type: max

Fanout         Cap        Slew       Delay        Time   Description
---------------------------------------------------------------------------------------------
                      0.000000    0.000000    0.000000   clock __VIRTUAL_CLK__ (rise edge)
                                  0.000000    0.000000   clock network delay (ideal)
                                  0.800000    0.800000 v input external delay
     1    0.007368    0.018745    0.012503    0.812503 v sub (in)
                                                         sub (net)
                      0.018745    0.000000    0.812503 v input65/A (sky130_fd_sc_hd__buf_8)
     4    0.022361    0.031929    0.119995    0.932499 v input65/X (sky130_fd_sc_hd__buf_8)
                                                         net65 (net)
                      0.031929    0.000150    0.932648 v fanout108/A (sky130_fd_sc_hd__buf_6)
     3    0.014528    0.028947    0.120135    1.052783 v fanout108/X (sky130_fd_sc_hd__buf_6)
                                                         net108 (net)
                      0.028947    0.000047    1.052830 v fanout105/A (sky130_fd_sc_hd__buf_8)
     3    0.013746    0.027110    0.117742    1.170572 v fanout105/X (sky130_fd_sc_hd__buf_8)
                                                         net105 (net)
                      0.027110    0.000020    1.170592 v fanout103/A (sky130_fd_sc_hd__buf_6)
     3    0.011148    0.026205    0.113960    1.284552 v fanout103/X (sky130_fd_sc_hd__buf_6)
                                                         net103 (net)
                      0.026205    0.000061    1.284612 v load_slew104/A (sky130_fd_sc_hd__buf_8)
     8    0.046101    0.048092    0.141173    1.425785 v load_slew104/X (sky130_fd_sc_hd__buf_8)
                                                         net104 (net)
                      0.048094    0.000325    1.426110 v _395_/A (sky130_fd_sc_hd__and2_4)
     4    0.019254    0.047159    0.165715    1.591825 v _395_/X (sky130_fd_sc_hd__and2_4)
                                                         _124_ (net)
                      0.047159    0.000039    1.591864 v _396_/A1 (sky130_fd_sc_hd__o21bai_4)
     3    0.011163    0.128447    0.163416    1.755280 ^ _396_/Y (sky130_fd_sc_hd__o21bai_4)
                                                         _125_ (net)
                      0.128447    0.000039    1.755319 ^ _405_/C1 (sky130_fd_sc_hd__o2111a_2)
     2    0.016626    0.106228    0.278164    2.033483 ^ _405_/X (sky130_fd_sc_hd__o2111a_2)
                                                         _134_ (net)
                      0.106228    0.000181    2.033663 ^ _624_/A2 (sky130_fd_sc_hd__a21oi_2)
     3    0.018077    0.091553    0.110189    2.143852 v _624_/Y (sky130_fd_sc_hd__a21oi_2)
                                                         _333_ (net)
                      0.091553    0.000103    2.143956 v _626_/B2 (sky130_fd_sc_hd__o22a_4)
     3    0.015923    0.056196    0.232893    2.376848 v _626_/X (sky130_fd_sc_hd__o22a_4)
                                                         _334_ (net)
                      0.056196    0.000091    2.376940 v _630_/B2 (sky130_fd_sc_hd__o2bb2a_2)
     1    0.008241    0.059514    0.279797    2.656737 v _630_/X (sky130_fd_sc_hd__o2bb2a_2)
                                                         _336_ (net)
                      0.059514    0.000014    2.656751 v _631_/B (sky130_fd_sc_hd__xor2_2)
     1    0.002368    0.086916    0.114626    2.771377 ^ _631_/X (sky130_fd_sc_hd__xor2_2)
                                                         net95 (net)
                      0.086916    0.000008    2.771385 ^ output95/A (sky130_fd_sc_hd__buf_2)
     1    0.035143    0.174414    0.227480    2.998865 ^ output95/X (sky130_fd_sc_hd__buf_2)
                                                         S[7] (net)
                      0.174414    0.000383    2.999248 ^ S[7] (out)
                                              2.999248   data arrival time

                      0.000000    4.000000    4.000000   clock __VIRTUAL_CLK__ (rise edge)
                                  0.000000    4.000000   clock network delay (ideal)
                                 -0.250000    3.750000   clock uncertainty
                                  0.000000    3.750000   clock reconvergence pessimism
                                 -0.800000    2.950000   output external delay
                                              2.950000   data required time
---------------------------------------------------------------------------------------------
                                              2.950000   data required time
                                             -2.999248   data arrival time
---------------------------------------------------------------------------------------------
                                             -0.049248   slack (VIOLATED)


Startpoint: sub (input port clocked by __VIRTUAL_CLK__)
Endpoint: S[18] (output port clocked by __VIRTUAL_CLK__)
Path Group: __VIRTUAL_CLK__
Path Type: max

Fanout         Cap        Slew       Delay        Time   Description
---------------------------------------------------------------------------------------------
                      0.000000    0.000000    0.000000   clock __VIRTUAL_CLK__ (rise edge)
                                  0.000000    0.000000   clock network delay (ideal)
                                  0.800000    0.800000 v input external delay
     1    0.007368    0.018745    0.012503    0.812503 v sub (in)
                                                         sub (net)
                      0.018745    0.000000    0.812503 v input65/A (sky130_fd_sc_hd__buf_8)
     4    0.022361    0.031929    0.119995    0.932499 v input65/X (sky130_fd_sc_hd__buf_8)
                                                         net65 (net)
                      0.031929    0.000150    0.932648 v fanout108/A (sky130_fd_sc_hd__buf_6)
     3    0.014528    0.028947    0.120135    1.052783 v fanout108/X (sky130_fd_sc_hd__buf_6)
                                                         net108 (net)
                      0.028947    0.000047    1.052830 v fanout105/A (sky130_fd_sc_hd__buf_8)
     3    0.013746    0.027110    0.117742    1.170572 v fanout105/X (sky130_fd_sc_hd__buf_8)
                                                         net105 (net)
                      0.027110    0.000020    1.170592 v fanout103/A (sky130_fd_sc_hd__buf_6)
     3    0.011148    0.026205    0.113960    1.284552 v fanout103/X (sky130_fd_sc_hd__buf_6)
                                                         net103 (net)
                      0.026205    0.000061    1.284612 v load_slew104/A (sky130_fd_sc_hd__buf_8)
     8    0.046101    0.048092    0.141173    1.425785 v load_slew104/X (sky130_fd_sc_hd__buf_8)
                                                         net104 (net)
                      0.048094    0.000320    1.426105 v _397_/A1 (sky130_fd_sc_hd__o21ai_4)
     3    0.011685    0.142741    0.176431    1.602535 ^ _397_/Y (sky130_fd_sc_hd__o21ai_4)
                                                         _126_ (net)
                      0.142741    0.000037    1.602572 ^ _416_/B2 (sky130_fd_sc_hd__o22ai_2)
     2    0.009114    0.077438    0.103775    1.706347 v _416_/Y (sky130_fd_sc_hd__o22ai_2)
                                                         _145_ (net)
                      0.077438    0.000020    1.706367 v _417_/B1 (sky130_fd_sc_hd__a21oi_2)
     1    0.009217    0.148752    0.162473    1.868840 ^ _417_/Y (sky130_fd_sc_hd__a21oi_2)
                                                         _146_ (net)
                      0.148752    0.000028    1.868868 ^ _419_/B2 (sky130_fd_sc_hd__o22ai_4)
     3    0.016449    0.075398    0.108474    1.977342 v _419_/Y (sky130_fd_sc_hd__o22ai_4)
                                                         _148_ (net)
                      0.075399    0.000221    1.977563 v _421_/A3 (sky130_fd_sc_hd__a31oi_2)
     1    0.004600    0.138961    0.202990    2.180553 ^ _421_/Y (sky130_fd_sc_hd__a31oi_2)
                                                         _150_ (net)
                      0.138961    0.000007    2.180560 ^ _423_/A (sky130_fd_sc_hd__nand4_2)
     3    0.019483    0.174360    0.180814    2.361374 v _423_/Y (sky130_fd_sc_hd__nand4_2)
                                                         _152_ (net)
                      0.174360    0.000238    2.361612 v _444_/A2 (sky130_fd_sc_hd__a31oi_4)
     1    0.008733    0.147820    0.231581    2.593194 ^ _444_/Y (sky130_fd_sc_hd__a31oi_4)
                                                         _171_ (net)
                      0.147820    0.000013    2.593207 ^ _445_/B (sky130_fd_sc_hd__xor2_2)
     1    0.005665    0.120497    0.166890    2.760096 ^ _445_/X (sky130_fd_sc_hd__xor2_2)
                                                         net75 (net)
                      0.120497    0.000062    2.760158 ^ output75/A (sky130_fd_sc_hd__clkbuf_4)
     1    0.034438    0.112952    0.224301    2.984459 ^ output75/X (sky130_fd_sc_hd__clkbuf_4)
                                                         S[18] (net)
                      0.112952    0.000169    2.984628 ^ S[18] (out)
                                              2.984628   data arrival time

                      0.000000    4.000000    4.000000   clock __VIRTUAL_CLK__ (rise edge)
                                  0.000000    4.000000   clock network delay (ideal)
                                 -0.250000    3.750000   clock uncertainty
                                  0.000000    3.750000   clock reconvergence pessimism
                                 -0.800000    2.950000   output external delay
                                              2.950000   data required time
---------------------------------------------------------------------------------------------
                                              2.950000   data required time
                                             -2.984628   data arrival time
---------------------------------------------------------------------------------------------
                                             -0.034629   slack (VIOLATED)


Startpoint: sub (input port clocked by __VIRTUAL_CLK__)
Endpoint: S[9] (output port clocked by __VIRTUAL_CLK__)
Path Group: __VIRTUAL_CLK__
Path Type: max

Fanout         Cap        Slew       Delay        Time   Description
---------------------------------------------------------------------------------------------
                      0.000000    0.000000    0.000000   clock __VIRTUAL_CLK__ (rise edge)
                                  0.000000    0.000000   clock network delay (ideal)
                                  0.800000    0.800000 v input external delay
     1    0.007368    0.018745    0.012503    0.812503 v sub (in)
                                                         sub (net)
                      0.018745    0.000000    0.812503 v input65/A (sky130_fd_sc_hd__buf_8)
     4    0.022361    0.031929    0.119995    0.932499 v input65/X (sky130_fd_sc_hd__buf_8)
                                                         net65 (net)
                      0.031929    0.000150    0.932648 v fanout108/A (sky130_fd_sc_hd__buf_6)
     3    0.014528    0.028947    0.120135    1.052783 v fanout108/X (sky130_fd_sc_hd__buf_6)
                                                         net108 (net)
                      0.028947    0.000047    1.052830 v fanout105/A (sky130_fd_sc_hd__buf_8)
     3    0.013746    0.027110    0.117742    1.170572 v fanout105/X (sky130_fd_sc_hd__buf_8)
                                                         net105 (net)
                      0.027110    0.000020    1.170592 v fanout103/A (sky130_fd_sc_hd__buf_6)
     3    0.011148    0.026205    0.113960    1.284552 v fanout103/X (sky130_fd_sc_hd__buf_6)
                                                         net103 (net)
                      0.026205    0.000061    1.284612 v load_slew104/A (sky130_fd_sc_hd__buf_8)
     8    0.046101    0.048092    0.141173    1.425785 v load_slew104/X (sky130_fd_sc_hd__buf_8)
                                                         net104 (net)
                      0.048094    0.000320    1.426105 v _397_/A1 (sky130_fd_sc_hd__o21ai_4)
     3    0.011685    0.142741    0.176431    1.602535 ^ _397_/Y (sky130_fd_sc_hd__o21ai_4)
                                                         _126_ (net)
                      0.142741    0.000037    1.602572 ^ _416_/B2 (sky130_fd_sc_hd__o22ai_2)
     2    0.009114    0.077438    0.103775    1.706347 v _416_/Y (sky130_fd_sc_hd__o22ai_2)
                                                         _145_ (net)
                      0.077438    0.000020    1.706367 v _417_/B1 (sky130_fd_sc_hd__a21oi_2)
     1    0.009217    0.148752    0.162473    1.868840 ^ _417_/Y (sky130_fd_sc_hd__a21oi_2)
                                                         _146_ (net)
                      0.148752    0.000028    1.868868 ^ _419_/B2 (sky130_fd_sc_hd__o22ai_4)
     3    0.016449    0.075398    0.108474    1.977342 v _419_/Y (sky130_fd_sc_hd__o22ai_4)
                                                         _148_ (net)
                      0.075399    0.000185    1.977527 v _624_/B1 (sky130_fd_sc_hd__a21oi_2)
     3    0.019530    0.260460    0.245782    2.223309 ^ _624_/Y (sky130_fd_sc_hd__a21oi_2)
                                                         _333_ (net)
                      0.260460    0.000109    2.223418 ^ _632_/B2 (sky130_fd_sc_hd__o2bb2ai_2)
     3    0.018805    0.103702    0.149089    2.372507 v _632_/Y (sky130_fd_sc_hd__o2bb2ai_2)
                                                         _337_ (net)
                      0.103702    0.000243    2.372749 v _634_/B1 (sky130_fd_sc_hd__a22o_2)
     1    0.008389    0.055090    0.256614    2.629363 v _634_/X (sky130_fd_sc_hd__a22o_2)
                                                         _338_ (net)
                      0.055090    0.000011    2.629375 v _635_/B (sky130_fd_sc_hd__xnor2_2)
     1    0.002668    0.098960    0.115271    2.744646 ^ _635_/Y (sky130_fd_sc_hd__xnor2_2)
                                                         net97 (net)
                      0.098960    0.000006    2.744652 ^ output97/A (sky130_fd_sc_hd__clkbuf_2)
     1    0.034593    0.190516    0.239248    2.983900 ^ output97/X (sky130_fd_sc_hd__clkbuf_2)
                                                         S[9] (net)
                      0.190516    0.000259    2.984159 ^ S[9] (out)
                                              2.984159   data arrival time

                      0.000000    4.000000    4.000000   clock __VIRTUAL_CLK__ (rise edge)
                                  0.000000    4.000000   clock network delay (ideal)
                                 -0.250000    3.750000   clock uncertainty
                                  0.000000    3.750000   clock reconvergence pessimism
                                 -0.800000    2.950000   output external delay
                                              2.950000   data required time
---------------------------------------------------------------------------------------------
                                              2.950000   data required time
                                             -2.984159   data arrival time
---------------------------------------------------------------------------------------------
                                             -0.034159   slack (VIOLATED)


Startpoint: sub (input port clocked by __VIRTUAL_CLK__)
Endpoint: S[14] (output port clocked by __VIRTUAL_CLK__)
Path Group: __VIRTUAL_CLK__
Path Type: max

Fanout         Cap        Slew       Delay        Time   Description
---------------------------------------------------------------------------------------------
                      0.000000    0.000000    0.000000   clock __VIRTUAL_CLK__ (rise edge)
                                  0.000000    0.000000   clock network delay (ideal)
                                  0.800000    0.800000 v input external delay
     1    0.007368    0.018745    0.012503    0.812503 v sub (in)
                                                         sub (net)
                      0.018745    0.000000    0.812503 v input65/A (sky130_fd_sc_hd__buf_8)
     4    0.022361    0.031929    0.119995    0.932499 v input65/X (sky130_fd_sc_hd__buf_8)
                                                         net65 (net)
                      0.031929    0.000150    0.932648 v fanout108/A (sky130_fd_sc_hd__buf_6)
     3    0.014528    0.028947    0.120135    1.052783 v fanout108/X (sky130_fd_sc_hd__buf_6)
                                                         net108 (net)
                      0.028947    0.000047    1.052830 v fanout105/A (sky130_fd_sc_hd__buf_8)
     3    0.013746    0.027110    0.117742    1.170572 v fanout105/X (sky130_fd_sc_hd__buf_8)
                                                         net105 (net)
                      0.027110    0.000020    1.170592 v fanout103/A (sky130_fd_sc_hd__buf_6)
     3    0.011148    0.026205    0.113960    1.284552 v fanout103/X (sky130_fd_sc_hd__buf_6)
                                                         net103 (net)
                      0.026205    0.000061    1.284612 v load_slew104/A (sky130_fd_sc_hd__buf_8)
     8    0.046101    0.048092    0.141173    1.425785 v load_slew104/X (sky130_fd_sc_hd__buf_8)
                                                         net104 (net)
                      0.048094    0.000325    1.426110 v _395_/A (sky130_fd_sc_hd__and2_4)
     4    0.019254    0.047159    0.165715    1.591825 v _395_/X (sky130_fd_sc_hd__and2_4)
                                                         _124_ (net)
                      0.047159    0.000039    1.591864 v _396_/A1 (sky130_fd_sc_hd__o21bai_4)
     3    0.011163    0.128447    0.163416    1.755280 ^ _396_/Y (sky130_fd_sc_hd__o21bai_4)
                                                         _125_ (net)
                      0.128447    0.000047    1.755326 ^ _418_/A (sky130_fd_sc_hd__nand2_2)
     1    0.009274    0.058892    0.083272    1.838598 v _418_/Y (sky130_fd_sc_hd__nand2_2)
                                                         _147_ (net)
                      0.058892    0.000037    1.838635 v _419_/B1 (sky130_fd_sc_hd__o22ai_4)
     3    0.017702    0.205658    0.189738    2.028373 ^ _419_/Y (sky130_fd_sc_hd__o22ai_4)
                                                         _148_ (net)
                      0.205658    0.000252    2.028625 ^ _420_/A (sky130_fd_sc_hd__nand3_2)
     2    0.013996    0.116802    0.146782    2.175407 v _420_/Y (sky130_fd_sc_hd__nand3_2)
                                                         _149_ (net)
                      0.116802    0.000029    2.175436 v _640_/C (sky130_fd_sc_hd__nand4_2)
     4    0.021854    0.159944    0.198937    2.374373 ^ _640_/Y (sky130_fd_sc_hd__nand4_2)
                                                         _341_ (net)
                      0.159944    0.000186    2.374559 ^ _641_/A (sky130_fd_sc_hd__nand2_2)
     1    0.004391    0.050473    0.067347    2.441906 v _641_/Y (sky130_fd_sc_hd__nand2_2)
                                                         _342_ (net)
                      0.050473    0.000006    2.441912 v _645_/A2 (sky130_fd_sc_hd__o211ai_2)
     1    0.008962    0.176420    0.182893    2.624805 ^ _645_/Y (sky130_fd_sc_hd__o211ai_2)
                                                         _344_ (net)
                      0.176420    0.000023    2.624829 ^ _647_/B (sky130_fd_sc_hd__xor2_2)
     1    0.002537    0.088690    0.142970    2.767799 ^ _647_/X (sky130_fd_sc_hd__xor2_2)
                                                         net71 (net)
                      0.088690    0.000005    2.767804 ^ output71/A (sky130_fd_sc_hd__clkbuf_4)
     1    0.035110    0.114781    0.213077    2.980881 ^ output71/X (sky130_fd_sc_hd__clkbuf_4)
                                                         S[14] (net)
                      0.114781    0.000286    2.981167 ^ S[14] (out)
                                              2.981167   data arrival time

                      0.000000    4.000000    4.000000   clock __VIRTUAL_CLK__ (rise edge)
                                  0.000000    4.000000   clock network delay (ideal)
                                 -0.250000    3.750000   clock uncertainty
                                  0.000000    3.750000   clock reconvergence pessimism
                                 -0.800000    2.950000   output external delay
                                              2.950000   data required time
---------------------------------------------------------------------------------------------
                                              2.950000   data required time
                                             -2.981167   data arrival time
---------------------------------------------------------------------------------------------
                                             -0.031167   slack (VIOLATED)


Startpoint: sub (input port clocked by __VIRTUAL_CLK__)
Endpoint: S[12] (output port clocked by __VIRTUAL_CLK__)
Path Group: __VIRTUAL_CLK__
Path Type: max

Fanout         Cap        Slew       Delay        Time   Description
---------------------------------------------------------------------------------------------
                      0.000000    0.000000    0.000000   clock __VIRTUAL_CLK__ (rise edge)
                                  0.000000    0.000000   clock network delay (ideal)
                                  0.800000    0.800000 v input external delay
     1    0.007368    0.018745    0.012503    0.812503 v sub (in)
                                                         sub (net)
                      0.018745    0.000000    0.812503 v input65/A (sky130_fd_sc_hd__buf_8)
     4    0.022361    0.031929    0.119995    0.932499 v input65/X (sky130_fd_sc_hd__buf_8)
                                                         net65 (net)
                      0.031929    0.000150    0.932648 v fanout108/A (sky130_fd_sc_hd__buf_6)
     3    0.014528    0.028947    0.120135    1.052783 v fanout108/X (sky130_fd_sc_hd__buf_6)
                                                         net108 (net)
                      0.028947    0.000047    1.052830 v fanout105/A (sky130_fd_sc_hd__buf_8)
     3    0.013746    0.027110    0.117742    1.170572 v fanout105/X (sky130_fd_sc_hd__buf_8)
                                                         net105 (net)
                      0.027110    0.000020    1.170592 v fanout103/A (sky130_fd_sc_hd__buf_6)
     3    0.011148    0.026205    0.113960    1.284552 v fanout103/X (sky130_fd_sc_hd__buf_6)
                                                         net103 (net)
                      0.026205    0.000061    1.284612 v load_slew104/A (sky130_fd_sc_hd__buf_8)
     8    0.046101    0.048092    0.141173    1.425785 v load_slew104/X (sky130_fd_sc_hd__buf_8)
                                                         net104 (net)
                      0.048094    0.000325    1.426110 v _395_/A (sky130_fd_sc_hd__and2_4)
     4    0.019254    0.047159    0.165715    1.591825 v _395_/X (sky130_fd_sc_hd__and2_4)
                                                         _124_ (net)
                      0.047159    0.000039    1.591864 v _396_/A1 (sky130_fd_sc_hd__o21bai_4)
     3    0.011163    0.128447    0.163416    1.755280 ^ _396_/Y (sky130_fd_sc_hd__o21bai_4)
                                                         _125_ (net)
                      0.128447    0.000047    1.755326 ^ _418_/A (sky130_fd_sc_hd__nand2_2)
     1    0.009274    0.058892    0.083272    1.838598 v _418_/Y (sky130_fd_sc_hd__nand2_2)
                                                         _147_ (net)
                      0.058892    0.000037    1.838635 v _419_/B1 (sky130_fd_sc_hd__o22ai_4)
     3    0.017702    0.205658    0.189738    2.028373 ^ _419_/Y (sky130_fd_sc_hd__o22ai_4)
                                                         _148_ (net)
                      0.205658    0.000252    2.028625 ^ _420_/A (sky130_fd_sc_hd__nand3_2)
     2    0.013996    0.116802    0.146782    2.175407 v _420_/Y (sky130_fd_sc_hd__nand3_2)
                                                         _149_ (net)
                      0.116802    0.000029    2.175436 v _640_/C (sky130_fd_sc_hd__nand4_2)
     4    0.021854    0.159944    0.198937    2.374373 ^ _640_/Y (sky130_fd_sc_hd__nand4_2)
                                                         _341_ (net)
                      0.159944    0.000195    2.374568 ^ _642_/B (sky130_fd_sc_hd__xor2_2)
     1    0.002441    0.087710    0.140416    2.514984 ^ _642_/X (sky130_fd_sc_hd__xor2_2)
                                                         net69 (net)
                      0.087710    0.000008    2.514991 ^ output69/A (sky130_fd_sc_hd__dlymetal6s4s_1)
     1    0.034625    0.351878    0.418130    2.933121 ^ output69/X (sky130_fd_sc_hd__dlymetal6s4s_1)
                                                         S[12] (net)
                      0.351878    0.000217    2.933338 ^ S[12] (out)
                                              2.933338   data arrival time

                      0.000000    4.000000    4.000000   clock __VIRTUAL_CLK__ (rise edge)
                                  0.000000    4.000000   clock network delay (ideal)
                                 -0.250000    3.750000   clock uncertainty
                                  0.000000    3.750000   clock reconvergence pessimism
                                 -0.800000    2.950000   output external delay
                                              2.950000   data required time
---------------------------------------------------------------------------------------------
                                              2.950000   data required time
                                             -2.933338   data arrival time
---------------------------------------------------------------------------------------------
                                              0.016662   slack (MET)


Startpoint: sub (input port clocked by __VIRTUAL_CLK__)
Endpoint: S[6] (output port clocked by __VIRTUAL_CLK__)
Path Group: __VIRTUAL_CLK__
Path Type: max

Fanout         Cap        Slew       Delay        Time   Description
---------------------------------------------------------------------------------------------
                      0.000000    0.000000    0.000000   clock __VIRTUAL_CLK__ (rise edge)
                                  0.000000    0.000000   clock network delay (ideal)
                                  0.800000    0.800000 v input external delay
     1    0.007368    0.018745    0.012503    0.812503 v sub (in)
                                                         sub (net)
                      0.018745    0.000000    0.812503 v input65/A (sky130_fd_sc_hd__buf_8)
     4    0.022361    0.031929    0.119995    0.932499 v input65/X (sky130_fd_sc_hd__buf_8)
                                                         net65 (net)
                      0.031929    0.000150    0.932648 v fanout108/A (sky130_fd_sc_hd__buf_6)
     3    0.014528    0.028947    0.120135    1.052783 v fanout108/X (sky130_fd_sc_hd__buf_6)
                                                         net108 (net)
                      0.028947    0.000047    1.052830 v fanout105/A (sky130_fd_sc_hd__buf_8)
     3    0.013746    0.027110    0.117742    1.170572 v fanout105/X (sky130_fd_sc_hd__buf_8)
                                                         net105 (net)
                      0.027110    0.000020    1.170592 v fanout103/A (sky130_fd_sc_hd__buf_6)
     3    0.011148    0.026205    0.113960    1.284552 v fanout103/X (sky130_fd_sc_hd__buf_6)
                                                         net103 (net)
                      0.026205    0.000061    1.284612 v load_slew104/A (sky130_fd_sc_hd__buf_8)
     8    0.046101    0.048092    0.141173    1.425785 v load_slew104/X (sky130_fd_sc_hd__buf_8)
                                                         net104 (net)
                      0.048094    0.000325    1.426110 v _395_/A (sky130_fd_sc_hd__and2_4)
     4    0.019254    0.047159    0.165715    1.591825 v _395_/X (sky130_fd_sc_hd__and2_4)
                                                         _124_ (net)
                      0.047159    0.000039    1.591864 v _396_/A1 (sky130_fd_sc_hd__o21bai_4)
     3    0.011163    0.128447    0.163416    1.755280 ^ _396_/Y (sky130_fd_sc_hd__o21bai_4)
                                                         _125_ (net)
                      0.128447    0.000039    1.755319 ^ _405_/C1 (sky130_fd_sc_hd__o2111a_2)
     2    0.016626    0.106228    0.278164    2.033483 ^ _405_/X (sky130_fd_sc_hd__o2111a_2)
                                                         _134_ (net)
                      0.106228    0.000181    2.033663 ^ _624_/A2 (sky130_fd_sc_hd__a21oi_2)
     3    0.018077    0.091553    0.110189    2.143852 v _624_/Y (sky130_fd_sc_hd__a21oi_2)
                                                         _333_ (net)
                      0.091553    0.000103    2.143956 v _626_/B2 (sky130_fd_sc_hd__o22a_4)
     3    0.015923    0.056196    0.232893    2.376848 v _626_/X (sky130_fd_sc_hd__o22a_4)
                                                         _334_ (net)
                      0.056196    0.000143    2.376992 v _628_/B1 (sky130_fd_sc_hd__a22oi_2)
     1    0.009093    0.189549    0.171119    2.548111 ^ _628_/Y (sky130_fd_sc_hd__a22oi_2)
                                                         _335_ (net)
                      0.189549    0.000030    2.548141 ^ _629_/B (sky130_fd_sc_hd__xnor2_2)
     1    0.005069    0.126591    0.141625    2.689766 ^ _629_/Y (sky130_fd_sc_hd__xnor2_2)
                                                         net94 (net)
                      0.126591    0.000005    2.689771 ^ output94/A (sky130_fd_sc_hd__buf_6)
     1    0.034531    0.077594    0.160299    2.850069 ^ output94/X (sky130_fd_sc_hd__buf_6)
                                                         S[6] (net)
                      0.077594    0.000249    2.850318 ^ S[6] (out)
                                              2.850318   data arrival time

                      0.000000    4.000000    4.000000   clock __VIRTUAL_CLK__ (rise edge)
                                  0.000000    4.000000   clock network delay (ideal)
                                 -0.250000    3.750000   clock uncertainty
                                  0.000000    3.750000   clock reconvergence pessimism
                                 -0.800000    2.950000   output external delay
                                              2.950000   data required time
---------------------------------------------------------------------------------------------
                                              2.950000   data required time
                                             -2.850318   data arrival time
---------------------------------------------------------------------------------------------
                                              0.099681   slack (MET)


Startpoint: sub (input port clocked by __VIRTUAL_CLK__)
Endpoint: S[8] (output port clocked by __VIRTUAL_CLK__)
Path Group: __VIRTUAL_CLK__
Path Type: max

Fanout         Cap        Slew       Delay        Time   Description
---------------------------------------------------------------------------------------------
                      0.000000    0.000000    0.000000   clock __VIRTUAL_CLK__ (rise edge)
                                  0.000000    0.000000   clock network delay (ideal)
                                  0.800000    0.800000 v input external delay
     1    0.007368    0.018745    0.012503    0.812503 v sub (in)
                                                         sub (net)
                      0.018745    0.000000    0.812503 v input65/A (sky130_fd_sc_hd__buf_8)
     4    0.022361    0.031929    0.119995    0.932499 v input65/X (sky130_fd_sc_hd__buf_8)
                                                         net65 (net)
                      0.031929    0.000150    0.932648 v fanout108/A (sky130_fd_sc_hd__buf_6)
     3    0.014528    0.028947    0.120135    1.052783 v fanout108/X (sky130_fd_sc_hd__buf_6)
                                                         net108 (net)
                      0.028947    0.000047    1.052830 v fanout105/A (sky130_fd_sc_hd__buf_8)
     3    0.013746    0.027110    0.117742    1.170572 v fanout105/X (sky130_fd_sc_hd__buf_8)
                                                         net105 (net)
                      0.027110    0.000020    1.170592 v fanout103/A (sky130_fd_sc_hd__buf_6)
     3    0.011148    0.026205    0.113960    1.284552 v fanout103/X (sky130_fd_sc_hd__buf_6)
                                                         net103 (net)
                      0.026205    0.000061    1.284612 v load_slew104/A (sky130_fd_sc_hd__buf_8)
     8    0.046101    0.048092    0.141173    1.425785 v load_slew104/X (sky130_fd_sc_hd__buf_8)
                                                         net104 (net)
                      0.048094    0.000325    1.426110 v _395_/A (sky130_fd_sc_hd__and2_4)
     4    0.019254    0.047159    0.165715    1.591825 v _395_/X (sky130_fd_sc_hd__and2_4)
                                                         _124_ (net)
                      0.047159    0.000039    1.591864 v _396_/A1 (sky130_fd_sc_hd__o21bai_4)
     3    0.011163    0.128447    0.163416    1.755280 ^ _396_/Y (sky130_fd_sc_hd__o21bai_4)
                                                         _125_ (net)
                      0.128447    0.000039    1.755319 ^ _405_/C1 (sky130_fd_sc_hd__o2111a_2)
     2    0.016626    0.106228    0.278164    2.033483 ^ _405_/X (sky130_fd_sc_hd__o2111a_2)
                                                         _134_ (net)
                      0.106228    0.000181    2.033663 ^ _624_/A2 (sky130_fd_sc_hd__a21oi_2)
     3    0.018077    0.091553    0.110189    2.143852 v _624_/Y (sky130_fd_sc_hd__a21oi_2)
                                                         _333_ (net)
                      0.091553    0.000100    2.143953 v _632_/B2 (sky130_fd_sc_hd__o2bb2ai_2)
     3    0.019786    0.258734    0.264054    2.408006 ^ _632_/Y (sky130_fd_sc_hd__o2bb2ai_2)
                                                         _337_ (net)
                      0.258735    0.000305    2.408312 ^ _633_/B (sky130_fd_sc_hd__xnor2_2)
     1    0.002860    0.101183    0.144133    2.552445 ^ _633_/Y (sky130_fd_sc_hd__xnor2_2)
                                                         net96 (net)
                      0.101183    0.000010    2.552454 ^ output96/A (sky130_fd_sc_hd__clkbuf_2)
     1    0.034435    0.189678    0.239537    2.791992 ^ output96/X (sky130_fd_sc_hd__clkbuf_2)
                                                         S[8] (net)
                      0.189678    0.000235    2.792227 ^ S[8] (out)
                                              2.792227   data arrival time

                      0.000000    4.000000    4.000000   clock __VIRTUAL_CLK__ (rise edge)
                                  0.000000    4.000000   clock network delay (ideal)
                                 -0.250000    3.750000   clock uncertainty
                                  0.000000    3.750000   clock reconvergence pessimism
                                 -0.800000    2.950000   output external delay
                                              2.950000   data required time
---------------------------------------------------------------------------------------------
                                              2.950000   data required time
                                             -2.792227   data arrival time
---------------------------------------------------------------------------------------------
                                              0.157773   slack (MET)


Startpoint: sub (input port clocked by __VIRTUAL_CLK__)
Endpoint: S[16] (output port clocked by __VIRTUAL_CLK__)
Path Group: __VIRTUAL_CLK__
Path Type: max

Fanout         Cap        Slew       Delay        Time   Description
---------------------------------------------------------------------------------------------
                      0.000000    0.000000    0.000000   clock __VIRTUAL_CLK__ (rise edge)
                                  0.000000    0.000000   clock network delay (ideal)
                                  0.800000    0.800000 v input external delay
     1    0.007368    0.018745    0.012503    0.812503 v sub (in)
                                                         sub (net)
                      0.018745    0.000000    0.812503 v input65/A (sky130_fd_sc_hd__buf_8)
     4    0.022361    0.031929    0.119995    0.932499 v input65/X (sky130_fd_sc_hd__buf_8)
                                                         net65 (net)
                      0.031929    0.000150    0.932648 v fanout108/A (sky130_fd_sc_hd__buf_6)
     3    0.014528    0.028947    0.120135    1.052783 v fanout108/X (sky130_fd_sc_hd__buf_6)
                                                         net108 (net)
                      0.028947    0.000047    1.052830 v fanout105/A (sky130_fd_sc_hd__buf_8)
     3    0.013746    0.027110    0.117742    1.170572 v fanout105/X (sky130_fd_sc_hd__buf_8)
                                                         net105 (net)
                      0.027110    0.000128    1.170699 v fanout101/A (sky130_fd_sc_hd__buf_6)
     6    0.028018    0.038995    0.130632    1.301331 v fanout101/X (sky130_fd_sc_hd__buf_6)
                                                         net101 (net)
                      0.038995    0.000118    1.301449 v load_slew102/A (sky130_fd_sc_hd__buf_8)
     5    0.026373    0.034481    0.132027    1.433476 v load_slew102/X (sky130_fd_sc_hd__buf_8)
                                                         net102 (net)
                      0.034481    0.000147    1.433624 v _355_/A1 (sky130_fd_sc_hd__a21boi_2)
     1    0.009323    0.155736    0.164524    1.598148 ^ _355_/Y (sky130_fd_sc_hd__a21boi_2)
                                                         _084_ (net)
                      0.155736    0.000020    1.598168 ^ _356_/B1 (sky130_fd_sc_hd__o21ai_4)
     3    0.018632    0.097273    0.106090    1.704258 v _356_/Y (sky130_fd_sc_hd__o21ai_4)
                                                         _085_ (net)
                      0.097273    0.000132    1.704390 v _360_/B1 (sky130_fd_sc_hd__o2111ai_4)
     3    0.017075    0.234424    0.152553    1.856944 ^ _360_/Y (sky130_fd_sc_hd__o2111ai_4)
                                                         _089_ (net)
                      0.234424    0.000260    1.857204 ^ _377_/B (sky130_fd_sc_hd__nor2_4)
     3    0.018064    0.062353    0.078591    1.935795 v _377_/Y (sky130_fd_sc_hd__nor2_4)
                                                         _106_ (net)
                      0.062353    0.000036    1.935831 v _410_/B (sky130_fd_sc_hd__nand4_4)
     3    0.019373    0.110477    0.120991    2.056822 ^ _410_/Y (sky130_fd_sc_hd__nand4_4)
                                                         _139_ (net)
                      0.110477    0.000099    2.056921 ^ _415_/C (sky130_fd_sc_hd__nand3_4)
     3    0.015560    0.088672    0.107775    2.164696 v _415_/Y (sky130_fd_sc_hd__nand3_4)
                                                         _144_ (net)
                      0.088672    0.000181    2.164877 v _424_/B1 (sky130_fd_sc_hd__o22ai_4)
     4    0.027620    0.266759    0.251470    2.416347 ^ _424_/Y (sky130_fd_sc_hd__o22ai_4)
                                                         _153_ (net)
                      0.266759    0.000077    2.416424 ^ _425_/B (sky130_fd_sc_hd__xor2_2)
     1    0.007939    0.144073    0.200097    2.616521 ^ _425_/X (sky130_fd_sc_hd__xor2_2)
                                                         net73 (net)
                      0.144073    0.000090    2.616611 ^ output73/A (sky130_fd_sc_hd__buf_6)
     1    0.034213    0.077201    0.163834    2.780444 ^ output73/X (sky130_fd_sc_hd__buf_6)
                                                         S[16] (net)
                      0.077201    0.000117    2.780561 ^ S[16] (out)
                                              2.780561   data arrival time

                      0.000000    4.000000    4.000000   clock __VIRTUAL_CLK__ (rise edge)
                                  0.000000    4.000000   clock network delay (ideal)
                                 -0.250000    3.750000   clock uncertainty
                                  0.000000    3.750000   clock reconvergence pessimism
                                 -0.800000    2.950000   output external delay
                                              2.950000   data required time
---------------------------------------------------------------------------------------------
                                              2.950000   data required time
                                             -2.780561   data arrival time
---------------------------------------------------------------------------------------------
                                              0.169439   slack (MET)


Startpoint: sub (input port clocked by __VIRTUAL_CLK__)
Endpoint: S[5] (output port clocked by __VIRTUAL_CLK__)
Path Group: __VIRTUAL_CLK__
Path Type: max

Fanout         Cap        Slew       Delay        Time   Description
---------------------------------------------------------------------------------------------
                      0.000000    0.000000    0.000000   clock __VIRTUAL_CLK__ (rise edge)
                                  0.000000    0.000000   clock network delay (ideal)
                                  0.800000    0.800000 v input external delay
     1    0.007368    0.018745    0.012503    0.812503 v sub (in)
                                                         sub (net)
                      0.018745    0.000000    0.812503 v input65/A (sky130_fd_sc_hd__buf_8)
     4    0.022361    0.031929    0.119995    0.932499 v input65/X (sky130_fd_sc_hd__buf_8)
                                                         net65 (net)
                      0.031929    0.000150    0.932648 v fanout108/A (sky130_fd_sc_hd__buf_6)
     3    0.014528    0.028947    0.120135    1.052783 v fanout108/X (sky130_fd_sc_hd__buf_6)
                                                         net108 (net)
                      0.028947    0.000047    1.052830 v fanout105/A (sky130_fd_sc_hd__buf_8)
     3    0.013746    0.027110    0.117742    1.170572 v fanout105/X (sky130_fd_sc_hd__buf_8)
                                                         net105 (net)
                      0.027110    0.000020    1.170592 v fanout103/A (sky130_fd_sc_hd__buf_6)
     3    0.011148    0.026205    0.113960    1.284552 v fanout103/X (sky130_fd_sc_hd__buf_6)
                                                         net103 (net)
                      0.026205    0.000061    1.284612 v load_slew104/A (sky130_fd_sc_hd__buf_8)
     8    0.046101    0.048092    0.141173    1.425785 v load_slew104/X (sky130_fd_sc_hd__buf_8)
                                                         net104 (net)
                      0.048094    0.000320    1.426105 v _397_/A1 (sky130_fd_sc_hd__o21ai_4)
     3    0.011685    0.142741    0.176431    1.602535 ^ _397_/Y (sky130_fd_sc_hd__o21ai_4)
                                                         _126_ (net)
                      0.142741    0.000037    1.602572 ^ _416_/B2 (sky130_fd_sc_hd__o22ai_2)
     2    0.009114    0.077438    0.103775    1.706347 v _416_/Y (sky130_fd_sc_hd__o22ai_2)
                                                         _145_ (net)
                      0.077438    0.000020    1.706367 v _417_/B1 (sky130_fd_sc_hd__a21oi_2)
     1    0.009217    0.148752    0.162473    1.868840 ^ _417_/Y (sky130_fd_sc_hd__a21oi_2)
                                                         _146_ (net)
                      0.148752    0.000028    1.868868 ^ _419_/B2 (sky130_fd_sc_hd__o22ai_4)
     3    0.016449    0.075398    0.108474    1.977342 v _419_/Y (sky130_fd_sc_hd__o22ai_4)
                                                         _148_ (net)
                      0.075399    0.000185    1.977527 v _624_/B1 (sky130_fd_sc_hd__a21oi_2)
     3    0.019530    0.260460    0.245782    2.223309 ^ _624_/Y (sky130_fd_sc_hd__a21oi_2)
                                                         _333_ (net)
                      0.260460    0.000112    2.223421 ^ _626_/B2 (sky130_fd_sc_hd__o22a_4)
     3    0.017002    0.066166    0.219021    2.442443 ^ _626_/X (sky130_fd_sc_hd__o22a_4)
                                                         _334_ (net)
                      0.066166    0.000135    2.442577 ^ _627_/B (sky130_fd_sc_hd__xnor2_2)
     1    0.002032    0.091627    0.100371    2.542948 ^ _627_/Y (sky130_fd_sc_hd__xnor2_2)
                                                         net93 (net)
                      0.091627    0.000003    2.542951 ^ output93/A (sky130_fd_sc_hd__buf_2)
     1    0.034857    0.173098    0.228335    2.771286 ^ output93/X (sky130_fd_sc_hd__buf_2)
                                                         S[5] (net)
                      0.173098    0.000339    2.771625 ^ S[5] (out)
                                              2.771625   data arrival time

                      0.000000    4.000000    4.000000   clock __VIRTUAL_CLK__ (rise edge)
                                  0.000000    4.000000   clock network delay (ideal)
                                 -0.250000    3.750000   clock uncertainty
                                  0.000000    3.750000   clock reconvergence pessimism
                                 -0.800000    2.950000   output external delay
                                              2.950000   data required time
---------------------------------------------------------------------------------------------
                                              2.950000   data required time
                                             -2.771625   data arrival time
---------------------------------------------------------------------------------------------
                                              0.178375   slack (MET)


Startpoint: sub (input port clocked by __VIRTUAL_CLK__)
Endpoint: S[4] (output port clocked by __VIRTUAL_CLK__)
Path Group: __VIRTUAL_CLK__
Path Type: max

Fanout         Cap        Slew       Delay        Time   Description
---------------------------------------------------------------------------------------------
                      0.000000    0.000000    0.000000   clock __VIRTUAL_CLK__ (rise edge)
                                  0.000000    0.000000   clock network delay (ideal)
                                  0.800000    0.800000 v input external delay
     1    0.007368    0.018745    0.012503    0.812503 v sub (in)
                                                         sub (net)
                      0.018745    0.000000    0.812503 v input65/A (sky130_fd_sc_hd__buf_8)
     4    0.022361    0.031929    0.119995    0.932499 v input65/X (sky130_fd_sc_hd__buf_8)
                                                         net65 (net)
                      0.031929    0.000150    0.932648 v fanout108/A (sky130_fd_sc_hd__buf_6)
     3    0.014528    0.028947    0.120135    1.052783 v fanout108/X (sky130_fd_sc_hd__buf_6)
                                                         net108 (net)
                      0.028947    0.000047    1.052830 v fanout105/A (sky130_fd_sc_hd__buf_8)
     3    0.013746    0.027110    0.117742    1.170572 v fanout105/X (sky130_fd_sc_hd__buf_8)
                                                         net105 (net)
                      0.027110    0.000020    1.170592 v fanout103/A (sky130_fd_sc_hd__buf_6)
     3    0.011148    0.026205    0.113960    1.284552 v fanout103/X (sky130_fd_sc_hd__buf_6)
                                                         net103 (net)
                      0.026205    0.000061    1.284612 v load_slew104/A (sky130_fd_sc_hd__buf_8)
     8    0.046101    0.048092    0.141173    1.425785 v load_slew104/X (sky130_fd_sc_hd__buf_8)
                                                         net104 (net)
                      0.048094    0.000320    1.426105 v _397_/A1 (sky130_fd_sc_hd__o21ai_4)
     3    0.011685    0.142741    0.176431    1.602535 ^ _397_/Y (sky130_fd_sc_hd__o21ai_4)
                                                         _126_ (net)
                      0.142741    0.000037    1.602572 ^ _416_/B2 (sky130_fd_sc_hd__o22ai_2)
     2    0.009114    0.077438    0.103775    1.706347 v _416_/Y (sky130_fd_sc_hd__o22ai_2)
                                                         _145_ (net)
                      0.077438    0.000020    1.706367 v _417_/B1 (sky130_fd_sc_hd__a21oi_2)
     1    0.009217    0.148752    0.162473    1.868840 ^ _417_/Y (sky130_fd_sc_hd__a21oi_2)
                                                         _146_ (net)
                      0.148752    0.000028    1.868868 ^ _419_/B2 (sky130_fd_sc_hd__o22ai_4)
     3    0.016449    0.075398    0.108474    1.977342 v _419_/Y (sky130_fd_sc_hd__o22ai_4)
                                                         _148_ (net)
                      0.075399    0.000185    1.977527 v _624_/B1 (sky130_fd_sc_hd__a21oi_2)
     3    0.019530    0.260460    0.245782    2.223309 ^ _624_/Y (sky130_fd_sc_hd__a21oi_2)
                                                         _333_ (net)
                      0.260460    0.000103    2.223412 ^ _625_/B (sky130_fd_sc_hd__xnor2_2)
     1    0.004370    0.116603    0.150925    2.374337 ^ _625_/Y (sky130_fd_sc_hd__xnor2_2)
                                                         net92 (net)
                      0.116603    0.000044    2.374381 ^ output92/A (sky130_fd_sc_hd__clkbuf_2)
     1    0.035201    0.193700    0.248396    2.622776 ^ output92/X (sky130_fd_sc_hd__clkbuf_2)
                                                         S[4] (net)
                      0.193700    0.000373    2.623149 ^ S[4] (out)
                                              2.623149   data arrival time

                      0.000000    4.000000    4.000000   clock __VIRTUAL_CLK__ (rise edge)
                                  0.000000    4.000000   clock network delay (ideal)
                                 -0.250000    3.750000   clock uncertainty
                                  0.000000    3.750000   clock reconvergence pessimism
                                 -0.800000    2.950000   output external delay
                                              2.950000   data required time
---------------------------------------------------------------------------------------------
                                              2.950000   data required time
                                             -2.623149   data arrival time
---------------------------------------------------------------------------------------------
                                              0.326851   slack (MET)


Startpoint: sub (input port clocked by __VIRTUAL_CLK__)
Endpoint: S[3] (output port clocked by __VIRTUAL_CLK__)
Path Group: __VIRTUAL_CLK__
Path Type: max

Fanout         Cap        Slew       Delay        Time   Description
---------------------------------------------------------------------------------------------
                      0.000000    0.000000    0.000000   clock __VIRTUAL_CLK__ (rise edge)
                                  0.000000    0.000000   clock network delay (ideal)
                                  0.800000    0.800000 v input external delay
     1    0.007368    0.018745    0.012503    0.812503 v sub (in)
                                                         sub (net)
                      0.018745    0.000000    0.812503 v input65/A (sky130_fd_sc_hd__buf_8)
     4    0.022361    0.031929    0.119995    0.932499 v input65/X (sky130_fd_sc_hd__buf_8)
                                                         net65 (net)
                      0.031929    0.000150    0.932648 v fanout108/A (sky130_fd_sc_hd__buf_6)
     3    0.014528    0.028947    0.120135    1.052783 v fanout108/X (sky130_fd_sc_hd__buf_6)
                                                         net108 (net)
                      0.028947    0.000047    1.052830 v fanout105/A (sky130_fd_sc_hd__buf_8)
     3    0.013746    0.027110    0.117742    1.170572 v fanout105/X (sky130_fd_sc_hd__buf_8)
                                                         net105 (net)
                      0.027110    0.000020    1.170592 v fanout103/A (sky130_fd_sc_hd__buf_6)
     3    0.011148    0.026205    0.113960    1.284552 v fanout103/X (sky130_fd_sc_hd__buf_6)
                                                         net103 (net)
                      0.026205    0.000061    1.284612 v load_slew104/A (sky130_fd_sc_hd__buf_8)
     8    0.046101    0.048092    0.141173    1.425785 v load_slew104/X (sky130_fd_sc_hd__buf_8)
                                                         net104 (net)
                      0.048094    0.000320    1.426105 v _397_/A1 (sky130_fd_sc_hd__o21ai_4)
     3    0.011685    0.142741    0.176431    1.602535 ^ _397_/Y (sky130_fd_sc_hd__o21ai_4)
                                                         _126_ (net)
                      0.142741    0.000037    1.602572 ^ _416_/B2 (sky130_fd_sc_hd__o22ai_2)
     2    0.009114    0.077438    0.103775    1.706347 v _416_/Y (sky130_fd_sc_hd__o22ai_2)
                                                         _145_ (net)
                      0.077438    0.000015    1.706361 v _619_/B1 (sky130_fd_sc_hd__a211o_4)
     2    0.010839    0.058815    0.345259    2.051621 v _619_/X (sky130_fd_sc_hd__a211o_4)
                                                         _330_ (net)
                      0.058816    0.000099    2.051720 v _621_/A2 (sky130_fd_sc_hd__a21oi_2)
     1    0.002602    0.077981    0.131136    2.182856 ^ _621_/Y (sky130_fd_sc_hd__a21oi_2)
                                                         _331_ (net)
                      0.077981    0.000013    2.182869 ^ _623_/A_N (sky130_fd_sc_hd__nand2b_2)
     1    0.005652    0.053044    0.129510    2.312380 ^ _623_/Y (sky130_fd_sc_hd__nand2b_2)
                                                         net91 (net)
                      0.053044    0.000021    2.312401 ^ output91/A (sky130_fd_sc_hd__buf_6)
     1    0.034592    0.077333    0.135202    2.447603 ^ output91/X (sky130_fd_sc_hd__buf_6)
                                                         S[3] (net)
                      0.077333    0.000214    2.447816 ^ S[3] (out)
                                              2.447816   data arrival time

                      0.000000    4.000000    4.000000   clock __VIRTUAL_CLK__ (rise edge)
                                  0.000000    4.000000   clock network delay (ideal)
                                 -0.250000    3.750000   clock uncertainty
                                  0.000000    3.750000   clock reconvergence pessimism
                                 -0.800000    2.950000   output external delay
                                              2.950000   data required time
---------------------------------------------------------------------------------------------
                                              2.950000   data required time
                                             -2.447816   data arrival time
---------------------------------------------------------------------------------------------
                                              0.502183   slack (MET)


Startpoint: sub (input port clocked by __VIRTUAL_CLK__)
Endpoint: S[2] (output port clocked by __VIRTUAL_CLK__)
Path Group: __VIRTUAL_CLK__
Path Type: max

Fanout         Cap        Slew       Delay        Time   Description
---------------------------------------------------------------------------------------------
                      0.000000    0.000000    0.000000   clock __VIRTUAL_CLK__ (rise edge)
                                  0.000000    0.000000   clock network delay (ideal)
                                  0.800000    0.800000 v input external delay
     1    0.007368    0.018745    0.012503    0.812503 v sub (in)
                                                         sub (net)
                      0.018745    0.000000    0.812503 v input65/A (sky130_fd_sc_hd__buf_8)
     4    0.022361    0.031929    0.119995    0.932499 v input65/X (sky130_fd_sc_hd__buf_8)
                                                         net65 (net)
                      0.031929    0.000150    0.932648 v fanout108/A (sky130_fd_sc_hd__buf_6)
     3    0.014528    0.028947    0.120135    1.052783 v fanout108/X (sky130_fd_sc_hd__buf_6)
                                                         net108 (net)
                      0.028947    0.000047    1.052830 v fanout105/A (sky130_fd_sc_hd__buf_8)
     3    0.013746    0.027110    0.117742    1.170572 v fanout105/X (sky130_fd_sc_hd__buf_8)
                                                         net105 (net)
                      0.027110    0.000020    1.170592 v fanout103/A (sky130_fd_sc_hd__buf_6)
     3    0.011148    0.026205    0.113960    1.284552 v fanout103/X (sky130_fd_sc_hd__buf_6)
                                                         net103 (net)
                      0.026205    0.000061    1.284612 v load_slew104/A (sky130_fd_sc_hd__buf_8)
     8    0.046101    0.048092    0.141173    1.425785 v load_slew104/X (sky130_fd_sc_hd__buf_8)
                                                         net104 (net)
                      0.048094    0.000325    1.426110 v _395_/A (sky130_fd_sc_hd__and2_4)
     4    0.019254    0.047159    0.165715    1.591825 v _395_/X (sky130_fd_sc_hd__and2_4)
                                                         _124_ (net)
                      0.047159    0.000039    1.591864 v _396_/A1 (sky130_fd_sc_hd__o21bai_4)
     3    0.011163    0.128447    0.163416    1.755280 ^ _396_/Y (sky130_fd_sc_hd__o21bai_4)
                                                         _125_ (net)
                      0.128447    0.000008    1.755287 ^ rebuffer124/A (sky130_fd_sc_hd__buf_2)
     3    0.013370    0.073215    0.167320    1.922607 ^ rebuffer124/X (sky130_fd_sc_hd__buf_2)
                                                         net124 (net)
                      0.073215    0.000011    1.922618 ^ _398_/B1 (sky130_fd_sc_hd__o21a_2)
     1    0.009681    0.065377    0.159839    2.082457 ^ _398_/X (sky130_fd_sc_hd__o21a_2)
                                                         _127_ (net)
                      0.065377    0.000018    2.082476 ^ _620_/A (sky130_fd_sc_hd__xor2_2)
     1    0.003374    0.096738    0.120204    2.202680 ^ _620_/X (sky130_fd_sc_hd__xor2_2)
                                                         net88 (net)
                      0.096738    0.000018    2.202698 ^ output88/A (sky130_fd_sc_hd__buf_4)
     1    0.035081    0.104610    0.185344    2.388041 ^ output88/X (sky130_fd_sc_hd__buf_4)
                                                         S[2] (net)
                      0.104610    0.000303    2.388344 ^ S[2] (out)
                                              2.388344   data arrival time

                      0.000000    4.000000    4.000000   clock __VIRTUAL_CLK__ (rise edge)
                                  0.000000    4.000000   clock network delay (ideal)
                                 -0.250000    3.750000   clock uncertainty
                                  0.000000    3.750000   clock reconvergence pessimism
                                 -0.800000    2.950000   output external delay
                                              2.950000   data required time
---------------------------------------------------------------------------------------------
                                              2.950000   data required time
                                             -2.388344   data arrival time
---------------------------------------------------------------------------------------------
                                              0.561656   slack (MET)


Startpoint: sub (input port clocked by __VIRTUAL_CLK__)
Endpoint: S[1] (output port clocked by __VIRTUAL_CLK__)
Path Group: __VIRTUAL_CLK__
Path Type: max

Fanout         Cap        Slew       Delay        Time   Description
---------------------------------------------------------------------------------------------
                      0.000000    0.000000    0.000000   clock __VIRTUAL_CLK__ (rise edge)
                                  0.000000    0.000000   clock network delay (ideal)
                                  0.800000    0.800000 ^ input external delay
     1    0.008029    0.042637    0.028984    0.828984 ^ sub (in)
                                                         sub (net)
                      0.042637    0.000000    0.828984 ^ input65/A (sky130_fd_sc_hd__buf_8)
     4    0.023883    0.050330    0.108298    0.937282 ^ input65/X (sky130_fd_sc_hd__buf_8)
                                                         net65 (net)
                      0.050330    0.000162    0.937443 ^ fanout108/A (sky130_fd_sc_hd__buf_6)
     3    0.015509    0.042720    0.105930    1.043373 ^ fanout108/X (sky130_fd_sc_hd__buf_6)
                                                         net108 (net)
                      0.042720    0.000148    1.043521 ^ fanout106/A (sky130_fd_sc_hd__buf_2)
     5    0.022382    0.114730    0.165992    1.209513 ^ fanout106/X (sky130_fd_sc_hd__buf_2)
                                                         net106 (net)
                      0.114730    0.000046    1.209559 ^ load_slew107/A (sky130_fd_sc_hd__buf_6)
     6    0.030414    0.069907    0.150829    1.360388 ^ load_slew107/X (sky130_fd_sc_hd__buf_6)
                                                         net107 (net)
                      0.069907    0.000043    1.360431 ^ _379_/B (sky130_fd_sc_hd__nand2b_4)
     1    0.008716    0.042636    0.060413    1.420843 v _379_/Y (sky130_fd_sc_hd__nand2b_4)
                                                         _108_ (net)
                      0.042636    0.000025    1.420869 v _385_/B (sky130_fd_sc_hd__nand3b_4)
     4    0.022976    0.100436    0.109137    1.530005 ^ _385_/Y (sky130_fd_sc_hd__nand3b_4)
                                                         _114_ (net)
                      0.100436    0.000110    1.530116 ^ _386_/B1 (sky130_fd_sc_hd__o21ai_4)
     2    0.013019    0.055402    0.081366    1.611482 v _386_/Y (sky130_fd_sc_hd__o21ai_4)
                                                         _115_ (net)
                      0.055402    0.000019    1.611502 v rebuffer212/A (sky130_fd_sc_hd__buf_6)
     1    0.004849    0.021191    0.119205    1.730706 v rebuffer212/X (sky130_fd_sc_hd__buf_6)
                                                         net212 (net)
                      0.021191    0.000015    1.730721 v rebuffer211/A (sky130_fd_sc_hd__buf_6)
     1    0.005039    0.021381    0.103728    1.834449 v rebuffer211/X (sky130_fd_sc_hd__buf_6)
                                                         net211 (net)
                      0.021381    0.000022    1.834471 v rebuffer201/A (sky130_fd_sc_hd__buf_6)
     1    0.008806    0.024493    0.108620    1.943091 v rebuffer201/X (sky130_fd_sc_hd__buf_6)
                                                         net201 (net)
                      0.024493    0.000024    1.943114 v _617_/A (sky130_fd_sc_hd__xnor2_2)
     1    0.005292    0.129085    0.153590    2.096704 ^ _617_/Y (sky130_fd_sc_hd__xnor2_2)
                                                         net77 (net)
                      0.129085    0.000012    2.096717 ^ output77/A (sky130_fd_sc_hd__buf_6)
     1    0.035257    0.078983    0.161794    2.258511 ^ output77/X (sky130_fd_sc_hd__buf_6)
                                                         S[1] (net)
                      0.078984    0.000423    2.258934 ^ S[1] (out)
                                              2.258934   data arrival time

                      0.000000    4.000000    4.000000   clock __VIRTUAL_CLK__ (rise edge)
                                  0.000000    4.000000   clock network delay (ideal)
                                 -0.250000    3.750000   clock uncertainty
                                  0.000000    3.750000   clock reconvergence pessimism
                                 -0.800000    2.950000   output external delay
                                              2.950000   data required time
---------------------------------------------------------------------------------------------
                                              2.950000   data required time
                                             -2.258934   data arrival time
---------------------------------------------------------------------------------------------
                                              0.691066   slack (MET)


Startpoint: B[0] (input port clocked by __VIRTUAL_CLK__)
Endpoint: S[0] (output port clocked by __VIRTUAL_CLK__)
Path Group: __VIRTUAL_CLK__
Path Type: max

Fanout         Cap        Slew       Delay        Time   Description
---------------------------------------------------------------------------------------------
                      0.000000    0.000000    0.000000   clock __VIRTUAL_CLK__ (rise edge)
                                  0.000000    0.000000   clock network delay (ideal)
                                  0.800000    0.800000 ^ input external delay
     1    0.003196    0.021443    0.012269    0.812269 ^ B[0] (in)
                                                         B[0] (net)
                      0.021443    0.000000    0.812269 ^ input33/A (sky130_fd_sc_hd__dlygate4sd1_1)
     7    0.036077    0.346955    0.419104    1.231372 ^ input33/X (sky130_fd_sc_hd__dlygate4sd1_1)
                                                         net33 (net)
                      0.346955    0.000152    1.231525 ^ _615_/B (sky130_fd_sc_hd__xor2_2)
     1    0.002769    0.093132    0.158626    1.390150 ^ _615_/X (sky130_fd_sc_hd__xor2_2)
                                                         net66 (net)
                      0.093132    0.000007    1.390157 ^ output66/A (sky130_fd_sc_hd__clkdlybuf4s25_1)
     1    0.034235    0.349994    0.500033    1.890190 ^ output66/X (sky130_fd_sc_hd__clkdlybuf4s25_1)
                                                         S[0] (net)
                      0.349994    0.000135    1.890326 ^ S[0] (out)
                                              1.890326   data arrival time

                      0.000000    4.000000    4.000000   clock __VIRTUAL_CLK__ (rise edge)
                                  0.000000    4.000000   clock network delay (ideal)
                                 -0.250000    3.750000   clock uncertainty
                                  0.000000    3.750000   clock reconvergence pessimism
                                 -0.800000    2.950000   output external delay
                                              2.950000   data required time
---------------------------------------------------------------------------------------------
                                              2.950000   data required time
                                             -1.890326   data arrival time
---------------------------------------------------------------------------------------------
                                              1.059674   slack (MET)



