
===========================================================================
report_checks -path_delay min (Hold)
============================================================================
======================= nom_ss_100C_1v60 Corner ===================================

Startpoint: A[31] (input port clocked by __VIRTUAL_CLK__)
Endpoint: carryOut (output port clocked by __VIRTUAL_CLK__)
Path Group: __VIRTUAL_CLK__
Path Type: min

Fanout         Cap        Slew       Delay        Time   Description
---------------------------------------------------------------------------------------------
                      0.000000    0.000000    0.000000   clock __VIRTUAL_CLK__ (rise edge)
                                  0.000000    0.000000   clock network delay (ideal)
                                  0.800000    0.800000 ^ input external delay
     1    0.003898    0.039623    0.020511    0.820511 ^ A[31] (in)
                                                         A[31] (net)
                      0.039623    0.000000    0.820511 ^ input25/A (sky130_fd_sc_hd__clkdlybuf4s25_1)
     2    0.019903    0.331221    0.607807    1.428318 ^ input25/X (sky130_fd_sc_hd__clkdlybuf4s25_1)
                                                         net25 (net)
                      0.331221    0.000479    1.428796 ^ _651_/A1_N (sky130_fd_sc_hd__o2bb2ai_4)
     1    0.005316    0.084801    0.269139    1.697935 ^ _651_/Y (sky130_fd_sc_hd__o2bb2ai_4)
                                                         net98 (net)
                      0.084801    0.000153    1.698088 ^ output98/A (sky130_fd_sc_hd__buf_6)
     1    0.036091    0.128092    0.221636    1.919724 ^ output98/X (sky130_fd_sc_hd__buf_6)
                                                         carryOut (net)
                      0.128094    0.000744    1.920468 ^ carryOut (out)
                                              1.920468   data arrival time

                      0.000000    0.000000    0.000000   clock __VIRTUAL_CLK__ (rise edge)
                                  0.000000    0.000000   clock network delay (ideal)
                                  0.250000    0.250000   clock uncertainty
                                  0.000000    0.250000   clock reconvergence pessimism
                                 -0.800000   -0.550000   output external delay
                                             -0.550000   data required time
---------------------------------------------------------------------------------------------
                                             -0.550000   data required time
                                             -1.920468   data arrival time
---------------------------------------------------------------------------------------------
                                              2.470468   slack (MET)


Startpoint: A[20] (input port clocked by __VIRTUAL_CLK__)
Endpoint: S[21] (output port clocked by __VIRTUAL_CLK__)
Path Group: __VIRTUAL_CLK__
Path Type: min

Fanout         Cap        Slew       Delay        Time   Description
---------------------------------------------------------------------------------------------
                      0.000000    0.000000    0.000000   clock __VIRTUAL_CLK__ (rise edge)
                                  0.000000    0.000000   clock network delay (ideal)
                                  0.800000    0.800000 v input external delay
     1    0.005500    0.029094    0.016882    0.816882 v A[20] (in)
                                                         A[20] (net)
                      0.029095    0.000000    0.816882 v input13/A (sky130_fd_sc_hd__clkdlybuf4s25_1)
     2    0.013391    0.199836    0.522960    1.339842 v input13/X (sky130_fd_sc_hd__clkdlybuf4s25_1)
                                                         net13 (net)
                      0.199836    0.000519    1.340361 v _460_/B1 (sky130_fd_sc_hd__o21ai_4)
     3    0.014193    0.117173    0.169648    1.510010 ^ _460_/Y (sky130_fd_sc_hd__o21ai_4)
                                                         _185_ (net)
                      0.117173    0.000347    1.510357 ^ _479_/B2 (sky130_fd_sc_hd__o2bb2ai_2)
     1    0.005112    0.067479    0.121021    1.631378 v _479_/Y (sky130_fd_sc_hd__o2bb2ai_2)
                                                         _203_ (net)
                      0.067479    0.000107    1.631485 v _481_/B1 (sky130_fd_sc_hd__o21ai_2)
     1    0.009145    0.109835    0.110733    1.742217 ^ _481_/Y (sky130_fd_sc_hd__o21ai_2)
                                                         _205_ (net)
                      0.109835    0.000254    1.742471 ^ _482_/A (sky130_fd_sc_hd__nand2_4)
     1    0.007660    0.055664    0.092533    1.835004 v _482_/Y (sky130_fd_sc_hd__nand2_4)
                                                         net79 (net)
                      0.055664    0.000246    1.835250 v output79/A (sky130_fd_sc_hd__buf_8)
     1    0.034994    0.068541    0.221225    2.056475 v output79/X (sky130_fd_sc_hd__buf_8)
                                                         S[21] (net)
                      0.068555    0.000907    2.057382 v S[21] (out)
                                              2.057382   data arrival time

                      0.000000    0.000000    0.000000   clock __VIRTUAL_CLK__ (rise edge)
                                  0.000000    0.000000   clock network delay (ideal)
                                  0.250000    0.250000   clock uncertainty
                                  0.000000    0.250000   clock reconvergence pessimism
                                 -0.800000   -0.550000   output external delay
                                             -0.550000   data required time
---------------------------------------------------------------------------------------------
                                             -0.550000   data required time
                                             -2.057382   data arrival time
---------------------------------------------------------------------------------------------
                                              2.607382   slack (MET)


Startpoint: A[28] (input port clocked by __VIRTUAL_CLK__)
Endpoint: S[29] (output port clocked by __VIRTUAL_CLK__)
Path Group: __VIRTUAL_CLK__
Path Type: min

Fanout         Cap        Slew       Delay        Time   Description
---------------------------------------------------------------------------------------------
                      0.000000    0.000000    0.000000   clock __VIRTUAL_CLK__ (rise edge)
                                  0.000000    0.000000   clock network delay (ideal)
                                  0.800000    0.800000 v input external delay
     1    0.003714    0.022008    0.011517    0.811517 v A[28] (in)
                                                         A[28] (net)
                      0.022008    0.000000    0.811517 v input21/A (sky130_fd_sc_hd__clkdlybuf4s25_1)
     3    0.005736    0.108892    0.444471    1.255988 v input21/X (sky130_fd_sc_hd__clkdlybuf4s25_1)
                                                         net21 (net)
                      0.108892    0.000120    1.256108 v _568_/C_N (sky130_fd_sc_hd__nor3b_2)
     2    0.011440    0.079312    0.357139    1.613247 v _568_/Y (sky130_fd_sc_hd__nor3b_2)
                                                         _285_ (net)
                      0.079312    0.000246    1.613493 v _590_/A1 (sky130_fd_sc_hd__o21ai_2)
     1    0.006558    0.088073    0.243289    1.856781 ^ _590_/Y (sky130_fd_sc_hd__o21ai_2)
                                                         net87 (net)
                      0.088073    0.000206    1.856987 ^ output87/A (sky130_fd_sc_hd__buf_6)
     1    0.034833    0.124427    0.220454    2.077441 ^ output87/X (sky130_fd_sc_hd__buf_6)
                                                         S[29] (net)
                      0.124430    0.000780    2.078221 ^ S[29] (out)
                                              2.078221   data arrival time

                      0.000000    0.000000    0.000000   clock __VIRTUAL_CLK__ (rise edge)
                                  0.000000    0.000000   clock network delay (ideal)
                                  0.250000    0.250000   clock uncertainty
                                  0.000000    0.250000   clock reconvergence pessimism
                                 -0.800000   -0.550000   output external delay
                                             -0.550000   data required time
---------------------------------------------------------------------------------------------
                                             -0.550000   data required time
                                             -2.078221   data arrival time
---------------------------------------------------------------------------------------------
                                              2.628221   slack (MET)


Startpoint: A[2] (input port clocked by __VIRTUAL_CLK__)
Endpoint: S[3] (output port clocked by __VIRTUAL_CLK__)
Path Group: __VIRTUAL_CLK__
Path Type: min

Fanout         Cap        Slew       Delay        Time   Description
---------------------------------------------------------------------------------------------
                      0.000000    0.000000    0.000000   clock __VIRTUAL_CLK__ (rise edge)
                                  0.000000    0.000000   clock network delay (ideal)
                                  0.800000    0.800000 ^ input external delay
     1    0.004502    0.043766    0.023539    0.823539 ^ A[2] (in)
                                                         A[2] (net)
                      0.043780    0.000000    0.823539 ^ input23/A (sky130_fd_sc_hd__clkdlybuf4s25_1)
     2    0.007854    0.147457    0.482276    1.305815 ^ input23/X (sky130_fd_sc_hd__clkdlybuf4s25_1)
                                                         net23 (net)
                      0.147457    0.000053    1.305868 ^ _396_/B1_N (sky130_fd_sc_hd__o21bai_4)
     5    0.023958    0.155186    0.290375    1.596243 ^ _396_/Y (sky130_fd_sc_hd__o21bai_4)
                                                         _125_ (net)
                      0.155195    0.001152    1.597395 ^ _622_/A (sky130_fd_sc_hd__nand3_2)
     1    0.004519    0.105972    0.144477    1.741872 v _622_/Y (sky130_fd_sc_hd__nand3_2)
                                                         _332_ (net)
                      0.105972    0.000125    1.741997 v _623_/B (sky130_fd_sc_hd__nand2b_2)
     1    0.007642    0.088954    0.127777    1.869774 ^ _623_/Y (sky130_fd_sc_hd__nand2b_2)
                                                         net91 (net)
                      0.088954    0.000302    1.870076 ^ output91/A (sky130_fd_sc_hd__buf_6)
     1    0.035177    0.125455    0.221440    2.091516 ^ output91/X (sky130_fd_sc_hd__buf_6)
                                                         S[3] (net)
                      0.125460    0.000953    2.092469 ^ S[3] (out)
                                              2.092469   data arrival time

                      0.000000    0.000000    0.000000   clock __VIRTUAL_CLK__ (rise edge)
                                  0.000000    0.000000   clock network delay (ideal)
                                  0.250000    0.250000   clock uncertainty
                                  0.000000    0.250000   clock reconvergence pessimism
                                 -0.800000   -0.550000   output external delay
                                             -0.550000   data required time
---------------------------------------------------------------------------------------------
                                             -0.550000   data required time
                                             -2.092469   data arrival time
---------------------------------------------------------------------------------------------
                                              2.642469   slack (MET)


Startpoint: A[12] (input port clocked by __VIRTUAL_CLK__)
Endpoint: S[13] (output port clocked by __VIRTUAL_CLK__)
Path Group: __VIRTUAL_CLK__
Path Type: min

Fanout         Cap        Slew       Delay        Time   Description
---------------------------------------------------------------------------------------------
                      0.000000    0.000000    0.000000   clock __VIRTUAL_CLK__ (rise edge)
                                  0.000000    0.000000   clock network delay (ideal)
                                  0.800000    0.800000 ^ input external delay
     1    0.004701    0.045144    0.024529    0.824529 ^ A[12] (in)
                                                         A[12] (net)
                      0.045144    0.000000    0.824529 ^ input4/A (sky130_fd_sc_hd__clkdlybuf4s25_1)
     4    0.017748    0.297956    0.587594    1.412123 ^ input4/X (sky130_fd_sc_hd__clkdlybuf4s25_1)
                                                         net4 (net)
                      0.297956    0.000269    1.412392 ^ _643_/A1 (sky130_fd_sc_hd__a22o_4)
     1    0.008779    0.071934    0.333243    1.745634 ^ _643_/X (sky130_fd_sc_hd__a22o_4)
                                                         _343_ (net)
                      0.071934    0.000242    1.745876 ^ _644_/B (sky130_fd_sc_hd__xnor2_2)
     1    0.005034    0.076261    0.115969    1.861845 v _644_/Y (sky130_fd_sc_hd__xnor2_2)
                                                         net70 (net)
                      0.076261    0.000145    1.861990 v output70/A (sky130_fd_sc_hd__buf_6)
     1    0.035044    0.076928    0.238130    2.100120 v output70/X (sky130_fd_sc_hd__buf_6)
                                                         S[13] (net)
                      0.076933    0.000657    2.100778 v S[13] (out)
                                              2.100778   data arrival time

                      0.000000    0.000000    0.000000   clock __VIRTUAL_CLK__ (rise edge)
                                  0.000000    0.000000   clock network delay (ideal)
                                  0.250000    0.250000   clock uncertainty
                                  0.000000    0.250000   clock reconvergence pessimism
                                 -0.800000   -0.550000   output external delay
                                             -0.550000   data required time
---------------------------------------------------------------------------------------------
                                             -0.550000   data required time
                                             -2.100778   data arrival time
---------------------------------------------------------------------------------------------
                                              2.650777   slack (MET)


Startpoint: A[30] (input port clocked by __VIRTUAL_CLK__)
Endpoint: S[30] (output port clocked by __VIRTUAL_CLK__)
Path Group: __VIRTUAL_CLK__
Path Type: min

Fanout         Cap        Slew       Delay        Time   Description
---------------------------------------------------------------------------------------------
                      0.000000    0.000000    0.000000   clock __VIRTUAL_CLK__ (rise edge)
                                  0.000000    0.000000   clock network delay (ideal)
                                  0.800000    0.800000 ^ input external delay
     1    0.003257    0.035286    0.017292    0.817292 ^ A[30] (in)
                                                         A[30] (net)
                      0.035286    0.000000    0.817292 ^ input24/A (sky130_fd_sc_hd__clkdlybuf4s25_1)
     3    0.005483    0.112056    0.453442    1.270733 ^ input24/X (sky130_fd_sc_hd__clkdlybuf4s25_1)
                                                         net24 (net)
                      0.112056    0.000108    1.270841 ^ _595_/B1_N (sky130_fd_sc_hd__o21bai_2)
     2    0.013062    0.142383    0.249984    1.520825 ^ _595_/Y (sky130_fd_sc_hd__o21bai_2)
                                                         _310_ (net)
                      0.142383    0.000336    1.521161 ^ _596_/B (sky130_fd_sc_hd__nand2_2)
     2    0.007573    0.085825    0.138661    1.659822 v _596_/Y (sky130_fd_sc_hd__nand2_2)
                                                         _311_ (net)
                      0.085825    0.000107    1.659929 v _602_/B1 (sky130_fd_sc_hd__o21ai_2)
     1    0.009523    0.113652    0.120875    1.780804 ^ _602_/Y (sky130_fd_sc_hd__o21ai_2)
                                                         _317_ (net)
                      0.113652    0.000273    1.781077 ^ _604_/B1 (sky130_fd_sc_hd__o21ai_4)
     1    0.006973    0.055588    0.112717    1.893794 v _604_/Y (sky130_fd_sc_hd__o21ai_4)
                                                         net89 (net)
                      0.055589    0.000200    1.893994 v output89/A (sky130_fd_sc_hd__buf_6)
     1    0.034295    0.075952    0.228326    2.122320 v output89/X (sky130_fd_sc_hd__buf_6)
                                                         S[30] (net)
                      0.075959    0.000710    2.123031 v S[30] (out)
                                              2.123031   data arrival time

                      0.000000    0.000000    0.000000   clock __VIRTUAL_CLK__ (rise edge)
                                  0.000000    0.000000   clock network delay (ideal)
                                  0.250000    0.250000   clock uncertainty
                                  0.000000    0.250000   clock reconvergence pessimism
                                 -0.800000   -0.550000   output external delay
                                             -0.550000   data required time
---------------------------------------------------------------------------------------------
                                             -0.550000   data required time
                                             -2.123031   data arrival time
---------------------------------------------------------------------------------------------
                                              2.673031   slack (MET)


Startpoint: A[4] (input port clocked by __VIRTUAL_CLK__)
Endpoint: S[4] (output port clocked by __VIRTUAL_CLK__)
Path Group: __VIRTUAL_CLK__
Path Type: min

Fanout         Cap        Slew       Delay        Time   Description
---------------------------------------------------------------------------------------------
                      0.000000    0.000000    0.000000   clock __VIRTUAL_CLK__ (rise edge)
                                  0.000000    0.000000   clock network delay (ideal)
                                  0.800000    0.800000 v input external delay
     1    0.003687    0.021902    0.011438    0.811438 v A[4] (in)
                                                         A[4] (net)
                      0.021902    0.000000    0.811438 v input27/A (sky130_fd_sc_hd__clkdlybuf4s25_1)
     3    0.012124    0.185751    0.508065    1.319502 v input27/X (sky130_fd_sc_hd__clkdlybuf4s25_1)
                                                         net27 (net)
                      0.185751    0.000338    1.319840 v _364_/B1 (sky130_fd_sc_hd__o21ai_4)
     3    0.012683    0.110435    0.157757    1.477597 ^ _364_/Y (sky130_fd_sc_hd__o21ai_4)
                                                         _093_ (net)
                      0.110435    0.000111    1.477709 ^ _368_/A2 (sky130_fd_sc_hd__o21a_2)
     1    0.009365    0.102296    0.264937    1.742646 ^ _368_/X (sky130_fd_sc_hd__o21a_2)
                                                         _097_ (net)
                      0.102296    0.000261    1.742907 ^ _625_/A (sky130_fd_sc_hd__xnor2_2)
     1    0.005560    0.080789    0.149042    1.891949 v _625_/Y (sky130_fd_sc_hd__xnor2_2)
                                                         net92 (net)
                      0.080789    0.000176    1.892125 v output92/A (sky130_fd_sc_hd__buf_6)
     1    0.034840    0.076676    0.239809    2.131933 v output92/X (sky130_fd_sc_hd__buf_6)
                                                         S[4] (net)
                      0.076687    0.000860    2.132794 v S[4] (out)
                                              2.132794   data arrival time

                      0.000000    0.000000    0.000000   clock __VIRTUAL_CLK__ (rise edge)
                                  0.000000    0.000000   clock network delay (ideal)
                                  0.250000    0.250000   clock uncertainty
                                  0.000000    0.250000   clock reconvergence pessimism
                                 -0.800000   -0.550000   output external delay
                                             -0.550000   data required time
---------------------------------------------------------------------------------------------
                                             -0.550000   data required time
                                             -2.132794   data arrival time
---------------------------------------------------------------------------------------------
                                              2.682794   slack (MET)


Startpoint: A[9] (input port clocked by __VIRTUAL_CLK__)
Endpoint: S[9] (output port clocked by __VIRTUAL_CLK__)
Path Group: __VIRTUAL_CLK__
Path Type: min

Fanout         Cap        Slew       Delay        Time   Description
---------------------------------------------------------------------------------------------
                      0.000000    0.000000    0.000000   clock __VIRTUAL_CLK__ (rise edge)
                                  0.000000    0.000000   clock network delay (ideal)
                                  0.800000    0.800000 v input external delay
     1    0.003428    0.020886    0.010654    0.810654 v A[9] (in)
                                                         A[9] (net)
                      0.020886    0.000000    0.810654 v input32/A (sky130_fd_sc_hd__clkdlybuf4s25_1)
     3    0.007123    0.125429    0.457821    1.268474 v input32/X (sky130_fd_sc_hd__clkdlybuf4s25_1)
                                                         net32 (net)
                      0.125429    0.000214    1.268688 v _697_/B1_N (sky130_fd_sc_hd__o21bai_4)
     3    0.016605    0.102351    0.355359    1.624047 v _697_/Y (sky130_fd_sc_hd__o21bai_4)
                                                         _044_ (net)
                      0.102351    0.000325    1.624372 v _700_/A (sky130_fd_sc_hd__nand2_2)
     1    0.009693    0.098375    0.125884    1.750257 ^ _700_/Y (sky130_fd_sc_hd__nand2_2)
                                                         _047_ (net)
                      0.098375    0.000290    1.750547 ^ _635_/A (sky130_fd_sc_hd__xnor2_2)
     1    0.005139    0.077114    0.144990    1.895536 v _635_/Y (sky130_fd_sc_hd__xnor2_2)
                                                         net97 (net)
                      0.077114    0.000153    1.895689 v output97/A (sky130_fd_sc_hd__buf_6)
     1    0.034576    0.076338    0.237915    2.133604 v output97/X (sky130_fd_sc_hd__buf_6)
                                                         S[9] (net)
                      0.076347    0.000799    2.134403 v S[9] (out)
                                              2.134403   data arrival time

                      0.000000    0.000000    0.000000   clock __VIRTUAL_CLK__ (rise edge)
                                  0.000000    0.000000   clock network delay (ideal)
                                  0.250000    0.250000   clock uncertainty
                                  0.000000    0.250000   clock reconvergence pessimism
                                 -0.800000   -0.550000   output external delay
                                             -0.550000   data required time
---------------------------------------------------------------------------------------------
                                             -0.550000   data required time
                                             -2.134403   data arrival time
---------------------------------------------------------------------------------------------
                                              2.684403   slack (MET)


Startpoint: A[1] (input port clocked by __VIRTUAL_CLK__)
Endpoint: S[1] (output port clocked by __VIRTUAL_CLK__)
Path Group: __VIRTUAL_CLK__
Path Type: min

Fanout         Cap        Slew       Delay        Time   Description
---------------------------------------------------------------------------------------------
                      0.000000    0.000000    0.000000   clock __VIRTUAL_CLK__ (rise edge)
                                  0.000000    0.000000   clock network delay (ideal)
                                  0.800000    0.800000 v input external delay
     1    0.003121    0.019690    0.009734    0.809734 v A[1] (in)
                                                         A[1] (net)
                      0.019690    0.000000    0.809734 v input12/A (sky130_fd_sc_hd__clkdlybuf4s25_1)
     2    0.008244    0.139054    0.468523    1.278256 v input12/X (sky130_fd_sc_hd__clkdlybuf4s25_1)
                                                         net12 (net)
                      0.139054    0.000196    1.278453 v _383_/B (sky130_fd_sc_hd__nand2_2)
     3    0.022093    0.191960    0.222070    1.500522 ^ _383_/Y (sky130_fd_sc_hd__nand2_2)
                                                         _112_ (net)
                      0.191963    0.000629    1.501152 ^ _386_/A2 (sky130_fd_sc_hd__o21ai_4)
     2    0.018240    0.104330    0.169225    1.670377 v _386_/Y (sky130_fd_sc_hd__o21ai_4)
                                                         _115_ (net)
                      0.104331    0.000492    1.670869 v _617_/A (sky130_fd_sc_hd__xnor2_2)
     1    0.005092    0.072832    0.251058    1.921927 ^ _617_/Y (sky130_fd_sc_hd__xnor2_2)
                                                         net77 (net)
                      0.072832    0.000140    1.922067 ^ output77/A (sky130_fd_sc_hd__buf_6)
     1    0.035354    0.125919    0.215029    2.137096 ^ output77/X (sky130_fd_sc_hd__buf_6)
                                                         S[1] (net)
                      0.125920    0.000675    2.137772 ^ S[1] (out)
                                              2.137772   data arrival time

                      0.000000    0.000000    0.000000   clock __VIRTUAL_CLK__ (rise edge)
                                  0.000000    0.000000   clock network delay (ideal)
                                  0.250000    0.250000   clock uncertainty
                                  0.000000    0.250000   clock reconvergence pessimism
                                 -0.800000   -0.550000   output external delay
                                             -0.550000   data required time
---------------------------------------------------------------------------------------------
                                             -0.550000   data required time
                                             -2.137772   data arrival time
---------------------------------------------------------------------------------------------
                                              2.687772   slack (MET)


Startpoint: A[6] (input port clocked by __VIRTUAL_CLK__)
Endpoint: S[6] (output port clocked by __VIRTUAL_CLK__)
Path Group: __VIRTUAL_CLK__
Path Type: min

Fanout         Cap        Slew       Delay        Time   Description
---------------------------------------------------------------------------------------------
                      0.000000    0.000000    0.000000   clock __VIRTUAL_CLK__ (rise edge)
                                  0.000000    0.000000   clock network delay (ideal)
                                  0.800000    0.800000 v input external delay
     1    0.004120    0.023617    0.012735    0.812735 v A[6] (in)
                                                         A[6] (net)
                      0.023617    0.000000    0.812735 v input29/A (sky130_fd_sc_hd__clkdlybuf4s25_1)
     2    0.011977    0.184377    0.507227    1.319963 v input29/X (sky130_fd_sc_hd__clkdlybuf4s25_1)
                                                         net29 (net)
                      0.184377    0.000471    1.320434 v _730_/B1 (sky130_fd_sc_hd__o21ai_4)
     4    0.023932    0.158627    0.194669    1.515103 ^ _730_/Y (sky130_fd_sc_hd__o21ai_4)
                                                         _077_ (net)
                      0.158627    0.000510    1.515613 ^ _350_/A2 (sky130_fd_sc_hd__o21ai_2)
     1    0.009744    0.100055    0.157388    1.673000 v _350_/Y (sky130_fd_sc_hd__o21ai_2)
                                                         _079_ (net)
                      0.100055    0.000321    1.673321 v _629_/A (sky130_fd_sc_hd__xnor2_2)
     1    0.005081    0.072881    0.249229    1.922550 ^ _629_/Y (sky130_fd_sc_hd__xnor2_2)
                                                         net94 (net)
                      0.072881    0.000140    1.922690 ^ output94/A (sky130_fd_sc_hd__buf_6)
     1    0.035163    0.125392    0.214486    2.137176 ^ output94/X (sky130_fd_sc_hd__buf_6)
                                                         S[6] (net)
                      0.125398    0.000967    2.138144 ^ S[6] (out)
                                              2.138144   data arrival time

                      0.000000    0.000000    0.000000   clock __VIRTUAL_CLK__ (rise edge)
                                  0.000000    0.000000   clock network delay (ideal)
                                  0.250000    0.250000   clock uncertainty
                                  0.000000    0.250000   clock reconvergence pessimism
                                 -0.800000   -0.550000   output external delay
                                             -0.550000   data required time
---------------------------------------------------------------------------------------------
                                             -0.550000   data required time
                                             -2.138144   data arrival time
---------------------------------------------------------------------------------------------
                                              2.688143   slack (MET)


Startpoint: A[24] (input port clocked by __VIRTUAL_CLK__)
Endpoint: S[25] (output port clocked by __VIRTUAL_CLK__)
Path Group: __VIRTUAL_CLK__
Path Type: min

Fanout         Cap        Slew       Delay        Time   Description
---------------------------------------------------------------------------------------------
                      0.000000    0.000000    0.000000   clock __VIRTUAL_CLK__ (rise edge)
                                  0.000000    0.000000   clock network delay (ideal)
                                  0.800000    0.800000 v input external delay
     1    0.004324    0.024427    0.013349    0.813349 v A[24] (in)
                                                         A[24] (net)
                      0.024437    0.000000    0.813349 v input17/A (sky130_fd_sc_hd__clkdlybuf4s25_1)
     3    0.009011    0.148484    0.478114    1.291463 v input17/X (sky130_fd_sc_hd__clkdlybuf4s25_1)
                                                         net17 (net)
                      0.148484    0.000203    1.291666 v _525_/C (sky130_fd_sc_hd__nand3b_2)
     3    0.017410    0.167075    0.232893    1.524560 ^ _525_/Y (sky130_fd_sc_hd__nand3b_2)
                                                         _246_ (net)
                      0.167075    0.000427    1.524986 ^ _538_/C (sky130_fd_sc_hd__nand3b_2)
     1    0.004589    0.117095    0.193198    1.718184 v _538_/Y (sky130_fd_sc_hd__nand3b_2)
                                                         _258_ (net)
                      0.117095    0.000126    1.718311 v _540_/A (sky130_fd_sc_hd__nand2_2)
     1    0.002807    0.052802    0.092538    1.810848 ^ _540_/Y (sky130_fd_sc_hd__nand2_2)
                                                         net83 (net)
                      0.052802    0.000055    1.810903 ^ output83/A (sky130_fd_sc_hd__clkbuf_2)
     1    0.035842    0.307412    0.336276    2.147179 ^ output83/X (sky130_fd_sc_hd__clkbuf_2)
                                                         S[25] (net)
                      0.307504    0.001098    2.148277 ^ S[25] (out)
                                              2.148277   data arrival time

                      0.000000    0.000000    0.000000   clock __VIRTUAL_CLK__ (rise edge)
                                  0.000000    0.000000   clock network delay (ideal)
                                  0.250000    0.250000   clock uncertainty
                                  0.000000    0.250000   clock reconvergence pessimism
                                 -0.800000   -0.550000   output external delay
                                             -0.550000   data required time
---------------------------------------------------------------------------------------------
                                             -0.550000   data required time
                                             -2.148277   data arrival time
---------------------------------------------------------------------------------------------
                                              2.698277   slack (MET)


Startpoint: A[26] (input port clocked by __VIRTUAL_CLK__)
Endpoint: S[27] (output port clocked by __VIRTUAL_CLK__)
Path Group: __VIRTUAL_CLK__
Path Type: min

Fanout         Cap        Slew       Delay        Time   Description
---------------------------------------------------------------------------------------------
                      0.000000    0.000000    0.000000   clock __VIRTUAL_CLK__ (rise edge)
                                  0.000000    0.000000   clock network delay (ideal)
                                  0.800000    0.800000 ^ input external delay
     1    0.003232    0.035118    0.017163    0.817163 ^ A[26] (in)
                                                         A[26] (net)
                      0.035118    0.000000    0.817163 ^ input19/A (sky130_fd_sc_hd__clkdlybuf4s25_1)
     2    0.004148    0.092491    0.438946    1.256109 ^ input19/X (sky130_fd_sc_hd__clkdlybuf4s25_1)
                                                         net19 (net)
                      0.092491    0.000093    1.256202 ^ _548_/B1_N (sky130_fd_sc_hd__o21bai_2)
     2    0.009034    0.113065    0.218815    1.475016 ^ _548_/Y (sky130_fd_sc_hd__o21bai_2)
                                                         _267_ (net)
                      0.113065    0.000257    1.475274 ^ _560_/A2 (sky130_fd_sc_hd__a21boi_2)
     3    0.014288    0.113226    0.173043    1.648317 v _560_/Y (sky130_fd_sc_hd__a21boi_2)
                                                         _278_ (net)
                      0.113227    0.000389    1.648706 v _563_/A (sky130_fd_sc_hd__nand2_2)
     1    0.005378    0.068525    0.107088    1.755795 ^ _563_/Y (sky130_fd_sc_hd__nand2_2)
                                                         _281_ (net)
                      0.068525    0.000161    1.755955 ^ _564_/A2 (sky130_fd_sc_hd__o21ai_2)
     1    0.004039    0.053768    0.093721    1.849677 v _564_/Y (sky130_fd_sc_hd__o21ai_2)
                                                         net85 (net)
                      0.053768    0.000130    1.849807 v output85/A (sky130_fd_sc_hd__clkbuf_4)
     1    0.035560    0.142974    0.304561    2.154368 v output85/X (sky130_fd_sc_hd__clkbuf_4)
                                                         S[27] (net)
                      0.142976    0.000822    2.155190 v S[27] (out)
                                              2.155190   data arrival time

                      0.000000    0.000000    0.000000   clock __VIRTUAL_CLK__ (rise edge)
                                  0.000000    0.000000   clock network delay (ideal)
                                  0.250000    0.250000   clock uncertainty
                                  0.000000    0.250000   clock reconvergence pessimism
                                 -0.800000   -0.550000   output external delay
                                             -0.550000   data required time
---------------------------------------------------------------------------------------------
                                             -0.550000   data required time
                                             -2.155190   data arrival time
---------------------------------------------------------------------------------------------
                                              2.705190   slack (MET)


Startpoint: A[22] (input port clocked by __VIRTUAL_CLK__)
Endpoint: S[22] (output port clocked by __VIRTUAL_CLK__)
Path Group: __VIRTUAL_CLK__
Path Type: min

Fanout         Cap        Slew       Delay        Time   Description
---------------------------------------------------------------------------------------------
                      0.000000    0.000000    0.000000   clock __VIRTUAL_CLK__ (rise edge)
                                  0.000000    0.000000   clock network delay (ideal)
                                  0.800000    0.800000 v input external delay
     1    0.004746    0.026116    0.014619    0.814619 v A[22] (in)
                                                         A[22] (net)
                      0.026117    0.000000    0.814619 v input15/A (sky130_fd_sc_hd__clkdlybuf4s25_1)
     3    0.015555    0.227106    0.541372    1.355991 v input15/X (sky130_fd_sc_hd__clkdlybuf4s25_1)
                                                         net15 (net)
                      0.227106    0.000374    1.356365 v _491_/C (sky130_fd_sc_hd__nand3b_4)
     6    0.029424    0.171364    0.250883    1.607248 ^ _491_/Y (sky130_fd_sc_hd__nand3b_4)
                                                         _214_ (net)
                      0.171364    0.000671    1.607919 ^ _494_/A (sky130_fd_sc_hd__nand2_2)
     2    0.008424    0.092272    0.143739    1.751658 v _494_/Y (sky130_fd_sc_hd__nand2_2)
                                                         _217_ (net)
                      0.092272    0.000238    1.751896 v _496_/A (sky130_fd_sc_hd__nand2_2)
     1    0.009844    0.098472    0.122258    1.874154 ^ _496_/Y (sky130_fd_sc_hd__nand2_2)
                                                         _219_ (net)
                      0.098472    0.000302    1.874455 ^ _497_/A (sky130_fd_sc_hd__nand2_4)
     1    0.007328    0.054360    0.087723    1.962178 v _497_/Y (sky130_fd_sc_hd__nand2_4)
                                                         net80 (net)
                      0.054360    0.000222    1.962400 v output80/A (sky130_fd_sc_hd__buf_8)
     1    0.034922    0.068459    0.220578    2.182977 v output80/X (sky130_fd_sc_hd__buf_8)
                                                         S[22] (net)
                      0.068473    0.000904    2.183881 v S[22] (out)
                                              2.183881   data arrival time

                      0.000000    0.000000    0.000000   clock __VIRTUAL_CLK__ (rise edge)
                                  0.000000    0.000000   clock network delay (ideal)
                                  0.250000    0.250000   clock uncertainty
                                  0.000000    0.250000   clock reconvergence pessimism
                                 -0.800000   -0.550000   output external delay
                                             -0.550000   data required time
---------------------------------------------------------------------------------------------
                                             -0.550000   data required time
                                             -2.183881   data arrival time
---------------------------------------------------------------------------------------------
                                              2.733881   slack (MET)


Startpoint: A[15] (input port clocked by __VIRTUAL_CLK__)
Endpoint: S[15] (output port clocked by __VIRTUAL_CLK__)
Path Group: __VIRTUAL_CLK__
Path Type: min

Fanout         Cap        Slew       Delay        Time   Description
---------------------------------------------------------------------------------------------
                      0.000000    0.000000    0.000000   clock __VIRTUAL_CLK__ (rise edge)
                                  0.000000    0.000000   clock network delay (ideal)
                                  0.800000    0.800000 ^ input external delay
     1    0.003718    0.038398    0.019612    0.819612 ^ A[15] (in)
                                                         A[15] (net)
                      0.038398    0.000000    0.819612 ^ input7/A (sky130_fd_sc_hd__clkdlybuf4s25_1)
     2    0.004003    0.090429    0.438603    1.258215 ^ input7/X (sky130_fd_sc_hd__clkdlybuf4s25_1)
                                                         net7 (net)
                      0.090429    0.000081    1.258297 ^ _681_/B1_N (sky130_fd_sc_hd__o21bai_2)
     6    0.023340    0.218701    0.292459    1.550756 ^ _681_/Y (sky130_fd_sc_hd__o21bai_2)
                                                         _028_ (net)
                      0.218701    0.000359    1.551115 ^ _649_/A2 (sky130_fd_sc_hd__a22oi_2)
     1    0.008676    0.122221    0.226663    1.777778 v _649_/Y (sky130_fd_sc_hd__a22oi_2)
                                                         _347_ (net)
                      0.122221    0.000250    1.778028 v _650_/B (sky130_fd_sc_hd__nor2_4)
     1    0.003613    0.094519    0.129292    1.907320 ^ _650_/Y (sky130_fd_sc_hd__nor2_4)
                                                         net72 (net)
                      0.094519    0.000107    1.907427 ^ output72/A (sky130_fd_sc_hd__buf_4)
     1    0.035451    0.170044    0.280357    2.187784 ^ output72/X (sky130_fd_sc_hd__buf_4)
                                                         S[15] (net)
                      0.170045    0.000690    2.188474 ^ S[15] (out)
                                              2.188474   data arrival time

                      0.000000    0.000000    0.000000   clock __VIRTUAL_CLK__ (rise edge)
                                  0.000000    0.000000   clock network delay (ideal)
                                  0.250000    0.250000   clock uncertainty
                                  0.000000    0.250000   clock reconvergence pessimism
                                 -0.800000   -0.550000   output external delay
                                             -0.550000   data required time
---------------------------------------------------------------------------------------------
                                             -0.550000   data required time
                                             -2.188474   data arrival time
---------------------------------------------------------------------------------------------
                                              2.738474   slack (MET)


Startpoint: A[2] (input port clocked by __VIRTUAL_CLK__)
Endpoint: S[2] (output port clocked by __VIRTUAL_CLK__)
Path Group: __VIRTUAL_CLK__
Path Type: min

Fanout         Cap        Slew       Delay        Time   Description
---------------------------------------------------------------------------------------------
                      0.000000    0.000000    0.000000   clock __VIRTUAL_CLK__ (rise edge)
                                  0.000000    0.000000   clock network delay (ideal)
                                  0.800000    0.800000 v input external delay
     1    0.004325    0.024430    0.013339    0.813339 v A[2] (in)
                                                         A[2] (net)
                      0.024439    0.000000    0.813339 v input23/A (sky130_fd_sc_hd__clkdlybuf4s25_1)
     2    0.007429    0.129155    0.462365    1.275704 v input23/X (sky130_fd_sc_hd__clkdlybuf4s25_1)
                                                         net23 (net)
                      0.129155    0.000134    1.275838 v _397_/B1 (sky130_fd_sc_hd__o21ai_2)
     3    0.014933    0.160893    0.170982    1.446820 ^ _397_/Y (sky130_fd_sc_hd__o21ai_2)
                                                         _126_ (net)
                      0.160893    0.000255    1.447075 ^ _398_/A2 (sky130_fd_sc_hd__o21a_2)
     1    0.011970    0.122151    0.298832    1.745906 ^ _398_/X (sky130_fd_sc_hd__o21a_2)
                                                         _127_ (net)
                      0.122151    0.000440    1.746346 ^ _620_/A (sky130_fd_sc_hd__xor2_2)
     1    0.003217    0.055351    0.133959    1.880305 v _620_/X (sky130_fd_sc_hd__xor2_2)
                                                         net88 (net)
                      0.055351    0.000098    1.880403 v output88/A (sky130_fd_sc_hd__clkbuf_4)
     1    0.037289    0.148427    0.309374    2.189778 v output88/X (sky130_fd_sc_hd__clkbuf_4)
                                                         S[2] (net)
                      0.148431    0.000892    2.190670 v S[2] (out)
                                              2.190670   data arrival time

                      0.000000    0.000000    0.000000   clock __VIRTUAL_CLK__ (rise edge)
                                  0.000000    0.000000   clock network delay (ideal)
                                  0.250000    0.250000   clock uncertainty
                                  0.000000    0.250000   clock reconvergence pessimism
                                 -0.800000   -0.550000   output external delay
                                             -0.550000   data required time
---------------------------------------------------------------------------------------------
                                             -0.550000   data required time
                                             -2.190670   data arrival time
---------------------------------------------------------------------------------------------
                                              2.740669   slack (MET)


Startpoint: A[23] (input port clocked by __VIRTUAL_CLK__)
Endpoint: S[23] (output port clocked by __VIRTUAL_CLK__)
Path Group: __VIRTUAL_CLK__
Path Type: min

Fanout         Cap        Slew       Delay        Time   Description
---------------------------------------------------------------------------------------------
                      0.000000    0.000000    0.000000   clock __VIRTUAL_CLK__ (rise edge)
                                  0.000000    0.000000   clock network delay (ideal)
                                  0.800000    0.800000 v input external delay
     1    0.004280    0.024251    0.013221    0.813221 v A[23] (in)
                                                         A[23] (net)
                      0.024261    0.000000    0.813221 v input16/A (sky130_fd_sc_hd__clkdlybuf4s25_1)
     3    0.009553    0.155159    0.483432    1.296653 v input16/X (sky130_fd_sc_hd__clkdlybuf4s25_1)
                                                         net16 (net)
                      0.155159    0.000235    1.296888 v _502_/B1 (sky130_fd_sc_hd__o21ai_2)
     4    0.018238    0.189064    0.201326    1.498214 ^ _502_/Y (sky130_fd_sc_hd__o21ai_2)
                                                         _224_ (net)
                      0.189064    0.000301    1.498515 ^ _505_/A2 (sky130_fd_sc_hd__o21ai_2)
     1    0.009103    0.096584    0.164090    1.662605 v _505_/Y (sky130_fd_sc_hd__o21ai_2)
                                                         _227_ (net)
                      0.096584    0.000290    1.662895 v _512_/B1 (sky130_fd_sc_hd__a21oi_4)
     1    0.009708    0.164034    0.207329    1.870224 ^ _512_/Y (sky130_fd_sc_hd__a21oi_4)
                                                         _234_ (net)
                      0.164034    0.000288    1.870511 ^ _513_/A (sky130_fd_sc_hd__nor2_4)
     1    0.004950    0.046526    0.095545    1.966056 v _513_/Y (sky130_fd_sc_hd__nor2_4)
                                                         net81 (net)
                      0.046526    0.000141    1.966197 v output81/A (sky130_fd_sc_hd__buf_6)
     1    0.034940    0.076757    0.225026    2.191224 v output81/X (sky130_fd_sc_hd__buf_6)
                                                         S[23] (net)
                      0.076768    0.000886    2.192110 v S[23] (out)
                                              2.192110   data arrival time

                      0.000000    0.000000    0.000000   clock __VIRTUAL_CLK__ (rise edge)
                                  0.000000    0.000000   clock network delay (ideal)
                                  0.250000    0.250000   clock uncertainty
                                  0.000000    0.250000   clock reconvergence pessimism
                                 -0.800000   -0.550000   output external delay
                                             -0.550000   data required time
---------------------------------------------------------------------------------------------
                                             -0.550000   data required time
                                             -2.192110   data arrival time
---------------------------------------------------------------------------------------------
                                              2.742110   slack (MET)


Startpoint: A[30] (input port clocked by __VIRTUAL_CLK__)
Endpoint: S[31] (output port clocked by __VIRTUAL_CLK__)
Path Group: __VIRTUAL_CLK__
Path Type: min

Fanout         Cap        Slew       Delay        Time   Description
---------------------------------------------------------------------------------------------
                      0.000000    0.000000    0.000000   clock __VIRTUAL_CLK__ (rise edge)
                                  0.000000    0.000000   clock network delay (ideal)
                                  0.800000    0.800000 ^ input external delay
     1    0.003257    0.035286    0.017292    0.817292 ^ A[30] (in)
                                                         A[30] (net)
                      0.035286    0.000000    0.817292 ^ input24/A (sky130_fd_sc_hd__clkdlybuf4s25_1)
     3    0.005483    0.112056    0.453442    1.270733 ^ input24/X (sky130_fd_sc_hd__clkdlybuf4s25_1)
                                                         net24 (net)
                      0.112056    0.000099    1.270832 ^ _594_/B1_N (sky130_fd_sc_hd__o21ba_2)
     3    0.010238    0.080274    0.324813    1.595645 v _594_/X (sky130_fd_sc_hd__o21ba_2)
                                                         _309_ (net)
                      0.080274    0.000248    1.595893 v _612_/A (sky130_fd_sc_hd__nor2_2)
     1    0.009276    0.202901    0.230012    1.825905 ^ _612_/Y (sky130_fd_sc_hd__nor2_2)
                                                         _326_ (net)
                      0.202901    0.000171    1.826076 ^ _614_/B2 (sky130_fd_sc_hd__a22oi_4)
     1    0.006759    0.083284    0.138244    1.964320 v _614_/Y (sky130_fd_sc_hd__a22oi_4)
                                                         net90 (net)
                      0.083284    0.000244    1.964564 v output90/A (sky130_fd_sc_hd__buf_6)
     1    0.034393    0.076109    0.240526    2.205090 v output90/X (sky130_fd_sc_hd__buf_6)
                                                         S[31] (net)
                      0.076117    0.000741    2.205831 v S[31] (out)
                                              2.205831   data arrival time

                      0.000000    0.000000    0.000000   clock __VIRTUAL_CLK__ (rise edge)
                                  0.000000    0.000000   clock network delay (ideal)
                                  0.250000    0.250000   clock uncertainty
                                  0.000000    0.250000   clock reconvergence pessimism
                                 -0.800000   -0.550000   output external delay
                                             -0.550000   data required time
---------------------------------------------------------------------------------------------
                                             -0.550000   data required time
                                             -2.205831   data arrival time
---------------------------------------------------------------------------------------------
                                              2.755831   slack (MET)


Startpoint: A[8] (input port clocked by __VIRTUAL_CLK__)
Endpoint: S[8] (output port clocked by __VIRTUAL_CLK__)
Path Group: __VIRTUAL_CLK__
Path Type: min

Fanout         Cap        Slew       Delay        Time   Description
---------------------------------------------------------------------------------------------
                      0.000000    0.000000    0.000000   clock __VIRTUAL_CLK__ (rise edge)
                                  0.000000    0.000000   clock network delay (ideal)
                                  0.800000    0.800000 v input external delay
     1    0.004398    0.024731    0.013594    0.813594 v A[8] (in)
                                                         A[8] (net)
                      0.024732    0.000000    0.813594 v input31/A (sky130_fd_sc_hd__clkdlybuf4s25_1)
     2    0.008003    0.136136    0.468197    1.281791 v input31/X (sky130_fd_sc_hd__clkdlybuf4s25_1)
                                                         net31 (net)
                      0.136136    0.000131    1.281922 v _706_/A_N (sky130_fd_sc_hd__nand3b_4)
     4    0.022188    0.193842    0.371284    1.653206 v _706_/Y (sky130_fd_sc_hd__nand3b_4)
                                                         _053_ (net)
                      0.193842    0.000331    1.653537 v _707_/B (sky130_fd_sc_hd__nand2_2)
     1    0.009740    0.099674    0.181442    1.834979 ^ _707_/Y (sky130_fd_sc_hd__nand2_2)
                                                         _054_ (net)
                      0.099674    0.000286    1.835264 ^ _633_/A (sky130_fd_sc_hd__xnor2_2)
     1    0.005109    0.076864    0.145238    1.980502 v _633_/Y (sky130_fd_sc_hd__xnor2_2)
                                                         net96 (net)
                      0.076864    0.000150    1.980653 v output96/A (sky130_fd_sc_hd__buf_6)
     1    0.034633    0.076411    0.237864    2.218517 v output96/X (sky130_fd_sc_hd__buf_6)
                                                         S[8] (net)
                      0.076421    0.000813    2.219329 v S[8] (out)
                                              2.219329   data arrival time

                      0.000000    0.000000    0.000000   clock __VIRTUAL_CLK__ (rise edge)
                                  0.000000    0.000000   clock network delay (ideal)
                                  0.250000    0.250000   clock uncertainty
                                  0.000000    0.250000   clock reconvergence pessimism
                                 -0.800000   -0.550000   output external delay
                                             -0.550000   data required time
---------------------------------------------------------------------------------------------
                                             -0.550000   data required time
                                             -2.219329   data arrival time
---------------------------------------------------------------------------------------------
                                              2.769329   slack (MET)


Startpoint: A[12] (input port clocked by __VIRTUAL_CLK__)
Endpoint: S[14] (output port clocked by __VIRTUAL_CLK__)
Path Group: __VIRTUAL_CLK__
Path Type: min

Fanout         Cap        Slew       Delay        Time   Description
---------------------------------------------------------------------------------------------
                      0.000000    0.000000    0.000000   clock __VIRTUAL_CLK__ (rise edge)
                                  0.000000    0.000000   clock network delay (ideal)
                                  0.800000    0.800000 ^ input external delay
     1    0.004701    0.045144    0.024529    0.824529 ^ A[12] (in)
                                                         A[12] (net)
                      0.045144    0.000000    0.824529 ^ input4/A (sky130_fd_sc_hd__clkdlybuf4s25_1)
     4    0.017748    0.297956    0.587594    1.412123 ^ input4/X (sky130_fd_sc_hd__clkdlybuf4s25_1)
                                                         net4 (net)
                      0.297956    0.000266    1.412388 ^ _677_/C (sky130_fd_sc_hd__nand3_2)
     2    0.010605    0.178995    0.273669    1.686057 v _677_/Y (sky130_fd_sc_hd__nand3_2)
                                                         _024_ (net)
                      0.178995    0.000219    1.686277 v _645_/C1 (sky130_fd_sc_hd__o211ai_2)
     1    0.008873    0.128473    0.163541    1.849817 ^ _645_/Y (sky130_fd_sc_hd__o211ai_2)
                                                         _344_ (net)
                      0.128474    0.000170    1.849987 ^ _647_/B (sky130_fd_sc_hd__xor2_2)
     1    0.005026    0.063854    0.135607    1.985594 v _647_/X (sky130_fd_sc_hd__xor2_2)
                                                         net71 (net)
                      0.063854    0.000146    1.985740 v output71/A (sky130_fd_sc_hd__buf_6)
     1    0.035498    0.077488    0.233232    2.218972 v output71/X (sky130_fd_sc_hd__buf_6)
                                                         S[14] (net)
                      0.077494    0.000709    2.219681 v S[14] (out)
                                              2.219681   data arrival time

                      0.000000    0.000000    0.000000   clock __VIRTUAL_CLK__ (rise edge)
                                  0.000000    0.000000   clock network delay (ideal)
                                  0.250000    0.250000   clock uncertainty
                                  0.000000    0.250000   clock reconvergence pessimism
                                 -0.800000   -0.550000   output external delay
                                             -0.550000   data required time
---------------------------------------------------------------------------------------------
                                             -0.550000   data required time
                                             -2.219681   data arrival time
---------------------------------------------------------------------------------------------
                                              2.769681   slack (MET)


Startpoint: A[16] (input port clocked by __VIRTUAL_CLK__)
Endpoint: S[17] (output port clocked by __VIRTUAL_CLK__)
Path Group: __VIRTUAL_CLK__
Path Type: min

Fanout         Cap        Slew       Delay        Time   Description
---------------------------------------------------------------------------------------------
                      0.000000    0.000000    0.000000   clock __VIRTUAL_CLK__ (rise edge)
                                  0.000000    0.000000   clock network delay (ideal)
                                  0.800000    0.800000 v input external delay
     1    0.004136    0.023678    0.012781    0.812781 v A[16] (in)
                                                         A[16] (net)
                      0.023678    0.000000    0.812781 v input8/A (sky130_fd_sc_hd__clkdlybuf4s25_1)
     2    0.014309    0.211516    0.528999    1.341780 v input8/X (sky130_fd_sc_hd__clkdlybuf4s25_1)
                                                         net8 (net)
                      0.211516    0.000576    1.342356 v _657_/C (sky130_fd_sc_hd__nand3b_4)
     4    0.016184    0.115869    0.205380    1.547736 ^ _657_/Y (sky130_fd_sc_hd__nand3b_4)
                                                         _004_ (net)
                      0.115869    0.000349    1.548085 ^ _432_/A1 (sky130_fd_sc_hd__a21bo_2)
     1    0.008939    0.095980    0.280627    1.828713 ^ _432_/X (sky130_fd_sc_hd__a21bo_2)
                                                         _160_ (net)
                      0.095980    0.000174    1.828887 ^ _433_/B (sky130_fd_sc_hd__xor2_2)
     1    0.010668    0.089316    0.157173    1.986059 v _433_/X (sky130_fd_sc_hd__xor2_2)
                                                         net74 (net)
                      0.089317    0.000505    1.986564 v output74/A (sky130_fd_sc_hd__buf_6)
     1    0.034813    0.076638    0.243779    2.230343 v output74/X (sky130_fd_sc_hd__buf_6)
                                                         S[17] (net)
                      0.076646    0.000728    2.231071 v S[17] (out)
                                              2.231071   data arrival time

                      0.000000    0.000000    0.000000   clock __VIRTUAL_CLK__ (rise edge)
                                  0.000000    0.000000   clock network delay (ideal)
                                  0.250000    0.250000   clock uncertainty
                                  0.000000    0.250000   clock reconvergence pessimism
                                 -0.800000   -0.550000   output external delay
                                             -0.550000   data required time
---------------------------------------------------------------------------------------------
                                             -0.550000   data required time
                                             -2.231071   data arrival time
---------------------------------------------------------------------------------------------
                                              2.781071   slack (MET)


Startpoint: sub (input port clocked by __VIRTUAL_CLK__)
Endpoint: S[26] (output port clocked by __VIRTUAL_CLK__)
Path Group: __VIRTUAL_CLK__
Path Type: min

Fanout         Cap        Slew       Delay        Time   Description
---------------------------------------------------------------------------------------------
                      0.000000    0.000000    0.000000   clock __VIRTUAL_CLK__ (rise edge)
                                  0.000000    0.000000   clock network delay (ideal)
                                  0.800000    0.800000 ^ input external delay
     1    0.008350    0.069876    0.042024    0.842024 ^ sub (in)
                                                         sub (net)
                      0.069876    0.000000    0.842024 ^ input65/A (sky130_fd_sc_hd__buf_8)
     5    0.041725    0.121659    0.206618    1.048642 ^ input65/X (sky130_fd_sc_hd__buf_8)
                                                         net65 (net)
                      0.121680    0.001576    1.050218 ^ rebuffer135/A (sky130_fd_sc_hd__buf_2)
     1    0.006898    0.073840    0.207882    1.258100 ^ rebuffer135/X (sky130_fd_sc_hd__buf_2)
                                                         net135 (net)
                      0.073840    0.000255    1.258355 ^ _536_/A1 (sky130_fd_sc_hd__a21o_2)
     1    0.005870    0.065157    0.233278    1.491633 ^ _536_/X (sky130_fd_sc_hd__a21o_2)
                                                         _256_ (net)
                      0.065157    0.000170    1.491803 ^ _543_/A2 (sky130_fd_sc_hd__a21oi_2)
     3    0.015170    0.077144    0.161055    1.652858 v _543_/Y (sky130_fd_sc_hd__a21oi_2)
                                                         _262_ (net)
                      0.077146    0.000461    1.653319 v _550_/A2 (sky130_fd_sc_hd__o21bai_2)
     1    0.004964    0.084806    0.184977    1.838296 ^ _550_/Y (sky130_fd_sc_hd__o21bai_2)
                                                         _269_ (net)
                      0.084806    0.000097    1.838393 ^ _552_/A (sky130_fd_sc_hd__nand2_2)
     1    0.003198    0.049404    0.080247    1.918640 v _552_/Y (sky130_fd_sc_hd__nand2_2)
                                                         net84 (net)
                      0.049405    0.000093    1.918733 v output84/A (sky130_fd_sc_hd__clkbuf_2)
     1    0.035675    0.250275    0.317138    2.235871 v output84/X (sky130_fd_sc_hd__clkbuf_2)
                                                         S[26] (net)
                      0.250275    0.000807    2.236678 v S[26] (out)
                                              2.236678   data arrival time

                      0.000000    0.000000    0.000000   clock __VIRTUAL_CLK__ (rise edge)
                                  0.000000    0.000000   clock network delay (ideal)
                                  0.250000    0.250000   clock uncertainty
                                  0.000000    0.250000   clock reconvergence pessimism
                                 -0.800000   -0.550000   output external delay
                                             -0.550000   data required time
---------------------------------------------------------------------------------------------
                                             -0.550000   data required time
                                             -2.236678   data arrival time
---------------------------------------------------------------------------------------------
                                              2.786678   slack (MET)


Startpoint: A[12] (input port clocked by __VIRTUAL_CLK__)
Endpoint: S[12] (output port clocked by __VIRTUAL_CLK__)
Path Group: __VIRTUAL_CLK__
Path Type: min

Fanout         Cap        Slew       Delay        Time   Description
---------------------------------------------------------------------------------------------
                      0.000000    0.000000    0.000000   clock __VIRTUAL_CLK__ (rise edge)
                                  0.000000    0.000000   clock network delay (ideal)
                                  0.800000    0.800000 v input external delay
     1    0.004524    0.025222    0.013927    0.813927 v A[12] (in)
                                                         A[12] (net)
                      0.025231    0.000000    0.813927 v input4/A (sky130_fd_sc_hd__clkdlybuf4s25_1)
     4    0.016744    0.242108    0.551834    1.365762 v input4/X (sky130_fd_sc_hd__clkdlybuf4s25_1)
                                                         net4 (net)
                      0.242108    0.000236    1.365998 v _675_/B1 (sky130_fd_sc_hd__o21ai_2)
     2    0.010021    0.133947    0.191906    1.557904 ^ _675_/Y (sky130_fd_sc_hd__o21ai_2)
                                                         _022_ (net)
                      0.133947    0.000224    1.558129 ^ _687_/A2 (sky130_fd_sc_hd__o21a_4)
     5    0.029290    0.159925    0.320694    1.878822 ^ _687_/X (sky130_fd_sc_hd__o21a_4)
                                                         _034_ (net)
                      0.159925    0.000588    1.879410 ^ _642_/B (sky130_fd_sc_hd__xor2_2)
     1    0.005342    0.065083    0.150084    2.029495 v _642_/X (sky130_fd_sc_hd__xor2_2)
                                                         net69 (net)
                      0.065083    0.000164    2.029659 v output69/A (sky130_fd_sc_hd__buf_6)
     1    0.035817    0.077897    0.234071    2.263730 v output69/X (sky130_fd_sc_hd__buf_6)
                                                         S[12] (net)
                      0.077905    0.000794    2.264524 v S[12] (out)
                                              2.264524   data arrival time

                      0.000000    0.000000    0.000000   clock __VIRTUAL_CLK__ (rise edge)
                                  0.000000    0.000000   clock network delay (ideal)
                                  0.250000    0.250000   clock uncertainty
                                  0.000000    0.250000   clock reconvergence pessimism
                                 -0.800000   -0.550000   output external delay
                                             -0.550000   data required time
---------------------------------------------------------------------------------------------
                                             -0.550000   data required time
                                             -2.264524   data arrival time
---------------------------------------------------------------------------------------------
                                              2.814524   slack (MET)


Startpoint: A[28] (input port clocked by __VIRTUAL_CLK__)
Endpoint: S[28] (output port clocked by __VIRTUAL_CLK__)
Path Group: __VIRTUAL_CLK__
Path Type: min

Fanout         Cap        Slew       Delay        Time   Description
---------------------------------------------------------------------------------------------
                      0.000000    0.000000    0.000000   clock __VIRTUAL_CLK__ (rise edge)
                                  0.000000    0.000000   clock network delay (ideal)
                                  0.800000    0.800000 ^ input external delay
     1    0.003891    0.039577    0.020482    0.820482 ^ A[28] (in)
                                                         A[28] (net)
                      0.039577    0.000000    0.820482 ^ input21/A (sky130_fd_sc_hd__clkdlybuf4s25_1)
     3    0.005964    0.119188    0.460328    1.280810 ^ input21/X (sky130_fd_sc_hd__clkdlybuf4s25_1)
                                                         net21 (net)
                      0.119188    0.000115    1.280926 ^ _567_/B1_N (sky130_fd_sc_hd__o21bai_2)
     3    0.013963    0.148957    0.257795    1.538720 ^ _567_/Y (sky130_fd_sc_hd__o21bai_2)
                                                         _284_ (net)
                      0.148957    0.000410    1.539130 ^ _580_/A1 (sky130_fd_sc_hd__a21o_2)
     1    0.003007    0.046555    0.241817    1.780947 ^ _580_/X (sky130_fd_sc_hd__a21o_2)
                                                         _297_ (net)
                      0.046555    0.000083    1.781030 ^ _581_/B (sky130_fd_sc_hd__and2b_4)
     1    0.005914    0.078653    0.277910    2.058940 ^ _581_/X (sky130_fd_sc_hd__and2b_4)
                                                         net86 (net)
                      0.078653    0.000137    2.059078 ^ output86/A (sky130_fd_sc_hd__buf_6)
     1    0.034948    0.124721    0.216699    2.275777 ^ output86/X (sky130_fd_sc_hd__buf_6)
                                                         S[28] (net)
                      0.124723    0.000647    2.276424 ^ S[28] (out)
                                              2.276424   data arrival time

                      0.000000    0.000000    0.000000   clock __VIRTUAL_CLK__ (rise edge)
                                  0.000000    0.000000   clock network delay (ideal)
                                  0.250000    0.250000   clock uncertainty
                                  0.000000    0.250000   clock reconvergence pessimism
                                 -0.800000   -0.550000   output external delay
                                             -0.550000   data required time
---------------------------------------------------------------------------------------------
                                             -0.550000   data required time
                                             -2.276424   data arrival time
---------------------------------------------------------------------------------------------
                                              2.826424   slack (MET)


Startpoint: A[16] (input port clocked by __VIRTUAL_CLK__)
Endpoint: S[16] (output port clocked by __VIRTUAL_CLK__)
Path Group: __VIRTUAL_CLK__
Path Type: min

Fanout         Cap        Slew       Delay        Time   Description
---------------------------------------------------------------------------------------------
                      0.000000    0.000000    0.000000   clock __VIRTUAL_CLK__ (rise edge)
                                  0.000000    0.000000   clock network delay (ideal)
                                  0.800000    0.800000 ^ input external delay
     1    0.004313    0.042466    0.022599    0.822599 ^ A[16] (in)
                                                         A[16] (net)
                      0.042479    0.000000    0.822599 ^ input8/A (sky130_fd_sc_hd__clkdlybuf4s25_1)
     2    0.015306    0.260394    0.560699    1.383298 ^ input8/X (sky130_fd_sc_hd__clkdlybuf4s25_1)
                                                         net8 (net)
                      0.260394    0.000623    1.383921 ^ _657_/C (sky130_fd_sc_hd__nand3b_4)
     4    0.015598    0.154757    0.247562    1.631482 v _657_/Y (sky130_fd_sc_hd__nand3b_4)
                                                         _004_ (net)
                      0.154757    0.000303    1.631785 v _659_/A (sky130_fd_sc_hd__nand2_2)
     2    0.021012    0.184996    0.210355    1.842140 ^ _659_/Y (sky130_fd_sc_hd__nand2_2)
                                                         _006_ (net)
                      0.185060    0.000731    1.842871 ^ _425_/A (sky130_fd_sc_hd__xor2_2)
     1    0.010073    0.086432    0.199573    2.042444 v _425_/X (sky130_fd_sc_hd__xor2_2)
                                                         net73 (net)
                      0.086434    0.000526    2.042970 v output73/A (sky130_fd_sc_hd__buf_6)
     1    0.035207    0.077141    0.242772    2.285743 v output73/X (sky130_fd_sc_hd__buf_6)
                                                         S[16] (net)
                      0.077155    0.000954    2.286697 v S[16] (out)
                                              2.286697   data arrival time

                      0.000000    0.000000    0.000000   clock __VIRTUAL_CLK__ (rise edge)
                                  0.000000    0.000000   clock network delay (ideal)
                                  0.250000    0.250000   clock uncertainty
                                  0.000000    0.250000   clock reconvergence pessimism
                                 -0.800000   -0.550000   output external delay
                                             -0.550000   data required time
---------------------------------------------------------------------------------------------
                                             -0.550000   data required time
                                             -2.286697   data arrival time
---------------------------------------------------------------------------------------------
                                              2.836697   slack (MET)


Startpoint: A[11] (input port clocked by __VIRTUAL_CLK__)
Endpoint: S[11] (output port clocked by __VIRTUAL_CLK__)
Path Group: __VIRTUAL_CLK__
Path Type: min

Fanout         Cap        Slew       Delay        Time   Description
---------------------------------------------------------------------------------------------
                      0.000000    0.000000    0.000000   clock __VIRTUAL_CLK__ (rise edge)
                                  0.000000    0.000000   clock network delay (ideal)
                                  0.800000    0.800000 v input external delay
     1    0.003819    0.022422    0.011833    0.811833 v A[11] (in)
                                                         A[11] (net)
                      0.022422    0.000000    0.811833 v input3/A (sky130_fd_sc_hd__clkdlybuf4s25_1)
     2    0.014830    0.218088    0.533263    1.345096 v input3/X (sky130_fd_sc_hd__clkdlybuf4s25_1)
                                                         net3 (net)
                      0.218088    0.000393    1.345489 v _718_/B1 (sky130_fd_sc_hd__o21ai_2)
     4    0.021706    0.219378    0.249223    1.594712 ^ _718_/Y (sky130_fd_sc_hd__o21ai_2)
                                                         _065_ (net)
                      0.219378    0.000416    1.595128 ^ _722_/A2 (sky130_fd_sc_hd__o21a_2)
     1    0.009904    0.106295    0.307549    1.902677 ^ _722_/X (sky130_fd_sc_hd__o21a_2)
                                                         _069_ (net)
                      0.106295    0.000237    1.902914 ^ _639_/B (sky130_fd_sc_hd__xor2_2)
     1    0.008266    0.077753    0.146578    2.049491 v _639_/X (sky130_fd_sc_hd__xor2_2)
                                                         net68 (net)
                      0.077753    0.000318    2.049809 v output68/A (sky130_fd_sc_hd__buf_6)
     1    0.035748    0.077827    0.239440    2.289249 v output68/X (sky130_fd_sc_hd__buf_6)
                                                         S[11] (net)
                      0.077838    0.000872    2.290122 v S[11] (out)
                                              2.290122   data arrival time

                      0.000000    0.000000    0.000000   clock __VIRTUAL_CLK__ (rise edge)
                                  0.000000    0.000000   clock network delay (ideal)
                                  0.250000    0.250000   clock uncertainty
                                  0.000000    0.250000   clock reconvergence pessimism
                                 -0.800000   -0.550000   output external delay
                                             -0.550000   data required time
---------------------------------------------------------------------------------------------
                                             -0.550000   data required time
                                             -2.290122   data arrival time
---------------------------------------------------------------------------------------------
                                              2.840122   slack (MET)


Startpoint: A[4] (input port clocked by __VIRTUAL_CLK__)
Endpoint: S[5] (output port clocked by __VIRTUAL_CLK__)
Path Group: __VIRTUAL_CLK__
Path Type: min

Fanout         Cap        Slew       Delay        Time   Description
---------------------------------------------------------------------------------------------
                      0.000000    0.000000    0.000000   clock __VIRTUAL_CLK__ (rise edge)
                                  0.000000    0.000000   clock network delay (ideal)
                                  0.800000    0.800000 v input external delay
     1    0.003687    0.021902    0.011438    0.811438 v A[4] (in)
                                                         A[4] (net)
                      0.021902    0.000000    0.811438 v input27/A (sky130_fd_sc_hd__clkdlybuf4s25_1)
     3    0.012124    0.185751    0.508065    1.319502 v input27/X (sky130_fd_sc_hd__clkdlybuf4s25_1)
                                                         net27 (net)
                      0.185751    0.000338    1.319840 v _364_/B1 (sky130_fd_sc_hd__o21ai_4)
     3    0.012683    0.110435    0.157757    1.477597 ^ _364_/Y (sky130_fd_sc_hd__o21ai_4)
                                                         _093_ (net)
                      0.110435    0.000158    1.477755 ^ _626_/A2 (sky130_fd_sc_hd__o22a_2)
     3    0.020101    0.182244    0.368180    1.845935 ^ _626_/X (sky130_fd_sc_hd__o22a_2)
                                                         _334_ (net)
                      0.182244    0.000423    1.846357 ^ _627_/B (sky130_fd_sc_hd__xnor2_2)
     1    0.003298    0.066773    0.139669    1.986027 v _627_/Y (sky130_fd_sc_hd__xnor2_2)
                                                         net93 (net)
                      0.066773    0.000101    1.986128 v output93/A (sky130_fd_sc_hd__clkbuf_4)
     1    0.036331    0.145535    0.312099    2.298227 v output93/X (sky130_fd_sc_hd__clkbuf_4)
                                                         S[5] (net)
                      0.145543    0.001156    2.299382 v S[5] (out)
                                              2.299382   data arrival time

                      0.000000    0.000000    0.000000   clock __VIRTUAL_CLK__ (rise edge)
                                  0.000000    0.000000   clock network delay (ideal)
                                  0.250000    0.250000   clock uncertainty
                                  0.000000    0.250000   clock reconvergence pessimism
                                 -0.800000   -0.550000   output external delay
                                             -0.550000   data required time
---------------------------------------------------------------------------------------------
                                             -0.550000   data required time
                                             -2.299382   data arrival time
---------------------------------------------------------------------------------------------
                                              2.849382   slack (MET)


Startpoint: A[7] (input port clocked by __VIRTUAL_CLK__)
Endpoint: S[7] (output port clocked by __VIRTUAL_CLK__)
Path Group: __VIRTUAL_CLK__
Path Type: min

Fanout         Cap        Slew       Delay        Time   Description
---------------------------------------------------------------------------------------------
                      0.000000    0.000000    0.000000   clock __VIRTUAL_CLK__ (rise edge)
                                  0.000000    0.000000   clock network delay (ideal)
                                  0.800000    0.800000 v input external delay
     1    0.003915    0.022801    0.012124    0.812124 v A[7] (in)
                                                         A[7] (net)
                      0.022801    0.000000    0.812124 v input30/A (sky130_fd_sc_hd__clkdlybuf4s25_1)
     3    0.007950    0.135500    0.466830    1.278954 v input30/X (sky130_fd_sc_hd__clkdlybuf4s25_1)
                                                         net30 (net)
                      0.135500    0.000239    1.279193 v _371_/B1_N (sky130_fd_sc_hd__o21bai_4)
     4    0.033642    0.172646    0.414506    1.693699 v _371_/Y (sky130_fd_sc_hd__o21bai_4)
                                                         _100_ (net)
                      0.172706    0.000653    1.694352 v _375_/B1 (sky130_fd_sc_hd__o21ai_2)
     1    0.010287    0.127259    0.164087    1.858439 ^ _375_/Y (sky130_fd_sc_hd__o21ai_2)
                                                         _104_ (net)
                      0.127259    0.000319    1.858757 ^ _631_/A (sky130_fd_sc_hd__xor2_2)
     1    0.004586    0.062071    0.144796    2.003553 v _631_/X (sky130_fd_sc_hd__xor2_2)
                                                         net95 (net)
                      0.062071    0.000165    2.003719 v output95/A (sky130_fd_sc_hd__clkbuf_4)
     1    0.034963    0.141149    0.306882    2.310601 v output95/X (sky130_fd_sc_hd__clkbuf_4)
                                                         S[7] (net)
                      0.141152    0.000862    2.311462 v S[7] (out)
                                              2.311462   data arrival time

                      0.000000    0.000000    0.000000   clock __VIRTUAL_CLK__ (rise edge)
                                  0.000000    0.000000   clock network delay (ideal)
                                  0.250000    0.250000   clock uncertainty
                                  0.000000    0.250000   clock reconvergence pessimism
                                 -0.800000   -0.550000   output external delay
                                             -0.550000   data required time
---------------------------------------------------------------------------------------------
                                             -0.550000   data required time
                                             -2.311462   data arrival time
---------------------------------------------------------------------------------------------
                                              2.861462   slack (MET)


Startpoint: A[19] (input port clocked by __VIRTUAL_CLK__)
Endpoint: S[19] (output port clocked by __VIRTUAL_CLK__)
Path Group: __VIRTUAL_CLK__
Path Type: min

Fanout         Cap        Slew       Delay        Time   Description
---------------------------------------------------------------------------------------------
                      0.000000    0.000000    0.000000   clock __VIRTUAL_CLK__ (rise edge)
                                  0.000000    0.000000   clock network delay (ideal)
                                  0.800000    0.800000 ^ input external delay
     1    0.003612    0.037679    0.019081    0.819081 ^ A[19] (in)
                                                         A[19] (net)
                      0.037679    0.000000    0.819081 ^ input11/A (sky130_fd_sc_hd__clkdlybuf4s25_1)
     4    0.021380    0.354084    0.622254    1.441336 ^ input11/X (sky130_fd_sc_hd__clkdlybuf4s25_1)
                                                         net11 (net)
                      0.354084    0.000891    1.442226 ^ _451_/B (sky130_fd_sc_hd__nand2_2)
     5    0.021676    0.208162    0.292286    1.734512 v _451_/Y (sky130_fd_sc_hd__nand2_2)
                                                         _177_ (net)
                      0.208162    0.000691    1.735203 v _456_/B (sky130_fd_sc_hd__nand4_2)
     1    0.004960    0.097624    0.190532    1.925735 ^ _456_/Y (sky130_fd_sc_hd__nand4_2)
                                                         _182_ (net)
                      0.097624    0.000137    1.925872 ^ _457_/B (sky130_fd_sc_hd__nand2_2)
     1    0.005926    0.069842    0.113622    2.039494 v _457_/Y (sky130_fd_sc_hd__nand2_2)
                                                         net76 (net)
                      0.069842    0.000225    2.039719 v output76/A (sky130_fd_sc_hd__clkbuf_4)
     1    0.034812    0.140712    0.310054    2.349773 v output76/X (sky130_fd_sc_hd__clkbuf_4)
                                                         S[19] (net)
                      0.140715    0.000848    2.350620 v S[19] (out)
                                              2.350620   data arrival time

                      0.000000    0.000000    0.000000   clock __VIRTUAL_CLK__ (rise edge)
                                  0.000000    0.000000   clock network delay (ideal)
                                  0.250000    0.250000   clock uncertainty
                                  0.000000    0.250000   clock reconvergence pessimism
                                 -0.800000   -0.550000   output external delay
                                             -0.550000   data required time
---------------------------------------------------------------------------------------------
                                             -0.550000   data required time
                                             -2.350620   data arrival time
---------------------------------------------------------------------------------------------
                                              2.900620   slack (MET)


Startpoint: A[10] (input port clocked by __VIRTUAL_CLK__)
Endpoint: S[10] (output port clocked by __VIRTUAL_CLK__)
Path Group: __VIRTUAL_CLK__
Path Type: min

Fanout         Cap        Slew       Delay        Time   Description
---------------------------------------------------------------------------------------------
                      0.000000    0.000000    0.000000   clock __VIRTUAL_CLK__ (rise edge)
                                  0.000000    0.000000   clock network delay (ideal)
                                  0.800000    0.800000 ^ input external delay
     1    0.004343    0.042673    0.022754    0.822754 ^ A[10] (in)
                                                         A[10] (net)
                      0.042686    0.000000    0.822754 ^ input2/A (sky130_fd_sc_hd__clkdlybuf4s25_1)
     2    0.007669    0.144695    0.479807    1.302561 ^ input2/X (sky130_fd_sc_hd__clkdlybuf4s25_1)
                                                         net2 (net)
                      0.144695    0.000152    1.302713 ^ _713_/A_N (sky130_fd_sc_hd__nand3b_2)
     3    0.021179    0.195191    0.314472    1.617186 ^ _713_/Y (sky130_fd_sc_hd__nand3b_2)
                                                         _060_ (net)
                      0.195191    0.000746    1.617931 ^ _716_/A (sky130_fd_sc_hd__nand2_2)
     2    0.018428    0.169014    0.212487    1.830418 v _716_/Y (sky130_fd_sc_hd__nand2_2)
                                                         _063_ (net)
                      0.169014    0.000482    1.830900 v _637_/A (sky130_fd_sc_hd__xor2_2)
     1    0.006713    0.172658    0.295728    2.126628 ^ _637_/X (sky130_fd_sc_hd__xor2_2)
                                                         net67 (net)
                      0.172658    0.000228    2.126857 ^ output67/A (sky130_fd_sc_hd__buf_6)
     1    0.035102    0.125485    0.257512    2.384369 ^ output67/X (sky130_fd_sc_hd__buf_6)
                                                         S[10] (net)
                      0.125488    0.000835    2.385204 ^ S[10] (out)
                                              2.385204   data arrival time

                      0.000000    0.000000    0.000000   clock __VIRTUAL_CLK__ (rise edge)
                                  0.000000    0.000000   clock network delay (ideal)
                                  0.250000    0.250000   clock uncertainty
                                  0.000000    0.250000   clock reconvergence pessimism
                                 -0.800000   -0.550000   output external delay
                                             -0.550000   data required time
---------------------------------------------------------------------------------------------
                                             -0.550000   data required time
                                             -2.385204   data arrival time
---------------------------------------------------------------------------------------------
                                              2.935204   slack (MET)


Startpoint: B[0] (input port clocked by __VIRTUAL_CLK__)
Endpoint: S[0] (output port clocked by __VIRTUAL_CLK__)
Path Group: __VIRTUAL_CLK__
Path Type: min

Fanout         Cap        Slew       Delay        Time   Description
---------------------------------------------------------------------------------------------
                      0.000000    0.000000    0.000000   clock __VIRTUAL_CLK__ (rise edge)
                                  0.000000    0.000000   clock network delay (ideal)
                                  0.800000    0.800000 v input external delay
     1    0.004781    0.026247    0.014699    0.814699 v B[0] (in)
                                                         B[0] (net)
                      0.026248    0.000000    0.814699 v input33/A (sky130_fd_sc_hd__dlymetal6s2s_1)
     7    0.050475    0.467457    0.551027    1.365726 v input33/X (sky130_fd_sc_hd__dlymetal6s2s_1)
                                                         net33 (net)
                      0.467457    0.000882    1.366608 v _615_/B (sky130_fd_sc_hd__xor2_2)
     1    0.003302    0.117363    0.316012    1.682619 ^ _615_/X (sky130_fd_sc_hd__xor2_2)
                                                         net66 (net)
                      0.117363    0.000097    1.682716 ^ output66/A (sky130_fd_sc_hd__clkdlybuf4s25_1)
     1    0.035342    0.569886    0.801950    2.484667 ^ output66/X (sky130_fd_sc_hd__clkdlybuf4s25_1)
                                                         S[0] (net)
                      0.569886    0.000842    2.485509 ^ S[0] (out)
                                              2.485509   data arrival time

                      0.000000    0.000000    0.000000   clock __VIRTUAL_CLK__ (rise edge)
                                  0.000000    0.000000   clock network delay (ideal)
                                  0.250000    0.250000   clock uncertainty
                                  0.000000    0.250000   clock reconvergence pessimism
                                 -0.800000   -0.550000   output external delay
                                             -0.550000   data required time
---------------------------------------------------------------------------------------------
                                             -0.550000   data required time
                                             -2.485509   data arrival time
---------------------------------------------------------------------------------------------
                                              3.035509   slack (MET)


Startpoint: A[24] (input port clocked by __VIRTUAL_CLK__)
Endpoint: S[24] (output port clocked by __VIRTUAL_CLK__)
Path Group: __VIRTUAL_CLK__
Path Type: min

Fanout         Cap        Slew       Delay        Time   Description
---------------------------------------------------------------------------------------------
                      0.000000    0.000000    0.000000   clock __VIRTUAL_CLK__ (rise edge)
                                  0.000000    0.000000   clock network delay (ideal)
                                  0.800000    0.800000 v input external delay
     1    0.004324    0.024427    0.013349    0.813349 v A[24] (in)
                                                         A[24] (net)
                      0.024437    0.000000    0.813349 v input17/A (sky130_fd_sc_hd__clkdlybuf4s25_1)
     3    0.009011    0.148484    0.478114    1.291463 v input17/X (sky130_fd_sc_hd__clkdlybuf4s25_1)
                                                         net17 (net)
                      0.148484    0.000203    1.291666 v _525_/C (sky130_fd_sc_hd__nand3b_2)
     3    0.017410    0.167075    0.232893    1.524560 ^ _525_/Y (sky130_fd_sc_hd__nand3b_2)
                                                         _246_ (net)
                      0.167075    0.000389    1.524948 ^ _527_/A (sky130_fd_sc_hd__nand2_2)
     5    0.025048    0.221015    0.238414    1.763362 v _527_/Y (sky130_fd_sc_hd__nand2_2)
                                                         _248_ (net)
                      0.221021    0.000989    1.764351 v _530_/B1 (sky130_fd_sc_hd__o211ai_2)
     1    0.002515    0.065157    0.161246    1.925596 ^ _530_/Y (sky130_fd_sc_hd__o211ai_2)
                                                         _251_ (net)
                      0.065157    0.000070    1.925667 ^ _531_/B (sky130_fd_sc_hd__and2_2)
     1    0.003884    0.074511    0.252702    2.178369 ^ _531_/X (sky130_fd_sc_hd__and2_2)
                                                         net82 (net)
                      0.074511    0.000119    2.178488 ^ output82/A (sky130_fd_sc_hd__clkbuf_2)
     1    0.035576    0.305216    0.343978    2.522466 ^ output82/X (sky130_fd_sc_hd__clkbuf_2)
                                                         S[24] (net)
                      0.305216    0.001101    2.523567 ^ S[24] (out)
                                              2.523567   data arrival time

                      0.000000    0.000000    0.000000   clock __VIRTUAL_CLK__ (rise edge)
                                  0.000000    0.000000   clock network delay (ideal)
                                  0.250000    0.250000   clock uncertainty
                                  0.000000    0.250000   clock reconvergence pessimism
                                 -0.800000   -0.550000   output external delay
                                             -0.550000   data required time
---------------------------------------------------------------------------------------------
                                             -0.550000   data required time
                                             -2.523567   data arrival time
---------------------------------------------------------------------------------------------
                                              3.073567   slack (MET)


Startpoint: A[18] (input port clocked by __VIRTUAL_CLK__)
Endpoint: S[18] (output port clocked by __VIRTUAL_CLK__)
Path Group: __VIRTUAL_CLK__
Path Type: min

Fanout         Cap        Slew       Delay        Time   Description
---------------------------------------------------------------------------------------------
                      0.000000    0.000000    0.000000   clock __VIRTUAL_CLK__ (rise edge)
                                  0.000000    0.000000   clock network delay (ideal)
                                  0.800000    0.800000 ^ input external delay
     1    0.003916    0.039751    0.020611    0.820611 ^ A[18] (in)
                                                         A[18] (net)
                      0.039751    0.000000    0.820611 ^ input10/A (sky130_fd_sc_hd__clkdlybuf4s25_1)
     3    0.018159    0.304397    0.589333    1.409945 ^ input10/X (sky130_fd_sc_hd__clkdlybuf4s25_1)
                                                         net10 (net)
                      0.304397    0.000893    1.410838 ^ _438_/C (sky130_fd_sc_hd__nand3b_2)
     2    0.011141    0.193336    0.291746    1.702584 v _438_/Y (sky130_fd_sc_hd__nand3b_2)
                                                         _165_ (net)
                      0.193336    0.000327    1.702911 v _440_/A (sky130_fd_sc_hd__nand2_4)
     2    0.011562    0.087378    0.150071    1.852982 ^ _440_/Y (sky130_fd_sc_hd__nand2_4)
                                                         _167_ (net)
                      0.087378    0.000154    1.853136 ^ rebuffer143/A (sky130_fd_sc_hd__buf_2)
     2    0.012215    0.111339    0.221062    2.074198 ^ rebuffer143/X (sky130_fd_sc_hd__buf_2)
                                                         net143 (net)
                      0.111339    0.000379    2.074577 ^ _445_/A (sky130_fd_sc_hd__xor2_2)
     1    0.007083    0.072366    0.154411    2.228988 v _445_/X (sky130_fd_sc_hd__xor2_2)
                                                         net75 (net)
                      0.072366    0.000235    2.229223 v output75/A (sky130_fd_sc_hd__buf_2)
     1    0.035156    0.169423    0.331051    2.560274 v output75/X (sky130_fd_sc_hd__buf_2)
                                                         S[18] (net)
                      0.169424    0.000662    2.560935 v S[18] (out)
                                              2.560935   data arrival time

                      0.000000    0.000000    0.000000   clock __VIRTUAL_CLK__ (rise edge)
                                  0.000000    0.000000   clock network delay (ideal)
                                  0.250000    0.250000   clock uncertainty
                                  0.000000    0.250000   clock reconvergence pessimism
                                 -0.800000   -0.550000   output external delay
                                             -0.550000   data required time
---------------------------------------------------------------------------------------------
                                             -0.550000   data required time
                                             -2.560935   data arrival time
---------------------------------------------------------------------------------------------
                                              3.110936   slack (MET)


Startpoint: A[20] (input port clocked by __VIRTUAL_CLK__)
Endpoint: S[20] (output port clocked by __VIRTUAL_CLK__)
Path Group: __VIRTUAL_CLK__
Path Type: min

Fanout         Cap        Slew       Delay        Time   Description
---------------------------------------------------------------------------------------------
                      0.000000    0.000000    0.000000   clock __VIRTUAL_CLK__ (rise edge)
                                  0.000000    0.000000   clock network delay (ideal)
                                  0.800000    0.800000 v input external delay
     1    0.005500    0.029094    0.016882    0.816882 v A[20] (in)
                                                         A[20] (net)
                      0.029095    0.000000    0.816882 v input13/A (sky130_fd_sc_hd__clkdlybuf4s25_1)
     2    0.013391    0.199836    0.522960    1.339842 v input13/X (sky130_fd_sc_hd__clkdlybuf4s25_1)
                                                         net13 (net)
                      0.199836    0.000493    1.340334 v _462_/B1_N (sky130_fd_sc_hd__o21ba_2)
     2    0.016581    0.170331    0.591164    1.931498 ^ _462_/X (sky130_fd_sc_hd__o21ba_2)
                                                         _187_ (net)
                      0.170331    0.000458    1.931956 ^ _463_/B (sky130_fd_sc_hd__nor2_2)
     4    0.028806    0.132605    0.173920    2.105876 v _463_/Y (sky130_fd_sc_hd__nor2_2)
                                                         _188_ (net)
                      0.132610    0.000870    2.106746 v _471_/A (sky130_fd_sc_hd__xor2_4)
     1    0.005185    0.132492    0.254485    2.361230 ^ _471_/X (sky130_fd_sc_hd__xor2_4)
                                                         net78 (net)
                      0.132492    0.000103    2.361333 ^ output78/A (sky130_fd_sc_hd__buf_6)
     1    0.034725    0.124255    0.239397    2.600730 ^ output78/X (sky130_fd_sc_hd__buf_6)
                                                         S[20] (net)
                      0.124259    0.000818    2.601547 ^ S[20] (out)
                                              2.601547   data arrival time

                      0.000000    0.000000    0.000000   clock __VIRTUAL_CLK__ (rise edge)
                                  0.000000    0.000000   clock network delay (ideal)
                                  0.250000    0.250000   clock uncertainty
                                  0.000000    0.250000   clock reconvergence pessimism
                                 -0.800000   -0.550000   output external delay
                                             -0.550000   data required time
---------------------------------------------------------------------------------------------
                                             -0.550000   data required time
                                             -2.601547   data arrival time
---------------------------------------------------------------------------------------------
                                              3.151548   slack (MET)



