
===========================================================================
report_checks -path_delay min (Hold)
============================================================================
======================= max_ff_n40C_1v95 Corner ===================================

Startpoint: A[14] (input port clocked by __VIRTUAL_CLK__)
Endpoint: S[14] (output port clocked by __VIRTUAL_CLK__)
Path Group: __VIRTUAL_CLK__
Path Type: min

Fanout         Cap        Slew       Delay        Time   Description
---------------------------------------------------------------------------------------------
                      0.000000    0.000000    0.000000   clock __VIRTUAL_CLK__ (rise edge)
                                  0.000000    0.000000   clock network delay (ideal)
                                  0.800000    0.800000 ^ input external delay
     1    0.003959    0.018075    0.009813    0.809813 ^ A[14] (in)
                                                         A[14] (net)
                      0.018077    0.000000    0.809813 ^ input6/A (sky130_fd_sc_hd__clkdlybuf4s25_1)
     2    0.014304    0.113811    0.202338    1.012152 ^ input6/X (sky130_fd_sc_hd__clkdlybuf4s25_1)
                                                         net6 (net)
                      0.113814    0.000728    1.012879 ^ _678_/B1 (sky130_fd_sc_hd__o21ai_4)
     4    0.025120    0.049621    0.048993    1.061872 v _678_/Y (sky130_fd_sc_hd__o21ai_4)
                                                         _017_ (net)
                      0.049707    0.001509    1.063381 v _691_/B1 (sky130_fd_sc_hd__o21ai_2)
     1    0.009429    0.046652    0.055936    1.119317 ^ _691_/Y (sky130_fd_sc_hd__o21ai_2)
                                                         _030_ (net)
                      0.046677    0.000437    1.119754 ^ _656_/A (sky130_fd_sc_hd__xnor2_2)
     1    0.005160    0.025331    0.040270    1.160023 v _656_/Y (sky130_fd_sc_hd__xnor2_2)
                                                         net71 (net)
                      0.025335    0.000355    1.160378 v output71/A (sky130_fd_sc_hd__buf_6)
     1    0.035231    0.032879    0.083705    1.244084 v output71/X (sky130_fd_sc_hd__buf_6)
                                                         S[14] (net)
                      0.033046    0.001599    1.245683 v S[14] (out)
                                              1.245683   data arrival time

                      0.000000    0.000000    0.000000   clock __VIRTUAL_CLK__ (rise edge)
                                  0.000000    0.000000   clock network delay (ideal)
                                  0.250000    0.250000   clock uncertainty
                                  0.000000    0.250000   clock reconvergence pessimism
                                 -0.800000   -0.550000   output external delay
                                             -0.550000   data required time
---------------------------------------------------------------------------------------------
                                             -0.550000   data required time
                                             -1.245683   data arrival time
---------------------------------------------------------------------------------------------
                                              1.795683   slack (MET)


Startpoint: A[31] (input port clocked by __VIRTUAL_CLK__)
Endpoint: carryOut (output port clocked by __VIRTUAL_CLK__)
Path Group: __VIRTUAL_CLK__
Path Type: min

Fanout         Cap        Slew       Delay        Time   Description
---------------------------------------------------------------------------------------------
                      0.000000    0.000000    0.000000   clock __VIRTUAL_CLK__ (rise edge)
                                  0.000000    0.000000   clock network delay (ideal)
                                  0.800000    0.800000 v input external delay
     1    0.004821    0.007903    0.003920    0.803920 v A[31] (in)
                                                         A[31] (net)
                      0.007913    0.000000    0.803920 v input25/A (sky130_fd_sc_hd__clkdlybuf4s25_1)
     2    0.005766    0.040453    0.152887    0.956807 v input25/X (sky130_fd_sc_hd__clkdlybuf4s25_1)
                                                         net25 (net)
                      0.040455    0.000310    0.957117 v _618_/C_N (sky130_fd_sc_hd__nor3b_2)
     3    0.009256    0.027988    0.103645    1.060762 v _618_/Y (sky130_fd_sc_hd__nor3b_2)
                                                         _328_ (net)
                      0.027991    0.000472    1.061234 v _659_/B1 (sky130_fd_sc_hd__a21o_2)
     1    0.003897    0.020710    0.077825    1.139059 v _659_/X (sky130_fd_sc_hd__a21o_2)
                                                         net98 (net)
                      0.020713    0.000216    1.139275 v output98/A (sky130_fd_sc_hd__buf_2)
     1    0.035726    0.065322    0.108791    1.248065 v output98/X (sky130_fd_sc_hd__buf_2)
                                                         carryOut (net)
                      0.065389    0.001774    1.249840 v carryOut (out)
                                              1.249840   data arrival time

                      0.000000    0.000000    0.000000   clock __VIRTUAL_CLK__ (rise edge)
                                  0.000000    0.000000   clock network delay (ideal)
                                  0.250000    0.250000   clock uncertainty
                                  0.000000    0.250000   clock reconvergence pessimism
                                 -0.800000   -0.550000   output external delay
                                             -0.550000   data required time
---------------------------------------------------------------------------------------------
                                             -0.550000   data required time
                                             -1.249840   data arrival time
---------------------------------------------------------------------------------------------
                                              1.799839   slack (MET)


Startpoint: A[19] (input port clocked by __VIRTUAL_CLK__)
Endpoint: S[19] (output port clocked by __VIRTUAL_CLK__)
Path Group: __VIRTUAL_CLK__
Path Type: min

Fanout         Cap        Slew       Delay        Time   Description
---------------------------------------------------------------------------------------------
                      0.000000    0.000000    0.000000   clock __VIRTUAL_CLK__ (rise edge)
                                  0.000000    0.000000   clock network delay (ideal)
                                  0.800000    0.800000 ^ input external delay
     1    0.006014    0.025092    0.014741    0.814741 ^ A[19] (in)
                                                         A[19] (net)
                      0.025095    0.000000    0.814741 ^ input11/A (sky130_fd_sc_hd__clkdlybuf4s25_1)
     3    0.009972    0.082411    0.183247    0.997987 ^ input11/X (sky130_fd_sc_hd__clkdlybuf4s25_1)
                                                         net11 (net)
                      0.082415    0.000630    0.998617 ^ _462_/C (sky130_fd_sc_hd__nand3b_2)
     4    0.011963    0.055614    0.064196    1.062813 v _462_/Y (sky130_fd_sc_hd__nand3b_2)
                                                         _184_ (net)
                      0.055618    0.000329    1.063142 v _465_/A (sky130_fd_sc_hd__nand2_2)
     1    0.010090    0.047609    0.058545    1.121686 ^ _465_/Y (sky130_fd_sc_hd__nand2_2)
                                                         _187_ (net)
                      0.047631    0.000761    1.122447 ^ _468_/A (sky130_fd_sc_hd__xnor2_2)
     1    0.006253    0.026736    0.042724    1.165171 v _468_/Y (sky130_fd_sc_hd__xnor2_2)
                                                         net76 (net)
                      0.026762    0.000460    1.165631 v output76/A (sky130_fd_sc_hd__buf_6)
     1    0.034493    0.032501    0.083839    1.249470 v output76/X (sky130_fd_sc_hd__buf_6)
                                                         S[19] (net)
                      0.032701    0.001755    1.251225 v S[19] (out)
                                              1.251225   data arrival time

                      0.000000    0.000000    0.000000   clock __VIRTUAL_CLK__ (rise edge)
                                  0.000000    0.000000   clock network delay (ideal)
                                  0.250000    0.250000   clock uncertainty
                                  0.000000    0.250000   clock reconvergence pessimism
                                 -0.800000   -0.550000   output external delay
                                             -0.550000   data required time
---------------------------------------------------------------------------------------------
                                             -0.550000   data required time
                                             -1.251225   data arrival time
---------------------------------------------------------------------------------------------
                                              1.801225   slack (MET)


Startpoint: A[10] (input port clocked by __VIRTUAL_CLK__)
Endpoint: S[11] (output port clocked by __VIRTUAL_CLK__)
Path Group: __VIRTUAL_CLK__
Path Type: min

Fanout         Cap        Slew       Delay        Time   Description
---------------------------------------------------------------------------------------------
                      0.000000    0.000000    0.000000   clock __VIRTUAL_CLK__ (rise edge)
                                  0.000000    0.000000   clock network delay (ideal)
                                  0.800000    0.800000 v input external delay
     1    0.004250    0.006919    0.003446    0.803446 v A[10] (in)
                                                         A[10] (net)
                      0.006926    0.000000    0.803446 v input2/A (sky130_fd_sc_hd__clkdlybuf4s25_1)
     2    0.007673    0.049272    0.159961    0.963407 v input2/X (sky130_fd_sc_hd__clkdlybuf4s25_1)
                                                         net2 (net)
                      0.049273    0.000275    0.963682 v _700_/B1 (sky130_fd_sc_hd__o21ai_2)
     3    0.014138    0.064836    0.067938    1.031620 ^ _700_/Y (sky130_fd_sc_hd__o21ai_2)
                                                         _039_ (net)
                      0.064856    0.000866    1.032486 ^ _649_/A2_N (sky130_fd_sc_hd__a2bb2oi_2)
     1    0.009170    0.071845    0.081126    1.113613 ^ _649_/Y (sky130_fd_sc_hd__a2bb2oi_2)
                                                         _347_ (net)
                      0.071876    0.000487    1.114099 ^ _650_/B (sky130_fd_sc_hd__xor2_2)
     1    0.003011    0.021694    0.034486    1.148585 v _650_/X (sky130_fd_sc_hd__xor2_2)
                                                         net68 (net)
                      0.021694    0.000122    1.148707 v output68/A (sky130_fd_sc_hd__buf_4)
     1    0.035860    0.044339    0.102461    1.251168 v output68/X (sky130_fd_sc_hd__buf_4)
                                                         S[11] (net)
                      0.044433    0.001694    1.252862 v S[11] (out)
                                              1.252862   data arrival time

                      0.000000    0.000000    0.000000   clock __VIRTUAL_CLK__ (rise edge)
                                  0.000000    0.000000   clock network delay (ideal)
                                  0.250000    0.250000   clock uncertainty
                                  0.000000    0.250000   clock reconvergence pessimism
                                 -0.800000   -0.550000   output external delay
                                             -0.550000   data required time
---------------------------------------------------------------------------------------------
                                             -0.550000   data required time
                                             -1.252862   data arrival time
---------------------------------------------------------------------------------------------
                                              1.802862   slack (MET)


Startpoint: A[26] (input port clocked by __VIRTUAL_CLK__)
Endpoint: S[26] (output port clocked by __VIRTUAL_CLK__)
Path Group: __VIRTUAL_CLK__
Path Type: min

Fanout         Cap        Slew       Delay        Time   Description
---------------------------------------------------------------------------------------------
                      0.000000    0.000000    0.000000   clock __VIRTUAL_CLK__ (rise edge)
                                  0.000000    0.000000   clock network delay (ideal)
                                  0.800000    0.800000 v input external delay
     1    0.004366    0.007120    0.003536    0.803536 v A[26] (in)
                                                         A[26] (net)
                      0.007127    0.000000    0.803536 v input19/A (sky130_fd_sc_hd__clkdlybuf4s25_1)
     1    0.004901    0.036522    0.149225    0.952761 v input19/X (sky130_fd_sc_hd__clkdlybuf4s25_1)
                                                         net19 (net)
                      0.036526    0.000342    0.953103 v _664_/A (sky130_fd_sc_hd__inv_2)
     2    0.007968    0.032989    0.040117    0.993221 ^ _664_/Y (sky130_fd_sc_hd__inv_2)
                                                         _003_ (net)
                      0.033007    0.000311    0.993532 ^ _554_/B1 (sky130_fd_sc_hd__o21ai_2)
     3    0.013367    0.032825    0.033935    1.027467 v _554_/Y (sky130_fd_sc_hd__o21ai_2)
                                                         _269_ (net)
                      0.032851    0.000701    1.028168 v _555_/B (sky130_fd_sc_hd__nand2_2)
     3    0.016240    0.068757    0.071295    1.099462 ^ _555_/Y (sky130_fd_sc_hd__nand2_2)
                                                         _270_ (net)
                      0.068772    0.000795    1.100258 ^ _562_/A (sky130_fd_sc_hd__nand2_2)
     1    0.004661    0.019776    0.027856    1.128114 v _562_/Y (sky130_fd_sc_hd__nand2_2)
                                                         _277_ (net)
                      0.019777    0.000328    1.128441 v _563_/B (sky130_fd_sc_hd__nand2_2)
     1    0.006330    0.032986    0.042019    1.170460 ^ _563_/Y (sky130_fd_sc_hd__nand2_2)
                                                         net84 (net)
                      0.033012    0.000457    1.170917 ^ output84/A (sky130_fd_sc_hd__buf_6)
     1    0.035105    0.058655    0.081455    1.252372 ^ output84/X (sky130_fd_sc_hd__buf_6)
                                                         S[26] (net)
                      0.058751    0.001811    1.254183 ^ S[26] (out)
                                              1.254183   data arrival time

                      0.000000    0.000000    0.000000   clock __VIRTUAL_CLK__ (rise edge)
                                  0.000000    0.000000   clock network delay (ideal)
                                  0.250000    0.250000   clock uncertainty
                                  0.000000    0.250000   clock reconvergence pessimism
                                 -0.800000   -0.550000   output external delay
                                             -0.550000   data required time
---------------------------------------------------------------------------------------------
                                             -0.550000   data required time
                                             -1.254183   data arrival time
---------------------------------------------------------------------------------------------
                                              1.804183   slack (MET)


Startpoint: A[27] (input port clocked by __VIRTUAL_CLK__)
Endpoint: S[27] (output port clocked by __VIRTUAL_CLK__)
Path Group: __VIRTUAL_CLK__
Path Type: min

Fanout         Cap        Slew       Delay        Time   Description
---------------------------------------------------------------------------------------------
                      0.000000    0.000000    0.000000   clock __VIRTUAL_CLK__ (rise edge)
                                  0.000000    0.000000   clock network delay (ideal)
                                  0.800000    0.800000 v input external delay
     1    0.003814    0.006204    0.003064    0.803064 v A[27] (in)
                                                         A[27] (net)
                      0.006211    0.000000    0.803064 v input20/A (sky130_fd_sc_hd__clkdlybuf4s25_1)
     3    0.008241    0.051952    0.161886    0.964949 v input20/X (sky130_fd_sc_hd__clkdlybuf4s25_1)
                                                         net20 (net)
                      0.051954    0.000412    0.965361 v _571_/B1_N (sky130_fd_sc_hd__o21ba_2)
     1    0.005463    0.033077    0.134020    1.099381 ^ _571_/X (sky130_fd_sc_hd__o21ba_2)
                                                         _285_ (net)
                      0.033083    0.000386    1.099768 ^ _573_/B2 (sky130_fd_sc_hd__o2bb2ai_2)
     1    0.005439    0.020564    0.030770    1.130537 v _573_/Y (sky130_fd_sc_hd__o2bb2ai_2)
                                                         _287_ (net)
                      0.020576    0.000388    1.130926 v _575_/A (sky130_fd_sc_hd__nand2_2)
     1    0.007442    0.036366    0.038391    1.169317 ^ _575_/Y (sky130_fd_sc_hd__nand2_2)
                                                         net85 (net)
                      0.036384    0.000586    1.169903 ^ output85/A (sky130_fd_sc_hd__buf_6)
     1    0.035667    0.059469    0.082770    1.252673 ^ output85/X (sky130_fd_sc_hd__buf_6)
                                                         S[27] (net)
                      0.059573    0.001902    1.254575 ^ S[27] (out)
                                              1.254575   data arrival time

                      0.000000    0.000000    0.000000   clock __VIRTUAL_CLK__ (rise edge)
                                  0.000000    0.000000   clock network delay (ideal)
                                  0.250000    0.250000   clock uncertainty
                                  0.000000    0.250000   clock reconvergence pessimism
                                 -0.800000   -0.550000   output external delay
                                             -0.550000   data required time
---------------------------------------------------------------------------------------------
                                             -0.550000   data required time
                                             -1.254575   data arrival time
---------------------------------------------------------------------------------------------
                                              1.804575   slack (MET)


Startpoint: A[4] (input port clocked by __VIRTUAL_CLK__)
Endpoint: S[4] (output port clocked by __VIRTUAL_CLK__)
Path Group: __VIRTUAL_CLK__
Path Type: min

Fanout         Cap        Slew       Delay        Time   Description
---------------------------------------------------------------------------------------------
                      0.000000    0.000000    0.000000   clock __VIRTUAL_CLK__ (rise edge)
                                  0.000000    0.000000   clock network delay (ideal)
                                  0.800000    0.800000 v input external delay
     1    0.003363    0.005543    0.002679    0.802679 v A[4] (in)
                                                         A[4] (net)
                      0.005551    0.000000    0.802679 v input27/A (sky130_fd_sc_hd__clkdlybuf4s25_1)
     3    0.009409    0.057173    0.166086    0.968765 v input27/X (sky130_fd_sc_hd__clkdlybuf4s25_1)
                                                         net27 (net)
                      0.057179    0.000590    0.969356 v _736_/B1 (sky130_fd_sc_hd__o21ai_2)
     2    0.009964    0.049307    0.060253    1.029608 ^ _736_/Y (sky130_fd_sc_hd__o21ai_2)
                                                         _075_ (net)
                      0.049335    0.000508    1.030116 ^ _387_/A2 (sky130_fd_sc_hd__o22ai_2)
     2    0.014047    0.037226    0.047963    1.078079 v _387_/Y (sky130_fd_sc_hd__o22ai_2)
                                                         _112_ (net)
                      0.037271    0.000965    1.079044 v _634_/A (sky130_fd_sc_hd__xnor2_2)
     1    0.006643    0.028809    0.089595    1.168639 v _634_/Y (sky130_fd_sc_hd__xnor2_2)
                                                         net92 (net)
                      0.028838    0.000501    1.169140 v output92/A (sky130_fd_sc_hd__buf_6)
     1    0.035164    0.032866    0.084972    1.254112 v output92/X (sky130_fd_sc_hd__buf_6)
                                                         S[4] (net)
                      0.033073    0.001801    1.255912 v S[4] (out)
                                              1.255912   data arrival time

                      0.000000    0.000000    0.000000   clock __VIRTUAL_CLK__ (rise edge)
                                  0.000000    0.000000   clock network delay (ideal)
                                  0.250000    0.250000   clock uncertainty
                                  0.000000    0.250000   clock reconvergence pessimism
                                 -0.800000   -0.550000   output external delay
                                             -0.550000   data required time
---------------------------------------------------------------------------------------------
                                             -0.550000   data required time
                                             -1.255912   data arrival time
---------------------------------------------------------------------------------------------
                                              1.805912   slack (MET)


Startpoint: A[29] (input port clocked by __VIRTUAL_CLK__)
Endpoint: S[29] (output port clocked by __VIRTUAL_CLK__)
Path Group: __VIRTUAL_CLK__
Path Type: min

Fanout         Cap        Slew       Delay        Time   Description
---------------------------------------------------------------------------------------------
                      0.000000    0.000000    0.000000   clock __VIRTUAL_CLK__ (rise edge)
                                  0.000000    0.000000   clock network delay (ideal)
                                  0.800000    0.800000 v input external delay
     1    0.003503    0.005747    0.002799    0.802799 v A[29] (in)
                                                         A[29] (net)
                      0.005755    0.000000    0.802799 v input22/A (sky130_fd_sc_hd__clkdlybuf4s25_1)
     3    0.006751    0.044975    0.155965    0.958764 v input22/X (sky130_fd_sc_hd__clkdlybuf4s25_1)
                                                         net22 (net)
                      0.044975    0.000234    0.958998 v _597_/B1_N (sky130_fd_sc_hd__o21bai_2)
     2    0.008659    0.032236    0.110756    1.069753 v _597_/Y (sky130_fd_sc_hd__o21bai_2)
                                                         _309_ (net)
                      0.032255    0.000596    1.070349 v _598_/D (sky130_fd_sc_hd__nand4_2)
     1    0.005744    0.042520    0.062069    1.132418 ^ _598_/Y (sky130_fd_sc_hd__nand4_2)
                                                         _310_ (net)
                      0.042521    0.000404    1.132822 ^ _600_/A (sky130_fd_sc_hd__nand2_2)
     1    0.002653    0.015626    0.020746    1.153568 v _600_/Y (sky130_fd_sc_hd__nand2_2)
                                                         net87 (net)
                      0.015626    0.000174    1.153742 v output87/A (sky130_fd_sc_hd__clkbuf_4)
     1    0.035343    0.057867    0.111465    1.265207 v output87/X (sky130_fd_sc_hd__clkbuf_4)
                                                         S[29] (net)
                      0.057928    0.001603    1.266809 v S[29] (out)
                                              1.266809   data arrival time

                      0.000000    0.000000    0.000000   clock __VIRTUAL_CLK__ (rise edge)
                                  0.000000    0.000000   clock network delay (ideal)
                                  0.250000    0.250000   clock uncertainty
                                  0.000000    0.250000   clock reconvergence pessimism
                                 -0.800000   -0.550000   output external delay
                                             -0.550000   data required time
---------------------------------------------------------------------------------------------
                                             -0.550000   data required time
                                             -1.266809   data arrival time
---------------------------------------------------------------------------------------------
                                              1.816809   slack (MET)


Startpoint: A[8] (input port clocked by __VIRTUAL_CLK__)
Endpoint: S[9] (output port clocked by __VIRTUAL_CLK__)
Path Group: __VIRTUAL_CLK__
Path Type: min

Fanout         Cap        Slew       Delay        Time   Description
---------------------------------------------------------------------------------------------
                      0.000000    0.000000    0.000000   clock __VIRTUAL_CLK__ (rise edge)
                                  0.000000    0.000000   clock network delay (ideal)
                                  0.800000    0.800000 v input external delay
     1    0.003876    0.006305    0.003117    0.803117 v A[8] (in)
                                                         A[8] (net)
                      0.006311    0.000000    0.803117 v input31/A (sky130_fd_sc_hd__clkdlybuf4s25_1)
     3    0.013022    0.073635    0.179352    0.982469 v input31/X (sky130_fd_sc_hd__clkdlybuf4s25_1)
                                                         net31 (net)
                      0.073640    0.000648    0.983117 v _720_/B1 (sky130_fd_sc_hd__o21ai_4)
     3    0.014002    0.047870    0.064172    1.047289 ^ _720_/Y (sky130_fd_sc_hd__o21ai_4)
                                                         _059_ (net)
                      0.047887    0.000749    1.048038 ^ _645_/A2 (sky130_fd_sc_hd__o22a_2)
     1    0.009536    0.042525    0.085015    1.133052 ^ _645_/X (sky130_fd_sc_hd__o22a_2)
                                                         _345_ (net)
                      0.042532    0.000506    1.133558 ^ _646_/B (sky130_fd_sc_hd__xor2_2)
     1    0.003071    0.021809    0.030380    1.163938 v _646_/X (sky130_fd_sc_hd__xor2_2)
                                                         net97 (net)
                      0.021809    0.000213    1.164152 v output97/A (sky130_fd_sc_hd__buf_4)
     1    0.034875    0.043568    0.101800    1.265952 v output97/X (sky130_fd_sc_hd__buf_4)
                                                         S[9] (net)
                      0.043666    0.001714    1.267666 v S[9] (out)
                                              1.267666   data arrival time

                      0.000000    0.000000    0.000000   clock __VIRTUAL_CLK__ (rise edge)
                                  0.000000    0.000000   clock network delay (ideal)
                                  0.250000    0.250000   clock uncertainty
                                  0.000000    0.250000   clock reconvergence pessimism
                                 -0.800000   -0.550000   output external delay
                                             -0.550000   data required time
---------------------------------------------------------------------------------------------
                                             -0.550000   data required time
                                             -1.267666   data arrival time
---------------------------------------------------------------------------------------------
                                              1.817665   slack (MET)


Startpoint: A[23] (input port clocked by __VIRTUAL_CLK__)
Endpoint: S[23] (output port clocked by __VIRTUAL_CLK__)
Path Group: __VIRTUAL_CLK__
Path Type: min

Fanout         Cap        Slew       Delay        Time   Description
---------------------------------------------------------------------------------------------
                      0.000000    0.000000    0.000000   clock __VIRTUAL_CLK__ (rise edge)
                                  0.000000    0.000000   clock network delay (ideal)
                                  0.800000    0.800000 ^ input external delay
     1    0.005700    0.024007    0.014032    0.814032 ^ A[23] (in)
                                                         A[23] (net)
                      0.024011    0.000000    0.814032 ^ input16/A (sky130_fd_sc_hd__clkdlybuf4s25_1)
     4    0.015710    0.124086    0.210467    1.024499 ^ input16/X (sky130_fd_sc_hd__clkdlybuf4s25_1)
                                                         net16 (net)
                      0.124095    0.001137    1.025636 ^ _518_/A (sky130_fd_sc_hd__nor2_2)
     3    0.015774    0.046855    0.050161    1.075797 v _518_/Y (sky130_fd_sc_hd__nor2_2)
                                                         _236_ (net)
                      0.046882    0.000854    1.076651 v _520_/B2 (sky130_fd_sc_hd__o2bb2ai_2)
     1    0.005355    0.034457    0.083651    1.160302 ^ _520_/Y (sky130_fd_sc_hd__o2bb2ai_2)
                                                         _238_ (net)
                      0.034458    0.000235    1.160537 ^ _522_/A (sky130_fd_sc_hd__nand2_2)
     1    0.006258    0.023283    0.026935    1.187472 v _522_/Y (sky130_fd_sc_hd__nand2_2)
                                                         net81 (net)
                      0.023311    0.000475    1.187946 v output81/A (sky130_fd_sc_hd__buf_6)
     1    0.034979    0.032782    0.082668    1.270615 v output81/X (sky130_fd_sc_hd__buf_6)
                                                         S[23] (net)
                      0.032984    0.001776    1.272390 v S[23] (out)
                                              1.272390   data arrival time

                      0.000000    0.000000    0.000000   clock __VIRTUAL_CLK__ (rise edge)
                                  0.000000    0.000000   clock network delay (ideal)
                                  0.250000    0.250000   clock uncertainty
                                  0.000000    0.250000   clock reconvergence pessimism
                                 -0.800000   -0.550000   output external delay
                                             -0.550000   data required time
---------------------------------------------------------------------------------------------
                                             -0.550000   data required time
                                             -1.272390   data arrival time
---------------------------------------------------------------------------------------------
                                              1.822390   slack (MET)


Startpoint: A[2] (input port clocked by __VIRTUAL_CLK__)
Endpoint: S[3] (output port clocked by __VIRTUAL_CLK__)
Path Group: __VIRTUAL_CLK__
Path Type: min

Fanout         Cap        Slew       Delay        Time   Description
---------------------------------------------------------------------------------------------
                      0.000000    0.000000    0.000000   clock __VIRTUAL_CLK__ (rise edge)
                                  0.000000    0.000000   clock network delay (ideal)
                                  0.800000    0.800000 ^ input external delay
     1    0.003745    0.017315    0.009281    0.809281 ^ A[2] (in)
                                                         A[2] (net)
                      0.017317    0.000000    0.809281 ^ input23/A (sky130_fd_sc_hd__clkdlybuf4s25_1)
     4    0.020012    0.155419    0.229189    1.038469 ^ input23/X (sky130_fd_sc_hd__clkdlybuf4s25_1)
                                                         net23 (net)
                      0.155442    0.001816    1.040285 ^ _631_/A1 (sky130_fd_sc_hd__o22a_2)
     1    0.009023    0.040969    0.107176    1.147461 ^ _631_/X (sky130_fd_sc_hd__o22a_2)
                                                         _337_ (net)
                      0.040983    0.000676    1.148137 ^ _632_/B (sky130_fd_sc_hd__xnor2_2)
     1    0.007737    0.031121    0.039806    1.187943 v _632_/Y (sky130_fd_sc_hd__xnor2_2)
                                                         net91 (net)
                      0.031142    0.000604    1.188547 v output91/A (sky130_fd_sc_hd__buf_6)
     1    0.034904    0.032713    0.085795    1.274342 v output91/X (sky130_fd_sc_hd__buf_6)
                                                         S[3] (net)
                      0.032909    0.001746    1.276087 v S[3] (out)
                                              1.276087   data arrival time

                      0.000000    0.000000    0.000000   clock __VIRTUAL_CLK__ (rise edge)
                                  0.000000    0.000000   clock network delay (ideal)
                                  0.250000    0.250000   clock uncertainty
                                  0.000000    0.250000   clock reconvergence pessimism
                                 -0.800000   -0.550000   output external delay
                                             -0.550000   data required time
---------------------------------------------------------------------------------------------
                                             -0.550000   data required time
                                             -1.276087   data arrival time
---------------------------------------------------------------------------------------------
                                              1.826087   slack (MET)


Startpoint: A[10] (input port clocked by __VIRTUAL_CLK__)
Endpoint: S[10] (output port clocked by __VIRTUAL_CLK__)
Path Group: __VIRTUAL_CLK__
Path Type: min

Fanout         Cap        Slew       Delay        Time   Description
---------------------------------------------------------------------------------------------
                      0.000000    0.000000    0.000000   clock __VIRTUAL_CLK__ (rise edge)
                                  0.000000    0.000000   clock network delay (ideal)
                                  0.800000    0.800000 v input external delay
     1    0.004250    0.006919    0.003446    0.803446 v A[10] (in)
                                                         A[10] (net)
                      0.006926    0.000000    0.803446 v input2/A (sky130_fd_sc_hd__clkdlybuf4s25_1)
     2    0.007673    0.049272    0.159961    0.963407 v input2/X (sky130_fd_sc_hd__clkdlybuf4s25_1)
                                                         net2 (net)
                      0.049273    0.000275    0.963682 v _700_/B1 (sky130_fd_sc_hd__o21ai_2)
     3    0.014138    0.064836    0.067938    1.031620 ^ _700_/Y (sky130_fd_sc_hd__o21ai_2)
                                                         _039_ (net)
                      0.064846    0.000624    1.032244 ^ _703_/A2 (sky130_fd_sc_hd__o21a_2)
     1    0.009823    0.044606    0.086166    1.118410 ^ _703_/X (sky130_fd_sc_hd__o21a_2)
                                                         _042_ (net)
                      0.044619    0.000711    1.119121 ^ _648_/A (sky130_fd_sc_hd__xor2_2)
     1    0.004183    0.023878    0.037842    1.156963 v _648_/X (sky130_fd_sc_hd__xor2_2)
                                                         net67 (net)
                      0.023878    0.000306    1.157269 v output67/A (sky130_fd_sc_hd__clkbuf_2)
     1    0.036053    0.096286    0.120089    1.277358 v output67/X (sky130_fd_sc_hd__clkbuf_2)
                                                         S[10] (net)
                      0.096377    0.002043    1.279401 v S[10] (out)
                                              1.279401   data arrival time

                      0.000000    0.000000    0.000000   clock __VIRTUAL_CLK__ (rise edge)
                                  0.000000    0.000000   clock network delay (ideal)
                                  0.250000    0.250000   clock uncertainty
                                  0.000000    0.250000   clock reconvergence pessimism
                                 -0.800000   -0.550000   output external delay
                                             -0.550000   data required time
---------------------------------------------------------------------------------------------
                                             -0.550000   data required time
                                             -1.279401   data arrival time
---------------------------------------------------------------------------------------------
                                              1.829401   slack (MET)


Startpoint: A[6] (input port clocked by __VIRTUAL_CLK__)
Endpoint: S[6] (output port clocked by __VIRTUAL_CLK__)
Path Group: __VIRTUAL_CLK__
Path Type: min

Fanout         Cap        Slew       Delay        Time   Description
---------------------------------------------------------------------------------------------
                      0.000000    0.000000    0.000000   clock __VIRTUAL_CLK__ (rise edge)
                                  0.000000    0.000000   clock network delay (ideal)
                                  0.800000    0.800000 v input external delay
     1    0.004836    0.007957    0.003916    0.803916 v A[6] (in)
                                                         A[6] (net)
                      0.007964    0.000000    0.803916 v input29/A (sky130_fd_sc_hd__clkdlybuf4s25_1)
     3    0.012848    0.072789    0.179372    0.983287 v input29/X (sky130_fd_sc_hd__clkdlybuf4s25_1)
                                                         net29 (net)
                      0.072790    0.000378    0.983666 v _369_/B1 (sky130_fd_sc_hd__o21ai_2)
     2    0.011037    0.055644    0.069319    1.052985 ^ _369_/Y (sky130_fd_sc_hd__o21ai_2)
                                                         _094_ (net)
                      0.055676    0.000579    1.053564 ^ _371_/A2 (sky130_fd_sc_hd__o21ai_2)
     2    0.013453    0.040319    0.047559    1.101122 v _371_/Y (sky130_fd_sc_hd__o21ai_2)
                                                         _096_ (net)
                      0.040347    0.000787    1.101910 v _638_/A (sky130_fd_sc_hd__xnor2_2)
     1    0.006513    0.028586    0.090444    1.192353 v _638_/Y (sky130_fd_sc_hd__xnor2_2)
                                                         net94 (net)
                      0.028615    0.000502    1.192856 v output94/A (sky130_fd_sc_hd__buf_6)
     1    0.034978    0.032757    0.084823    1.277679 v output94/X (sky130_fd_sc_hd__buf_6)
                                                         S[6] (net)
                      0.032952    0.001737    1.279415 v S[6] (out)
                                              1.279415   data arrival time

                      0.000000    0.000000    0.000000   clock __VIRTUAL_CLK__ (rise edge)
                                  0.000000    0.000000   clock network delay (ideal)
                                  0.250000    0.250000   clock uncertainty
                                  0.000000    0.250000   clock reconvergence pessimism
                                 -0.800000   -0.550000   output external delay
                                             -0.550000   data required time
---------------------------------------------------------------------------------------------
                                             -0.550000   data required time
                                             -1.279415   data arrival time
---------------------------------------------------------------------------------------------
                                              1.829415   slack (MET)


Startpoint: sub (input port clocked by __VIRTUAL_CLK__)
Endpoint: S[21] (output port clocked by __VIRTUAL_CLK__)
Path Group: __VIRTUAL_CLK__
Path Type: min

Fanout         Cap        Slew       Delay        Time   Description
---------------------------------------------------------------------------------------------
                      0.000000    0.000000    0.000000   clock __VIRTUAL_CLK__ (rise edge)
                                  0.000000    0.000000   clock network delay (ideal)
                                  0.800000    0.800000 v input external delay
     1    0.007681    0.012601    0.006987    0.806987 v sub (in)
                                                         sub (net)
                      0.012618    0.000000    0.806987 v input65/A (sky130_fd_sc_hd__buf_8)
     4    0.043042    0.034887    0.080815    0.887802 v input65/X (sky130_fd_sc_hd__buf_8)
                                                         net65 (net)
                      0.034977    0.001188    0.888990 v fanout109/A (sky130_fd_sc_hd__dlymetal6s2s_1)
     3    0.015853    0.063992    0.115307    1.004297 v fanout109/X (sky130_fd_sc_hd__dlymetal6s2s_1)
                                                         net109 (net)
                      0.064003    0.000812    1.005109 v _491_/A1 (sky130_fd_sc_hd__a21oi_2)
     1    0.009889    0.077939    0.119866    1.124975 ^ _491_/Y (sky130_fd_sc_hd__a21oi_2)
                                                         _211_ (net)
                      0.077952    0.000730    1.125704 ^ _494_/B2 (sky130_fd_sc_hd__o2bb2ai_4)
     1    0.009982    0.023683    0.038881    1.164586 v _494_/Y (sky130_fd_sc_hd__o2bb2ai_4)
                                                         _214_ (net)
                      0.023720    0.000753    1.165339 v _495_/B (sky130_fd_sc_hd__nand2_4)
     1    0.008580    0.031495    0.041326    1.206664 ^ _495_/Y (sky130_fd_sc_hd__nand2_4)
                                                         net79 (net)
                      0.031497    0.000410    1.207075 ^ output79/A (sky130_fd_sc_hd__buf_8)
     1    0.035101    0.050437    0.074802    1.281876 ^ output79/X (sky130_fd_sc_hd__buf_8)
                                                         S[21] (net)
                      0.050549    0.001810    1.283686 ^ S[21] (out)
                                              1.283686   data arrival time

                      0.000000    0.000000    0.000000   clock __VIRTUAL_CLK__ (rise edge)
                                  0.000000    0.000000   clock network delay (ideal)
                                  0.250000    0.250000   clock uncertainty
                                  0.000000    0.250000   clock reconvergence pessimism
                                 -0.800000   -0.550000   output external delay
                                             -0.550000   data required time
---------------------------------------------------------------------------------------------
                                             -0.550000   data required time
                                             -1.283686   data arrival time
---------------------------------------------------------------------------------------------
                                              1.833686   slack (MET)


Startpoint: A[30] (input port clocked by __VIRTUAL_CLK__)
Endpoint: S[30] (output port clocked by __VIRTUAL_CLK__)
Path Group: __VIRTUAL_CLK__
Path Type: min

Fanout         Cap        Slew       Delay        Time   Description
---------------------------------------------------------------------------------------------
                      0.000000    0.000000    0.000000   clock __VIRTUAL_CLK__ (rise edge)
                                  0.000000    0.000000   clock network delay (ideal)
                                  0.800000    0.800000 v input external delay
     1    0.003324    0.005476    0.002649    0.802649 v A[30] (in)
                                                         A[30] (net)
                      0.005486    0.000000    0.802649 v input24/A (sky130_fd_sc_hd__clkdlybuf4s25_1)
     2    0.003703    0.031302    0.144016    0.946665 v input24/X (sky130_fd_sc_hd__clkdlybuf4s25_1)
                                                         net24 (net)
                      0.031302    0.000219    0.946885 v _605_/B1_N (sky130_fd_sc_hd__o21ba_2)
     4    0.022358    0.103154    0.173466    1.120351 ^ _605_/X (sky130_fd_sc_hd__o21ba_2)
                                                         _316_ (net)
                      0.103177    0.001431    1.121782 ^ _612_/A2 (sky130_fd_sc_hd__o22ai_2)
     1    0.009214    0.031012    0.048255    1.170037 v _612_/Y (sky130_fd_sc_hd__o22ai_2)
                                                         _323_ (net)
                      0.031039    0.000670    1.170707 v _614_/B1 (sky130_fd_sc_hd__o21ai_4)
     1    0.007147    0.028927    0.036920    1.207627 ^ _614_/Y (sky130_fd_sc_hd__o21ai_4)
                                                         net89 (net)
                      0.028930    0.000511    1.208138 ^ output89/A (sky130_fd_sc_hd__buf_6)
     1    0.035149    0.058696    0.080555    1.288693 ^ output89/X (sky130_fd_sc_hd__buf_6)
                                                         S[30] (net)
                      0.058780    0.001699    1.290392 ^ S[30] (out)
                                              1.290392   data arrival time

                      0.000000    0.000000    0.000000   clock __VIRTUAL_CLK__ (rise edge)
                                  0.000000    0.000000   clock network delay (ideal)
                                  0.250000    0.250000   clock uncertainty
                                  0.000000    0.250000   clock reconvergence pessimism
                                 -0.800000   -0.550000   output external delay
                                             -0.550000   data required time
---------------------------------------------------------------------------------------------
                                             -0.550000   data required time
                                             -1.290392   data arrival time
---------------------------------------------------------------------------------------------
                                              1.840392   slack (MET)


Startpoint: A[5] (input port clocked by __VIRTUAL_CLK__)
Endpoint: S[5] (output port clocked by __VIRTUAL_CLK__)
Path Group: __VIRTUAL_CLK__
Path Type: min

Fanout         Cap        Slew       Delay        Time   Description
---------------------------------------------------------------------------------------------
                      0.000000    0.000000    0.000000   clock __VIRTUAL_CLK__ (rise edge)
                                  0.000000    0.000000   clock network delay (ideal)
                                  0.800000    0.800000 v input external delay
     1    0.004005    0.006512    0.003226    0.803226 v A[5] (in)
                                                         A[5] (net)
                      0.006518    0.000000    0.803226 v input28/A (sky130_fd_sc_hd__clkdlybuf4s25_1)
     4    0.016175    0.088799    0.190253    0.993479 v input28/X (sky130_fd_sc_hd__clkdlybuf4s25_1)
                                                         net28 (net)
                      0.088806    0.000820    0.994299 v _358_/B1 (sky130_fd_sc_hd__o21ai_2)
     1    0.005852    0.041615    0.060164    1.054463 ^ _358_/Y (sky130_fd_sc_hd__o21ai_2)
                                                         _083_ (net)
                      0.041617    0.000403    1.054866 ^ _362_/A2 (sky130_fd_sc_hd__o22ai_2)
     2    0.014379    0.037158    0.046516    1.101382 v _362_/Y (sky130_fd_sc_hd__o22ai_2)
                                                         _087_ (net)
                      0.037194    0.000877    1.102259 v _636_/A (sky130_fd_sc_hd__xor2_2)
     1    0.004742    0.024759    0.104684    1.206942 v _636_/X (sky130_fd_sc_hd__xor2_2)
                                                         net93 (net)
                      0.024759    0.000339    1.207282 v output93/A (sky130_fd_sc_hd__buf_6)
     1    0.034755    0.032642    0.083191    1.290473 v output93/X (sky130_fd_sc_hd__buf_6)
                                                         S[5] (net)
                      0.032827    0.001684    1.292157 v S[5] (out)
                                              1.292157   data arrival time

                      0.000000    0.000000    0.000000   clock __VIRTUAL_CLK__ (rise edge)
                                  0.000000    0.000000   clock network delay (ideal)
                                  0.250000    0.250000   clock uncertainty
                                  0.000000    0.250000   clock reconvergence pessimism
                                 -0.800000   -0.550000   output external delay
                                             -0.550000   data required time
---------------------------------------------------------------------------------------------
                                             -0.550000   data required time
                                             -1.292157   data arrival time
---------------------------------------------------------------------------------------------
                                              1.842157   slack (MET)


Startpoint: A[16] (input port clocked by __VIRTUAL_CLK__)
Endpoint: S[16] (output port clocked by __VIRTUAL_CLK__)
Path Group: __VIRTUAL_CLK__
Path Type: min

Fanout         Cap        Slew       Delay        Time   Description
---------------------------------------------------------------------------------------------
                      0.000000    0.000000    0.000000   clock __VIRTUAL_CLK__ (rise edge)
                                  0.000000    0.000000   clock network delay (ideal)
                                  0.800000    0.800000 ^ input external delay
     1    0.004512    0.020025    0.011213    0.811213 ^ A[16] (in)
                                                         A[16] (net)
                      0.020028    0.000000    0.811213 ^ input8/A (sky130_fd_sc_hd__clkdlybuf4s25_1)
     3    0.020968    0.162415    0.234407    1.045620 ^ input8/X (sky130_fd_sc_hd__clkdlybuf4s25_1)
                                                         net8 (net)
                      0.162440    0.001944    1.047564 ^ _666_/A (sky130_fd_sc_hd__nand2_4)
     5    0.024814    0.053396    0.055444    1.103008 v _666_/Y (sky130_fd_sc_hd__nand2_4)
                                                         _005_ (net)
                      0.053456    0.001312    1.104320 v _669_/A (sky130_fd_sc_hd__nand2_2)
     1    0.009930    0.046826    0.057346    1.161666 ^ _669_/Y (sky130_fd_sc_hd__nand2_2)
                                                         _008_ (net)
                      0.046847    0.000731    1.162397 ^ _438_/A (sky130_fd_sc_hd__xor2_2)
     1    0.008025    0.030604    0.045832    1.208229 v _438_/X (sky130_fd_sc_hd__xor2_2)
                                                         net73 (net)
                      0.030623    0.000660    1.208890 v output73/A (sky130_fd_sc_hd__buf_6)
     1    0.035203    0.032890    0.085683    1.294573 v output73/X (sky130_fd_sc_hd__buf_6)
                                                         S[16] (net)
                      0.033103    0.001834    1.296407 v S[16] (out)
                                              1.296407   data arrival time

                      0.000000    0.000000    0.000000   clock __VIRTUAL_CLK__ (rise edge)
                                  0.000000    0.000000   clock network delay (ideal)
                                  0.250000    0.250000   clock uncertainty
                                  0.000000    0.250000   clock reconvergence pessimism
                                 -0.800000   -0.550000   output external delay
                                             -0.550000   data required time
---------------------------------------------------------------------------------------------
                                             -0.550000   data required time
                                             -1.296407   data arrival time
---------------------------------------------------------------------------------------------
                                              1.846407   slack (MET)


Startpoint: A[25] (input port clocked by __VIRTUAL_CLK__)
Endpoint: S[25] (output port clocked by __VIRTUAL_CLK__)
Path Group: __VIRTUAL_CLK__
Path Type: min

Fanout         Cap        Slew       Delay        Time   Description
---------------------------------------------------------------------------------------------
                      0.000000    0.000000    0.000000   clock __VIRTUAL_CLK__ (rise edge)
                                  0.000000    0.000000   clock network delay (ideal)
                                  0.800000    0.800000 ^ input external delay
     1    0.003794    0.017469    0.009407    0.809407 ^ A[25] (in)
                                                         A[25] (net)
                      0.017471    0.000000    0.809407 ^ input18/A (sky130_fd_sc_hd__clkdlybuf4s25_1)
     3    0.006519    0.057742    0.164527    0.973934 ^ input18/X (sky130_fd_sc_hd__clkdlybuf4s25_1)
                                                         net18 (net)
                      0.057743    0.000325    0.974259 ^ _543_/B1_N (sky130_fd_sc_hd__o21bai_2)
     2    0.009500    0.043877    0.083666    1.057925 ^ _543_/Y (sky130_fd_sc_hd__o21bai_2)
                                                         _259_ (net)
                      0.043881    0.000390    1.058315 ^ _546_/A (sky130_fd_sc_hd__nand2_2)
     1    0.004403    0.022343    0.025131    1.083446 v _546_/Y (sky130_fd_sc_hd__nand2_2)
                                                         _262_ (net)
                      0.022344    0.000194    1.083640 v _547_/A (sky130_fd_sc_hd__inv_2)
     2    0.009843    0.037964    0.038781    1.122421 ^ _547_/Y (sky130_fd_sc_hd__inv_2)
                                                         _263_ (net)
                      0.037977    0.000555    1.122976 ^ _549_/B1 (sky130_fd_sc_hd__o21a_2)
     1    0.009975    0.045070    0.072884    1.195859 ^ _549_/X (sky130_fd_sc_hd__o21a_2)
                                                         _265_ (net)
                      0.045084    0.000736    1.196595 ^ _550_/B (sky130_fd_sc_hd__nor2_4)
     1    0.005868    0.015656    0.017507    1.214102 v _550_/Y (sky130_fd_sc_hd__nor2_4)
                                                         net83 (net)
                      0.015659    0.000412    1.214514 v output83/A (sky130_fd_sc_hd__buf_6)
     1    0.035550    0.033085    0.080104    1.294618 v output83/X (sky130_fd_sc_hd__buf_6)
                                                         S[25] (net)
                      0.033308    0.001881    1.296499 v S[25] (out)
                                              1.296499   data arrival time

                      0.000000    0.000000    0.000000   clock __VIRTUAL_CLK__ (rise edge)
                                  0.000000    0.000000   clock network delay (ideal)
                                  0.250000    0.250000   clock uncertainty
                                  0.000000    0.250000   clock reconvergence pessimism
                                 -0.800000   -0.550000   output external delay
                                             -0.550000   data required time
---------------------------------------------------------------------------------------------
                                             -0.550000   data required time
                                             -1.296499   data arrival time
---------------------------------------------------------------------------------------------
                                              1.846499   slack (MET)


Startpoint: A[7] (input port clocked by __VIRTUAL_CLK__)
Endpoint: S[7] (output port clocked by __VIRTUAL_CLK__)
Path Group: __VIRTUAL_CLK__
Path Type: min

Fanout         Cap        Slew       Delay        Time   Description
---------------------------------------------------------------------------------------------
                      0.000000    0.000000    0.000000   clock __VIRTUAL_CLK__ (rise edge)
                                  0.000000    0.000000   clock network delay (ideal)
                                  0.800000    0.800000 v input external delay
     1    0.004080    0.006634    0.003288    0.803288 v A[7] (in)
                                                         A[7] (net)
                      0.006640    0.000000    0.803288 v input30/A (sky130_fd_sc_hd__clkdlybuf4s25_1)
     2    0.009265    0.056641    0.165904    0.969192 v input30/X (sky130_fd_sc_hd__clkdlybuf4s25_1)
                                                         net30 (net)
                      0.056648    0.000608    0.969801 v _375_/B1 (sky130_fd_sc_hd__o21ai_2)
     3    0.015279    0.069718    0.073771    1.043572 ^ _375_/Y (sky130_fd_sc_hd__o21ai_2)
                                                         _100_ (net)
                      0.069739    0.000931    1.044503 ^ _388_/A2 (sky130_fd_sc_hd__o21ai_2)
     2    0.016134    0.046966    0.053733    1.098236 v _388_/Y (sky130_fd_sc_hd__o21ai_2)
                                                         _113_ (net)
                      0.047006    0.001047    1.099284 v _640_/A (sky130_fd_sc_hd__xor2_2)
     1    0.006483    0.027678    0.111651    1.210934 v _640_/X (sky130_fd_sc_hd__xor2_2)
                                                         net95 (net)
                      0.027690    0.000493    1.211427 v output95/A (sky130_fd_sc_hd__buf_6)
     1    0.035184    0.032874    0.084547    1.295974 v output95/X (sky130_fd_sc_hd__buf_6)
                                                         S[7] (net)
                      0.033066    0.001735    1.297709 v S[7] (out)
                                              1.297709   data arrival time

                      0.000000    0.000000    0.000000   clock __VIRTUAL_CLK__ (rise edge)
                                  0.000000    0.000000   clock network delay (ideal)
                                  0.250000    0.250000   clock uncertainty
                                  0.000000    0.250000   clock reconvergence pessimism
                                 -0.800000   -0.550000   output external delay
                                             -0.550000   data required time
---------------------------------------------------------------------------------------------
                                             -0.550000   data required time
                                             -1.297709   data arrival time
---------------------------------------------------------------------------------------------
                                              1.847709   slack (MET)


Startpoint: A[18] (input port clocked by __VIRTUAL_CLK__)
Endpoint: S[18] (output port clocked by __VIRTUAL_CLK__)
Path Group: __VIRTUAL_CLK__
Path Type: min

Fanout         Cap        Slew       Delay        Time   Description
---------------------------------------------------------------------------------------------
                      0.000000    0.000000    0.000000   clock __VIRTUAL_CLK__ (rise edge)
                                  0.000000    0.000000   clock network delay (ideal)
                                  0.800000    0.800000 ^ input external delay
     1    0.004100    0.018572    0.010177    0.810177 ^ A[18] (in)
                                                         A[18] (net)
                      0.018575    0.000000    0.810177 ^ input10/A (sky130_fd_sc_hd__clkdlybuf4s25_1)
     3    0.014230    0.113298    0.201979    1.012156 ^ input10/X (sky130_fd_sc_hd__clkdlybuf4s25_1)
                                                         net10 (net)
                      0.113304    0.000917    1.013072 ^ _450_/C (sky130_fd_sc_hd__nand3b_4)
     5    0.020957    0.059365    0.066411    1.079483 v _450_/Y (sky130_fd_sc_hd__nand3b_4)
                                                         _173_ (net)
                      0.059400    0.001024    1.080507 v _453_/A (sky130_fd_sc_hd__nand2_2)
     2    0.020545    0.085317    0.085808    1.166316 ^ _453_/Y (sky130_fd_sc_hd__nand2_2)
                                                         _176_ (net)
                      0.085349    0.001286    1.167602 ^ _458_/A (sky130_fd_sc_hd__xor2_2)
     1    0.005037    0.025208    0.045457    1.213059 v _458_/X (sky130_fd_sc_hd__xor2_2)
                                                         net75 (net)
                      0.025208    0.000357    1.213415 v output75/A (sky130_fd_sc_hd__buf_6)
     1    0.035609    0.033108    0.083771    1.297186 v output75/X (sky130_fd_sc_hd__buf_6)
                                                         S[18] (net)
                      0.033291    0.001699    1.298885 v S[18] (out)
                                              1.298885   data arrival time

                      0.000000    0.000000    0.000000   clock __VIRTUAL_CLK__ (rise edge)
                                  0.000000    0.000000   clock network delay (ideal)
                                  0.250000    0.250000   clock uncertainty
                                  0.000000    0.250000   clock reconvergence pessimism
                                 -0.800000   -0.550000   output external delay
                                             -0.550000   data required time
---------------------------------------------------------------------------------------------
                                             -0.550000   data required time
                                             -1.298885   data arrival time
---------------------------------------------------------------------------------------------
                                              1.848885   slack (MET)


Startpoint: A[17] (input port clocked by __VIRTUAL_CLK__)
Endpoint: S[17] (output port clocked by __VIRTUAL_CLK__)
Path Group: __VIRTUAL_CLK__
Path Type: min

Fanout         Cap        Slew       Delay        Time   Description
---------------------------------------------------------------------------------------------
                      0.000000    0.000000    0.000000   clock __VIRTUAL_CLK__ (rise edge)
                                  0.000000    0.000000   clock network delay (ideal)
                                  0.800000    0.800000 ^ input external delay
     1    0.004248    0.019094    0.010542    0.810542 ^ A[17] (in)
                                                         A[17] (net)
                      0.019097    0.000000    0.810542 ^ input9/A (sky130_fd_sc_hd__clkdlybuf4s25_1)
     2    0.013000    0.104339    0.196332    1.006873 ^ input9/X (sky130_fd_sc_hd__clkdlybuf4s25_1)
                                                         net9 (net)
                      0.104340    0.000514    1.007387 ^ _441_/C (sky130_fd_sc_hd__nand3_2)
     3    0.014469    0.061444    0.069951    1.077338 v _441_/Y (sky130_fd_sc_hd__nand3_2)
                                                         _165_ (net)
                      0.061466    0.000879    1.078217 v _444_/A (sky130_fd_sc_hd__nand2_2)
     3    0.019701    0.082417    0.084297    1.162514 ^ _444_/Y (sky130_fd_sc_hd__nand2_2)
                                                         _168_ (net)
                      0.082494    0.001941    1.164455 ^ _446_/A (sky130_fd_sc_hd__xor2_2)
     1    0.008514    0.031384    0.052890    1.217345 v _446_/X (sky130_fd_sc_hd__xor2_2)
                                                         net74 (net)
                      0.031401    0.000635    1.217980 v output74/A (sky130_fd_sc_hd__buf_6)
     1    0.034595    0.032529    0.085799    1.303779 v output74/X (sky130_fd_sc_hd__buf_6)
                                                         S[17] (net)
                      0.032708    0.001654    1.305433 v S[17] (out)
                                              1.305433   data arrival time

                      0.000000    0.000000    0.000000   clock __VIRTUAL_CLK__ (rise edge)
                                  0.000000    0.000000   clock network delay (ideal)
                                  0.250000    0.250000   clock uncertainty
                                  0.000000    0.250000   clock reconvergence pessimism
                                 -0.800000   -0.550000   output external delay
                                             -0.550000   data required time
---------------------------------------------------------------------------------------------
                                             -0.550000   data required time
                                             -1.305433   data arrival time
---------------------------------------------------------------------------------------------
                                              1.855433   slack (MET)


Startpoint: A[30] (input port clocked by __VIRTUAL_CLK__)
Endpoint: S[31] (output port clocked by __VIRTUAL_CLK__)
Path Group: __VIRTUAL_CLK__
Path Type: min

Fanout         Cap        Slew       Delay        Time   Description
---------------------------------------------------------------------------------------------
                      0.000000    0.000000    0.000000   clock __VIRTUAL_CLK__ (rise edge)
                                  0.000000    0.000000   clock network delay (ideal)
                                  0.800000    0.800000 ^ input external delay
     1    0.003550    0.016614    0.008793    0.808793 ^ A[30] (in)
                                                         A[30] (net)
                      0.016616    0.000000    0.808793 ^ input24/A (sky130_fd_sc_hd__clkdlybuf4s25_1)
     2    0.003954    0.039590    0.151805    0.960598 ^ input24/X (sky130_fd_sc_hd__clkdlybuf4s25_1)
                                                         net24 (net)
                      0.039591    0.000235    0.960833 ^ _605_/B1_N (sky130_fd_sc_hd__o21ba_2)
     4    0.020530    0.043456    0.114479    1.075312 v _605_/X (sky130_fd_sc_hd__o21ba_2)
                                                         _316_ (net)
                      0.043559    0.001748    1.077060 v _624_/A (sky130_fd_sc_hd__nor2_2)
     2    0.012796    0.114646    0.114340    1.191400 ^ _624_/Y (sky130_fd_sc_hd__nor2_2)
                                                         _334_ (net)
                      0.114650    0.000513    1.191913 ^ _625_/B2 (sky130_fd_sc_hd__a22oi_4)
     1    0.005564    0.026018    0.031066    1.222979 v _625_/Y (sky130_fd_sc_hd__a22oi_4)
                                                         net90 (net)
                      0.026020    0.000409    1.223388 v output90/A (sky130_fd_sc_hd__buf_6)
     1    0.035578    0.033073    0.084121    1.307509 v output90/X (sky130_fd_sc_hd__buf_6)
                                                         S[31] (net)
                      0.033248    0.001648    1.309157 v S[31] (out)
                                              1.309157   data arrival time

                      0.000000    0.000000    0.000000   clock __VIRTUAL_CLK__ (rise edge)
                                  0.000000    0.000000   clock network delay (ideal)
                                  0.250000    0.250000   clock uncertainty
                                  0.000000    0.250000   clock reconvergence pessimism
                                 -0.800000   -0.550000   output external delay
                                             -0.550000   data required time
---------------------------------------------------------------------------------------------
                                             -0.550000   data required time
                                             -1.309157   data arrival time
---------------------------------------------------------------------------------------------
                                              1.859157   slack (MET)


Startpoint: A[20] (input port clocked by __VIRTUAL_CLK__)
Endpoint: S[22] (output port clocked by __VIRTUAL_CLK__)
Path Group: __VIRTUAL_CLK__
Path Type: min

Fanout         Cap        Slew       Delay        Time   Description
---------------------------------------------------------------------------------------------
                      0.000000    0.000000    0.000000   clock __VIRTUAL_CLK__ (rise edge)
                                  0.000000    0.000000   clock network delay (ideal)
                                  0.800000    0.800000 v input external delay
     1    0.003843    0.006251    0.003090    0.803089 v A[20] (in)
                                                         A[20] (net)
                      0.006260    0.000000    0.803089 v input13/A (sky130_fd_sc_hd__clkdlybuf4s25_1)
     2    0.011974    0.068698    0.175500    0.978590 v input13/X (sky130_fd_sc_hd__clkdlybuf4s25_1)
                                                         net13 (net)
                      0.068707    0.000792    0.979382 v _472_/C (sky130_fd_sc_hd__nand3b_4)
     4    0.020447    0.059877    0.083711    1.063094 ^ _472_/Y (sky130_fd_sc_hd__nand3b_4)
                                                         _193_ (net)
                      0.059916    0.001305    1.064399 ^ _498_/B1 (sky130_fd_sc_hd__o21a_2)
     2    0.011358    0.050317    0.081255    1.145654 ^ _498_/X (sky130_fd_sc_hd__o21a_2)
                                                         _217_ (net)
                      0.050327    0.000664    1.146318 ^ _507_/A2 (sky130_fd_sc_hd__o211ai_2)
     1    0.004618    0.027335    0.042860    1.189178 v _507_/Y (sky130_fd_sc_hd__o211ai_2)
                                                         _226_ (net)
                      0.027336    0.000328    1.189506 v _509_/A (sky130_fd_sc_hd__nand2_2)
     1    0.006864    0.034579    0.039493    1.228999 ^ _509_/Y (sky130_fd_sc_hd__nand2_2)
                                                         net80 (net)
                      0.034592    0.000495    1.229494 ^ output80/A (sky130_fd_sc_hd__buf_6)
     1    0.034913    0.058390    0.081692    1.311185 ^ output80/X (sky130_fd_sc_hd__buf_6)
                                                         S[22] (net)
                      0.058483    0.001772    1.312958 ^ S[22] (out)
                                              1.312958   data arrival time

                      0.000000    0.000000    0.000000   clock __VIRTUAL_CLK__ (rise edge)
                                  0.000000    0.000000   clock network delay (ideal)
                                  0.250000    0.250000   clock uncertainty
                                  0.000000    0.250000   clock reconvergence pessimism
                                 -0.800000   -0.550000   output external delay
                                             -0.550000   data required time
---------------------------------------------------------------------------------------------
                                             -0.550000   data required time
                                             -1.312958   data arrival time
---------------------------------------------------------------------------------------------
                                              1.862958   slack (MET)


Startpoint: A[28] (input port clocked by __VIRTUAL_CLK__)
Endpoint: S[28] (output port clocked by __VIRTUAL_CLK__)
Path Group: __VIRTUAL_CLK__
Path Type: min

Fanout         Cap        Slew       Delay        Time   Description
---------------------------------------------------------------------------------------------
                      0.000000    0.000000    0.000000   clock __VIRTUAL_CLK__ (rise edge)
                                  0.000000    0.000000   clock network delay (ideal)
                                  0.800000    0.800000 ^ input external delay
     1    0.003477    0.016347    0.008609    0.808609 ^ A[28] (in)
                                                         A[28] (net)
                      0.016349    0.000000    0.808609 ^ input21/A (sky130_fd_sc_hd__clkdlybuf4s25_1)
     2    0.004404    0.042740    0.153973    0.962582 ^ input21/X (sky130_fd_sc_hd__clkdlybuf4s25_1)
                                                         net21 (net)
                      0.042740    0.000184    0.962766 ^ _578_/B1_N (sky130_fd_sc_hd__o21bai_2)
     2    0.008663    0.041106    0.077319    1.040085 ^ _578_/Y (sky130_fd_sc_hd__o21bai_2)
                                                         _291_ (net)
                      0.041113    0.000534    1.040619 ^ _590_/A1 (sky130_fd_sc_hd__a21o_2)
     1    0.003150    0.019406    0.064408    1.105027 ^ _590_/X (sky130_fd_sc_hd__a21o_2)
                                                         _303_ (net)
                      0.019407    0.000221    1.105248 ^ _591_/B (sky130_fd_sc_hd__and2_4)
     1    0.003351    0.021822    0.070497    1.175745 ^ _591_/X (sky130_fd_sc_hd__and2_4)
                                                         net86 (net)
                      0.021822    0.000134    1.175879 ^ output86/A (sky130_fd_sc_hd__clkbuf_2)
     1    0.035283    0.149024    0.137900    1.313779 ^ output86/X (sky130_fd_sc_hd__clkbuf_2)
                                                         S[28] (net)
                      0.149057    0.001742    1.315521 ^ S[28] (out)
                                              1.315521   data arrival time

                      0.000000    0.000000    0.000000   clock __VIRTUAL_CLK__ (rise edge)
                                  0.000000    0.000000   clock network delay (ideal)
                                  0.250000    0.250000   clock uncertainty
                                  0.000000    0.250000   clock reconvergence pessimism
                                 -0.800000   -0.550000   output external delay
                                             -0.550000   data required time
---------------------------------------------------------------------------------------------
                                             -0.550000   data required time
                                             -1.315521   data arrival time
---------------------------------------------------------------------------------------------
                                              1.865521   slack (MET)


Startpoint: A[24] (input port clocked by __VIRTUAL_CLK__)
Endpoint: S[24] (output port clocked by __VIRTUAL_CLK__)
Path Group: __VIRTUAL_CLK__
Path Type: min

Fanout         Cap        Slew       Delay        Time   Description
---------------------------------------------------------------------------------------------
                      0.000000    0.000000    0.000000   clock __VIRTUAL_CLK__ (rise edge)
                                  0.000000    0.000000   clock network delay (ideal)
                                  0.800000    0.800000 v input external delay
     1    0.004322    0.007044    0.003498    0.803498 v A[24] (in)
                                                         A[24] (net)
                      0.007050    0.000000    0.803498 v input17/A (sky130_fd_sc_hd__clkdlybuf4s25_1)
     3    0.015194    0.084124    0.186927    0.990425 v input17/X (sky130_fd_sc_hd__clkdlybuf4s25_1)
                                                         net17 (net)
                      0.084140    0.001083    0.991508 v _534_/C (sky130_fd_sc_hd__nand3b_4)
     5    0.020579    0.059912    0.090332    1.081840 ^ _534_/Y (sky130_fd_sc_hd__nand3b_4)
                                                         _251_ (net)
                      0.059932    0.000965    1.082805 ^ _538_/A1 (sky130_fd_sc_hd__a21o_2)
     1    0.002175    0.016755    0.065508    1.148313 ^ _538_/X (sky130_fd_sc_hd__a21o_2)
                                                         _255_ (net)
                      0.016755    0.000095    1.148408 ^ _539_/B (sky130_fd_sc_hd__and2b_2)
     1    0.008091    0.040518    0.086484    1.234892 ^ _539_/X (sky130_fd_sc_hd__and2b_2)
                                                         net82 (net)
                      0.040529    0.000618    1.235510 ^ output82/A (sky130_fd_sc_hd__buf_6)
     1    0.035121    0.058717    0.083318    1.318828 ^ output82/X (sky130_fd_sc_hd__buf_6)
                                                         S[24] (net)
                      0.058813    0.001814    1.320642 ^ S[24] (out)
                                              1.320642   data arrival time

                      0.000000    0.000000    0.000000   clock __VIRTUAL_CLK__ (rise edge)
                                  0.000000    0.000000   clock network delay (ideal)
                                  0.250000    0.250000   clock uncertainty
                                  0.000000    0.250000   clock reconvergence pessimism
                                 -0.800000   -0.550000   output external delay
                                             -0.550000   data required time
---------------------------------------------------------------------------------------------
                                             -0.550000   data required time
                                             -1.320642   data arrival time
---------------------------------------------------------------------------------------------
                                              1.870642   slack (MET)


Startpoint: A[0] (input port clocked by __VIRTUAL_CLK__)
Endpoint: S[1] (output port clocked by __VIRTUAL_CLK__)
Path Group: __VIRTUAL_CLK__
Path Type: min

Fanout         Cap        Slew       Delay        Time   Description
---------------------------------------------------------------------------------------------
                      0.000000    0.000000    0.000000   clock __VIRTUAL_CLK__ (rise edge)
                                  0.000000    0.000000   clock network delay (ideal)
                                  0.800000    0.800000 ^ input external delay
     1    0.006676    0.027308    0.016250    0.816250 ^ A[0] (in)
                                                         A[0] (net)
                      0.027311    0.000000    0.816250 ^ input1/A (sky130_fd_sc_hd__clkdlybuf4s25_1)
     4    0.026242    0.200733    0.262121    1.078371 ^ input1/X (sky130_fd_sc_hd__clkdlybuf4s25_1)
                                                         net1 (net)
                      0.200734    0.000942    1.079313 ^ _627_/A1 (sky130_fd_sc_hd__mux2_1)
     1    0.009692    0.070888    0.125851    1.205164 ^ _627_/X (sky130_fd_sc_hd__mux2_1)
                                                         _335_ (net)
                      0.070895    0.000721    1.205886 ^ _628_/B (sky130_fd_sc_hd__xnor2_2)
     1    0.004664    0.026867    0.036217    1.242103 v _628_/Y (sky130_fd_sc_hd__xnor2_2)
                                                         net77 (net)
                      0.026868    0.000208    1.242311 v output77/A (sky130_fd_sc_hd__buf_6)
     1    0.035871    0.033273    0.084457    1.326768 v output77/X (sky130_fd_sc_hd__buf_6)
                                                         S[1] (net)
                      0.033505    0.001928    1.328696 v S[1] (out)
                                              1.328696   data arrival time

                      0.000000    0.000000    0.000000   clock __VIRTUAL_CLK__ (rise edge)
                                  0.000000    0.000000   clock network delay (ideal)
                                  0.250000    0.250000   clock uncertainty
                                  0.000000    0.250000   clock reconvergence pessimism
                                 -0.800000   -0.550000   output external delay
                                             -0.550000   data required time
---------------------------------------------------------------------------------------------
                                             -0.550000   data required time
                                             -1.328696   data arrival time
---------------------------------------------------------------------------------------------
                                              1.878695   slack (MET)


Startpoint: A[20] (input port clocked by __VIRTUAL_CLK__)
Endpoint: S[20] (output port clocked by __VIRTUAL_CLK__)
Path Group: __VIRTUAL_CLK__
Path Type: min

Fanout         Cap        Slew       Delay        Time   Description
---------------------------------------------------------------------------------------------
                      0.000000    0.000000    0.000000   clock __VIRTUAL_CLK__ (rise edge)
                                  0.000000    0.000000   clock network delay (ideal)
                                  0.800000    0.800000 ^ input external delay
     1    0.004069    0.018464    0.010094    0.810094 ^ A[20] (in)
                                                         A[20] (net)
                      0.018466    0.000000    0.810094 ^ input13/A (sky130_fd_sc_hd__clkdlybuf4s25_1)
     2    0.013189    0.105733    0.196932    1.007027 ^ input13/X (sky130_fd_sc_hd__clkdlybuf4s25_1)
                                                         net13 (net)
                      0.105735    0.000649    1.007676 ^ _473_/B1_N (sky130_fd_sc_hd__o21bai_4)
     3    0.015240    0.044150    0.096924    1.104601 ^ _473_/Y (sky130_fd_sc_hd__o21bai_4)
                                                         _194_ (net)
                      0.044169    0.000783    1.105384 ^ _484_/A2 (sky130_fd_sc_hd__a21o_2)
     1    0.003272    0.022044    0.068991    1.174375 ^ _484_/X (sky130_fd_sc_hd__a21o_2)
                                                         _205_ (net)
                      0.022047    0.000216    1.174591 ^ _485_/B (sky130_fd_sc_hd__and2_4)
     1    0.008762    0.031720    0.080536    1.255127 ^ _485_/X (sky130_fd_sc_hd__and2_4)
                                                         net78 (net)
                      0.031743    0.000650    1.255777 ^ output78/A (sky130_fd_sc_hd__buf_8)
     1    0.035203    0.050553    0.074968    1.330745 ^ output78/X (sky130_fd_sc_hd__buf_8)
                                                         S[20] (net)
                      0.050660    0.001763    1.332508 ^ S[20] (out)
                                              1.332508   data arrival time

                      0.000000    0.000000    0.000000   clock __VIRTUAL_CLK__ (rise edge)
                                  0.000000    0.000000   clock network delay (ideal)
                                  0.250000    0.250000   clock uncertainty
                                  0.000000    0.250000   clock reconvergence pessimism
                                 -0.800000   -0.550000   output external delay
                                             -0.550000   data required time
---------------------------------------------------------------------------------------------
                                             -0.550000   data required time
                                             -1.332508   data arrival time
---------------------------------------------------------------------------------------------
                                              1.882508   slack (MET)


Startpoint: A[14] (input port clocked by __VIRTUAL_CLK__)
Endpoint: S[15] (output port clocked by __VIRTUAL_CLK__)
Path Group: __VIRTUAL_CLK__
Path Type: min

Fanout         Cap        Slew       Delay        Time   Description
---------------------------------------------------------------------------------------------
                      0.000000    0.000000    0.000000   clock __VIRTUAL_CLK__ (rise edge)
                                  0.000000    0.000000   clock network delay (ideal)
                                  0.800000    0.800000 v input external delay
     1    0.003733    0.006082    0.002992    0.802992 v A[14] (in)
                                                         A[14] (net)
                      0.006091    0.000000    0.802992 v input6/A (sky130_fd_sc_hd__clkdlybuf4s25_1)
     2    0.013515    0.076014    0.180945    0.983937 v input6/X (sky130_fd_sc_hd__clkdlybuf4s25_1)
                                                         net6 (net)
                      0.076019    0.000681    0.984618 v _678_/B1 (sky130_fd_sc_hd__o21ai_4)
     4    0.026163    0.074034    0.083467    1.068084 ^ _678_/Y (sky130_fd_sc_hd__o21ai_4)
                                                         _017_ (net)
                      0.074161    0.002315    1.070399 ^ _657_/B1 (sky130_fd_sc_hd__o211a_2)
     1    0.008758    0.049024    0.103650    1.174049 ^ _657_/X (sky130_fd_sc_hd__o211a_2)
                                                         _351_ (net)
                      0.049028    0.000453    1.174502 ^ _658_/B (sky130_fd_sc_hd__xor2_2)
     1    0.007659    0.029823    0.041106    1.215607 v _658_/X (sky130_fd_sc_hd__xor2_2)
                                                         net72 (net)
                      0.029832    0.000464    1.216072 v output72/A (sky130_fd_sc_hd__clkbuf_4)
     1    0.034770    0.057196    0.116219    1.332291 v output72/X (sky130_fd_sc_hd__clkbuf_4)
                                                         S[15] (net)
                      0.057258    0.001598    1.333889 v S[15] (out)
                                              1.333889   data arrival time

                      0.000000    0.000000    0.000000   clock __VIRTUAL_CLK__ (rise edge)
                                  0.000000    0.000000   clock network delay (ideal)
                                  0.250000    0.250000   clock uncertainty
                                  0.000000    0.250000   clock reconvergence pessimism
                                 -0.800000   -0.550000   output external delay
                                             -0.550000   data required time
---------------------------------------------------------------------------------------------
                                             -0.550000   data required time
                                             -1.333889   data arrival time
---------------------------------------------------------------------------------------------
                                              1.883889   slack (MET)


Startpoint: A[2] (input port clocked by __VIRTUAL_CLK__)
Endpoint: S[2] (output port clocked by __VIRTUAL_CLK__)
Path Group: __VIRTUAL_CLK__
Path Type: min

Fanout         Cap        Slew       Delay        Time   Description
---------------------------------------------------------------------------------------------
                      0.000000    0.000000    0.000000   clock __VIRTUAL_CLK__ (rise edge)
                                  0.000000    0.000000   clock network delay (ideal)
                                  0.800000    0.800000 v input external delay
     1    0.003519    0.005768    0.002814    0.802814 v A[2] (in)
                                                         A[2] (net)
                      0.005777    0.000000    0.802814 v input23/A (sky130_fd_sc_hd__clkdlybuf4s25_1)
     4    0.018941    0.102193    0.199339    1.002153 v input23/X (sky130_fd_sc_hd__clkdlybuf4s25_1)
                                                         net23 (net)
                      0.102225    0.001620    1.003773 v _401_/B1 (sky130_fd_sc_hd__o21ai_2)
     2    0.015591    0.075789    0.092677    1.096450 ^ _401_/Y (sky130_fd_sc_hd__o21ai_2)
                                                         _126_ (net)
                      0.075810    0.000956    1.097407 ^ _427_/A2 (sky130_fd_sc_hd__o21ai_2)
     2    0.015421    0.041525    0.053525    1.150932 v _427_/Y (sky130_fd_sc_hd__o21ai_2)
                                                         _152_ (net)
                      0.041542    0.000628    1.151560 v _630_/A (sky130_fd_sc_hd__xor2_2)
     1    0.007318    0.029224    0.111465    1.263024 v _630_/X (sky130_fd_sc_hd__xor2_2)
                                                         net88 (net)
                      0.029238    0.000567    1.263592 v output88/A (sky130_fd_sc_hd__buf_6)
     1    0.035041    0.032816    0.085004    1.348595 v output88/X (sky130_fd_sc_hd__buf_6)
                                                         S[2] (net)
                      0.033053    0.001931    1.350526 v S[2] (out)
                                              1.350526   data arrival time

                      0.000000    0.000000    0.000000   clock __VIRTUAL_CLK__ (rise edge)
                                  0.000000    0.000000   clock network delay (ideal)
                                  0.250000    0.250000   clock uncertainty
                                  0.000000    0.250000   clock reconvergence pessimism
                                 -0.800000   -0.550000   output external delay
                                             -0.550000   data required time
---------------------------------------------------------------------------------------------
                                             -0.550000   data required time
                                             -1.350526   data arrival time
---------------------------------------------------------------------------------------------
                                              1.900526   slack (MET)


Startpoint: A[7] (input port clocked by __VIRTUAL_CLK__)
Endpoint: S[8] (output port clocked by __VIRTUAL_CLK__)
Path Group: __VIRTUAL_CLK__
Path Type: min

Fanout         Cap        Slew       Delay        Time   Description
---------------------------------------------------------------------------------------------
                      0.000000    0.000000    0.000000   clock __VIRTUAL_CLK__ (rise edge)
                                  0.000000    0.000000   clock network delay (ideal)
                                  0.800000    0.800000 ^ input external delay
     1    0.004306    0.019301    0.010687    0.810687 ^ A[7] (in)
                                                         A[7] (net)
                      0.019303    0.000000    0.810687 ^ input30/A (sky130_fd_sc_hd__clkdlybuf4s25_1)
     2    0.009802    0.081195    0.180912    0.991599 ^ input30/X (sky130_fd_sc_hd__clkdlybuf4s25_1)
                                                         net30 (net)
                      0.081197    0.000477    0.992076 ^ _731_/A_N (sky130_fd_sc_hd__nand3b_4)
     4    0.031070    0.081953    0.122235    1.114311 ^ _731_/Y (sky130_fd_sc_hd__nand3b_4)
                                                         _070_ (net)
                      0.082047    0.002098    1.116410 ^ _641_/A1 (sky130_fd_sc_hd__a22oi_4)
     4    0.019172    0.038579    0.055314    1.171723 v _641_/Y (sky130_fd_sc_hd__a22oi_4)
                                                         _342_ (net)
                      0.038691    0.001509    1.173233 v _642_/B1 (sky130_fd_sc_hd__a21oi_2)
     1    0.001956    0.031148    0.038944    1.212176 ^ _642_/Y (sky130_fd_sc_hd__a21oi_2)
                                                         _343_ (net)
                      0.031148    0.000085    1.212261 ^ _644_/A (sky130_fd_sc_hd__or2_2)
     1    0.007139    0.035562    0.071160    1.283421 ^ _644_/X (sky130_fd_sc_hd__or2_2)
                                                         net96 (net)
                      0.035572    0.000533    1.283955 ^ output96/A (sky130_fd_sc_hd__buf_6)
     1    0.035136    0.058712    0.082125    1.366080 ^ output96/X (sky130_fd_sc_hd__buf_6)
                                                         S[8] (net)
                      0.058807    0.001800    1.367879 ^ S[8] (out)
                                              1.367879   data arrival time

                      0.000000    0.000000    0.000000   clock __VIRTUAL_CLK__ (rise edge)
                                  0.000000    0.000000   clock network delay (ideal)
                                  0.250000    0.250000   clock uncertainty
                                  0.000000    0.250000   clock reconvergence pessimism
                                 -0.800000   -0.550000   output external delay
                                             -0.550000   data required time
---------------------------------------------------------------------------------------------
                                             -0.550000   data required time
                                             -1.367879   data arrival time
---------------------------------------------------------------------------------------------
                                              1.917879   slack (MET)


Startpoint: A[12] (input port clocked by __VIRTUAL_CLK__)
Endpoint: S[13] (output port clocked by __VIRTUAL_CLK__)
Path Group: __VIRTUAL_CLK__
Path Type: min

Fanout         Cap        Slew       Delay        Time   Description
---------------------------------------------------------------------------------------------
                      0.000000    0.000000    0.000000   clock __VIRTUAL_CLK__ (rise edge)
                                  0.000000    0.000000   clock network delay (ideal)
                                  0.800000    0.800000 ^ input external delay
     1    0.004274    0.019188    0.010607    0.810607 ^ A[12] (in)
                                                         A[12] (net)
                      0.019190    0.000000    0.810607 ^ input4/A (sky130_fd_sc_hd__clkdlybuf4s25_1)
     3    0.014478    0.115138    0.203120    1.013727 ^ input4/X (sky130_fd_sc_hd__clkdlybuf4s25_1)
                                                         net4 (net)
                      0.115157    0.001424    1.015151 ^ _653_/A1 (sky130_fd_sc_hd__a32o_2)
     1    0.012558    0.064554    0.123818    1.138970 ^ _653_/X (sky130_fd_sc_hd__a32o_2)
                                                         _349_ (net)
                      0.064605    0.000919    1.139889 ^ _654_/B (sky130_fd_sc_hd__xnor2_2)
     1    0.001754    0.019336    0.028401    1.168290 v _654_/Y (sky130_fd_sc_hd__xnor2_2)
                                                         net70 (net)
                      0.019336    0.000077    1.168367 v output70/A (sky130_fd_sc_hd__dlygate4sd1_1)
     1    0.035480    0.119561    0.212029    1.380396 v output70/X (sky130_fd_sc_hd__dlygate4sd1_1)
                                                         S[13] (net)
                      0.119587    0.001613    1.382009 v S[13] (out)
                                              1.382009   data arrival time

                      0.000000    0.000000    0.000000   clock __VIRTUAL_CLK__ (rise edge)
                                  0.000000    0.000000   clock network delay (ideal)
                                  0.250000    0.250000   clock uncertainty
                                  0.000000    0.250000   clock reconvergence pessimism
                                 -0.800000   -0.550000   output external delay
                                             -0.550000   data required time
---------------------------------------------------------------------------------------------
                                             -0.550000   data required time
                                             -1.382009   data arrival time
---------------------------------------------------------------------------------------------
                                              1.932009   slack (MET)


Startpoint: A[0] (input port clocked by __VIRTUAL_CLK__)
Endpoint: S[0] (output port clocked by __VIRTUAL_CLK__)
Path Group: __VIRTUAL_CLK__
Path Type: min

Fanout         Cap        Slew       Delay        Time   Description
---------------------------------------------------------------------------------------------
                      0.000000    0.000000    0.000000   clock __VIRTUAL_CLK__ (rise edge)
                                  0.000000    0.000000   clock network delay (ideal)
                                  0.800000    0.800000 ^ input external delay
     1    0.006676    0.027308    0.016250    0.816250 ^ A[0] (in)
                                                         A[0] (net)
                      0.027311    0.000000    0.816250 ^ input1/A (sky130_fd_sc_hd__clkdlybuf4s25_1)
     4    0.026242    0.200733    0.262121    1.078371 ^ input1/X (sky130_fd_sc_hd__clkdlybuf4s25_1)
                                                         net1 (net)
                      0.200742    0.001473    1.079844 ^ _626_/A (sky130_fd_sc_hd__xor2_2)
     1    0.004124    0.024237    0.048815    1.128659 v _626_/X (sky130_fd_sc_hd__xor2_2)
                                                         net66 (net)
                      0.024256    0.000260    1.128919 v output66/A (sky130_fd_sc_hd__clkdlybuf4s25_1)
     1    0.035901    0.183700    0.264648    1.393567 v output66/X (sky130_fd_sc_hd__clkdlybuf4s25_1)
                                                         S[0] (net)
                      0.183723    0.001947    1.395513 v S[0] (out)
                                              1.395513   data arrival time

                      0.000000    0.000000    0.000000   clock __VIRTUAL_CLK__ (rise edge)
                                  0.000000    0.000000   clock network delay (ideal)
                                  0.250000    0.250000   clock uncertainty
                                  0.000000    0.250000   clock reconvergence pessimism
                                 -0.800000   -0.550000   output external delay
                                             -0.550000   data required time
---------------------------------------------------------------------------------------------
                                             -0.550000   data required time
                                             -1.395513   data arrival time
---------------------------------------------------------------------------------------------
                                              1.945513   slack (MET)


Startpoint: A[12] (input port clocked by __VIRTUAL_CLK__)
Endpoint: S[12] (output port clocked by __VIRTUAL_CLK__)
Path Group: __VIRTUAL_CLK__
Path Type: min

Fanout         Cap        Slew       Delay        Time   Description
---------------------------------------------------------------------------------------------
                      0.000000    0.000000    0.000000   clock __VIRTUAL_CLK__ (rise edge)
                                  0.000000    0.000000   clock network delay (ideal)
                                  0.800000    0.800000 ^ input external delay
     1    0.004274    0.019188    0.010607    0.810607 ^ A[12] (in)
                                                         A[12] (net)
                      0.019190    0.000000    0.810607 ^ input4/A (sky130_fd_sc_hd__clkdlybuf4s25_1)
     3    0.014478    0.115138    0.203120    1.013727 ^ input4/X (sky130_fd_sc_hd__clkdlybuf4s25_1)
                                                         net4 (net)
                      0.115154    0.001328    1.015056 ^ _694_/B1 (sky130_fd_sc_hd__a21o_2)
     2    0.008483    0.038749    0.071976    1.087031 ^ _694_/X (sky130_fd_sc_hd__a21o_2)
                                                         _033_ (net)
                      0.038753    0.000401    1.087432 ^ _695_/B (sky130_fd_sc_hd__and2_2)
     3    0.018520    0.078232    0.117977    1.205409 ^ _695_/X (sky130_fd_sc_hd__and2_2)
                                                         _034_ (net)
                      0.078239    0.000756    1.206165 ^ _652_/A (sky130_fd_sc_hd__xor2_2)
     1    0.005551    0.026035    0.045698    1.251863 v _652_/X (sky130_fd_sc_hd__xor2_2)
                                                         net69 (net)
                      0.026058    0.000415    1.252278 v output69/A (sky130_fd_sc_hd__dlymetal6s4s_1)
     1    0.035102    0.123886    0.223641    1.475919 v output69/X (sky130_fd_sc_hd__dlymetal6s4s_1)
                                                         S[12] (net)
                      0.123917    0.001770    1.477690 v S[12] (out)
                                              1.477690   data arrival time

                      0.000000    0.000000    0.000000   clock __VIRTUAL_CLK__ (rise edge)
                                  0.000000    0.000000   clock network delay (ideal)
                                  0.250000    0.250000   clock uncertainty
                                  0.000000    0.250000   clock reconvergence pessimism
                                 -0.800000   -0.550000   output external delay
                                             -0.550000   data required time
---------------------------------------------------------------------------------------------
                                             -0.550000   data required time
                                             -1.477690   data arrival time
---------------------------------------------------------------------------------------------
                                              2.027690   slack (MET)



