+ define_corners nom_ss_100C_1v60
Reading timing models for corner nom_ss_100C_1v60…
Reading cell library for the 'nom_ss_100C_1v60' corner at '/home/admin/.ciel/ciel/sky130/versions/8afc8346a57fe1ab7934ba5a6056ea8b43078e71/sky130A/libs.ref/sky130_fd_sc_hd/lib/sky130_fd_sc_hd__ss_100C_1v60.lib'…
Reading top-level netlist at '/home/admin/Documents/Projekty/Hobby/Nauka/RISC-5/.v/DDCA/code/exercises/ALUDesignIverilog/ALU/systemIverilog/build/runs/RUN_2026-09-29_09-21-47/51-openroad-fillinsertion/addsub32.nl.v'…
Linking design 'addsub32' from netlist…
Warning: /home/admin/Documents/Projekty/Hobby/Nauka/RISC-5/.v/DDCA/code/exercises/ALUDesignIverilog/ALU/systemIverilog/build/runs/RUN_2026-09-29_09-21-47/51-openroad-fillinsertion/addsub32.nl.v line 527, module sky130_fd_sc_hd__fill_2 not found. Creating black box for FILLER_0_138.
Warning: /home/admin/Documents/Projekty/Hobby/Nauka/RISC-5/.v/DDCA/code/exercises/ALUDesignIverilog/ALU/systemIverilog/build/runs/RUN_2026-09-29_09-21-47/51-openroad-fillinsertion/addsub32.nl.v line 530, module sky130_fd_sc_hd__fill_1 not found. Creating black box for FILLER_0_153.
Warning: /home/admin/Documents/Projekty/Hobby/Nauka/RISC-5/.v/DDCA/code/exercises/ALUDesignIverilog/ALU/systemIverilog/build/runs/RUN_2026-09-29_09-21-47/51-openroad-fillinsertion/addsub32.nl.v line 1635, module sky130_fd_sc_hd__tapvpwrvgnd_1 not found. Creating black box for TAP_TAPCELL_ROW_0_72.
Reading design constraints file at '/nix/store/33pw6r3szpqrlxwi0ri36rfq68whzq26-python3-3.13.9-env/lib/python3.13/site-packages/librelane/scripts/base.sdc'…
Warning: base.sdc line 15, port '__VIRTUAL_CLK__' not found.
[INFO] Using clock __VIRTUAL_CLK__…
[INFO] Setting output delay to: 0.8
[INFO] Setting input delay to: 0.8
Warning: base.sdc line 32, port '__VIRTUAL_CLK__' not found.
[INFO] Setting load to: 0.033442
[INFO] Setting clock uncertainty to: 0.25
[INFO] Setting clock transition to: 0.1499999999999999944488848768742172978818416595458984375
Warning: base.sdc line 69, transition time can not be specified for virtual clocks.
[INFO] Setting timing derate to: 5.0%
Warning: base.sdc line 79, virtual clock __VIRTUAL_CLK__ can not be propagated.
Reading top-level design parasitics for the 'nom_ss_100C_1v60' corner at '/home/admin/Documents/Projekty/Hobby/Nauka/RISC-5/.v/DDCA/code/exercises/ALUDesignIverilog/ALU/systemIverilog/build/runs/RUN_2026-09-29_09-21-47/53-openroad-rcx/nom/addsub32.nom.spef'…
%OL_CREATE_REPORT min.rpt

===========================================================================
report_checks -path_delay min (Hold)
============================================================================
======================= nom_ss_100C_1v60 Corner ===================================

Startpoint: sub (input port clocked by __VIRTUAL_CLK__)
Endpoint: S[1] (output port clocked by __VIRTUAL_CLK__)
Path Group: __VIRTUAL_CLK__
Path Type: min

Fanout         Cap        Slew       Delay        Time   Description
---------------------------------------------------------------------------------------------
                      0.000000    0.000000    0.000000   clock __VIRTUAL_CLK__ (rise edge)
                                  0.000000    0.000000   clock network delay (ideal)
                                  0.800000    0.800000 ^ input external delay
     1    0.011193    0.089308    0.055461    0.855461 ^ sub (in)
                                                         sub (net)
                      0.089310    0.000000    0.855461 ^ input65/A (sky130_fd_sc_hd__buf_12)
     8    0.052746    0.112119    0.215649    1.071110 ^ input65/X (sky130_fd_sc_hd__buf_12)
                                                         net65 (net)
                      0.112144    0.001608    1.072719 ^ fanout106/A (sky130_fd_sc_hd__buf_8)
     3    0.013016    0.057068    0.175118    1.247836 ^ fanout106/X (sky130_fd_sc_hd__buf_8)
                                                         net106 (net)
                      0.057068    0.000142    1.247978 ^ _616_/A0 (sky130_fd_sc_hd__mux2_1)
     1    0.009448    0.155333    0.278769    1.526748 ^ _616_/X (sky130_fd_sc_hd__mux2_1)
                                                         _328_ (net)
                      0.155333    0.000264    1.527012 ^ _617_/A (sky130_fd_sc_hd__xnor2_2)
     1    0.005002    0.078327    0.163538    1.690550 v _617_/Y (sky130_fd_sc_hd__xnor2_2)
                                                         net77 (net)
                      0.078327    0.000143    1.690693 v output77/A (sky130_fd_sc_hd__buf_6)
     1    0.035268    0.077217    0.239179    1.929873 v output77/X (sky130_fd_sc_hd__buf_6)
                                                         S[1] (net)
                      0.077227    0.000839    1.930712 v S[1] (out)
                                              1.930712   data arrival time

                      0.000000    0.000000    0.000000   clock __VIRTUAL_CLK__ (rise edge)
                                  0.000000    0.000000   clock network delay (ideal)
                                  0.250000    0.250000   clock uncertainty
                                  0.000000    0.250000   clock reconvergence pessimism
                                 -0.800000   -0.550000   output external delay
                                             -0.550000   data required time
---------------------------------------------------------------------------------------------
                                             -0.550000   data required time
                                             -1.930712   data arrival time
---------------------------------------------------------------------------------------------
                                              2.480712   slack (MET)


Startpoint: A[31] (input port clocked by __VIRTUAL_CLK__)
Endpoint: carryOut (output port clocked by __VIRTUAL_CLK__)
Path Group: __VIRTUAL_CLK__
Path Type: min

Fanout         Cap        Slew       Delay        Time   Description
---------------------------------------------------------------------------------------------
                      0.000000    0.000000    0.000000   clock __VIRTUAL_CLK__ (rise edge)
                                  0.000000    0.000000   clock network delay (ideal)
                                  0.800000    0.800000 v input external delay
     1    0.004664    0.025790    0.014353    0.814353 v A[31] (in)
                                                         A[31] (net)
                      0.025790    0.000000    0.814353 v input25/A (sky130_fd_sc_hd__clkdlybuf4s25_1)
     2    0.018074    0.258936    0.563995    1.378348 v input25/X (sky130_fd_sc_hd__clkdlybuf4s25_1)
                                                         net25 (net)
                      0.258936    0.000438    1.378786 v _651_/A1_N (sky130_fd_sc_hd__o2bb2ai_4)
     1    0.002981    0.053697    0.298777    1.677564 v _651_/Y (sky130_fd_sc_hd__o2bb2ai_4)
                                                         net98 (net)
                      0.053697    0.000083    1.677647 v output98/A (sky130_fd_sc_hd__buf_4)
     1    0.035942    0.106313    0.285094    1.962741 v output98/X (sky130_fd_sc_hd__buf_4)
                                                         carryOut (net)
                      0.106317    0.000774    1.963516 v carryOut (out)
                                              1.963516   data arrival time

                      0.000000    0.000000    0.000000   clock __VIRTUAL_CLK__ (rise edge)
                                  0.000000    0.000000   clock network delay (ideal)
                                  0.250000    0.250000   clock uncertainty
                                  0.000000    0.250000   clock reconvergence pessimism
                                 -0.800000   -0.550000   output external delay
                                             -0.550000   data required time
---------------------------------------------------------------------------------------------
                                             -0.550000   data required time
                                             -1.963516   data arrival time
---------------------------------------------------------------------------------------------
                                              2.513516   slack (MET)


Startpoint: A[20] (input port clocked by __VIRTUAL_CLK__)
Endpoint: S[21] (output port clocked by __VIRTUAL_CLK__)
Path Group: __VIRTUAL_CLK__
Path Type: min

Fanout         Cap        Slew       Delay        Time   Description
---------------------------------------------------------------------------------------------
                      0.000000    0.000000    0.000000   clock __VIRTUAL_CLK__ (rise edge)
                                  0.000000    0.000000   clock network delay (ideal)
                                  0.800000    0.800000 v input external delay
     1    0.004375    0.024632    0.013505    0.813505 v A[20] (in)
                                                         A[20] (net)
                      0.024642    0.000000    0.813505 v input13/A (sky130_fd_sc_hd__clkdlybuf4s25_1)
     2    0.011592    0.180445    0.503948    1.317453 v input13/X (sky130_fd_sc_hd__clkdlybuf4s25_1)
                                                         net13 (net)
                      0.180445    0.000230    1.317683 v _460_/B1 (sky130_fd_sc_hd__o21ai_4)
     3    0.015396    0.120565    0.165274    1.482958 ^ _460_/Y (sky130_fd_sc_hd__o21ai_4)
                                                         _185_ (net)
                      0.120566    0.000539    1.483496 ^ _479_/B2 (sky130_fd_sc_hd__o2bb2ai_2)
     1    0.004814    0.065555    0.120331    1.603827 v _479_/Y (sky130_fd_sc_hd__o2bb2ai_2)
                                                         _203_ (net)
                      0.065555    0.000139    1.603967 v _481_/B1 (sky130_fd_sc_hd__o21ai_2)
     1    0.009030    0.108851    0.109244    1.713211 ^ _481_/Y (sky130_fd_sc_hd__o21ai_2)
                                                         _205_ (net)
                      0.108851    0.000251    1.713462 ^ _482_/A (sky130_fd_sc_hd__nand2_4)
     1    0.009594    0.062542    0.098073    1.811535 v _482_/Y (sky130_fd_sc_hd__nand2_4)
                                                         net79 (net)
                      0.062550    0.000398    1.811933 v output79/A (sky130_fd_sc_hd__buf_8)
     1    0.036037    0.069853    0.225268    2.037200 v output79/X (sky130_fd_sc_hd__buf_8)
                                                         S[21] (net)
                      0.069876    0.001158    2.038358 v S[21] (out)
                                              2.038358   data arrival time

                      0.000000    0.000000    0.000000   clock __VIRTUAL_CLK__ (rise edge)
                                  0.000000    0.000000   clock network delay (ideal)
                                  0.250000    0.250000   clock uncertainty
                                  0.000000    0.250000   clock reconvergence pessimism
                                 -0.800000   -0.550000   output external delay
                                             -0.550000   data required time
---------------------------------------------------------------------------------------------
                                             -0.550000   data required time
                                             -2.038358   data arrival time
---------------------------------------------------------------------------------------------
                                              2.588358   slack (MET)


Startpoint: A[25] (input port clocked by __VIRTUAL_CLK__)
Endpoint: S[25] (output port clocked by __VIRTUAL_CLK__)
Path Group: __VIRTUAL_CLK__
Path Type: min

Fanout         Cap        Slew       Delay        Time   Description
---------------------------------------------------------------------------------------------
                      0.000000    0.000000    0.000000   clock __VIRTUAL_CLK__ (rise edge)
                                  0.000000    0.000000   clock network delay (ideal)
                                  0.800000    0.800000 v input external delay
     1    0.003375    0.020678    0.010493    0.810493 v A[25] (in)
                                                         A[25] (net)
                      0.020678    0.000000    0.810493 v input18/A (sky130_fd_sc_hd__clkdlybuf4s25_1)
     2    0.006205    0.114397    0.448636    1.259129 v input18/X (sky130_fd_sc_hd__clkdlybuf4s25_1)
                                                         net18 (net)
                      0.114397    0.000079    1.259208 v _535_/B1 (sky130_fd_sc_hd__o21ai_2)
     2    0.013236    0.146276    0.154905    1.414113 ^ _535_/Y (sky130_fd_sc_hd__o21ai_2)
                                                         _255_ (net)
                      0.146276    0.000356    1.414469 ^ _537_/A2 (sky130_fd_sc_hd__o21bai_4)
     4    0.021402    0.122934    0.176302    1.590771 v _537_/Y (sky130_fd_sc_hd__o21bai_4)
                                                         _257_ (net)
                      0.122935    0.000659    1.591430 v _539_/B1 (sky130_fd_sc_hd__o21ai_2)
     1    0.005460    0.086003    0.113561    1.704991 ^ _539_/Y (sky130_fd_sc_hd__o21ai_2)
                                                         _259_ (net)
                      0.086003    0.000167    1.705158 ^ _540_/A (sky130_fd_sc_hd__nand2_2)
     1    0.007078    0.078519    0.103828    1.808987 v _540_/Y (sky130_fd_sc_hd__nand2_2)
                                                         net83 (net)
                      0.078519    0.000272    1.809259 v output83/A (sky130_fd_sc_hd__buf_6)
     1    0.035114    0.077021    0.239168    2.048428 v output83/X (sky130_fd_sc_hd__buf_6)
                                                         S[25] (net)
                      0.077027    0.000690    2.049117 v S[25] (out)
                                              2.049117   data arrival time

                      0.000000    0.000000    0.000000   clock __VIRTUAL_CLK__ (rise edge)
                                  0.000000    0.000000   clock network delay (ideal)
                                  0.250000    0.250000   clock uncertainty
                                  0.000000    0.250000   clock reconvergence pessimism
                                 -0.800000   -0.550000   output external delay
                                             -0.550000   data required time
---------------------------------------------------------------------------------------------
                                             -0.550000   data required time
                                             -2.049117   data arrival time
---------------------------------------------------------------------------------------------
                                              2.599118   slack (MET)


Startpoint: A[28] (input port clocked by __VIRTUAL_CLK__)
Endpoint: S[29] (output port clocked by __VIRTUAL_CLK__)
Path Group: __VIRTUAL_CLK__
Path Type: min

Fanout         Cap        Slew       Delay        Time   Description
---------------------------------------------------------------------------------------------
                      0.000000    0.000000    0.000000   clock __VIRTUAL_CLK__ (rise edge)
                                  0.000000    0.000000   clock network delay (ideal)
                                  0.800000    0.800000 v input external delay
     1    0.004037    0.023286    0.012484    0.812484 v A[28] (in)
                                                         A[28] (net)
                      0.023286    0.000000    0.812484 v input21/A (sky130_fd_sc_hd__clkdlybuf4s25_1)
     3    0.005140    0.101967    0.439045    1.251529 v input21/X (sky130_fd_sc_hd__clkdlybuf4s25_1)
                                                         net21 (net)
                      0.101967    0.000101    1.251629 v _568_/C_N (sky130_fd_sc_hd__nor3b_2)
     2    0.011229    0.077944    0.353228    1.604858 v _568_/Y (sky130_fd_sc_hd__nor3b_2)
                                                         _285_ (net)
                      0.077945    0.000312    1.605170 v _590_/A1 (sky130_fd_sc_hd__o21ai_2)
     1    0.006231    0.085361    0.238723    1.843893 ^ _590_/Y (sky130_fd_sc_hd__o21ai_2)
                                                         net87 (net)
                      0.085361    0.000152    1.844045 ^ output87/A (sky130_fd_sc_hd__buf_6)
     1    0.034603    0.123749    0.218793    2.062838 ^ output87/X (sky130_fd_sc_hd__buf_6)
                                                         S[29] (net)
                      0.123752    0.000809    2.063647 ^ S[29] (out)
                                              2.063647   data arrival time

                      0.000000    0.000000    0.000000   clock __VIRTUAL_CLK__ (rise edge)
                                  0.000000    0.000000   clock network delay (ideal)
                                  0.250000    0.250000   clock uncertainty
                                  0.000000    0.250000   clock reconvergence pessimism
                                 -0.800000   -0.550000   output external delay
                                             -0.550000   data required time
---------------------------------------------------------------------------------------------
                                             -0.550000   data required time
                                             -2.063647   data arrival time
---------------------------------------------------------------------------------------------
                                              2.613647   slack (MET)


Startpoint: A[12] (input port clocked by __VIRTUAL_CLK__)
Endpoint: S[13] (output port clocked by __VIRTUAL_CLK__)
Path Group: __VIRTUAL_CLK__
Path Type: min

Fanout         Cap        Slew       Delay        Time   Description
---------------------------------------------------------------------------------------------
                      0.000000    0.000000    0.000000   clock __VIRTUAL_CLK__ (rise edge)
                                  0.000000    0.000000   clock network delay (ideal)
                                  0.800000    0.800000 ^ input external delay
     1    0.003503    0.036943    0.018527    0.818527 ^ A[12] (in)
                                                         A[12] (net)
                      0.036943    0.000000    0.818527 ^ input4/A (sky130_fd_sc_hd__clkdlybuf4s25_1)
     4    0.018959    0.316667    0.596754    1.415281 ^ input4/X (sky130_fd_sc_hd__clkdlybuf4s25_1)
                                                         net4 (net)
                      0.316667    0.000642    1.415923 ^ _643_/A1 (sky130_fd_sc_hd__a22o_4)
     1    0.008760    0.072092    0.340063    1.755986 ^ _643_/X (sky130_fd_sc_hd__a22o_4)
                                                         _343_ (net)
                      0.072092    0.000241    1.756227 ^ _644_/B (sky130_fd_sc_hd__xnor2_2)
     1    0.005024    0.076189    0.115988    1.872216 v _644_/Y (sky130_fd_sc_hd__xnor2_2)
                                                         net70 (net)
                      0.076189    0.000103    1.872318 v output70/A (sky130_fd_sc_hd__buf_6)
     1    0.034666    0.076450    0.237695    2.110013 v output70/X (sky130_fd_sc_hd__buf_6)
                                                         S[13] (net)
                      0.076455    0.000623    2.110637 v S[13] (out)
                                              2.110637   data arrival time

                      0.000000    0.000000    0.000000   clock __VIRTUAL_CLK__ (rise edge)
                                  0.000000    0.000000   clock network delay (ideal)
                                  0.250000    0.250000   clock uncertainty
                                  0.000000    0.250000   clock reconvergence pessimism
                                 -0.800000   -0.550000   output external delay
                                             -0.550000   data required time
---------------------------------------------------------------------------------------------
                                             -0.550000   data required time
                                             -2.110637   data arrival time
---------------------------------------------------------------------------------------------
                                              2.660637   slack (MET)


Startpoint: A[30] (input port clocked by __VIRTUAL_CLK__)
Endpoint: S[30] (output port clocked by __VIRTUAL_CLK__)
Path Group: __VIRTUAL_CLK__
Path Type: min

Fanout         Cap        Slew       Delay        Time   Description
---------------------------------------------------------------------------------------------
                      0.000000    0.000000    0.000000   clock __VIRTUAL_CLK__ (rise edge)
                                  0.000000    0.000000   clock network delay (ideal)
                                  0.800000    0.800000 ^ input external delay
     1    0.004168    0.041467    0.021875    0.821875 ^ A[30] (in)
                                                         A[30] (net)
                      0.041467    0.000000    0.821875 ^ input24/A (sky130_fd_sc_hd__clkdlybuf4s25_1)
     3    0.005411    0.110979    0.455185    1.277060 ^ input24/X (sky130_fd_sc_hd__clkdlybuf4s25_1)
                                                         net24 (net)
                      0.110979    0.000106    1.277166 ^ _595_/B1_N (sky130_fd_sc_hd__o21bai_2)
     2    0.011145    0.128266    0.239145    1.516312 ^ _595_/Y (sky130_fd_sc_hd__o21bai_2)
                                                         _310_ (net)
                      0.128266    0.000293    1.516605 ^ _596_/B (sky130_fd_sc_hd__nand2_2)
     2    0.008652    0.093179    0.139956    1.656561 v _596_/Y (sky130_fd_sc_hd__nand2_2)
                                                         _311_ (net)
                      0.093179    0.000222    1.656783 v _602_/B1 (sky130_fd_sc_hd__o21ai_2)
     1    0.009494    0.114107    0.123972    1.780756 ^ _602_/Y (sky130_fd_sc_hd__o21ai_2)
                                                         _317_ (net)
                      0.114107    0.000272    1.781028 ^ _604_/B1 (sky130_fd_sc_hd__o21ai_4)
     1    0.007866    0.058996    0.115712    1.896740 v _604_/Y (sky130_fd_sc_hd__o21ai_4)
                                                         net89 (net)
                      0.058997    0.000316    1.897056 v output89/A (sky130_fd_sc_hd__buf_6)
     1    0.035267    0.077188    0.230844    2.127900 v output89/X (sky130_fd_sc_hd__buf_6)
                                                         S[30] (net)
                      0.077196    0.000760    2.128660 v S[30] (out)
                                              2.128660   data arrival time

                      0.000000    0.000000    0.000000   clock __VIRTUAL_CLK__ (rise edge)
                                  0.000000    0.000000   clock network delay (ideal)
                                  0.250000    0.250000   clock uncertainty
                                  0.000000    0.250000   clock reconvergence pessimism
                                 -0.800000   -0.550000   output external delay
                                             -0.550000   data required time
---------------------------------------------------------------------------------------------
                                             -0.550000   data required time
                                             -2.128660   data arrival time
---------------------------------------------------------------------------------------------
                                              2.678660   slack (MET)


Startpoint: A[2] (input port clocked by __VIRTUAL_CLK__)
Endpoint: S[2] (output port clocked by __VIRTUAL_CLK__)
Path Group: __VIRTUAL_CLK__
Path Type: min

Fanout         Cap        Slew       Delay        Time   Description
---------------------------------------------------------------------------------------------
                      0.000000    0.000000    0.000000   clock __VIRTUAL_CLK__ (rise edge)
                                  0.000000    0.000000   clock network delay (ideal)
                                  0.800000    0.800000 v input external delay
     1    0.004329    0.024445    0.013348    0.813348 v A[2] (in)
                                                         A[2] (net)
                      0.024445    0.000000    0.813348 v input23/A (sky130_fd_sc_hd__clkdlybuf4s25_1)
     2    0.011826    0.182886    0.506214    1.319562 v input23/X (sky130_fd_sc_hd__clkdlybuf4s25_1)
                                                         net23 (net)
                      0.182886    0.000226    1.319788 v _397_/B1 (sky130_fd_sc_hd__o21ai_4)
     3    0.012768    0.110437    0.156706    1.476494 ^ _397_/Y (sky130_fd_sc_hd__o21ai_4)
                                                         _126_ (net)
                      0.110437    0.000372    1.476866 ^ _398_/A2 (sky130_fd_sc_hd__o21a_2)
     1    0.010759    0.112886    0.273339    1.750206 ^ _398_/X (sky130_fd_sc_hd__o21a_2)
                                                         _127_ (net)
                      0.112886    0.000348    1.750554 ^ _620_/A (sky130_fd_sc_hd__xor2_2)
     1    0.002511    0.052196    0.125873    1.876427 v _620_/X (sky130_fd_sc_hd__xor2_2)
                                                         net88 (net)
                      0.052196    0.000046    1.876473 v output88/A (sky130_fd_sc_hd__buf_4)
     1    0.035666    0.105763    0.284045    2.160518 v output88/X (sky130_fd_sc_hd__buf_4)
                                                         S[2] (net)
                      0.105766    0.000671    2.161189 v S[2] (out)
                                              2.161189   data arrival time

                      0.000000    0.000000    0.000000   clock __VIRTUAL_CLK__ (rise edge)
                                  0.000000    0.000000   clock network delay (ideal)
                                  0.250000    0.250000   clock uncertainty
                                  0.000000    0.250000   clock reconvergence pessimism
                                 -0.800000   -0.550000   output external delay
                                             -0.550000   data required time
---------------------------------------------------------------------------------------------
                                             -0.550000   data required time
                                             -2.161189   data arrival time
---------------------------------------------------------------------------------------------
                                              2.711189   slack (MET)


Startpoint: A[6] (input port clocked by __VIRTUAL_CLK__)
Endpoint: S[6] (output port clocked by __VIRTUAL_CLK__)
Path Group: __VIRTUAL_CLK__
Path Type: min

Fanout         Cap        Slew       Delay        Time   Description
---------------------------------------------------------------------------------------------
                      0.000000    0.000000    0.000000   clock __VIRTUAL_CLK__ (rise edge)
                                  0.000000    0.000000   clock network delay (ideal)
                                  0.800000    0.800000 v input external delay
     1    0.003819    0.022424    0.011833    0.811833 v A[6] (in)
                                                         A[6] (net)
                      0.022424    0.000000    0.811833 v input29/A (sky130_fd_sc_hd__clkdlybuf4s25_1)
     2    0.008833    0.146288    0.475496    1.287329 v input29/X (sky130_fd_sc_hd__clkdlybuf4s25_1)
                                                         net29 (net)
                      0.146288    0.000258    1.287588 v _730_/B1 (sky130_fd_sc_hd__o21ai_2)
     4    0.025347    0.247301    0.236872    1.524459 ^ _730_/Y (sky130_fd_sc_hd__o21ai_2)
                                                         _077_ (net)
                      0.247303    0.000539    1.524999 ^ _350_/A2 (sky130_fd_sc_hd__o21ai_2)
     1    0.009493    0.103368    0.184589    1.709587 v _350_/Y (sky130_fd_sc_hd__o21ai_2)
                                                         _079_ (net)
                      0.103368    0.000299    1.709886 v _629_/A (sky130_fd_sc_hd__xnor2_2)
     1    0.005124    0.073103    0.251110    1.960996 ^ _629_/Y (sky130_fd_sc_hd__xnor2_2)
                                                         net94 (net)
                      0.073103    0.000097    1.961093 ^ output94/A (sky130_fd_sc_hd__buf_6)
     1    0.035132    0.125301    0.214530    2.175622 ^ output94/X (sky130_fd_sc_hd__buf_6)
                                                         S[6] (net)
                      0.125307    0.000950    2.176572 ^ S[6] (out)
                                              2.176572   data arrival time

                      0.000000    0.000000    0.000000   clock __VIRTUAL_CLK__ (rise edge)
                                  0.000000    0.000000   clock network delay (ideal)
                                  0.250000    0.250000   clock uncertainty
                                  0.000000    0.250000   clock reconvergence pessimism
                                 -0.800000   -0.550000   output external delay
                                             -0.550000   data required time
---------------------------------------------------------------------------------------------
                                             -0.550000   data required time
                                             -2.176572   data arrival time
---------------------------------------------------------------------------------------------
                                              2.726572   slack (MET)


Startpoint: A[15] (input port clocked by __VIRTUAL_CLK__)
Endpoint: S[15] (output port clocked by __VIRTUAL_CLK__)
Path Group: __VIRTUAL_CLK__
Path Type: min

Fanout         Cap        Slew       Delay        Time   Description
---------------------------------------------------------------------------------------------
                      0.000000    0.000000    0.000000   clock __VIRTUAL_CLK__ (rise edge)
                                  0.000000    0.000000   clock network delay (ideal)
                                  0.800000    0.800000 ^ input external delay
     1    0.003734    0.038506    0.019692    0.819692 ^ A[15] (in)
                                                         A[15] (net)
                      0.038506    0.000000    0.819692 ^ input7/A (sky130_fd_sc_hd__clkdlybuf4s25_1)
     2    0.004587    0.098869    0.445162    1.264854 ^ input7/X (sky130_fd_sc_hd__clkdlybuf4s25_1)
                                                         net7 (net)
                      0.098869    0.000112    1.264966 ^ _681_/B1_N (sky130_fd_sc_hd__o21bai_2)
     6    0.026783    0.244625    0.313775    1.578741 ^ _681_/Y (sky130_fd_sc_hd__o21bai_2)
                                                         _028_ (net)
                      0.244625    0.000873    1.579615 ^ _649_/A2 (sky130_fd_sc_hd__a22oi_2)
     1    0.008429    0.120416    0.233796    1.813411 v _649_/Y (sky130_fd_sc_hd__a22oi_2)
                                                         _347_ (net)
                      0.120416    0.000235    1.813646 v _650_/B (sky130_fd_sc_hd__nor2_4)
     1    0.006535    0.119453    0.148830    1.962476 ^ _650_/Y (sky130_fd_sc_hd__nor2_4)
                                                         net72 (net)
                      0.119453    0.000224    1.962700 ^ output72/A (sky130_fd_sc_hd__buf_6)
     1    0.035008    0.125032    0.234391    2.197091 ^ output72/X (sky130_fd_sc_hd__buf_6)
                                                         S[15] (net)
                      0.125035    0.000735    2.197826 ^ S[15] (out)
                                              2.197826   data arrival time

                      0.000000    0.000000    0.000000   clock __VIRTUAL_CLK__ (rise edge)
                                  0.000000    0.000000   clock network delay (ideal)
                                  0.250000    0.250000   clock uncertainty
                                  0.000000    0.250000   clock reconvergence pessimism
                                 -0.800000   -0.550000   output external delay
                                             -0.550000   data required time
---------------------------------------------------------------------------------------------
                                             -0.550000   data required time
                                             -2.197826   data arrival time
---------------------------------------------------------------------------------------------
                                              2.747827   slack (MET)


Startpoint: A[23] (input port clocked by __VIRTUAL_CLK__)
Endpoint: S[23] (output port clocked by __VIRTUAL_CLK__)
Path Group: __VIRTUAL_CLK__
Path Type: min

Fanout         Cap        Slew       Delay        Time   Description
---------------------------------------------------------------------------------------------
                      0.000000    0.000000    0.000000   clock __VIRTUAL_CLK__ (rise edge)
                                  0.000000    0.000000   clock network delay (ideal)
                                  0.800000    0.800000 v input external delay
     1    0.003861    0.022589    0.011955    0.811955 v A[23] (in)
                                                         A[23] (net)
                      0.022589    0.000000    0.811955 v input16/A (sky130_fd_sc_hd__clkdlybuf4s25_1)
     3    0.010394    0.165580    0.491104    1.303059 v input16/X (sky130_fd_sc_hd__clkdlybuf4s25_1)
                                                         net16 (net)
                      0.165580    0.000304    1.303363 v _502_/B1 (sky130_fd_sc_hd__o21ai_2)
     4    0.016967    0.179143    0.198953    1.502316 ^ _502_/Y (sky130_fd_sc_hd__o21ai_2)
                                                         _224_ (net)
                      0.179143    0.000326    1.502642 ^ _505_/A2 (sky130_fd_sc_hd__o21ai_2)
     1    0.008810    0.094004    0.159001    1.661643 v _505_/Y (sky130_fd_sc_hd__o21ai_2)
                                                         _227_ (net)
                      0.094004    0.000187    1.661831 v _512_/B1 (sky130_fd_sc_hd__a21oi_4)
     1    0.010132    0.168142    0.209397    1.871228 ^ _512_/Y (sky130_fd_sc_hd__a21oi_4)
                                                         _234_ (net)
                      0.168142    0.000307    1.871535 ^ _513_/A (sky130_fd_sc_hd__nor2_4)
     1    0.007600    0.051796    0.102437    1.973972 v _513_/Y (sky130_fd_sc_hd__nor2_4)
                                                         net81 (net)
                      0.051796    0.000274    1.974246 v output81/A (sky130_fd_sc_hd__buf_6)
     1    0.035067    0.076926    0.227449    2.201695 v output81/X (sky130_fd_sc_hd__buf_6)
                                                         S[23] (net)
                      0.076937    0.000884    2.202579 v S[23] (out)
                                              2.202579   data arrival time

                      0.000000    0.000000    0.000000   clock __VIRTUAL_CLK__ (rise edge)
                                  0.000000    0.000000   clock network delay (ideal)
                                  0.250000    0.250000   clock uncertainty
                                  0.000000    0.250000   clock reconvergence pessimism
                                 -0.800000   -0.550000   output external delay
                                             -0.550000   data required time
---------------------------------------------------------------------------------------------
                                             -0.550000   data required time
                                             -2.202579   data arrival time
---------------------------------------------------------------------------------------------
                                              2.752579   slack (MET)


Startpoint: A[16] (input port clocked by __VIRTUAL_CLK__)
Endpoint: S[17] (output port clocked by __VIRTUAL_CLK__)
Path Group: __VIRTUAL_CLK__
Path Type: min

Fanout         Cap        Slew       Delay        Time   Description
---------------------------------------------------------------------------------------------
                      0.000000    0.000000    0.000000   clock __VIRTUAL_CLK__ (rise edge)
                                  0.000000    0.000000   clock network delay (ideal)
                                  0.800000    0.800000 v input external delay
     1    0.003901    0.022748    0.012081    0.812081 v A[16] (in)
                                                         A[16] (net)
                      0.022748    0.000000    0.812081 v input8/A (sky130_fd_sc_hd__clkdlybuf4s25_1)
     2    0.008318    0.139976    0.470487    1.282568 v input8/X (sky130_fd_sc_hd__clkdlybuf4s25_1)
                                                         net8 (net)
                      0.139976    0.000235    1.282803 v _657_/C (sky130_fd_sc_hd__nand3b_2)
     4    0.016705    0.161713    0.224767    1.507571 ^ _657_/Y (sky130_fd_sc_hd__nand3b_2)
                                                         _004_ (net)
                      0.161713    0.000465    1.508036 ^ _432_/A1 (sky130_fd_sc_hd__a21bo_2)
     1    0.008909    0.095762    0.298707    1.806743 ^ _432_/X (sky130_fd_sc_hd__a21bo_2)
                                                         _160_ (net)
                      0.095762    0.000173    1.806916 ^ _433_/B (sky130_fd_sc_hd__xor2_2)
     1    0.004569    0.062169    0.119745    1.926661 v _433_/X (sky130_fd_sc_hd__xor2_2)
                                                         net74 (net)
                      0.062169    0.000165    1.926825 v output74/A (sky130_fd_sc_hd__buf_4)
     1    0.035046    0.104472    0.287309    2.214134 v output74/X (sky130_fd_sc_hd__buf_4)
                                                         S[17] (net)
                      0.104479    0.000926    2.215061 v S[17] (out)
                                              2.215061   data arrival time

                      0.000000    0.000000    0.000000   clock __VIRTUAL_CLK__ (rise edge)
                                  0.000000    0.000000   clock network delay (ideal)
                                  0.250000    0.250000   clock uncertainty
                                  0.000000    0.250000   clock reconvergence pessimism
                                 -0.800000   -0.550000   output external delay
                                             -0.550000   data required time
---------------------------------------------------------------------------------------------
                                             -0.550000   data required time
                                             -2.215061   data arrival time
---------------------------------------------------------------------------------------------
                                              2.765061   slack (MET)


Startpoint: A[30] (input port clocked by __VIRTUAL_CLK__)
Endpoint: S[31] (output port clocked by __VIRTUAL_CLK__)
Path Group: __VIRTUAL_CLK__
Path Type: min

Fanout         Cap        Slew       Delay        Time   Description
---------------------------------------------------------------------------------------------
                      0.000000    0.000000    0.000000   clock __VIRTUAL_CLK__ (rise edge)
                                  0.000000    0.000000   clock network delay (ideal)
                                  0.800000    0.800000 ^ input external delay
     1    0.004168    0.041467    0.021875    0.821875 ^ A[30] (in)
                                                         A[30] (net)
                      0.041467    0.000000    0.821875 ^ input24/A (sky130_fd_sc_hd__clkdlybuf4s25_1)
     3    0.005411    0.110979    0.455185    1.277060 ^ input24/X (sky130_fd_sc_hd__clkdlybuf4s25_1)
                                                         net24 (net)
                      0.110979    0.000077    1.277138 ^ _594_/B1_N (sky130_fd_sc_hd__o21ba_2)
     3    0.013185    0.094392    0.337978    1.615116 v _594_/X (sky130_fd_sc_hd__o21ba_2)
                                                         _309_ (net)
                      0.094393    0.000410    1.615526 v _612_/A (sky130_fd_sc_hd__nor2_2)
     1    0.010926    0.229924    0.255115    1.870641 ^ _612_/Y (sky130_fd_sc_hd__nor2_2)
                                                         _326_ (net)
                      0.229924    0.000382    1.871023 ^ _614_/B2 (sky130_fd_sc_hd__a22oi_4)
     1    0.004919    0.076050    0.139706    2.010729 v _614_/Y (sky130_fd_sc_hd__a22oi_4)
                                                         net90 (net)
                      0.076050    0.000142    2.010871 v output90/A (sky130_fd_sc_hd__buf_6)
     1    0.034669    0.076455    0.237544    2.248415 v output90/X (sky130_fd_sc_hd__buf_6)
                                                         S[31] (net)
                      0.076465    0.000828    2.249242 v S[31] (out)
                                              2.249242   data arrival time

                      0.000000    0.000000    0.000000   clock __VIRTUAL_CLK__ (rise edge)
                                  0.000000    0.000000   clock network delay (ideal)
                                  0.250000    0.250000   clock uncertainty
                                  0.000000    0.250000   clock reconvergence pessimism
                                 -0.800000   -0.550000   output external delay
                                             -0.550000   data required time
---------------------------------------------------------------------------------------------
                                             -0.550000   data required time
                                             -2.249242   data arrival time
---------------------------------------------------------------------------------------------
                                              2.799242   slack (MET)


Startpoint: A[16] (input port clocked by __VIRTUAL_CLK__)
Endpoint: S[16] (output port clocked by __VIRTUAL_CLK__)
Path Group: __VIRTUAL_CLK__
Path Type: min

Fanout         Cap        Slew       Delay        Time   Description
---------------------------------------------------------------------------------------------
                      0.000000    0.000000    0.000000   clock __VIRTUAL_CLK__ (rise edge)
                                  0.000000    0.000000   clock network delay (ideal)
                                  0.800000    0.800000 v input external delay
     1    0.003901    0.022748    0.012081    0.812081 v A[16] (in)
                                                         A[16] (net)
                      0.022748    0.000000    0.812081 v input8/A (sky130_fd_sc_hd__clkdlybuf4s25_1)
     2    0.008318    0.139976    0.470487    1.282568 v input8/X (sky130_fd_sc_hd__clkdlybuf4s25_1)
                                                         net8 (net)
                      0.139976    0.000160    1.282728 v _658_/B1_N (sky130_fd_sc_hd__o21bai_4)
     3    0.010214    0.075836    0.338360    1.621088 v _658_/Y (sky130_fd_sc_hd__o21bai_4)
                                                         _005_ (net)
                      0.075837    0.000346    1.621435 v _659_/B (sky130_fd_sc_hd__nand2_2)
     2    0.020481    0.186917    0.184959    1.806394 ^ _659_/Y (sky130_fd_sc_hd__nand2_2)
                                                         _006_ (net)
                      0.186917    0.000473    1.806867 ^ _425_/A (sky130_fd_sc_hd__xor2_2)
     1    0.003178    0.055163    0.157014    1.963880 v _425_/X (sky130_fd_sc_hd__xor2_2)
                                                         net73 (net)
                      0.055163    0.000093    1.963973 v output73/A (sky130_fd_sc_hd__buf_4)
     1    0.035575    0.105498    0.284994    2.248967 v output73/X (sky130_fd_sc_hd__buf_4)
                                                         S[16] (net)
                      0.105510    0.001091    2.250058 v S[16] (out)
                                              2.250058   data arrival time

                      0.000000    0.000000    0.000000   clock __VIRTUAL_CLK__ (rise edge)
                                  0.000000    0.000000   clock network delay (ideal)
                                  0.250000    0.250000   clock uncertainty
                                  0.000000    0.250000   clock reconvergence pessimism
                                 -0.800000   -0.550000   output external delay
                                             -0.550000   data required time
---------------------------------------------------------------------------------------------
                                             -0.550000   data required time
                                             -2.250058   data arrival time
---------------------------------------------------------------------------------------------
                                              2.800058   slack (MET)


Startpoint: A[12] (input port clocked by __VIRTUAL_CLK__)
Endpoint: S[14] (output port clocked by __VIRTUAL_CLK__)
Path Group: __VIRTUAL_CLK__
Path Type: min

Fanout         Cap        Slew       Delay        Time   Description
---------------------------------------------------------------------------------------------
                      0.000000    0.000000    0.000000   clock __VIRTUAL_CLK__ (rise edge)
                                  0.000000    0.000000   clock network delay (ideal)
                                  0.800000    0.800000 ^ input external delay
     1    0.003503    0.036943    0.018527    0.818527 ^ A[12] (in)
                                                         A[12] (net)
                      0.036943    0.000000    0.818527 ^ input4/A (sky130_fd_sc_hd__clkdlybuf4s25_1)
     4    0.018959    0.316667    0.596754    1.415281 ^ input4/X (sky130_fd_sc_hd__clkdlybuf4s25_1)
                                                         net4 (net)
                      0.316667    0.000560    1.415840 ^ _677_/C (sky130_fd_sc_hd__nand3_2)
     2    0.010865    0.180685    0.281221    1.697061 v _677_/Y (sky130_fd_sc_hd__nand3_2)
                                                         _024_ (net)
                      0.180685    0.000284    1.697345 v _645_/C1 (sky130_fd_sc_hd__o211ai_2)
     1    0.009256    0.131343    0.166511    1.863855 ^ _645_/Y (sky130_fd_sc_hd__o211ai_2)
                                                         _344_ (net)
                      0.131343    0.000193    1.864048 ^ _647_/B (sky130_fd_sc_hd__xor2_2)
     1    0.007976    0.076424    0.154768    2.018816 v _647_/X (sky130_fd_sc_hd__xor2_2)
                                                         net71 (net)
                      0.076424    0.000283    2.019100 v output71/A (sky130_fd_sc_hd__buf_6)
     1    0.034447    0.076173    0.237543    2.256643 v output71/X (sky130_fd_sc_hd__buf_6)
                                                         S[14] (net)
                      0.076179    0.000654    2.257297 v S[14] (out)
                                              2.257297   data arrival time

                      0.000000    0.000000    0.000000   clock __VIRTUAL_CLK__ (rise edge)
                                  0.000000    0.000000   clock network delay (ideal)
                                  0.250000    0.250000   clock uncertainty
                                  0.000000    0.250000   clock reconvergence pessimism
                                 -0.800000   -0.550000   output external delay
                                             -0.550000   data required time
---------------------------------------------------------------------------------------------
                                             -0.550000   data required time
                                             -2.257297   data arrival time
---------------------------------------------------------------------------------------------
                                              2.807297   slack (MET)


Startpoint: A[24] (input port clocked by __VIRTUAL_CLK__)
Endpoint: S[26] (output port clocked by __VIRTUAL_CLK__)
Path Group: __VIRTUAL_CLK__
Path Type: min

Fanout         Cap        Slew       Delay        Time   Description
---------------------------------------------------------------------------------------------
                      0.000000    0.000000    0.000000   clock __VIRTUAL_CLK__ (rise edge)
                                  0.000000    0.000000   clock network delay (ideal)
                                  0.800000    0.800000 v input external delay
     1    0.004563    0.025389    0.014057    0.814057 v A[24] (in)
                                                         A[24] (net)
                      0.025390    0.000000    0.814057 v input17/A (sky130_fd_sc_hd__clkdlybuf4s25_1)
     3    0.010390    0.165515    0.492236    1.306293 v input17/X (sky130_fd_sc_hd__clkdlybuf4s25_1)
                                                         net17 (net)
                      0.165515    0.000279    1.306572 v _525_/C (sky130_fd_sc_hd__nand3b_2)
     3    0.017479    0.167583    0.241265    1.547837 ^ _525_/Y (sky130_fd_sc_hd__nand3b_2)
                                                         _246_ (net)
                      0.167583    0.000321    1.548157 ^ _543_/A1 (sky130_fd_sc_hd__a21oi_2)
     3    0.015822    0.080889    0.195037    1.743194 v _543_/Y (sky130_fd_sc_hd__a21oi_2)
                                                         _262_ (net)
                      0.080889    0.000377    1.743571 v _550_/A2 (sky130_fd_sc_hd__o21bai_2)
     1    0.005375    0.087572    0.191187    1.934757 ^ _550_/Y (sky130_fd_sc_hd__o21bai_2)
                                                         _269_ (net)
                      0.087572    0.000158    1.934916 ^ _552_/A (sky130_fd_sc_hd__nand2_2)
     1    0.005424    0.065823    0.094728    2.029644 v _552_/Y (sky130_fd_sc_hd__nand2_2)
                                                         net84 (net)
                      0.065823    0.000123    2.029766 v output84/A (sky130_fd_sc_hd__buf_6)
     1    0.034640    0.076402    0.233161    2.262928 v output84/X (sky130_fd_sc_hd__buf_6)
                                                         S[26] (net)
                      0.076408    0.000659    2.263587 v S[26] (out)
                                              2.263587   data arrival time

                      0.000000    0.000000    0.000000   clock __VIRTUAL_CLK__ (rise edge)
                                  0.000000    0.000000   clock network delay (ideal)
                                  0.250000    0.250000   clock uncertainty
                                  0.000000    0.250000   clock reconvergence pessimism
                                 -0.800000   -0.550000   output external delay
                                             -0.550000   data required time
---------------------------------------------------------------------------------------------
                                             -0.550000   data required time
                                             -2.263587   data arrival time
---------------------------------------------------------------------------------------------
                                              2.813587   slack (MET)


Startpoint: A[8] (input port clocked by __VIRTUAL_CLK__)
Endpoint: S[8] (output port clocked by __VIRTUAL_CLK__)
Path Group: __VIRTUAL_CLK__
Path Type: min

Fanout         Cap        Slew       Delay        Time   Description
---------------------------------------------------------------------------------------------
                      0.000000    0.000000    0.000000   clock __VIRTUAL_CLK__ (rise edge)
                                  0.000000    0.000000   clock network delay (ideal)
                                  0.800000    0.800000 ^ input external delay
     1    0.003953    0.040000    0.020792    0.820792 ^ A[8] (in)
                                                         A[8] (net)
                      0.040000    0.000000    0.820792 ^ input31/A (sky130_fd_sc_hd__clkdlybuf4s25_1)
     2    0.007090    0.135999    0.472533    1.293325 ^ input31/X (sky130_fd_sc_hd__clkdlybuf4s25_1)
                                                         net31 (net)
                      0.135999    0.000169    1.293495 ^ _704_/B1 (sky130_fd_sc_hd__o21a_4)
     2    0.011962    0.087024    0.266265    1.559760 ^ _704_/X (sky130_fd_sc_hd__o21a_4)
                                                         _051_ (net)
                      0.087024    0.000323    1.560083 ^ _705_/A (sky130_fd_sc_hd__nand2_4)
     4    0.021561    0.110087    0.126256    1.686339 v _705_/Y (sky130_fd_sc_hd__nand2_4)
                                                         _052_ (net)
                      0.110126    0.000324    1.686662 v _707_/A (sky130_fd_sc_hd__nand2_2)
     1    0.010598    0.105911    0.134262    1.820924 ^ _707_/Y (sky130_fd_sc_hd__nand2_2)
                                                         _054_ (net)
                      0.105911    0.000336    1.821260 ^ _633_/A (sky130_fd_sc_hd__xnor2_2)
     1    0.002434    0.060766    0.129316    1.950576 v _633_/Y (sky130_fd_sc_hd__xnor2_2)
                                                         net96 (net)
                      0.060766    0.000067    1.950643 v output96/A (sky130_fd_sc_hd__clkbuf_2)
     1    0.035459    0.248864    0.321116    2.271759 v output96/X (sky130_fd_sc_hd__clkbuf_2)
                                                         S[8] (net)
                      0.248865    0.000948    2.272707 v S[8] (out)
                                              2.272707   data arrival time

                      0.000000    0.000000    0.000000   clock __VIRTUAL_CLK__ (rise edge)
                                  0.000000    0.000000   clock network delay (ideal)
                                  0.250000    0.250000   clock uncertainty
                                  0.000000    0.250000   clock reconvergence pessimism
                                 -0.800000   -0.550000   output external delay
                                             -0.550000   data required time
---------------------------------------------------------------------------------------------
                                             -0.550000   data required time
                                             -2.272707   data arrival time
---------------------------------------------------------------------------------------------
                                              2.822707   slack (MET)


Startpoint: A[28] (input port clocked by __VIRTUAL_CLK__)
Endpoint: S[28] (output port clocked by __VIRTUAL_CLK__)
Path Group: __VIRTUAL_CLK__
Path Type: min

Fanout         Cap        Slew       Delay        Time   Description
---------------------------------------------------------------------------------------------
                      0.000000    0.000000    0.000000   clock __VIRTUAL_CLK__ (rise edge)
                                  0.000000    0.000000   clock network delay (ideal)
                                  0.800000    0.800000 ^ input external delay
     1    0.004214    0.041787    0.022102    0.822102 ^ A[28] (in)
                                                         A[28] (net)
                      0.041787    0.000000    0.822102 ^ input21/A (sky130_fd_sc_hd__clkdlybuf4s25_1)
     3    0.005368    0.110351    0.454855    1.276958 ^ input21/X (sky130_fd_sc_hd__clkdlybuf4s25_1)
                                                         net21 (net)
                      0.110351    0.000099    1.277056 ^ _567_/B1_N (sky130_fd_sc_hd__o21bai_2)
     3    0.013007    0.141988    0.248954    1.526010 ^ _567_/Y (sky130_fd_sc_hd__o21bai_2)
                                                         _284_ (net)
                      0.141988    0.000292    1.526302 ^ _580_/A1 (sky130_fd_sc_hd__a21o_2)
     1    0.003368    0.048851    0.241807    1.768109 ^ _580_/X (sky130_fd_sc_hd__a21o_2)
                                                         _297_ (net)
                      0.048854    0.000096    1.768205 ^ _581_/B (sky130_fd_sc_hd__and2b_4)
     1    0.007311    0.085389    0.285517    2.053722 ^ _581_/X (sky130_fd_sc_hd__and2b_4)
                                                         net86 (net)
                      0.085389    0.000266    2.053988 ^ output86/A (sky130_fd_sc_hd__buf_6)
     1    0.035484    0.126325    0.220606    2.274594 ^ output86/X (sky130_fd_sc_hd__buf_6)
                                                         S[28] (net)
                      0.126328    0.000804    2.275398 ^ S[28] (out)
                                              2.275398   data arrival time

                      0.000000    0.000000    0.000000   clock __VIRTUAL_CLK__ (rise edge)
                                  0.000000    0.000000   clock network delay (ideal)
                                  0.250000    0.250000   clock uncertainty
                                  0.000000    0.250000   clock reconvergence pessimism
                                 -0.800000   -0.550000   output external delay
                                             -0.550000   data required time
---------------------------------------------------------------------------------------------
                                             -0.550000   data required time
                                             -2.275398   data arrival time
---------------------------------------------------------------------------------------------
                                              2.825399   slack (MET)


Startpoint: A[26] (input port clocked by __VIRTUAL_CLK__)
Endpoint: S[27] (output port clocked by __VIRTUAL_CLK__)
Path Group: __VIRTUAL_CLK__
Path Type: min

Fanout         Cap        Slew       Delay        Time   Description
---------------------------------------------------------------------------------------------
                      0.000000    0.000000    0.000000   clock __VIRTUAL_CLK__ (rise edge)
                                  0.000000    0.000000   clock network delay (ideal)
                                  0.800000    0.800000 ^ input external delay
     1    0.004603    0.044479    0.024053    0.824053 ^ A[26] (in)
                                                         A[26] (net)
                      0.044479    0.000000    0.824053 ^ input19/A (sky130_fd_sc_hd__clkdlybuf4s25_1)
     2    0.003860    0.088393    0.439414    1.263467 ^ input19/X (sky130_fd_sc_hd__clkdlybuf4s25_1)
                                                         net19 (net)
                      0.088393    0.000078    1.263545 ^ _548_/B1_N (sky130_fd_sc_hd__o21bai_2)
     2    0.009077    0.113368    0.217217    1.480762 ^ _548_/Y (sky130_fd_sc_hd__o21bai_2)
                                                         _267_ (net)
                      0.113368    0.000234    1.480996 ^ _560_/A1 (sky130_fd_sc_hd__a21boi_2)
     2    0.005988    0.085829    0.120344    1.601340 v _560_/Y (sky130_fd_sc_hd__a21boi_2)
                                                         _278_ (net)
                      0.085829    0.000121    1.601461 v rebuffer166/A (sky130_fd_sc_hd__buf_2)
     2    0.010108    0.072694    0.253529    1.854990 v rebuffer166/X (sky130_fd_sc_hd__buf_2)
                                                         net166 (net)
                      0.072694    0.000241    1.855232 v _563_/A (sky130_fd_sc_hd__nand2_2)
     1    0.005086    0.060963    0.087785    1.943017 ^ _563_/Y (sky130_fd_sc_hd__nand2_2)
                                                         _281_ (net)
                      0.060963    0.000101    1.943118 ^ _564_/A2 (sky130_fd_sc_hd__o21ai_2)
     1    0.007970    0.083183    0.112671    2.055790 v _564_/Y (sky130_fd_sc_hd__o21ai_2)
                                                         net85 (net)
                      0.083183    0.000308    2.056098 v output85/A (sky130_fd_sc_hd__buf_6)
     1    0.034544    0.076299    0.240697    2.296795 v output85/X (sky130_fd_sc_hd__buf_6)
                                                         S[27] (net)
                      0.076304    0.000629    2.297423 v S[27] (out)
                                              2.297423   data arrival time

                      0.000000    0.000000    0.000000   clock __VIRTUAL_CLK__ (rise edge)
                                  0.000000    0.000000   clock network delay (ideal)
                                  0.250000    0.250000   clock uncertainty
                                  0.000000    0.250000   clock reconvergence pessimism
                                 -0.800000   -0.550000   output external delay
                                             -0.550000   data required time
---------------------------------------------------------------------------------------------
                                             -0.550000   data required time
                                             -2.297423   data arrival time
---------------------------------------------------------------------------------------------
                                              2.847423   slack (MET)


Startpoint: A[22] (input port clocked by __VIRTUAL_CLK__)
Endpoint: S[22] (output port clocked by __VIRTUAL_CLK__)
Path Group: __VIRTUAL_CLK__
Path Type: min

Fanout         Cap        Slew       Delay        Time   Description
---------------------------------------------------------------------------------------------
                      0.000000    0.000000    0.000000   clock __VIRTUAL_CLK__ (rise edge)
                                  0.000000    0.000000   clock network delay (ideal)
                                  0.800000    0.800000 ^ input external delay
     1    0.004736    0.045387    0.024710    0.824710 ^ A[22] (in)
                                                         A[22] (net)
                      0.045388    0.000000    0.824710 ^ input15/A (sky130_fd_sc_hd__clkdlybuf4s25_1)
     3    0.014700    0.251021    0.555726    1.380436 ^ input15/X (sky130_fd_sc_hd__clkdlybuf4s25_1)
                                                         net15 (net)
                      0.251021    0.000217    1.380654 ^ _493_/B1_N (sky130_fd_sc_hd__o21bai_4)
     4    0.019553    0.137418    0.322490    1.703144 ^ _493_/Y (sky130_fd_sc_hd__o21bai_4)
                                                         _216_ (net)
                      0.137418    0.000406    1.703550 ^ _494_/B (sky130_fd_sc_hd__nand2_2)
     2    0.010676    0.109058    0.154901    1.858451 v _494_/Y (sky130_fd_sc_hd__nand2_2)
                                                         _217_ (net)
                      0.109058    0.000246    1.858697 v _496_/B (sky130_fd_sc_hd__nand2_2)
     1    0.009926    0.097668    0.143596    2.002293 ^ _496_/Y (sky130_fd_sc_hd__nand2_2)
                                                         _219_ (net)
                      0.097668    0.000303    2.002596 ^ _497_/B (sky130_fd_sc_hd__nand2_4)
     1    0.006878    0.051688    0.097486    2.100082 v _497_/Y (sky130_fd_sc_hd__nand2_4)
                                                         net80 (net)
                      0.051689    0.000193    2.100275 v output80/A (sky130_fd_sc_hd__buf_8)
     1    0.034666    0.068139    0.219168    2.319443 v output80/X (sky130_fd_sc_hd__buf_8)
                                                         S[22] (net)
                      0.068150    0.000828    2.320271 v S[22] (out)
                                              2.320271   data arrival time

                      0.000000    0.000000    0.000000   clock __VIRTUAL_CLK__ (rise edge)
                                  0.000000    0.000000   clock network delay (ideal)
                                  0.250000    0.250000   clock uncertainty
                                  0.000000    0.250000   clock reconvergence pessimism
                                 -0.800000   -0.550000   output external delay
                                             -0.550000   data required time
---------------------------------------------------------------------------------------------
                                             -0.550000   data required time
                                             -2.320271   data arrival time
---------------------------------------------------------------------------------------------
                                              2.870271   slack (MET)


Startpoint: A[18] (input port clocked by __VIRTUAL_CLK__)
Endpoint: S[18] (output port clocked by __VIRTUAL_CLK__)
Path Group: __VIRTUAL_CLK__
Path Type: min

Fanout         Cap        Slew       Delay        Time   Description
---------------------------------------------------------------------------------------------
                      0.000000    0.000000    0.000000   clock __VIRTUAL_CLK__ (rise edge)
                                  0.000000    0.000000   clock network delay (ideal)
                                  0.800000    0.800000 ^ input external delay
     1    0.003928    0.039831    0.020667    0.820667 ^ A[18] (in)
                                                         A[18] (net)
                      0.039831    0.000000    0.820667 ^ input10/A (sky130_fd_sc_hd__clkdlybuf4s25_1)
     3    0.018872    0.315375    0.596895    1.417563 ^ input10/X (sky130_fd_sc_hd__clkdlybuf4s25_1)
                                                         net10 (net)
                      0.315375    0.000866    1.418428 ^ _438_/C (sky130_fd_sc_hd__nand3b_2)
     2    0.006509    0.139018    0.250932    1.669361 v _438_/Y (sky130_fd_sc_hd__nand3b_2)
                                                         _165_ (net)
                      0.139018    0.000113    1.669473 v _440_/A (sky130_fd_sc_hd__nand2_2)
     3    0.021483    0.188281    0.205917    1.875390 ^ _440_/Y (sky130_fd_sc_hd__nand2_2)
                                                         _167_ (net)
                      0.188341    0.000450    1.875840 ^ _445_/B (sky130_fd_sc_hd__xor2_2)
     1    0.011362    0.091595    0.197929    2.073769 v _445_/X (sky130_fd_sc_hd__xor2_2)
                                                         net75 (net)
                      0.091597    0.000624    2.074393 v output75/A (sky130_fd_sc_hd__buf_6)
     1    0.036193    0.078397    0.246216    2.320610 v output75/X (sky130_fd_sc_hd__buf_6)
                                                         S[18] (net)
                      0.078412    0.000992    2.321602 v S[18] (out)
                                              2.321602   data arrival time

                      0.000000    0.000000    0.000000   clock __VIRTUAL_CLK__ (rise edge)
                                  0.000000    0.000000   clock network delay (ideal)
                                  0.250000    0.250000   clock uncertainty
                                  0.000000    0.250000   clock reconvergence pessimism
                                 -0.800000   -0.550000   output external delay
                                             -0.550000   data required time
---------------------------------------------------------------------------------------------
                                             -0.550000   data required time
                                             -2.321602   data arrival time
---------------------------------------------------------------------------------------------
                                              2.871602   slack (MET)


Startpoint: A[10] (input port clocked by __VIRTUAL_CLK__)
Endpoint: S[11] (output port clocked by __VIRTUAL_CLK__)
Path Group: __VIRTUAL_CLK__
Path Type: min

Fanout         Cap        Slew       Delay        Time   Description
---------------------------------------------------------------------------------------------
                      0.000000    0.000000    0.000000   clock __VIRTUAL_CLK__ (rise edge)
                                  0.000000    0.000000   clock network delay (ideal)
                                  0.800000    0.800000 ^ input external delay
     1    0.003770    0.038751    0.019873    0.819873 ^ A[10] (in)
                                                         A[10] (net)
                      0.038751    0.000000    0.819873 ^ input2/A (sky130_fd_sc_hd__clkdlybuf4s25_1)
     2    0.008458    0.156568    0.486621    1.306494 ^ input2/X (sky130_fd_sc_hd__clkdlybuf4s25_1)
                                                         net2 (net)
                      0.156568    0.000279    1.306773 ^ _714_/B1 (sky130_fd_sc_hd__o21a_4)
     2    0.015890    0.103713    0.288704    1.595477 ^ _714_/X (sky130_fd_sc_hd__o21a_4)
                                                         _061_ (net)
                      0.103713    0.000277    1.595754 ^ _715_/A (sky130_fd_sc_hd__nand2_4)
     4    0.022912    0.116768    0.136748    1.732502 v _715_/Y (sky130_fd_sc_hd__nand2_4)
                                                         _062_ (net)
                      0.116810    0.000503    1.733006 v _638_/B1 (sky130_fd_sc_hd__o21ai_2)
     1    0.009735    0.118272    0.135904    1.868909 ^ _638_/Y (sky130_fd_sc_hd__o21ai_2)
                                                         _340_ (net)
                      0.118272    0.000237    1.869146 ^ _639_/B (sky130_fd_sc_hd__xor2_2)
     1    0.004953    0.063512    0.131088    2.000234 v _639_/X (sky130_fd_sc_hd__xor2_2)
                                                         net68 (net)
                      0.063512    0.000179    2.000413 v output68/A (sky130_fd_sc_hd__clkbuf_2)
     1    0.036114    0.253143    0.325391    2.325804 v output68/X (sky130_fd_sc_hd__clkbuf_2)
                                                         S[11] (net)
                      0.253144    0.000922    2.326727 v S[11] (out)
                                              2.326727   data arrival time

                      0.000000    0.000000    0.000000   clock __VIRTUAL_CLK__ (rise edge)
                                  0.000000    0.000000   clock network delay (ideal)
                                  0.250000    0.250000   clock uncertainty
                                  0.000000    0.250000   clock reconvergence pessimism
                                 -0.800000   -0.550000   output external delay
                                             -0.550000   data required time
---------------------------------------------------------------------------------------------
                                             -0.550000   data required time
                                             -2.326727   data arrival time
---------------------------------------------------------------------------------------------
                                              2.876726   slack (MET)


Startpoint: A[7] (input port clocked by __VIRTUAL_CLK__)
Endpoint: S[7] (output port clocked by __VIRTUAL_CLK__)
Path Group: __VIRTUAL_CLK__
Path Type: min

Fanout         Cap        Slew       Delay        Time   Description
---------------------------------------------------------------------------------------------
                      0.000000    0.000000    0.000000   clock __VIRTUAL_CLK__ (rise edge)
                                  0.000000    0.000000   clock network delay (ideal)
                                  0.800000    0.800000 v input external delay
     1    0.003682    0.021884    0.011424    0.811424 v A[7] (in)
                                                         A[7] (net)
                      0.021884    0.000000    0.811424 v input30/A (sky130_fd_sc_hd__clkdlybuf4s25_1)
     3    0.007966    0.135672    0.466648    1.278072 v input30/X (sky130_fd_sc_hd__clkdlybuf4s25_1)
                                                         net30 (net)
                      0.135672    0.000179    1.278251 v _373_/B1_N (sky130_fd_sc_hd__a21bo_2)
     2    0.010442    0.107201    0.416577    1.694827 ^ _373_/X (sky130_fd_sc_hd__a21bo_2)
                                                         _102_ (net)
                      0.107201    0.000251    1.695079 ^ _375_/A2 (sky130_fd_sc_hd__o21ai_2)
     1    0.009731    0.097910    0.139555    1.834634 v _375_/Y (sky130_fd_sc_hd__o21ai_2)
                                                         _104_ (net)
                      0.097910    0.000312    1.834946 v _631_/A (sky130_fd_sc_hd__xor2_2)
     1    0.003229    0.116006    0.223614    2.058560 ^ _631_/X (sky130_fd_sc_hd__xor2_2)
                                                         net95 (net)
                      0.116006    0.000095    2.058654 ^ output95/A (sky130_fd_sc_hd__buf_4)
     1    0.035748    0.171359    0.290531    2.349185 ^ output95/X (sky130_fd_sc_hd__buf_4)
                                                         S[7] (net)
                      0.171363    0.001114    2.350298 ^ S[7] (out)
                                              2.350298   data arrival time

                      0.000000    0.000000    0.000000   clock __VIRTUAL_CLK__ (rise edge)
                                  0.000000    0.000000   clock network delay (ideal)
                                  0.250000    0.250000   clock uncertainty
                                  0.000000    0.250000   clock reconvergence pessimism
                                 -0.800000   -0.550000   output external delay
                                             -0.550000   data required time
---------------------------------------------------------------------------------------------
                                             -0.550000   data required time
                                             -2.350298   data arrival time
---------------------------------------------------------------------------------------------
                                              2.900298   slack (MET)


Startpoint: A[19] (input port clocked by __VIRTUAL_CLK__)
Endpoint: S[19] (output port clocked by __VIRTUAL_CLK__)
Path Group: __VIRTUAL_CLK__
Path Type: min

Fanout         Cap        Slew       Delay        Time   Description
---------------------------------------------------------------------------------------------
                      0.000000    0.000000    0.000000   clock __VIRTUAL_CLK__ (rise edge)
                                  0.000000    0.000000   clock network delay (ideal)
                                  0.800000    0.800000 ^ input external delay
     1    0.004114    0.041101    0.021605    0.821605 ^ A[19] (in)
                                                         A[19] (net)
                      0.041101    0.000000    0.821605 ^ input11/A (sky130_fd_sc_hd__clkdlybuf4s25_1)
     4    0.021654    0.358353    0.626440    1.448045 ^ input11/X (sky130_fd_sc_hd__clkdlybuf4s25_1)
                                                         net11 (net)
                      0.358353    0.001020    1.449065 ^ _451_/B (sky130_fd_sc_hd__nand2_2)
     5    0.019826    0.194335    0.283106    1.732171 v _451_/Y (sky130_fd_sc_hd__nand2_2)
                                                         _177_ (net)
                      0.194335    0.000483    1.732654 v _456_/B (sky130_fd_sc_hd__nand4_2)
     1    0.004998    0.095077    0.184283    1.916936 ^ _456_/Y (sky130_fd_sc_hd__nand4_2)
                                                         _182_ (net)
                      0.095077    0.000139    1.917076 ^ _457_/B (sky130_fd_sc_hd__nand2_2)
     1    0.008744    0.091749    0.128885    2.045961 v _457_/Y (sky130_fd_sc_hd__nand2_2)
                                                         net76 (net)
                      0.091749    0.000321    2.046282 v output76/A (sky130_fd_sc_hd__clkbuf_4)
     1    0.034574    0.139992    0.319437    2.365719 v output76/X (sky130_fd_sc_hd__clkbuf_4)
                                                         S[19] (net)
                      0.139993    0.000692    2.366411 v S[19] (out)
                                              2.366411   data arrival time

                      0.000000    0.000000    0.000000   clock __VIRTUAL_CLK__ (rise edge)
                                  0.000000    0.000000   clock network delay (ideal)
                                  0.250000    0.250000   clock uncertainty
                                  0.000000    0.250000   clock reconvergence pessimism
                                 -0.800000   -0.550000   output external delay
                                             -0.550000   data required time
---------------------------------------------------------------------------------------------
                                             -0.550000   data required time
                                             -2.366411   data arrival time
---------------------------------------------------------------------------------------------
                                              2.916411   slack (MET)


Startpoint: A[3] (input port clocked by __VIRTUAL_CLK__)
Endpoint: S[3] (output port clocked by __VIRTUAL_CLK__)
Path Group: __VIRTUAL_CLK__
Path Type: min

Fanout         Cap        Slew       Delay        Time   Description
---------------------------------------------------------------------------------------------
                      0.000000    0.000000    0.000000   clock __VIRTUAL_CLK__ (rise edge)
                                  0.000000    0.000000   clock network delay (ideal)
                                  0.800000    0.800000 ^ input external delay
     1    0.005540    0.050867    0.028754    0.828754 ^ A[3] (in)
                                                         A[3] (net)
                      0.050867    0.000000    0.828754 ^ input26/A (sky130_fd_sc_hd__clkdlybuf4s25_1)
     2    0.015882    0.269285    0.570161    1.398916 ^ input26/X (sky130_fd_sc_hd__clkdlybuf4s25_1)
                                                         net26 (net)
                      0.269285    0.000568    1.399484 ^ _403_/B1_N (sky130_fd_sc_hd__o21bai_2)
     3    0.013491    0.146269    0.320320    1.719804 ^ _403_/Y (sky130_fd_sc_hd__o21bai_2)
                                                         _132_ (net)
                      0.146269    0.000328    1.720132 ^ _404_/B1 (sky130_fd_sc_hd__o21ai_2)
     2    0.011227    0.110048    0.165811    1.885943 v _404_/Y (sky130_fd_sc_hd__o21ai_2)
                                                         _133_ (net)
                      0.110048    0.000302    1.886245 v _622_/B (sky130_fd_sc_hd__nand3_2)
     1    0.004971    0.069056    0.125017    2.011262 ^ _622_/Y (sky130_fd_sc_hd__nand3_2)
                                                         _332_ (net)
                      0.069056    0.000097    2.011359 ^ _623_/B (sky130_fd_sc_hd__nand2b_2)
     1    0.006583    0.082384    0.114037    2.125396 v _623_/Y (sky130_fd_sc_hd__nand2b_2)
                                                         net91 (net)
                      0.082384    0.000180    2.125576 v output91/A (sky130_fd_sc_hd__buf_6)
     1    0.034797    0.076621    0.240511    2.366087 v output91/X (sky130_fd_sc_hd__buf_6)
                                                         S[3] (net)
                      0.076631    0.000830    2.366917 v S[3] (out)
                                              2.366917   data arrival time

                      0.000000    0.000000    0.000000   clock __VIRTUAL_CLK__ (rise edge)
                                  0.000000    0.000000   clock network delay (ideal)
                                  0.250000    0.250000   clock uncertainty
                                  0.000000    0.250000   clock reconvergence pessimism
                                 -0.800000   -0.550000   output external delay
                                             -0.550000   data required time
---------------------------------------------------------------------------------------------
                                             -0.550000   data required time
                                             -2.366917   data arrival time
---------------------------------------------------------------------------------------------
                                              2.916917   slack (MET)


Startpoint: A[12] (input port clocked by __VIRTUAL_CLK__)
Endpoint: S[12] (output port clocked by __VIRTUAL_CLK__)
Path Group: __VIRTUAL_CLK__
Path Type: min

Fanout         Cap        Slew       Delay        Time   Description
---------------------------------------------------------------------------------------------
                      0.000000    0.000000    0.000000   clock __VIRTUAL_CLK__ (rise edge)
                                  0.000000    0.000000   clock network delay (ideal)
                                  0.800000    0.800000 v input external delay
     1    0.003326    0.020488    0.010347    0.810347 v A[12] (in)
                                                         A[12] (net)
                      0.020488    0.000000    0.810347 v input4/A (sky130_fd_sc_hd__clkdlybuf4s25_1)
     4    0.017955    0.257600    0.560681    1.371028 v input4/X (sky130_fd_sc_hd__clkdlybuf4s25_1)
                                                         net4 (net)
                      0.257600    0.000409    1.371437 v _675_/B1 (sky130_fd_sc_hd__o21ai_2)
     2    0.009440    0.133737    0.193604    1.565041 ^ _675_/Y (sky130_fd_sc_hd__o21ai_2)
                                                         _022_ (net)
                      0.133737    0.000203    1.565243 ^ _687_/A2 (sky130_fd_sc_hd__o21a_2)
     5    0.029396    0.256131    0.387336    1.952580 ^ _687_/X (sky130_fd_sc_hd__o21a_2)
                                                         _034_ (net)
                      0.256132    0.001025    1.953605 ^ _642_/A (sky130_fd_sc_hd__xor2_2)
     1    0.006979    0.071949    0.204340    2.157945 v _642_/X (sky130_fd_sc_hd__xor2_2)
                                                         net69 (net)
                      0.071949    0.000264    2.158209 v output69/A (sky130_fd_sc_hd__buf_6)
     1    0.035143    0.077051    0.236238    2.394447 v output69/X (sky130_fd_sc_hd__buf_6)
                                                         S[12] (net)
                      0.077064    0.000939    2.395386 v S[12] (out)
                                              2.395386   data arrival time

                      0.000000    0.000000    0.000000   clock __VIRTUAL_CLK__ (rise edge)
                                  0.000000    0.000000   clock network delay (ideal)
                                  0.250000    0.250000   clock uncertainty
                                  0.000000    0.250000   clock reconvergence pessimism
                                 -0.800000   -0.550000   output external delay
                                             -0.550000   data required time
---------------------------------------------------------------------------------------------
                                             -0.550000   data required time
                                             -2.395386   data arrival time
---------------------------------------------------------------------------------------------
                                              2.945386   slack (MET)


Startpoint: A[4] (input port clocked by __VIRTUAL_CLK__)
Endpoint: S[4] (output port clocked by __VIRTUAL_CLK__)
Path Group: __VIRTUAL_CLK__
Path Type: min

Fanout         Cap        Slew       Delay        Time   Description
---------------------------------------------------------------------------------------------
                      0.000000    0.000000    0.000000   clock __VIRTUAL_CLK__ (rise edge)
                                  0.000000    0.000000   clock network delay (ideal)
                                  0.800000    0.800000 v input external delay
     1    0.002998    0.019218    0.009371    0.809371 v A[4] (in)
                                                         A[4] (net)
                      0.019218    0.000000    0.809371 v input27/A (sky130_fd_sc_hd__clkdlybuf4s25_1)
     3    0.014505    0.214083    0.529017    1.338388 v input27/X (sky130_fd_sc_hd__clkdlybuf4s25_1)
                                                         net27 (net)
                      0.214083    0.000401    1.338789 v _364_/B1 (sky130_fd_sc_hd__o21ai_4)
     2    0.012989    0.114427    0.171457    1.510246 ^ _364_/Y (sky130_fd_sc_hd__o21ai_4)
                                                         _093_ (net)
                      0.114427    0.000146    1.510392 ^ rebuffer129/A (sky130_fd_sc_hd__buf_2)
     2    0.008831    0.087288    0.215038    1.725430 ^ rebuffer129/X (sky130_fd_sc_hd__buf_2)
                                                         net129 (net)
                      0.087288    0.000160    1.725590 ^ _368_/A2 (sky130_fd_sc_hd__o21a_2)
     1    0.009958    0.106796    0.260154    1.985744 ^ _368_/X (sky130_fd_sc_hd__o21a_2)
                                                         _097_ (net)
                      0.106796    0.000301    1.986045 ^ _625_/A (sky130_fd_sc_hd__xnor2_2)
     1    0.007542    0.100207    0.163380    2.149425 v _625_/Y (sky130_fd_sc_hd__xnor2_2)
                                                         net92 (net)
                      0.100207    0.000296    2.149720 v output92/A (sky130_fd_sc_hd__buf_6)
     1    0.034775    0.076589    0.248709    2.398430 v output92/X (sky130_fd_sc_hd__buf_6)
                                                         S[4] (net)
                      0.076599    0.000846    2.399275 v S[4] (out)
                                              2.399275   data arrival time

                      0.000000    0.000000    0.000000   clock __VIRTUAL_CLK__ (rise edge)
                                  0.000000    0.000000   clock network delay (ideal)
                                  0.250000    0.250000   clock uncertainty
                                  0.000000    0.250000   clock reconvergence pessimism
                                 -0.800000   -0.550000   output external delay
                                             -0.550000   data required time
---------------------------------------------------------------------------------------------
                                             -0.550000   data required time
                                             -2.399275   data arrival time
---------------------------------------------------------------------------------------------
                                              2.949275   slack (MET)


Startpoint: A[0] (input port clocked by __VIRTUAL_CLK__)
Endpoint: S[0] (output port clocked by __VIRTUAL_CLK__)
Path Group: __VIRTUAL_CLK__
Path Type: min

Fanout         Cap        Slew       Delay        Time   Description
---------------------------------------------------------------------------------------------
                      0.000000    0.000000    0.000000   clock __VIRTUAL_CLK__ (rise edge)
                                  0.000000    0.000000   clock network delay (ideal)
                                  0.800000    0.800000 ^ input external delay
     1    0.005022    0.047337    0.026140    0.826140 ^ A[0] (in)
                                                         A[0] (net)
                      0.047337    0.000000    0.826140 ^ input1/A (sky130_fd_sc_hd__clkdlybuf4s25_1)
     4    0.022015    0.363847    0.633030    1.459170 ^ input1/X (sky130_fd_sc_hd__clkdlybuf4s25_1)
                                                         net1 (net)
                      0.363847    0.000675    1.459845 ^ _615_/A (sky130_fd_sc_hd__xor2_2)
     1    0.004155    0.061327    0.217321    1.677166 v _615_/X (sky130_fd_sc_hd__xor2_2)
                                                         net66 (net)
                      0.061327    0.000141    1.677306 v output66/A (sky130_fd_sc_hd__clkdlybuf4s25_1)
     1    0.037216    0.501102    0.751822    2.429129 v output66/X (sky130_fd_sc_hd__clkdlybuf4s25_1)
                                                         S[0] (net)
                      0.501102    0.001036    2.430165 v S[0] (out)
                                              2.430165   data arrival time

                      0.000000    0.000000    0.000000   clock __VIRTUAL_CLK__ (rise edge)
                                  0.000000    0.000000   clock network delay (ideal)
                                  0.250000    0.250000   clock uncertainty
                                  0.000000    0.250000   clock reconvergence pessimism
                                 -0.800000   -0.550000   output external delay
                                             -0.550000   data required time
---------------------------------------------------------------------------------------------
                                             -0.550000   data required time
                                             -2.430165   data arrival time
---------------------------------------------------------------------------------------------
                                              2.980165   slack (MET)


Startpoint: A[4] (input port clocked by __VIRTUAL_CLK__)
Endpoint: S[5] (output port clocked by __VIRTUAL_CLK__)
Path Group: __VIRTUAL_CLK__
Path Type: min

Fanout         Cap        Slew       Delay        Time   Description
---------------------------------------------------------------------------------------------
                      0.000000    0.000000    0.000000   clock __VIRTUAL_CLK__ (rise edge)
                                  0.000000    0.000000   clock network delay (ideal)
                                  0.800000    0.800000 v input external delay
     1    0.002998    0.019218    0.009371    0.809371 v A[4] (in)
                                                         A[4] (net)
                      0.019218    0.000000    0.809371 v input27/A (sky130_fd_sc_hd__clkdlybuf4s25_1)
     3    0.014505    0.214083    0.529017    1.338388 v input27/X (sky130_fd_sc_hd__clkdlybuf4s25_1)
                                                         net27 (net)
                      0.214083    0.000401    1.338789 v _364_/B1 (sky130_fd_sc_hd__o21ai_4)
     2    0.012989    0.114427    0.171457    1.510246 ^ _364_/Y (sky130_fd_sc_hd__o21ai_4)
                                                         _093_ (net)
                      0.114427    0.000146    1.510392 ^ rebuffer129/A (sky130_fd_sc_hd__buf_2)
     2    0.008831    0.087288    0.215038    1.725430 ^ rebuffer129/X (sky130_fd_sc_hd__buf_2)
                                                         net129 (net)
                      0.087288    0.000170    1.725600 ^ _626_/A2 (sky130_fd_sc_hd__o22a_4)
     3    0.021318    0.127497    0.308486    2.034086 ^ _626_/X (sky130_fd_sc_hd__o22a_4)
                                                         _334_ (net)
                      0.127508    0.001169    2.035255 ^ _627_/B (sky130_fd_sc_hd__xnor2_2)
     1    0.002577    0.058460    0.117202    2.152457 v _627_/Y (sky130_fd_sc_hd__xnor2_2)
                                                         net93 (net)
                      0.058460    0.000048    2.152505 v output93/A (sky130_fd_sc_hd__buf_4)
     1    0.034553    0.103651    0.284948    2.437453 v output93/X (sky130_fd_sc_hd__buf_4)
                                                         S[5] (net)
                      0.103655    0.000746    2.438198 v S[5] (out)
                                              2.438198   data arrival time

                      0.000000    0.000000    0.000000   clock __VIRTUAL_CLK__ (rise edge)
                                  0.000000    0.000000   clock network delay (ideal)
                                  0.250000    0.250000   clock uncertainty
                                  0.000000    0.250000   clock reconvergence pessimism
                                 -0.800000   -0.550000   output external delay
                                             -0.550000   data required time
---------------------------------------------------------------------------------------------
                                             -0.550000   data required time
                                             -2.438198   data arrival time
---------------------------------------------------------------------------------------------
                                              2.988198   slack (MET)


Startpoint: A[24] (input port clocked by __VIRTUAL_CLK__)
Endpoint: S[24] (output port clocked by __VIRTUAL_CLK__)
Path Group: __VIRTUAL_CLK__
Path Type: min

Fanout         Cap        Slew       Delay        Time   Description
---------------------------------------------------------------------------------------------
                      0.000000    0.000000    0.000000   clock __VIRTUAL_CLK__ (rise edge)
                                  0.000000    0.000000   clock network delay (ideal)
                                  0.800000    0.800000 v input external delay
     1    0.004563    0.025389    0.014057    0.814057 v A[24] (in)
                                                         A[24] (net)
                      0.025390    0.000000    0.814057 v input17/A (sky130_fd_sc_hd__clkdlybuf4s25_1)
     3    0.010390    0.165515    0.492236    1.306293 v input17/X (sky130_fd_sc_hd__clkdlybuf4s25_1)
                                                         net17 (net)
                      0.165515    0.000279    1.306572 v _525_/C (sky130_fd_sc_hd__nand3b_2)
     3    0.017479    0.167583    0.241265    1.547837 ^ _525_/Y (sky130_fd_sc_hd__nand3b_2)
                                                         _246_ (net)
                      0.167583    0.000352    1.548189 ^ _527_/A (sky130_fd_sc_hd__nand2_2)
     5    0.030194    0.262172    0.267522    1.815711 v _527_/Y (sky130_fd_sc_hd__nand2_2)
                                                         _248_ (net)
                      0.262176    0.000799    1.816510 v _530_/B1 (sky130_fd_sc_hd__o211ai_2)
     1    0.002870    0.072656    0.177106    1.993616 ^ _530_/Y (sky130_fd_sc_hd__o211ai_2)
                                                         _251_ (net)
                      0.072656    0.000079    1.993695 ^ _531_/B (sky130_fd_sc_hd__and2_4)
     1    0.008966    0.085828    0.283288    2.276983 ^ _531_/X (sky130_fd_sc_hd__and2_4)
                                                         net82 (net)
                      0.085850    0.000388    2.277371 ^ output82/A (sky130_fd_sc_hd__buf_6)
     1    0.035574    0.126611    0.220875    2.498246 ^ output82/X (sky130_fd_sc_hd__buf_6)
                                                         S[24] (net)
                      0.126617    0.001001    2.499247 ^ S[24] (out)
                                              2.499247   data arrival time

                      0.000000    0.000000    0.000000   clock __VIRTUAL_CLK__ (rise edge)
                                  0.000000    0.000000   clock network delay (ideal)
                                  0.250000    0.250000   clock uncertainty
                                  0.000000    0.250000   clock reconvergence pessimism
                                 -0.800000   -0.550000   output external delay
                                             -0.550000   data required time
---------------------------------------------------------------------------------------------
                                             -0.550000   data required time
                                             -2.499247   data arrival time
---------------------------------------------------------------------------------------------
                                              3.049247   slack (MET)


Startpoint: A[9] (input port clocked by __VIRTUAL_CLK__)
Endpoint: S[9] (output port clocked by __VIRTUAL_CLK__)
Path Group: __VIRTUAL_CLK__
Path Type: min

Fanout         Cap        Slew       Delay        Time   Description
---------------------------------------------------------------------------------------------
                      0.000000    0.000000    0.000000   clock __VIRTUAL_CLK__ (rise edge)
                                  0.000000    0.000000   clock network delay (ideal)
                                  0.800000    0.800000 ^ input external delay
     1    0.005022    0.047342    0.026193    0.826193 ^ A[9] (in)
                                                         A[9] (net)
                      0.047343    0.000000    0.826193 ^ input32/A (sky130_fd_sc_hd__clkdlybuf4s25_1)
     3    0.007604    0.143705    0.481027    1.307220 ^ input32/X (sky130_fd_sc_hd__clkdlybuf4s25_1)
                                                         net32 (net)
                      0.143705    0.000147    1.307367 ^ _697_/B1_N (sky130_fd_sc_hd__o21bai_4)
     3    0.017125    0.126970    0.268132    1.575499 ^ _697_/Y (sky130_fd_sc_hd__o21bai_4)
                                                         _044_ (net)
                      0.126971    0.000338    1.575836 ^ _700_/A (sky130_fd_sc_hd__nand2_2)
     1    0.008731    0.096780    0.128926    1.704762 v _700_/Y (sky130_fd_sc_hd__nand2_2)
                                                         _047_ (net)
                      0.096780    0.000242    1.705005 v _635_/A (sky130_fd_sc_hd__xnor2_2)
     1    0.001888    0.051518    0.205625    1.910630 ^ _635_/Y (sky130_fd_sc_hd__xnor2_2)
                                                         net97 (net)
                      0.051518    0.000050    1.910680 ^ output97/A (sky130_fd_sc_hd__dlymetal6s4s_1)
     1    0.035291    0.550328    0.608786    2.519465 ^ output97/X (sky130_fd_sc_hd__dlymetal6s4s_1)
                                                         S[9] (net)
                      0.550328    0.000887    2.520352 ^ S[9] (out)
                                              2.520352   data arrival time

                      0.000000    0.000000    0.000000   clock __VIRTUAL_CLK__ (rise edge)
                                  0.000000    0.000000   clock network delay (ideal)
                                  0.250000    0.250000   clock uncertainty
                                  0.000000    0.250000   clock reconvergence pessimism
                                 -0.800000   -0.550000   output external delay
                                             -0.550000   data required time
---------------------------------------------------------------------------------------------
                                             -0.550000   data required time
                                             -2.520352   data arrival time
---------------------------------------------------------------------------------------------
                                              3.070353   slack (MET)


Startpoint: A[20] (input port clocked by __VIRTUAL_CLK__)
Endpoint: S[20] (output port clocked by __VIRTUAL_CLK__)
Path Group: __VIRTUAL_CLK__
Path Type: min

Fanout         Cap        Slew       Delay        Time   Description
---------------------------------------------------------------------------------------------
                      0.000000    0.000000    0.000000   clock __VIRTUAL_CLK__ (rise edge)
                                  0.000000    0.000000   clock network delay (ideal)
                                  0.800000    0.800000 v input external delay
     1    0.004375    0.024632    0.013505    0.813505 v A[20] (in)
                                                         A[20] (net)
                      0.024642    0.000000    0.813505 v input13/A (sky130_fd_sc_hd__clkdlybuf4s25_1)
     2    0.011592    0.180445    0.503948    1.317453 v input13/X (sky130_fd_sc_hd__clkdlybuf4s25_1)
                                                         net13 (net)
                      0.180445    0.000201    1.317654 v _462_/B1_N (sky130_fd_sc_hd__o21ba_2)
     2    0.016912    0.172336    0.584458    1.902112 ^ _462_/X (sky130_fd_sc_hd__o21ba_2)
                                                         _187_ (net)
                      0.172336    0.000482    1.902595 ^ _463_/B (sky130_fd_sc_hd__nor2_2)
     4    0.034675    0.154048    0.191748    2.094342 v _463_/Y (sky130_fd_sc_hd__nor2_2)
                                                         _188_ (net)
                      0.154059    0.001340    2.095683 v _471_/A (sky130_fd_sc_hd__xor2_4)
     1    0.005711    0.137648    0.266895    2.362578 ^ _471_/X (sky130_fd_sc_hd__xor2_4)
                                                         net78 (net)
                      0.137648    0.000125    2.362703 ^ output78/A (sky130_fd_sc_hd__buf_6)
     1    0.035199    0.125670    0.242538    2.605241 ^ output78/X (sky130_fd_sc_hd__buf_6)
                                                         S[20] (net)
                      0.125675    0.000913    2.606153 ^ S[20] (out)
                                              2.606153   data arrival time

                      0.000000    0.000000    0.000000   clock __VIRTUAL_CLK__ (rise edge)
                                  0.000000    0.000000   clock network delay (ideal)
                                  0.250000    0.250000   clock uncertainty
                                  0.000000    0.250000   clock reconvergence pessimism
                                 -0.800000   -0.550000   output external delay
                                             -0.550000   data required time
---------------------------------------------------------------------------------------------
                                             -0.550000   data required time
                                             -2.606153   data arrival time
---------------------------------------------------------------------------------------------
                                              3.156154   slack (MET)


Startpoint: A[10] (input port clocked by __VIRTUAL_CLK__)
Endpoint: S[10] (output port clocked by __VIRTUAL_CLK__)
Path Group: __VIRTUAL_CLK__
Path Type: min

Fanout         Cap        Slew       Delay        Time   Description
---------------------------------------------------------------------------------------------
                      0.000000    0.000000    0.000000   clock __VIRTUAL_CLK__ (rise edge)
                                  0.000000    0.000000   clock network delay (ideal)
                                  0.800000    0.800000 ^ input external delay
     1    0.003770    0.038751    0.019873    0.819873 ^ A[10] (in)
                                                         A[10] (net)
                      0.038751    0.000000    0.819873 ^ input2/A (sky130_fd_sc_hd__clkdlybuf4s25_1)
     2    0.008458    0.156568    0.486621    1.306494 ^ input2/X (sky130_fd_sc_hd__clkdlybuf4s25_1)
                                                         net2 (net)
                      0.156568    0.000220    1.306714 ^ _713_/A_N (sky130_fd_sc_hd__nand3b_2)
     3    0.019953    0.185998    0.313520    1.620234 ^ _713_/Y (sky130_fd_sc_hd__nand3b_2)
                                                         _060_ (net)
                      0.185998    0.000493    1.620727 ^ _716_/A (sky130_fd_sc_hd__nand2_2)
     2    0.013995    0.134399    0.182596    1.803323 v _716_/Y (sky130_fd_sc_hd__nand2_2)
                                                         _063_ (net)
                      0.134400    0.000528    1.803851 v _637_/A (sky130_fd_sc_hd__xor2_2)
     1    0.004150    0.131153    0.250073    2.053924 ^ _637_/X (sky130_fd_sc_hd__xor2_2)
                                                         net67 (net)
                      0.131153    0.000142    2.054066 ^ output67/A (sky130_fd_sc_hd__dlymetal6s4s_1)
     1    0.036102    0.562119    0.650949    2.705015 ^ output67/X (sky130_fd_sc_hd__dlymetal6s4s_1)
                                                         S[10] (net)
                      0.562119    0.001098    2.706112 ^ S[10] (out)
                                              2.706112   data arrival time

                      0.000000    0.000000    0.000000   clock __VIRTUAL_CLK__ (rise edge)
                                  0.000000    0.000000   clock network delay (ideal)
                                  0.250000    0.250000   clock uncertainty
                                  0.000000    0.250000   clock reconvergence pessimism
                                 -0.800000   -0.550000   output external delay
                                             -0.550000   data required time
---------------------------------------------------------------------------------------------
                                             -0.550000   data required time
                                             -2.706112   data arrival time
---------------------------------------------------------------------------------------------
                                              3.256112   slack (MET)



%OL_END_REPORT
%OL_CREATE_REPORT max.rpt

===========================================================================
report_checks -path_delay max (Setup)
============================================================================
======================= nom_ss_100C_1v60 Corner ===================================

Startpoint: sub (input port clocked by __VIRTUAL_CLK__)
Endpoint: S[22] (output port clocked by __VIRTUAL_CLK__)
Path Group: __VIRTUAL_CLK__
Path Type: max

Fanout         Cap        Slew       Delay        Time   Description
---------------------------------------------------------------------------------------------
                      0.000000    0.000000    0.000000   clock __VIRTUAL_CLK__ (rise edge)
                                  0.000000    0.000000   clock network delay (ideal)
                                  0.800000    0.800000 v input external delay
     1    0.010389    0.048956    0.034197    0.834197 v sub (in)
                                                         sub (net)
                      0.048958    0.000000    0.834197 v input65/A (sky130_fd_sc_hd__buf_12)
     8    0.051003    0.071234    0.256452    1.090650 v input65/X (sky130_fd_sc_hd__buf_12)
                                                         net65 (net)
                      0.071260    0.001699    1.092349 v fanout106/A (sky130_fd_sc_hd__buf_8)
     3    0.012133    0.043717    0.223010    1.315359 v fanout106/X (sky130_fd_sc_hd__buf_8)
                                                         net106 (net)
                      0.043717    0.000323    1.315682 v fanout102/A (sky130_fd_sc_hd__buf_8)
     2    0.011542    0.043282    0.208978    1.524659 v fanout102/X (sky130_fd_sc_hd__buf_8)
                                                         net102 (net)
                      0.043282    0.000447    1.525106 v load_slew103/A (sky130_fd_sc_hd__buf_8)
     5    0.025549    0.057509    0.226629    1.751735 v load_slew103/X (sky130_fd_sc_hd__buf_8)
                                                         net103 (net)
                      0.057521    0.000849    1.752585 v fanout100/A (sky130_fd_sc_hd__buf_8)
     5    0.022981    0.054618    0.230274    1.982859 v fanout100/X (sky130_fd_sc_hd__buf_8)
                                                         net100 (net)
                      0.054624    0.000580    1.983439 v load_slew101/A (sky130_fd_sc_hd__buf_8)
     4    0.020419    0.051929    0.225590    2.209028 v load_slew101/X (sky130_fd_sc_hd__buf_8)
                                                         net101 (net)
                      0.051957    0.000526    2.209555 v _364_/A2 (sky130_fd_sc_hd__o21ai_4)
     2    0.012989    0.241972    0.254691    2.464246 ^ _364_/Y (sky130_fd_sc_hd__o21ai_4)
                                                         _093_ (net)
                      0.241972    0.000480    2.464726 ^ _365_/B1 (sky130_fd_sc_hd__a21oi_4)
     2    0.004870    0.100510    0.109605    2.574331 v _365_/Y (sky130_fd_sc_hd__a21oi_4)
                                                         _094_ (net)
                      0.100510    0.000131    2.574462 v _376_/A_N (sky130_fd_sc_hd__nand4b_4)
     2    0.011575    0.189500    0.378764    2.953226 v _376_/Y (sky130_fd_sc_hd__nand4b_4)
                                                         _105_ (net)
                      0.189500    0.000316    2.953542 v _377_/A (sky130_fd_sc_hd__nor2_4)
     3    0.023764    0.280842    0.362247    3.315789 ^ _377_/Y (sky130_fd_sc_hd__nor2_4)
                                                         _106_ (net)
                      0.280842    0.000908    3.316698 ^ _410_/A (sky130_fd_sc_hd__nand4_4)
     3    0.020635    0.267186    0.320639    3.637337 v _410_/Y (sky130_fd_sc_hd__nand4_4)
                                                         _139_ (net)
                      0.267186    0.000689    3.638026 v _415_/C (sky130_fd_sc_hd__nand3_4)
     3    0.028781    0.190248    0.304038    3.942064 ^ _415_/Y (sky130_fd_sc_hd__nand3_4)
                                                         _144_ (net)
                      0.190248    0.000782    3.942845 ^ _424_/B1 (sky130_fd_sc_hd__o22ai_4)
     2    0.015697    0.141555    0.215060    4.157905 v _424_/Y (sky130_fd_sc_hd__o22ai_4)
                                                         _153_ (net)
                      0.141556    0.000907    4.158812 v _470_/B1 (sky130_fd_sc_hd__o22ai_4)
     7    0.044272    0.589288    0.547976    4.706788 ^ _470_/Y (sky130_fd_sc_hd__o22ai_4)
                                                         _195_ (net)
                      0.589299    0.002091    4.708879 ^ rebuffer124/A (sky130_fd_sc_hd__buf_6)
     1    0.005508    0.052206    0.363799    5.072677 ^ rebuffer124/X (sky130_fd_sc_hd__buf_6)
                                                         net124 (net)
                      0.052206    0.000186    5.072863 ^ _495_/A1 (sky130_fd_sc_hd__a211o_4)
     1    0.009791    0.072209    0.246451    5.319314 ^ _495_/X (sky130_fd_sc_hd__a211o_4)
                                                         _218_ (net)
                      0.072210    0.000335    5.319649 ^ _497_/A (sky130_fd_sc_hd__nand2_4)
     1    0.006878    0.054199    0.085603    5.405252 v _497_/Y (sky130_fd_sc_hd__nand2_4)
                                                         net80 (net)
                      0.054200    0.000213    5.405465 v output80/A (sky130_fd_sc_hd__buf_8)
     1    0.034666    0.068126    0.243442    5.648907 v output80/X (sky130_fd_sc_hd__buf_8)
                                                         S[22] (net)
                      0.068137    0.000915    5.649822 v S[22] (out)
                                              5.649822   data arrival time

                      0.000000    4.000000    4.000000   clock __VIRTUAL_CLK__ (rise edge)
                                  0.000000    4.000000   clock network delay (ideal)
                                 -0.250000    3.750000   clock uncertainty
                                  0.000000    3.750000   clock reconvergence pessimism
                                 -0.800000    2.950000   output external delay
                                              2.950000   data required time
---------------------------------------------------------------------------------------------
                                              2.950000   data required time
                                             -5.649822   data arrival time
---------------------------------------------------------------------------------------------
                                             -2.699822   slack (VIOLATED)


Startpoint: sub (input port clocked by __VIRTUAL_CLK__)
Endpoint: S[20] (output port clocked by __VIRTUAL_CLK__)
Path Group: __VIRTUAL_CLK__
Path Type: max

Fanout         Cap        Slew       Delay        Time   Description
---------------------------------------------------------------------------------------------
                      0.000000    0.000000    0.000000   clock __VIRTUAL_CLK__ (rise edge)
                                  0.000000    0.000000   clock network delay (ideal)
                                  0.800000    0.800000 v input external delay
     1    0.010389    0.048956    0.034197    0.834197 v sub (in)
                                                         sub (net)
                      0.048958    0.000000    0.834197 v input65/A (sky130_fd_sc_hd__buf_12)
     8    0.051003    0.071234    0.256452    1.090650 v input65/X (sky130_fd_sc_hd__buf_12)
                                                         net65 (net)
                      0.071260    0.001699    1.092349 v fanout106/A (sky130_fd_sc_hd__buf_8)
     3    0.012133    0.043717    0.223010    1.315359 v fanout106/X (sky130_fd_sc_hd__buf_8)
                                                         net106 (net)
                      0.043717    0.000323    1.315682 v fanout102/A (sky130_fd_sc_hd__buf_8)
     2    0.011542    0.043282    0.208978    1.524659 v fanout102/X (sky130_fd_sc_hd__buf_8)
                                                         net102 (net)
                      0.043282    0.000447    1.525106 v load_slew103/A (sky130_fd_sc_hd__buf_8)
     5    0.025549    0.057509    0.226629    1.751735 v load_slew103/X (sky130_fd_sc_hd__buf_8)
                                                         net103 (net)
                      0.057521    0.000849    1.752585 v fanout100/A (sky130_fd_sc_hd__buf_8)
     5    0.022981    0.054618    0.230274    1.982859 v fanout100/X (sky130_fd_sc_hd__buf_8)
                                                         net100 (net)
                      0.054624    0.000580    1.983439 v load_slew101/A (sky130_fd_sc_hd__buf_8)
     4    0.020419    0.051929    0.225590    2.209028 v load_slew101/X (sky130_fd_sc_hd__buf_8)
                                                         net101 (net)
                      0.051957    0.000526    2.209555 v _364_/A2 (sky130_fd_sc_hd__o21ai_4)
     2    0.012989    0.241972    0.254691    2.464246 ^ _364_/Y (sky130_fd_sc_hd__o21ai_4)
                                                         _093_ (net)
                      0.241972    0.000480    2.464726 ^ _365_/B1 (sky130_fd_sc_hd__a21oi_4)
     2    0.004870    0.100510    0.109605    2.574331 v _365_/Y (sky130_fd_sc_hd__a21oi_4)
                                                         _094_ (net)
                      0.100510    0.000131    2.574462 v _376_/A_N (sky130_fd_sc_hd__nand4b_4)
     2    0.011575    0.189500    0.378764    2.953226 v _376_/Y (sky130_fd_sc_hd__nand4b_4)
                                                         _105_ (net)
                      0.189500    0.000316    2.953542 v _377_/A (sky130_fd_sc_hd__nor2_4)
     3    0.023764    0.280842    0.362247    3.315789 ^ _377_/Y (sky130_fd_sc_hd__nor2_4)
                                                         _106_ (net)
                      0.280842    0.000908    3.316698 ^ _410_/A (sky130_fd_sc_hd__nand4_4)
     3    0.020635    0.267186    0.320639    3.637337 v _410_/Y (sky130_fd_sc_hd__nand4_4)
                                                         _139_ (net)
                      0.267186    0.000689    3.638026 v _415_/C (sky130_fd_sc_hd__nand3_4)
     3    0.028781    0.190248    0.304038    3.942064 ^ _415_/Y (sky130_fd_sc_hd__nand3_4)
                                                         _144_ (net)
                      0.190248    0.000782    3.942845 ^ _424_/B1 (sky130_fd_sc_hd__o22ai_4)
     2    0.015697    0.141555    0.215060    4.157905 v _424_/Y (sky130_fd_sc_hd__o22ai_4)
                                                         _153_ (net)
                      0.141556    0.000907    4.158812 v _470_/B1 (sky130_fd_sc_hd__o22ai_4)
     7    0.044272    0.589288    0.547976    4.706788 ^ _470_/Y (sky130_fd_sc_hd__o22ai_4)
                                                         _195_ (net)
                      0.589292    0.001258    4.708045 ^ rebuffer122/A (sky130_fd_sc_hd__buf_6)
     1    0.016895    0.081062    0.396184    5.104229 ^ rebuffer122/X (sky130_fd_sc_hd__buf_6)
                                                         net122 (net)
                      0.081064    0.000599    5.104828 ^ _471_/B (sky130_fd_sc_hd__xor2_4)
     1    0.005711    0.165307    0.253735    5.358562 ^ _471_/X (sky130_fd_sc_hd__xor2_4)
                                                         net78 (net)
                      0.165307    0.000138    5.358701 ^ output78/A (sky130_fd_sc_hd__buf_6)
     1    0.035199    0.125757    0.281275    5.639976 ^ output78/X (sky130_fd_sc_hd__buf_6)
                                                         S[20] (net)
                      0.125762    0.001009    5.640984 ^ S[20] (out)
                                              5.640984   data arrival time

                      0.000000    4.000000    4.000000   clock __VIRTUAL_CLK__ (rise edge)
                                  0.000000    4.000000   clock network delay (ideal)
                                 -0.250000    3.750000   clock uncertainty
                                  0.000000    3.750000   clock reconvergence pessimism
                                 -0.800000    2.950000   output external delay
                                              2.950000   data required time
---------------------------------------------------------------------------------------------
                                              2.950000   data required time
                                             -5.640984   data arrival time
---------------------------------------------------------------------------------------------
                                             -2.690984   slack (VIOLATED)


Startpoint: sub (input port clocked by __VIRTUAL_CLK__)
Endpoint: S[23] (output port clocked by __VIRTUAL_CLK__)
Path Group: __VIRTUAL_CLK__
Path Type: max

Fanout         Cap        Slew       Delay        Time   Description
---------------------------------------------------------------------------------------------
                      0.000000    0.000000    0.000000   clock __VIRTUAL_CLK__ (rise edge)
                                  0.000000    0.000000   clock network delay (ideal)
                                  0.800000    0.800000 v input external delay
     1    0.010389    0.048956    0.034197    0.834197 v sub (in)
                                                         sub (net)
                      0.048958    0.000000    0.834197 v input65/A (sky130_fd_sc_hd__buf_12)
     8    0.051003    0.071234    0.256452    1.090650 v input65/X (sky130_fd_sc_hd__buf_12)
                                                         net65 (net)
                      0.071260    0.001699    1.092349 v fanout106/A (sky130_fd_sc_hd__buf_8)
     3    0.012133    0.043717    0.223010    1.315359 v fanout106/X (sky130_fd_sc_hd__buf_8)
                                                         net106 (net)
                      0.043717    0.000323    1.315682 v fanout102/A (sky130_fd_sc_hd__buf_8)
     2    0.011542    0.043282    0.208978    1.524659 v fanout102/X (sky130_fd_sc_hd__buf_8)
                                                         net102 (net)
                      0.043282    0.000447    1.525106 v load_slew103/A (sky130_fd_sc_hd__buf_8)
     5    0.025549    0.057509    0.226629    1.751735 v load_slew103/X (sky130_fd_sc_hd__buf_8)
                                                         net103 (net)
                      0.057521    0.000849    1.752585 v fanout100/A (sky130_fd_sc_hd__buf_8)
     5    0.022981    0.054618    0.230274    1.982859 v fanout100/X (sky130_fd_sc_hd__buf_8)
                                                         net100 (net)
                      0.054624    0.000580    1.983439 v load_slew101/A (sky130_fd_sc_hd__buf_8)
     4    0.020419    0.051929    0.225590    2.209028 v load_slew101/X (sky130_fd_sc_hd__buf_8)
                                                         net101 (net)
                      0.051957    0.000526    2.209555 v _364_/A2 (sky130_fd_sc_hd__o21ai_4)
     2    0.012989    0.241972    0.254691    2.464246 ^ _364_/Y (sky130_fd_sc_hd__o21ai_4)
                                                         _093_ (net)
                      0.241972    0.000480    2.464726 ^ _365_/B1 (sky130_fd_sc_hd__a21oi_4)
     2    0.004870    0.100510    0.109605    2.574331 v _365_/Y (sky130_fd_sc_hd__a21oi_4)
                                                         _094_ (net)
                      0.100510    0.000131    2.574462 v _376_/A_N (sky130_fd_sc_hd__nand4b_4)
     2    0.011575    0.189500    0.378764    2.953226 v _376_/Y (sky130_fd_sc_hd__nand4b_4)
                                                         _105_ (net)
                      0.189500    0.000316    2.953542 v _377_/A (sky130_fd_sc_hd__nor2_4)
     3    0.023764    0.280842    0.362247    3.315789 ^ _377_/Y (sky130_fd_sc_hd__nor2_4)
                                                         _106_ (net)
                      0.280842    0.000908    3.316698 ^ _410_/A (sky130_fd_sc_hd__nand4_4)
     3    0.020635    0.267186    0.320639    3.637337 v _410_/Y (sky130_fd_sc_hd__nand4_4)
                                                         _139_ (net)
                      0.267186    0.000689    3.638026 v _415_/C (sky130_fd_sc_hd__nand3_4)
     3    0.028781    0.190248    0.304038    3.942064 ^ _415_/Y (sky130_fd_sc_hd__nand3_4)
                                                         _144_ (net)
                      0.190248    0.000782    3.942845 ^ _424_/B1 (sky130_fd_sc_hd__o22ai_4)
     2    0.015697    0.141555    0.215060    4.157905 v _424_/Y (sky130_fd_sc_hd__o22ai_4)
                                                         _153_ (net)
                      0.141556    0.000907    4.158812 v _470_/B1 (sky130_fd_sc_hd__o22ai_4)
     7    0.044272    0.589288    0.547976    4.706788 ^ _470_/Y (sky130_fd_sc_hd__o22ai_4)
                                                         _195_ (net)
                      0.589297    0.001882    4.708670 ^ rebuffer123/A (sky130_fd_sc_hd__buf_6)
     1    0.010035    0.063849    0.377869    5.086539 ^ rebuffer123/X (sky130_fd_sc_hd__buf_6)
                                                         net123 (net)
                      0.063849    0.000361    5.086900 ^ _511_/A1 (sky130_fd_sc_hd__a211oi_4)
     1    0.008974    0.104293    0.117280    5.204180 v _511_/Y (sky130_fd_sc_hd__a211oi_4)
                                                         _233_ (net)
                      0.104293    0.000304    5.204484 v _513_/B (sky130_fd_sc_hd__nor2_4)
     1    0.007979    0.132619    0.167978    5.372462 ^ _513_/Y (sky130_fd_sc_hd__nor2_4)
                                                         net81 (net)
                      0.132619    0.000321    5.372783 ^ output81/A (sky130_fd_sc_hd__buf_6)
     1    0.035067    0.125262    0.265390    5.638172 ^ output81/X (sky130_fd_sc_hd__buf_6)
                                                         S[23] (net)
                      0.125266    0.000977    5.639149 ^ S[23] (out)
                                              5.639149   data arrival time

                      0.000000    4.000000    4.000000   clock __VIRTUAL_CLK__ (rise edge)
                                  0.000000    4.000000   clock network delay (ideal)
                                 -0.250000    3.750000   clock uncertainty
                                  0.000000    3.750000   clock reconvergence pessimism
                                 -0.800000    2.950000   output external delay
                                              2.950000   data required time
---------------------------------------------------------------------------------------------
                                              2.950000   data required time
                                             -5.639149   data arrival time
---------------------------------------------------------------------------------------------
                                             -2.689149   slack (VIOLATED)


Startpoint: sub (input port clocked by __VIRTUAL_CLK__)
Endpoint: S[21] (output port clocked by __VIRTUAL_CLK__)
Path Group: __VIRTUAL_CLK__
Path Type: max

Fanout         Cap        Slew       Delay        Time   Description
---------------------------------------------------------------------------------------------
                      0.000000    0.000000    0.000000   clock __VIRTUAL_CLK__ (rise edge)
                                  0.000000    0.000000   clock network delay (ideal)
                                  0.800000    0.800000 v input external delay
     1    0.010389    0.048956    0.034197    0.834197 v sub (in)
                                                         sub (net)
                      0.048958    0.000000    0.834197 v input65/A (sky130_fd_sc_hd__buf_12)
     8    0.051003    0.071234    0.256452    1.090650 v input65/X (sky130_fd_sc_hd__buf_12)
                                                         net65 (net)
                      0.071260    0.001699    1.092349 v fanout106/A (sky130_fd_sc_hd__buf_8)
     3    0.012133    0.043717    0.223010    1.315359 v fanout106/X (sky130_fd_sc_hd__buf_8)
                                                         net106 (net)
                      0.043717    0.000323    1.315682 v fanout102/A (sky130_fd_sc_hd__buf_8)
     2    0.011542    0.043282    0.208978    1.524659 v fanout102/X (sky130_fd_sc_hd__buf_8)
                                                         net102 (net)
                      0.043282    0.000447    1.525106 v load_slew103/A (sky130_fd_sc_hd__buf_8)
     5    0.025549    0.057509    0.226629    1.751735 v load_slew103/X (sky130_fd_sc_hd__buf_8)
                                                         net103 (net)
                      0.057521    0.000849    1.752585 v fanout100/A (sky130_fd_sc_hd__buf_8)
     5    0.022981    0.054618    0.230274    1.982859 v fanout100/X (sky130_fd_sc_hd__buf_8)
                                                         net100 (net)
                      0.054624    0.000580    1.983439 v load_slew101/A (sky130_fd_sc_hd__buf_8)
     4    0.020419    0.051929    0.225590    2.209028 v load_slew101/X (sky130_fd_sc_hd__buf_8)
                                                         net101 (net)
                      0.051957    0.000526    2.209555 v _364_/A2 (sky130_fd_sc_hd__o21ai_4)
     2    0.012989    0.241972    0.254691    2.464246 ^ _364_/Y (sky130_fd_sc_hd__o21ai_4)
                                                         _093_ (net)
                      0.241972    0.000480    2.464726 ^ _365_/B1 (sky130_fd_sc_hd__a21oi_4)
     2    0.004870    0.100510    0.109605    2.574331 v _365_/Y (sky130_fd_sc_hd__a21oi_4)
                                                         _094_ (net)
                      0.100510    0.000131    2.574462 v _376_/A_N (sky130_fd_sc_hd__nand4b_4)
     2    0.011575    0.189500    0.378764    2.953226 v _376_/Y (sky130_fd_sc_hd__nand4b_4)
                                                         _105_ (net)
                      0.189500    0.000316    2.953542 v _377_/A (sky130_fd_sc_hd__nor2_4)
     3    0.023764    0.280842    0.362247    3.315789 ^ _377_/Y (sky130_fd_sc_hd__nor2_4)
                                                         _106_ (net)
                      0.280842    0.000908    3.316698 ^ _410_/A (sky130_fd_sc_hd__nand4_4)
     3    0.020635    0.267186    0.320639    3.637337 v _410_/Y (sky130_fd_sc_hd__nand4_4)
                                                         _139_ (net)
                      0.267186    0.000689    3.638026 v _415_/C (sky130_fd_sc_hd__nand3_4)
     3    0.028781    0.190248    0.304038    3.942064 ^ _415_/Y (sky130_fd_sc_hd__nand3_4)
                                                         _144_ (net)
                      0.190248    0.000782    3.942845 ^ _424_/B1 (sky130_fd_sc_hd__o22ai_4)
     2    0.015697    0.141555    0.215060    4.157905 v _424_/Y (sky130_fd_sc_hd__o22ai_4)
                                                         _153_ (net)
                      0.141556    0.000907    4.158812 v _470_/B1 (sky130_fd_sc_hd__o22ai_4)
     7    0.044272    0.589288    0.547976    4.706788 ^ _470_/Y (sky130_fd_sc_hd__o22ai_4)
                                                         _195_ (net)
                      0.589293    0.001420    4.708208 ^ _480_/A1 (sky130_fd_sc_hd__a211o_2)
     1    0.009551    0.103274    0.514301    5.222509 ^ _480_/X (sky130_fd_sc_hd__a211o_2)
                                                         _204_ (net)
                      0.103274    0.000294    5.222803 ^ _482_/B (sky130_fd_sc_hd__nand2_4)
     1    0.009594    0.085577    0.118569    5.341372 v _482_/Y (sky130_fd_sc_hd__nand2_4)
                                                         net79 (net)
                      0.085578    0.000440    5.341812 v output79/A (sky130_fd_sc_hd__buf_8)
     1    0.036037    0.069769    0.260200    5.602012 v output79/X (sky130_fd_sc_hd__buf_8)
                                                         S[21] (net)
                      0.069793    0.001279    5.603292 v S[21] (out)
                                              5.603292   data arrival time

                      0.000000    4.000000    4.000000   clock __VIRTUAL_CLK__ (rise edge)
                                  0.000000    4.000000   clock network delay (ideal)
                                 -0.250000    3.750000   clock uncertainty
                                  0.000000    3.750000   clock reconvergence pessimism
                                 -0.800000    2.950000   output external delay
                                              2.950000   data required time
---------------------------------------------------------------------------------------------
                                              2.950000   data required time
                                             -5.603292   data arrival time
---------------------------------------------------------------------------------------------
                                             -2.653292   slack (VIOLATED)


Startpoint: sub (input port clocked by __VIRTUAL_CLK__)
Endpoint: S[17] (output port clocked by __VIRTUAL_CLK__)
Path Group: __VIRTUAL_CLK__
Path Type: max

Fanout         Cap        Slew       Delay        Time   Description
---------------------------------------------------------------------------------------------
                      0.000000    0.000000    0.000000   clock __VIRTUAL_CLK__ (rise edge)
                                  0.000000    0.000000   clock network delay (ideal)
                                  0.800000    0.800000 v input external delay
     1    0.010389    0.048956    0.034197    0.834197 v sub (in)
                                                         sub (net)
                      0.048958    0.000000    0.834197 v input65/A (sky130_fd_sc_hd__buf_12)
     8    0.051003    0.071234    0.256452    1.090650 v input65/X (sky130_fd_sc_hd__buf_12)
                                                         net65 (net)
                      0.071260    0.001699    1.092349 v fanout106/A (sky130_fd_sc_hd__buf_8)
     3    0.012133    0.043717    0.223010    1.315359 v fanout106/X (sky130_fd_sc_hd__buf_8)
                                                         net106 (net)
                      0.043717    0.000323    1.315682 v fanout102/A (sky130_fd_sc_hd__buf_8)
     2    0.011542    0.043282    0.208978    1.524659 v fanout102/X (sky130_fd_sc_hd__buf_8)
                                                         net102 (net)
                      0.043282    0.000447    1.525106 v load_slew103/A (sky130_fd_sc_hd__buf_8)
     5    0.025549    0.057509    0.226629    1.751735 v load_slew103/X (sky130_fd_sc_hd__buf_8)
                                                         net103 (net)
                      0.057521    0.000849    1.752585 v fanout100/A (sky130_fd_sc_hd__buf_8)
     5    0.022981    0.054618    0.230274    1.982859 v fanout100/X (sky130_fd_sc_hd__buf_8)
                                                         net100 (net)
                      0.054624    0.000580    1.983439 v load_slew101/A (sky130_fd_sc_hd__buf_8)
     4    0.020419    0.051929    0.225590    2.209028 v load_slew101/X (sky130_fd_sc_hd__buf_8)
                                                         net101 (net)
                      0.051957    0.000526    2.209555 v _364_/A2 (sky130_fd_sc_hd__o21ai_4)
     2    0.012989    0.241972    0.254691    2.464246 ^ _364_/Y (sky130_fd_sc_hd__o21ai_4)
                                                         _093_ (net)
                      0.241972    0.000480    2.464726 ^ _365_/B1 (sky130_fd_sc_hd__a21oi_4)
     2    0.004870    0.100510    0.109605    2.574331 v _365_/Y (sky130_fd_sc_hd__a21oi_4)
                                                         _094_ (net)
                      0.100510    0.000131    2.574462 v _376_/A_N (sky130_fd_sc_hd__nand4b_4)
     2    0.011575    0.189500    0.378764    2.953226 v _376_/Y (sky130_fd_sc_hd__nand4b_4)
                                                         _105_ (net)
                      0.189500    0.000316    2.953542 v _377_/A (sky130_fd_sc_hd__nor2_4)
     3    0.023764    0.280842    0.362247    3.315789 ^ _377_/Y (sky130_fd_sc_hd__nor2_4)
                                                         _106_ (net)
                      0.280842    0.000908    3.316698 ^ _410_/A (sky130_fd_sc_hd__nand4_4)
     3    0.020635    0.267186    0.320639    3.637337 v _410_/Y (sky130_fd_sc_hd__nand4_4)
                                                         _139_ (net)
                      0.267186    0.000689    3.638026 v _415_/C (sky130_fd_sc_hd__nand3_4)
     3    0.028781    0.190248    0.304038    3.942064 ^ _415_/Y (sky130_fd_sc_hd__nand3_4)
                                                         _144_ (net)
                      0.190248    0.000782    3.942845 ^ _424_/B1 (sky130_fd_sc_hd__o22ai_4)
     2    0.015697    0.141555    0.215060    4.157905 v _424_/Y (sky130_fd_sc_hd__o22ai_4)
                                                         _153_ (net)
                      0.141556    0.000774    4.158679 v rebuffer126/A (sky130_fd_sc_hd__buf_2)
     3    0.018920    0.105912    0.346425    4.505104 v rebuffer126/X (sky130_fd_sc_hd__buf_2)
                                                         net126 (net)
                      0.105912    0.000560    4.505663 v _432_/A2 (sky130_fd_sc_hd__a21bo_2)
     1    0.008389    0.085022    0.449257    4.954920 v _432_/X (sky130_fd_sc_hd__a21bo_2)
                                                         _160_ (net)
                      0.085022    0.000180    4.955100 v _433_/B (sky130_fd_sc_hd__xor2_2)
     1    0.004569    0.090717    0.280121    5.235221 v _433_/X (sky130_fd_sc_hd__xor2_2)
                                                         net74 (net)
                      0.090717    0.000182    5.235404 v output74/A (sky130_fd_sc_hd__buf_4)
     1    0.035046    0.104451    0.331552    5.566955 v output74/X (sky130_fd_sc_hd__buf_4)
                                                         S[17] (net)
                      0.104458    0.001024    5.567979 v S[17] (out)
                                              5.567979   data arrival time

                      0.000000    4.000000    4.000000   clock __VIRTUAL_CLK__ (rise edge)
                                  0.000000    4.000000   clock network delay (ideal)
                                 -0.250000    3.750000   clock uncertainty
                                  0.000000    3.750000   clock reconvergence pessimism
                                 -0.800000    2.950000   output external delay
                                              2.950000   data required time
---------------------------------------------------------------------------------------------
                                              2.950000   data required time
                                             -5.567979   data arrival time
---------------------------------------------------------------------------------------------
                                             -2.617979   slack (VIOLATED)


Startpoint: sub (input port clocked by __VIRTUAL_CLK__)
Endpoint: S[19] (output port clocked by __VIRTUAL_CLK__)
Path Group: __VIRTUAL_CLK__
Path Type: max

Fanout         Cap        Slew       Delay        Time   Description
---------------------------------------------------------------------------------------------
                      0.000000    0.000000    0.000000   clock __VIRTUAL_CLK__ (rise edge)
                                  0.000000    0.000000   clock network delay (ideal)
                                  0.800000    0.800000 v input external delay
     1    0.010389    0.048956    0.034197    0.834197 v sub (in)
                                                         sub (net)
                      0.048958    0.000000    0.834197 v input65/A (sky130_fd_sc_hd__buf_12)
     8    0.051003    0.071234    0.256452    1.090650 v input65/X (sky130_fd_sc_hd__buf_12)
                                                         net65 (net)
                      0.071358    0.003294    1.093943 v fanout114/A (sky130_fd_sc_hd__buf_6)
     2    0.016407    0.052119    0.231129    1.325073 v fanout114/X (sky130_fd_sc_hd__buf_6)
                                                         net114 (net)
                      0.052119    0.000266    1.325339 v load_slew115/A (sky130_fd_sc_hd__buf_6)
     3    0.013323    0.047888    0.216417    1.541756 v load_slew115/X (sky130_fd_sc_hd__buf_6)
                                                         net115 (net)
                      0.047920    0.000541    1.542297 v fanout111/A (sky130_fd_sc_hd__buf_6)
     4    0.021118    0.059151    0.227955    1.770252 v fanout111/X (sky130_fd_sc_hd__buf_6)
                                                         net111 (net)
                      0.059168    0.001019    1.771271 v load_slew112/A (sky130_fd_sc_hd__buf_8)
     7    0.031939    0.064875    0.242325    2.013596 v load_slew112/X (sky130_fd_sc_hd__buf_8)
                                                         net112 (net)
                      0.064892    0.001045    2.014641 v _673_/A (sky130_fd_sc_hd__and2_2)
     4    0.017970    0.132445    0.449493    2.464134 v _673_/X (sky130_fd_sc_hd__and2_2)
                                                         _020_ (net)
                      0.132445    0.000435    2.464569 v _686_/A2 (sky130_fd_sc_hd__o21bai_2)
     1    0.003355    0.150364    0.206183    2.670752 ^ _686_/Y (sky130_fd_sc_hd__o21bai_2)
                                                         _033_ (net)
                      0.150364    0.000108    2.670860 ^ _687_/B1 (sky130_fd_sc_hd__o21a_2)
     5    0.029396    0.259093    0.459782    3.130642 ^ _687_/X (sky130_fd_sc_hd__o21a_2)
                                                         _034_ (net)
                      0.259093    0.001078    3.131720 ^ _691_/A (sky130_fd_sc_hd__and3_2)
     2    0.007221    0.112899    0.465197    3.596917 ^ _691_/X (sky130_fd_sc_hd__and3_2)
                                                         _038_ (net)
                      0.112903    0.000257    3.597174 ^ _693_/A1 (sky130_fd_sc_hd__a41o_2)
     3    0.028465    0.252952    0.595915    4.193089 ^ _693_/X (sky130_fd_sc_hd__a41o_2)
                                                         _040_ (net)
                      0.252958    0.001788    4.194878 ^ _447_/C (sky130_fd_sc_hd__nand4b_2)
     2    0.007799    0.221037    0.345462    4.540339 v _447_/Y (sky130_fd_sc_hd__nand4b_2)
                                                         _173_ (net)
                      0.221037    0.000197    4.540536 v _455_/B1 (sky130_fd_sc_hd__a22o_2)
     1    0.004977    0.077566    0.477243    5.017780 v _455_/X (sky130_fd_sc_hd__a22o_2)
                                                         _181_ (net)
                      0.077566    0.000162    5.017942 v _457_/A (sky130_fd_sc_hd__nand2_2)
     1    0.008956    0.107015    0.122630    5.140572 ^ _457_/Y (sky130_fd_sc_hd__nand2_2)
                                                         net76 (net)
                      0.107023    0.000368    5.140939 ^ output76/A (sky130_fd_sc_hd__clkbuf_4)
     1    0.034574    0.180935    0.363828    5.504767 ^ output76/X (sky130_fd_sc_hd__clkbuf_4)
                                                         S[19] (net)
                      0.180935    0.000765    5.505532 ^ S[19] (out)
                                              5.505532   data arrival time

                      0.000000    4.000000    4.000000   clock __VIRTUAL_CLK__ (rise edge)
                                  0.000000    4.000000   clock network delay (ideal)
                                 -0.250000    3.750000   clock uncertainty
                                  0.000000    3.750000   clock reconvergence pessimism
                                 -0.800000    2.950000   output external delay
                                              2.950000   data required time
---------------------------------------------------------------------------------------------
                                              2.950000   data required time
                                             -5.505532   data arrival time
---------------------------------------------------------------------------------------------
                                             -2.555532   slack (VIOLATED)


Startpoint: sub (input port clocked by __VIRTUAL_CLK__)
Endpoint: S[10] (output port clocked by __VIRTUAL_CLK__)
Path Group: __VIRTUAL_CLK__
Path Type: max

Fanout         Cap        Slew       Delay        Time   Description
---------------------------------------------------------------------------------------------
                      0.000000    0.000000    0.000000   clock __VIRTUAL_CLK__ (rise edge)
                                  0.000000    0.000000   clock network delay (ideal)
                                  0.800000    0.800000 v input external delay
     1    0.010389    0.048956    0.034197    0.834197 v sub (in)
                                                         sub (net)
                      0.048958    0.000000    0.834197 v input65/A (sky130_fd_sc_hd__buf_12)
     8    0.051003    0.071234    0.256452    1.090650 v input65/X (sky130_fd_sc_hd__buf_12)
                                                         net65 (net)
                      0.071260    0.001699    1.092349 v fanout106/A (sky130_fd_sc_hd__buf_8)
     3    0.012133    0.043717    0.223010    1.315359 v fanout106/X (sky130_fd_sc_hd__buf_8)
                                                         net106 (net)
                      0.043717    0.000323    1.315682 v fanout102/A (sky130_fd_sc_hd__buf_8)
     2    0.011542    0.043282    0.208978    1.524659 v fanout102/X (sky130_fd_sc_hd__buf_8)
                                                         net102 (net)
                      0.043282    0.000447    1.525106 v load_slew103/A (sky130_fd_sc_hd__buf_8)
     5    0.025549    0.057509    0.226629    1.751735 v load_slew103/X (sky130_fd_sc_hd__buf_8)
                                                         net103 (net)
                      0.057521    0.000849    1.752585 v fanout100/A (sky130_fd_sc_hd__buf_8)
     5    0.022981    0.054618    0.230274    1.982859 v fanout100/X (sky130_fd_sc_hd__buf_8)
                                                         net100 (net)
                      0.054621    0.000461    1.983320 v _356_/A1 (sky130_fd_sc_hd__o21ai_2)
     3    0.020410    0.434488    0.442451    2.425772 ^ _356_/Y (sky130_fd_sc_hd__o21ai_2)
                                                         _085_ (net)
                      0.434488    0.000475    2.426246 ^ _360_/B1 (sky130_fd_sc_hd__o2111ai_4)
     3    0.017494    0.286296    0.465801    2.892047 v _360_/Y (sky130_fd_sc_hd__o2111ai_4)
                                                         _089_ (net)
                      0.286297    0.000607    2.892653 v _378_/A (sky130_fd_sc_hd__or2_4)
     1    0.005814    0.084299    0.591260    3.483913 v _378_/X (sky130_fd_sc_hd__or2_4)
                                                         _107_ (net)
                      0.084299    0.000202    3.484115 v _632_/B1 (sky130_fd_sc_hd__o2bb2ai_2)
     3    0.024524    0.509368    0.523925    4.008040 ^ _632_/Y (sky130_fd_sc_hd__o2bb2ai_2)
                                                         _337_ (net)
                      0.509371    0.001097    4.009138 ^ _636_/A1 (sky130_fd_sc_hd__a21oi_2)
     2    0.012855    0.181331    0.331297    4.340435 v _636_/Y (sky130_fd_sc_hd__a21oi_2)
                                                         _339_ (net)
                      0.181331    0.000154    4.340589 v _637_/B (sky130_fd_sc_hd__xor2_2)
     1    0.004035    0.107036    0.318549    4.659137 v _637_/X (sky130_fd_sc_hd__xor2_2)
                                                         net67 (net)
                      0.107036    0.000151    4.659288 v output67/A (sky130_fd_sc_hd__dlymetal6s4s_1)
     1    0.036102    0.349522    0.812060    5.471348 v output67/X (sky130_fd_sc_hd__dlymetal6s4s_1)
                                                         S[10] (net)
                      0.349522    0.001213    5.472561 v S[10] (out)
                                              5.472561   data arrival time

                      0.000000    4.000000    4.000000   clock __VIRTUAL_CLK__ (rise edge)
                                  0.000000    4.000000   clock network delay (ideal)
                                 -0.250000    3.750000   clock uncertainty
                                  0.000000    3.750000   clock reconvergence pessimism
                                 -0.800000    2.950000   output external delay
                                              2.950000   data required time
---------------------------------------------------------------------------------------------
                                              2.950000   data required time
                                             -5.472561   data arrival time
---------------------------------------------------------------------------------------------
                                             -2.522561   slack (VIOLATED)


Startpoint: sub (input port clocked by __VIRTUAL_CLK__)
Endpoint: S[31] (output port clocked by __VIRTUAL_CLK__)
Path Group: __VIRTUAL_CLK__
Path Type: max

Fanout         Cap        Slew       Delay        Time   Description
---------------------------------------------------------------------------------------------
                      0.000000    0.000000    0.000000   clock __VIRTUAL_CLK__ (rise edge)
                                  0.000000    0.000000   clock network delay (ideal)
                                  0.800000    0.800000 ^ input external delay
     1    0.011193    0.089308    0.061300    0.861300 ^ sub (in)
                                                         sub (net)
                      0.089310    0.000000    0.861300 ^ input65/A (sky130_fd_sc_hd__buf_12)
     8    0.052746    0.112119    0.238349    1.099648 ^ input65/X (sky130_fd_sc_hd__buf_12)
                                                         net65 (net)
                      0.112182    0.002574    1.102222 ^ fanout119/A (sky130_fd_sc_hd__dlygate4sd1_1)
     5    0.025853    0.389673    0.657770    1.759992 ^ fanout119/X (sky130_fd_sc_hd__dlygate4sd1_1)
                                                         net119 (net)
                      0.389673    0.000579    1.760571 ^ load_slew120/A (sky130_fd_sc_hd__buf_6)
     6    0.037107    0.133417    0.374031    2.134602 ^ load_slew120/X (sky130_fd_sc_hd__buf_6)
                                                         net120 (net)
                      0.133420    0.000967    2.135569 ^ _449_/A (sky130_fd_sc_hd__and2_2)
     2    0.015028    0.154431    0.379636    2.515205 ^ _449_/X (sky130_fd_sc_hd__and2_2)
                                                         _175_ (net)
                      0.154431    0.000334    2.515539 ^ _450_/B (sky130_fd_sc_hd__nor2_2)
     3    0.014179    0.086980    0.137832    2.653371 v _450_/Y (sky130_fd_sc_hd__nor2_2)
                                                         _176_ (net)
                      0.086980    0.000317    2.653688 v _451_/A (sky130_fd_sc_hd__nand2_2)
     5    0.020751    0.201240    0.197710    2.851398 ^ _451_/Y (sky130_fd_sc_hd__nand2_2)
                                                         _177_ (net)
                      0.201240    0.000517    2.851915 ^ _454_/A (sky130_fd_sc_hd__nand2_2)
     1    0.008335    0.102430    0.170622    3.022536 v _454_/Y (sky130_fd_sc_hd__nand2_2)
                                                         _180_ (net)
                      0.102430    0.000257    3.022794 v _464_/D (sky130_fd_sc_hd__nor4_4)
     3    0.013568    0.479980    0.393947    3.416741 ^ _464_/Y (sky130_fd_sc_hd__nor4_4)
                                                         _189_ (net)
                      0.479980    0.000430    3.417171 ^ _519_/B (sky130_fd_sc_hd__nand2_2)
     2    0.011936    0.174817    0.295511    3.712682 v _519_/Y (sky130_fd_sc_hd__nand2_2)
                                                         _240_ (net)
                      0.174817    0.000397    3.713079 v _573_/A (sky130_fd_sc_hd__nor2_4)
     2    0.012092    0.170479    0.271053    3.984132 ^ _573_/Y (sky130_fd_sc_hd__nor2_4)
                                                         _290_ (net)
                      0.170479    0.000457    3.984589 ^ _574_/C1 (sky130_fd_sc_hd__o221ai_4)
     3    0.026500    0.270907    0.337199    4.321787 v _574_/Y (sky130_fd_sc_hd__o221ai_4)
                                                         _291_ (net)
                      0.270922    0.002117    4.323905 v _577_/A (sky130_fd_sc_hd__nand2_4)
     5    0.022879    0.139710    0.242268    4.566173 ^ _577_/Y (sky130_fd_sc_hd__nand2_4)
                                                         _294_ (net)
                      0.139712    0.000765    4.566937 ^ _605_/A (sky130_fd_sc_hd__nand4_2)
     1    0.009507    0.234646    0.248894    4.815832 v _605_/Y (sky130_fd_sc_hd__nand4_2)
                                                         _319_ (net)
                      0.234646    0.000349    4.816181 v _614_/A1 (sky130_fd_sc_hd__a22oi_4)
     1    0.005298    0.196990    0.346601    5.162781 ^ _614_/Y (sky130_fd_sc_hd__a22oi_4)
                                                         net90 (net)
                      0.196990    0.000169    5.162951 ^ output90/A (sky130_fd_sc_hd__buf_6)
     1    0.034669    0.124292    0.295259    5.458210 ^ output90/X (sky130_fd_sc_hd__buf_6)
                                                         S[31] (net)
                      0.124296    0.000915    5.459126 ^ S[31] (out)
                                              5.459126   data arrival time

                      0.000000    4.000000    4.000000   clock __VIRTUAL_CLK__ (rise edge)
                                  0.000000    4.000000   clock network delay (ideal)
                                 -0.250000    3.750000   clock uncertainty
                                  0.000000    3.750000   clock reconvergence pessimism
                                 -0.800000    2.950000   output external delay
                                              2.950000   data required time
---------------------------------------------------------------------------------------------
                                              2.950000   data required time
                                             -5.459126   data arrival time
---------------------------------------------------------------------------------------------
                                             -2.509125   slack (VIOLATED)


Startpoint: sub (input port clocked by __VIRTUAL_CLK__)
Endpoint: S[9] (output port clocked by __VIRTUAL_CLK__)
Path Group: __VIRTUAL_CLK__
Path Type: max

Fanout         Cap        Slew       Delay        Time   Description
---------------------------------------------------------------------------------------------
                      0.000000    0.000000    0.000000   clock __VIRTUAL_CLK__ (rise edge)
                                  0.000000    0.000000   clock network delay (ideal)
                                  0.800000    0.800000 v input external delay
     1    0.010389    0.048956    0.034197    0.834197 v sub (in)
                                                         sub (net)
                      0.048958    0.000000    0.834197 v input65/A (sky130_fd_sc_hd__buf_12)
     8    0.051003    0.071234    0.256452    1.090650 v input65/X (sky130_fd_sc_hd__buf_12)
                                                         net65 (net)
                      0.071260    0.001699    1.092349 v fanout106/A (sky130_fd_sc_hd__buf_8)
     3    0.012133    0.043717    0.223010    1.315359 v fanout106/X (sky130_fd_sc_hd__buf_8)
                                                         net106 (net)
                      0.043717    0.000323    1.315682 v fanout102/A (sky130_fd_sc_hd__buf_8)
     2    0.011542    0.043282    0.208978    1.524659 v fanout102/X (sky130_fd_sc_hd__buf_8)
                                                         net102 (net)
                      0.043282    0.000447    1.525106 v load_slew103/A (sky130_fd_sc_hd__buf_8)
     5    0.025549    0.057509    0.226629    1.751735 v load_slew103/X (sky130_fd_sc_hd__buf_8)
                                                         net103 (net)
                      0.057521    0.000849    1.752585 v fanout100/A (sky130_fd_sc_hd__buf_8)
     5    0.022981    0.054618    0.230274    1.982859 v fanout100/X (sky130_fd_sc_hd__buf_8)
                                                         net100 (net)
                      0.054621    0.000461    1.983320 v _356_/A1 (sky130_fd_sc_hd__o21ai_2)
     3    0.020410    0.434488    0.442451    2.425772 ^ _356_/Y (sky130_fd_sc_hd__o21ai_2)
                                                         _085_ (net)
                      0.434488    0.000475    2.426246 ^ _360_/B1 (sky130_fd_sc_hd__o2111ai_4)
     3    0.017494    0.286296    0.465801    2.892047 v _360_/Y (sky130_fd_sc_hd__o2111ai_4)
                                                         _089_ (net)
                      0.286297    0.000607    2.892653 v _378_/A (sky130_fd_sc_hd__or2_4)
     1    0.005814    0.084299    0.591260    3.483913 v _378_/X (sky130_fd_sc_hd__or2_4)
                                                         _107_ (net)
                      0.084299    0.000202    3.484115 v _632_/B1 (sky130_fd_sc_hd__o2bb2ai_2)
     3    0.024524    0.509368    0.523925    4.008040 ^ _632_/Y (sky130_fd_sc_hd__o2bb2ai_2)
                                                         _337_ (net)
                      0.509373    0.001425    4.009465 ^ _634_/B1 (sky130_fd_sc_hd__a22o_2)
     1    0.009258    0.116297    0.497586    4.507052 ^ _634_/X (sky130_fd_sc_hd__a22o_2)
                                                         _338_ (net)
                      0.116297    0.000229    4.507280 ^ _635_/B (sky130_fd_sc_hd__xnor2_2)
     1    0.001888    0.137931    0.202152    4.709432 ^ _635_/Y (sky130_fd_sc_hd__xnor2_2)
                                                         net97 (net)
                      0.137931    0.000056    4.709487 ^ output97/A (sky130_fd_sc_hd__dlymetal6s4s_1)
     1    0.035291    0.550371    0.714165    5.423653 ^ output97/X (sky130_fd_sc_hd__dlymetal6s4s_1)
                                                         S[9] (net)
                      0.550371    0.000981    5.424634 ^ S[9] (out)
                                              5.424634   data arrival time

                      0.000000    4.000000    4.000000   clock __VIRTUAL_CLK__ (rise edge)
                                  0.000000    4.000000   clock network delay (ideal)
                                 -0.250000    3.750000   clock uncertainty
                                  0.000000    3.750000   clock reconvergence pessimism
                                 -0.800000    2.950000   output external delay
                                              2.950000   data required time
---------------------------------------------------------------------------------------------
                                              2.950000   data required time
                                             -5.424634   data arrival time
---------------------------------------------------------------------------------------------
                                             -2.474633   slack (VIOLATED)


Startpoint: sub (input port clocked by __VIRTUAL_CLK__)
Endpoint: S[30] (output port clocked by __VIRTUAL_CLK__)
Path Group: __VIRTUAL_CLK__
Path Type: max

Fanout         Cap        Slew       Delay        Time   Description
---------------------------------------------------------------------------------------------
                      0.000000    0.000000    0.000000   clock __VIRTUAL_CLK__ (rise edge)
                                  0.000000    0.000000   clock network delay (ideal)
                                  0.800000    0.800000 v input external delay
     1    0.010389    0.048956    0.034197    0.834197 v sub (in)
                                                         sub (net)
                      0.048958    0.000000    0.834197 v input65/A (sky130_fd_sc_hd__buf_12)
     8    0.051003    0.071234    0.256452    1.090650 v input65/X (sky130_fd_sc_hd__buf_12)
                                                         net65 (net)
                      0.071260    0.001699    1.092349 v fanout106/A (sky130_fd_sc_hd__buf_8)
     3    0.012133    0.043717    0.223010    1.315359 v fanout106/X (sky130_fd_sc_hd__buf_8)
                                                         net106 (net)
                      0.043717    0.000323    1.315682 v fanout102/A (sky130_fd_sc_hd__buf_8)
     2    0.011542    0.043282    0.208978    1.524659 v fanout102/X (sky130_fd_sc_hd__buf_8)
                                                         net102 (net)
                      0.043282    0.000447    1.525106 v load_slew103/A (sky130_fd_sc_hd__buf_8)
     5    0.025549    0.057509    0.226629    1.751735 v load_slew103/X (sky130_fd_sc_hd__buf_8)
                                                         net103 (net)
                      0.057521    0.000849    1.752585 v fanout100/A (sky130_fd_sc_hd__buf_8)
     5    0.022981    0.054618    0.230274    1.982859 v fanout100/X (sky130_fd_sc_hd__buf_8)
                                                         net100 (net)
                      0.054621    0.000461    1.983320 v _356_/A1 (sky130_fd_sc_hd__o21ai_2)
     3    0.020410    0.434488    0.442451    2.425772 ^ _356_/Y (sky130_fd_sc_hd__o21ai_2)
                                                         _085_ (net)
                      0.434488    0.000514    2.426285 ^ _407_/B1 (sky130_fd_sc_hd__o21ai_2)
     2    0.008474    0.142766    0.272028    2.698314 v _407_/Y (sky130_fd_sc_hd__o21ai_2)
                                                         _136_ (net)
                      0.142766    0.000276    2.698590 v _408_/B2 (sky130_fd_sc_hd__a2bb2oi_2)
     1    0.010776    0.257729    0.333010    3.031600 ^ _408_/Y (sky130_fd_sc_hd__a2bb2oi_2)
                                                         _137_ (net)
                      0.257729    0.000414    3.032014 ^ _409_/B (sky130_fd_sc_hd__nand2_4)
     2    0.015685    0.097653    0.192094    3.224108 v _409_/Y (sky130_fd_sc_hd__nand2_4)
                                                         _138_ (net)
                      0.097654    0.000574    3.224682 v _411_/A (sky130_fd_sc_hd__nand3_4)
     3    0.029551    0.186362    0.181086    3.405768 ^ _411_/Y (sky130_fd_sc_hd__nand3_4)
                                                         _140_ (net)
                      0.186364    0.000860    3.406629 ^ _415_/B (sky130_fd_sc_hd__nand3_4)
     3    0.026590    0.220569    0.286978    3.693606 v _415_/Y (sky130_fd_sc_hd__nand3_4)
                                                         _144_ (net)
                      0.220569    0.000946    3.694553 v _574_/B2 (sky130_fd_sc_hd__o221ai_4)
     3    0.027615    0.470795    0.478529    4.173081 ^ _574_/Y (sky130_fd_sc_hd__o221ai_4)
                                                         _291_ (net)
                      0.470798    0.002219    4.175300 ^ _577_/A (sky130_fd_sc_hd__nand2_4)
     5    0.021835    0.170213    0.278849    4.454150 v _577_/Y (sky130_fd_sc_hd__nand2_4)
                                                         _294_ (net)
                      0.170213    0.000348    4.454498 v _603_/A1 (sky130_fd_sc_hd__a21o_2)
     1    0.008228    0.081784    0.439413    4.893911 v _603_/X (sky130_fd_sc_hd__a21o_2)
                                                         _318_ (net)
                      0.081784    0.000252    4.894163 v _604_/A2 (sky130_fd_sc_hd__o21ai_4)
     1    0.008245    0.185701    0.227688    5.121850 ^ _604_/Y (sky130_fd_sc_hd__o21ai_4)
                                                         net89 (net)
                      0.185701    0.000369    5.122220 ^ output89/A (sky130_fd_sc_hd__buf_6)
     1    0.035267    0.126002    0.291263    5.413483 ^ output89/X (sky130_fd_sc_hd__buf_6)
                                                         S[30] (net)
                      0.126005    0.000840    5.414323 ^ S[30] (out)
                                              5.414323   data arrival time

                      0.000000    4.000000    4.000000   clock __VIRTUAL_CLK__ (rise edge)
                                  0.000000    4.000000   clock network delay (ideal)
                                 -0.250000    3.750000   clock uncertainty
                                  0.000000    3.750000   clock reconvergence pessimism
                                 -0.800000    2.950000   output external delay
                                              2.950000   data required time
---------------------------------------------------------------------------------------------
                                              2.950000   data required time
                                             -5.414323   data arrival time
---------------------------------------------------------------------------------------------
                                             -2.464324   slack (VIOLATED)


Startpoint: sub (input port clocked by __VIRTUAL_CLK__)
Endpoint: S[28] (output port clocked by __VIRTUAL_CLK__)
Path Group: __VIRTUAL_CLK__
Path Type: max

Fanout         Cap        Slew       Delay        Time   Description
---------------------------------------------------------------------------------------------
                      0.000000    0.000000    0.000000   clock __VIRTUAL_CLK__ (rise edge)
                                  0.000000    0.000000   clock network delay (ideal)
                                  0.800000    0.800000 v input external delay
     1    0.010389    0.048956    0.034197    0.834197 v sub (in)
                                                         sub (net)
                      0.048958    0.000000    0.834197 v input65/A (sky130_fd_sc_hd__buf_12)
     8    0.051003    0.071234    0.256452    1.090650 v input65/X (sky130_fd_sc_hd__buf_12)
                                                         net65 (net)
                      0.071260    0.001699    1.092349 v fanout106/A (sky130_fd_sc_hd__buf_8)
     3    0.012133    0.043717    0.223010    1.315359 v fanout106/X (sky130_fd_sc_hd__buf_8)
                                                         net106 (net)
                      0.043717    0.000323    1.315682 v fanout102/A (sky130_fd_sc_hd__buf_8)
     2    0.011542    0.043282    0.208978    1.524659 v fanout102/X (sky130_fd_sc_hd__buf_8)
                                                         net102 (net)
                      0.043282    0.000447    1.525106 v load_slew103/A (sky130_fd_sc_hd__buf_8)
     5    0.025549    0.057509    0.226629    1.751735 v load_slew103/X (sky130_fd_sc_hd__buf_8)
                                                         net103 (net)
                      0.057521    0.000849    1.752585 v fanout100/A (sky130_fd_sc_hd__buf_8)
     5    0.022981    0.054618    0.230274    1.982859 v fanout100/X (sky130_fd_sc_hd__buf_8)
                                                         net100 (net)
                      0.054621    0.000461    1.983320 v _356_/A1 (sky130_fd_sc_hd__o21ai_2)
     3    0.020410    0.434488    0.442451    2.425772 ^ _356_/Y (sky130_fd_sc_hd__o21ai_2)
                                                         _085_ (net)
                      0.434488    0.000514    2.426285 ^ _407_/B1 (sky130_fd_sc_hd__o21ai_2)
     2    0.008474    0.142766    0.272028    2.698314 v _407_/Y (sky130_fd_sc_hd__o21ai_2)
                                                         _136_ (net)
                      0.142766    0.000276    2.698590 v _408_/B2 (sky130_fd_sc_hd__a2bb2oi_2)
     1    0.010776    0.257729    0.333010    3.031600 ^ _408_/Y (sky130_fd_sc_hd__a2bb2oi_2)
                                                         _137_ (net)
                      0.257729    0.000414    3.032014 ^ _409_/B (sky130_fd_sc_hd__nand2_4)
     2    0.015685    0.097653    0.192094    3.224108 v _409_/Y (sky130_fd_sc_hd__nand2_4)
                                                         _138_ (net)
                      0.097654    0.000574    3.224682 v _411_/A (sky130_fd_sc_hd__nand3_4)
     3    0.029551    0.186362    0.181086    3.405768 ^ _411_/Y (sky130_fd_sc_hd__nand3_4)
                                                         _140_ (net)
                      0.186364    0.000860    3.406629 ^ _415_/B (sky130_fd_sc_hd__nand3_4)
     3    0.026590    0.220569    0.286978    3.693606 v _415_/Y (sky130_fd_sc_hd__nand3_4)
                                                         _144_ (net)
                      0.220569    0.000946    3.694553 v _574_/B2 (sky130_fd_sc_hd__o221ai_4)
     3    0.027615    0.470795    0.478529    4.173081 ^ _574_/Y (sky130_fd_sc_hd__o221ai_4)
                                                         _291_ (net)
                      0.470798    0.002219    4.175300 ^ _577_/A (sky130_fd_sc_hd__nand2_4)
     5    0.021835    0.170213    0.278849    4.454150 v _577_/Y (sky130_fd_sc_hd__nand2_4)
                                                         _294_ (net)
                      0.170213    0.000426    4.454576 v _580_/B1 (sky130_fd_sc_hd__a21o_2)
     1    0.003138    0.058563    0.394448    4.849024 v _580_/X (sky130_fd_sc_hd__a21o_2)
                                                         _297_ (net)
                      0.058563    0.000099    4.849123 v _581_/B (sky130_fd_sc_hd__and2b_4)
     1    0.006932    0.058445    0.306124    5.155247 v _581_/X (sky130_fd_sc_hd__and2b_4)
                                                         net86 (net)
                      0.058445    0.000278    5.155525 v output86/A (sky130_fd_sc_hd__buf_6)
     1    0.035484    0.077464    0.255119    5.410644 v output86/X (sky130_fd_sc_hd__buf_6)
                                                         S[28] (net)
                      0.077473    0.000889    5.411533 v S[28] (out)
                                              5.411533   data arrival time

                      0.000000    4.000000    4.000000   clock __VIRTUAL_CLK__ (rise edge)
                                  0.000000    4.000000   clock network delay (ideal)
                                 -0.250000    3.750000   clock uncertainty
                                  0.000000    3.750000   clock reconvergence pessimism
                                 -0.800000    2.950000   output external delay
                                              2.950000   data required time
---------------------------------------------------------------------------------------------
                                              2.950000   data required time
                                             -5.411533   data arrival time
---------------------------------------------------------------------------------------------
                                             -2.461533   slack (VIOLATED)


Startpoint: sub (input port clocked by __VIRTUAL_CLK__)
Endpoint: S[11] (output port clocked by __VIRTUAL_CLK__)
Path Group: __VIRTUAL_CLK__
Path Type: max

Fanout         Cap        Slew       Delay        Time   Description
---------------------------------------------------------------------------------------------
                      0.000000    0.000000    0.000000   clock __VIRTUAL_CLK__ (rise edge)
                                  0.000000    0.000000   clock network delay (ideal)
                                  0.800000    0.800000 v input external delay
     1    0.010389    0.048956    0.034197    0.834197 v sub (in)
                                                         sub (net)
                      0.048958    0.000000    0.834197 v input65/A (sky130_fd_sc_hd__buf_12)
     8    0.051003    0.071234    0.256452    1.090650 v input65/X (sky130_fd_sc_hd__buf_12)
                                                         net65 (net)
                      0.071260    0.001699    1.092349 v fanout106/A (sky130_fd_sc_hd__buf_8)
     3    0.012133    0.043717    0.223010    1.315359 v fanout106/X (sky130_fd_sc_hd__buf_8)
                                                         net106 (net)
                      0.043717    0.000323    1.315682 v fanout102/A (sky130_fd_sc_hd__buf_8)
     2    0.011542    0.043282    0.208978    1.524659 v fanout102/X (sky130_fd_sc_hd__buf_8)
                                                         net102 (net)
                      0.043282    0.000447    1.525106 v load_slew103/A (sky130_fd_sc_hd__buf_8)
     5    0.025549    0.057509    0.226629    1.751735 v load_slew103/X (sky130_fd_sc_hd__buf_8)
                                                         net103 (net)
                      0.057521    0.000849    1.752585 v fanout100/A (sky130_fd_sc_hd__buf_8)
     5    0.022981    0.054618    0.230274    1.982859 v fanout100/X (sky130_fd_sc_hd__buf_8)
                                                         net100 (net)
                      0.054621    0.000461    1.983320 v _356_/A1 (sky130_fd_sc_hd__o21ai_2)
     3    0.020410    0.434488    0.442451    2.425772 ^ _356_/Y (sky130_fd_sc_hd__o21ai_2)
                                                         _085_ (net)
                      0.434488    0.000475    2.426246 ^ _360_/B1 (sky130_fd_sc_hd__o2111ai_4)
     3    0.017494    0.286296    0.465801    2.892047 v _360_/Y (sky130_fd_sc_hd__o2111ai_4)
                                                         _089_ (net)
                      0.286297    0.000607    2.892653 v _378_/A (sky130_fd_sc_hd__or2_4)
     1    0.005814    0.084299    0.591260    3.483913 v _378_/X (sky130_fd_sc_hd__or2_4)
                                                         _107_ (net)
                      0.084299    0.000202    3.484115 v _632_/B1 (sky130_fd_sc_hd__o2bb2ai_2)
     3    0.024524    0.509368    0.523925    4.008040 ^ _632_/Y (sky130_fd_sc_hd__o2bb2ai_2)
                                                         _337_ (net)
                      0.509371    0.001097    4.009138 ^ _636_/A1 (sky130_fd_sc_hd__a21oi_2)
     2    0.012855    0.181331    0.331297    4.340435 v _636_/Y (sky130_fd_sc_hd__a21oi_2)
                                                         _339_ (net)
                      0.181331    0.000239    4.340674 v _638_/A2 (sky130_fd_sc_hd__o21ai_2)
     1    0.009735    0.246839    0.319214    4.659887 ^ _638_/Y (sky130_fd_sc_hd__o21ai_2)
                                                         _340_ (net)
                      0.246839    0.000262    4.660149 ^ _639_/B (sky130_fd_sc_hd__xor2_2)
     1    0.005138    0.177172    0.312871    4.973020 ^ _639_/X (sky130_fd_sc_hd__xor2_2)
                                                         net68 (net)
                      0.177172    0.000207    4.973227 ^ output68/A (sky130_fd_sc_hd__clkbuf_2)
     1    0.036114    0.309660    0.433433    5.406660 ^ output68/X (sky130_fd_sc_hd__clkbuf_2)
                                                         S[11] (net)
                      0.309660    0.001020    5.407680 ^ S[11] (out)
                                              5.407680   data arrival time

                      0.000000    4.000000    4.000000   clock __VIRTUAL_CLK__ (rise edge)
                                  0.000000    4.000000   clock network delay (ideal)
                                 -0.250000    3.750000   clock uncertainty
                                  0.000000    3.750000   clock reconvergence pessimism
                                 -0.800000    2.950000   output external delay
                                              2.950000   data required time
---------------------------------------------------------------------------------------------
                                              2.950000   data required time
                                             -5.407680   data arrival time
---------------------------------------------------------------------------------------------
                                             -2.457680   slack (VIOLATED)


Startpoint: sub (input port clocked by __VIRTUAL_CLK__)
Endpoint: S[7] (output port clocked by __VIRTUAL_CLK__)
Path Group: __VIRTUAL_CLK__
Path Type: max

Fanout         Cap        Slew       Delay        Time   Description
---------------------------------------------------------------------------------------------
                      0.000000    0.000000    0.000000   clock __VIRTUAL_CLK__ (rise edge)
                                  0.000000    0.000000   clock network delay (ideal)
                                  0.800000    0.800000 v input external delay
     1    0.010389    0.048956    0.034197    0.834197 v sub (in)
                                                         sub (net)
                      0.048958    0.000000    0.834197 v input65/A (sky130_fd_sc_hd__buf_12)
     8    0.051003    0.071234    0.256452    1.090650 v input65/X (sky130_fd_sc_hd__buf_12)
                                                         net65 (net)
                      0.071254    0.001164    1.091813 v fanout109/A (sky130_fd_sc_hd__dlygate4sd1_1)
     2    0.014077    0.150754    0.592409    1.684223 v fanout109/X (sky130_fd_sc_hd__dlygate4sd1_1)
                                                         net109 (net)
                      0.150754    0.000312    1.684535 v load_slew110/A (sky130_fd_sc_hd__buf_6)
     6    0.026971    0.068615    0.289680    1.974215 v load_slew110/X (sky130_fd_sc_hd__buf_6)
                                                         net110 (net)
                      0.068637    0.001233    1.975448 v _395_/A (sky130_fd_sc_hd__and2_4)
     4    0.021838    0.088295    0.303702    2.279150 v _395_/X (sky130_fd_sc_hd__and2_4)
                                                         _124_ (net)
                      0.088299    0.000754    2.279904 v _396_/A1 (sky130_fd_sc_hd__o21bai_4)
     3    0.014958    0.234425    0.308050    2.587954 ^ _396_/Y (sky130_fd_sc_hd__o21bai_4)
                                                         _125_ (net)
                      0.234425    0.000516    2.588470 ^ _405_/C1 (sky130_fd_sc_hd__o2111a_2)
     2    0.021018    0.221502    0.653028    3.241498 ^ _405_/X (sky130_fd_sc_hd__o2111a_2)
                                                         _134_ (net)
                      0.221502    0.000669    3.242167 ^ _624_/A2 (sky130_fd_sc_hd__a21oi_4)
     3    0.019656    0.138628    0.214770    3.456938 v _624_/Y (sky130_fd_sc_hd__a21oi_4)
                                                         _333_ (net)
                      0.138629    0.000547    3.457485 v _626_/B1 (sky130_fd_sc_hd__o22a_4)
     3    0.020532    0.122577    0.506254    3.963739 v _626_/X (sky130_fd_sc_hd__o22a_4)
                                                         _334_ (net)
                      0.122577    0.000475    3.964214 v rebuffer220/A (sky130_fd_sc_hd__buf_2)
     1    0.003905    0.047942    0.268067    4.232280 v rebuffer220/X (sky130_fd_sc_hd__buf_2)
                                                         net220 (net)
                      0.047942    0.000141    4.232422 v _630_/B2 (sky130_fd_sc_hd__o2bb2a_2)
     1    0.008398    0.108875    0.557873    4.790295 v _630_/X (sky130_fd_sc_hd__o2bb2a_2)
                                                         _336_ (net)
                      0.108875    0.000178    4.790473 v _631_/B (sky130_fd_sc_hd__xor2_2)
     1    0.003036    0.084263    0.279976    5.070449 v _631_/X (sky130_fd_sc_hd__xor2_2)
                                                         net95 (net)
                      0.084263    0.000098    5.070547 v output95/A (sky130_fd_sc_hd__buf_4)
     1    0.035748    0.105811    0.329509    5.400056 v output95/X (sky130_fd_sc_hd__buf_4)
                                                         S[7] (net)
                      0.105823    0.001231    5.401287 v S[7] (out)
                                              5.401287   data arrival time

                      0.000000    4.000000    4.000000   clock __VIRTUAL_CLK__ (rise edge)
                                  0.000000    4.000000   clock network delay (ideal)
                                 -0.250000    3.750000   clock uncertainty
                                  0.000000    3.750000   clock reconvergence pessimism
                                 -0.800000    2.950000   output external delay
                                              2.950000   data required time
---------------------------------------------------------------------------------------------
                                              2.950000   data required time
                                             -5.401287   data arrival time
---------------------------------------------------------------------------------------------
                                             -2.451287   slack (VIOLATED)


Startpoint: sub (input port clocked by __VIRTUAL_CLK__)
Endpoint: S[26] (output port clocked by __VIRTUAL_CLK__)
Path Group: __VIRTUAL_CLK__
Path Type: max

Fanout         Cap        Slew       Delay        Time   Description
---------------------------------------------------------------------------------------------
                      0.000000    0.000000    0.000000   clock __VIRTUAL_CLK__ (rise edge)
                                  0.000000    0.000000   clock network delay (ideal)
                                  0.800000    0.800000 v input external delay
     1    0.010389    0.048956    0.034197    0.834197 v sub (in)
                                                         sub (net)
                      0.048958    0.000000    0.834197 v input65/A (sky130_fd_sc_hd__buf_12)
     8    0.051003    0.071234    0.256452    1.090650 v input65/X (sky130_fd_sc_hd__buf_12)
                                                         net65 (net)
                      0.071260    0.001699    1.092349 v fanout106/A (sky130_fd_sc_hd__buf_8)
     3    0.012133    0.043717    0.223010    1.315359 v fanout106/X (sky130_fd_sc_hd__buf_8)
                                                         net106 (net)
                      0.043717    0.000323    1.315682 v fanout102/A (sky130_fd_sc_hd__buf_8)
     2    0.011542    0.043282    0.208978    1.524659 v fanout102/X (sky130_fd_sc_hd__buf_8)
                                                         net102 (net)
                      0.043282    0.000447    1.525106 v load_slew103/A (sky130_fd_sc_hd__buf_8)
     5    0.025549    0.057509    0.226629    1.751735 v load_slew103/X (sky130_fd_sc_hd__buf_8)
                                                         net103 (net)
                      0.057521    0.000849    1.752585 v fanout100/A (sky130_fd_sc_hd__buf_8)
     5    0.022981    0.054618    0.230274    1.982859 v fanout100/X (sky130_fd_sc_hd__buf_8)
                                                         net100 (net)
                      0.054624    0.000580    1.983439 v load_slew101/A (sky130_fd_sc_hd__buf_8)
     4    0.020419    0.051929    0.225590    2.209028 v load_slew101/X (sky130_fd_sc_hd__buf_8)
                                                         net101 (net)
                      0.051957    0.000526    2.209555 v _364_/A2 (sky130_fd_sc_hd__o21ai_4)
     2    0.012989    0.241972    0.254691    2.464246 ^ _364_/Y (sky130_fd_sc_hd__o21ai_4)
                                                         _093_ (net)
                      0.241972    0.000480    2.464726 ^ _365_/B1 (sky130_fd_sc_hd__a21oi_4)
     2    0.004870    0.100510    0.109605    2.574331 v _365_/Y (sky130_fd_sc_hd__a21oi_4)
                                                         _094_ (net)
                      0.100510    0.000131    2.574462 v _376_/A_N (sky130_fd_sc_hd__nand4b_4)
     2    0.011575    0.189500    0.378764    2.953226 v _376_/Y (sky130_fd_sc_hd__nand4b_4)
                                                         _105_ (net)
                      0.189500    0.000316    2.953542 v _377_/A (sky130_fd_sc_hd__nor2_4)
     3    0.023764    0.280842    0.362247    3.315789 ^ _377_/Y (sky130_fd_sc_hd__nor2_4)
                                                         _106_ (net)
                      0.280842    0.000908    3.316698 ^ _410_/A (sky130_fd_sc_hd__nand4_4)
     3    0.020635    0.267186    0.320639    3.637337 v _410_/Y (sky130_fd_sc_hd__nand4_4)
                                                         _139_ (net)
                      0.267186    0.000689    3.638026 v _415_/C (sky130_fd_sc_hd__nand3_4)
     3    0.028781    0.190248    0.304038    3.942064 ^ _415_/Y (sky130_fd_sc_hd__nand3_4)
                                                         _144_ (net)
                      0.190253    0.001184    3.943248 ^ _520_/B2 (sky130_fd_sc_hd__o221ai_4)
     4    0.023874    0.254630    0.329546    4.272794 v _520_/Y (sky130_fd_sc_hd__o221ai_4)
                                                         _241_ (net)
                      0.254630    0.000547    4.273341 v _542_/A2 (sky130_fd_sc_hd__a21boi_2)
     2    0.011136    0.264069    0.413173    4.686514 ^ _542_/Y (sky130_fd_sc_hd__a21boi_2)
                                                         _261_ (net)
                      0.264069    0.000350    4.686864 ^ _551_/A_N (sky130_fd_sc_hd__nand3b_4)
     1    0.005358    0.085093    0.326648    5.013512 ^ _551_/Y (sky130_fd_sc_hd__nand3b_4)
                                                         _270_ (net)
                      0.085093    0.000175    5.013686 ^ _552_/B (sky130_fd_sc_hd__nand2_2)
     1    0.005424    0.081195    0.117662    5.131348 v _552_/Y (sky130_fd_sc_hd__nand2_2)
                                                         net84 (net)
                      0.081195    0.000135    5.131484 v output84/A (sky130_fd_sc_hd__buf_6)
     1    0.034640    0.076421    0.265120    5.396603 v output84/X (sky130_fd_sc_hd__buf_6)
                                                         S[26] (net)
                      0.076427    0.000728    5.397332 v S[26] (out)
                                              5.397332   data arrival time

                      0.000000    4.000000    4.000000   clock __VIRTUAL_CLK__ (rise edge)
                                  0.000000    4.000000   clock network delay (ideal)
                                 -0.250000    3.750000   clock uncertainty
                                  0.000000    3.750000   clock reconvergence pessimism
                                 -0.800000    2.950000   output external delay
                                              2.950000   data required time
---------------------------------------------------------------------------------------------
                                              2.950000   data required time
                                             -5.397332   data arrival time
---------------------------------------------------------------------------------------------
                                             -2.447332   slack (VIOLATED)


Startpoint: sub (input port clocked by __VIRTUAL_CLK__)
Endpoint: S[24] (output port clocked by __VIRTUAL_CLK__)
Path Group: __VIRTUAL_CLK__
Path Type: max

Fanout         Cap        Slew       Delay        Time   Description
---------------------------------------------------------------------------------------------
                      0.000000    0.000000    0.000000   clock __VIRTUAL_CLK__ (rise edge)
                                  0.000000    0.000000   clock network delay (ideal)
                                  0.800000    0.800000 v input external delay
     1    0.010389    0.048956    0.034197    0.834197 v sub (in)
                                                         sub (net)
                      0.048958    0.000000    0.834197 v input65/A (sky130_fd_sc_hd__buf_12)
     8    0.051003    0.071234    0.256452    1.090650 v input65/X (sky130_fd_sc_hd__buf_12)
                                                         net65 (net)
                      0.071260    0.001699    1.092349 v fanout106/A (sky130_fd_sc_hd__buf_8)
     3    0.012133    0.043717    0.223010    1.315359 v fanout106/X (sky130_fd_sc_hd__buf_8)
                                                         net106 (net)
                      0.043717    0.000323    1.315682 v fanout102/A (sky130_fd_sc_hd__buf_8)
     2    0.011542    0.043282    0.208978    1.524659 v fanout102/X (sky130_fd_sc_hd__buf_8)
                                                         net102 (net)
                      0.043282    0.000447    1.525106 v load_slew103/A (sky130_fd_sc_hd__buf_8)
     5    0.025549    0.057509    0.226629    1.751735 v load_slew103/X (sky130_fd_sc_hd__buf_8)
                                                         net103 (net)
                      0.057521    0.000849    1.752585 v fanout100/A (sky130_fd_sc_hd__buf_8)
     5    0.022981    0.054618    0.230274    1.982859 v fanout100/X (sky130_fd_sc_hd__buf_8)
                                                         net100 (net)
                      0.054624    0.000580    1.983439 v load_slew101/A (sky130_fd_sc_hd__buf_8)
     4    0.020419    0.051929    0.225590    2.209028 v load_slew101/X (sky130_fd_sc_hd__buf_8)
                                                         net101 (net)
                      0.051957    0.000526    2.209555 v _364_/A2 (sky130_fd_sc_hd__o21ai_4)
     2    0.012989    0.241972    0.254691    2.464246 ^ _364_/Y (sky130_fd_sc_hd__o21ai_4)
                                                         _093_ (net)
                      0.241972    0.000480    2.464726 ^ _365_/B1 (sky130_fd_sc_hd__a21oi_4)
     2    0.004870    0.100510    0.109605    2.574331 v _365_/Y (sky130_fd_sc_hd__a21oi_4)
                                                         _094_ (net)
                      0.100510    0.000131    2.574462 v _376_/A_N (sky130_fd_sc_hd__nand4b_4)
     2    0.011575    0.189500    0.378764    2.953226 v _376_/Y (sky130_fd_sc_hd__nand4b_4)
                                                         _105_ (net)
                      0.189500    0.000316    2.953542 v _377_/A (sky130_fd_sc_hd__nor2_4)
     3    0.023764    0.280842    0.362247    3.315789 ^ _377_/Y (sky130_fd_sc_hd__nor2_4)
                                                         _106_ (net)
                      0.280842    0.000908    3.316698 ^ _410_/A (sky130_fd_sc_hd__nand4_4)
     3    0.020635    0.267186    0.320639    3.637337 v _410_/Y (sky130_fd_sc_hd__nand4_4)
                                                         _139_ (net)
                      0.267186    0.000689    3.638026 v _415_/C (sky130_fd_sc_hd__nand3_4)
     3    0.028781    0.190248    0.304038    3.942064 ^ _415_/Y (sky130_fd_sc_hd__nand3_4)
                                                         _144_ (net)
                      0.190248    0.000782    3.942845 ^ _424_/B1 (sky130_fd_sc_hd__o22ai_4)
     2    0.015697    0.141555    0.215060    4.157905 v _424_/Y (sky130_fd_sc_hd__o22ai_4)
                                                         _153_ (net)
                      0.141556    0.000774    4.158679 v rebuffer126/A (sky130_fd_sc_hd__buf_2)
     3    0.018920    0.105912    0.346425    4.505104 v rebuffer126/X (sky130_fd_sc_hd__buf_2)
                                                         net126 (net)
                      0.105912    0.000147    4.505251 v _530_/A1 (sky130_fd_sc_hd__o211ai_2)
     1    0.002870    0.175459    0.267980    4.773231 ^ _530_/Y (sky130_fd_sc_hd__o211ai_2)
                                                         _251_ (net)
                      0.175459    0.000088    4.773319 ^ _531_/B (sky130_fd_sc_hd__and2_4)
     1    0.008966    0.085847    0.353454    5.126772 ^ _531_/X (sky130_fd_sc_hd__and2_4)
                                                         net82 (net)
                      0.085869    0.000429    5.127202 ^ output82/A (sky130_fd_sc_hd__buf_6)
     1    0.035574    0.126610    0.244134    5.371336 ^ output82/X (sky130_fd_sc_hd__buf_6)
                                                         S[24] (net)
                      0.126617    0.001106    5.372442 ^ S[24] (out)
                                              5.372442   data arrival time

                      0.000000    4.000000    4.000000   clock __VIRTUAL_CLK__ (rise edge)
                                  0.000000    4.000000   clock network delay (ideal)
                                 -0.250000    3.750000   clock uncertainty
                                  0.000000    3.750000   clock reconvergence pessimism
                                 -0.800000    2.950000   output external delay
                                              2.950000   data required time
---------------------------------------------------------------------------------------------
                                              2.950000   data required time
                                             -5.372442   data arrival time
---------------------------------------------------------------------------------------------
                                             -2.422442   slack (VIOLATED)


Startpoint: sub (input port clocked by __VIRTUAL_CLK__)
Endpoint: S[29] (output port clocked by __VIRTUAL_CLK__)
Path Group: __VIRTUAL_CLK__
Path Type: max

Fanout         Cap        Slew       Delay        Time   Description
---------------------------------------------------------------------------------------------
                      0.000000    0.000000    0.000000   clock __VIRTUAL_CLK__ (rise edge)
                                  0.000000    0.000000   clock network delay (ideal)
                                  0.800000    0.800000 ^ input external delay
     1    0.011193    0.089308    0.061300    0.861300 ^ sub (in)
                                                         sub (net)
                      0.089310    0.000000    0.861300 ^ input65/A (sky130_fd_sc_hd__buf_12)
     8    0.052746    0.112119    0.238349    1.099648 ^ input65/X (sky130_fd_sc_hd__buf_12)
                                                         net65 (net)
                      0.112331    0.003403    1.103051 ^ fanout114/A (sky130_fd_sc_hd__buf_6)
     2    0.016971    0.074188    0.211715    1.314766 ^ fanout114/X (sky130_fd_sc_hd__buf_6)
                                                         net114 (net)
                      0.074188    0.000280    1.315046 ^ load_slew115/A (sky130_fd_sc_hd__buf_6)
     3    0.014023    0.065801    0.186100    1.501147 ^ load_slew115/X (sky130_fd_sc_hd__buf_6)
                                                         net115 (net)
                      0.065805    0.000572    1.501719 ^ fanout111/A (sky130_fd_sc_hd__buf_6)
     4    0.022580    0.090004    0.203496    1.705215 ^ fanout111/X (sky130_fd_sc_hd__buf_6)
                                                         net111 (net)
                      0.090015    0.001093    1.706308 ^ load_slew112/A (sky130_fd_sc_hd__buf_8)
     7    0.033742    0.103311    0.223006    1.929314 ^ load_slew112/X (sky130_fd_sc_hd__buf_8)
                                                         net112 (net)
                      0.103318    0.001020    1.930334 ^ _668_/A (sky130_fd_sc_hd__and2_4)
     1    0.010200    0.091217    0.321606    2.251940 ^ _668_/X (sky130_fd_sc_hd__and2_4)
                                                         _015_ (net)
                      0.091217    0.000344    2.252283 ^ _670_/A1 (sky130_fd_sc_hd__o21bai_4)
     4    0.018926    0.139390    0.196786    2.449069 v _670_/Y (sky130_fd_sc_hd__o21bai_4)
                                                         _017_ (net)
                      0.139391    0.000800    2.449869 v rebuffer132/A (sky130_fd_sc_hd__buf_4)
     2    0.007410    0.050963    0.291505    2.741375 v rebuffer132/X (sky130_fd_sc_hd__buf_4)
                                                         net132 (net)
                      0.050963    0.000216    2.741591 v _678_/B2 (sky130_fd_sc_hd__a22oi_2)
     1    0.013011    0.355323    0.362652    3.104243 ^ _678_/Y (sky130_fd_sc_hd__a22oi_2)
                                                         _025_ (net)
                      0.355323    0.000577    3.104821 ^ _685_/A2 (sky130_fd_sc_hd__o21ai_4)
     5    0.036726    0.193006    0.302304    3.407125 v _685_/Y (sky130_fd_sc_hd__o21ai_4)
                                                         _032_ (net)
                      0.193007    0.000889    3.408014 v _421_/B1 (sky130_fd_sc_hd__a31oi_2)
     1    0.009110    0.288406    0.363497    3.771512 ^ _421_/Y (sky130_fd_sc_hd__a31oi_2)
                                                         _150_ (net)
                      0.288406    0.000277    3.771789 ^ _423_/C (sky130_fd_sc_hd__nand4_4)
     3    0.024656    0.290664    0.406460    4.178248 v _423_/Y (sky130_fd_sc_hd__nand4_4)
                                                         _152_ (net)
                      0.290664    0.000853    4.179101 v _578_/A2 (sky130_fd_sc_hd__a31oi_4)
     1    0.013137    0.260799    0.429575    4.608677 ^ _578_/Y (sky130_fd_sc_hd__a31oi_4)
                                                         _295_ (net)
                      0.260800    0.000775    4.609452 ^ _588_/A2 (sky130_fd_sc_hd__o21bai_2)
     1    0.004806    0.107922    0.188790    4.798242 v _588_/Y (sky130_fd_sc_hd__o21bai_2)
                                                         _304_ (net)
                      0.107922    0.000154    4.798396 v _590_/A2 (sky130_fd_sc_hd__o21ai_2)
     1    0.006231    0.190609    0.239369    5.037766 ^ _590_/Y (sky130_fd_sc_hd__o21ai_2)
                                                         net87 (net)
                      0.190609    0.000168    5.037933 ^ output87/A (sky130_fd_sc_hd__buf_6)
     1    0.034603    0.124076    0.292073    5.330006 ^ output87/X (sky130_fd_sc_hd__buf_6)
                                                         S[29] (net)
                      0.124079    0.000894    5.330900 ^ S[29] (out)
                                              5.330900   data arrival time

                      0.000000    4.000000    4.000000   clock __VIRTUAL_CLK__ (rise edge)
                                  0.000000    4.000000   clock network delay (ideal)
                                 -0.250000    3.750000   clock uncertainty
                                  0.000000    3.750000   clock reconvergence pessimism
                                 -0.800000    2.950000   output external delay
                                              2.950000   data required time
---------------------------------------------------------------------------------------------
                                              2.950000   data required time
                                             -5.330900   data arrival time
---------------------------------------------------------------------------------------------
                                             -2.380900   slack (VIOLATED)


Startpoint: sub (input port clocked by __VIRTUAL_CLK__)
Endpoint: S[25] (output port clocked by __VIRTUAL_CLK__)
Path Group: __VIRTUAL_CLK__
Path Type: max

Fanout         Cap        Slew       Delay        Time   Description
---------------------------------------------------------------------------------------------
                      0.000000    0.000000    0.000000   clock __VIRTUAL_CLK__ (rise edge)
                                  0.000000    0.000000   clock network delay (ideal)
                                  0.800000    0.800000 v input external delay
     1    0.010389    0.048956    0.034197    0.834197 v sub (in)
                                                         sub (net)
                      0.048958    0.000000    0.834197 v input65/A (sky130_fd_sc_hd__buf_12)
     8    0.051003    0.071234    0.256452    1.090650 v input65/X (sky130_fd_sc_hd__buf_12)
                                                         net65 (net)
                      0.071260    0.001699    1.092349 v fanout106/A (sky130_fd_sc_hd__buf_8)
     3    0.012133    0.043717    0.223010    1.315359 v fanout106/X (sky130_fd_sc_hd__buf_8)
                                                         net106 (net)
                      0.043717    0.000323    1.315682 v fanout102/A (sky130_fd_sc_hd__buf_8)
     2    0.011542    0.043282    0.208978    1.524659 v fanout102/X (sky130_fd_sc_hd__buf_8)
                                                         net102 (net)
                      0.043282    0.000447    1.525106 v load_slew103/A (sky130_fd_sc_hd__buf_8)
     5    0.025549    0.057509    0.226629    1.751735 v load_slew103/X (sky130_fd_sc_hd__buf_8)
                                                         net103 (net)
                      0.057521    0.000849    1.752585 v fanout100/A (sky130_fd_sc_hd__buf_8)
     5    0.022981    0.054618    0.230274    1.982859 v fanout100/X (sky130_fd_sc_hd__buf_8)
                                                         net100 (net)
                      0.054624    0.000580    1.983439 v load_slew101/A (sky130_fd_sc_hd__buf_8)
     4    0.020419    0.051929    0.225590    2.209028 v load_slew101/X (sky130_fd_sc_hd__buf_8)
                                                         net101 (net)
                      0.051957    0.000526    2.209555 v _364_/A2 (sky130_fd_sc_hd__o21ai_4)
     2    0.012989    0.241972    0.254691    2.464246 ^ _364_/Y (sky130_fd_sc_hd__o21ai_4)
                                                         _093_ (net)
                      0.241972    0.000480    2.464726 ^ _365_/B1 (sky130_fd_sc_hd__a21oi_4)
     2    0.004870    0.100510    0.109605    2.574331 v _365_/Y (sky130_fd_sc_hd__a21oi_4)
                                                         _094_ (net)
                      0.100510    0.000131    2.574462 v _376_/A_N (sky130_fd_sc_hd__nand4b_4)
     2    0.011575    0.189500    0.378764    2.953226 v _376_/Y (sky130_fd_sc_hd__nand4b_4)
                                                         _105_ (net)
                      0.189500    0.000316    2.953542 v _377_/A (sky130_fd_sc_hd__nor2_4)
     3    0.023764    0.280842    0.362247    3.315789 ^ _377_/Y (sky130_fd_sc_hd__nor2_4)
                                                         _106_ (net)
                      0.280842    0.000908    3.316698 ^ _410_/A (sky130_fd_sc_hd__nand4_4)
     3    0.020635    0.267186    0.320639    3.637337 v _410_/Y (sky130_fd_sc_hd__nand4_4)
                                                         _139_ (net)
                      0.267186    0.000689    3.638026 v _415_/C (sky130_fd_sc_hd__nand3_4)
     3    0.028781    0.190248    0.304038    3.942064 ^ _415_/Y (sky130_fd_sc_hd__nand3_4)
                                                         _144_ (net)
                      0.190253    0.001184    3.943248 ^ _520_/B2 (sky130_fd_sc_hd__o221ai_4)
     4    0.023874    0.254630    0.329546    4.272794 v _520_/Y (sky130_fd_sc_hd__o221ai_4)
                                                         _241_ (net)
                      0.254630    0.000640    4.273435 v rebuffer180/A (sky130_fd_sc_hd__buf_6)
     1    0.008571    0.042557    0.309327    4.582762 v rebuffer180/X (sky130_fd_sc_hd__buf_6)
                                                         net180 (net)
                      0.042557    0.000262    4.583025 v _528_/A1 (sky130_fd_sc_hd__a21oi_4)
     1    0.005347    0.155272    0.186950    4.769975 ^ _528_/Y (sky130_fd_sc_hd__a21oi_4)
                                                         _249_ (net)
                      0.155272    0.000164    4.770139 ^ _539_/A1 (sky130_fd_sc_hd__o21ai_2)
     1    0.005244    0.102558    0.165419    4.935557 v _539_/Y (sky130_fd_sc_hd__o21ai_2)
                                                         _259_ (net)
                      0.102558    0.000177    4.935735 v _540_/A (sky130_fd_sc_hd__nand2_2)
     1    0.007457    0.095210    0.125729    5.061463 ^ _540_/Y (sky130_fd_sc_hd__nand2_2)
                                                         net83 (net)
                      0.095211    0.000320    5.061783 ^ output83/A (sky130_fd_sc_hd__buf_6)
     1    0.035114    0.125262    0.247762    5.309545 ^ output83/X (sky130_fd_sc_hd__buf_6)
                                                         S[25] (net)
                      0.125264    0.000763    5.310308 ^ S[25] (out)
                                              5.310308   data arrival time

                      0.000000    4.000000    4.000000   clock __VIRTUAL_CLK__ (rise edge)
                                  0.000000    4.000000   clock network delay (ideal)
                                 -0.250000    3.750000   clock uncertainty
                                  0.000000    3.750000   clock reconvergence pessimism
                                 -0.800000    2.950000   output external delay
                                              2.950000   data required time
---------------------------------------------------------------------------------------------
                                              2.950000   data required time
                                             -5.310308   data arrival time
---------------------------------------------------------------------------------------------
                                             -2.360307   slack (VIOLATED)


Startpoint: sub (input port clocked by __VIRTUAL_CLK__)
Endpoint: carryOut (output port clocked by __VIRTUAL_CLK__)
Path Group: __VIRTUAL_CLK__
Path Type: max

Fanout         Cap        Slew       Delay        Time   Description
---------------------------------------------------------------------------------------------
                      0.000000    0.000000    0.000000   clock __VIRTUAL_CLK__ (rise edge)
                                  0.000000    0.000000   clock network delay (ideal)
                                  0.800000    0.800000 v input external delay
     1    0.010389    0.048956    0.034197    0.834197 v sub (in)
                                                         sub (net)
                      0.048958    0.000000    0.834197 v input65/A (sky130_fd_sc_hd__buf_12)
     8    0.051003    0.071234    0.256452    1.090650 v input65/X (sky130_fd_sc_hd__buf_12)
                                                         net65 (net)
                      0.071260    0.001699    1.092349 v fanout106/A (sky130_fd_sc_hd__buf_8)
     3    0.012133    0.043717    0.223010    1.315359 v fanout106/X (sky130_fd_sc_hd__buf_8)
                                                         net106 (net)
                      0.043717    0.000323    1.315682 v fanout102/A (sky130_fd_sc_hd__buf_8)
     2    0.011542    0.043282    0.208978    1.524659 v fanout102/X (sky130_fd_sc_hd__buf_8)
                                                         net102 (net)
                      0.043282    0.000447    1.525106 v load_slew103/A (sky130_fd_sc_hd__buf_8)
     5    0.025549    0.057509    0.226629    1.751735 v load_slew103/X (sky130_fd_sc_hd__buf_8)
                                                         net103 (net)
                      0.057521    0.000849    1.752585 v fanout100/A (sky130_fd_sc_hd__buf_8)
     5    0.022981    0.054618    0.230274    1.982859 v fanout100/X (sky130_fd_sc_hd__buf_8)
                                                         net100 (net)
                      0.054621    0.000461    1.983320 v _356_/A1 (sky130_fd_sc_hd__o21ai_2)
     3    0.020410    0.434488    0.442451    2.425772 ^ _356_/Y (sky130_fd_sc_hd__o21ai_2)
                                                         _085_ (net)
                      0.434488    0.000514    2.426285 ^ _407_/B1 (sky130_fd_sc_hd__o21ai_2)
     2    0.008474    0.142766    0.272028    2.698314 v _407_/Y (sky130_fd_sc_hd__o21ai_2)
                                                         _136_ (net)
                      0.142766    0.000276    2.698590 v _408_/B2 (sky130_fd_sc_hd__a2bb2oi_2)
     1    0.010776    0.257729    0.333010    3.031600 ^ _408_/Y (sky130_fd_sc_hd__a2bb2oi_2)
                                                         _137_ (net)
                      0.257729    0.000414    3.032014 ^ _409_/B (sky130_fd_sc_hd__nand2_4)
     2    0.015685    0.097653    0.192094    3.224108 v _409_/Y (sky130_fd_sc_hd__nand2_4)
                                                         _138_ (net)
                      0.097654    0.000574    3.224682 v _411_/A (sky130_fd_sc_hd__nand3_4)
     3    0.029551    0.186362    0.181086    3.405768 ^ _411_/Y (sky130_fd_sc_hd__nand3_4)
                                                         _140_ (net)
                      0.186364    0.000860    3.406629 ^ _415_/B (sky130_fd_sc_hd__nand3_4)
     3    0.026590    0.220569    0.286978    3.693606 v _415_/Y (sky130_fd_sc_hd__nand3_4)
                                                         _144_ (net)
                      0.220569    0.000946    3.694553 v _574_/B2 (sky130_fd_sc_hd__o221ai_4)
     3    0.027615    0.470795    0.478529    4.173081 ^ _574_/Y (sky130_fd_sc_hd__o221ai_4)
                                                         _291_ (net)
                      0.470798    0.002219    4.175300 ^ _577_/A (sky130_fd_sc_hd__nand2_4)
     5    0.021835    0.170213    0.278849    4.454150 v _577_/Y (sky130_fd_sc_hd__nand2_4)
                                                         _294_ (net)
                      0.170214    0.000747    4.454897 v _610_/A1 (sky130_fd_sc_hd__a21boi_2)
     1    0.010826    0.257516    0.351187    4.806084 ^ _610_/Y (sky130_fd_sc_hd__a21boi_2)
                                                         _324_ (net)
                      0.257516    0.000402    4.806487 ^ _651_/B2 (sky130_fd_sc_hd__o2bb2ai_4)
     1    0.002981    0.065216    0.154410    4.960896 v _651_/Y (sky130_fd_sc_hd__o2bb2ai_4)
                                                         net98 (net)
                      0.065216    0.000092    4.960989 v output98/A (sky130_fd_sc_hd__buf_4)
     1    0.035942    0.106305    0.320717    5.281705 v output98/X (sky130_fd_sc_hd__buf_4)
                                                         carryOut (net)
                      0.106309    0.000856    5.282561 v carryOut (out)
                                              5.282561   data arrival time

                      0.000000    4.000000    4.000000   clock __VIRTUAL_CLK__ (rise edge)
                                  0.000000    4.000000   clock network delay (ideal)
                                 -0.250000    3.750000   clock uncertainty
                                  0.000000    3.750000   clock reconvergence pessimism
                                 -0.800000    2.950000   output external delay
                                              2.950000   data required time
---------------------------------------------------------------------------------------------
                                              2.950000   data required time
                                             -5.282561   data arrival time
---------------------------------------------------------------------------------------------
                                             -2.332561   slack (VIOLATED)


Startpoint: sub (input port clocked by __VIRTUAL_CLK__)
Endpoint: S[18] (output port clocked by __VIRTUAL_CLK__)
Path Group: __VIRTUAL_CLK__
Path Type: max

Fanout         Cap        Slew       Delay        Time   Description
---------------------------------------------------------------------------------------------
                      0.000000    0.000000    0.000000   clock __VIRTUAL_CLK__ (rise edge)
                                  0.000000    0.000000   clock network delay (ideal)
                                  0.800000    0.800000 ^ input external delay
     1    0.011193    0.089308    0.061300    0.861300 ^ sub (in)
                                                         sub (net)
                      0.089310    0.000000    0.861300 ^ input65/A (sky130_fd_sc_hd__buf_12)
     8    0.052746    0.112119    0.238349    1.099648 ^ input65/X (sky130_fd_sc_hd__buf_12)
                                                         net65 (net)
                      0.112331    0.003403    1.103051 ^ fanout114/A (sky130_fd_sc_hd__buf_6)
     2    0.016971    0.074188    0.211715    1.314766 ^ fanout114/X (sky130_fd_sc_hd__buf_6)
                                                         net114 (net)
                      0.074188    0.000280    1.315046 ^ load_slew115/A (sky130_fd_sc_hd__buf_6)
     3    0.014023    0.065801    0.186100    1.501147 ^ load_slew115/X (sky130_fd_sc_hd__buf_6)
                                                         net115 (net)
                      0.065805    0.000572    1.501719 ^ fanout111/A (sky130_fd_sc_hd__buf_6)
     4    0.022580    0.090004    0.203496    1.705215 ^ fanout111/X (sky130_fd_sc_hd__buf_6)
                                                         net111 (net)
                      0.090015    0.001093    1.706308 ^ load_slew112/A (sky130_fd_sc_hd__buf_8)
     7    0.033742    0.103311    0.223006    1.929314 ^ load_slew112/X (sky130_fd_sc_hd__buf_8)
                                                         net112 (net)
                      0.103318    0.001020    1.930334 ^ _668_/A (sky130_fd_sc_hd__and2_4)
     1    0.010200    0.091217    0.321606    2.251940 ^ _668_/X (sky130_fd_sc_hd__and2_4)
                                                         _015_ (net)
                      0.091217    0.000344    2.252283 ^ _670_/A1 (sky130_fd_sc_hd__o21bai_4)
     4    0.018926    0.139390    0.196786    2.449069 v _670_/Y (sky130_fd_sc_hd__o21bai_4)
                                                         _017_ (net)
                      0.139391    0.000800    2.449869 v rebuffer132/A (sky130_fd_sc_hd__buf_4)
     2    0.007410    0.050963    0.291505    2.741375 v rebuffer132/X (sky130_fd_sc_hd__buf_4)
                                                         net132 (net)
                      0.050963    0.000216    2.741591 v _678_/B2 (sky130_fd_sc_hd__a22oi_2)
     1    0.013011    0.355323    0.362652    3.104243 ^ _678_/Y (sky130_fd_sc_hd__a22oi_2)
                                                         _025_ (net)
                      0.355323    0.000577    3.104821 ^ _685_/A2 (sky130_fd_sc_hd__o21ai_4)
     5    0.036726    0.193006    0.302304    3.407125 v _685_/Y (sky130_fd_sc_hd__o21ai_4)
                                                         _032_ (net)
                      0.193007    0.000889    3.408014 v _421_/B1 (sky130_fd_sc_hd__a31oi_2)
     1    0.009110    0.288406    0.363497    3.771512 ^ _421_/Y (sky130_fd_sc_hd__a31oi_2)
                                                         _150_ (net)
                      0.288406    0.000277    3.771789 ^ _423_/C (sky130_fd_sc_hd__nand4_4)
     3    0.024656    0.290664    0.406460    4.178248 v _423_/Y (sky130_fd_sc_hd__nand4_4)
                                                         _152_ (net)
                      0.290664    0.000747    4.178996 v _444_/A1 (sky130_fd_sc_hd__a31oi_4)
     1    0.010307    0.233515    0.361545    4.540541 ^ _444_/Y (sky130_fd_sc_hd__a31oi_4)
                                                         _171_ (net)
                      0.233515    0.000365    4.540905 ^ _445_/A (sky130_fd_sc_hd__xor2_2)
     1    0.011741    0.285131    0.389662    4.930567 ^ _445_/X (sky130_fd_sc_hd__xor2_2)
                                                         net75 (net)
                      0.285131    0.000719    4.931285 ^ output75/A (sky130_fd_sc_hd__buf_6)
     1    0.036193    0.129572    0.333755    5.265040 ^ output75/X (sky130_fd_sc_hd__buf_6)
                                                         S[18] (net)
                      0.129578    0.001096    5.266137 ^ S[18] (out)
                                              5.266137   data arrival time

                      0.000000    4.000000    4.000000   clock __VIRTUAL_CLK__ (rise edge)
                                  0.000000    4.000000   clock network delay (ideal)
                                 -0.250000    3.750000   clock uncertainty
                                  0.000000    3.750000   clock reconvergence pessimism
                                 -0.800000    2.950000   output external delay
                                              2.950000   data required time
---------------------------------------------------------------------------------------------
                                              2.950000   data required time
                                             -5.266137   data arrival time
---------------------------------------------------------------------------------------------
                                             -2.316137   slack (VIOLATED)


Startpoint: sub (input port clocked by __VIRTUAL_CLK__)
Endpoint: S[15] (output port clocked by __VIRTUAL_CLK__)
Path Group: __VIRTUAL_CLK__
Path Type: max

Fanout         Cap        Slew       Delay        Time   Description
---------------------------------------------------------------------------------------------
                      0.000000    0.000000    0.000000   clock __VIRTUAL_CLK__ (rise edge)
                                  0.000000    0.000000   clock network delay (ideal)
                                  0.800000    0.800000 ^ input external delay
     1    0.011193    0.089308    0.061300    0.861300 ^ sub (in)
                                                         sub (net)
                      0.089310    0.000000    0.861300 ^ input65/A (sky130_fd_sc_hd__buf_12)
     8    0.052746    0.112119    0.238349    1.099648 ^ input65/X (sky130_fd_sc_hd__buf_12)
                                                         net65 (net)
                      0.112144    0.001777    1.101426 ^ fanout106/A (sky130_fd_sc_hd__buf_8)
     3    0.013016    0.057068    0.193551    1.294977 ^ fanout106/X (sky130_fd_sc_hd__buf_8)
                                                         net106 (net)
                      0.057069    0.000310    1.295286 ^ rebuffer172/A (sky130_fd_sc_hd__buf_4)
     2    0.010247    0.070043    0.205932    1.501218 ^ rebuffer172/X (sky130_fd_sc_hd__buf_4)
                                                         net172 (net)
                      0.070044    0.000358    1.501576 ^ fanout104/A (sky130_fd_sc_hd__buf_6)
     3    0.015279    0.069307    0.187431    1.689007 ^ fanout104/X (sky130_fd_sc_hd__buf_6)
                                                         net104 (net)
                      0.069307    0.000269    1.689275 ^ load_slew105/A (sky130_fd_sc_hd__buf_8)
     7    0.046417    0.132636    0.236908    1.926184 ^ load_slew105/X (sky130_fd_sc_hd__buf_8)
                                                         net105 (net)
                      0.132824    0.003558    1.929742 ^ _718_/A2 (sky130_fd_sc_hd__o21ai_4)
     3    0.020230    0.159945    0.171718    2.101460 v _718_/Y (sky130_fd_sc_hd__o21ai_4)
                                                         _065_ (net)
                      0.159946    0.000611    2.102071 v rebuffer137/A (sky130_fd_sc_hd__buf_2)
     2    0.005304    0.054403    0.296054    2.398125 v rebuffer137/X (sky130_fd_sc_hd__buf_2)
                                                         net137 (net)
                      0.054403    0.000145    2.398269 v _723_/A1 (sky130_fd_sc_hd__o2111a_2)
     1    0.008894    0.096596    0.536166    2.934435 v _723_/X (sky130_fd_sc_hd__o2111a_2)
                                                         _070_ (net)
                      0.096596    0.000282    2.934717 v _414_/A1 (sky130_fd_sc_hd__a21oi_4)
     2    0.014972    0.238441    0.291025    3.225743 ^ _414_/Y (sky130_fd_sc_hd__a21oi_4)
                                                         _143_ (net)
                      0.238458    0.000642    3.226385 ^ rebuffer133/A (sky130_fd_sc_hd__buf_6)
     2    0.020846    0.085841    0.279949    3.506334 ^ rebuffer133/X (sky130_fd_sc_hd__buf_6)
                                                         net133 (net)
                      0.085842    0.000492    3.506825 ^ _640_/A (sky130_fd_sc_hd__nand4_4)
     4    0.021311    0.260873    0.253973    3.760798 v _640_/Y (sky130_fd_sc_hd__nand4_4)
                                                         _341_ (net)
                      0.260873    0.000766    3.761564 v _646_/A2 (sky130_fd_sc_hd__a21o_2)
     2    0.004822    0.067504    0.489474    4.251038 v _646_/X (sky130_fd_sc_hd__a21o_2)
                                                         _345_ (net)
                      0.067504    0.000099    4.251138 v _648_/D (sky130_fd_sc_hd__and4_2)
     1    0.008812    0.101666    0.543268    4.794406 v _648_/X (sky130_fd_sc_hd__and4_2)
                                                         _346_ (net)
                      0.101666    0.000279    4.794685 v _650_/A (sky130_fd_sc_hd__nor2_4)
     1    0.006535    0.124337    0.197304    4.991990 ^ _650_/Y (sky130_fd_sc_hd__nor2_4)
                                                         net72 (net)
                      0.124337    0.000248    4.992238 ^ output72/A (sky130_fd_sc_hd__buf_6)
     1    0.035008    0.125048    0.261395    5.253633 ^ output72/X (sky130_fd_sc_hd__buf_6)
                                                         S[15] (net)
                      0.125050    0.000813    5.254445 ^ S[15] (out)
                                              5.254445   data arrival time

                      0.000000    4.000000    4.000000   clock __VIRTUAL_CLK__ (rise edge)
                                  0.000000    4.000000   clock network delay (ideal)
                                 -0.250000    3.750000   clock uncertainty
                                  0.000000    3.750000   clock reconvergence pessimism
                                 -0.800000    2.950000   output external delay
                                              2.950000   data required time
---------------------------------------------------------------------------------------------
                                              2.950000   data required time
                                             -5.254445   data arrival time
---------------------------------------------------------------------------------------------
                                             -2.304445   slack (VIOLATED)


Startpoint: sub (input port clocked by __VIRTUAL_CLK__)
Endpoint: S[27] (output port clocked by __VIRTUAL_CLK__)
Path Group: __VIRTUAL_CLK__
Path Type: max

Fanout         Cap        Slew       Delay        Time   Description
---------------------------------------------------------------------------------------------
                      0.000000    0.000000    0.000000   clock __VIRTUAL_CLK__ (rise edge)
                                  0.000000    0.000000   clock network delay (ideal)
                                  0.800000    0.800000 v input external delay
     1    0.010389    0.048956    0.034197    0.834197 v sub (in)
                                                         sub (net)
                      0.048958    0.000000    0.834197 v input65/A (sky130_fd_sc_hd__buf_12)
     8    0.051003    0.071234    0.256452    1.090650 v input65/X (sky130_fd_sc_hd__buf_12)
                                                         net65 (net)
                      0.071260    0.001699    1.092349 v fanout106/A (sky130_fd_sc_hd__buf_8)
     3    0.012133    0.043717    0.223010    1.315359 v fanout106/X (sky130_fd_sc_hd__buf_8)
                                                         net106 (net)
                      0.043717    0.000323    1.315682 v fanout102/A (sky130_fd_sc_hd__buf_8)
     2    0.011542    0.043282    0.208978    1.524659 v fanout102/X (sky130_fd_sc_hd__buf_8)
                                                         net102 (net)
                      0.043282    0.000447    1.525106 v load_slew103/A (sky130_fd_sc_hd__buf_8)
     5    0.025549    0.057509    0.226629    1.751735 v load_slew103/X (sky130_fd_sc_hd__buf_8)
                                                         net103 (net)
                      0.057521    0.000849    1.752585 v fanout100/A (sky130_fd_sc_hd__buf_8)
     5    0.022981    0.054618    0.230274    1.982859 v fanout100/X (sky130_fd_sc_hd__buf_8)
                                                         net100 (net)
                      0.054624    0.000580    1.983439 v load_slew101/A (sky130_fd_sc_hd__buf_8)
     4    0.020419    0.051929    0.225590    2.209028 v load_slew101/X (sky130_fd_sc_hd__buf_8)
                                                         net101 (net)
                      0.051957    0.000526    2.209555 v _364_/A2 (sky130_fd_sc_hd__o21ai_4)
     2    0.012989    0.241972    0.254691    2.464246 ^ _364_/Y (sky130_fd_sc_hd__o21ai_4)
                                                         _093_ (net)
                      0.241972    0.000480    2.464726 ^ _365_/B1 (sky130_fd_sc_hd__a21oi_4)
     2    0.004870    0.100510    0.109605    2.574331 v _365_/Y (sky130_fd_sc_hd__a21oi_4)
                                                         _094_ (net)
                      0.100510    0.000131    2.574462 v _376_/A_N (sky130_fd_sc_hd__nand4b_4)
     2    0.011575    0.189500    0.378764    2.953226 v _376_/Y (sky130_fd_sc_hd__nand4b_4)
                                                         _105_ (net)
                      0.189500    0.000316    2.953542 v _377_/A (sky130_fd_sc_hd__nor2_4)
     3    0.023764    0.280842    0.362247    3.315789 ^ _377_/Y (sky130_fd_sc_hd__nor2_4)
                                                         _106_ (net)
                      0.280842    0.000908    3.316698 ^ _410_/A (sky130_fd_sc_hd__nand4_4)
     3    0.020635    0.267186    0.320639    3.637337 v _410_/Y (sky130_fd_sc_hd__nand4_4)
                                                         _139_ (net)
                      0.267186    0.000689    3.638026 v _415_/C (sky130_fd_sc_hd__nand3_4)
     3    0.028781    0.190248    0.304038    3.942064 ^ _415_/Y (sky130_fd_sc_hd__nand3_4)
                                                         _144_ (net)
                      0.190253    0.001184    3.943248 ^ _520_/B2 (sky130_fd_sc_hd__o221ai_4)
     4    0.023874    0.254630    0.329546    4.272794 v _520_/Y (sky130_fd_sc_hd__o221ai_4)
                                                         _241_ (net)
                      0.254630    0.000571    4.273365 v _559_/A1 (sky130_fd_sc_hd__a21oi_4)
     2    0.010316    0.194890    0.323534    4.596899 ^ _559_/Y (sky130_fd_sc_hd__a21oi_4)
                                                         _277_ (net)
                      0.194890    0.000233    4.597132 ^ _562_/A1 (sky130_fd_sc_hd__o21bai_2)
     1    0.004746    0.107594    0.200832    4.797964 v _562_/Y (sky130_fd_sc_hd__o21bai_2)
                                                         _280_ (net)
                      0.107594    0.000148    4.798112 v _564_/B1 (sky130_fd_sc_hd__o21ai_2)
     1    0.008349    0.224130    0.136743    4.934855 ^ _564_/Y (sky130_fd_sc_hd__o21ai_2)
                                                         net85 (net)
                      0.224130    0.000361    4.935215 ^ output85/A (sky130_fd_sc_hd__buf_6)
     1    0.034544    0.123992    0.308000    5.243216 ^ output85/X (sky130_fd_sc_hd__buf_6)
                                                         S[27] (net)
                      0.123993    0.000695    5.243910 ^ S[27] (out)
                                              5.243910   data arrival time

                      0.000000    4.000000    4.000000   clock __VIRTUAL_CLK__ (rise edge)
                                  0.000000    4.000000   clock network delay (ideal)
                                 -0.250000    3.750000   clock uncertainty
                                  0.000000    3.750000   clock reconvergence pessimism
                                 -0.800000    2.950000   output external delay
                                              2.950000   data required time
---------------------------------------------------------------------------------------------
                                              2.950000   data required time
                                             -5.243910   data arrival time
---------------------------------------------------------------------------------------------
                                             -2.293911   slack (VIOLATED)


Startpoint: sub (input port clocked by __VIRTUAL_CLK__)
Endpoint: S[16] (output port clocked by __VIRTUAL_CLK__)
Path Group: __VIRTUAL_CLK__
Path Type: max

Fanout         Cap        Slew       Delay        Time   Description
---------------------------------------------------------------------------------------------
                      0.000000    0.000000    0.000000   clock __VIRTUAL_CLK__ (rise edge)
                                  0.000000    0.000000   clock network delay (ideal)
                                  0.800000    0.800000 v input external delay
     1    0.010389    0.048956    0.034197    0.834197 v sub (in)
                                                         sub (net)
                      0.048958    0.000000    0.834197 v input65/A (sky130_fd_sc_hd__buf_12)
     8    0.051003    0.071234    0.256452    1.090650 v input65/X (sky130_fd_sc_hd__buf_12)
                                                         net65 (net)
                      0.071260    0.001699    1.092349 v fanout106/A (sky130_fd_sc_hd__buf_8)
     3    0.012133    0.043717    0.223010    1.315359 v fanout106/X (sky130_fd_sc_hd__buf_8)
                                                         net106 (net)
                      0.043717    0.000323    1.315682 v fanout102/A (sky130_fd_sc_hd__buf_8)
     2    0.011542    0.043282    0.208978    1.524659 v fanout102/X (sky130_fd_sc_hd__buf_8)
                                                         net102 (net)
                      0.043282    0.000447    1.525106 v load_slew103/A (sky130_fd_sc_hd__buf_8)
     5    0.025549    0.057509    0.226629    1.751735 v load_slew103/X (sky130_fd_sc_hd__buf_8)
                                                         net103 (net)
                      0.057521    0.000849    1.752585 v fanout100/A (sky130_fd_sc_hd__buf_8)
     5    0.022981    0.054618    0.230274    1.982859 v fanout100/X (sky130_fd_sc_hd__buf_8)
                                                         net100 (net)
                      0.054624    0.000580    1.983439 v load_slew101/A (sky130_fd_sc_hd__buf_8)
     4    0.020419    0.051929    0.225590    2.209028 v load_slew101/X (sky130_fd_sc_hd__buf_8)
                                                         net101 (net)
                      0.051957    0.000526    2.209555 v _364_/A2 (sky130_fd_sc_hd__o21ai_4)
     2    0.012989    0.241972    0.254691    2.464246 ^ _364_/Y (sky130_fd_sc_hd__o21ai_4)
                                                         _093_ (net)
                      0.241972    0.000480    2.464726 ^ _365_/B1 (sky130_fd_sc_hd__a21oi_4)
     2    0.004870    0.100510    0.109605    2.574331 v _365_/Y (sky130_fd_sc_hd__a21oi_4)
                                                         _094_ (net)
                      0.100510    0.000131    2.574462 v _376_/A_N (sky130_fd_sc_hd__nand4b_4)
     2    0.011575    0.189500    0.378764    2.953226 v _376_/Y (sky130_fd_sc_hd__nand4b_4)
                                                         _105_ (net)
                      0.189500    0.000316    2.953542 v _377_/A (sky130_fd_sc_hd__nor2_4)
     3    0.023764    0.280842    0.362247    3.315789 ^ _377_/Y (sky130_fd_sc_hd__nor2_4)
                                                         _106_ (net)
                      0.280842    0.000908    3.316698 ^ _410_/A (sky130_fd_sc_hd__nand4_4)
     3    0.020635    0.267186    0.320639    3.637337 v _410_/Y (sky130_fd_sc_hd__nand4_4)
                                                         _139_ (net)
                      0.267186    0.000689    3.638026 v _415_/C (sky130_fd_sc_hd__nand3_4)
     3    0.028781    0.190248    0.304038    3.942064 ^ _415_/Y (sky130_fd_sc_hd__nand3_4)
                                                         _144_ (net)
                      0.190248    0.000782    3.942845 ^ _424_/B1 (sky130_fd_sc_hd__o22ai_4)
     2    0.015697    0.141555    0.215060    4.157905 v _424_/Y (sky130_fd_sc_hd__o22ai_4)
                                                         _153_ (net)
                      0.141556    0.000774    4.158679 v rebuffer126/A (sky130_fd_sc_hd__buf_2)
     3    0.018920    0.105912    0.346425    4.505104 v rebuffer126/X (sky130_fd_sc_hd__buf_2)
                                                         net126 (net)
                      0.105913    0.000632    4.505735 v _425_/B (sky130_fd_sc_hd__xor2_2)
     1    0.003178    0.083322    0.279742    4.785478 v _425_/X (sky130_fd_sc_hd__xor2_2)
                                                         net73 (net)
                      0.083322    0.000103    4.785580 v output73/A (sky130_fd_sc_hd__buf_4)
     1    0.035575    0.105478    0.328745    5.114326 v output73/X (sky130_fd_sc_hd__buf_4)
                                                         S[16] (net)
                      0.105490    0.001206    5.115531 v S[16] (out)
                                              5.115531   data arrival time

                      0.000000    4.000000    4.000000   clock __VIRTUAL_CLK__ (rise edge)
                                  0.000000    4.000000   clock network delay (ideal)
                                 -0.250000    3.750000   clock uncertainty
                                  0.000000    3.750000   clock reconvergence pessimism
                                 -0.800000    2.950000   output external delay
                                              2.950000   data required time
---------------------------------------------------------------------------------------------
                                              2.950000   data required time
                                             -5.115531   data arrival time
---------------------------------------------------------------------------------------------
                                             -2.165531   slack (VIOLATED)


Startpoint: sub (input port clocked by __VIRTUAL_CLK__)
Endpoint: S[14] (output port clocked by __VIRTUAL_CLK__)
Path Group: __VIRTUAL_CLK__
Path Type: max

Fanout         Cap        Slew       Delay        Time   Description
---------------------------------------------------------------------------------------------
                      0.000000    0.000000    0.000000   clock __VIRTUAL_CLK__ (rise edge)
                                  0.000000    0.000000   clock network delay (ideal)
                                  0.800000    0.800000 v input external delay
     1    0.010389    0.048956    0.034197    0.834197 v sub (in)
                                                         sub (net)
                      0.048958    0.000000    0.834197 v input65/A (sky130_fd_sc_hd__buf_12)
     8    0.051003    0.071234    0.256452    1.090650 v input65/X (sky130_fd_sc_hd__buf_12)
                                                         net65 (net)
                      0.071260    0.001699    1.092349 v fanout106/A (sky130_fd_sc_hd__buf_8)
     3    0.012133    0.043717    0.223010    1.315359 v fanout106/X (sky130_fd_sc_hd__buf_8)
                                                         net106 (net)
                      0.043717    0.000323    1.315682 v fanout102/A (sky130_fd_sc_hd__buf_8)
     2    0.011542    0.043282    0.208978    1.524659 v fanout102/X (sky130_fd_sc_hd__buf_8)
                                                         net102 (net)
                      0.043282    0.000447    1.525106 v load_slew103/A (sky130_fd_sc_hd__buf_8)
     5    0.025549    0.057509    0.226629    1.751735 v load_slew103/X (sky130_fd_sc_hd__buf_8)
                                                         net103 (net)
                      0.057521    0.000849    1.752585 v fanout100/A (sky130_fd_sc_hd__buf_8)
     5    0.022981    0.054618    0.230274    1.982859 v fanout100/X (sky130_fd_sc_hd__buf_8)
                                                         net100 (net)
                      0.054624    0.000580    1.983439 v load_slew101/A (sky130_fd_sc_hd__buf_8)
     4    0.020419    0.051929    0.225590    2.209028 v load_slew101/X (sky130_fd_sc_hd__buf_8)
                                                         net101 (net)
                      0.051957    0.000526    2.209555 v _364_/A2 (sky130_fd_sc_hd__o21ai_4)
     2    0.012989    0.241972    0.254691    2.464246 ^ _364_/Y (sky130_fd_sc_hd__o21ai_4)
                                                         _093_ (net)
                      0.241972    0.000480    2.464726 ^ _365_/B1 (sky130_fd_sc_hd__a21oi_4)
     2    0.004870    0.100510    0.109605    2.574331 v _365_/Y (sky130_fd_sc_hd__a21oi_4)
                                                         _094_ (net)
                      0.100510    0.000131    2.574462 v _376_/A_N (sky130_fd_sc_hd__nand4b_4)
     2    0.011575    0.189500    0.378764    2.953226 v _376_/Y (sky130_fd_sc_hd__nand4b_4)
                                                         _105_ (net)
                      0.189500    0.000316    2.953542 v _377_/A (sky130_fd_sc_hd__nor2_4)
     3    0.023764    0.280842    0.362247    3.315789 ^ _377_/Y (sky130_fd_sc_hd__nor2_4)
                                                         _106_ (net)
                      0.280842    0.000908    3.316698 ^ _410_/A (sky130_fd_sc_hd__nand4_4)
     3    0.020635    0.267186    0.320639    3.637337 v _410_/Y (sky130_fd_sc_hd__nand4_4)
                                                         _139_ (net)
                      0.267186    0.000549    3.637886 v _640_/D (sky130_fd_sc_hd__nand4_4)
     4    0.022284    0.185160    0.303096    3.940981 ^ _640_/Y (sky130_fd_sc_hd__nand4_4)
                                                         _341_ (net)
                      0.185162    0.001102    3.942084 ^ _641_/A (sky130_fd_sc_hd__nand2_2)
     1    0.004978    0.078555    0.140881    4.082964 v _641_/Y (sky130_fd_sc_hd__nand2_2)
                                                         _342_ (net)
                      0.078555    0.000162    4.083126 v _645_/A2 (sky130_fd_sc_hd__o211ai_2)
     1    0.009256    0.276285    0.304881    4.388007 ^ _645_/Y (sky130_fd_sc_hd__o211ai_2)
                                                         _344_ (net)
                      0.276285    0.000214    4.388220 ^ _647_/B (sky130_fd_sc_hd__xor2_2)
     1    0.008355    0.229015    0.363764    4.751984 ^ _647_/X (sky130_fd_sc_hd__xor2_2)
                                                         net71 (net)
                      0.229016    0.000331    4.752315 ^ output71/A (sky130_fd_sc_hd__buf_6)
     1    0.034447    0.123768    0.309547    5.061862 ^ output71/X (sky130_fd_sc_hd__buf_6)
                                                         S[14] (net)
                      0.123769    0.000723    5.062585 ^ S[14] (out)
                                              5.062585   data arrival time

                      0.000000    4.000000    4.000000   clock __VIRTUAL_CLK__ (rise edge)
                                  0.000000    4.000000   clock network delay (ideal)
                                 -0.250000    3.750000   clock uncertainty
                                  0.000000    3.750000   clock reconvergence pessimism
                                 -0.800000    2.950000   output external delay
                                              2.950000   data required time
---------------------------------------------------------------------------------------------
                                              2.950000   data required time
                                             -5.062585   data arrival time
---------------------------------------------------------------------------------------------
                                             -2.112585   slack (VIOLATED)


Startpoint: sub (input port clocked by __VIRTUAL_CLK__)
Endpoint: S[6] (output port clocked by __VIRTUAL_CLK__)
Path Group: __VIRTUAL_CLK__
Path Type: max

Fanout         Cap        Slew       Delay        Time   Description
---------------------------------------------------------------------------------------------
                      0.000000    0.000000    0.000000   clock __VIRTUAL_CLK__ (rise edge)
                                  0.000000    0.000000   clock network delay (ideal)
                                  0.800000    0.800000 v input external delay
     1    0.010389    0.048956    0.034197    0.834197 v sub (in)
                                                         sub (net)
                      0.048958    0.000000    0.834197 v input65/A (sky130_fd_sc_hd__buf_12)
     8    0.051003    0.071234    0.256452    1.090650 v input65/X (sky130_fd_sc_hd__buf_12)
                                                         net65 (net)
                      0.071254    0.001164    1.091813 v fanout109/A (sky130_fd_sc_hd__dlygate4sd1_1)
     2    0.014077    0.150754    0.592409    1.684223 v fanout109/X (sky130_fd_sc_hd__dlygate4sd1_1)
                                                         net109 (net)
                      0.150754    0.000312    1.684535 v load_slew110/A (sky130_fd_sc_hd__buf_6)
     6    0.026971    0.068615    0.289680    1.974215 v load_slew110/X (sky130_fd_sc_hd__buf_6)
                                                         net110 (net)
                      0.068637    0.001233    1.975448 v _395_/A (sky130_fd_sc_hd__and2_4)
     4    0.021838    0.088295    0.303702    2.279150 v _395_/X (sky130_fd_sc_hd__and2_4)
                                                         _124_ (net)
                      0.088299    0.000754    2.279904 v _396_/A1 (sky130_fd_sc_hd__o21bai_4)
     3    0.014958    0.234425    0.308050    2.587954 ^ _396_/Y (sky130_fd_sc_hd__o21bai_4)
                                                         _125_ (net)
                      0.234425    0.000516    2.588470 ^ _405_/C1 (sky130_fd_sc_hd__o2111a_2)
     2    0.021018    0.221502    0.653028    3.241498 ^ _405_/X (sky130_fd_sc_hd__o2111a_2)
                                                         _134_ (net)
                      0.221502    0.000669    3.242167 ^ _624_/A2 (sky130_fd_sc_hd__a21oi_4)
     3    0.019656    0.138628    0.214770    3.456938 v _624_/Y (sky130_fd_sc_hd__a21oi_4)
                                                         _333_ (net)
                      0.138629    0.000547    3.457485 v _626_/B1 (sky130_fd_sc_hd__o22a_4)
     3    0.020532    0.122577    0.506254    3.963739 v _626_/X (sky130_fd_sc_hd__o22a_4)
                                                         _334_ (net)
                      0.122587    0.001201    3.964940 v _628_/B1 (sky130_fd_sc_hd__a22oi_2)
     1    0.009211    0.290747    0.297675    4.262614 ^ _628_/Y (sky130_fd_sc_hd__a22oi_2)
                                                         _335_ (net)
                      0.290747    0.000302    4.262917 ^ _629_/B (sky130_fd_sc_hd__xnor2_2)
     1    0.005124    0.193291    0.290692    4.553609 ^ _629_/Y (sky130_fd_sc_hd__xnor2_2)
                                                         net94 (net)
                      0.193291    0.000107    4.553715 ^ output94/A (sky130_fd_sc_hd__buf_6)
     1    0.035132    0.125651    0.294466    4.848181 ^ output94/X (sky130_fd_sc_hd__buf_6)
                                                         S[6] (net)
                      0.125657    0.001050    4.849231 ^ S[6] (out)
                                              4.849231   data arrival time

                      0.000000    4.000000    4.000000   clock __VIRTUAL_CLK__ (rise edge)
                                  0.000000    4.000000   clock network delay (ideal)
                                 -0.250000    3.750000   clock uncertainty
                                  0.000000    3.750000   clock reconvergence pessimism
                                 -0.800000    2.950000   output external delay
                                              2.950000   data required time
---------------------------------------------------------------------------------------------
                                              2.950000   data required time
                                             -4.849231   data arrival time
---------------------------------------------------------------------------------------------
                                             -1.899231   slack (VIOLATED)


Startpoint: sub (input port clocked by __VIRTUAL_CLK__)
Endpoint: S[12] (output port clocked by __VIRTUAL_CLK__)
Path Group: __VIRTUAL_CLK__
Path Type: max

Fanout         Cap        Slew       Delay        Time   Description
---------------------------------------------------------------------------------------------
                      0.000000    0.000000    0.000000   clock __VIRTUAL_CLK__ (rise edge)
                                  0.000000    0.000000   clock network delay (ideal)
                                  0.800000    0.800000 v input external delay
     1    0.010389    0.048956    0.034197    0.834197 v sub (in)
                                                         sub (net)
                      0.048958    0.000000    0.834197 v input65/A (sky130_fd_sc_hd__buf_12)
     8    0.051003    0.071234    0.256452    1.090650 v input65/X (sky130_fd_sc_hd__buf_12)
                                                         net65 (net)
                      0.071260    0.001699    1.092349 v fanout106/A (sky130_fd_sc_hd__buf_8)
     3    0.012133    0.043717    0.223010    1.315359 v fanout106/X (sky130_fd_sc_hd__buf_8)
                                                         net106 (net)
                      0.043717    0.000323    1.315682 v fanout102/A (sky130_fd_sc_hd__buf_8)
     2    0.011542    0.043282    0.208978    1.524659 v fanout102/X (sky130_fd_sc_hd__buf_8)
                                                         net102 (net)
                      0.043282    0.000447    1.525106 v load_slew103/A (sky130_fd_sc_hd__buf_8)
     5    0.025549    0.057509    0.226629    1.751735 v load_slew103/X (sky130_fd_sc_hd__buf_8)
                                                         net103 (net)
                      0.057521    0.000849    1.752585 v fanout100/A (sky130_fd_sc_hd__buf_8)
     5    0.022981    0.054618    0.230274    1.982859 v fanout100/X (sky130_fd_sc_hd__buf_8)
                                                         net100 (net)
                      0.054624    0.000580    1.983439 v load_slew101/A (sky130_fd_sc_hd__buf_8)
     4    0.020419    0.051929    0.225590    2.209028 v load_slew101/X (sky130_fd_sc_hd__buf_8)
                                                         net101 (net)
                      0.051957    0.000526    2.209555 v _364_/A2 (sky130_fd_sc_hd__o21ai_4)
     2    0.012989    0.241972    0.254691    2.464246 ^ _364_/Y (sky130_fd_sc_hd__o21ai_4)
                                                         _093_ (net)
                      0.241972    0.000480    2.464726 ^ _365_/B1 (sky130_fd_sc_hd__a21oi_4)
     2    0.004870    0.100510    0.109605    2.574331 v _365_/Y (sky130_fd_sc_hd__a21oi_4)
                                                         _094_ (net)
                      0.100510    0.000131    2.574462 v _376_/A_N (sky130_fd_sc_hd__nand4b_4)
     2    0.011575    0.189500    0.378764    2.953226 v _376_/Y (sky130_fd_sc_hd__nand4b_4)
                                                         _105_ (net)
                      0.189500    0.000316    2.953542 v _377_/A (sky130_fd_sc_hd__nor2_4)
     3    0.023764    0.280842    0.362247    3.315789 ^ _377_/Y (sky130_fd_sc_hd__nor2_4)
                                                         _106_ (net)
                      0.280842    0.000908    3.316698 ^ _410_/A (sky130_fd_sc_hd__nand4_4)
     3    0.020635    0.267186    0.320639    3.637337 v _410_/Y (sky130_fd_sc_hd__nand4_4)
                                                         _139_ (net)
                      0.267186    0.000549    3.637886 v _640_/D (sky130_fd_sc_hd__nand4_4)
     4    0.022284    0.185160    0.303096    3.940981 ^ _640_/Y (sky130_fd_sc_hd__nand4_4)
                                                         _341_ (net)
                      0.185162    0.001066    3.942048 ^ rebuffer159/A (sky130_fd_sc_hd__buf_2)
     1    0.009463    0.091873    0.276150    4.218198 ^ rebuffer159/X (sky130_fd_sc_hd__buf_2)
                                                         net159 (net)
                      0.091873    0.000224    4.218422 ^ _642_/B (sky130_fd_sc_hd__xor2_2)
     1    0.007358    0.213059    0.286672    4.505094 ^ _642_/X (sky130_fd_sc_hd__xor2_2)
                                                         net69 (net)
                      0.213059    0.000309    4.505404 ^ output69/A (sky130_fd_sc_hd__buf_6)
     1    0.035143    0.125743    0.303940    4.809343 ^ output69/X (sky130_fd_sc_hd__buf_6)
                                                         S[12] (net)
                      0.125748    0.001032    4.810375 ^ S[12] (out)
                                              4.810375   data arrival time

                      0.000000    4.000000    4.000000   clock __VIRTUAL_CLK__ (rise edge)
                                  0.000000    4.000000   clock network delay (ideal)
                                 -0.250000    3.750000   clock uncertainty
                                  0.000000    3.750000   clock reconvergence pessimism
                                 -0.800000    2.950000   output external delay
                                              2.950000   data required time
---------------------------------------------------------------------------------------------
                                              2.950000   data required time
                                             -4.810375   data arrival time
---------------------------------------------------------------------------------------------
                                             -1.860375   slack (VIOLATED)


Startpoint: sub (input port clocked by __VIRTUAL_CLK__)
Endpoint: S[13] (output port clocked by __VIRTUAL_CLK__)
Path Group: __VIRTUAL_CLK__
Path Type: max

Fanout         Cap        Slew       Delay        Time   Description
---------------------------------------------------------------------------------------------
                      0.000000    0.000000    0.000000   clock __VIRTUAL_CLK__ (rise edge)
                                  0.000000    0.000000   clock network delay (ideal)
                                  0.800000    0.800000 ^ input external delay
     1    0.011193    0.089308    0.061300    0.861300 ^ sub (in)
                                                         sub (net)
                      0.089310    0.000000    0.861300 ^ input65/A (sky130_fd_sc_hd__buf_12)
     8    0.052746    0.112119    0.238349    1.099648 ^ input65/X (sky130_fd_sc_hd__buf_12)
                                                         net65 (net)
                      0.112144    0.001777    1.101426 ^ fanout106/A (sky130_fd_sc_hd__buf_8)
     3    0.013016    0.057068    0.193551    1.294977 ^ fanout106/X (sky130_fd_sc_hd__buf_8)
                                                         net106 (net)
                      0.057069    0.000310    1.295286 ^ rebuffer172/A (sky130_fd_sc_hd__buf_4)
     2    0.010247    0.070043    0.205932    1.501218 ^ rebuffer172/X (sky130_fd_sc_hd__buf_4)
                                                         net172 (net)
                      0.070044    0.000358    1.501576 ^ fanout104/A (sky130_fd_sc_hd__buf_6)
     3    0.015279    0.069307    0.187431    1.689007 ^ fanout104/X (sky130_fd_sc_hd__buf_6)
                                                         net104 (net)
                      0.069307    0.000269    1.689275 ^ load_slew105/A (sky130_fd_sc_hd__buf_8)
     7    0.046417    0.132636    0.236908    1.926184 ^ load_slew105/X (sky130_fd_sc_hd__buf_8)
                                                         net105 (net)
                      0.132824    0.003558    1.929742 ^ _718_/A2 (sky130_fd_sc_hd__o21ai_4)
     3    0.020230    0.159945    0.171718    2.101460 v _718_/Y (sky130_fd_sc_hd__o21ai_4)
                                                         _065_ (net)
                      0.159946    0.000611    2.102071 v rebuffer137/A (sky130_fd_sc_hd__buf_2)
     2    0.005304    0.054403    0.296054    2.398125 v rebuffer137/X (sky130_fd_sc_hd__buf_2)
                                                         net137 (net)
                      0.054403    0.000145    2.398269 v _723_/A1 (sky130_fd_sc_hd__o2111a_2)
     1    0.008894    0.096596    0.536166    2.934435 v _723_/X (sky130_fd_sc_hd__o2111a_2)
                                                         _070_ (net)
                      0.096596    0.000282    2.934717 v _414_/A1 (sky130_fd_sc_hd__a21oi_4)
     2    0.014972    0.238441    0.291025    3.225743 ^ _414_/Y (sky130_fd_sc_hd__a21oi_4)
                                                         _143_ (net)
                      0.238458    0.000642    3.226385 ^ rebuffer133/A (sky130_fd_sc_hd__buf_6)
     2    0.020846    0.085841    0.279949    3.506334 ^ rebuffer133/X (sky130_fd_sc_hd__buf_6)
                                                         net133 (net)
                      0.085842    0.000492    3.506825 ^ _640_/A (sky130_fd_sc_hd__nand4_4)
     4    0.021311    0.260873    0.253973    3.760798 v _640_/Y (sky130_fd_sc_hd__nand4_4)
                                                         _341_ (net)
                      0.260873    0.001026    3.761824 v _643_/B1 (sky130_fd_sc_hd__a22o_4)
     1    0.008487    0.074883    0.505515    4.267339 v _643_/X (sky130_fd_sc_hd__a22o_4)
                                                         _343_ (net)
                      0.074883    0.000258    4.267598 v _644_/B (sky130_fd_sc_hd__xnor2_2)
     1    0.005024    0.100352    0.249982    4.517580 v _644_/Y (sky130_fd_sc_hd__xnor2_2)
                                                         net70 (net)
                      0.100352    0.000114    4.517694 v output70/A (sky130_fd_sc_hd__buf_6)
     1    0.034666    0.076449    0.274945    4.792638 v output70/X (sky130_fd_sc_hd__buf_6)
                                                         S[13] (net)
                      0.076454    0.000688    4.793327 v S[13] (out)
                                              4.793327   data arrival time

                      0.000000    4.000000    4.000000   clock __VIRTUAL_CLK__ (rise edge)
                                  0.000000    4.000000   clock network delay (ideal)
                                 -0.250000    3.750000   clock uncertainty
                                  0.000000    3.750000   clock reconvergence pessimism
                                 -0.800000    2.950000   output external delay
                                              2.950000   data required time
---------------------------------------------------------------------------------------------
                                              2.950000   data required time
                                             -4.793327   data arrival time
---------------------------------------------------------------------------------------------
                                             -1.843327   slack (VIOLATED)


Startpoint: sub (input port clocked by __VIRTUAL_CLK__)
Endpoint: S[8] (output port clocked by __VIRTUAL_CLK__)
Path Group: __VIRTUAL_CLK__
Path Type: max

Fanout         Cap        Slew       Delay        Time   Description
---------------------------------------------------------------------------------------------
                      0.000000    0.000000    0.000000   clock __VIRTUAL_CLK__ (rise edge)
                                  0.000000    0.000000   clock network delay (ideal)
                                  0.800000    0.800000 v input external delay
     1    0.010389    0.048956    0.034197    0.834197 v sub (in)
                                                         sub (net)
                      0.048958    0.000000    0.834197 v input65/A (sky130_fd_sc_hd__buf_12)
     8    0.051003    0.071234    0.256452    1.090650 v input65/X (sky130_fd_sc_hd__buf_12)
                                                         net65 (net)
                      0.071260    0.001699    1.092349 v fanout106/A (sky130_fd_sc_hd__buf_8)
     3    0.012133    0.043717    0.223010    1.315359 v fanout106/X (sky130_fd_sc_hd__buf_8)
                                                         net106 (net)
                      0.043717    0.000323    1.315682 v fanout102/A (sky130_fd_sc_hd__buf_8)
     2    0.011542    0.043282    0.208978    1.524659 v fanout102/X (sky130_fd_sc_hd__buf_8)
                                                         net102 (net)
                      0.043282    0.000447    1.525106 v load_slew103/A (sky130_fd_sc_hd__buf_8)
     5    0.025549    0.057509    0.226629    1.751735 v load_slew103/X (sky130_fd_sc_hd__buf_8)
                                                         net103 (net)
                      0.057521    0.000849    1.752585 v fanout100/A (sky130_fd_sc_hd__buf_8)
     5    0.022981    0.054618    0.230274    1.982859 v fanout100/X (sky130_fd_sc_hd__buf_8)
                                                         net100 (net)
                      0.054621    0.000461    1.983320 v _356_/A1 (sky130_fd_sc_hd__o21ai_2)
     3    0.020410    0.434488    0.442451    2.425772 ^ _356_/Y (sky130_fd_sc_hd__o21ai_2)
                                                         _085_ (net)
                      0.434488    0.000475    2.426246 ^ _360_/B1 (sky130_fd_sc_hd__o2111ai_4)
     3    0.017494    0.286296    0.465801    2.892047 v _360_/Y (sky130_fd_sc_hd__o2111ai_4)
                                                         _089_ (net)
                      0.286297    0.000607    2.892653 v _378_/A (sky130_fd_sc_hd__or2_4)
     1    0.005814    0.084299    0.591260    3.483913 v _378_/X (sky130_fd_sc_hd__or2_4)
                                                         _107_ (net)
                      0.084299    0.000202    3.484115 v _632_/B1 (sky130_fd_sc_hd__o2bb2ai_2)
     3    0.024524    0.509368    0.523925    4.008040 ^ _632_/Y (sky130_fd_sc_hd__o2bb2ai_2)
                                                         _337_ (net)
                      0.509374    0.001499    4.009540 ^ _633_/B (sky130_fd_sc_hd__xnor2_2)
     1    0.002619    0.151479    0.340839    4.350379 ^ _633_/Y (sky130_fd_sc_hd__xnor2_2)
                                                         net96 (net)
                      0.151479    0.000079    4.350458 ^ output96/A (sky130_fd_sc_hd__clkbuf_2)
     1    0.035459    0.304316    0.416965    4.767423 ^ output96/X (sky130_fd_sc_hd__clkbuf_2)
                                                         S[8] (net)
                      0.304316    0.001048    4.768471 ^ S[8] (out)
                                              4.768471   data arrival time

                      0.000000    4.000000    4.000000   clock __VIRTUAL_CLK__ (rise edge)
                                  0.000000    4.000000   clock network delay (ideal)
                                 -0.250000    3.750000   clock uncertainty
                                  0.000000    3.750000   clock reconvergence pessimism
                                 -0.800000    2.950000   output external delay
                                              2.950000   data required time
---------------------------------------------------------------------------------------------
                                              2.950000   data required time
                                             -4.768471   data arrival time
---------------------------------------------------------------------------------------------
                                             -1.818471   slack (VIOLATED)


Startpoint: sub (input port clocked by __VIRTUAL_CLK__)
Endpoint: S[5] (output port clocked by __VIRTUAL_CLK__)
Path Group: __VIRTUAL_CLK__
Path Type: max

Fanout         Cap        Slew       Delay        Time   Description
---------------------------------------------------------------------------------------------
                      0.000000    0.000000    0.000000   clock __VIRTUAL_CLK__ (rise edge)
                                  0.000000    0.000000   clock network delay (ideal)
                                  0.800000    0.800000 v input external delay
     1    0.010389    0.048956    0.034197    0.834197 v sub (in)
                                                         sub (net)
                      0.048958    0.000000    0.834197 v input65/A (sky130_fd_sc_hd__buf_12)
     8    0.051003    0.071234    0.256452    1.090650 v input65/X (sky130_fd_sc_hd__buf_12)
                                                         net65 (net)
                      0.071254    0.001164    1.091813 v fanout109/A (sky130_fd_sc_hd__dlygate4sd1_1)
     2    0.014077    0.150754    0.592409    1.684223 v fanout109/X (sky130_fd_sc_hd__dlygate4sd1_1)
                                                         net109 (net)
                      0.150754    0.000312    1.684535 v load_slew110/A (sky130_fd_sc_hd__buf_6)
     6    0.026971    0.068615    0.289680    1.974215 v load_slew110/X (sky130_fd_sc_hd__buf_6)
                                                         net110 (net)
                      0.068637    0.001233    1.975448 v _395_/A (sky130_fd_sc_hd__and2_4)
     4    0.021838    0.088295    0.303702    2.279150 v _395_/X (sky130_fd_sc_hd__and2_4)
                                                         _124_ (net)
                      0.088299    0.000754    2.279904 v _396_/A1 (sky130_fd_sc_hd__o21bai_4)
     3    0.014958    0.234425    0.308050    2.587954 ^ _396_/Y (sky130_fd_sc_hd__o21bai_4)
                                                         _125_ (net)
                      0.234425    0.000516    2.588470 ^ _405_/C1 (sky130_fd_sc_hd__o2111a_2)
     2    0.021018    0.221502    0.653028    3.241498 ^ _405_/X (sky130_fd_sc_hd__o2111a_2)
                                                         _134_ (net)
                      0.221502    0.000669    3.242167 ^ _624_/A2 (sky130_fd_sc_hd__a21oi_4)
     3    0.019656    0.138628    0.214770    3.456938 v _624_/Y (sky130_fd_sc_hd__a21oi_4)
                                                         _333_ (net)
                      0.138629    0.000547    3.457485 v _626_/B1 (sky130_fd_sc_hd__o22a_4)
     3    0.020532    0.122577    0.506254    3.963739 v _626_/X (sky130_fd_sc_hd__o22a_4)
                                                         _334_ (net)
                      0.122588    0.001245    3.964983 v _627_/B (sky130_fd_sc_hd__xnor2_2)
     1    0.002577    0.081120    0.254386    4.219370 v _627_/Y (sky130_fd_sc_hd__xnor2_2)
                                                         net93 (net)
                      0.081120    0.000053    4.219423 v output93/A (sky130_fd_sc_hd__buf_4)
     1    0.034553    0.103635    0.325998    4.545421 v output93/X (sky130_fd_sc_hd__buf_4)
                                                         S[5] (net)
                      0.103639    0.000824    4.546245 v S[5] (out)
                                              4.546245   data arrival time

                      0.000000    4.000000    4.000000   clock __VIRTUAL_CLK__ (rise edge)
                                  0.000000    4.000000   clock network delay (ideal)
                                 -0.250000    3.750000   clock uncertainty
                                  0.000000    3.750000   clock reconvergence pessimism
                                 -0.800000    2.950000   output external delay
                                              2.950000   data required time
---------------------------------------------------------------------------------------------
                                              2.950000   data required time
                                             -4.546245   data arrival time
---------------------------------------------------------------------------------------------
                                             -1.596245   slack (VIOLATED)


Startpoint: sub (input port clocked by __VIRTUAL_CLK__)
Endpoint: S[3] (output port clocked by __VIRTUAL_CLK__)
Path Group: __VIRTUAL_CLK__
Path Type: max

Fanout         Cap        Slew       Delay        Time   Description
---------------------------------------------------------------------------------------------
                      0.000000    0.000000    0.000000   clock __VIRTUAL_CLK__ (rise edge)
                                  0.000000    0.000000   clock network delay (ideal)
                                  0.800000    0.800000 v input external delay
     1    0.010389    0.048956    0.034197    0.834197 v sub (in)
                                                         sub (net)
                      0.048958    0.000000    0.834197 v input65/A (sky130_fd_sc_hd__buf_12)
     8    0.051003    0.071234    0.256452    1.090650 v input65/X (sky130_fd_sc_hd__buf_12)
                                                         net65 (net)
                      0.071254    0.001164    1.091813 v fanout109/A (sky130_fd_sc_hd__dlygate4sd1_1)
     2    0.014077    0.150754    0.592409    1.684223 v fanout109/X (sky130_fd_sc_hd__dlygate4sd1_1)
                                                         net109 (net)
                      0.150754    0.000312    1.684535 v load_slew110/A (sky130_fd_sc_hd__buf_6)
     6    0.026971    0.068615    0.289680    1.974215 v load_slew110/X (sky130_fd_sc_hd__buf_6)
                                                         net110 (net)
                      0.068619    0.000624    1.974839 v rebuffer230/A (sky130_fd_sc_hd__buf_4)
     4    0.015619    0.067158    0.278388    2.253227 v rebuffer230/X (sky130_fd_sc_hd__buf_4)
                                                         net230 (net)
                      0.067159    0.000440    2.253667 v _388_/A (sky130_fd_sc_hd__nor2_2)
     1    0.005046    0.169775    0.192489    2.446157 ^ _388_/Y (sky130_fd_sc_hd__nor2_2)
                                                         _117_ (net)
                      0.169775    0.000109    2.446265 ^ _391_/A2 (sky130_fd_sc_hd__o21bai_2)
     1    0.005156    0.111108    0.163887    2.610152 v _391_/Y (sky130_fd_sc_hd__o21bai_2)
                                                         _120_ (net)
                      0.111108    0.000170    2.610322 v _392_/C1 (sky130_fd_sc_hd__o211ai_2)
     1    0.010534    0.302036    0.158197    2.768519 ^ _392_/Y (sky130_fd_sc_hd__o211ai_2)
                                                         _121_ (net)
                      0.302036    0.000378    2.768897 ^ _393_/B (sky130_fd_sc_hd__nor2_4)
     4    0.027259    0.103471    0.187602    2.956500 v _393_/Y (sky130_fd_sc_hd__nor2_4)
                                                         _122_ (net)
                      0.103471    0.000513    2.957012 v _619_/C1 (sky130_fd_sc_hd__a211o_2)
     2    0.012477    0.130759    0.616174    3.573186 v _619_/X (sky130_fd_sc_hd__a211o_2)
                                                         _330_ (net)
                      0.130759    0.000473    3.573658 v _621_/A2 (sky130_fd_sc_hd__a21oi_2)
     1    0.002326    0.122133    0.235736    3.809394 ^ _621_/Y (sky130_fd_sc_hd__a21oi_2)
                                                         _331_ (net)
                      0.122133    0.000074    3.809469 ^ _623_/A_N (sky130_fd_sc_hd__nand2b_2)
     1    0.006962    0.091250    0.241005    4.050473 ^ _623_/Y (sky130_fd_sc_hd__nand2b_2)
                                                         net91 (net)
                      0.091250    0.000212    4.050685 ^ output91/A (sky130_fd_sc_hd__buf_6)
     1    0.034797    0.124337    0.245061    4.295746 ^ output91/X (sky130_fd_sc_hd__buf_6)
                                                         S[3] (net)
                      0.124341    0.000917    4.296664 ^ S[3] (out)
                                              4.296664   data arrival time

                      0.000000    4.000000    4.000000   clock __VIRTUAL_CLK__ (rise edge)
                                  0.000000    4.000000   clock network delay (ideal)
                                 -0.250000    3.750000   clock uncertainty
                                  0.000000    3.750000   clock reconvergence pessimism
                                 -0.800000    2.950000   output external delay
                                              2.950000   data required time
---------------------------------------------------------------------------------------------
                                              2.950000   data required time
                                             -4.296664   data arrival time
---------------------------------------------------------------------------------------------
                                             -1.346664   slack (VIOLATED)


Startpoint: sub (input port clocked by __VIRTUAL_CLK__)
Endpoint: S[2] (output port clocked by __VIRTUAL_CLK__)
Path Group: __VIRTUAL_CLK__
Path Type: max

Fanout         Cap        Slew       Delay        Time   Description
---------------------------------------------------------------------------------------------
                      0.000000    0.000000    0.000000   clock __VIRTUAL_CLK__ (rise edge)
                                  0.000000    0.000000   clock network delay (ideal)
                                  0.800000    0.800000 v input external delay
     1    0.010389    0.048956    0.034197    0.834197 v sub (in)
                                                         sub (net)
                      0.048958    0.000000    0.834197 v input65/A (sky130_fd_sc_hd__buf_12)
     8    0.051003    0.071234    0.256452    1.090650 v input65/X (sky130_fd_sc_hd__buf_12)
                                                         net65 (net)
                      0.071254    0.001164    1.091813 v fanout109/A (sky130_fd_sc_hd__dlygate4sd1_1)
     2    0.014077    0.150754    0.592409    1.684223 v fanout109/X (sky130_fd_sc_hd__dlygate4sd1_1)
                                                         net109 (net)
                      0.150754    0.000312    1.684535 v load_slew110/A (sky130_fd_sc_hd__buf_6)
     6    0.026971    0.068615    0.289680    1.974215 v load_slew110/X (sky130_fd_sc_hd__buf_6)
                                                         net110 (net)
                      0.068619    0.000624    1.974839 v rebuffer230/A (sky130_fd_sc_hd__buf_4)
     4    0.015619    0.067158    0.278388    2.253227 v rebuffer230/X (sky130_fd_sc_hd__buf_4)
                                                         net230 (net)
                      0.067159    0.000440    2.253667 v _388_/A (sky130_fd_sc_hd__nor2_2)
     1    0.005046    0.169775    0.192489    2.446157 ^ _388_/Y (sky130_fd_sc_hd__nor2_2)
                                                         _117_ (net)
                      0.169775    0.000109    2.446265 ^ _391_/A2 (sky130_fd_sc_hd__o21bai_2)
     1    0.005156    0.111108    0.163887    2.610152 v _391_/Y (sky130_fd_sc_hd__o21bai_2)
                                                         _120_ (net)
                      0.111108    0.000170    2.610322 v _392_/C1 (sky130_fd_sc_hd__o211ai_2)
     1    0.010534    0.302036    0.158197    2.768519 ^ _392_/Y (sky130_fd_sc_hd__o211ai_2)
                                                         _121_ (net)
                      0.302036    0.000378    2.768897 ^ _393_/B (sky130_fd_sc_hd__nor2_4)
     4    0.027259    0.103471    0.187602    2.956500 v _393_/Y (sky130_fd_sc_hd__nor2_4)
                                                         _122_ (net)
                      0.103477    0.000946    2.957445 v _618_/C1 (sky130_fd_sc_hd__a211o_2)
     1    0.008224    0.109340    0.587132    3.544578 v _618_/X (sky130_fd_sc_hd__a211o_2)
                                                         _329_ (net)
                      0.109340    0.000170    3.544748 v _620_/B (sky130_fd_sc_hd__xor2_2)
     1    0.002511    0.073176    0.276346    3.821094 v _620_/X (sky130_fd_sc_hd__xor2_2)
                                                         net88 (net)
                      0.073176    0.000051    3.821144 v output88/A (sky130_fd_sc_hd__buf_4)
     1    0.035666    0.105748    0.324168    4.145313 v output88/X (sky130_fd_sc_hd__buf_4)
                                                         S[2] (net)
                      0.105751    0.000742    4.146055 v S[2] (out)
                                              4.146055   data arrival time

                      0.000000    4.000000    4.000000   clock __VIRTUAL_CLK__ (rise edge)
                                  0.000000    4.000000   clock network delay (ideal)
                                 -0.250000    3.750000   clock uncertainty
                                  0.000000    3.750000   clock reconvergence pessimism
                                 -0.800000    2.950000   output external delay
                                              2.950000   data required time
---------------------------------------------------------------------------------------------
                                              2.950000   data required time
                                             -4.146055   data arrival time
---------------------------------------------------------------------------------------------
                                             -1.196055   slack (VIOLATED)


Startpoint: sub (input port clocked by __VIRTUAL_CLK__)
Endpoint: S[4] (output port clocked by __VIRTUAL_CLK__)
Path Group: __VIRTUAL_CLK__
Path Type: max

Fanout         Cap        Slew       Delay        Time   Description
---------------------------------------------------------------------------------------------
                      0.000000    0.000000    0.000000   clock __VIRTUAL_CLK__ (rise edge)
                                  0.000000    0.000000   clock network delay (ideal)
                                  0.800000    0.800000 v input external delay
     1    0.010389    0.048956    0.034197    0.834197 v sub (in)
                                                         sub (net)
                      0.048958    0.000000    0.834197 v input65/A (sky130_fd_sc_hd__buf_12)
     8    0.051003    0.071234    0.256452    1.090650 v input65/X (sky130_fd_sc_hd__buf_12)
                                                         net65 (net)
                      0.071260    0.001699    1.092349 v fanout106/A (sky130_fd_sc_hd__buf_8)
     3    0.012133    0.043717    0.223010    1.315359 v fanout106/X (sky130_fd_sc_hd__buf_8)
                                                         net106 (net)
                      0.043717    0.000323    1.315682 v fanout102/A (sky130_fd_sc_hd__buf_8)
     2    0.011542    0.043282    0.208978    1.524659 v fanout102/X (sky130_fd_sc_hd__buf_8)
                                                         net102 (net)
                      0.043282    0.000447    1.525106 v load_slew103/A (sky130_fd_sc_hd__buf_8)
     5    0.025549    0.057509    0.226629    1.751735 v load_slew103/X (sky130_fd_sc_hd__buf_8)
                                                         net103 (net)
                      0.057511    0.000437    1.752172 v rebuffer138/A (sky130_fd_sc_hd__buf_2)
     1    0.009669    0.071017    0.264448    2.016620 v rebuffer138/X (sky130_fd_sc_hd__buf_2)
                                                         net138 (net)
                      0.071017    0.000336    2.016956 v _382_/A (sky130_fd_sc_hd__nor2_4)
     3    0.022840    0.274025    0.303103    2.320059 ^ _382_/Y (sky130_fd_sc_hd__nor2_4)
                                                         _111_ (net)
                      0.274025    0.000470    2.320529 ^ _416_/A1 (sky130_fd_sc_hd__o22ai_2)
     2    0.008109    0.138362    0.279340    2.599869 v _416_/Y (sky130_fd_sc_hd__o22ai_2)
                                                         _145_ (net)
                      0.138363    0.000222    2.600091 v _417_/B1 (sky130_fd_sc_hd__a21oi_2)
     1    0.010741    0.258384    0.300507    2.900598 ^ _417_/Y (sky130_fd_sc_hd__a21oi_2)
                                                         _146_ (net)
                      0.258384    0.000417    2.901015 ^ _419_/B2 (sky130_fd_sc_hd__o22ai_4)
     3    0.023278    0.156775    0.250942    3.151957 v _419_/Y (sky130_fd_sc_hd__o22ai_4)
                                                         _148_ (net)
                      0.156775    0.000670    3.152627 v _624_/B1 (sky130_fd_sc_hd__a21oi_4)
     3    0.020764    0.293585    0.342664    3.495290 ^ _624_/Y (sky130_fd_sc_hd__a21oi_4)
                                                         _333_ (net)
                      0.293585    0.000584    3.495875 ^ _625_/B (sky130_fd_sc_hd__xnor2_2)
     1    0.007921    0.240572    0.309148    3.805023 ^ _625_/Y (sky130_fd_sc_hd__xnor2_2)
                                                         net92 (net)
                      0.240572    0.000347    3.805370 ^ output92/A (sky130_fd_sc_hd__buf_6)
     1    0.034775    0.124886    0.314385    4.119755 ^ output92/X (sky130_fd_sc_hd__buf_6)
                                                         S[4] (net)
                      0.124890    0.000935    4.120690 ^ S[4] (out)
                                              4.120690   data arrival time

                      0.000000    4.000000    4.000000   clock __VIRTUAL_CLK__ (rise edge)
                                  0.000000    4.000000   clock network delay (ideal)
                                 -0.250000    3.750000   clock uncertainty
                                  0.000000    3.750000   clock reconvergence pessimism
                                 -0.800000    2.950000   output external delay
                                              2.950000   data required time
---------------------------------------------------------------------------------------------
                                              2.950000   data required time
                                             -4.120690   data arrival time
---------------------------------------------------------------------------------------------
                                             -1.170690   slack (VIOLATED)


Startpoint: B[0] (input port clocked by __VIRTUAL_CLK__)
Endpoint: S[1] (output port clocked by __VIRTUAL_CLK__)
Path Group: __VIRTUAL_CLK__
Path Type: max

Fanout         Cap        Slew       Delay        Time   Description
---------------------------------------------------------------------------------------------
                      0.000000    0.000000    0.000000   clock __VIRTUAL_CLK__ (rise edge)
                                  0.000000    0.000000   clock network delay (ideal)
                                  0.800000    0.800000 ^ input external delay
     1    0.004132    0.041223    0.023976    0.823976 ^ B[0] (in)
                                                         B[0] (net)
                      0.041223    0.000000    0.823976 ^ input33/A (sky130_fd_sc_hd__dlymetal6s4s_1)
     7    0.041352    0.637547    0.732544    1.556520 ^ input33/X (sky130_fd_sc_hd__dlymetal6s4s_1)
                                                         net33 (net)
                      0.637726    0.001113    1.557633 ^ _616_/S (sky130_fd_sc_hd__mux2_1)
     1    0.008818    0.166717    0.991792    2.549424 v _616_/X (sky130_fd_sc_hd__mux2_1)
                                                         _328_ (net)
                      0.166717    0.000273    2.549697 v _617_/A (sky130_fd_sc_hd__xnor2_2)
     1    0.005381    0.197555    0.308890    2.858587 ^ _617_/Y (sky130_fd_sc_hd__xnor2_2)
                                                         net77 (net)
                      0.197555    0.000171    2.858757 ^ output77/A (sky130_fd_sc_hd__buf_6)
     1    0.035268    0.126051    0.296876    3.155633 ^ output77/X (sky130_fd_sc_hd__buf_6)
                                                         S[1] (net)
                      0.126054    0.000928    3.156561 ^ S[1] (out)
                                              3.156561   data arrival time

                      0.000000    4.000000    4.000000   clock __VIRTUAL_CLK__ (rise edge)
                                  0.000000    4.000000   clock network delay (ideal)
                                 -0.250000    3.750000   clock uncertainty
                                  0.000000    3.750000   clock reconvergence pessimism
                                 -0.800000    2.950000   output external delay
                                              2.950000   data required time
---------------------------------------------------------------------------------------------
                                              2.950000   data required time
                                             -3.156561   data arrival time
---------------------------------------------------------------------------------------------
                                             -0.206561   slack (VIOLATED)


Startpoint: B[0] (input port clocked by __VIRTUAL_CLK__)
Endpoint: S[0] (output port clocked by __VIRTUAL_CLK__)
Path Group: __VIRTUAL_CLK__
Path Type: max

Fanout         Cap        Slew       Delay        Time   Description
---------------------------------------------------------------------------------------------
                      0.000000    0.000000    0.000000   clock __VIRTUAL_CLK__ (rise edge)
                                  0.000000    0.000000   clock network delay (ideal)
                                  0.800000    0.800000 ^ input external delay
     1    0.004132    0.041223    0.023976    0.823976 ^ B[0] (in)
                                                         B[0] (net)
                      0.041223    0.000000    0.823976 ^ input33/A (sky130_fd_sc_hd__dlymetal6s4s_1)
     7    0.041352    0.637547    0.732544    1.556520 ^ input33/X (sky130_fd_sc_hd__dlymetal6s4s_1)
                                                         net33 (net)
                      0.637727    0.001264    1.557784 ^ _615_/B (sky130_fd_sc_hd__xor2_2)
     1    0.004332    0.169765    0.399147    1.956931 ^ _615_/X (sky130_fd_sc_hd__xor2_2)
                                                         net66 (net)
                      0.169765    0.000163    1.957094 ^ output66/A (sky130_fd_sc_hd__clkdlybuf4s25_1)
     1    0.037216    0.599828    0.932632    2.889726 ^ output66/X (sky130_fd_sc_hd__clkdlybuf4s25_1)
                                                         S[0] (net)
                      0.599828    0.001145    2.890872 ^ S[0] (out)
                                              2.890872   data arrival time

                      0.000000    4.000000    4.000000   clock __VIRTUAL_CLK__ (rise edge)
                                  0.000000    4.000000   clock network delay (ideal)
                                 -0.250000    3.750000   clock uncertainty
                                  0.000000    3.750000   clock reconvergence pessimism
                                 -0.800000    2.950000   output external delay
                                              2.950000   data required time
---------------------------------------------------------------------------------------------
                                              2.950000   data required time
                                             -2.890872   data arrival time
---------------------------------------------------------------------------------------------
                                              0.059128   slack (MET)



%OL_END_REPORT
%OL_CREATE_REPORT checks.rpt

===========================================================================
report_checks -unconstrained
===========================================================================
======================= nom_ss_100C_1v60 Corner ===================================

Startpoint: sub (input port clocked by __VIRTUAL_CLK__)
Endpoint: S[22] (output port clocked by __VIRTUAL_CLK__)
Path Group: __VIRTUAL_CLK__
Path Type: max

Fanout         Cap        Slew       Delay        Time   Description
---------------------------------------------------------------------------------------------
                      0.000000    0.000000    0.000000   clock __VIRTUAL_CLK__ (rise edge)
                                  0.000000    0.000000   clock network delay (ideal)
                                  0.800000    0.800000 v input external delay
     1    0.010389    0.048956    0.034197    0.834197 v sub (in)
                                                         sub (net)
                      0.048958    0.000000    0.834197 v input65/A (sky130_fd_sc_hd__buf_12)
     8    0.051003    0.071234    0.256452    1.090650 v input65/X (sky130_fd_sc_hd__buf_12)
                                                         net65 (net)
                      0.071260    0.001699    1.092349 v fanout106/A (sky130_fd_sc_hd__buf_8)
     3    0.012133    0.043717    0.223010    1.315359 v fanout106/X (sky130_fd_sc_hd__buf_8)
                                                         net106 (net)
                      0.043717    0.000323    1.315682 v fanout102/A (sky130_fd_sc_hd__buf_8)
     2    0.011542    0.043282    0.208978    1.524659 v fanout102/X (sky130_fd_sc_hd__buf_8)
                                                         net102 (net)
                      0.043282    0.000447    1.525106 v load_slew103/A (sky130_fd_sc_hd__buf_8)
     5    0.025549    0.057509    0.226629    1.751735 v load_slew103/X (sky130_fd_sc_hd__buf_8)
                                                         net103 (net)
                      0.057521    0.000849    1.752585 v fanout100/A (sky130_fd_sc_hd__buf_8)
     5    0.022981    0.054618    0.230274    1.982859 v fanout100/X (sky130_fd_sc_hd__buf_8)
                                                         net100 (net)
                      0.054624    0.000580    1.983439 v load_slew101/A (sky130_fd_sc_hd__buf_8)
     4    0.020419    0.051929    0.225590    2.209028 v load_slew101/X (sky130_fd_sc_hd__buf_8)
                                                         net101 (net)
                      0.051957    0.000526    2.209555 v _364_/A2 (sky130_fd_sc_hd__o21ai_4)
     2    0.012989    0.241972    0.254691    2.464246 ^ _364_/Y (sky130_fd_sc_hd__o21ai_4)
                                                         _093_ (net)
                      0.241972    0.000480    2.464726 ^ _365_/B1 (sky130_fd_sc_hd__a21oi_4)
     2    0.004870    0.100510    0.109605    2.574331 v _365_/Y (sky130_fd_sc_hd__a21oi_4)
                                                         _094_ (net)
                      0.100510    0.000131    2.574462 v _376_/A_N (sky130_fd_sc_hd__nand4b_4)
     2    0.011575    0.189500    0.378764    2.953226 v _376_/Y (sky130_fd_sc_hd__nand4b_4)
                                                         _105_ (net)
                      0.189500    0.000316    2.953542 v _377_/A (sky130_fd_sc_hd__nor2_4)
     3    0.023764    0.280842    0.362247    3.315789 ^ _377_/Y (sky130_fd_sc_hd__nor2_4)
                                                         _106_ (net)
                      0.280842    0.000908    3.316698 ^ _410_/A (sky130_fd_sc_hd__nand4_4)
     3    0.020635    0.267186    0.320639    3.637337 v _410_/Y (sky130_fd_sc_hd__nand4_4)
                                                         _139_ (net)
                      0.267186    0.000689    3.638026 v _415_/C (sky130_fd_sc_hd__nand3_4)
     3    0.028781    0.190248    0.304038    3.942064 ^ _415_/Y (sky130_fd_sc_hd__nand3_4)
                                                         _144_ (net)
                      0.190248    0.000782    3.942845 ^ _424_/B1 (sky130_fd_sc_hd__o22ai_4)
     2    0.015697    0.141555    0.215060    4.157905 v _424_/Y (sky130_fd_sc_hd__o22ai_4)
                                                         _153_ (net)
                      0.141556    0.000907    4.158812 v _470_/B1 (sky130_fd_sc_hd__o22ai_4)
     7    0.044272    0.589288    0.547976    4.706788 ^ _470_/Y (sky130_fd_sc_hd__o22ai_4)
                                                         _195_ (net)
                      0.589299    0.002091    4.708879 ^ rebuffer124/A (sky130_fd_sc_hd__buf_6)
     1    0.005508    0.052206    0.363799    5.072677 ^ rebuffer124/X (sky130_fd_sc_hd__buf_6)
                                                         net124 (net)
                      0.052206    0.000186    5.072863 ^ _495_/A1 (sky130_fd_sc_hd__a211o_4)
     1    0.009791    0.072209    0.246451    5.319314 ^ _495_/X (sky130_fd_sc_hd__a211o_4)
                                                         _218_ (net)
                      0.072210    0.000335    5.319649 ^ _497_/A (sky130_fd_sc_hd__nand2_4)
     1    0.006878    0.054199    0.085603    5.405252 v _497_/Y (sky130_fd_sc_hd__nand2_4)
                                                         net80 (net)
                      0.054200    0.000213    5.405465 v output80/A (sky130_fd_sc_hd__buf_8)
     1    0.034666    0.068126    0.243442    5.648907 v output80/X (sky130_fd_sc_hd__buf_8)
                                                         S[22] (net)
                      0.068137    0.000915    5.649822 v S[22] (out)
                                              5.649822   data arrival time

                      0.000000    4.000000    4.000000   clock __VIRTUAL_CLK__ (rise edge)
                                  0.000000    4.000000   clock network delay (ideal)
                                 -0.250000    3.750000   clock uncertainty
                                  0.000000    3.750000   clock reconvergence pessimism
                                 -0.800000    2.950000   output external delay
                                              2.950000   data required time
---------------------------------------------------------------------------------------------
                                              2.950000   data required time
                                             -5.649822   data arrival time
---------------------------------------------------------------------------------------------
                                             -2.699822   slack (VIOLATED)




===========================================================================
report_checks --slack_max -0.01
============================================================================
======================= nom_ss_100C_1v60 Corner ===================================

Startpoint: sub (input port clocked by __VIRTUAL_CLK__)
Endpoint: S[22] (output port clocked by __VIRTUAL_CLK__)
Path Group: __VIRTUAL_CLK__
Path Type: max

Fanout         Cap        Slew       Delay        Time   Description
---------------------------------------------------------------------------------------------
                      0.000000    0.000000    0.000000   clock __VIRTUAL_CLK__ (rise edge)
                                  0.000000    0.000000   clock network delay (ideal)
                                  0.800000    0.800000 v input external delay
     1    0.010389    0.048956    0.034197    0.834197 v sub (in)
                                                         sub (net)
                      0.048958    0.000000    0.834197 v input65/A (sky130_fd_sc_hd__buf_12)
     8    0.051003    0.071234    0.256452    1.090650 v input65/X (sky130_fd_sc_hd__buf_12)
                                                         net65 (net)
                      0.071260    0.001699    1.092349 v fanout106/A (sky130_fd_sc_hd__buf_8)
     3    0.012133    0.043717    0.223010    1.315359 v fanout106/X (sky130_fd_sc_hd__buf_8)
                                                         net106 (net)
                      0.043717    0.000323    1.315682 v fanout102/A (sky130_fd_sc_hd__buf_8)
     2    0.011542    0.043282    0.208978    1.524659 v fanout102/X (sky130_fd_sc_hd__buf_8)
                                                         net102 (net)
                      0.043282    0.000447    1.525106 v load_slew103/A (sky130_fd_sc_hd__buf_8)
     5    0.025549    0.057509    0.226629    1.751735 v load_slew103/X (sky130_fd_sc_hd__buf_8)
                                                         net103 (net)
                      0.057521    0.000849    1.752585 v fanout100/A (sky130_fd_sc_hd__buf_8)
     5    0.022981    0.054618    0.230274    1.982859 v fanout100/X (sky130_fd_sc_hd__buf_8)
                                                         net100 (net)
                      0.054624    0.000580    1.983439 v load_slew101/A (sky130_fd_sc_hd__buf_8)
     4    0.020419    0.051929    0.225590    2.209028 v load_slew101/X (sky130_fd_sc_hd__buf_8)
                                                         net101 (net)
                      0.051957    0.000526    2.209555 v _364_/A2 (sky130_fd_sc_hd__o21ai_4)
     2    0.012989    0.241972    0.254691    2.464246 ^ _364_/Y (sky130_fd_sc_hd__o21ai_4)
                                                         _093_ (net)
                      0.241972    0.000480    2.464726 ^ _365_/B1 (sky130_fd_sc_hd__a21oi_4)
     2    0.004870    0.100510    0.109605    2.574331 v _365_/Y (sky130_fd_sc_hd__a21oi_4)
                                                         _094_ (net)
                      0.100510    0.000131    2.574462 v _376_/A_N (sky130_fd_sc_hd__nand4b_4)
     2    0.011575    0.189500    0.378764    2.953226 v _376_/Y (sky130_fd_sc_hd__nand4b_4)
                                                         _105_ (net)
                      0.189500    0.000316    2.953542 v _377_/A (sky130_fd_sc_hd__nor2_4)
     3    0.023764    0.280842    0.362247    3.315789 ^ _377_/Y (sky130_fd_sc_hd__nor2_4)
                                                         _106_ (net)
                      0.280842    0.000908    3.316698 ^ _410_/A (sky130_fd_sc_hd__nand4_4)
     3    0.020635    0.267186    0.320639    3.637337 v _410_/Y (sky130_fd_sc_hd__nand4_4)
                                                         _139_ (net)
                      0.267186    0.000689    3.638026 v _415_/C (sky130_fd_sc_hd__nand3_4)
     3    0.028781    0.190248    0.304038    3.942064 ^ _415_/Y (sky130_fd_sc_hd__nand3_4)
                                                         _144_ (net)
                      0.190248    0.000782    3.942845 ^ _424_/B1 (sky130_fd_sc_hd__o22ai_4)
     2    0.015697    0.141555    0.215060    4.157905 v _424_/Y (sky130_fd_sc_hd__o22ai_4)
                                                         _153_ (net)
                      0.141556    0.000907    4.158812 v _470_/B1 (sky130_fd_sc_hd__o22ai_4)
     7    0.044272    0.589288    0.547976    4.706788 ^ _470_/Y (sky130_fd_sc_hd__o22ai_4)
                                                         _195_ (net)
                      0.589299    0.002091    4.708879 ^ rebuffer124/A (sky130_fd_sc_hd__buf_6)
     1    0.005508    0.052206    0.363799    5.072677 ^ rebuffer124/X (sky130_fd_sc_hd__buf_6)
                                                         net124 (net)
                      0.052206    0.000186    5.072863 ^ _495_/A1 (sky130_fd_sc_hd__a211o_4)
     1    0.009791    0.072209    0.246451    5.319314 ^ _495_/X (sky130_fd_sc_hd__a211o_4)
                                                         _218_ (net)
                      0.072210    0.000335    5.319649 ^ _497_/A (sky130_fd_sc_hd__nand2_4)
     1    0.006878    0.054199    0.085603    5.405252 v _497_/Y (sky130_fd_sc_hd__nand2_4)
                                                         net80 (net)
                      0.054200    0.000213    5.405465 v output80/A (sky130_fd_sc_hd__buf_8)
     1    0.034666    0.068126    0.243442    5.648907 v output80/X (sky130_fd_sc_hd__buf_8)
                                                         S[22] (net)
                      0.068137    0.000915    5.649822 v S[22] (out)
                                              5.649822   data arrival time

                      0.000000    4.000000    4.000000   clock __VIRTUAL_CLK__ (rise edge)
                                  0.000000    4.000000   clock network delay (ideal)
                                 -0.250000    3.750000   clock uncertainty
                                  0.000000    3.750000   clock reconvergence pessimism
                                 -0.800000    2.950000   output external delay
                                              2.950000   data required time
---------------------------------------------------------------------------------------------
                                              2.950000   data required time
                                             -5.649822   data arrival time
---------------------------------------------------------------------------------------------
                                             -2.699822   slack (VIOLATED)




===========================================================================
 report_check_types -max_slew -max_cap -max_fanout -violators
============================================================================
======================= nom_ss_100C_1v60 Corner ===================================



===========================================================================
report_parasitic_annotation -report_unannotated
============================================================================
Found 0 unannotated drivers.
Found 0 partially unannotated drivers.

===========================================================================
max slew violation count 0
%OL_METRIC_I design__max_slew_violation__count__corner:nom_ss_100C_1v60 0
max fanout violation count 0
%OL_METRIC_I design__max_fanout_violation__count__corner:nom_ss_100C_1v60 0
max cap violation count 0
%OL_METRIC_I design__max_cap_violation__count__corner:nom_ss_100C_1v60 0
============================================================================

===========================================================================
check_setup -verbose -unconstrained_endpoints -multiple_clock -no_clock -no_input_delay -loops -generated_clocks
===========================================================================
%OL_END_REPORT
%OL_CREATE_REPORT power.rpt

===========================================================================
 report_power
============================================================================
======================= nom_ss_100C_1v60 Corner ===================================

Group                    Internal    Switching      Leakage        Total
                            Power        Power        Power        Power (Watts)
------------------------------------------------------------------------
Sequential           0.000000e+00 0.000000e+00 0.000000e+00 0.000000e+00   0.0%
Combinational        4.387260e-04 4.927757e-04 3.099218e-06 9.346009e-04 100.0%
Clock                0.000000e+00 0.000000e+00 2.559909e-09 2.559909e-09   0.0%
Macro                0.000000e+00 0.000000e+00 0.000000e+00 0.000000e+00   0.0%
Pad                  0.000000e+00 0.000000e+00 0.000000e+00 0.000000e+00   0.0%
------------------------------------------------------------------------
Total                4.387260e-04 4.927757e-04 3.101778e-06 9.346035e-04 100.0%
                            46.9%        52.7%         0.3%
%OL_METRIC_F power__internal__total 0.00043872601236216724
%OL_METRIC_F power__switching__total 0.0004927756963297725
%OL_METRIC_F power__leakage__total 3.1017782475828426e-6
%OL_METRIC_F power__total 0.000934603507630527

%OL_END_REPORT
%OL_CREATE_REPORT skew.min.rpt

===========================================================================
Clock Skew (Hold)
============================================================================
%OL_METRIC_F clock__skew__worst_hold__corner:nom_ss_100C_1v60 0.0
======================= nom_ss_100C_1v60 Corner ===================================

Clock __VIRTUAL_CLK__
No launch/capture paths found.

%OL_END_REPORT
%OL_CREATE_REPORT skew.max.rpt

===========================================================================
Clock Skew (Setup)
============================================================================
%OL_METRIC_F clock__skew__worst_setup__corner:nom_ss_100C_1v60 0.0
======================= nom_ss_100C_1v60 Corner ===================================

Clock __VIRTUAL_CLK__
No launch/capture paths found.

%OL_END_REPORT
%OL_CREATE_REPORT ws.min.rpt

===========================================================================
Worst Slack (Hold)
============================================================================
%OL_METRIC_F timing__hold__ws__corner:nom_ss_100C_1v60 2.480712150358841
nom_ss_100C_1v60: 2.480712150358841
%OL_END_REPORT
%OL_CREATE_REPORT ws.max.rpt

===========================================================================
Worst Slack (Setup)
============================================================================
%OL_METRIC_F timing__setup__ws__corner:nom_ss_100C_1v60 -2.699822219982039
nom_ss_100C_1v60: -2.699822219982039
%OL_END_REPORT
%OL_CREATE_REPORT tns.min.rpt

===========================================================================
Total Negative Slack (Hold)
============================================================================
%OL_METRIC_F timing__hold__tns__corner:nom_ss_100C_1v60 0.0
nom_ss_100C_1v60: 0.0
%OL_END_REPORT
%OL_CREATE_REPORT tns.max.rpt

===========================================================================
Total Negative Slack (Setup)
============================================================================
%OL_METRIC_F timing__setup__tns__corner:nom_ss_100C_1v60 -69.32167391882871
nom_ss_100C_1v60: -69.32167391882871
%OL_END_REPORT
%OL_CREATE_REPORT wns.min.rpt

===========================================================================
Worst Negative Slack (Hold)
============================================================================
%OL_METRIC_F timing__hold__wns__corner:nom_ss_100C_1v60 0
nom_ss_100C_1v60: 0
%OL_END_REPORT
%OL_CREATE_REPORT wns.max.rpt

===========================================================================
Worst Negative Slack (Setup)
============================================================================
%OL_METRIC_F timing__setup__wns__corner:nom_ss_100C_1v60 -2.699822219982039
nom_ss_100C_1v60: -2.699822219982039
%OL_END_REPORT
%OL_CREATE_REPORT violator_list.rpt

===========================================================================
Violator List
============================================================================
[setup in-out] sub -> S[22] : -2.699822
[setup in-out] sub -> S[20] : -2.690984
[setup in-out] sub -> S[23] : -2.689149
[setup in-out] sub -> S[21] : -2.653292
[setup in-out] sub -> S[17] : -2.617979
[setup in-out] sub -> S[19] : -2.555532
[setup in-out] sub -> S[10] : -2.522561
[setup in-out] sub -> S[31] : -2.509125
[setup in-out] sub -> S[9] : -2.474633
[setup in-out] sub -> S[30] : -2.464324
[setup in-out] sub -> S[28] : -2.461533
[setup in-out] sub -> S[11] : -2.457680
[setup in-out] sub -> S[7] : -2.451287
[setup in-out] sub -> S[26] : -2.447332
[setup in-out] sub -> S[24] : -2.422442
[setup in-out] sub -> S[29] : -2.380900
[setup in-out] sub -> S[25] : -2.360307
[setup in-out] sub -> carryOut : -2.332561
[setup in-out] sub -> S[18] : -2.316137
[setup in-out] sub -> S[15] : -2.304445
[setup in-out] sub -> S[27] : -2.293911
[setup in-out] sub -> S[16] : -2.165531
[setup in-out] sub -> S[14] : -2.112585
[setup in-out] sub -> S[6] : -1.899231
[setup in-out] sub -> S[12] : -1.860375
[setup in-out] sub -> S[13] : -1.843327
[setup in-out] sub -> S[8] : -1.818471
[setup in-out] sub -> S[5] : -1.596245
[setup in-out] sub -> S[3] : -1.346664
[setup in-out] sub -> S[2] : -1.196055
[setup in-out] sub -> S[4] : -1.170690
[setup in-out] B[0] -> S[1] : -0.206561
%OL_METRIC_I timing__hold_vio__count__corner:nom_ss_100C_1v60 0
%OL_METRIC_F timing__hold_r2r__ws__corner:nom_ss_100C_1v60 inf
%OL_METRIC_I timing__hold_r2r_vio__count__corner:nom_ss_100C_1v60 0
%OL_METRIC_I timing__setup_vio__count__corner:nom_ss_100C_1v60 32
%OL_METRIC_F timing__setup_r2r__ws__corner:nom_ss_100C_1v60 inf
%OL_METRIC_I timing__setup_r2r_vio__count__corner:nom_ss_100C_1v60 0
%OL_END_REPORT
%OL_CREATE_REPORT unpropagated.rpt
__VIRTUAL_CLK__
%OL_END_REPORT
%OL_CREATE_REPORT clock.rpt
Clock: __VIRTUAL_CLK__
Sources: 
Generated: no
Virtual: yes
Propagated: no
Period: 4.000000

===========================================================================
report_clock_properties
============================================================================
Clock                   Period          Waveform
----------------------------------------------------
__VIRTUAL_CLK__       4.000000    0.000000  2.000000

===========================================================================
report_clock_latency
============================================================================
Clock __VIRTUAL_CLK__


===========================================================================
report_clock_min_period
============================================================================
__VIRTUAL_CLK__ period_min = 0.00 fmax = inf
%OL_END_REPORT
Writing SDF files for all corners…
Removing Clock latencies before writing libs…
Writing timing models for all corners…
Writing timing models for the nom_ss_100C_1v60 corner to /home/admin/Documents/Projekty/Hobby/Nauka/RISC-5/.v/DDCA/code/exercises/ALUDesignIverilog/ALU/systemIverilog/build/runs/RUN_2026-09-29_09-21-47/54-openroad-stapostpnr/nom_ss_100C_1v60/addsub32__nom_ss_100C_1v60.lib…
