
===========================================================================
report_checks -path_delay min (Hold)
============================================================================
======================= nom_tt_025C_1v80 Corner ===================================

Startpoint: A[31] (input port clocked by __VIRTUAL_CLK__)
Endpoint: carryOut (output port clocked by __VIRTUAL_CLK__)
Path Group: __VIRTUAL_CLK__
Path Type: min

Fanout         Cap        Slew       Delay        Time   Description
---------------------------------------------------------------------------------------------
                      0.000000    0.000000    0.000000   clock __VIRTUAL_CLK__ (rise edge)
                                  0.000000    0.000000   clock network delay (ideal)
                                  0.900000    0.900000 v input external delay
     1    0.003616    0.010525    0.005504    0.905504 v A[31] (in)
                                                         A[31] (net)
                      0.010525    0.000000    0.905504 v input25/A (sky130_fd_sc_hd__clkdlybuf4s25_1)
     2    0.017575    0.138499    0.296018    1.201522 v input25/X (sky130_fd_sc_hd__clkdlybuf4s25_1)
                                                         net25 (net)
                      0.138499    0.000076    1.201598 v _651_/A1_N (sky130_fd_sc_hd__o2bb2ai_4)
     1    0.004640    0.036647    0.161711    1.363309 v _651_/Y (sky130_fd_sc_hd__o2bb2ai_4)
                                                         net98 (net)
                      0.036647    0.000007    1.363316 v output98/A (sky130_fd_sc_hd__buf_6)
     1    0.034817    0.044038    0.126901    1.490217 v output98/X (sky130_fd_sc_hd__buf_6)
                                                         carryOut (net)
                      0.044038    0.000219    1.490436 v carryOut (out)
                                              1.490436   data arrival time

                      0.000000    0.000000    0.000000   clock __VIRTUAL_CLK__ (rise edge)
                                  0.000000    0.000000   clock network delay (ideal)
                                  0.250000    0.250000   clock uncertainty
                                  0.000000    0.250000   clock reconvergence pessimism
                                 -0.900000   -0.650000   output external delay
                                             -0.650000   data required time
---------------------------------------------------------------------------------------------
                                             -0.650000   data required time
                                             -1.490436   data arrival time
---------------------------------------------------------------------------------------------
                                              2.140436   slack (MET)


Startpoint: A[20] (input port clocked by __VIRTUAL_CLK__)
Endpoint: S[21] (output port clocked by __VIRTUAL_CLK__)
Path Group: __VIRTUAL_CLK__
Path Type: min

Fanout         Cap        Slew       Delay        Time   Description
---------------------------------------------------------------------------------------------
                      0.000000    0.000000    0.000000   clock __VIRTUAL_CLK__ (rise edge)
                                  0.000000    0.000000   clock network delay (ideal)
                                  0.900000    0.900000 v input external delay
     1    0.003132    0.009403    0.004728    0.904728 v A[20] (in)
                                                         A[20] (net)
                      0.009403    0.000000    0.904728 v input13/A (sky130_fd_sc_hd__clkdlybuf4s25_1)
     2    0.010480    0.091965    0.259175    1.163903 v input13/X (sky130_fd_sc_hd__clkdlybuf4s25_1)
                                                         net13 (net)
                      0.091965    0.000030    1.163932 v _460_/B1 (sky130_fd_sc_hd__o21ai_4)
     3    0.013220    0.071456    0.086555    1.250487 ^ _460_/Y (sky130_fd_sc_hd__o21ai_4)
                                                         _185_ (net)
                      0.071456    0.000064    1.250551 ^ _479_/B2 (sky130_fd_sc_hd__o2bb2ai_2)
     1    0.004820    0.032489    0.055026    1.305577 v _479_/Y (sky130_fd_sc_hd__o2bb2ai_2)
                                                         _203_ (net)
                      0.032489    0.000013    1.305590 v _481_/B1 (sky130_fd_sc_hd__o21ai_2)
     1    0.009073    0.072968    0.063384    1.368974 ^ _481_/Y (sky130_fd_sc_hd__o21ai_2)
                                                         _205_ (net)
                      0.072968    0.000015    1.368989 ^ _482_/A (sky130_fd_sc_hd__nand2_4)
     1    0.007928    0.028067    0.046058    1.415047 v _482_/Y (sky130_fd_sc_hd__nand2_4)
                                                         net79 (net)
                      0.028067    0.000056    1.415103 v output79/A (sky130_fd_sc_hd__buf_8)
     1    0.034969    0.040282    0.120687    1.535790 v output79/X (sky130_fd_sc_hd__buf_8)
                                                         S[21] (net)
                      0.040284    0.000312    1.536102 v S[21] (out)
                                              1.536102   data arrival time

                      0.000000    0.000000    0.000000   clock __VIRTUAL_CLK__ (rise edge)
                                  0.000000    0.000000   clock network delay (ideal)
                                  0.250000    0.250000   clock uncertainty
                                  0.000000    0.250000   clock reconvergence pessimism
                                 -0.900000   -0.650000   output external delay
                                             -0.650000   data required time
---------------------------------------------------------------------------------------------
                                             -0.650000   data required time
                                             -1.536102   data arrival time
---------------------------------------------------------------------------------------------
                                              2.186102   slack (MET)


Startpoint: A[24] (input port clocked by __VIRTUAL_CLK__)
Endpoint: S[25] (output port clocked by __VIRTUAL_CLK__)
Path Group: __VIRTUAL_CLK__
Path Type: min

Fanout         Cap        Slew       Delay        Time   Description
---------------------------------------------------------------------------------------------
                      0.000000    0.000000    0.000000   clock __VIRTUAL_CLK__ (rise edge)
                                  0.000000    0.000000   clock network delay (ideal)
                                  0.900000    0.900000 v input external delay
     1    0.003608    0.010505    0.005490    0.905490 v A[24] (in)
                                                         A[24] (net)
                      0.010505    0.000000    0.905490 v input17/A (sky130_fd_sc_hd__clkdlybuf4s25_1)
     3    0.008196    0.074881    0.247474    1.152964 v input17/X (sky130_fd_sc_hd__clkdlybuf4s25_1)
                                                         net17 (net)
                      0.074881    0.000040    1.153004 v _525_/C (sky130_fd_sc_hd__nand3b_2)
     3    0.014851    0.097074    0.126290    1.279294 ^ _525_/Y (sky130_fd_sc_hd__nand3b_2)
                                                         _246_ (net)
                      0.097074    0.000018    1.279312 ^ _538_/C (sky130_fd_sc_hd__nand3b_2)
     1    0.004590    0.053021    0.081425    1.360737 v _538_/Y (sky130_fd_sc_hd__nand3b_2)
                                                         _258_ (net)
                      0.053021    0.000006    1.360742 v _540_/A (sky130_fd_sc_hd__nand2_2)
     1    0.006625    0.045573    0.061161    1.421903 ^ _540_/Y (sky130_fd_sc_hd__nand2_2)
                                                         net83 (net)
                      0.045573    0.000053    1.421955 ^ output83/A (sky130_fd_sc_hd__buf_6)
     1    0.035398    0.078865    0.120669    1.542624 ^ output83/X (sky130_fd_sc_hd__buf_6)
                                                         S[25] (net)
                      0.078865    0.000352    1.542976 ^ S[25] (out)
                                              1.542976   data arrival time

                      0.000000    0.000000    0.000000   clock __VIRTUAL_CLK__ (rise edge)
                                  0.000000    0.000000   clock network delay (ideal)
                                  0.250000    0.250000   clock uncertainty
                                  0.000000    0.250000   clock reconvergence pessimism
                                 -0.900000   -0.650000   output external delay
                                             -0.650000   data required time
---------------------------------------------------------------------------------------------
                                             -0.650000   data required time
                                             -1.542976   data arrival time
---------------------------------------------------------------------------------------------
                                              2.192976   slack (MET)


Startpoint: A[26] (input port clocked by __VIRTUAL_CLK__)
Endpoint: S[27] (output port clocked by __VIRTUAL_CLK__)
Path Group: __VIRTUAL_CLK__
Path Type: min

Fanout         Cap        Slew       Delay        Time   Description
---------------------------------------------------------------------------------------------
                      0.000000    0.000000    0.000000   clock __VIRTUAL_CLK__ (rise edge)
                                  0.000000    0.000000   clock network delay (ideal)
                                  0.900000    0.900000 ^ input external delay
     1    0.003332    0.022031    0.011547    0.911547 ^ A[26] (in)
                                                         A[26] (net)
                      0.022031    0.000000    0.911547 ^ input19/A (sky130_fd_sc_hd__clkdlybuf4s25_1)
     2    0.003601    0.053057    0.228635    1.140182 ^ input19/X (sky130_fd_sc_hd__clkdlybuf4s25_1)
                                                         net19 (net)
                      0.053057    0.000007    1.140189 ^ _548_/B1_N (sky130_fd_sc_hd__o21bai_2)
     2    0.007247    0.064380    0.111605    1.251794 ^ _548_/Y (sky130_fd_sc_hd__o21bai_2)
                                                         _267_ (net)
                      0.064380    0.000013    1.251807 ^ _560_/A2 (sky130_fd_sc_hd__a21boi_2)
     3    0.012078    0.055984    0.072457    1.324264 v _560_/Y (sky130_fd_sc_hd__a21boi_2)
                                                         _278_ (net)
                      0.055984    0.000043    1.324307 v _563_/A (sky130_fd_sc_hd__nand2_2)
     1    0.005150    0.039265    0.057377    1.381684 ^ _563_/Y (sky130_fd_sc_hd__nand2_2)
                                                         _281_ (net)
                      0.039265    0.000013    1.381698 ^ _564_/A2 (sky130_fd_sc_hd__o21ai_2)
     1    0.004953    0.029239    0.046035    1.427732 v _564_/Y (sky130_fd_sc_hd__o21ai_2)
                                                         net85 (net)
                      0.029239    0.000011    1.427744 v output85/A (sky130_fd_sc_hd__buf_6)
     1    0.034542    0.043828    0.123686    1.551429 v output85/X (sky130_fd_sc_hd__buf_6)
                                                         S[27] (net)
                      0.043828    0.000154    1.551584 v S[27] (out)
                                              1.551584   data arrival time

                      0.000000    0.000000    0.000000   clock __VIRTUAL_CLK__ (rise edge)
                                  0.000000    0.000000   clock network delay (ideal)
                                  0.250000    0.250000   clock uncertainty
                                  0.000000    0.250000   clock reconvergence pessimism
                                 -0.900000   -0.650000   output external delay
                                             -0.650000   data required time
---------------------------------------------------------------------------------------------
                                             -0.650000   data required time
                                             -1.551584   data arrival time
---------------------------------------------------------------------------------------------
                                              2.201583   slack (MET)


Startpoint: A[29] (input port clocked by __VIRTUAL_CLK__)
Endpoint: S[29] (output port clocked by __VIRTUAL_CLK__)
Path Group: __VIRTUAL_CLK__
Path Type: min

Fanout         Cap        Slew       Delay        Time   Description
---------------------------------------------------------------------------------------------
                      0.000000    0.000000    0.000000   clock __VIRTUAL_CLK__ (rise edge)
                                  0.000000    0.000000   clock network delay (ideal)
                                  0.900000    0.900000 ^ input external delay
     1    0.003475    0.022657    0.012026    0.912026 ^ A[29] (in)
                                                         A[29] (net)
                      0.022657    0.000000    0.912026 ^ input22/A (sky130_fd_sc_hd__clkdlybuf4s25_1)
     3    0.005471    0.070887    0.241343    1.153369 ^ input22/X (sky130_fd_sc_hd__clkdlybuf4s25_1)
                                                         net22 (net)
                      0.070887    0.000021    1.153390 ^ _586_/B1_N (sky130_fd_sc_hd__o21bai_2)
     2    0.007394    0.063211    0.118566    1.271956 ^ _586_/Y (sky130_fd_sc_hd__o21bai_2)
                                                         _302_ (net)
                      0.063211    0.000039    1.271995 ^ _587_/B (sky130_fd_sc_hd__nand2_2)
     2    0.006657    0.037200    0.056237    1.328232 v _587_/Y (sky130_fd_sc_hd__nand2_2)
                                                         _303_ (net)
                      0.037200    0.000031    1.328262 v _589_/B1 (sky130_fd_sc_hd__o21ai_2)
     1    0.004789    0.048929    0.049708    1.377971 ^ _589_/Y (sky130_fd_sc_hd__o21ai_2)
                                                         _305_ (net)
                      0.048929    0.000008    1.377978 ^ _590_/B1 (sky130_fd_sc_hd__o21ai_2)
     1    0.005609    0.031931    0.050142    1.428120 v _590_/Y (sky130_fd_sc_hd__o21ai_2)
                                                         net87 (net)
                      0.031931    0.000030    1.428150 v output87/A (sky130_fd_sc_hd__buf_6)
     1    0.034817    0.044049    0.124955    1.553105 v output87/X (sky130_fd_sc_hd__buf_6)
                                                         S[29] (net)
                      0.044050    0.000219    1.553325 v S[29] (out)
                                              1.553325   data arrival time

                      0.000000    0.000000    0.000000   clock __VIRTUAL_CLK__ (rise edge)
                                  0.000000    0.000000   clock network delay (ideal)
                                  0.250000    0.250000   clock uncertainty
                                  0.000000    0.250000   clock reconvergence pessimism
                                 -0.900000   -0.650000   output external delay
                                             -0.650000   data required time
---------------------------------------------------------------------------------------------
                                             -0.650000   data required time
                                             -1.553325   data arrival time
---------------------------------------------------------------------------------------------
                                              2.203325   slack (MET)


Startpoint: A[6] (input port clocked by __VIRTUAL_CLK__)
Endpoint: S[6] (output port clocked by __VIRTUAL_CLK__)
Path Group: __VIRTUAL_CLK__
Path Type: min

Fanout         Cap        Slew       Delay        Time   Description
---------------------------------------------------------------------------------------------
                      0.000000    0.000000    0.000000   clock __VIRTUAL_CLK__ (rise edge)
                                  0.000000    0.000000   clock network delay (ideal)
                                  0.900000    0.900000 v input external delay
     1    0.003137    0.009414    0.004735    0.904735 v A[6] (in)
                                                         A[6] (net)
                      0.009414    0.000000    0.904735 v input29/A (sky130_fd_sc_hd__clkdlybuf4s25_1)
     2    0.010727    0.091432    0.260417    1.165153 v input29/X (sky130_fd_sc_hd__clkdlybuf4s25_1)
                                                         net29 (net)
                      0.091432    0.000047    1.165199 v _730_/B1 (sky130_fd_sc_hd__o21ai_4)
     4    0.023479    0.100723    0.107462    1.272662 ^ _730_/Y (sky130_fd_sc_hd__o21ai_4)
                                                         _077_ (net)
                      0.100723    0.000116    1.272778 ^ _350_/A2 (sky130_fd_sc_hd__o21ai_2)
     1    0.009022    0.048043    0.072135    1.344913 v _350_/Y (sky130_fd_sc_hd__o21ai_2)
                                                         _079_ (net)
                      0.048043    0.000034    1.344948 v _629_/A (sky130_fd_sc_hd__xnor2_2)
     1    0.004590    0.040506    0.124961    1.469909 v _629_/Y (sky130_fd_sc_hd__xnor2_2)
                                                         net94 (net)
                      0.040506    0.000004    1.469913 v output94/A (sky130_fd_sc_hd__buf_6)
     1    0.034531    0.043814    0.128285    1.598198 v output94/X (sky130_fd_sc_hd__buf_6)
                                                         S[6] (net)
                      0.043814    0.000225    1.598423 v S[6] (out)
                                              1.598423   data arrival time

                      0.000000    0.000000    0.000000   clock __VIRTUAL_CLK__ (rise edge)
                                  0.000000    0.000000   clock network delay (ideal)
                                  0.250000    0.250000   clock uncertainty
                                  0.000000    0.250000   clock reconvergence pessimism
                                 -0.900000   -0.650000   output external delay
                                             -0.650000   data required time
---------------------------------------------------------------------------------------------
                                             -0.650000   data required time
                                             -1.598423   data arrival time
---------------------------------------------------------------------------------------------
                                              2.248423   slack (MET)


Startpoint: A[3] (input port clocked by __VIRTUAL_CLK__)
Endpoint: S[3] (output port clocked by __VIRTUAL_CLK__)
Path Group: __VIRTUAL_CLK__
Path Type: min

Fanout         Cap        Slew       Delay        Time   Description
---------------------------------------------------------------------------------------------
                      0.000000    0.000000    0.000000   clock __VIRTUAL_CLK__ (rise edge)
                                  0.000000    0.000000   clock network delay (ideal)
                                  0.900000    0.900000 v input external delay
     1    0.004191    0.011853    0.006431    0.906431 v A[3] (in)
                                                         A[3] (net)
                      0.011853    0.000000    0.906431 v input26/A (sky130_fd_sc_hd__clkdlybuf4s25_1)
     2    0.012654    0.104604    0.271221    1.177652 v input26/X (sky130_fd_sc_hd__clkdlybuf4s25_1)
                                                         net26 (net)
                      0.104604    0.000114    1.177766 v _401_/B1 (sky130_fd_sc_hd__o21ai_4)
     3    0.017580    0.087716    0.100980    1.278747 ^ _401_/Y (sky130_fd_sc_hd__o21ai_4)
                                                         _130_ (net)
                      0.087716    0.000018    1.278764 ^ _404_/A2 (sky130_fd_sc_hd__o21ai_2)
     2    0.009513    0.048604    0.070392    1.349156 v _404_/Y (sky130_fd_sc_hd__o21ai_2)
                                                         _133_ (net)
                      0.048604    0.000036    1.349192 v _622_/B (sky130_fd_sc_hd__nand3_2)
     1    0.010270    0.065335    0.085532    1.434724 ^ _622_/Y (sky130_fd_sc_hd__nand3_2)
                                                         _332_ (net)
                      0.065335    0.000049    1.434772 ^ _623_/B (sky130_fd_sc_hd__nand2b_4)
     1    0.004912    0.027619    0.047407    1.482179 v _623_/Y (sky130_fd_sc_hd__nand2b_4)
                                                         net91 (net)
                      0.027619    0.000010    1.482189 v output91/A (sky130_fd_sc_hd__buf_6)
     1    0.034592    0.043882    0.123031    1.605220 v output91/X (sky130_fd_sc_hd__buf_6)
                                                         S[3] (net)
                      0.043882    0.000193    1.605414 v S[3] (out)
                                              1.605414   data arrival time

                      0.000000    0.000000    0.000000   clock __VIRTUAL_CLK__ (rise edge)
                                  0.000000    0.000000   clock network delay (ideal)
                                  0.250000    0.250000   clock uncertainty
                                  0.000000    0.250000   clock reconvergence pessimism
                                 -0.900000   -0.650000   output external delay
                                             -0.650000   data required time
---------------------------------------------------------------------------------------------
                                             -0.650000   data required time
                                             -1.605414   data arrival time
---------------------------------------------------------------------------------------------
                                              2.255414   slack (MET)


Startpoint: A[2] (input port clocked by __VIRTUAL_CLK__)
Endpoint: S[2] (output port clocked by __VIRTUAL_CLK__)
Path Group: __VIRTUAL_CLK__
Path Type: min

Fanout         Cap        Slew       Delay        Time   Description
---------------------------------------------------------------------------------------------
                      0.000000    0.000000    0.000000   clock __VIRTUAL_CLK__ (rise edge)
                                  0.000000    0.000000   clock network delay (ideal)
                                  0.900000    0.900000 v input external delay
     1    0.003539    0.010347    0.005380    0.905380 v A[2] (in)
                                                         A[2] (net)
                      0.010347    0.000000    0.905380 v input23/A (sky130_fd_sc_hd__clkdlybuf4s25_1)
     2    0.011838    0.099022    0.266487    1.171866 v input23/X (sky130_fd_sc_hd__clkdlybuf4s25_1)
                                                         net23 (net)
                      0.099022    0.000052    1.171919 v _397_/B1 (sky130_fd_sc_hd__o21ai_4)
     3    0.011908    0.068650    0.086888    1.258807 ^ _397_/Y (sky130_fd_sc_hd__o21ai_4)
                                                         _126_ (net)
                      0.068650    0.000013    1.258820 ^ _398_/A2 (sky130_fd_sc_hd__o21a_2)
     1    0.009890    0.062637    0.132666    1.391486 ^ _398_/X (sky130_fd_sc_hd__o21a_2)
                                                         _127_ (net)
                      0.062637    0.000030    1.391516 ^ _620_/A (sky130_fd_sc_hd__xor2_2)
     1    0.003126    0.030986    0.058882    1.450398 v _620_/X (sky130_fd_sc_hd__xor2_2)
                                                         net88 (net)
                      0.030986    0.000015    1.450413 v output88/A (sky130_fd_sc_hd__buf_4)
     1    0.035081    0.059658    0.154849    1.605262 v output88/X (sky130_fd_sc_hd__buf_4)
                                                         S[2] (net)
                      0.059659    0.000274    1.605536 v S[2] (out)
                                              1.605536   data arrival time

                      0.000000    0.000000    0.000000   clock __VIRTUAL_CLK__ (rise edge)
                                  0.000000    0.000000   clock network delay (ideal)
                                  0.250000    0.250000   clock uncertainty
                                  0.000000    0.250000   clock reconvergence pessimism
                                 -0.900000   -0.650000   output external delay
                                             -0.650000   data required time
---------------------------------------------------------------------------------------------
                                             -0.650000   data required time
                                             -1.605536   data arrival time
---------------------------------------------------------------------------------------------
                                              2.255536   slack (MET)


Startpoint: A[30] (input port clocked by __VIRTUAL_CLK__)
Endpoint: S[30] (output port clocked by __VIRTUAL_CLK__)
Path Group: __VIRTUAL_CLK__
Path Type: min

Fanout         Cap        Slew       Delay        Time   Description
---------------------------------------------------------------------------------------------
                      0.000000    0.000000    0.000000   clock __VIRTUAL_CLK__ (rise edge)
                                  0.000000    0.000000   clock network delay (ideal)
                                  0.900000    0.900000 ^ input external delay
     1    0.002952    0.020387    0.010284    0.910284 ^ A[30] (in)
                                                         A[30] (net)
                      0.020387    0.000000    0.910284 ^ input24/A (sky130_fd_sc_hd__clkdlybuf4s25_1)
     3    0.005616    0.072264    0.241616    1.151899 ^ input24/X (sky130_fd_sc_hd__clkdlybuf4s25_1)
                                                         net24 (net)
                      0.072264    0.000020    1.151920 ^ _595_/B1_N (sky130_fd_sc_hd__o21bai_2)
     2    0.014516    0.096616    0.142761    1.294680 ^ _595_/Y (sky130_fd_sc_hd__o21bai_2)
                                                         _310_ (net)
                      0.096616    0.000062    1.294742 ^ _596_/B (sky130_fd_sc_hd__nand2_2)
     2    0.007126    0.044002    0.065445    1.360188 v _596_/Y (sky130_fd_sc_hd__nand2_2)
                                                         _311_ (net)
                      0.044002    0.000008    1.360196 v _602_/B1 (sky130_fd_sc_hd__o21ai_2)
     1    0.009353    0.074537    0.069033    1.429228 ^ _602_/Y (sky130_fd_sc_hd__o21ai_2)
                                                         _317_ (net)
                      0.074537    0.000018    1.429246 ^ _604_/B1 (sky130_fd_sc_hd__o21ai_4)
     1    0.006412    0.028516    0.054703    1.483950 v _604_/Y (sky130_fd_sc_hd__o21ai_4)
                                                         net89 (net)
                      0.028516    0.000049    1.483999 v output89/A (sky130_fd_sc_hd__buf_6)
     1    0.034435    0.043751    0.123309    1.607308 v output89/X (sky130_fd_sc_hd__buf_6)
                                                         S[30] (net)
                      0.043751    0.000158    1.607467 v S[30] (out)
                                              1.607467   data arrival time

                      0.000000    0.000000    0.000000   clock __VIRTUAL_CLK__ (rise edge)
                                  0.000000    0.000000   clock network delay (ideal)
                                  0.250000    0.250000   clock uncertainty
                                  0.000000    0.250000   clock reconvergence pessimism
                                 -0.900000   -0.650000   output external delay
                                             -0.650000   data required time
---------------------------------------------------------------------------------------------
                                             -0.650000   data required time
                                             -1.607467   data arrival time
---------------------------------------------------------------------------------------------
                                              2.257467   slack (MET)


Startpoint: A[9] (input port clocked by __VIRTUAL_CLK__)
Endpoint: S[9] (output port clocked by __VIRTUAL_CLK__)
Path Group: __VIRTUAL_CLK__
Path Type: min

Fanout         Cap        Slew       Delay        Time   Description
---------------------------------------------------------------------------------------------
                      0.000000    0.000000    0.000000   clock __VIRTUAL_CLK__ (rise edge)
                                  0.000000    0.000000   clock network delay (ideal)
                                  0.900000    0.900000 v input external delay
     1    0.003058    0.009230    0.004608    0.904608 v A[9] (in)
                                                         A[9] (net)
                      0.009230    0.000000    0.904608 v input32/A (sky130_fd_sc_hd__clkdlybuf4s25_1)
     3    0.006123    0.063150    0.234915    1.139523 v input32/X (sky130_fd_sc_hd__clkdlybuf4s25_1)
                                                         net32 (net)
                      0.063150    0.000020    1.139544 v _697_/B1_N (sky130_fd_sc_hd__o21bai_4)
     3    0.015846    0.050184    0.184509    1.324052 v _697_/Y (sky130_fd_sc_hd__o21bai_4)
                                                         _044_ (net)
                      0.050184    0.000080    1.324133 v _700_/A (sky130_fd_sc_hd__nand2_2)
     1    0.009307    0.060270    0.069116    1.393249 ^ _700_/Y (sky130_fd_sc_hd__nand2_2)
                                                         _047_ (net)
                      0.060270    0.000015    1.393263 ^ _635_/A (sky130_fd_sc_hd__xnor2_2)
     1    0.002438    0.027566    0.057984    1.451247 v _635_/Y (sky130_fd_sc_hd__xnor2_2)
                                                         net97 (net)
                      0.027566    0.000005    1.451252 v output97/A (sky130_fd_sc_hd__clkbuf_2)
     1    0.034593    0.132812    0.172824    1.624076 v output97/X (sky130_fd_sc_hd__clkbuf_2)
                                                         S[9] (net)
                      0.132812    0.000235    1.624310 v S[9] (out)
                                              1.624310   data arrival time

                      0.000000    0.000000    0.000000   clock __VIRTUAL_CLK__ (rise edge)
                                  0.000000    0.000000   clock network delay (ideal)
                                  0.250000    0.250000   clock uncertainty
                                  0.000000    0.250000   clock reconvergence pessimism
                                 -0.900000   -0.650000   output external delay
                                             -0.650000   data required time
---------------------------------------------------------------------------------------------
                                             -0.650000   data required time
                                             -1.624310   data arrival time
---------------------------------------------------------------------------------------------
                                              2.274311   slack (MET)


Startpoint: A[16] (input port clocked by __VIRTUAL_CLK__)
Endpoint: S[17] (output port clocked by __VIRTUAL_CLK__)
Path Group: __VIRTUAL_CLK__
Path Type: min

Fanout         Cap        Slew       Delay        Time   Description
---------------------------------------------------------------------------------------------
                      0.000000    0.000000    0.000000   clock __VIRTUAL_CLK__ (rise edge)
                                  0.000000    0.000000   clock network delay (ideal)
                                  0.900000    0.900000 v input external delay
     1    0.003413    0.010056    0.005175    0.905175 v A[16] (in)
                                                         A[16] (net)
                      0.010056    0.000000    0.905175 v input8/A (sky130_fd_sc_hd__clkdlybuf4s25_1)
     2    0.008643    0.077370    0.249896    1.155071 v input8/X (sky130_fd_sc_hd__clkdlybuf4s25_1)
                                                         net8 (net)
                      0.077370    0.000057    1.155127 v _657_/C (sky130_fd_sc_hd__nand3b_2)
     4    0.014707    0.092934    0.126822    1.281950 ^ _657_/Y (sky130_fd_sc_hd__nand3b_2)
                                                         _004_ (net)
                      0.092934    0.000055    1.282004 ^ _432_/A1 (sky130_fd_sc_hd__a21bo_2)
     1    0.008703    0.059555    0.144659    1.426664 ^ _432_/X (sky130_fd_sc_hd__a21bo_2)
                                                         _160_ (net)
                      0.059555    0.000011    1.426675 ^ _433_/B (sky130_fd_sc_hd__xor2_2)
     1    0.008507    0.043868    0.068078    1.494753 v _433_/X (sky130_fd_sc_hd__xor2_2)
                                                         net74 (net)
                      0.043868    0.000107    1.494860 v output74/A (sky130_fd_sc_hd__buf_6)
     1    0.034298    0.043598    0.129563    1.624423 v output74/X (sky130_fd_sc_hd__buf_6)
                                                         S[17] (net)
                      0.043598    0.000124    1.624548 v S[17] (out)
                                              1.624548   data arrival time

                      0.000000    0.000000    0.000000   clock __VIRTUAL_CLK__ (rise edge)
                                  0.000000    0.000000   clock network delay (ideal)
                                  0.250000    0.250000   clock uncertainty
                                  0.000000    0.250000   clock reconvergence pessimism
                                 -0.900000   -0.650000   output external delay
                                             -0.650000   data required time
---------------------------------------------------------------------------------------------
                                             -0.650000   data required time
                                             -1.624548   data arrival time
---------------------------------------------------------------------------------------------
                                              2.274548   slack (MET)


Startpoint: A[12] (input port clocked by __VIRTUAL_CLK__)
Endpoint: S[14] (output port clocked by __VIRTUAL_CLK__)
Path Group: __VIRTUAL_CLK__
Path Type: min

Fanout         Cap        Slew       Delay        Time   Description
---------------------------------------------------------------------------------------------
                      0.000000    0.000000    0.000000   clock __VIRTUAL_CLK__ (rise edge)
                                  0.000000    0.000000   clock network delay (ideal)
                                  0.900000    0.900000 ^ input external delay
     1    0.003255    0.021700    0.011293    0.911293 ^ A[12] (in)
                                                         A[12] (net)
                      0.021700    0.000000    0.911293 ^ input4/A (sky130_fd_sc_hd__clkdlybuf4s25_1)
     4    0.015298    0.162187    0.305560    1.216853 ^ input4/X (sky130_fd_sc_hd__clkdlybuf4s25_1)
                                                         net4 (net)
                      0.162187    0.000088    1.216941 ^ _677_/C (sky130_fd_sc_hd__nand3_2)
     2    0.009471    0.077009    0.108264    1.325205 v _677_/Y (sky130_fd_sc_hd__nand3_2)
                                                         _024_ (net)
                      0.077009    0.000013    1.325218 v _645_/C1 (sky130_fd_sc_hd__o211ai_2)
     1    0.008962    0.082088    0.084861    1.410079 ^ _645_/Y (sky130_fd_sc_hd__o211ai_2)
                                                         _344_ (net)
                      0.082088    0.000021    1.410100 ^ _647_/B (sky130_fd_sc_hd__xor2_2)
     1    0.002293    0.029003    0.055020    1.465119 v _647_/X (sky130_fd_sc_hd__xor2_2)
                                                         net71 (net)
                      0.029003    0.000004    1.465123 v output71/A (sky130_fd_sc_hd__clkbuf_4)
     1    0.035110    0.081090    0.168163    1.633287 v output71/X (sky130_fd_sc_hd__clkbuf_4)
                                                         S[14] (net)
                      0.081090    0.000258    1.633545 v S[14] (out)
                                              1.633545   data arrival time

                      0.000000    0.000000    0.000000   clock __VIRTUAL_CLK__ (rise edge)
                                  0.000000    0.000000   clock network delay (ideal)
                                  0.250000    0.250000   clock uncertainty
                                  0.000000    0.250000   clock reconvergence pessimism
                                 -0.900000   -0.650000   output external delay
                                             -0.650000   data required time
---------------------------------------------------------------------------------------------
                                             -0.650000   data required time
                                             -1.633545   data arrival time
---------------------------------------------------------------------------------------------
                                              2.283545   slack (MET)


Startpoint: A[4] (input port clocked by __VIRTUAL_CLK__)
Endpoint: S[5] (output port clocked by __VIRTUAL_CLK__)
Path Group: __VIRTUAL_CLK__
Path Type: min

Fanout         Cap        Slew       Delay        Time   Description
---------------------------------------------------------------------------------------------
                      0.000000    0.000000    0.000000   clock __VIRTUAL_CLK__ (rise edge)
                                  0.000000    0.000000   clock network delay (ideal)
                                  0.900000    0.900000 v input external delay
     1    0.003612    0.010517    0.005498    0.905498 v A[4] (in)
                                                         A[4] (net)
                      0.010517    0.000000    0.905498 v input27/A (sky130_fd_sc_hd__clkdlybuf4s25_1)
     3    0.009690    0.084384    0.255475    1.160973 v input27/X (sky130_fd_sc_hd__clkdlybuf4s25_1)
                                                         net27 (net)
                      0.084384    0.000121    1.161094 v _364_/B1 (sky130_fd_sc_hd__o21ai_2)
     3    0.013649    0.096898    0.101236    1.262330 ^ _364_/Y (sky130_fd_sc_hd__o21ai_2)
                                                         _093_ (net)
                      0.096898    0.000064    1.262394 ^ _626_/A2 (sky130_fd_sc_hd__o22a_4)
     3    0.017002    0.063789    0.160015    1.422408 ^ _626_/X (sky130_fd_sc_hd__o22a_4)
                                                         _334_ (net)
                      0.063789    0.000122    1.422530 ^ _627_/B (sky130_fd_sc_hd__xnor2_2)
     1    0.001872    0.025426    0.048310    1.470841 v _627_/Y (sky130_fd_sc_hd__xnor2_2)
                                                         net93 (net)
                      0.025426    0.000003    1.470843 v output93/A (sky130_fd_sc_hd__buf_2)
     1    0.034857    0.090766    0.164388    1.635231 v output93/X (sky130_fd_sc_hd__buf_2)
                                                         S[5] (net)
                      0.090766    0.000307    1.635538 v S[5] (out)
                                              1.635538   data arrival time

                      0.000000    0.000000    0.000000   clock __VIRTUAL_CLK__ (rise edge)
                                  0.000000    0.000000   clock network delay (ideal)
                                  0.250000    0.250000   clock uncertainty
                                  0.000000    0.250000   clock reconvergence pessimism
                                 -0.900000   -0.650000   output external delay
                                             -0.650000   data required time
---------------------------------------------------------------------------------------------
                                             -0.650000   data required time
                                             -1.635538   data arrival time
---------------------------------------------------------------------------------------------
                                              2.285538   slack (MET)


Startpoint: A[30] (input port clocked by __VIRTUAL_CLK__)
Endpoint: S[31] (output port clocked by __VIRTUAL_CLK__)
Path Group: __VIRTUAL_CLK__
Path Type: min

Fanout         Cap        Slew       Delay        Time   Description
---------------------------------------------------------------------------------------------
                      0.000000    0.000000    0.000000   clock __VIRTUAL_CLK__ (rise edge)
                                  0.000000    0.000000   clock network delay (ideal)
                                  0.900000    0.900000 v input external delay
     1    0.002727    0.008464    0.004075    0.904075 v A[30] (in)
                                                         A[30] (net)
                      0.008464    0.000000    0.904075 v input24/A (sky130_fd_sc_hd__clkdlybuf4s25_1)
     3    0.005285    0.057676    0.229733    1.133808 v input24/X (sky130_fd_sc_hd__clkdlybuf4s25_1)
                                                         net24 (net)
                      0.057676    0.000019    1.133826 v _595_/B1_N (sky130_fd_sc_hd__o21bai_2)
     2    0.013420    0.066524    0.210279    1.344105 v _595_/Y (sky130_fd_sc_hd__o21bai_2)
                                                         _310_ (net)
                      0.066524    0.000064    1.344169 v _605_/C (sky130_fd_sc_hd__nand4_4)
     1    0.009577    0.051250    0.100242    1.444410 ^ _605_/Y (sky130_fd_sc_hd__nand4_4)
                                                         _319_ (net)
                      0.051250    0.000024    1.444434 ^ _614_/A2 (sky130_fd_sc_hd__a22oi_4)
     1    0.004614    0.039791    0.063818    1.508252 v _614_/Y (sky130_fd_sc_hd__a22oi_4)
                                                         net90 (net)
                      0.039791    0.000007    1.508258 v output90/A (sky130_fd_sc_hd__buf_6)
     1    0.034155    0.043492    0.127796    1.636054 v output90/X (sky130_fd_sc_hd__buf_6)
                                                         S[31] (net)
                      0.043492    0.000096    1.636150 v S[31] (out)
                                              1.636150   data arrival time

                      0.000000    0.000000    0.000000   clock __VIRTUAL_CLK__ (rise edge)
                                  0.000000    0.000000   clock network delay (ideal)
                                  0.250000    0.250000   clock uncertainty
                                  0.000000    0.250000   clock reconvergence pessimism
                                 -0.900000   -0.650000   output external delay
                                             -0.650000   data required time
---------------------------------------------------------------------------------------------
                                             -0.650000   data required time
                                             -1.636150   data arrival time
---------------------------------------------------------------------------------------------
                                              2.286150   slack (MET)


Startpoint: A[0] (input port clocked by __VIRTUAL_CLK__)
Endpoint: S[1] (output port clocked by __VIRTUAL_CLK__)
Path Group: __VIRTUAL_CLK__
Path Type: min

Fanout         Cap        Slew       Delay        Time   Description
---------------------------------------------------------------------------------------------
                      0.000000    0.000000    0.000000   clock __VIRTUAL_CLK__ (rise edge)
                                  0.000000    0.000000   clock network delay (ideal)
                                  0.900000    0.900000 ^ input external delay
     1    0.003266    0.021746    0.011329    0.911329 ^ A[0] (in)
                                                         A[0] (net)
                      0.021746    0.000000    0.911329 ^ input1/A (sky130_fd_sc_hd__clkdlybuf4s25_1)
     4    0.019626    0.207552    0.333804    1.245134 ^ input1/X (sky130_fd_sc_hd__clkdlybuf4s25_1)
                                                         net1 (net)
                      0.207552    0.000050    1.245184 ^ _616_/A1 (sky130_fd_sc_hd__mux2_2)
     1    0.008851    0.066193    0.204469    1.449653 ^ _616_/X (sky130_fd_sc_hd__mux2_2)
                                                         _328_ (net)
                      0.066193    0.000019    1.449672 ^ _617_/B (sky130_fd_sc_hd__xnor2_2)
     1    0.004813    0.037842    0.058876    1.508548 v _617_/Y (sky130_fd_sc_hd__xnor2_2)
                                                         net77 (net)
                      0.037842    0.000010    1.508558 v output77/A (sky130_fd_sc_hd__buf_6)
     1    0.035257    0.044418    0.127614    1.636171 v output77/X (sky130_fd_sc_hd__buf_6)
                                                         S[1] (net)
                      0.044421    0.000382    1.636554 v S[1] (out)
                                              1.636554   data arrival time

                      0.000000    0.000000    0.000000   clock __VIRTUAL_CLK__ (rise edge)
                                  0.000000    0.000000   clock network delay (ideal)
                                  0.250000    0.250000   clock uncertainty
                                  0.000000    0.250000   clock reconvergence pessimism
                                 -0.900000   -0.650000   output external delay
                                             -0.650000   data required time
---------------------------------------------------------------------------------------------
                                             -0.650000   data required time
                                             -1.636554   data arrival time
---------------------------------------------------------------------------------------------
                                              2.286554   slack (MET)


Startpoint: A[24] (input port clocked by __VIRTUAL_CLK__)
Endpoint: S[26] (output port clocked by __VIRTUAL_CLK__)
Path Group: __VIRTUAL_CLK__
Path Type: min

Fanout         Cap        Slew       Delay        Time   Description
---------------------------------------------------------------------------------------------
                      0.000000    0.000000    0.000000   clock __VIRTUAL_CLK__ (rise edge)
                                  0.000000    0.000000   clock network delay (ideal)
                                  0.900000    0.900000 v input external delay
     1    0.003608    0.010505    0.005490    0.905490 v A[24] (in)
                                                         A[24] (net)
                      0.010505    0.000000    0.905490 v input17/A (sky130_fd_sc_hd__clkdlybuf4s25_1)
     3    0.008196    0.074881    0.247474    1.152964 v input17/X (sky130_fd_sc_hd__clkdlybuf4s25_1)
                                                         net17 (net)
                      0.074881    0.000040    1.153004 v _525_/C (sky130_fd_sc_hd__nand3b_2)
     3    0.014851    0.097074    0.126290    1.279294 ^ _525_/Y (sky130_fd_sc_hd__nand3b_2)
                                                         _246_ (net)
                      0.097074    0.000017    1.279310 ^ _543_/A1 (sky130_fd_sc_hd__a21oi_2)
     3    0.013921    0.039752    0.083786    1.363097 v _543_/Y (sky130_fd_sc_hd__a21oi_2)
                                                         _262_ (net)
                      0.039752    0.000058    1.363155 v _550_/A2 (sky130_fd_sc_hd__o21bai_2)
     1    0.004917    0.053752    0.106059    1.469213 ^ _550_/Y (sky130_fd_sc_hd__o21bai_2)
                                                         _269_ (net)
                      0.053752    0.000009    1.469223 ^ _552_/A (sky130_fd_sc_hd__nand2_2)
     1    0.005394    0.031344    0.045352    1.514575 v _552_/Y (sky130_fd_sc_hd__nand2_2)
                                                         net84 (net)
                      0.031344    0.000022    1.514597 v output84/A (sky130_fd_sc_hd__buf_6)
     1    0.034683    0.043946    0.124623    1.639220 v output84/X (sky130_fd_sc_hd__buf_6)
                                                         S[26] (net)
                      0.043947    0.000210    1.639430 v S[26] (out)
                                              1.639430   data arrival time

                      0.000000    0.000000    0.000000   clock __VIRTUAL_CLK__ (rise edge)
                                  0.000000    0.000000   clock network delay (ideal)
                                  0.250000    0.250000   clock uncertainty
                                  0.000000    0.250000   clock reconvergence pessimism
                                 -0.900000   -0.650000   output external delay
                                             -0.650000   data required time
---------------------------------------------------------------------------------------------
                                             -0.650000   data required time
                                             -1.639430   data arrival time
---------------------------------------------------------------------------------------------
                                              2.289430   slack (MET)


Startpoint: A[4] (input port clocked by __VIRTUAL_CLK__)
Endpoint: S[4] (output port clocked by __VIRTUAL_CLK__)
Path Group: __VIRTUAL_CLK__
Path Type: min

Fanout         Cap        Slew       Delay        Time   Description
---------------------------------------------------------------------------------------------
                      0.000000    0.000000    0.000000   clock __VIRTUAL_CLK__ (rise edge)
                                  0.000000    0.000000   clock network delay (ideal)
                                  0.900000    0.900000 v input external delay
     1    0.003612    0.010517    0.005498    0.905498 v A[4] (in)
                                                         A[4] (net)
                      0.010517    0.000000    0.905498 v input27/A (sky130_fd_sc_hd__clkdlybuf4s25_1)
     3    0.009690    0.084384    0.255475    1.160973 v input27/X (sky130_fd_sc_hd__clkdlybuf4s25_1)
                                                         net27 (net)
                      0.084384    0.000121    1.161094 v _364_/B1 (sky130_fd_sc_hd__o21ai_2)
     3    0.013649    0.096898    0.101236    1.262330 ^ _364_/Y (sky130_fd_sc_hd__o21ai_2)
                                                         _093_ (net)
                      0.096898    0.000045    1.262375 ^ _368_/A2 (sky130_fd_sc_hd__o21a_2)
     1    0.009274    0.061453    0.138083    1.400457 ^ _368_/X (sky130_fd_sc_hd__o21a_2)
                                                         _097_ (net)
                      0.061453    0.000014    1.400471 ^ _625_/A (sky130_fd_sc_hd__xnor2_2)
     1    0.004140    0.037696    0.063939    1.464410 v _625_/Y (sky130_fd_sc_hd__xnor2_2)
                                                         net92 (net)
                      0.037696    0.000037    1.464447 v output92/A (sky130_fd_sc_hd__clkbuf_2)
     1    0.035201    0.135030    0.178430    1.642877 v output92/X (sky130_fd_sc_hd__clkbuf_2)
                                                         S[4] (net)
                      0.135030    0.000337    1.643214 v S[4] (out)
                                              1.643214   data arrival time

                      0.000000    0.000000    0.000000   clock __VIRTUAL_CLK__ (rise edge)
                                  0.000000    0.000000   clock network delay (ideal)
                                  0.250000    0.250000   clock uncertainty
                                  0.000000    0.250000   clock reconvergence pessimism
                                 -0.900000   -0.650000   output external delay
                                             -0.650000   data required time
---------------------------------------------------------------------------------------------
                                             -0.650000   data required time
                                             -1.643214   data arrival time
---------------------------------------------------------------------------------------------
                                              2.293214   slack (MET)


Startpoint: A[16] (input port clocked by __VIRTUAL_CLK__)
Endpoint: S[16] (output port clocked by __VIRTUAL_CLK__)
Path Group: __VIRTUAL_CLK__
Path Type: min

Fanout         Cap        Slew       Delay        Time   Description
---------------------------------------------------------------------------------------------
                      0.000000    0.000000    0.000000   clock __VIRTUAL_CLK__ (rise edge)
                                  0.000000    0.000000   clock network delay (ideal)
                                  0.900000    0.900000 ^ input external delay
     1    0.003638    0.023365    0.012567    0.912567 ^ A[16] (in)
                                                         A[16] (net)
                      0.023365    0.000000    0.912567 ^ input8/A (sky130_fd_sc_hd__clkdlybuf4s25_1)
     2    0.009345    0.104880    0.267351    1.179918 ^ input8/X (sky130_fd_sc_hd__clkdlybuf4s25_1)
                                                         net8 (net)
                      0.104880    0.000062    1.179980 ^ _657_/C (sky130_fd_sc_hd__nand3b_2)
     4    0.013995    0.102299    0.121672    1.301651 v _657_/Y (sky130_fd_sc_hd__nand3b_2)
                                                         _004_ (net)
                      0.102299    0.000049    1.301701 v _659_/A (sky130_fd_sc_hd__nand2_2)
     2    0.020072    0.115381    0.127399    1.429100 ^ _659_/Y (sky130_fd_sc_hd__nand2_2)
                                                         _006_ (net)
                      0.115381    0.000040    1.429140 ^ _425_/A (sky130_fd_sc_hd__xor2_2)
     1    0.007460    0.041332    0.086883    1.516023 v _425_/X (sky130_fd_sc_hd__xor2_2)
                                                         net73 (net)
                      0.041332    0.000075    1.516098 v output73/A (sky130_fd_sc_hd__buf_6)
     1    0.034213    0.043534    0.128467    1.644566 v output73/X (sky130_fd_sc_hd__buf_6)
                                                         S[16] (net)
                      0.043534    0.000105    1.644671 v S[16] (out)
                                              1.644671   data arrival time

                      0.000000    0.000000    0.000000   clock __VIRTUAL_CLK__ (rise edge)
                                  0.000000    0.000000   clock network delay (ideal)
                                  0.250000    0.250000   clock uncertainty
                                  0.000000    0.250000   clock reconvergence pessimism
                                 -0.900000   -0.650000   output external delay
                                             -0.650000   data required time
---------------------------------------------------------------------------------------------
                                             -0.650000   data required time
                                             -1.644671   data arrival time
---------------------------------------------------------------------------------------------
                                              2.294671   slack (MET)


Startpoint: A[28] (input port clocked by __VIRTUAL_CLK__)
Endpoint: S[28] (output port clocked by __VIRTUAL_CLK__)
Path Group: __VIRTUAL_CLK__
Path Type: min

Fanout         Cap        Slew       Delay        Time   Description
---------------------------------------------------------------------------------------------
                      0.000000    0.000000    0.000000   clock __VIRTUAL_CLK__ (rise edge)
                                  0.000000    0.000000   clock network delay (ideal)
                                  0.900000    0.900000 ^ input external delay
     1    0.003868    0.024367    0.013338    0.913338 ^ A[28] (in)
                                                         A[28] (net)
                      0.024367    0.000000    0.913338 ^ input21/A (sky130_fd_sc_hd__clkdlybuf4s25_1)
     3    0.006260    0.075876    0.247157    1.160495 ^ input21/X (sky130_fd_sc_hd__clkdlybuf4s25_1)
                                                         net21 (net)
                      0.075876    0.000051    1.160546 ^ _567_/B1_N (sky130_fd_sc_hd__o21bai_2)
     3    0.010306    0.076920    0.130245    1.290790 ^ _567_/Y (sky130_fd_sc_hd__o21bai_2)
                                                         _284_ (net)
                      0.076920    0.000078    1.290868 ^ _580_/A1 (sky130_fd_sc_hd__a21o_2)
     1    0.002808    0.026856    0.110194    1.401062 ^ _580_/X (sky130_fd_sc_hd__a21o_2)
                                                         _297_ (net)
                      0.026856    0.000003    1.401065 ^ _581_/B (sky130_fd_sc_hd__and2b_4)
     1    0.006027    0.043161    0.130669    1.531734 ^ _581_/X (sky130_fd_sc_hd__and2b_4)
                                                         net86 (net)
                      0.043161    0.000027    1.531762 ^ output86/A (sky130_fd_sc_hd__buf_6)
     1    0.034312    0.076826    0.118546    1.650308 ^ output86/X (sky130_fd_sc_hd__buf_6)
                                                         S[28] (net)
                      0.076826    0.000131    1.650439 ^ S[28] (out)
                                              1.650439   data arrival time

                      0.000000    0.000000    0.000000   clock __VIRTUAL_CLK__ (rise edge)
                                  0.000000    0.000000   clock network delay (ideal)
                                  0.250000    0.250000   clock uncertainty
                                  0.000000    0.250000   clock reconvergence pessimism
                                 -0.900000   -0.650000   output external delay
                                             -0.650000   data required time
---------------------------------------------------------------------------------------------
                                             -0.650000   data required time
                                             -1.650439   data arrival time
---------------------------------------------------------------------------------------------
                                              2.300439   slack (MET)


Startpoint: A[10] (input port clocked by __VIRTUAL_CLK__)
Endpoint: S[11] (output port clocked by __VIRTUAL_CLK__)
Path Group: __VIRTUAL_CLK__
Path Type: min

Fanout         Cap        Slew       Delay        Time   Description
---------------------------------------------------------------------------------------------
                      0.000000    0.000000    0.000000   clock __VIRTUAL_CLK__ (rise edge)
                                  0.000000    0.000000   clock network delay (ideal)
                                  0.900000    0.900000 ^ input external delay
     1    0.003698    0.023624    0.012768    0.912768 ^ A[10] (in)
                                                         A[10] (net)
                      0.023624    0.000000    0.912768 ^ input2/A (sky130_fd_sc_hd__clkdlybuf4s25_1)
     2    0.006878    0.084306    0.251073    1.163841 ^ input2/X (sky130_fd_sc_hd__clkdlybuf4s25_1)
                                                         net2 (net)
                      0.084306    0.000025    1.163866 ^ _714_/B1 (sky130_fd_sc_hd__o21a_4)
     2    0.012704    0.053573    0.135293    1.299159 ^ _714_/X (sky130_fd_sc_hd__o21a_4)
                                                         _061_ (net)
                      0.053573    0.000045    1.299204 ^ _715_/A (sky130_fd_sc_hd__nand2_4)
     4    0.016675    0.045129    0.055278    1.354482 v _715_/Y (sky130_fd_sc_hd__nand2_4)
                                                         _062_ (net)
                      0.045129    0.000067    1.354549 v _638_/B1 (sky130_fd_sc_hd__o21ai_2)
     1    0.008973    0.072438    0.068150    1.422699 ^ _638_/Y (sky130_fd_sc_hd__o21ai_2)
                                                         _340_ (net)
                      0.072438    0.000018    1.422716 ^ _639_/B (sky130_fd_sc_hd__xor2_2)
     1    0.002758    0.029870    0.054020    1.476737 v _639_/X (sky130_fd_sc_hd__xor2_2)
                                                         net68 (net)
                      0.029870    0.000011    1.476747 v output68/A (sky130_fd_sc_hd__clkbuf_2)
     1    0.034630    0.132931    0.173884    1.650631 v output68/X (sky130_fd_sc_hd__clkbuf_2)
                                                         S[11] (net)
                      0.132931    0.000202    1.650833 v S[11] (out)
                                              1.650833   data arrival time

                      0.000000    0.000000    0.000000   clock __VIRTUAL_CLK__ (rise edge)
                                  0.000000    0.000000   clock network delay (ideal)
                                  0.250000    0.250000   clock uncertainty
                                  0.000000    0.250000   clock reconvergence pessimism
                                 -0.900000   -0.650000   output external delay
                                             -0.650000   data required time
---------------------------------------------------------------------------------------------
                                             -0.650000   data required time
                                             -1.650833   data arrival time
---------------------------------------------------------------------------------------------
                                              2.300833   slack (MET)


Startpoint: A[8] (input port clocked by __VIRTUAL_CLK__)
Endpoint: S[8] (output port clocked by __VIRTUAL_CLK__)
Path Group: __VIRTUAL_CLK__
Path Type: min

Fanout         Cap        Slew       Delay        Time   Description
---------------------------------------------------------------------------------------------
                      0.000000    0.000000    0.000000   clock __VIRTUAL_CLK__ (rise edge)
                                  0.000000    0.000000   clock network delay (ideal)
                                  0.900000    0.900000 ^ input external delay
     1    0.003935    0.024658    0.013564    0.913564 ^ A[8] (in)
                                                         A[8] (net)
                      0.024658    0.000000    0.913564 ^ input31/A (sky130_fd_sc_hd__clkdlybuf4s25_1)
     2    0.006859    0.084123    0.251288    1.164852 ^ input31/X (sky130_fd_sc_hd__clkdlybuf4s25_1)
                                                         net31 (net)
                      0.084123    0.000022    1.164874 ^ _704_/B1 (sky130_fd_sc_hd__o21a_4)
     2    0.011739    0.050926    0.133019    1.297893 ^ _704_/X (sky130_fd_sc_hd__o21a_4)
                                                         _051_ (net)
                      0.050926    0.000026    1.297919 ^ _705_/A (sky130_fd_sc_hd__nand2_4)
     4    0.020269    0.052063    0.059560    1.357479 v _705_/Y (sky130_fd_sc_hd__nand2_4)
                                                         _052_ (net)
                      0.052063    0.000090    1.357570 v _707_/A (sky130_fd_sc_hd__nand2_2)
     1    0.009721    0.060257    0.071252    1.428821 ^ _707_/Y (sky130_fd_sc_hd__nand2_2)
                                                         _054_ (net)
                      0.060257    0.000036    1.428857 ^ _633_/A (sky130_fd_sc_hd__xnor2_2)
     1    0.002630    0.032118    0.058647    1.487504 v _633_/Y (sky130_fd_sc_hd__xnor2_2)
                                                         net96 (net)
                      0.032118    0.000008    1.487512 v output96/A (sky130_fd_sc_hd__clkbuf_2)
     1    0.034435    0.132219    0.174296    1.661808 v output96/X (sky130_fd_sc_hd__clkbuf_2)
                                                         S[8] (net)
                      0.132219    0.000213    1.662021 v S[8] (out)
                                              1.662021   data arrival time

                      0.000000    0.000000    0.000000   clock __VIRTUAL_CLK__ (rise edge)
                                  0.000000    0.000000   clock network delay (ideal)
                                  0.250000    0.250000   clock uncertainty
                                  0.000000    0.250000   clock reconvergence pessimism
                                 -0.900000   -0.650000   output external delay
                                             -0.650000   data required time
---------------------------------------------------------------------------------------------
                                             -0.650000   data required time
                                             -1.662021   data arrival time
---------------------------------------------------------------------------------------------
                                              2.312021   slack (MET)


Startpoint: A[15] (input port clocked by __VIRTUAL_CLK__)
Endpoint: S[15] (output port clocked by __VIRTUAL_CLK__)
Path Group: __VIRTUAL_CLK__
Path Type: min

Fanout         Cap        Slew       Delay        Time   Description
---------------------------------------------------------------------------------------------
                      0.000000    0.000000    0.000000   clock __VIRTUAL_CLK__ (rise edge)
                                  0.000000    0.000000   clock network delay (ideal)
                                  0.900000    0.900000 ^ input external delay
     1    0.003252    0.021685    0.011282    0.911282 ^ A[15] (in)
                                                         A[15] (net)
                      0.021685    0.000000    0.911282 ^ input7/A (sky130_fd_sc_hd__clkdlybuf4s25_1)
     2    0.003627    0.053304    0.228702    1.139984 ^ input7/X (sky130_fd_sc_hd__clkdlybuf4s25_1)
                                                         net7 (net)
                      0.053304    0.000008    1.139993 ^ _681_/B1_N (sky130_fd_sc_hd__o21bai_2)
     6    0.020790    0.126520    0.156573    1.296566 ^ _681_/Y (sky130_fd_sc_hd__o21bai_2)
                                                         _028_ (net)
                      0.126520    0.000056    1.296622 ^ _649_/A2 (sky130_fd_sc_hd__a22oi_2)
     1    0.008452    0.056502    0.102725    1.399347 v _649_/Y (sky130_fd_sc_hd__a22oi_2)
                                                         _347_ (net)
                      0.056502    0.000016    1.399364 v _650_/B (sky130_fd_sc_hd__nor2_4)
     1    0.003301    0.055282    0.066481    1.465844 ^ _650_/Y (sky130_fd_sc_hd__nor2_4)
                                                         net72 (net)
                      0.055282    0.000014    1.465858 ^ output72/A (sky130_fd_sc_hd__clkbuf_2)
     1    0.034488    0.190013    0.200648    1.666506 ^ output72/X (sky130_fd_sc_hd__clkbuf_2)
                                                         S[15] (net)
                      0.190013    0.000160    1.666666 ^ S[15] (out)
                                              1.666666   data arrival time

                      0.000000    0.000000    0.000000   clock __VIRTUAL_CLK__ (rise edge)
                                  0.000000    0.000000   clock network delay (ideal)
                                  0.250000    0.250000   clock uncertainty
                                  0.000000    0.250000   clock reconvergence pessimism
                                 -0.900000   -0.650000   output external delay
                                             -0.650000   data required time
---------------------------------------------------------------------------------------------
                                             -0.650000   data required time
                                             -1.666666   data arrival time
---------------------------------------------------------------------------------------------
                                              2.316666   slack (MET)


Startpoint: A[7] (input port clocked by __VIRTUAL_CLK__)
Endpoint: S[7] (output port clocked by __VIRTUAL_CLK__)
Path Group: __VIRTUAL_CLK__
Path Type: min

Fanout         Cap        Slew       Delay        Time   Description
---------------------------------------------------------------------------------------------
                      0.000000    0.000000    0.000000   clock __VIRTUAL_CLK__ (rise edge)
                                  0.000000    0.000000   clock network delay (ideal)
                                  0.900000    0.900000 v input external delay
     1    0.003247    0.009669    0.004911    0.904911 v A[7] (in)
                                                         A[7] (net)
                      0.009669    0.000000    0.904911 v input30/A (sky130_fd_sc_hd__clkdlybuf4s25_1)
     3    0.006644    0.064911    0.238103    1.143014 v input30/X (sky130_fd_sc_hd__clkdlybuf4s25_1)
                                                         net30 (net)
                      0.064911    0.000039    1.143053 v _371_/B1_N (sky130_fd_sc_hd__o21bai_4)
     4    0.027991    0.089371    0.206709    1.349762 v _371_/Y (sky130_fd_sc_hd__o21bai_4)
                                                         _100_ (net)
                      0.089371    0.000028    1.349790 v _375_/B1 (sky130_fd_sc_hd__o21ai_2)
     1    0.010121    0.079701    0.091075    1.440865 ^ _375_/Y (sky130_fd_sc_hd__o21ai_2)
                                                         _104_ (net)
                      0.079701    0.000035    1.440899 ^ _631_/A (sky130_fd_sc_hd__xor2_2)
     1    0.002208    0.028251    0.060172    1.501072 v _631_/X (sky130_fd_sc_hd__xor2_2)
                                                         net95 (net)
                      0.028251    0.000006    1.501078 v output95/A (sky130_fd_sc_hd__buf_2)
     1    0.035143    0.091379    0.166022    1.667100 v output95/X (sky130_fd_sc_hd__buf_2)
                                                         S[7] (net)
                      0.091380    0.000347    1.667446 v S[7] (out)
                                              1.667446   data arrival time

                      0.000000    0.000000    0.000000   clock __VIRTUAL_CLK__ (rise edge)
                                  0.000000    0.000000   clock network delay (ideal)
                                  0.250000    0.250000   clock uncertainty
                                  0.000000    0.250000   clock reconvergence pessimism
                                 -0.900000   -0.650000   output external delay
                                             -0.650000   data required time
---------------------------------------------------------------------------------------------
                                             -0.650000   data required time
                                             -1.667446   data arrival time
---------------------------------------------------------------------------------------------
                                              2.317446   slack (MET)


Startpoint: A[19] (input port clocked by __VIRTUAL_CLK__)
Endpoint: S[19] (output port clocked by __VIRTUAL_CLK__)
Path Group: __VIRTUAL_CLK__
Path Type: min

Fanout         Cap        Slew       Delay        Time   Description
---------------------------------------------------------------------------------------------
                      0.000000    0.000000    0.000000   clock __VIRTUAL_CLK__ (rise edge)
                                  0.000000    0.000000   clock network delay (ideal)
                                  0.900000    0.900000 ^ input external delay
     1    0.003005    0.020612    0.010458    0.910458 ^ A[19] (in)
                                                         A[19] (net)
                      0.020612    0.000000    0.910458 ^ input11/A (sky130_fd_sc_hd__clkdlybuf4s25_1)
     4    0.018993    0.197870    0.329221    1.239679 ^ input11/X (sky130_fd_sc_hd__clkdlybuf4s25_1)
                                                         net11 (net)
                      0.197870    0.000191    1.239870 ^ _451_/B (sky130_fd_sc_hd__nand2_2)
     5    0.017970    0.091176    0.119463    1.359332 v _451_/Y (sky130_fd_sc_hd__nand2_2)
                                                         _177_ (net)
                      0.091176    0.000066    1.359399 v _456_/B (sky130_fd_sc_hd__nand4_2)
     1    0.004873    0.055263    0.096408    1.455806 ^ _456_/Y (sky130_fd_sc_hd__nand4_2)
                                                         _182_ (net)
                      0.055263    0.000005    1.455812 ^ _457_/B (sky130_fd_sc_hd__nand2_2)
     1    0.003599    0.026019    0.045902    1.501714 v _457_/Y (sky130_fd_sc_hd__nand2_2)
                                                         net76 (net)
                      0.026019    0.000028    1.501742 v output76/A (sky130_fd_sc_hd__clkbuf_4)
     1    0.035703    0.082243    0.167635    1.669377 v output76/X (sky130_fd_sc_hd__clkbuf_4)
                                                         S[19] (net)
                      0.082245    0.000470    1.669847 v S[19] (out)
                                              1.669847   data arrival time

                      0.000000    0.000000    0.000000   clock __VIRTUAL_CLK__ (rise edge)
                                  0.000000    0.000000   clock network delay (ideal)
                                  0.250000    0.250000   clock uncertainty
                                  0.000000    0.250000   clock reconvergence pessimism
                                 -0.900000   -0.650000   output external delay
                                             -0.650000   data required time
---------------------------------------------------------------------------------------------
                                             -0.650000   data required time
                                             -1.669847   data arrival time
---------------------------------------------------------------------------------------------
                                              2.319847   slack (MET)


Startpoint: A[23] (input port clocked by __VIRTUAL_CLK__)
Endpoint: S[23] (output port clocked by __VIRTUAL_CLK__)
Path Group: __VIRTUAL_CLK__
Path Type: min

Fanout         Cap        Slew       Delay        Time   Description
---------------------------------------------------------------------------------------------
                      0.000000    0.000000    0.000000   clock __VIRTUAL_CLK__ (rise edge)
                                  0.000000    0.000000   clock network delay (ideal)
                                  0.900000    0.900000 ^ input external delay
     1    0.004185    0.025744    0.014395    0.914395 ^ A[23] (in)
                                                         A[23] (net)
                      0.025744    0.000000    0.914395 ^ input16/A (sky130_fd_sc_hd__clkdlybuf4s25_1)
     3    0.010690    0.117794    0.276870    1.191265 ^ input16/X (sky130_fd_sc_hd__clkdlybuf4s25_1)
                                                         net16 (net)
                      0.117794    0.000090    1.191356 ^ _502_/B1 (sky130_fd_sc_hd__o21ai_2)
     4    0.017625    0.081016    0.103168    1.294524 v _502_/Y (sky130_fd_sc_hd__o21ai_2)
                                                         _224_ (net)
                      0.081016    0.000023    1.294547 v _505_/A2 (sky130_fd_sc_hd__o21ai_2)
     1    0.005115    0.049371    0.124026    1.418573 ^ _505_/Y (sky130_fd_sc_hd__o21ai_2)
                                                         _227_ (net)
                      0.049371    0.000013    1.418586 ^ _512_/B1 (sky130_fd_sc_hd__a21oi_2)
     1    0.008687    0.030098    0.039701    1.458287 v _512_/Y (sky130_fd_sc_hd__a21oi_2)
                                                         _234_ (net)
                      0.030098    0.000030    1.458317 v _513_/B (sky130_fd_sc_hd__nor2_4)
     1    0.004002    0.059005    0.060330    1.518647 ^ _513_/Y (sky130_fd_sc_hd__nor2_4)
                                                         net81 (net)
                      0.059005    0.000021    1.518668 ^ output81/A (sky130_fd_sc_hd__buf_4)
     1    0.035303    0.105190    0.154935    1.673603 ^ output81/X (sky130_fd_sc_hd__buf_4)
                                                         S[23] (net)
                      0.105190    0.000339    1.673941 ^ S[23] (out)
                                              1.673941   data arrival time

                      0.000000    0.000000    0.000000   clock __VIRTUAL_CLK__ (rise edge)
                                  0.000000    0.000000   clock network delay (ideal)
                                  0.250000    0.250000   clock uncertainty
                                  0.000000    0.250000   clock reconvergence pessimism
                                 -0.900000   -0.650000   output external delay
                                             -0.650000   data required time
---------------------------------------------------------------------------------------------
                                             -0.650000   data required time
                                             -1.673941   data arrival time
---------------------------------------------------------------------------------------------
                                              2.323941   slack (MET)


Startpoint: A[18] (input port clocked by __VIRTUAL_CLK__)
Endpoint: S[18] (output port clocked by __VIRTUAL_CLK__)
Path Group: __VIRTUAL_CLK__
Path Type: min

Fanout         Cap        Slew       Delay        Time   Description
---------------------------------------------------------------------------------------------
                      0.000000    0.000000    0.000000   clock __VIRTUAL_CLK__ (rise edge)
                                  0.000000    0.000000   clock network delay (ideal)
                                  0.900000    0.900000 ^ input external delay
     1    0.003136    0.021183    0.010898    0.910897 ^ A[18] (in)
                                                         A[18] (net)
                      0.021183    0.000000    0.910897 ^ input10/A (sky130_fd_sc_hd__clkdlybuf4s25_1)
     3    0.014668    0.156110    0.301269    1.212166 ^ input10/X (sky130_fd_sc_hd__clkdlybuf4s25_1)
                                                         net10 (net)
                      0.156110    0.000152    1.212318 ^ _438_/C (sky130_fd_sc_hd__nand3b_2)
     2    0.006688    0.063225    0.099567    1.311885 v _438_/Y (sky130_fd_sc_hd__nand3b_2)
                                                         _165_ (net)
                      0.063225    0.000021    1.311906 v _440_/A (sky130_fd_sc_hd__nand2_2)
     3    0.021401    0.117551    0.114941    1.426846 ^ _440_/Y (sky130_fd_sc_hd__nand2_2)
                                                         _167_ (net)
                      0.117551    0.000088    1.426934 ^ _445_/A (sky130_fd_sc_hd__xor2_2)
     1    0.005421    0.036240    0.080801    1.507735 v _445_/X (sky130_fd_sc_hd__xor2_2)
                                                         net75 (net)
                      0.036240    0.000052    1.507788 v output75/A (sky130_fd_sc_hd__clkbuf_4)
     1    0.034438    0.079813    0.170291    1.678079 v output75/X (sky130_fd_sc_hd__clkbuf_4)
                                                         S[18] (net)
                      0.079813    0.000153    1.678232 v S[18] (out)
                                              1.678232   data arrival time

                      0.000000    0.000000    0.000000   clock __VIRTUAL_CLK__ (rise edge)
                                  0.000000    0.000000   clock network delay (ideal)
                                  0.250000    0.250000   clock uncertainty
                                  0.000000    0.250000   clock reconvergence pessimism
                                 -0.900000   -0.650000   output external delay
                                             -0.650000   data required time
---------------------------------------------------------------------------------------------
                                             -0.650000   data required time
                                             -1.678232   data arrival time
---------------------------------------------------------------------------------------------
                                              2.328232   slack (MET)


Startpoint: A[20] (input port clocked by __VIRTUAL_CLK__)
Endpoint: S[22] (output port clocked by __VIRTUAL_CLK__)
Path Group: __VIRTUAL_CLK__
Path Type: min

Fanout         Cap        Slew       Delay        Time   Description
---------------------------------------------------------------------------------------------
                      0.000000    0.000000    0.000000   clock __VIRTUAL_CLK__ (rise edge)
                                  0.000000    0.000000   clock network delay (ideal)
                                  0.900000    0.900000 v input external delay
     1    0.003132    0.009403    0.004728    0.904728 v A[20] (in)
                                                         A[20] (net)
                      0.009403    0.000000    0.904728 v input13/A (sky130_fd_sc_hd__clkdlybuf4s25_1)
     2    0.010480    0.091965    0.259175    1.163903 v input13/X (sky130_fd_sc_hd__clkdlybuf4s25_1)
                                                         net13 (net)
                      0.091965    0.000030    1.163932 v _460_/B1 (sky130_fd_sc_hd__o21ai_4)
     3    0.013220    0.071456    0.086555    1.250487 ^ _460_/Y (sky130_fd_sc_hd__o21ai_4)
                                                         _185_ (net)
                      0.071456    0.000031    1.250518 ^ _484_/B1 (sky130_fd_sc_hd__o22a_2)
     2    0.008714    0.057305    0.151828    1.402346 ^ _484_/X (sky130_fd_sc_hd__o22a_2)
                                                         _207_ (net)
                      0.057305    0.000038    1.402385 ^ _487_/B2 (sky130_fd_sc_hd__o2bb2ai_2)
     1    0.004597    0.031408    0.051677    1.454062 v _487_/Y (sky130_fd_sc_hd__o2bb2ai_2)
                                                         _210_ (net)
                      0.031408    0.000008    1.454069 v _496_/A (sky130_fd_sc_hd__nand2_2)
     1    0.010147    0.062157    0.064425    1.518494 ^ _496_/Y (sky130_fd_sc_hd__nand2_2)
                                                         _219_ (net)
                      0.062157    0.000049    1.518543 ^ _497_/B (sky130_fd_sc_hd__nand2_4)
     1    0.004584    0.023083    0.042990    1.561533 v _497_/Y (sky130_fd_sc_hd__nand2_4)
                                                         net80 (net)
                      0.023083    0.000006    1.561539 v output80/A (sky130_fd_sc_hd__buf_6)
     1    0.034566    0.043887    0.121116    1.682655 v output80/X (sky130_fd_sc_hd__buf_6)
                                                         S[22] (net)
                      0.043887    0.000237    1.682892 v S[22] (out)
                                              1.682892   data arrival time

                      0.000000    0.000000    0.000000   clock __VIRTUAL_CLK__ (rise edge)
                                  0.000000    0.000000   clock network delay (ideal)
                                  0.250000    0.250000   clock uncertainty
                                  0.000000    0.250000   clock reconvergence pessimism
                                 -0.900000   -0.650000   output external delay
                                             -0.650000   data required time
---------------------------------------------------------------------------------------------
                                             -0.650000   data required time
                                             -1.682892   data arrival time
---------------------------------------------------------------------------------------------
                                              2.332892   slack (MET)


Startpoint: A[24] (input port clocked by __VIRTUAL_CLK__)
Endpoint: S[24] (output port clocked by __VIRTUAL_CLK__)
Path Group: __VIRTUAL_CLK__
Path Type: min

Fanout         Cap        Slew       Delay        Time   Description
---------------------------------------------------------------------------------------------
                      0.000000    0.000000    0.000000   clock __VIRTUAL_CLK__ (rise edge)
                                  0.000000    0.000000   clock network delay (ideal)
                                  0.900000    0.900000 v input external delay
     1    0.003608    0.010505    0.005490    0.905490 v A[24] (in)
                                                         A[24] (net)
                      0.010505    0.000000    0.905490 v input17/A (sky130_fd_sc_hd__clkdlybuf4s25_1)
     3    0.008196    0.074881    0.247474    1.152964 v input17/X (sky130_fd_sc_hd__clkdlybuf4s25_1)
                                                         net17 (net)
                      0.074881    0.000040    1.153004 v _525_/C (sky130_fd_sc_hd__nand3b_2)
     3    0.014851    0.097074    0.126290    1.279294 ^ _525_/Y (sky130_fd_sc_hd__nand3b_2)
                                                         _246_ (net)
                      0.097074    0.000023    1.279316 ^ _527_/A (sky130_fd_sc_hd__nand2_2)
     5    0.018087    0.077805    0.092670    1.371987 v _527_/Y (sky130_fd_sc_hd__nand2_2)
                                                         _248_ (net)
                      0.077805    0.000122    1.372108 v _530_/B1 (sky130_fd_sc_hd__o211ai_2)
     1    0.002235    0.042835    0.070555    1.442664 ^ _530_/Y (sky130_fd_sc_hd__o211ai_2)
                                                         _251_ (net)
                      0.042835    0.000008    1.442672 ^ _531_/B (sky130_fd_sc_hd__and2_2)
     1    0.006438    0.052661    0.136147    1.578819 ^ _531_/X (sky130_fd_sc_hd__and2_2)
                                                         net82 (net)
                      0.052661    0.000050    1.578869 ^ output82/A (sky130_fd_sc_hd__buf_6)
     1    0.035269    0.078612    0.122977    1.701846 ^ output82/X (sky130_fd_sc_hd__buf_6)
                                                         S[24] (net)
                      0.078613    0.000354    1.702200 ^ S[24] (out)
                                              1.702200   data arrival time

                      0.000000    0.000000    0.000000   clock __VIRTUAL_CLK__ (rise edge)
                                  0.000000    0.000000   clock network delay (ideal)
                                  0.250000    0.250000   clock uncertainty
                                  0.000000    0.250000   clock reconvergence pessimism
                                 -0.900000   -0.650000   output external delay
                                             -0.650000   data required time
---------------------------------------------------------------------------------------------
                                             -0.650000   data required time
                                             -1.702200   data arrival time
---------------------------------------------------------------------------------------------
                                              2.352200   slack (MET)


Startpoint: A[0] (input port clocked by __VIRTUAL_CLK__)
Endpoint: S[0] (output port clocked by __VIRTUAL_CLK__)
Path Group: __VIRTUAL_CLK__
Path Type: min

Fanout         Cap        Slew       Delay        Time   Description
---------------------------------------------------------------------------------------------
                      0.000000    0.000000    0.000000   clock __VIRTUAL_CLK__ (rise edge)
                                  0.000000    0.000000   clock network delay (ideal)
                                  0.900000    0.900000 ^ input external delay
     1    0.003266    0.021746    0.011329    0.911329 ^ A[0] (in)
                                                         A[0] (net)
                      0.021746    0.000000    0.911329 ^ input1/A (sky130_fd_sc_hd__clkdlybuf4s25_1)
     4    0.019626    0.207552    0.333804    1.245134 ^ input1/X (sky130_fd_sc_hd__clkdlybuf4s25_1)
                                                         net1 (net)
                      0.207552    0.000048    1.245182 ^ _615_/A (sky130_fd_sc_hd__xor2_2)
     1    0.002699    0.030039    0.086565    1.331746 v _615_/X (sky130_fd_sc_hd__xor2_2)
                                                         net66 (net)
                      0.030039    0.000008    1.331755 v output66/A (sky130_fd_sc_hd__clkdlybuf4s25_1)
     1    0.034735    0.258337    0.390218    1.721972 v output66/X (sky130_fd_sc_hd__clkdlybuf4s25_1)
                                                         S[0] (net)
                      0.258337    0.000206    1.722178 v S[0] (out)
                                              1.722178   data arrival time

                      0.000000    0.000000    0.000000   clock __VIRTUAL_CLK__ (rise edge)
                                  0.000000    0.000000   clock network delay (ideal)
                                  0.250000    0.250000   clock uncertainty
                                  0.000000    0.250000   clock reconvergence pessimism
                                 -0.900000   -0.650000   output external delay
                                             -0.650000   data required time
---------------------------------------------------------------------------------------------
                                             -0.650000   data required time
                                             -1.722178   data arrival time
---------------------------------------------------------------------------------------------
                                              2.372179   slack (MET)


Startpoint: A[12] (input port clocked by __VIRTUAL_CLK__)
Endpoint: S[13] (output port clocked by __VIRTUAL_CLK__)
Path Group: __VIRTUAL_CLK__
Path Type: min

Fanout         Cap        Slew       Delay        Time   Description
---------------------------------------------------------------------------------------------
                      0.000000    0.000000    0.000000   clock __VIRTUAL_CLK__ (rise edge)
                                  0.000000    0.000000   clock network delay (ideal)
                                  0.900000    0.900000 ^ input external delay
     1    0.003255    0.021700    0.011293    0.911293 ^ A[12] (in)
                                                         A[12] (net)
                      0.021700    0.000000    0.911293 ^ input4/A (sky130_fd_sc_hd__clkdlybuf4s25_1)
     4    0.015298    0.162187    0.305560    1.216853 ^ input4/X (sky130_fd_sc_hd__clkdlybuf4s25_1)
                                                         net4 (net)
                      0.162187    0.000070    1.216923 ^ _643_/A1 (sky130_fd_sc_hd__a22o_2)
     1    0.008906    0.061973    0.181495    1.398418 ^ _643_/X (sky130_fd_sc_hd__a22o_2)
                                                         _343_ (net)
                      0.061973    0.000020    1.398438 ^ _644_/B (sky130_fd_sc_hd__xnor2_2)
     1    0.001879    0.025282    0.048022    1.446460 v _644_/Y (sky130_fd_sc_hd__xnor2_2)
                                                         net70 (net)
                      0.025282    0.000003    1.446463 v output70/A (sky130_fd_sc_hd__dlymetal6s4s_1)
     1    0.034946    0.176715    0.339588    1.786051 v output70/X (sky130_fd_sc_hd__dlymetal6s4s_1)
                                                         S[13] (net)
                      0.176715    0.000209    1.786261 v S[13] (out)
                                              1.786261   data arrival time

                      0.000000    0.000000    0.000000   clock __VIRTUAL_CLK__ (rise edge)
                                  0.000000    0.000000   clock network delay (ideal)
                                  0.250000    0.250000   clock uncertainty
                                  0.000000    0.250000   clock reconvergence pessimism
                                 -0.900000   -0.650000   output external delay
                                             -0.650000   data required time
---------------------------------------------------------------------------------------------
                                             -0.650000   data required time
                                             -1.786261   data arrival time
---------------------------------------------------------------------------------------------
                                              2.436261   slack (MET)


Startpoint: A[20] (input port clocked by __VIRTUAL_CLK__)
Endpoint: S[20] (output port clocked by __VIRTUAL_CLK__)
Path Group: __VIRTUAL_CLK__
Path Type: min

Fanout         Cap        Slew       Delay        Time   Description
---------------------------------------------------------------------------------------------
                      0.000000    0.000000    0.000000   clock __VIRTUAL_CLK__ (rise edge)
                                  0.000000    0.000000   clock network delay (ideal)
                                  0.900000    0.900000 v input external delay
     1    0.003132    0.009403    0.004728    0.904728 v A[20] (in)
                                                         A[20] (net)
                      0.009403    0.000000    0.904728 v input13/A (sky130_fd_sc_hd__clkdlybuf4s25_1)
     2    0.010480    0.091965    0.259175    1.163903 v input13/X (sky130_fd_sc_hd__clkdlybuf4s25_1)
                                                         net13 (net)
                      0.091965    0.000032    1.163935 v _462_/B1_N (sky130_fd_sc_hd__o21ba_2)
     2    0.016590    0.105322    0.285670    1.449605 ^ _462_/X (sky130_fd_sc_hd__o21ba_2)
                                                         _187_ (net)
                      0.105322    0.000102    1.449707 ^ _463_/B (sky130_fd_sc_hd__nor2_2)
     4    0.031199    0.078908    0.095034    1.544741 v _463_/Y (sky130_fd_sc_hd__nor2_2)
                                                         _188_ (net)
                      0.078908    0.000172    1.544912 v _471_/A (sky130_fd_sc_hd__xor2_4)
     1    0.006510    0.092748    0.160998    1.705910 ^ _471_/X (sky130_fd_sc_hd__xor2_4)
                                                         net78 (net)
                      0.092748    0.000041    1.705951 ^ output78/A (sky130_fd_sc_hd__buf_6)
     1    0.034685    0.077694    0.134975    1.840926 ^ output78/X (sky130_fd_sc_hd__buf_6)
                                                         S[20] (net)
                      0.077694    0.000253    1.841179 ^ S[20] (out)
                                              1.841179   data arrival time

                      0.000000    0.000000    0.000000   clock __VIRTUAL_CLK__ (rise edge)
                                  0.000000    0.000000   clock network delay (ideal)
                                  0.250000    0.250000   clock uncertainty
                                  0.000000    0.250000   clock reconvergence pessimism
                                 -0.900000   -0.650000   output external delay
                                             -0.650000   data required time
---------------------------------------------------------------------------------------------
                                             -0.650000   data required time
                                             -1.841179   data arrival time
---------------------------------------------------------------------------------------------
                                              2.491179   slack (MET)


Startpoint: A[10] (input port clocked by __VIRTUAL_CLK__)
Endpoint: S[10] (output port clocked by __VIRTUAL_CLK__)
Path Group: __VIRTUAL_CLK__
Path Type: min

Fanout         Cap        Slew       Delay        Time   Description
---------------------------------------------------------------------------------------------
                      0.000000    0.000000    0.000000   clock __VIRTUAL_CLK__ (rise edge)
                                  0.000000    0.000000   clock network delay (ideal)
                                  0.900000    0.900000 ^ input external delay
     1    0.003698    0.023624    0.012768    0.912768 ^ A[10] (in)
                                                         A[10] (net)
                      0.023624    0.000000    0.912768 ^ input2/A (sky130_fd_sc_hd__clkdlybuf4s25_1)
     2    0.006878    0.084306    0.251073    1.163841 ^ input2/X (sky130_fd_sc_hd__clkdlybuf4s25_1)
                                                         net2 (net)
                      0.084306    0.000025    1.163866 ^ _714_/B1 (sky130_fd_sc_hd__o21a_4)
     2    0.012704    0.053573    0.135293    1.299159 ^ _714_/X (sky130_fd_sc_hd__o21a_4)
                                                         _061_ (net)
                      0.053573    0.000045    1.299204 ^ _715_/A (sky130_fd_sc_hd__nand2_4)
     4    0.016675    0.045129    0.055278    1.354482 v _715_/Y (sky130_fd_sc_hd__nand2_4)
                                                         _062_ (net)
                      0.045129    0.000075    1.354557 v _716_/B (sky130_fd_sc_hd__nand2_2)
     2    0.014996    0.090644    0.094754    1.449311 ^ _716_/Y (sky130_fd_sc_hd__nand2_2)
                                                         _063_ (net)
                      0.090644    0.000016    1.449327 ^ _637_/A (sky130_fd_sc_hd__xor2_2)
     1    0.002207    0.028267    0.062939    1.512265 v _637_/X (sky130_fd_sc_hd__xor2_2)
                                                         net67 (net)
                      0.028267    0.000007    1.512272 v output67/A (sky130_fd_sc_hd__dlymetal6s4s_1)
     1    0.034813    0.176137    0.340349    1.852621 v output67/X (sky130_fd_sc_hd__dlymetal6s4s_1)
                                                         S[10] (net)
                      0.176137    0.000200    1.852821 v S[10] (out)
                                              1.852821   data arrival time

                      0.000000    0.000000    0.000000   clock __VIRTUAL_CLK__ (rise edge)
                                  0.000000    0.000000   clock network delay (ideal)
                                  0.250000    0.250000   clock uncertainty
                                  0.000000    0.250000   clock reconvergence pessimism
                                 -0.900000   -0.650000   output external delay
                                             -0.650000   data required time
---------------------------------------------------------------------------------------------
                                             -0.650000   data required time
                                             -1.852821   data arrival time
---------------------------------------------------------------------------------------------
                                              2.502821   slack (MET)


Startpoint: A[12] (input port clocked by __VIRTUAL_CLK__)
Endpoint: S[12] (output port clocked by __VIRTUAL_CLK__)
Path Group: __VIRTUAL_CLK__
Path Type: min

Fanout         Cap        Slew       Delay        Time   Description
---------------------------------------------------------------------------------------------
                      0.000000    0.000000    0.000000   clock __VIRTUAL_CLK__ (rise edge)
                                  0.000000    0.000000   clock network delay (ideal)
                                  0.900000    0.900000 v input external delay
     1    0.003030    0.009166    0.004561    0.904561 v A[12] (in)
                                                         A[12] (net)
                      0.009166    0.000000    0.904561 v input4/A (sky130_fd_sc_hd__clkdlybuf4s25_1)
     4    0.014281    0.115821    0.278566    1.183126 v input4/X (sky130_fd_sc_hd__clkdlybuf4s25_1)
                                                         net4 (net)
                      0.115821    0.000098    1.183224 v _675_/B1 (sky130_fd_sc_hd__o21ai_2)
     2    0.007844    0.074002    0.094212    1.277436 ^ _675_/Y (sky130_fd_sc_hd__o21ai_2)
                                                         _022_ (net)
                      0.074002    0.000012    1.277448 ^ _687_/A2 (sky130_fd_sc_hd__o21a_2)
     5    0.023069    0.126891    0.179846    1.457294 ^ _687_/X (sky130_fd_sc_hd__o21a_2)
                                                         _034_ (net)
                      0.126891    0.000059    1.457354 ^ _642_/A (sky130_fd_sc_hd__xor2_2)
     1    0.002283    0.028497    0.071984    1.529337 v _642_/X (sky130_fd_sc_hd__xor2_2)
                                                         net69 (net)
                      0.028497    0.000006    1.529343 v output69/A (sky130_fd_sc_hd__dlymetal6s4s_1)
     1    0.034625    0.175289    0.339830    1.869173 v output69/X (sky130_fd_sc_hd__dlymetal6s4s_1)
                                                         S[12] (net)
                      0.175289    0.000196    1.869369 v S[12] (out)
                                              1.869369   data arrival time

                      0.000000    0.000000    0.000000   clock __VIRTUAL_CLK__ (rise edge)
                                  0.000000    0.000000   clock network delay (ideal)
                                  0.250000    0.250000   clock uncertainty
                                  0.000000    0.250000   clock reconvergence pessimism
                                 -0.900000   -0.650000   output external delay
                                             -0.650000   data required time
---------------------------------------------------------------------------------------------
                                             -0.650000   data required time
                                             -1.869369   data arrival time
---------------------------------------------------------------------------------------------
                                              2.519369   slack (MET)



