
===========================================================================
report_checks -path_delay max (Setup)
============================================================================
======================= nom_ff_n40C_1v95 Corner ===================================

Startpoint: sub (input port clocked by __VIRTUAL_CLK__)
Endpoint: S[23] (output port clocked by __VIRTUAL_CLK__)
Path Group: __VIRTUAL_CLK__
Path Type: max

Fanout         Cap        Slew       Delay        Time   Description
---------------------------------------------------------------------------------------------
                      0.000000    0.000000    0.000000   clock __VIRTUAL_CLK__ (rise edge)
                                  0.000000    0.000000   clock network delay (ideal)
                                  0.800000    0.800000 v input external delay
     1    0.007903    0.012935    0.007916    0.807916 v sub (in)
                                                         sub (net)
                      0.012938    0.000000    0.807916 v input65/A (sky130_fd_sc_hd__buf_8)
     5    0.040618    0.033462    0.088429    0.896345 v input65/X (sky130_fd_sc_hd__buf_8)
                                                         net65 (net)
                      0.033685    0.002204    0.898550 v fanout106/A (sky130_fd_sc_hd__buf_4)
     7    0.034652    0.043139    0.117850    1.016399 v fanout106/X (sky130_fd_sc_hd__buf_4)
                                                         net106 (net)
                      0.043172    0.001143    1.017542 v fanout104/A (sky130_fd_sc_hd__clkbuf_2)
     4    0.022480    0.062864    0.115588    1.133129 v fanout104/X (sky130_fd_sc_hd__clkbuf_2)
                                                         net104 (net)
                      0.062872    0.000743    1.133873 v load_slew105/A (sky130_fd_sc_hd__buf_6)
     7    0.044975    0.038237    0.114468    1.248340 v load_slew105/X (sky130_fd_sc_hd__buf_6)
                                                         net105 (net)
                      0.038370    0.002043    1.250383 v _364_/A1 (sky130_fd_sc_hd__o21ai_4)
     3    0.012801    0.110871    0.128610    1.378993 ^ _364_/Y (sky130_fd_sc_hd__o21ai_4)
                                                         _093_ (net)
                      0.110871    0.000183    1.379176 ^ _365_/B1 (sky130_fd_sc_hd__a21oi_2)
     2    0.007904    0.051716    0.030749    1.409925 v _365_/Y (sky130_fd_sc_hd__a21oi_2)
                                                         _094_ (net)
                      0.051716    0.000057    1.409982 v _376_/A_N (sky130_fd_sc_hd__nand4b_4)
     2    0.012540    0.074153    0.133259    1.543241 v _376_/Y (sky130_fd_sc_hd__nand4b_4)
                                                         _105_ (net)
                      0.074153    0.000445    1.543686 v _377_/A (sky130_fd_sc_hd__nor2_4)
     3    0.025319    0.130050    0.149780    1.693465 ^ _377_/Y (sky130_fd_sc_hd__nor2_4)
                                                         _106_ (net)
                      0.130055    0.000659    1.694125 ^ _410_/B (sky130_fd_sc_hd__nand4_4)
     3    0.016705    0.081074    0.089296    1.783421 v _410_/Y (sky130_fd_sc_hd__nand4_4)
                                                         _139_ (net)
                      0.081075    0.000603    1.784024 v _415_/C (sky130_fd_sc_hd__nand3_4)
     3    0.026128    0.088575    0.111421    1.895445 ^ _415_/Y (sky130_fd_sc_hd__nand3_4)
                                                         _144_ (net)
                      0.088579    0.001105    1.896550 ^ _424_/B2 (sky130_fd_sc_hd__o22ai_4)
     3    0.016388    0.063016    0.047769    1.944319 v _424_/Y (sky130_fd_sc_hd__o22ai_4)
                                                         _153_ (net)
                      0.063019    0.000817    1.945136 v _470_/B1 (sky130_fd_sc_hd__o22ai_4)
     7    0.039615    0.228780    0.217841    2.162977 ^ _470_/Y (sky130_fd_sc_hd__o22ai_4)
                                                         _195_ (net)
                      0.228797    0.001595    2.164572 ^ _507_/B (sky130_fd_sc_hd__nand2_2)
     1    0.009099    0.057799    0.052635    2.217207 v _507_/Y (sky130_fd_sc_hd__nand2_2)
                                                         _229_ (net)
                      0.057800    0.000194    2.217400 v _512_/A2 (sky130_fd_sc_hd__a21oi_4)
     1    0.009791    0.092281    0.126430    2.343830 ^ _512_/Y (sky130_fd_sc_hd__a21oi_4)
                                                         _234_ (net)
                      0.092281    0.000321    2.344151 ^ _513_/A (sky130_fd_sc_hd__nor2_4)
     1    0.004932    0.032557    0.025607    2.369758 v _513_/Y (sky130_fd_sc_hd__nor2_4)
                                                         net81 (net)
                      0.032558    0.000155    2.369913 v output81/A (sky130_fd_sc_hd__buf_6)
     1    0.034940    0.032483    0.095992    2.465905 v output81/X (sky130_fd_sc_hd__buf_6)
                                                         S[23] (net)
                      0.032517    0.000978    2.466883 v S[23] (out)
                                              2.466883   data arrival time

                      0.000000    4.000000    4.000000   clock __VIRTUAL_CLK__ (rise edge)
                                  0.000000    4.000000   clock network delay (ideal)
                                 -0.250000    3.750000   clock uncertainty
                                  0.000000    3.750000   clock reconvergence pessimism
                                 -0.800000    2.950000   output external delay
                                              2.950000   data required time
---------------------------------------------------------------------------------------------
                                              2.950000   data required time
                                             -2.466883   data arrival time
---------------------------------------------------------------------------------------------
                                              0.483117   slack (MET)


Startpoint: sub (input port clocked by __VIRTUAL_CLK__)
Endpoint: S[20] (output port clocked by __VIRTUAL_CLK__)
Path Group: __VIRTUAL_CLK__
Path Type: max

Fanout         Cap        Slew       Delay        Time   Description
---------------------------------------------------------------------------------------------
                      0.000000    0.000000    0.000000   clock __VIRTUAL_CLK__ (rise edge)
                                  0.000000    0.000000   clock network delay (ideal)
                                  0.800000    0.800000 v input external delay
     1    0.007903    0.012935    0.007916    0.807916 v sub (in)
                                                         sub (net)
                      0.012938    0.000000    0.807916 v input65/A (sky130_fd_sc_hd__buf_8)
     5    0.040618    0.033462    0.088429    0.896345 v input65/X (sky130_fd_sc_hd__buf_8)
                                                         net65 (net)
                      0.033685    0.002204    0.898550 v fanout106/A (sky130_fd_sc_hd__buf_4)
     7    0.034652    0.043139    0.117850    1.016399 v fanout106/X (sky130_fd_sc_hd__buf_4)
                                                         net106 (net)
                      0.043172    0.001143    1.017542 v fanout104/A (sky130_fd_sc_hd__clkbuf_2)
     4    0.022480    0.062864    0.115588    1.133129 v fanout104/X (sky130_fd_sc_hd__clkbuf_2)
                                                         net104 (net)
                      0.062872    0.000743    1.133873 v load_slew105/A (sky130_fd_sc_hd__buf_6)
     7    0.044975    0.038237    0.114468    1.248340 v load_slew105/X (sky130_fd_sc_hd__buf_6)
                                                         net105 (net)
                      0.038370    0.002043    1.250383 v _364_/A1 (sky130_fd_sc_hd__o21ai_4)
     3    0.012801    0.110871    0.128610    1.378993 ^ _364_/Y (sky130_fd_sc_hd__o21ai_4)
                                                         _093_ (net)
                      0.110871    0.000183    1.379176 ^ _365_/B1 (sky130_fd_sc_hd__a21oi_2)
     2    0.007904    0.051716    0.030749    1.409925 v _365_/Y (sky130_fd_sc_hd__a21oi_2)
                                                         _094_ (net)
                      0.051716    0.000057    1.409982 v _376_/A_N (sky130_fd_sc_hd__nand4b_4)
     2    0.012540    0.074153    0.133259    1.543241 v _376_/Y (sky130_fd_sc_hd__nand4b_4)
                                                         _105_ (net)
                      0.074153    0.000445    1.543686 v _377_/A (sky130_fd_sc_hd__nor2_4)
     3    0.025319    0.130050    0.149780    1.693465 ^ _377_/Y (sky130_fd_sc_hd__nor2_4)
                                                         _106_ (net)
                      0.130055    0.000659    1.694125 ^ _410_/B (sky130_fd_sc_hd__nand4_4)
     3    0.016705    0.081074    0.089296    1.783421 v _410_/Y (sky130_fd_sc_hd__nand4_4)
                                                         _139_ (net)
                      0.081075    0.000603    1.784024 v _415_/C (sky130_fd_sc_hd__nand3_4)
     3    0.026128    0.088575    0.111421    1.895445 ^ _415_/Y (sky130_fd_sc_hd__nand3_4)
                                                         _144_ (net)
                      0.088579    0.001105    1.896550 ^ _424_/B2 (sky130_fd_sc_hd__o22ai_4)
     3    0.016388    0.063016    0.047769    1.944319 v _424_/Y (sky130_fd_sc_hd__o22ai_4)
                                                         _153_ (net)
                      0.063019    0.000817    1.945136 v _470_/B1 (sky130_fd_sc_hd__o22ai_4)
     7    0.039615    0.228780    0.217841    2.162977 ^ _470_/Y (sky130_fd_sc_hd__o22ai_4)
                                                         _195_ (net)
                      0.228816    0.002344    2.165322 ^ rebuffer124/A (sky130_fd_sc_hd__buf_6)
     1    0.015888    0.035873    0.090361    2.255683 ^ rebuffer124/X (sky130_fd_sc_hd__buf_6)
                                                         net124 (net)
                      0.035880    0.000490    2.256173 ^ _471_/B (sky130_fd_sc_hd__xor2_4)
     1    0.005276    0.081265    0.097823    2.353996 ^ _471_/X (sky130_fd_sc_hd__xor2_4)
                                                         net78 (net)
                      0.081265    0.000116    2.354112 ^ output78/A (sky130_fd_sc_hd__buf_6)
     1    0.034725    0.058310    0.100265    2.454377 ^ output78/X (sky130_fd_sc_hd__buf_6)
                                                         S[20] (net)
                      0.058323    0.000903    2.455280 ^ S[20] (out)
                                              2.455280   data arrival time

                      0.000000    4.000000    4.000000   clock __VIRTUAL_CLK__ (rise edge)
                                  0.000000    4.000000   clock network delay (ideal)
                                 -0.250000    3.750000   clock uncertainty
                                  0.000000    3.750000   clock reconvergence pessimism
                                 -0.800000    2.950000   output external delay
                                              2.950000   data required time
---------------------------------------------------------------------------------------------
                                              2.950000   data required time
                                             -2.455280   data arrival time
---------------------------------------------------------------------------------------------
                                              0.494720   slack (MET)


Startpoint: sub (input port clocked by __VIRTUAL_CLK__)
Endpoint: S[17] (output port clocked by __VIRTUAL_CLK__)
Path Group: __VIRTUAL_CLK__
Path Type: max

Fanout         Cap        Slew       Delay        Time   Description
---------------------------------------------------------------------------------------------
                      0.000000    0.000000    0.000000   clock __VIRTUAL_CLK__ (rise edge)
                                  0.000000    0.000000   clock network delay (ideal)
                                  0.800000    0.800000 v input external delay
     1    0.007903    0.012935    0.007916    0.807916 v sub (in)
                                                         sub (net)
                      0.012938    0.000000    0.807916 v input65/A (sky130_fd_sc_hd__buf_8)
     5    0.040618    0.033462    0.088429    0.896345 v input65/X (sky130_fd_sc_hd__buf_8)
                                                         net65 (net)
                      0.033685    0.002204    0.898550 v fanout106/A (sky130_fd_sc_hd__buf_4)
     7    0.034652    0.043139    0.117850    1.016399 v fanout106/X (sky130_fd_sc_hd__buf_4)
                                                         net106 (net)
                      0.043172    0.001143    1.017542 v fanout104/A (sky130_fd_sc_hd__clkbuf_2)
     4    0.022480    0.062864    0.115588    1.133129 v fanout104/X (sky130_fd_sc_hd__clkbuf_2)
                                                         net104 (net)
                      0.062872    0.000743    1.133873 v load_slew105/A (sky130_fd_sc_hd__buf_6)
     7    0.044975    0.038237    0.114468    1.248340 v load_slew105/X (sky130_fd_sc_hd__buf_6)
                                                         net105 (net)
                      0.038370    0.002043    1.250383 v _364_/A1 (sky130_fd_sc_hd__o21ai_4)
     3    0.012801    0.110871    0.128610    1.378993 ^ _364_/Y (sky130_fd_sc_hd__o21ai_4)
                                                         _093_ (net)
                      0.110871    0.000183    1.379176 ^ _365_/B1 (sky130_fd_sc_hd__a21oi_2)
     2    0.007904    0.051716    0.030749    1.409925 v _365_/Y (sky130_fd_sc_hd__a21oi_2)
                                                         _094_ (net)
                      0.051716    0.000057    1.409982 v _376_/A_N (sky130_fd_sc_hd__nand4b_4)
     2    0.012540    0.074153    0.133259    1.543241 v _376_/Y (sky130_fd_sc_hd__nand4b_4)
                                                         _105_ (net)
                      0.074153    0.000445    1.543686 v _377_/A (sky130_fd_sc_hd__nor2_4)
     3    0.025319    0.130050    0.149780    1.693465 ^ _377_/Y (sky130_fd_sc_hd__nor2_4)
                                                         _106_ (net)
                      0.130055    0.000659    1.694125 ^ _410_/B (sky130_fd_sc_hd__nand4_4)
     3    0.016705    0.081074    0.089296    1.783421 v _410_/Y (sky130_fd_sc_hd__nand4_4)
                                                         _139_ (net)
                      0.081075    0.000603    1.784024 v _415_/C (sky130_fd_sc_hd__nand3_4)
     3    0.026128    0.088575    0.111421    1.895445 ^ _415_/Y (sky130_fd_sc_hd__nand3_4)
                                                         _144_ (net)
                      0.088579    0.001105    1.896550 ^ _424_/B2 (sky130_fd_sc_hd__o22ai_4)
     3    0.016388    0.063016    0.047769    1.944319 v _424_/Y (sky130_fd_sc_hd__o22ai_4)
                                                         _153_ (net)
                      0.063017    0.000347    1.944666 v rebuffer244/A (sky130_fd_sc_hd__buf_2)
     2    0.008096    0.025121    0.099222    2.043888 v rebuffer244/X (sky130_fd_sc_hd__buf_2)
                                                         net244 (net)
                      0.025127    0.000377    2.044265 v _432_/A2 (sky130_fd_sc_hd__a21bo_2)
     1    0.008113    0.034789    0.148573    2.192838 v _432_/X (sky130_fd_sc_hd__a21bo_2)
                                                         _160_ (net)
                      0.034789    0.000174    2.193012 v _433_/B (sky130_fd_sc_hd__xor2_2)
     1    0.011138    0.133503    0.131275    2.324288 ^ _433_/X (sky130_fd_sc_hd__xor2_2)
                                                         net74 (net)
                      0.133505    0.000595    2.324882 ^ output74/A (sky130_fd_sc_hd__buf_6)
     1    0.034813    0.059019    0.107461    2.432344 ^ output74/X (sky130_fd_sc_hd__buf_6)
                                                         S[17] (net)
                      0.059029    0.000804    2.433148 ^ S[17] (out)
                                              2.433148   data arrival time

                      0.000000    4.000000    4.000000   clock __VIRTUAL_CLK__ (rise edge)
                                  0.000000    4.000000   clock network delay (ideal)
                                 -0.250000    3.750000   clock uncertainty
                                  0.000000    3.750000   clock reconvergence pessimism
                                 -0.800000    2.950000   output external delay
                                              2.950000   data required time
---------------------------------------------------------------------------------------------
                                              2.950000   data required time
                                             -2.433148   data arrival time
---------------------------------------------------------------------------------------------
                                              0.516852   slack (MET)


Startpoint: sub (input port clocked by __VIRTUAL_CLK__)
Endpoint: S[22] (output port clocked by __VIRTUAL_CLK__)
Path Group: __VIRTUAL_CLK__
Path Type: max

Fanout         Cap        Slew       Delay        Time   Description
---------------------------------------------------------------------------------------------
                      0.000000    0.000000    0.000000   clock __VIRTUAL_CLK__ (rise edge)
                                  0.000000    0.000000   clock network delay (ideal)
                                  0.800000    0.800000 v input external delay
     1    0.007903    0.012935    0.007916    0.807916 v sub (in)
                                                         sub (net)
                      0.012938    0.000000    0.807916 v input65/A (sky130_fd_sc_hd__buf_8)
     5    0.040618    0.033462    0.088429    0.896345 v input65/X (sky130_fd_sc_hd__buf_8)
                                                         net65 (net)
                      0.033685    0.002204    0.898550 v fanout106/A (sky130_fd_sc_hd__buf_4)
     7    0.034652    0.043139    0.117850    1.016399 v fanout106/X (sky130_fd_sc_hd__buf_4)
                                                         net106 (net)
                      0.043172    0.001143    1.017542 v fanout104/A (sky130_fd_sc_hd__clkbuf_2)
     4    0.022480    0.062864    0.115588    1.133129 v fanout104/X (sky130_fd_sc_hd__clkbuf_2)
                                                         net104 (net)
                      0.062872    0.000743    1.133873 v load_slew105/A (sky130_fd_sc_hd__buf_6)
     7    0.044975    0.038237    0.114468    1.248340 v load_slew105/X (sky130_fd_sc_hd__buf_6)
                                                         net105 (net)
                      0.038370    0.002043    1.250383 v _364_/A1 (sky130_fd_sc_hd__o21ai_4)
     3    0.012801    0.110871    0.128610    1.378993 ^ _364_/Y (sky130_fd_sc_hd__o21ai_4)
                                                         _093_ (net)
                      0.110871    0.000183    1.379176 ^ _365_/B1 (sky130_fd_sc_hd__a21oi_2)
     2    0.007904    0.051716    0.030749    1.409925 v _365_/Y (sky130_fd_sc_hd__a21oi_2)
                                                         _094_ (net)
                      0.051716    0.000057    1.409982 v _376_/A_N (sky130_fd_sc_hd__nand4b_4)
     2    0.012540    0.074153    0.133259    1.543241 v _376_/Y (sky130_fd_sc_hd__nand4b_4)
                                                         _105_ (net)
                      0.074153    0.000445    1.543686 v _377_/A (sky130_fd_sc_hd__nor2_4)
     3    0.025319    0.130050    0.149780    1.693465 ^ _377_/Y (sky130_fd_sc_hd__nor2_4)
                                                         _106_ (net)
                      0.130055    0.000659    1.694125 ^ _410_/B (sky130_fd_sc_hd__nand4_4)
     3    0.016705    0.081074    0.089296    1.783421 v _410_/Y (sky130_fd_sc_hd__nand4_4)
                                                         _139_ (net)
                      0.081075    0.000603    1.784024 v _415_/C (sky130_fd_sc_hd__nand3_4)
     3    0.026128    0.088575    0.111421    1.895445 ^ _415_/Y (sky130_fd_sc_hd__nand3_4)
                                                         _144_ (net)
                      0.088579    0.001105    1.896550 ^ _424_/B2 (sky130_fd_sc_hd__o22ai_4)
     3    0.016388    0.063016    0.047769    1.944319 v _424_/Y (sky130_fd_sc_hd__o22ai_4)
                                                         _153_ (net)
                      0.063019    0.000817    1.945136 v _470_/B1 (sky130_fd_sc_hd__o22ai_4)
     7    0.039615    0.228780    0.217841    2.162977 ^ _470_/Y (sky130_fd_sc_hd__o22ai_4)
                                                         _195_ (net)
                      0.228807    0.002028    2.165006 ^ _487_/A1_N (sky130_fd_sc_hd__o2bb2ai_2)
     1    0.005079    0.079916    0.080167    2.245172 ^ _487_/Y (sky130_fd_sc_hd__o2bb2ai_2)
                                                         _210_ (net)
                      0.079916    0.000158    2.245330 ^ _496_/B (sky130_fd_sc_hd__nand2_2)
     1    0.009338    0.036462    0.047578    2.292907 v _496_/Y (sky130_fd_sc_hd__nand2_2)
                                                         _219_ (net)
                      0.036479    0.000316    2.293223 v _497_/A (sky130_fd_sc_hd__nand2_4)
     1    0.008149    0.036184    0.042866    2.336088 ^ _497_/Y (sky130_fd_sc_hd__nand2_4)
                                                         net80 (net)
                      0.036185    0.000273    2.336362 ^ output80/A (sky130_fd_sc_hd__buf_8)
     1    0.034922    0.050038    0.084210    2.420571 ^ output80/X (sky130_fd_sc_hd__buf_8)
                                                         S[22] (net)
                      0.050087    0.000999    2.421570 ^ S[22] (out)
                                              2.421570   data arrival time

                      0.000000    4.000000    4.000000   clock __VIRTUAL_CLK__ (rise edge)
                                  0.000000    4.000000   clock network delay (ideal)
                                 -0.250000    3.750000   clock uncertainty
                                  0.000000    3.750000   clock reconvergence pessimism
                                 -0.800000    2.950000   output external delay
                                              2.950000   data required time
---------------------------------------------------------------------------------------------
                                              2.950000   data required time
                                             -2.421570   data arrival time
---------------------------------------------------------------------------------------------
                                              0.528430   slack (MET)


Startpoint: sub (input port clocked by __VIRTUAL_CLK__)
Endpoint: S[21] (output port clocked by __VIRTUAL_CLK__)
Path Group: __VIRTUAL_CLK__
Path Type: max

Fanout         Cap        Slew       Delay        Time   Description
---------------------------------------------------------------------------------------------
                      0.000000    0.000000    0.000000   clock __VIRTUAL_CLK__ (rise edge)
                                  0.000000    0.000000   clock network delay (ideal)
                                  0.800000    0.800000 v input external delay
     1    0.007903    0.012935    0.007916    0.807916 v sub (in)
                                                         sub (net)
                      0.012938    0.000000    0.807916 v input65/A (sky130_fd_sc_hd__buf_8)
     5    0.040618    0.033462    0.088429    0.896345 v input65/X (sky130_fd_sc_hd__buf_8)
                                                         net65 (net)
                      0.033685    0.002204    0.898550 v fanout106/A (sky130_fd_sc_hd__buf_4)
     7    0.034652    0.043139    0.117850    1.016399 v fanout106/X (sky130_fd_sc_hd__buf_4)
                                                         net106 (net)
                      0.043172    0.001143    1.017542 v fanout104/A (sky130_fd_sc_hd__clkbuf_2)
     4    0.022480    0.062864    0.115588    1.133129 v fanout104/X (sky130_fd_sc_hd__clkbuf_2)
                                                         net104 (net)
                      0.062872    0.000743    1.133873 v load_slew105/A (sky130_fd_sc_hd__buf_6)
     7    0.044975    0.038237    0.114468    1.248340 v load_slew105/X (sky130_fd_sc_hd__buf_6)
                                                         net105 (net)
                      0.038370    0.002043    1.250383 v _364_/A1 (sky130_fd_sc_hd__o21ai_4)
     3    0.012801    0.110871    0.128610    1.378993 ^ _364_/Y (sky130_fd_sc_hd__o21ai_4)
                                                         _093_ (net)
                      0.110871    0.000183    1.379176 ^ _365_/B1 (sky130_fd_sc_hd__a21oi_2)
     2    0.007904    0.051716    0.030749    1.409925 v _365_/Y (sky130_fd_sc_hd__a21oi_2)
                                                         _094_ (net)
                      0.051716    0.000057    1.409982 v _376_/A_N (sky130_fd_sc_hd__nand4b_4)
     2    0.012540    0.074153    0.133259    1.543241 v _376_/Y (sky130_fd_sc_hd__nand4b_4)
                                                         _105_ (net)
                      0.074153    0.000445    1.543686 v _377_/A (sky130_fd_sc_hd__nor2_4)
     3    0.025319    0.130050    0.149780    1.693465 ^ _377_/Y (sky130_fd_sc_hd__nor2_4)
                                                         _106_ (net)
                      0.130055    0.000659    1.694125 ^ _410_/B (sky130_fd_sc_hd__nand4_4)
     3    0.016705    0.081074    0.089296    1.783421 v _410_/Y (sky130_fd_sc_hd__nand4_4)
                                                         _139_ (net)
                      0.081075    0.000603    1.784024 v _415_/C (sky130_fd_sc_hd__nand3_4)
     3    0.026128    0.088575    0.111421    1.895445 ^ _415_/Y (sky130_fd_sc_hd__nand3_4)
                                                         _144_ (net)
                      0.088579    0.001105    1.896550 ^ _424_/B2 (sky130_fd_sc_hd__o22ai_4)
     3    0.016388    0.063016    0.047769    1.944319 v _424_/Y (sky130_fd_sc_hd__o22ai_4)
                                                         _153_ (net)
                      0.063019    0.000817    1.945136 v _470_/B1 (sky130_fd_sc_hd__o22ai_4)
     7    0.039615    0.228780    0.217841    2.162977 ^ _470_/Y (sky130_fd_sc_hd__o22ai_4)
                                                         _195_ (net)
                      0.228819    0.002450    2.165427 ^ _480_/A1 (sky130_fd_sc_hd__a211o_2)
     1    0.010220    0.046278    0.122150    2.287577 ^ _480_/X (sky130_fd_sc_hd__a211o_2)
                                                         _204_ (net)
                      0.046280    0.000341    2.287919 ^ _482_/B (sky130_fd_sc_hd__nand2_4)
     1    0.007814    0.033305    0.031553    2.319472 v _482_/Y (sky130_fd_sc_hd__nand2_4)
                                                         net79 (net)
                      0.033305    0.000277    2.319749 v output79/A (sky130_fd_sc_hd__buf_8)
     1    0.034994    0.030172    0.094313    2.414062 v output79/X (sky130_fd_sc_hd__buf_8)
                                                         S[21] (net)
                      0.030210    0.001000    2.415062 v S[21] (out)
                                              2.415062   data arrival time

                      0.000000    4.000000    4.000000   clock __VIRTUAL_CLK__ (rise edge)
                                  0.000000    4.000000   clock network delay (ideal)
                                 -0.250000    3.750000   clock uncertainty
                                  0.000000    3.750000   clock reconvergence pessimism
                                 -0.800000    2.950000   output external delay
                                              2.950000   data required time
---------------------------------------------------------------------------------------------
                                              2.950000   data required time
                                             -2.415062   data arrival time
---------------------------------------------------------------------------------------------
                                              0.534938   slack (MET)


Startpoint: sub (input port clocked by __VIRTUAL_CLK__)
Endpoint: S[26] (output port clocked by __VIRTUAL_CLK__)
Path Group: __VIRTUAL_CLK__
Path Type: max

Fanout         Cap        Slew       Delay        Time   Description
---------------------------------------------------------------------------------------------
                      0.000000    0.000000    0.000000   clock __VIRTUAL_CLK__ (rise edge)
                                  0.000000    0.000000   clock network delay (ideal)
                                  0.800000    0.800000 ^ input external delay
     1    0.008570    0.033691    0.022728    0.822728 ^ sub (in)
                                                         sub (net)
                      0.033692    0.000000    0.822728 ^ input65/A (sky130_fd_sc_hd__buf_8)
     5    0.042210    0.058589    0.089503    0.912232 ^ input65/X (sky130_fd_sc_hd__buf_8)
                                                         net65 (net)
                      0.058791    0.002895    0.915127 ^ fanout118/A (sky130_fd_sc_hd__buf_8)
     4    0.022889    0.036808    0.078806    0.993933 ^ fanout118/X (sky130_fd_sc_hd__buf_8)
                                                         net118 (net)
                      0.036808    0.000226    0.994159 ^ fanout112/A (sky130_fd_sc_hd__buf_6)
     2    0.011354    0.026108    0.065596    1.059755 ^ fanout112/X (sky130_fd_sc_hd__buf_6)
                                                         net112 (net)
                      0.026114    0.000363    1.060117 ^ load_slew114/A (sky130_fd_sc_hd__buf_8)
     3    0.030068    0.044486    0.077435    1.137552 ^ load_slew114/X (sky130_fd_sc_hd__buf_8)
                                                         net114 (net)
                      0.044526    0.000764    1.138316 ^ load_slew113/A (sky130_fd_sc_hd__buf_8)
     4    0.018641    0.032018    0.071785    1.210101 ^ load_slew113/X (sky130_fd_sc_hd__buf_8)
                                                         net113 (net)
                      0.032028    0.000520    1.210621 ^ _714_/A2 (sky130_fd_sc_hd__o21a_4)
     2    0.012091    0.038780    0.086741    1.297361 ^ _714_/X (sky130_fd_sc_hd__o21a_4)
                                                         _061_ (net)
                      0.038782    0.000365    1.297727 ^ _715_/A (sky130_fd_sc_hd__nand2_4)
     2    0.011018    0.028006    0.030989    1.328715 v _715_/Y (sky130_fd_sc_hd__nand2_4)
                                                         _062_ (net)
                      0.028007    0.000231    1.328946 v rebuffer130/A (sky130_fd_sc_hd__buf_2)
     3    0.019013    0.040460    0.102000    1.430946 v rebuffer130/X (sky130_fd_sc_hd__buf_2)
                                                         net130 (net)
                      0.040463    0.000402    1.431349 v _723_/B1 (sky130_fd_sc_hd__o2111a_2)
     1    0.009063    0.040770    0.117831    1.549179 v _723_/X (sky130_fd_sc_hd__o2111a_2)
                                                         _070_ (net)
                      0.040771    0.000280    1.549459 v _414_/A2 (sky130_fd_sc_hd__a21oi_4)
     3    0.025857    0.164400    0.176568    1.726027 ^ _414_/Y (sky130_fd_sc_hd__a21oi_4)
                                                         _143_ (net)
                      0.164407    0.000855    1.726882 ^ _415_/A (sky130_fd_sc_hd__nand3_4)
     3    0.023770    0.083795    0.084201    1.811083 v _415_/Y (sky130_fd_sc_hd__nand3_4)
                                                         _144_ (net)
                      0.083843    0.000940    1.812023 v _520_/B2 (sky130_fd_sc_hd__o221ai_2)
     4    0.020570    0.218026    0.208663    2.020685 ^ _520_/Y (sky130_fd_sc_hd__o221ai_2)
                                                         _241_ (net)
                      0.218091    0.000761    2.021446 ^ _542_/A1 (sky130_fd_sc_hd__a21boi_2)
     2    0.007003    0.057857    0.043920    2.065367 v _542_/Y (sky130_fd_sc_hd__a21boi_2)
                                                         _261_ (net)
                      0.057857    0.000154    2.065520 v _551_/A_N (sky130_fd_sc_hd__nand3b_2)
     1    0.004704    0.043201    0.141230    2.206750 v _551_/Y (sky130_fd_sc_hd__nand3b_2)
                                                         _270_ (net)
                      0.043201    0.000147    2.206897 v _552_/B (sky130_fd_sc_hd__nand2_2)
     1    0.003442    0.030889    0.048667    2.255565 ^ _552_/Y (sky130_fd_sc_hd__nand2_2)
                                                         net84 (net)
                      0.030889    0.000112    2.255677 ^ output84/A (sky130_fd_sc_hd__clkbuf_2)
     1    0.035675    0.150959    0.156951    2.412627 ^ output84/X (sky130_fd_sc_hd__clkbuf_2)
                                                         S[26] (net)
                      0.150966    0.000892    2.413519 ^ S[26] (out)
                                              2.413519   data arrival time

                      0.000000    4.000000    4.000000   clock __VIRTUAL_CLK__ (rise edge)
                                  0.000000    4.000000   clock network delay (ideal)
                                 -0.250000    3.750000   clock uncertainty
                                  0.000000    3.750000   clock reconvergence pessimism
                                 -0.800000    2.950000   output external delay
                                              2.950000   data required time
---------------------------------------------------------------------------------------------
                                              2.950000   data required time
                                             -2.413519   data arrival time
---------------------------------------------------------------------------------------------
                                              0.536481   slack (MET)


Startpoint: sub (input port clocked by __VIRTUAL_CLK__)
Endpoint: S[30] (output port clocked by __VIRTUAL_CLK__)
Path Group: __VIRTUAL_CLK__
Path Type: max

Fanout         Cap        Slew       Delay        Time   Description
---------------------------------------------------------------------------------------------
                      0.000000    0.000000    0.000000   clock __VIRTUAL_CLK__ (rise edge)
                                  0.000000    0.000000   clock network delay (ideal)
                                  0.800000    0.800000 ^ input external delay
     1    0.008570    0.033691    0.022728    0.822728 ^ sub (in)
                                                         sub (net)
                      0.033692    0.000000    0.822728 ^ input65/A (sky130_fd_sc_hd__buf_8)
     5    0.042210    0.058589    0.089503    0.912232 ^ input65/X (sky130_fd_sc_hd__buf_8)
                                                         net65 (net)
                      0.058791    0.002895    0.915127 ^ fanout118/A (sky130_fd_sc_hd__buf_8)
     4    0.022889    0.036808    0.078806    0.993933 ^ fanout118/X (sky130_fd_sc_hd__buf_8)
                                                         net118 (net)
                      0.036808    0.000226    0.994159 ^ fanout112/A (sky130_fd_sc_hd__buf_6)
     2    0.011354    0.026108    0.065596    1.059755 ^ fanout112/X (sky130_fd_sc_hd__buf_6)
                                                         net112 (net)
                      0.026114    0.000363    1.060117 ^ load_slew114/A (sky130_fd_sc_hd__buf_8)
     3    0.030068    0.044486    0.077435    1.137552 ^ load_slew114/X (sky130_fd_sc_hd__buf_8)
                                                         net114 (net)
                      0.044526    0.000764    1.138316 ^ load_slew113/A (sky130_fd_sc_hd__buf_8)
     4    0.018641    0.032018    0.071785    1.210101 ^ load_slew113/X (sky130_fd_sc_hd__buf_8)
                                                         net113 (net)
                      0.032028    0.000520    1.210621 ^ _714_/A2 (sky130_fd_sc_hd__o21a_4)
     2    0.012091    0.038780    0.086741    1.297361 ^ _714_/X (sky130_fd_sc_hd__o21a_4)
                                                         _061_ (net)
                      0.038782    0.000365    1.297727 ^ _715_/A (sky130_fd_sc_hd__nand2_4)
     2    0.011018    0.028006    0.030989    1.328715 v _715_/Y (sky130_fd_sc_hd__nand2_4)
                                                         _062_ (net)
                      0.028007    0.000231    1.328946 v rebuffer130/A (sky130_fd_sc_hd__buf_2)
     3    0.019013    0.040460    0.102000    1.430946 v rebuffer130/X (sky130_fd_sc_hd__buf_2)
                                                         net130 (net)
                      0.040463    0.000402    1.431349 v _723_/B1 (sky130_fd_sc_hd__o2111a_2)
     1    0.009063    0.040770    0.117831    1.549179 v _723_/X (sky130_fd_sc_hd__o2111a_2)
                                                         _070_ (net)
                      0.040771    0.000280    1.549459 v _414_/A2 (sky130_fd_sc_hd__a21oi_4)
     3    0.025857    0.164400    0.176568    1.726027 ^ _414_/Y (sky130_fd_sc_hd__a21oi_4)
                                                         _143_ (net)
                      0.164407    0.000855    1.726882 ^ _415_/A (sky130_fd_sc_hd__nand3_4)
     3    0.023770    0.083795    0.084201    1.811083 v _415_/Y (sky130_fd_sc_hd__nand3_4)
                                                         _144_ (net)
                      0.083843    0.000946    1.812029 v _574_/B2 (sky130_fd_sc_hd__o221ai_4)
     3    0.028537    0.206272    0.197203    2.009233 ^ _574_/Y (sky130_fd_sc_hd__o221ai_4)
                                                         _291_ (net)
                      0.206277    0.001991    2.011224 ^ _577_/B (sky130_fd_sc_hd__nand2_4)
     5    0.022327    0.061253    0.058722    2.069945 v _577_/Y (sky130_fd_sc_hd__nand2_4)
                                                         _294_ (net)
                      0.061261    0.000534    2.070479 v _603_/A1 (sky130_fd_sc_hd__a21o_2)
     1    0.008116    0.034282    0.143958    2.214437 v _603_/X (sky130_fd_sc_hd__a21o_2)
                                                         _318_ (net)
                      0.034283    0.000249    2.214686 v _604_/A2 (sky130_fd_sc_hd__o21ai_4)
     1    0.007443    0.085160    0.092135    2.306821 ^ _604_/Y (sky130_fd_sc_hd__o21ai_4)
                                                         net89 (net)
                      0.085160    0.000239    2.307060 ^ output89/A (sky130_fd_sc_hd__buf_6)
     1    0.034295    0.057757    0.100502    2.407562 ^ output89/X (sky130_fd_sc_hd__buf_6)
                                                         S[30] (net)
                      0.057766    0.000785    2.408346 ^ S[30] (out)
                                              2.408346   data arrival time

                      0.000000    4.000000    4.000000   clock __VIRTUAL_CLK__ (rise edge)
                                  0.000000    4.000000   clock network delay (ideal)
                                 -0.250000    3.750000   clock uncertainty
                                  0.000000    3.750000   clock reconvergence pessimism
                                 -0.800000    2.950000   output external delay
                                              2.950000   data required time
---------------------------------------------------------------------------------------------
                                              2.950000   data required time
                                             -2.408346   data arrival time
---------------------------------------------------------------------------------------------
                                              0.541653   slack (MET)


Startpoint: sub (input port clocked by __VIRTUAL_CLK__)
Endpoint: S[24] (output port clocked by __VIRTUAL_CLK__)
Path Group: __VIRTUAL_CLK__
Path Type: max

Fanout         Cap        Slew       Delay        Time   Description
---------------------------------------------------------------------------------------------
                      0.000000    0.000000    0.000000   clock __VIRTUAL_CLK__ (rise edge)
                                  0.000000    0.000000   clock network delay (ideal)
                                  0.800000    0.800000 v input external delay
     1    0.007903    0.012935    0.007916    0.807916 v sub (in)
                                                         sub (net)
                      0.012938    0.000000    0.807916 v input65/A (sky130_fd_sc_hd__buf_8)
     5    0.040618    0.033462    0.088429    0.896345 v input65/X (sky130_fd_sc_hd__buf_8)
                                                         net65 (net)
                      0.033685    0.002204    0.898550 v fanout106/A (sky130_fd_sc_hd__buf_4)
     7    0.034652    0.043139    0.117850    1.016399 v fanout106/X (sky130_fd_sc_hd__buf_4)
                                                         net106 (net)
                      0.043172    0.001143    1.017542 v fanout104/A (sky130_fd_sc_hd__clkbuf_2)
     4    0.022480    0.062864    0.115588    1.133129 v fanout104/X (sky130_fd_sc_hd__clkbuf_2)
                                                         net104 (net)
                      0.062872    0.000743    1.133873 v load_slew105/A (sky130_fd_sc_hd__buf_6)
     7    0.044975    0.038237    0.114468    1.248340 v load_slew105/X (sky130_fd_sc_hd__buf_6)
                                                         net105 (net)
                      0.038370    0.002043    1.250383 v _364_/A1 (sky130_fd_sc_hd__o21ai_4)
     3    0.012801    0.110871    0.128610    1.378993 ^ _364_/Y (sky130_fd_sc_hd__o21ai_4)
                                                         _093_ (net)
                      0.110871    0.000183    1.379176 ^ _365_/B1 (sky130_fd_sc_hd__a21oi_2)
     2    0.007904    0.051716    0.030749    1.409925 v _365_/Y (sky130_fd_sc_hd__a21oi_2)
                                                         _094_ (net)
                      0.051716    0.000057    1.409982 v _376_/A_N (sky130_fd_sc_hd__nand4b_4)
     2    0.012540    0.074153    0.133259    1.543241 v _376_/Y (sky130_fd_sc_hd__nand4b_4)
                                                         _105_ (net)
                      0.074153    0.000445    1.543686 v _377_/A (sky130_fd_sc_hd__nor2_4)
     3    0.025319    0.130050    0.149780    1.693465 ^ _377_/Y (sky130_fd_sc_hd__nor2_4)
                                                         _106_ (net)
                      0.130055    0.000659    1.694125 ^ _410_/B (sky130_fd_sc_hd__nand4_4)
     3    0.016705    0.081074    0.089296    1.783421 v _410_/Y (sky130_fd_sc_hd__nand4_4)
                                                         _139_ (net)
                      0.081075    0.000603    1.784024 v _415_/C (sky130_fd_sc_hd__nand3_4)
     3    0.026128    0.088575    0.111421    1.895445 ^ _415_/Y (sky130_fd_sc_hd__nand3_4)
                                                         _144_ (net)
                      0.088579    0.001105    1.896550 ^ _424_/B2 (sky130_fd_sc_hd__o22ai_4)
     3    0.016388    0.063016    0.047769    1.944319 v _424_/Y (sky130_fd_sc_hd__o22ai_4)
                                                         _153_ (net)
                      0.063017    0.000417    1.944736 v rebuffer126/A (sky130_fd_sc_hd__buf_2)
     1    0.005169    0.021056    0.093993    2.038729 v rebuffer126/X (sky130_fd_sc_hd__buf_2)
                                                         net126 (net)
                      0.021056    0.000174    2.038903 v _530_/A1 (sky130_fd_sc_hd__o211ai_2)
     1    0.002687    0.082249    0.101266    2.140169 ^ _530_/Y (sky130_fd_sc_hd__o211ai_2)
                                                         _251_ (net)
                      0.082249    0.000084    2.140253 ^ _531_/B (sky130_fd_sc_hd__and2_2)
     1    0.003943    0.028899    0.098707    2.238961 ^ _531_/X (sky130_fd_sc_hd__and2_2)
                                                         net82 (net)
                      0.028899    0.000134    2.239095 ^ output82/A (sky130_fd_sc_hd__clkbuf_2)
     1    0.035576    0.150606    0.155852    2.394947 ^ output82/X (sky130_fd_sc_hd__clkbuf_2)
                                                         S[24] (net)
                      0.150619    0.001217    2.396163 ^ S[24] (out)
                                              2.396163   data arrival time

                      0.000000    4.000000    4.000000   clock __VIRTUAL_CLK__ (rise edge)
                                  0.000000    4.000000   clock network delay (ideal)
                                 -0.250000    3.750000   clock uncertainty
                                  0.000000    3.750000   clock reconvergence pessimism
                                 -0.800000    2.950000   output external delay
                                              2.950000   data required time
---------------------------------------------------------------------------------------------
                                              2.950000   data required time
                                             -2.396163   data arrival time
---------------------------------------------------------------------------------------------
                                              0.553837   slack (MET)


Startpoint: sub (input port clocked by __VIRTUAL_CLK__)
Endpoint: S[27] (output port clocked by __VIRTUAL_CLK__)
Path Group: __VIRTUAL_CLK__
Path Type: max

Fanout         Cap        Slew       Delay        Time   Description
---------------------------------------------------------------------------------------------
                      0.000000    0.000000    0.000000   clock __VIRTUAL_CLK__ (rise edge)
                                  0.000000    0.000000   clock network delay (ideal)
                                  0.800000    0.800000 v input external delay
     1    0.007903    0.012935    0.007916    0.807916 v sub (in)
                                                         sub (net)
                      0.012938    0.000000    0.807916 v input65/A (sky130_fd_sc_hd__buf_8)
     5    0.040618    0.033462    0.088429    0.896345 v input65/X (sky130_fd_sc_hd__buf_8)
                                                         net65 (net)
                      0.033685    0.002204    0.898550 v fanout106/A (sky130_fd_sc_hd__buf_4)
     7    0.034652    0.043139    0.117850    1.016399 v fanout106/X (sky130_fd_sc_hd__buf_4)
                                                         net106 (net)
                      0.043172    0.001143    1.017542 v fanout104/A (sky130_fd_sc_hd__clkbuf_2)
     4    0.022480    0.062864    0.115588    1.133129 v fanout104/X (sky130_fd_sc_hd__clkbuf_2)
                                                         net104 (net)
                      0.062872    0.000743    1.133873 v load_slew105/A (sky130_fd_sc_hd__buf_6)
     7    0.044975    0.038237    0.114468    1.248340 v load_slew105/X (sky130_fd_sc_hd__buf_6)
                                                         net105 (net)
                      0.038370    0.002043    1.250383 v _364_/A1 (sky130_fd_sc_hd__o21ai_4)
     3    0.012801    0.110871    0.128610    1.378993 ^ _364_/Y (sky130_fd_sc_hd__o21ai_4)
                                                         _093_ (net)
                      0.110871    0.000183    1.379176 ^ _365_/B1 (sky130_fd_sc_hd__a21oi_2)
     2    0.007904    0.051716    0.030749    1.409925 v _365_/Y (sky130_fd_sc_hd__a21oi_2)
                                                         _094_ (net)
                      0.051716    0.000057    1.409982 v _376_/A_N (sky130_fd_sc_hd__nand4b_4)
     2    0.012540    0.074153    0.133259    1.543241 v _376_/Y (sky130_fd_sc_hd__nand4b_4)
                                                         _105_ (net)
                      0.074153    0.000445    1.543686 v _377_/A (sky130_fd_sc_hd__nor2_4)
     3    0.025319    0.130050    0.149780    1.693465 ^ _377_/Y (sky130_fd_sc_hd__nor2_4)
                                                         _106_ (net)
                      0.130055    0.000659    1.694125 ^ _410_/B (sky130_fd_sc_hd__nand4_4)
     3    0.016705    0.081074    0.089296    1.783421 v _410_/Y (sky130_fd_sc_hd__nand4_4)
                                                         _139_ (net)
                      0.081075    0.000603    1.784024 v _415_/C (sky130_fd_sc_hd__nand3_4)
     3    0.026128    0.088575    0.111421    1.895445 ^ _415_/Y (sky130_fd_sc_hd__nand3_4)
                                                         _144_ (net)
                      0.088578    0.001038    1.896483 ^ _520_/B2 (sky130_fd_sc_hd__o221ai_2)
     4    0.019349    0.087974    0.087734    1.984217 v _520_/Y (sky130_fd_sc_hd__o221ai_2)
                                                         _241_ (net)
                      0.087980    0.000631    1.984848 v _559_/A1 (sky130_fd_sc_hd__a21oi_2)
     2    0.011569    0.121803    0.152506    2.137354 ^ _559_/Y (sky130_fd_sc_hd__a21oi_2)
                                                         _277_ (net)
                      0.121803    0.000326    2.137680 ^ _562_/A1 (sky130_fd_sc_hd__o21bai_2)
     1    0.004798    0.038118    0.053910    2.191590 v _562_/Y (sky130_fd_sc_hd__o21bai_2)
                                                         _280_ (net)
                      0.038118    0.000151    2.191741 v _564_/B1 (sky130_fd_sc_hd__o21ai_2)
     1    0.004289    0.071870    0.041958    2.233699 ^ _564_/Y (sky130_fd_sc_hd__o21ai_2)
                                                         net85 (net)
                      0.071870    0.000155    2.233853 ^ output85/A (sky130_fd_sc_hd__clkbuf_4)
     1    0.035560    0.087172    0.146120    2.379973 ^ output85/X (sky130_fd_sc_hd__clkbuf_4)
                                                         S[27] (net)
                      0.087180    0.000908    2.380882 ^ S[27] (out)
                                              2.380882   data arrival time

                      0.000000    4.000000    4.000000   clock __VIRTUAL_CLK__ (rise edge)
                                  0.000000    4.000000   clock network delay (ideal)
                                 -0.250000    3.750000   clock uncertainty
                                  0.000000    3.750000   clock reconvergence pessimism
                                 -0.800000    2.950000   output external delay
                                              2.950000   data required time
---------------------------------------------------------------------------------------------
                                              2.950000   data required time
                                             -2.380882   data arrival time
---------------------------------------------------------------------------------------------
                                              0.569118   slack (MET)


Startpoint: sub (input port clocked by __VIRTUAL_CLK__)
Endpoint: S[15] (output port clocked by __VIRTUAL_CLK__)
Path Group: __VIRTUAL_CLK__
Path Type: max

Fanout         Cap        Slew       Delay        Time   Description
---------------------------------------------------------------------------------------------
                      0.000000    0.000000    0.000000   clock __VIRTUAL_CLK__ (rise edge)
                                  0.000000    0.000000   clock network delay (ideal)
                                  0.800000    0.800000 v input external delay
     1    0.007903    0.012935    0.007916    0.807916 v sub (in)
                                                         sub (net)
                      0.012938    0.000000    0.807916 v input65/A (sky130_fd_sc_hd__buf_8)
     5    0.040618    0.033462    0.088429    0.896345 v input65/X (sky130_fd_sc_hd__buf_8)
                                                         net65 (net)
                      0.033685    0.002204    0.898550 v fanout106/A (sky130_fd_sc_hd__buf_4)
     7    0.034652    0.043139    0.117850    1.016399 v fanout106/X (sky130_fd_sc_hd__buf_4)
                                                         net106 (net)
                      0.043172    0.001143    1.017542 v fanout104/A (sky130_fd_sc_hd__clkbuf_2)
     4    0.022480    0.062864    0.115588    1.133129 v fanout104/X (sky130_fd_sc_hd__clkbuf_2)
                                                         net104 (net)
                      0.062872    0.000743    1.133873 v load_slew105/A (sky130_fd_sc_hd__buf_6)
     7    0.044975    0.038237    0.114468    1.248340 v load_slew105/X (sky130_fd_sc_hd__buf_6)
                                                         net105 (net)
                      0.038370    0.002043    1.250383 v _364_/A1 (sky130_fd_sc_hd__o21ai_4)
     3    0.012801    0.110871    0.128610    1.378993 ^ _364_/Y (sky130_fd_sc_hd__o21ai_4)
                                                         _093_ (net)
                      0.110871    0.000183    1.379176 ^ _365_/B1 (sky130_fd_sc_hd__a21oi_2)
     2    0.007904    0.051716    0.030749    1.409925 v _365_/Y (sky130_fd_sc_hd__a21oi_2)
                                                         _094_ (net)
                      0.051716    0.000057    1.409982 v _376_/A_N (sky130_fd_sc_hd__nand4b_4)
     2    0.012540    0.074153    0.133259    1.543241 v _376_/Y (sky130_fd_sc_hd__nand4b_4)
                                                         _105_ (net)
                      0.074153    0.000445    1.543686 v _377_/A (sky130_fd_sc_hd__nor2_4)
     3    0.025319    0.130050    0.149780    1.693465 ^ _377_/Y (sky130_fd_sc_hd__nor2_4)
                                                         _106_ (net)
                      0.130055    0.000659    1.694125 ^ _410_/B (sky130_fd_sc_hd__nand4_4)
     3    0.016705    0.081074    0.089296    1.783421 v _410_/Y (sky130_fd_sc_hd__nand4_4)
                                                         _139_ (net)
                      0.081076    0.000680    1.784101 v rebuffer258/A (sky130_fd_sc_hd__buf_2)
     1    0.004824    0.020953    0.101077    1.885178 v rebuffer258/X (sky130_fd_sc_hd__buf_2)
                                                         net258 (net)
                      0.020953    0.000107    1.885285 v rebuffer146/A (sky130_fd_sc_hd__buf_6)
     1    0.008671    0.018285    0.073020    1.958305 v rebuffer146/X (sky130_fd_sc_hd__buf_6)
                                                         net146 (net)
                      0.018285    0.000271    1.958576 v _640_/A (sky130_fd_sc_hd__nand4_4)
     3    0.014577    0.076991    0.051367    2.009943 ^ _640_/Y (sky130_fd_sc_hd__nand4_4)
                                                         _341_ (net)
                      0.076992    0.000550    2.010493 ^ _646_/A1 (sky130_fd_sc_hd__a21o_2)
     2    0.007709    0.037390    0.092859    2.103352 ^ _646_/X (sky130_fd_sc_hd__a21o_2)
                                                         _345_ (net)
                      0.037390    0.000201    2.103553 ^ _648_/A (sky130_fd_sc_hd__and4_2)
     1    0.009730    0.057049    0.138963    2.242516 ^ _648_/X (sky130_fd_sc_hd__and4_2)
                                                         _346_ (net)
                      0.057050    0.000312    2.242827 ^ _650_/A (sky130_fd_sc_hd__nor2_4)
     1    0.003403    0.022228    0.023153    2.265980 v _650_/Y (sky130_fd_sc_hd__nor2_4)
                                                         net72 (net)
                      0.022228    0.000110    2.266090 v output72/A (sky130_fd_sc_hd__buf_4)
     1    0.035451    0.043603    0.113843    2.379933 v output72/X (sky130_fd_sc_hd__buf_4)
                                                         S[15] (net)
                      0.043616    0.000762    2.380695 v S[15] (out)
                                              2.380695   data arrival time

                      0.000000    4.000000    4.000000   clock __VIRTUAL_CLK__ (rise edge)
                                  0.000000    4.000000   clock network delay (ideal)
                                 -0.250000    3.750000   clock uncertainty
                                  0.000000    3.750000   clock reconvergence pessimism
                                 -0.800000    2.950000   output external delay
                                              2.950000   data required time
---------------------------------------------------------------------------------------------
                                              2.950000   data required time
                                             -2.380695   data arrival time
---------------------------------------------------------------------------------------------
                                              0.569305   slack (MET)


Startpoint: sub (input port clocked by __VIRTUAL_CLK__)
Endpoint: S[14] (output port clocked by __VIRTUAL_CLK__)
Path Group: __VIRTUAL_CLK__
Path Type: max

Fanout         Cap        Slew       Delay        Time   Description
---------------------------------------------------------------------------------------------
                      0.000000    0.000000    0.000000   clock __VIRTUAL_CLK__ (rise edge)
                                  0.000000    0.000000   clock network delay (ideal)
                                  0.800000    0.800000 v input external delay
     1    0.007903    0.012935    0.007916    0.807916 v sub (in)
                                                         sub (net)
                      0.012938    0.000000    0.807916 v input65/A (sky130_fd_sc_hd__buf_8)
     5    0.040618    0.033462    0.088429    0.896345 v input65/X (sky130_fd_sc_hd__buf_8)
                                                         net65 (net)
                      0.033685    0.002204    0.898550 v fanout106/A (sky130_fd_sc_hd__buf_4)
     7    0.034652    0.043139    0.117850    1.016399 v fanout106/X (sky130_fd_sc_hd__buf_4)
                                                         net106 (net)
                      0.043172    0.001143    1.017542 v fanout104/A (sky130_fd_sc_hd__clkbuf_2)
     4    0.022480    0.062864    0.115588    1.133129 v fanout104/X (sky130_fd_sc_hd__clkbuf_2)
                                                         net104 (net)
                      0.062872    0.000743    1.133873 v load_slew105/A (sky130_fd_sc_hd__buf_6)
     7    0.044975    0.038237    0.114468    1.248340 v load_slew105/X (sky130_fd_sc_hd__buf_6)
                                                         net105 (net)
                      0.038370    0.002043    1.250383 v _364_/A1 (sky130_fd_sc_hd__o21ai_4)
     3    0.012801    0.110871    0.128610    1.378993 ^ _364_/Y (sky130_fd_sc_hd__o21ai_4)
                                                         _093_ (net)
                      0.110871    0.000183    1.379176 ^ _365_/B1 (sky130_fd_sc_hd__a21oi_2)
     2    0.007904    0.051716    0.030749    1.409925 v _365_/Y (sky130_fd_sc_hd__a21oi_2)
                                                         _094_ (net)
                      0.051716    0.000057    1.409982 v _376_/A_N (sky130_fd_sc_hd__nand4b_4)
     2    0.012540    0.074153    0.133259    1.543241 v _376_/Y (sky130_fd_sc_hd__nand4b_4)
                                                         _105_ (net)
                      0.074153    0.000445    1.543686 v _377_/A (sky130_fd_sc_hd__nor2_4)
     3    0.025319    0.130050    0.149780    1.693465 ^ _377_/Y (sky130_fd_sc_hd__nor2_4)
                                                         _106_ (net)
                      0.130055    0.000659    1.694125 ^ _410_/B (sky130_fd_sc_hd__nand4_4)
     3    0.016705    0.081074    0.089296    1.783421 v _410_/Y (sky130_fd_sc_hd__nand4_4)
                                                         _139_ (net)
                      0.081076    0.000680    1.784101 v rebuffer258/A (sky130_fd_sc_hd__buf_2)
     1    0.004824    0.020953    0.101077    1.885178 v rebuffer258/X (sky130_fd_sc_hd__buf_2)
                                                         net258 (net)
                      0.020953    0.000107    1.885285 v rebuffer146/A (sky130_fd_sc_hd__buf_6)
     1    0.008671    0.018285    0.073020    1.958305 v rebuffer146/X (sky130_fd_sc_hd__buf_6)
                                                         net146 (net)
                      0.018285    0.000271    1.958576 v _640_/A (sky130_fd_sc_hd__nand4_4)
     3    0.014577    0.076991    0.051367    2.009943 ^ _640_/Y (sky130_fd_sc_hd__nand4_4)
                                                         _341_ (net)
                      0.076992    0.000382    2.010325 ^ _641_/A (sky130_fd_sc_hd__nand2_2)
     1    0.004569    0.028944    0.030950    2.041275 v _641_/Y (sky130_fd_sc_hd__nand2_2)
                                                         _342_ (net)
                      0.028944    0.000101    2.041375 v _645_/A2 (sky130_fd_sc_hd__o211ai_2)
     1    0.008740    0.125716    0.124882    2.166258 ^ _645_/Y (sky130_fd_sc_hd__o211ai_2)
                                                         _344_ (net)
                      0.125716    0.000185    2.166442 ^ _647_/B (sky130_fd_sc_hd__xor2_2)
     1    0.005496    0.089698    0.102361    2.268803 ^ _647_/X (sky130_fd_sc_hd__xor2_2)
                                                         net71 (net)
                      0.089698    0.000177    2.268981 ^ output71/A (sky130_fd_sc_hd__buf_6)
     1    0.035498    0.059488    0.102510    2.371490 ^ output71/X (sky130_fd_sc_hd__buf_6)
                                                         S[14] (net)
                      0.059497    0.000783    2.372273 ^ S[14] (out)
                                              2.372273   data arrival time

                      0.000000    4.000000    4.000000   clock __VIRTUAL_CLK__ (rise edge)
                                  0.000000    4.000000   clock network delay (ideal)
                                 -0.250000    3.750000   clock uncertainty
                                  0.000000    3.750000   clock reconvergence pessimism
                                 -0.800000    2.950000   output external delay
                                              2.950000   data required time
---------------------------------------------------------------------------------------------
                                              2.950000   data required time
                                             -2.372273   data arrival time
---------------------------------------------------------------------------------------------
                                              0.577727   slack (MET)


Startpoint: sub (input port clocked by __VIRTUAL_CLK__)
Endpoint: S[25] (output port clocked by __VIRTUAL_CLK__)
Path Group: __VIRTUAL_CLK__
Path Type: max

Fanout         Cap        Slew       Delay        Time   Description
---------------------------------------------------------------------------------------------
                      0.000000    0.000000    0.000000   clock __VIRTUAL_CLK__ (rise edge)
                                  0.000000    0.000000   clock network delay (ideal)
                                  0.800000    0.800000 ^ input external delay
     1    0.008570    0.033691    0.022728    0.822728 ^ sub (in)
                                                         sub (net)
                      0.033692    0.000000    0.822728 ^ input65/A (sky130_fd_sc_hd__buf_8)
     5    0.042210    0.058589    0.089503    0.912232 ^ input65/X (sky130_fd_sc_hd__buf_8)
                                                         net65 (net)
                      0.058791    0.002895    0.915127 ^ fanout118/A (sky130_fd_sc_hd__buf_8)
     4    0.022889    0.036808    0.078806    0.993933 ^ fanout118/X (sky130_fd_sc_hd__buf_8)
                                                         net118 (net)
                      0.036808    0.000226    0.994159 ^ fanout112/A (sky130_fd_sc_hd__buf_6)
     2    0.011354    0.026108    0.065596    1.059755 ^ fanout112/X (sky130_fd_sc_hd__buf_6)
                                                         net112 (net)
                      0.026114    0.000363    1.060117 ^ load_slew114/A (sky130_fd_sc_hd__buf_8)
     3    0.030068    0.044486    0.077435    1.137552 ^ load_slew114/X (sky130_fd_sc_hd__buf_8)
                                                         net114 (net)
                      0.044526    0.000764    1.138316 ^ load_slew113/A (sky130_fd_sc_hd__buf_8)
     4    0.018641    0.032018    0.071785    1.210101 ^ load_slew113/X (sky130_fd_sc_hd__buf_8)
                                                         net113 (net)
                      0.032028    0.000520    1.210621 ^ _714_/A2 (sky130_fd_sc_hd__o21a_4)
     2    0.012091    0.038780    0.086741    1.297361 ^ _714_/X (sky130_fd_sc_hd__o21a_4)
                                                         _061_ (net)
                      0.038782    0.000365    1.297727 ^ _715_/A (sky130_fd_sc_hd__nand2_4)
     2    0.011018    0.028006    0.030989    1.328715 v _715_/Y (sky130_fd_sc_hd__nand2_4)
                                                         _062_ (net)
                      0.028007    0.000231    1.328946 v rebuffer130/A (sky130_fd_sc_hd__buf_2)
     3    0.019013    0.040460    0.102000    1.430946 v rebuffer130/X (sky130_fd_sc_hd__buf_2)
                                                         net130 (net)
                      0.040463    0.000402    1.431349 v _723_/B1 (sky130_fd_sc_hd__o2111a_2)
     1    0.009063    0.040770    0.117831    1.549179 v _723_/X (sky130_fd_sc_hd__o2111a_2)
                                                         _070_ (net)
                      0.040771    0.000280    1.549459 v _414_/A2 (sky130_fd_sc_hd__a21oi_4)
     3    0.025857    0.164400    0.176568    1.726027 ^ _414_/Y (sky130_fd_sc_hd__a21oi_4)
                                                         _143_ (net)
                      0.164407    0.000855    1.726882 ^ _415_/A (sky130_fd_sc_hd__nand3_4)
     3    0.023770    0.083795    0.084201    1.811083 v _415_/Y (sky130_fd_sc_hd__nand3_4)
                                                         _144_ (net)
                      0.083843    0.000940    1.812023 v _520_/B2 (sky130_fd_sc_hd__o221ai_2)
     4    0.020570    0.218026    0.208663    2.020685 ^ _520_/Y (sky130_fd_sc_hd__o221ai_2)
                                                         _241_ (net)
                      0.218092    0.000780    2.021466 ^ _529_/A1 (sky130_fd_sc_hd__a21o_2)
     2    0.007438    0.038517    0.107013    2.128479 ^ _529_/X (sky130_fd_sc_hd__a21o_2)
                                                         _250_ (net)
                      0.038518    0.000215    2.128694 ^ _538_/B (sky130_fd_sc_hd__nand3b_2)
     1    0.004579    0.042863    0.043962    2.172655 v _538_/Y (sky130_fd_sc_hd__nand3b_2)
                                                         _258_ (net)
                      0.042863    0.000139    2.172795 v _540_/A (sky130_fd_sc_hd__nand2_2)
     1    0.002866    0.029365    0.038910    2.211704 ^ _540_/Y (sky130_fd_sc_hd__nand2_2)
                                                         net83 (net)
                      0.029365    0.000062    2.211766 ^ output83/A (sky130_fd_sc_hd__clkbuf_2)
     1    0.035842    0.151678    0.156754    2.368520 ^ output83/X (sky130_fd_sc_hd__clkbuf_2)
                                                         S[25] (net)
                      0.151691    0.001213    2.369733 ^ S[25] (out)
                                              2.369733   data arrival time

                      0.000000    4.000000    4.000000   clock __VIRTUAL_CLK__ (rise edge)
                                  0.000000    4.000000   clock network delay (ideal)
                                 -0.250000    3.750000   clock uncertainty
                                  0.000000    3.750000   clock reconvergence pessimism
                                 -0.800000    2.950000   output external delay
                                              2.950000   data required time
---------------------------------------------------------------------------------------------
                                              2.950000   data required time
                                             -2.369733   data arrival time
---------------------------------------------------------------------------------------------
                                              0.580267   slack (MET)


Startpoint: sub (input port clocked by __VIRTUAL_CLK__)
Endpoint: S[28] (output port clocked by __VIRTUAL_CLK__)
Path Group: __VIRTUAL_CLK__
Path Type: max

Fanout         Cap        Slew       Delay        Time   Description
---------------------------------------------------------------------------------------------
                      0.000000    0.000000    0.000000   clock __VIRTUAL_CLK__ (rise edge)
                                  0.000000    0.000000   clock network delay (ideal)
                                  0.800000    0.800000 ^ input external delay
     1    0.008570    0.033691    0.022728    0.822728 ^ sub (in)
                                                         sub (net)
                      0.033692    0.000000    0.822728 ^ input65/A (sky130_fd_sc_hd__buf_8)
     5    0.042210    0.058589    0.089503    0.912232 ^ input65/X (sky130_fd_sc_hd__buf_8)
                                                         net65 (net)
                      0.058791    0.002895    0.915127 ^ fanout118/A (sky130_fd_sc_hd__buf_8)
     4    0.022889    0.036808    0.078806    0.993933 ^ fanout118/X (sky130_fd_sc_hd__buf_8)
                                                         net118 (net)
                      0.036808    0.000226    0.994159 ^ fanout112/A (sky130_fd_sc_hd__buf_6)
     2    0.011354    0.026108    0.065596    1.059755 ^ fanout112/X (sky130_fd_sc_hd__buf_6)
                                                         net112 (net)
                      0.026114    0.000363    1.060117 ^ load_slew114/A (sky130_fd_sc_hd__buf_8)
     3    0.030068    0.044486    0.077435    1.137552 ^ load_slew114/X (sky130_fd_sc_hd__buf_8)
                                                         net114 (net)
                      0.044526    0.000764    1.138316 ^ load_slew113/A (sky130_fd_sc_hd__buf_8)
     4    0.018641    0.032018    0.071785    1.210101 ^ load_slew113/X (sky130_fd_sc_hd__buf_8)
                                                         net113 (net)
                      0.032028    0.000520    1.210621 ^ _714_/A2 (sky130_fd_sc_hd__o21a_4)
     2    0.012091    0.038780    0.086741    1.297361 ^ _714_/X (sky130_fd_sc_hd__o21a_4)
                                                         _061_ (net)
                      0.038782    0.000365    1.297727 ^ _715_/A (sky130_fd_sc_hd__nand2_4)
     2    0.011018    0.028006    0.030989    1.328715 v _715_/Y (sky130_fd_sc_hd__nand2_4)
                                                         _062_ (net)
                      0.028007    0.000231    1.328946 v rebuffer130/A (sky130_fd_sc_hd__buf_2)
     3    0.019013    0.040460    0.102000    1.430946 v rebuffer130/X (sky130_fd_sc_hd__buf_2)
                                                         net130 (net)
                      0.040463    0.000402    1.431349 v _723_/B1 (sky130_fd_sc_hd__o2111a_2)
     1    0.009063    0.040770    0.117831    1.549179 v _723_/X (sky130_fd_sc_hd__o2111a_2)
                                                         _070_ (net)
                      0.040771    0.000280    1.549459 v _414_/A2 (sky130_fd_sc_hd__a21oi_4)
     3    0.025857    0.164400    0.176568    1.726027 ^ _414_/Y (sky130_fd_sc_hd__a21oi_4)
                                                         _143_ (net)
                      0.164407    0.000855    1.726882 ^ _415_/A (sky130_fd_sc_hd__nand3_4)
     3    0.023770    0.083795    0.084201    1.811083 v _415_/Y (sky130_fd_sc_hd__nand3_4)
                                                         _144_ (net)
                      0.083843    0.000946    1.812029 v _574_/B2 (sky130_fd_sc_hd__o221ai_4)
     3    0.028537    0.206272    0.197203    2.009233 ^ _574_/Y (sky130_fd_sc_hd__o221ai_4)
                                                         _291_ (net)
                      0.206277    0.001991    2.011224 ^ _577_/B (sky130_fd_sc_hd__nand2_4)
     5    0.022327    0.061253    0.058722    2.069945 v _577_/Y (sky130_fd_sc_hd__nand2_4)
                                                         _294_ (net)
                      0.061257    0.000361    2.070307 v _580_/B1 (sky130_fd_sc_hd__a21o_2)
     1    0.002759    0.024382    0.096150    2.166457 v _580_/X (sky130_fd_sc_hd__a21o_2)
                                                         _297_ (net)
                      0.024382    0.000084    2.166541 v _581_/B (sky130_fd_sc_hd__and2b_4)
     1    0.005517    0.025477    0.105616    2.272156 v _581_/X (sky130_fd_sc_hd__and2b_4)
                                                         net86 (net)
                      0.025477    0.000141    2.272297 v output86/A (sky130_fd_sc_hd__buf_6)
     1    0.034948    0.032478    0.092991    2.365289 v output86/X (sky130_fd_sc_hd__buf_6)
                                                         S[28] (net)
                      0.032495    0.000715    2.366003 v S[28] (out)
                                              2.366003   data arrival time

                      0.000000    4.000000    4.000000   clock __VIRTUAL_CLK__ (rise edge)
                                  0.000000    4.000000   clock network delay (ideal)
                                 -0.250000    3.750000   clock uncertainty
                                  0.000000    3.750000   clock reconvergence pessimism
                                 -0.800000    2.950000   output external delay
                                              2.950000   data required time
---------------------------------------------------------------------------------------------
                                              2.950000   data required time
                                             -2.366003   data arrival time
---------------------------------------------------------------------------------------------
                                              0.583997   slack (MET)


Startpoint: sub (input port clocked by __VIRTUAL_CLK__)
Endpoint: S[16] (output port clocked by __VIRTUAL_CLK__)
Path Group: __VIRTUAL_CLK__
Path Type: max

Fanout         Cap        Slew       Delay        Time   Description
---------------------------------------------------------------------------------------------
                      0.000000    0.000000    0.000000   clock __VIRTUAL_CLK__ (rise edge)
                                  0.000000    0.000000   clock network delay (ideal)
                                  0.800000    0.800000 ^ input external delay
     1    0.008570    0.033691    0.022728    0.822728 ^ sub (in)
                                                         sub (net)
                      0.033692    0.000000    0.822728 ^ input65/A (sky130_fd_sc_hd__buf_8)
     5    0.042210    0.058589    0.089503    0.912232 ^ input65/X (sky130_fd_sc_hd__buf_8)
                                                         net65 (net)
                      0.058791    0.002895    0.915127 ^ fanout118/A (sky130_fd_sc_hd__buf_8)
     4    0.022889    0.036808    0.078806    0.993933 ^ fanout118/X (sky130_fd_sc_hd__buf_8)
                                                         net118 (net)
                      0.036808    0.000226    0.994159 ^ fanout112/A (sky130_fd_sc_hd__buf_6)
     2    0.011354    0.026108    0.065596    1.059755 ^ fanout112/X (sky130_fd_sc_hd__buf_6)
                                                         net112 (net)
                      0.026114    0.000363    1.060117 ^ load_slew114/A (sky130_fd_sc_hd__buf_8)
     3    0.030068    0.044486    0.077435    1.137552 ^ load_slew114/X (sky130_fd_sc_hd__buf_8)
                                                         net114 (net)
                      0.044526    0.000764    1.138316 ^ load_slew113/A (sky130_fd_sc_hd__buf_8)
     4    0.018641    0.032018    0.071785    1.210101 ^ load_slew113/X (sky130_fd_sc_hd__buf_8)
                                                         net113 (net)
                      0.032028    0.000520    1.210621 ^ _714_/A2 (sky130_fd_sc_hd__o21a_4)
     2    0.012091    0.038780    0.086741    1.297361 ^ _714_/X (sky130_fd_sc_hd__o21a_4)
                                                         _061_ (net)
                      0.038782    0.000365    1.297727 ^ _715_/A (sky130_fd_sc_hd__nand2_4)
     2    0.011018    0.028006    0.030989    1.328715 v _715_/Y (sky130_fd_sc_hd__nand2_4)
                                                         _062_ (net)
                      0.028007    0.000231    1.328946 v rebuffer130/A (sky130_fd_sc_hd__buf_2)
     3    0.019013    0.040460    0.102000    1.430946 v rebuffer130/X (sky130_fd_sc_hd__buf_2)
                                                         net130 (net)
                      0.040463    0.000402    1.431349 v _723_/B1 (sky130_fd_sc_hd__o2111a_2)
     1    0.009063    0.040770    0.117831    1.549179 v _723_/X (sky130_fd_sc_hd__o2111a_2)
                                                         _070_ (net)
                      0.040771    0.000280    1.549459 v _414_/A2 (sky130_fd_sc_hd__a21oi_4)
     3    0.025857    0.164400    0.176568    1.726027 ^ _414_/Y (sky130_fd_sc_hd__a21oi_4)
                                                         _143_ (net)
                      0.164407    0.000855    1.726882 ^ _415_/A (sky130_fd_sc_hd__nand3_4)
     3    0.023770    0.083795    0.084201    1.811083 v _415_/Y (sky130_fd_sc_hd__nand3_4)
                                                         _144_ (net)
                      0.083845    0.001001    1.812084 v _424_/B2 (sky130_fd_sc_hd__o22ai_4)
     3    0.017437    0.135326    0.129834    1.941918 ^ _424_/Y (sky130_fd_sc_hd__o22ai_4)
                                                         _153_ (net)
                      0.135326    0.000370    1.942288 ^ rebuffer244/A (sky130_fd_sc_hd__buf_2)
     2    0.008471    0.039387    0.102187    2.044475 ^ rebuffer244/X (sky130_fd_sc_hd__buf_2)
                                                         net244 (net)
                      0.039389    0.000325    2.044801 ^ rebuffer127/A (sky130_fd_sc_hd__buf_2)
     1    0.008615    0.038071    0.080207    2.125008 ^ rebuffer127/X (sky130_fd_sc_hd__buf_2)
                                                         net127 (net)
                      0.038071    0.000179    2.125187 ^ _425_/B (sky130_fd_sc_hd__xor2_2)
     1    0.010543    0.128882    0.130310    2.255497 ^ _425_/X (sky130_fd_sc_hd__xor2_2)
                                                         net73 (net)
                      0.128883    0.000616    2.256113 ^ output73/A (sky130_fd_sc_hd__buf_6)
     1    0.035207    0.059489    0.107540    2.363653 ^ output73/X (sky130_fd_sc_hd__buf_6)
                                                         S[16] (net)
                      0.059507    0.001054    2.364707 ^ S[16] (out)
                                              2.364707   data arrival time

                      0.000000    4.000000    4.000000   clock __VIRTUAL_CLK__ (rise edge)
                                  0.000000    4.000000   clock network delay (ideal)
                                 -0.250000    3.750000   clock uncertainty
                                  0.000000    3.750000   clock reconvergence pessimism
                                 -0.800000    2.950000   output external delay
                                              2.950000   data required time
---------------------------------------------------------------------------------------------
                                              2.950000   data required time
                                             -2.364707   data arrival time
---------------------------------------------------------------------------------------------
                                              0.585293   slack (MET)


Startpoint: sub (input port clocked by __VIRTUAL_CLK__)
Endpoint: S[13] (output port clocked by __VIRTUAL_CLK__)
Path Group: __VIRTUAL_CLK__
Path Type: max

Fanout         Cap        Slew       Delay        Time   Description
---------------------------------------------------------------------------------------------
                      0.000000    0.000000    0.000000   clock __VIRTUAL_CLK__ (rise edge)
                                  0.000000    0.000000   clock network delay (ideal)
                                  0.800000    0.800000 v input external delay
     1    0.007903    0.012935    0.007916    0.807916 v sub (in)
                                                         sub (net)
                      0.012938    0.000000    0.807916 v input65/A (sky130_fd_sc_hd__buf_8)
     5    0.040618    0.033462    0.088429    0.896345 v input65/X (sky130_fd_sc_hd__buf_8)
                                                         net65 (net)
                      0.033685    0.002204    0.898550 v fanout106/A (sky130_fd_sc_hd__buf_4)
     7    0.034652    0.043139    0.117850    1.016399 v fanout106/X (sky130_fd_sc_hd__buf_4)
                                                         net106 (net)
                      0.043172    0.001143    1.017542 v fanout104/A (sky130_fd_sc_hd__clkbuf_2)
     4    0.022480    0.062864    0.115588    1.133129 v fanout104/X (sky130_fd_sc_hd__clkbuf_2)
                                                         net104 (net)
                      0.062872    0.000743    1.133873 v load_slew105/A (sky130_fd_sc_hd__buf_6)
     7    0.044975    0.038237    0.114468    1.248340 v load_slew105/X (sky130_fd_sc_hd__buf_6)
                                                         net105 (net)
                      0.038370    0.002043    1.250383 v _364_/A1 (sky130_fd_sc_hd__o21ai_4)
     3    0.012801    0.110871    0.128610    1.378993 ^ _364_/Y (sky130_fd_sc_hd__o21ai_4)
                                                         _093_ (net)
                      0.110871    0.000183    1.379176 ^ _365_/B1 (sky130_fd_sc_hd__a21oi_2)
     2    0.007904    0.051716    0.030749    1.409925 v _365_/Y (sky130_fd_sc_hd__a21oi_2)
                                                         _094_ (net)
                      0.051716    0.000057    1.409982 v _376_/A_N (sky130_fd_sc_hd__nand4b_4)
     2    0.012540    0.074153    0.133259    1.543241 v _376_/Y (sky130_fd_sc_hd__nand4b_4)
                                                         _105_ (net)
                      0.074153    0.000445    1.543686 v _377_/A (sky130_fd_sc_hd__nor2_4)
     3    0.025319    0.130050    0.149780    1.693465 ^ _377_/Y (sky130_fd_sc_hd__nor2_4)
                                                         _106_ (net)
                      0.130055    0.000659    1.694125 ^ _410_/B (sky130_fd_sc_hd__nand4_4)
     3    0.016705    0.081074    0.089296    1.783421 v _410_/Y (sky130_fd_sc_hd__nand4_4)
                                                         _139_ (net)
                      0.081076    0.000680    1.784101 v rebuffer258/A (sky130_fd_sc_hd__buf_2)
     1    0.004824    0.020953    0.101077    1.885178 v rebuffer258/X (sky130_fd_sc_hd__buf_2)
                                                         net258 (net)
                      0.020953    0.000107    1.885285 v rebuffer146/A (sky130_fd_sc_hd__buf_6)
     1    0.008671    0.018285    0.073020    1.958305 v rebuffer146/X (sky130_fd_sc_hd__buf_6)
                                                         net146 (net)
                      0.018285    0.000271    1.958576 v _640_/A (sky130_fd_sc_hd__nand4_4)
     3    0.014577    0.076991    0.051367    2.009943 ^ _640_/Y (sky130_fd_sc_hd__nand4_4)
                                                         _341_ (net)
                      0.076992    0.000458    2.010401 ^ rebuffer257/A (sky130_fd_sc_hd__buf_4)
     2    0.016792    0.042899    0.097192    2.107593 ^ rebuffer257/X (sky130_fd_sc_hd__buf_4)
                                                         net257 (net)
                      0.042909    0.000672    2.108265 ^ _643_/B1 (sky130_fd_sc_hd__a22o_4)
     1    0.008682    0.030555    0.071510    2.179775 ^ _643_/X (sky130_fd_sc_hd__a22o_4)
                                                         _343_ (net)
                      0.030555    0.000264    2.180040 ^ _644_/B (sky130_fd_sc_hd__xnor2_2)
     1    0.005504    0.097598    0.069908    2.249947 ^ _644_/Y (sky130_fd_sc_hd__xnor2_2)
                                                         net70 (net)
                      0.097598    0.000176    2.250123 ^ output70/A (sky130_fd_sc_hd__buf_6)
     1    0.035044    0.058938    0.103322    2.353446 ^ output70/X (sky130_fd_sc_hd__buf_6)
                                                         S[13] (net)
                      0.058946    0.000726    2.354172 ^ S[13] (out)
                                              2.354172   data arrival time

                      0.000000    4.000000    4.000000   clock __VIRTUAL_CLK__ (rise edge)
                                  0.000000    4.000000   clock network delay (ideal)
                                 -0.250000    3.750000   clock uncertainty
                                  0.000000    3.750000   clock reconvergence pessimism
                                 -0.800000    2.950000   output external delay
                                              2.950000   data required time
---------------------------------------------------------------------------------------------
                                              2.950000   data required time
                                             -2.354172   data arrival time
---------------------------------------------------------------------------------------------
                                              0.595828   slack (MET)


Startpoint: sub (input port clocked by __VIRTUAL_CLK__)
Endpoint: S[31] (output port clocked by __VIRTUAL_CLK__)
Path Group: __VIRTUAL_CLK__
Path Type: max

Fanout         Cap        Slew       Delay        Time   Description
---------------------------------------------------------------------------------------------
                      0.000000    0.000000    0.000000   clock __VIRTUAL_CLK__ (rise edge)
                                  0.000000    0.000000   clock network delay (ideal)
                                  0.800000    0.800000 v input external delay
     1    0.007903    0.012935    0.007916    0.807916 v sub (in)
                                                         sub (net)
                      0.012938    0.000000    0.807916 v input65/A (sky130_fd_sc_hd__buf_8)
     5    0.040618    0.033462    0.088429    0.896345 v input65/X (sky130_fd_sc_hd__buf_8)
                                                         net65 (net)
                      0.033685    0.002204    0.898550 v fanout106/A (sky130_fd_sc_hd__buf_4)
     7    0.034652    0.043139    0.117850    1.016399 v fanout106/X (sky130_fd_sc_hd__buf_4)
                                                         net106 (net)
                      0.043172    0.001143    1.017542 v fanout104/A (sky130_fd_sc_hd__clkbuf_2)
     4    0.022480    0.062864    0.115588    1.133129 v fanout104/X (sky130_fd_sc_hd__clkbuf_2)
                                                         net104 (net)
                      0.062872    0.000743    1.133873 v load_slew105/A (sky130_fd_sc_hd__buf_6)
     7    0.044975    0.038237    0.114468    1.248340 v load_slew105/X (sky130_fd_sc_hd__buf_6)
                                                         net105 (net)
                      0.038370    0.002043    1.250383 v _364_/A1 (sky130_fd_sc_hd__o21ai_4)
     3    0.012801    0.110871    0.128610    1.378993 ^ _364_/Y (sky130_fd_sc_hd__o21ai_4)
                                                         _093_ (net)
                      0.110871    0.000183    1.379176 ^ _365_/B1 (sky130_fd_sc_hd__a21oi_2)
     2    0.007904    0.051716    0.030749    1.409925 v _365_/Y (sky130_fd_sc_hd__a21oi_2)
                                                         _094_ (net)
                      0.051716    0.000057    1.409982 v _376_/A_N (sky130_fd_sc_hd__nand4b_4)
     2    0.012540    0.074153    0.133259    1.543241 v _376_/Y (sky130_fd_sc_hd__nand4b_4)
                                                         _105_ (net)
                      0.074153    0.000445    1.543686 v _377_/A (sky130_fd_sc_hd__nor2_4)
     3    0.025319    0.130050    0.149780    1.693465 ^ _377_/Y (sky130_fd_sc_hd__nor2_4)
                                                         _106_ (net)
                      0.130055    0.000659    1.694125 ^ _410_/B (sky130_fd_sc_hd__nand4_4)
     3    0.016705    0.081074    0.089296    1.783421 v _410_/Y (sky130_fd_sc_hd__nand4_4)
                                                         _139_ (net)
                      0.081075    0.000603    1.784024 v _415_/C (sky130_fd_sc_hd__nand3_4)
     3    0.026128    0.088575    0.111421    1.895445 ^ _415_/Y (sky130_fd_sc_hd__nand3_4)
                                                         _144_ (net)
                      0.088578    0.001047    1.896492 ^ _574_/B2 (sky130_fd_sc_hd__o221ai_4)
     3    0.026875    0.089316    0.083472    1.979964 v _574_/Y (sky130_fd_sc_hd__o221ai_4)
                                                         _291_ (net)
                      0.089375    0.001859    1.981823 v _577_/B (sky130_fd_sc_hd__nand2_4)
     5    0.023558    0.069067    0.098391    2.080214 ^ _577_/Y (sky130_fd_sc_hd__nand2_4)
                                                         _294_ (net)
                      0.069076    0.000769    2.080984 ^ _605_/A (sky130_fd_sc_hd__nand4_2)
     1    0.008645    0.067561    0.062083    2.143066 v _605_/Y (sky130_fd_sc_hd__nand4_2)
                                                         _319_ (net)
                      0.067561    0.000280    2.143347 v _614_/A1 (sky130_fd_sc_hd__a22oi_4)
     1    0.007229    0.077017    0.100914    2.244260 ^ _614_/Y (sky130_fd_sc_hd__a22oi_4)
                                                         net90 (net)
                      0.077018    0.000290    2.244551 ^ output90/A (sky130_fd_sc_hd__buf_6)
     1    0.034393    0.057805    0.099287    2.343838 ^ output90/X (sky130_fd_sc_hd__buf_6)
                                                         S[31] (net)
                      0.057816    0.000818    2.344656 ^ S[31] (out)
                                              2.344656   data arrival time

                      0.000000    4.000000    4.000000   clock __VIRTUAL_CLK__ (rise edge)
                                  0.000000    4.000000   clock network delay (ideal)
                                 -0.250000    3.750000   clock uncertainty
                                  0.000000    3.750000   clock reconvergence pessimism
                                 -0.800000    2.950000   output external delay
                                              2.950000   data required time
---------------------------------------------------------------------------------------------
                                              2.950000   data required time
                                             -2.344656   data arrival time
---------------------------------------------------------------------------------------------
                                              0.605344   slack (MET)


Startpoint: sub (input port clocked by __VIRTUAL_CLK__)
Endpoint: carryOut (output port clocked by __VIRTUAL_CLK__)
Path Group: __VIRTUAL_CLK__
Path Type: max

Fanout         Cap        Slew       Delay        Time   Description
---------------------------------------------------------------------------------------------
                      0.000000    0.000000    0.000000   clock __VIRTUAL_CLK__ (rise edge)
                                  0.000000    0.000000   clock network delay (ideal)
                                  0.800000    0.800000 ^ input external delay
     1    0.008570    0.033691    0.022728    0.822728 ^ sub (in)
                                                         sub (net)
                      0.033692    0.000000    0.822728 ^ input65/A (sky130_fd_sc_hd__buf_8)
     5    0.042210    0.058589    0.089503    0.912232 ^ input65/X (sky130_fd_sc_hd__buf_8)
                                                         net65 (net)
                      0.058791    0.002895    0.915127 ^ fanout118/A (sky130_fd_sc_hd__buf_8)
     4    0.022889    0.036808    0.078806    0.993933 ^ fanout118/X (sky130_fd_sc_hd__buf_8)
                                                         net118 (net)
                      0.036808    0.000226    0.994159 ^ fanout112/A (sky130_fd_sc_hd__buf_6)
     2    0.011354    0.026108    0.065596    1.059755 ^ fanout112/X (sky130_fd_sc_hd__buf_6)
                                                         net112 (net)
                      0.026114    0.000363    1.060117 ^ load_slew114/A (sky130_fd_sc_hd__buf_8)
     3    0.030068    0.044486    0.077435    1.137552 ^ load_slew114/X (sky130_fd_sc_hd__buf_8)
                                                         net114 (net)
                      0.044526    0.000764    1.138316 ^ load_slew113/A (sky130_fd_sc_hd__buf_8)
     4    0.018641    0.032018    0.071785    1.210101 ^ load_slew113/X (sky130_fd_sc_hd__buf_8)
                                                         net113 (net)
                      0.032028    0.000520    1.210621 ^ _714_/A2 (sky130_fd_sc_hd__o21a_4)
     2    0.012091    0.038780    0.086741    1.297361 ^ _714_/X (sky130_fd_sc_hd__o21a_4)
                                                         _061_ (net)
                      0.038782    0.000365    1.297727 ^ _715_/A (sky130_fd_sc_hd__nand2_4)
     2    0.011018    0.028006    0.030989    1.328715 v _715_/Y (sky130_fd_sc_hd__nand2_4)
                                                         _062_ (net)
                      0.028007    0.000231    1.328946 v rebuffer130/A (sky130_fd_sc_hd__buf_2)
     3    0.019013    0.040460    0.102000    1.430946 v rebuffer130/X (sky130_fd_sc_hd__buf_2)
                                                         net130 (net)
                      0.040463    0.000402    1.431349 v _723_/B1 (sky130_fd_sc_hd__o2111a_2)
     1    0.009063    0.040770    0.117831    1.549179 v _723_/X (sky130_fd_sc_hd__o2111a_2)
                                                         _070_ (net)
                      0.040771    0.000280    1.549459 v _414_/A2 (sky130_fd_sc_hd__a21oi_4)
     3    0.025857    0.164400    0.176568    1.726027 ^ _414_/Y (sky130_fd_sc_hd__a21oi_4)
                                                         _143_ (net)
                      0.164407    0.000855    1.726882 ^ _415_/A (sky130_fd_sc_hd__nand3_4)
     3    0.023770    0.083795    0.084201    1.811083 v _415_/Y (sky130_fd_sc_hd__nand3_4)
                                                         _144_ (net)
                      0.083843    0.000946    1.812029 v _574_/B2 (sky130_fd_sc_hd__o221ai_4)
     3    0.028537    0.206272    0.197203    2.009233 ^ _574_/Y (sky130_fd_sc_hd__o221ai_4)
                                                         _291_ (net)
                      0.206277    0.001991    2.011224 ^ _577_/B (sky130_fd_sc_hd__nand2_4)
     5    0.022327    0.061253    0.058722    2.069945 v _577_/Y (sky130_fd_sc_hd__nand2_4)
                                                         _294_ (net)
                      0.061268    0.000761    2.070707 v _610_/A1 (sky130_fd_sc_hd__a21boi_2)
     1    0.010785    0.115087    0.136992    2.207698 ^ _610_/Y (sky130_fd_sc_hd__a21boi_2)
                                                         _324_ (net)
                      0.115087    0.000418    2.208116 ^ _651_/B2 (sky130_fd_sc_hd__o2bb2ai_4)
     1    0.004919    0.029824    0.035646    2.243762 v _651_/Y (sky130_fd_sc_hd__o2bb2ai_4)
                                                         net98 (net)
                      0.029824    0.000156    2.243918 v output98/A (sky130_fd_sc_hd__buf_6)
     1    0.036091    0.033080    0.095493    2.339411 v output98/X (sky130_fd_sc_hd__buf_6)
                                                         carryOut (net)
                      0.033102    0.000821    2.340232 v carryOut (out)
                                              2.340232   data arrival time

                      0.000000    4.000000    4.000000   clock __VIRTUAL_CLK__ (rise edge)
                                  0.000000    4.000000   clock network delay (ideal)
                                 -0.250000    3.750000   clock uncertainty
                                  0.000000    3.750000   clock reconvergence pessimism
                                 -0.800000    2.950000   output external delay
                                              2.950000   data required time
---------------------------------------------------------------------------------------------
                                              2.950000   data required time
                                             -2.340232   data arrival time
---------------------------------------------------------------------------------------------
                                              0.609768   slack (MET)


Startpoint: sub (input port clocked by __VIRTUAL_CLK__)
Endpoint: S[7] (output port clocked by __VIRTUAL_CLK__)
Path Group: __VIRTUAL_CLK__
Path Type: max

Fanout         Cap        Slew       Delay        Time   Description
---------------------------------------------------------------------------------------------
                      0.000000    0.000000    0.000000   clock __VIRTUAL_CLK__ (rise edge)
                                  0.000000    0.000000   clock network delay (ideal)
                                  0.800000    0.800000 v input external delay
     1    0.007903    0.012935    0.007916    0.807916 v sub (in)
                                                         sub (net)
                      0.012938    0.000000    0.807916 v input65/A (sky130_fd_sc_hd__buf_8)
     5    0.040618    0.033462    0.088429    0.896345 v input65/X (sky130_fd_sc_hd__buf_8)
                                                         net65 (net)
                      0.033685    0.002204    0.898550 v fanout106/A (sky130_fd_sc_hd__buf_4)
     7    0.034652    0.043139    0.117850    1.016399 v fanout106/X (sky130_fd_sc_hd__buf_4)
                                                         net106 (net)
                      0.043168    0.001076    1.017475 v fanout100/A (sky130_fd_sc_hd__buf_4)
     5    0.026120    0.036757    0.115388    1.132863 v fanout100/X (sky130_fd_sc_hd__buf_4)
                                                         net100 (net)
                      0.036778    0.000837    1.133699 v load_slew101/A (sky130_fd_sc_hd__buf_6)
     6    0.037698    0.034113    0.099124    1.232823 v load_slew101/X (sky130_fd_sc_hd__buf_6)
                                                         net101 (net)
                      0.034124    0.000667    1.233490 v _387_/A (sky130_fd_sc_hd__and2_4)
     1    0.006062    0.026218    0.093432    1.326922 v _387_/X (sky130_fd_sc_hd__and2_4)
                                                         _116_ (net)
                      0.026218    0.000231    1.327154 v _391_/A1 (sky130_fd_sc_hd__o21bai_2)
     1    0.005309    0.083227    0.098139    1.425293 ^ _391_/Y (sky130_fd_sc_hd__o21bai_2)
                                                         _120_ (net)
                      0.083227    0.000174    1.425466 ^ _392_/C1 (sky130_fd_sc_hd__o211ai_2)
     1    0.009617    0.091520    0.054187    1.479653 v _392_/Y (sky130_fd_sc_hd__o211ai_2)
                                                         _121_ (net)
                      0.091521    0.000340    1.479993 v _393_/A (sky130_fd_sc_hd__nor2_4)
     3    0.021826    0.115114    0.144967    1.624960 ^ _393_/Y (sky130_fd_sc_hd__nor2_4)
                                                         _122_ (net)
                      0.115130    0.001138    1.626098 ^ rebuffer280/A (sky130_fd_sc_hd__buf_6)
     1    0.010120    0.026260    0.078315    1.704413 ^ rebuffer280/X (sky130_fd_sc_hd__buf_6)
                                                         net280 (net)
                      0.026261    0.000316    1.704729 ^ _624_/A2 (sky130_fd_sc_hd__a21oi_4)
     3    0.017112    0.047325    0.042054    1.746783 v _624_/Y (sky130_fd_sc_hd__a21oi_4)
                                                         _333_ (net)
                      0.047327    0.000666    1.747449 v _626_/B2 (sky130_fd_sc_hd__o22a_2)
     3    0.019115    0.052315    0.149637    1.897086 v _626_/X (sky130_fd_sc_hd__o22a_2)
                                                         _334_ (net)
                      0.052317    0.000427    1.897513 v _630_/B2 (sky130_fd_sc_hd__o2bb2a_2)
     1    0.009781    0.043872    0.177355    2.074868 v _630_/X (sky130_fd_sc_hd__o2bb2a_2)
                                                         _336_ (net)
                      0.043872    0.000279    2.075147 v _631_/B (sky130_fd_sc_hd__xor2_2)
     1    0.004836    0.084689    0.095256    2.170403 ^ _631_/X (sky130_fd_sc_hd__xor2_2)
                                                         net95 (net)
                      0.084689    0.000194    2.170597 ^ output95/A (sky130_fd_sc_hd__clkbuf_4)
     1    0.034963    0.085949    0.148963    2.319560 ^ output95/X (sky130_fd_sc_hd__clkbuf_4)
                                                         S[7] (net)
                      0.085957    0.000952    2.320512 ^ S[7] (out)
                                              2.320512   data arrival time

                      0.000000    4.000000    4.000000   clock __VIRTUAL_CLK__ (rise edge)
                                  0.000000    4.000000   clock network delay (ideal)
                                 -0.250000    3.750000   clock uncertainty
                                  0.000000    3.750000   clock reconvergence pessimism
                                 -0.800000    2.950000   output external delay
                                              2.950000   data required time
---------------------------------------------------------------------------------------------
                                              2.950000   data required time
                                             -2.320512   data arrival time
---------------------------------------------------------------------------------------------
                                              0.629488   slack (MET)


Startpoint: sub (input port clocked by __VIRTUAL_CLK__)
Endpoint: S[11] (output port clocked by __VIRTUAL_CLK__)
Path Group: __VIRTUAL_CLK__
Path Type: max

Fanout         Cap        Slew       Delay        Time   Description
---------------------------------------------------------------------------------------------
                      0.000000    0.000000    0.000000   clock __VIRTUAL_CLK__ (rise edge)
                                  0.000000    0.000000   clock network delay (ideal)
                                  0.800000    0.800000 ^ input external delay
     1    0.008570    0.033691    0.022728    0.822728 ^ sub (in)
                                                         sub (net)
                      0.033692    0.000000    0.822728 ^ input65/A (sky130_fd_sc_hd__buf_8)
     5    0.042210    0.058589    0.089503    0.912232 ^ input65/X (sky130_fd_sc_hd__buf_8)
                                                         net65 (net)
                      0.058715    0.002305    0.914537 ^ fanout106/A (sky130_fd_sc_hd__buf_4)
     7    0.036717    0.081244    0.122211    1.036747 ^ fanout106/X (sky130_fd_sc_hd__buf_4)
                                                         net106 (net)
                      0.081298    0.001211    1.037959 ^ fanout104/A (sky130_fd_sc_hd__clkbuf_2)
     4    0.024194    0.104573    0.137520    1.175479 ^ fanout104/X (sky130_fd_sc_hd__clkbuf_2)
                                                         net104 (net)
                      0.104616    0.000798    1.176277 ^ load_slew105/A (sky130_fd_sc_hd__buf_6)
     7    0.048779    0.078193    0.118216    1.294493 ^ load_slew105/X (sky130_fd_sc_hd__buf_6)
                                                         net105 (net)
                      0.078292    0.002370    1.296863 ^ _726_/B (sky130_fd_sc_hd__nand2b_4)
     1    0.005221    0.026022    0.031144    1.328007 v _726_/Y (sky130_fd_sc_hd__nand2b_4)
                                                         _073_ (net)
                      0.026022    0.000171    1.328178 v _729_/B (sky130_fd_sc_hd__nand3b_2)
     5    0.029648    0.148867    0.127385    1.455563 ^ _729_/Y (sky130_fd_sc_hd__nand3b_2)
                                                         _076_ (net)
                      0.148878    0.001076    1.456639 ^ _360_/D1 (sky130_fd_sc_hd__o2111ai_4)
     2    0.020026    0.098386    0.087171    1.543809 v _360_/Y (sky130_fd_sc_hd__o2111ai_4)
                                                         _089_ (net)
                      0.098387    0.000565    1.544374 v rebuffer261/A (sky130_fd_sc_hd__buf_6)
     2    0.006171    0.017389    0.105479    1.649854 v rebuffer261/X (sky130_fd_sc_hd__buf_6)
                                                         net261 (net)
                      0.017389    0.000190    1.650044 v _378_/B (sky130_fd_sc_hd__or2_4)
     1    0.008156    0.036682    0.145592    1.795636 v _378_/X (sky130_fd_sc_hd__or2_4)
                                                         _107_ (net)
                      0.036682    0.000248    1.795884 v _632_/B2 (sky130_fd_sc_hd__o2bb2ai_4)
     2    0.020973    0.132978    0.131281    1.927166 ^ _632_/Y (sky130_fd_sc_hd__o2bb2ai_4)
                                                         _337_ (net)
                      0.133013    0.001363    1.928529 ^ _636_/A2 (sky130_fd_sc_hd__a21oi_4)
     2    0.016905    0.050430    0.057499    1.986028 v _636_/Y (sky130_fd_sc_hd__a21oi_4)
                                                         _339_ (net)
                      0.050438    0.000521    1.986549 v _638_/A2 (sky130_fd_sc_hd__o21ai_4)
     1    0.010026    0.096746    0.107055    2.093605 ^ _638_/Y (sky130_fd_sc_hd__o21ai_4)
                                                         _340_ (net)
                      0.096747    0.000330    2.093935 ^ _639_/A (sky130_fd_sc_hd__xor2_2)
     1    0.008736    0.114790    0.117406    2.211340 ^ _639_/X (sky130_fd_sc_hd__xor2_2)
                                                         net68 (net)
                      0.114790    0.000376    2.211716 ^ output68/A (sky130_fd_sc_hd__buf_6)
     1    0.035748    0.060082    0.106667    2.318383 ^ output68/X (sky130_fd_sc_hd__buf_6)
                                                         S[11] (net)
                      0.060096    0.000963    2.319347 ^ S[11] (out)
                                              2.319347   data arrival time

                      0.000000    4.000000    4.000000   clock __VIRTUAL_CLK__ (rise edge)
                                  0.000000    4.000000   clock network delay (ideal)
                                 -0.250000    3.750000   clock uncertainty
                                  0.000000    3.750000   clock reconvergence pessimism
                                 -0.800000    2.950000   output external delay
                                              2.950000   data required time
---------------------------------------------------------------------------------------------
                                              2.950000   data required time
                                             -2.319347   data arrival time
---------------------------------------------------------------------------------------------
                                              0.630653   slack (MET)


Startpoint: sub (input port clocked by __VIRTUAL_CLK__)
Endpoint: S[18] (output port clocked by __VIRTUAL_CLK__)
Path Group: __VIRTUAL_CLK__
Path Type: max

Fanout         Cap        Slew       Delay        Time   Description
---------------------------------------------------------------------------------------------
                      0.000000    0.000000    0.000000   clock __VIRTUAL_CLK__ (rise edge)
                                  0.000000    0.000000   clock network delay (ideal)
                                  0.800000    0.800000 v input external delay
     1    0.007903    0.012935    0.007916    0.807916 v sub (in)
                                                         sub (net)
                      0.012938    0.000000    0.807916 v input65/A (sky130_fd_sc_hd__buf_8)
     5    0.040618    0.033462    0.088429    0.896345 v input65/X (sky130_fd_sc_hd__buf_8)
                                                         net65 (net)
                      0.033685    0.002204    0.898550 v fanout106/A (sky130_fd_sc_hd__buf_4)
     7    0.034652    0.043139    0.117850    1.016399 v fanout106/X (sky130_fd_sc_hd__buf_4)
                                                         net106 (net)
                      0.043168    0.001076    1.017475 v fanout100/A (sky130_fd_sc_hd__buf_4)
     5    0.026120    0.036757    0.115388    1.132863 v fanout100/X (sky130_fd_sc_hd__buf_4)
                                                         net100 (net)
                      0.036778    0.000837    1.133699 v load_slew101/A (sky130_fd_sc_hd__buf_6)
     6    0.037698    0.034113    0.099124    1.232823 v load_slew101/X (sky130_fd_sc_hd__buf_6)
                                                         net101 (net)
                      0.034219    0.001708    1.234531 v _389_/A1 (sky130_fd_sc_hd__o21ai_4)
     2    0.015900    0.130115    0.137751    1.372282 ^ _389_/Y (sky130_fd_sc_hd__o21ai_4)
                                                         _118_ (net)
                      0.130115    0.000436    1.372719 ^ _390_/B1 (sky130_fd_sc_hd__a21oi_4)
     3    0.015985    0.081202    0.031759    1.404477 v _390_/Y (sky130_fd_sc_hd__a21oi_4)
                                                         _119_ (net)
                      0.081202    0.000475    1.404953 v _417_/A2 (sky130_fd_sc_hd__a21oi_4)
     1    0.009774    0.092657    0.135266    1.540219 ^ _417_/Y (sky130_fd_sc_hd__a21oi_4)
                                                         _146_ (net)
                      0.092657    0.000218    1.540437 ^ _419_/B1 (sky130_fd_sc_hd__o22ai_4)
     3    0.025873    0.066081    0.062648    1.603084 v _419_/Y (sky130_fd_sc_hd__o22ai_4)
                                                         _148_ (net)
                      0.066108    0.001097    1.604182 v _421_/A3 (sky130_fd_sc_hd__a31oi_2)
     1    0.005174    0.108526    0.151308    1.755489 ^ _421_/Y (sky130_fd_sc_hd__a31oi_2)
                                                         _150_ (net)
                      0.108526    0.000164    1.755653 ^ _423_/A (sky130_fd_sc_hd__nand4_2)
     3    0.017185    0.100111    0.099673    1.855326 v _423_/Y (sky130_fd_sc_hd__nand4_2)
                                                         _152_ (net)
                      0.100118    0.000687    1.856012 v _444_/A2 (sky130_fd_sc_hd__a31oi_2)
     1    0.008615    0.136731    0.174693    2.030705 ^ _444_/Y (sky130_fd_sc_hd__a31oi_2)
                                                         _171_ (net)
                      0.136731    0.000179    2.030885 ^ _445_/B (sky130_fd_sc_hd__xor2_2)
     1    0.007336    0.103783    0.112953    2.143837 ^ _445_/X (sky130_fd_sc_hd__xor2_2)
                                                         net75 (net)
                      0.103783    0.000274    2.144111 ^ output75/A (sky130_fd_sc_hd__buf_2)
     1    0.035156    0.131282    0.165594    2.309705 ^ output75/X (sky130_fd_sc_hd__buf_2)
                                                         S[18] (net)
                      0.131326    0.000731    2.310436 ^ S[18] (out)
                                              2.310436   data arrival time

                      0.000000    4.000000    4.000000   clock __VIRTUAL_CLK__ (rise edge)
                                  0.000000    4.000000   clock network delay (ideal)
                                 -0.250000    3.750000   clock uncertainty
                                  0.000000    3.750000   clock reconvergence pessimism
                                 -0.800000    2.950000   output external delay
                                              2.950000   data required time
---------------------------------------------------------------------------------------------
                                              2.950000   data required time
                                             -2.310436   data arrival time
---------------------------------------------------------------------------------------------
                                              0.639564   slack (MET)


Startpoint: sub (input port clocked by __VIRTUAL_CLK__)
Endpoint: S[29] (output port clocked by __VIRTUAL_CLK__)
Path Group: __VIRTUAL_CLK__
Path Type: max

Fanout         Cap        Slew       Delay        Time   Description
---------------------------------------------------------------------------------------------
                      0.000000    0.000000    0.000000   clock __VIRTUAL_CLK__ (rise edge)
                                  0.000000    0.000000   clock network delay (ideal)
                                  0.800000    0.800000 v input external delay
     1    0.007903    0.012935    0.007916    0.807916 v sub (in)
                                                         sub (net)
                      0.012938    0.000000    0.807916 v input65/A (sky130_fd_sc_hd__buf_8)
     5    0.040618    0.033462    0.088429    0.896345 v input65/X (sky130_fd_sc_hd__buf_8)
                                                         net65 (net)
                      0.033685    0.002204    0.898550 v fanout106/A (sky130_fd_sc_hd__buf_4)
     7    0.034652    0.043139    0.117850    1.016399 v fanout106/X (sky130_fd_sc_hd__buf_4)
                                                         net106 (net)
                      0.043172    0.001143    1.017542 v fanout104/A (sky130_fd_sc_hd__clkbuf_2)
     4    0.022480    0.062864    0.115588    1.133129 v fanout104/X (sky130_fd_sc_hd__clkbuf_2)
                                                         net104 (net)
                      0.062872    0.000743    1.133873 v load_slew105/A (sky130_fd_sc_hd__buf_6)
     7    0.044975    0.038237    0.114468    1.248340 v load_slew105/X (sky130_fd_sc_hd__buf_6)
                                                         net105 (net)
                      0.038370    0.002043    1.250383 v _364_/A1 (sky130_fd_sc_hd__o21ai_4)
     3    0.012801    0.110871    0.128610    1.378993 ^ _364_/Y (sky130_fd_sc_hd__o21ai_4)
                                                         _093_ (net)
                      0.110871    0.000183    1.379176 ^ _365_/B1 (sky130_fd_sc_hd__a21oi_2)
     2    0.007904    0.051716    0.030749    1.409925 v _365_/Y (sky130_fd_sc_hd__a21oi_2)
                                                         _094_ (net)
                      0.051716    0.000057    1.409982 v _376_/A_N (sky130_fd_sc_hd__nand4b_4)
     2    0.012540    0.074153    0.133259    1.543241 v _376_/Y (sky130_fd_sc_hd__nand4b_4)
                                                         _105_ (net)
                      0.074153    0.000445    1.543686 v _377_/A (sky130_fd_sc_hd__nor2_4)
     3    0.025319    0.130050    0.149780    1.693465 ^ _377_/Y (sky130_fd_sc_hd__nor2_4)
                                                         _106_ (net)
                      0.130055    0.000659    1.694125 ^ _410_/B (sky130_fd_sc_hd__nand4_4)
     3    0.016705    0.081074    0.089296    1.783421 v _410_/Y (sky130_fd_sc_hd__nand4_4)
                                                         _139_ (net)
                      0.081075    0.000603    1.784024 v _415_/C (sky130_fd_sc_hd__nand3_4)
     3    0.026128    0.088575    0.111421    1.895445 ^ _415_/Y (sky130_fd_sc_hd__nand3_4)
                                                         _144_ (net)
                      0.088578    0.001047    1.896492 ^ _574_/B2 (sky130_fd_sc_hd__o221ai_4)
     3    0.026875    0.089316    0.083472    1.979964 v _574_/Y (sky130_fd_sc_hd__o221ai_4)
                                                         _291_ (net)
                      0.089379    0.001918    1.981882 v _579_/A2 (sky130_fd_sc_hd__a21oi_2)
     2    0.007683    0.094062    0.138227    2.120109 ^ _579_/Y (sky130_fd_sc_hd__a21oi_2)
                                                         _296_ (net)
                      0.094062    0.000223    2.120332 ^ _589_/A2 (sky130_fd_sc_hd__o21ai_2)
     1    0.004605    0.042884    0.035917    2.156249 v _589_/Y (sky130_fd_sc_hd__o21ai_2)
                                                         _305_ (net)
                      0.042884    0.000140    2.156389 v _590_/B1 (sky130_fd_sc_hd__o21ai_2)
     1    0.006649    0.087577    0.050939    2.207328 ^ _590_/Y (sky130_fd_sc_hd__o21ai_2)
                                                         net87 (net)
                      0.087577    0.000231    2.207559 ^ output87/A (sky130_fd_sc_hd__buf_6)
     1    0.034833    0.058530    0.101416    2.308975 ^ output87/X (sky130_fd_sc_hd__buf_6)
                                                         S[29] (net)
                      0.058542    0.000862    2.309836 ^ S[29] (out)
                                              2.309836   data arrival time

                      0.000000    4.000000    4.000000   clock __VIRTUAL_CLK__ (rise edge)
                                  0.000000    4.000000   clock network delay (ideal)
                                 -0.250000    3.750000   clock uncertainty
                                  0.000000    3.750000   clock reconvergence pessimism
                                 -0.800000    2.950000   output external delay
                                              2.950000   data required time
---------------------------------------------------------------------------------------------
                                              2.950000   data required time
                                             -2.309836   data arrival time
---------------------------------------------------------------------------------------------
                                              0.640164   slack (MET)


Startpoint: sub (input port clocked by __VIRTUAL_CLK__)
Endpoint: S[12] (output port clocked by __VIRTUAL_CLK__)
Path Group: __VIRTUAL_CLK__
Path Type: max

Fanout         Cap        Slew       Delay        Time   Description
---------------------------------------------------------------------------------------------
                      0.000000    0.000000    0.000000   clock __VIRTUAL_CLK__ (rise edge)
                                  0.000000    0.000000   clock network delay (ideal)
                                  0.800000    0.800000 v input external delay
     1    0.007903    0.012935    0.007916    0.807916 v sub (in)
                                                         sub (net)
                      0.012938    0.000000    0.807916 v input65/A (sky130_fd_sc_hd__buf_8)
     5    0.040618    0.033462    0.088429    0.896345 v input65/X (sky130_fd_sc_hd__buf_8)
                                                         net65 (net)
                      0.033685    0.002204    0.898550 v fanout106/A (sky130_fd_sc_hd__buf_4)
     7    0.034652    0.043139    0.117850    1.016399 v fanout106/X (sky130_fd_sc_hd__buf_4)
                                                         net106 (net)
                      0.043172    0.001143    1.017542 v fanout104/A (sky130_fd_sc_hd__clkbuf_2)
     4    0.022480    0.062864    0.115588    1.133129 v fanout104/X (sky130_fd_sc_hd__clkbuf_2)
                                                         net104 (net)
                      0.062872    0.000743    1.133873 v load_slew105/A (sky130_fd_sc_hd__buf_6)
     7    0.044975    0.038237    0.114468    1.248340 v load_slew105/X (sky130_fd_sc_hd__buf_6)
                                                         net105 (net)
                      0.038370    0.002043    1.250383 v _364_/A1 (sky130_fd_sc_hd__o21ai_4)
     3    0.012801    0.110871    0.128610    1.378993 ^ _364_/Y (sky130_fd_sc_hd__o21ai_4)
                                                         _093_ (net)
                      0.110871    0.000183    1.379176 ^ _365_/B1 (sky130_fd_sc_hd__a21oi_2)
     2    0.007904    0.051716    0.030749    1.409925 v _365_/Y (sky130_fd_sc_hd__a21oi_2)
                                                         _094_ (net)
                      0.051716    0.000057    1.409982 v _376_/A_N (sky130_fd_sc_hd__nand4b_4)
     2    0.012540    0.074153    0.133259    1.543241 v _376_/Y (sky130_fd_sc_hd__nand4b_4)
                                                         _105_ (net)
                      0.074153    0.000445    1.543686 v _377_/A (sky130_fd_sc_hd__nor2_4)
     3    0.025319    0.130050    0.149780    1.693465 ^ _377_/Y (sky130_fd_sc_hd__nor2_4)
                                                         _106_ (net)
                      0.130055    0.000659    1.694125 ^ _410_/B (sky130_fd_sc_hd__nand4_4)
     3    0.016705    0.081074    0.089296    1.783421 v _410_/Y (sky130_fd_sc_hd__nand4_4)
                                                         _139_ (net)
                      0.081076    0.000680    1.784101 v rebuffer258/A (sky130_fd_sc_hd__buf_2)
     1    0.004824    0.020953    0.101077    1.885178 v rebuffer258/X (sky130_fd_sc_hd__buf_2)
                                                         net258 (net)
                      0.020953    0.000107    1.885285 v rebuffer146/A (sky130_fd_sc_hd__buf_6)
     1    0.008671    0.018285    0.073020    1.958305 v rebuffer146/X (sky130_fd_sc_hd__buf_6)
                                                         net146 (net)
                      0.018285    0.000271    1.958576 v _640_/A (sky130_fd_sc_hd__nand4_4)
     3    0.014577    0.076991    0.051367    2.009943 ^ _640_/Y (sky130_fd_sc_hd__nand4_4)
                                                         _341_ (net)
                      0.076992    0.000458    2.010401 ^ rebuffer257/A (sky130_fd_sc_hd__buf_4)
     2    0.016792    0.042899    0.097192    2.107593 ^ rebuffer257/X (sky130_fd_sc_hd__buf_4)
                                                         net257 (net)
                      0.042902    0.000428    2.108021 ^ _642_/A (sky130_fd_sc_hd__xor2_2)
     1    0.005812    0.092008    0.092972    2.200994 ^ _642_/X (sky130_fd_sc_hd__xor2_2)
                                                         net69 (net)
                      0.092008    0.000199    2.201192 ^ output69/A (sky130_fd_sc_hd__buf_6)
     1    0.035817    0.059952    0.103159    2.304351 ^ output69/X (sky130_fd_sc_hd__buf_6)
                                                         S[12] (net)
                      0.059963    0.000877    2.305228 ^ S[12] (out)
                                              2.305228   data arrival time

                      0.000000    4.000000    4.000000   clock __VIRTUAL_CLK__ (rise edge)
                                  0.000000    4.000000   clock network delay (ideal)
                                 -0.250000    3.750000   clock uncertainty
                                  0.000000    3.750000   clock reconvergence pessimism
                                 -0.800000    2.950000   output external delay
                                              2.950000   data required time
---------------------------------------------------------------------------------------------
                                              2.950000   data required time
                                             -2.305228   data arrival time
---------------------------------------------------------------------------------------------
                                              0.644772   slack (MET)


Startpoint: sub (input port clocked by __VIRTUAL_CLK__)
Endpoint: S[19] (output port clocked by __VIRTUAL_CLK__)
Path Group: __VIRTUAL_CLK__
Path Type: max

Fanout         Cap        Slew       Delay        Time   Description
---------------------------------------------------------------------------------------------
                      0.000000    0.000000    0.000000   clock __VIRTUAL_CLK__ (rise edge)
                                  0.000000    0.000000   clock network delay (ideal)
                                  0.800000    0.800000 v input external delay
     1    0.007903    0.012935    0.007916    0.807916 v sub (in)
                                                         sub (net)
                      0.012938    0.000000    0.807916 v input65/A (sky130_fd_sc_hd__buf_8)
     5    0.040618    0.033462    0.088429    0.896345 v input65/X (sky130_fd_sc_hd__buf_8)
                                                         net65 (net)
                      0.033685    0.002204    0.898550 v fanout106/A (sky130_fd_sc_hd__buf_4)
     7    0.034652    0.043139    0.117850    1.016399 v fanout106/X (sky130_fd_sc_hd__buf_4)
                                                         net106 (net)
                      0.043172    0.001143    1.017542 v fanout104/A (sky130_fd_sc_hd__clkbuf_2)
     4    0.022480    0.062864    0.115588    1.133129 v fanout104/X (sky130_fd_sc_hd__clkbuf_2)
                                                         net104 (net)
                      0.062872    0.000743    1.133873 v load_slew105/A (sky130_fd_sc_hd__buf_6)
     7    0.044975    0.038237    0.114468    1.248340 v load_slew105/X (sky130_fd_sc_hd__buf_6)
                                                         net105 (net)
                      0.038370    0.002043    1.250383 v _364_/A1 (sky130_fd_sc_hd__o21ai_4)
     3    0.012801    0.110871    0.128610    1.378993 ^ _364_/Y (sky130_fd_sc_hd__o21ai_4)
                                                         _093_ (net)
                      0.110871    0.000183    1.379176 ^ _365_/B1 (sky130_fd_sc_hd__a21oi_2)
     2    0.007904    0.051716    0.030749    1.409925 v _365_/Y (sky130_fd_sc_hd__a21oi_2)
                                                         _094_ (net)
                      0.051716    0.000057    1.409982 v _376_/A_N (sky130_fd_sc_hd__nand4b_4)
     2    0.012540    0.074153    0.133259    1.543241 v _376_/Y (sky130_fd_sc_hd__nand4b_4)
                                                         _105_ (net)
                      0.074153    0.000445    1.543686 v _377_/A (sky130_fd_sc_hd__nor2_4)
     3    0.025319    0.130050    0.149780    1.693465 ^ _377_/Y (sky130_fd_sc_hd__nor2_4)
                                                         _106_ (net)
                      0.130055    0.000659    1.694125 ^ _410_/B (sky130_fd_sc_hd__nand4_4)
     3    0.016705    0.081074    0.089296    1.783421 v _410_/Y (sky130_fd_sc_hd__nand4_4)
                                                         _139_ (net)
                      0.081075    0.000509    1.783930 v _423_/C (sky130_fd_sc_hd__nand4_2)
     3    0.018352    0.106994    0.129617    1.913547 ^ _423_/Y (sky130_fd_sc_hd__nand4_2)
                                                         _152_ (net)
                      0.107000    0.000907    1.914454 ^ _447_/D (sky130_fd_sc_hd__nand4b_2)
     2    0.008905    0.066550    0.084778    1.999232 v _447_/Y (sky130_fd_sc_hd__nand4b_2)
                                                         _173_ (net)
                      0.066550    0.000256    1.999488 v _455_/B1 (sky130_fd_sc_hd__a22o_2)
     1    0.005441    0.029350    0.119434    2.118921 v _455_/X (sky130_fd_sc_hd__a22o_2)
                                                         _181_ (net)
                      0.029350    0.000187    2.119108 v _457_/A (sky130_fd_sc_hd__nand2_2)
     1    0.006176    0.040119    0.042735    2.161844 ^ _457_/Y (sky130_fd_sc_hd__nand2_2)
                                                         net76 (net)
                      0.040120    0.000263    2.162107 ^ output76/A (sky130_fd_sc_hd__clkbuf_4)
     1    0.034812    0.085431    0.135278    2.297385 ^ output76/X (sky130_fd_sc_hd__clkbuf_4)
                                                         S[19] (net)
                      0.085439    0.000936    2.298321 ^ S[19] (out)
                                              2.298321   data arrival time

                      0.000000    4.000000    4.000000   clock __VIRTUAL_CLK__ (rise edge)
                                  0.000000    4.000000   clock network delay (ideal)
                                 -0.250000    3.750000   clock uncertainty
                                  0.000000    3.750000   clock reconvergence pessimism
                                 -0.800000    2.950000   output external delay
                                              2.950000   data required time
---------------------------------------------------------------------------------------------
                                              2.950000   data required time
                                             -2.298321   data arrival time
---------------------------------------------------------------------------------------------
                                              0.651679   slack (MET)


Startpoint: sub (input port clocked by __VIRTUAL_CLK__)
Endpoint: S[8] (output port clocked by __VIRTUAL_CLK__)
Path Group: __VIRTUAL_CLK__
Path Type: max

Fanout         Cap        Slew       Delay        Time   Description
---------------------------------------------------------------------------------------------
                      0.000000    0.000000    0.000000   clock __VIRTUAL_CLK__ (rise edge)
                                  0.000000    0.000000   clock network delay (ideal)
                                  0.800000    0.800000 ^ input external delay
     1    0.008570    0.033691    0.022728    0.822728 ^ sub (in)
                                                         sub (net)
                      0.033692    0.000000    0.822728 ^ input65/A (sky130_fd_sc_hd__buf_8)
     5    0.042210    0.058589    0.089503    0.912232 ^ input65/X (sky130_fd_sc_hd__buf_8)
                                                         net65 (net)
                      0.058715    0.002305    0.914537 ^ fanout106/A (sky130_fd_sc_hd__buf_4)
     7    0.036717    0.081244    0.122211    1.036747 ^ fanout106/X (sky130_fd_sc_hd__buf_4)
                                                         net106 (net)
                      0.081298    0.001211    1.037959 ^ fanout104/A (sky130_fd_sc_hd__clkbuf_2)
     4    0.024194    0.104573    0.137520    1.175479 ^ fanout104/X (sky130_fd_sc_hd__clkbuf_2)
                                                         net104 (net)
                      0.104616    0.000798    1.176277 ^ load_slew105/A (sky130_fd_sc_hd__buf_6)
     7    0.048779    0.078193    0.118216    1.294493 ^ load_slew105/X (sky130_fd_sc_hd__buf_6)
                                                         net105 (net)
                      0.078292    0.002370    1.296863 ^ _726_/B (sky130_fd_sc_hd__nand2b_4)
     1    0.005221    0.026022    0.031144    1.328007 v _726_/Y (sky130_fd_sc_hd__nand2b_4)
                                                         _073_ (net)
                      0.026022    0.000171    1.328178 v _729_/B (sky130_fd_sc_hd__nand3b_2)
     5    0.029648    0.148867    0.127385    1.455563 ^ _729_/Y (sky130_fd_sc_hd__nand3b_2)
                                                         _076_ (net)
                      0.148878    0.001076    1.456639 ^ _360_/D1 (sky130_fd_sc_hd__o2111ai_4)
     2    0.020026    0.098386    0.087171    1.543809 v _360_/Y (sky130_fd_sc_hd__o2111ai_4)
                                                         _089_ (net)
                      0.098387    0.000565    1.544374 v rebuffer261/A (sky130_fd_sc_hd__buf_6)
     2    0.006171    0.017389    0.105479    1.649854 v rebuffer261/X (sky130_fd_sc_hd__buf_6)
                                                         net261 (net)
                      0.017389    0.000190    1.650044 v _378_/B (sky130_fd_sc_hd__or2_4)
     1    0.008156    0.036682    0.145592    1.795636 v _378_/X (sky130_fd_sc_hd__or2_4)
                                                         _107_ (net)
                      0.036682    0.000248    1.795884 v _632_/B2 (sky130_fd_sc_hd__o2bb2ai_4)
     2    0.020973    0.132978    0.131281    1.927166 ^ _632_/Y (sky130_fd_sc_hd__o2bb2ai_4)
                                                         _337_ (net)
                      0.132995    0.001194    1.928360 ^ rebuffer260/A (sky130_fd_sc_hd__buf_6)
     2    0.008720    0.025054    0.078207    2.006567 ^ rebuffer260/X (sky130_fd_sc_hd__buf_6)
                                                         net260 (net)
                      0.025058    0.000222    2.006789 ^ rebuffer167/A (sky130_fd_sc_hd__buf_4)
     1    0.009707    0.029219    0.072292    2.079081 ^ rebuffer167/X (sky130_fd_sc_hd__buf_4)
                                                         net167 (net)
                      0.029224    0.000354    2.079435 ^ _633_/B (sky130_fd_sc_hd__xnor2_2)
     1    0.005579    0.097817    0.069825    2.149260 ^ _633_/Y (sky130_fd_sc_hd__xnor2_2)
                                                         net96 (net)
                      0.097817    0.000182    2.149443 ^ output96/A (sky130_fd_sc_hd__buf_6)
     1    0.034633    0.058356    0.102817    2.252260 ^ output96/X (sky130_fd_sc_hd__buf_6)
                                                         S[8] (net)
                      0.058370    0.000898    2.253158 ^ S[8] (out)
                                              2.253158   data arrival time

                      0.000000    4.000000    4.000000   clock __VIRTUAL_CLK__ (rise edge)
                                  0.000000    4.000000   clock network delay (ideal)
                                 -0.250000    3.750000   clock uncertainty
                                  0.000000    3.750000   clock reconvergence pessimism
                                 -0.800000    2.950000   output external delay
                                              2.950000   data required time
---------------------------------------------------------------------------------------------
                                              2.950000   data required time
                                             -2.253158   data arrival time
---------------------------------------------------------------------------------------------
                                              0.696842   slack (MET)


Startpoint: sub (input port clocked by __VIRTUAL_CLK__)
Endpoint: S[9] (output port clocked by __VIRTUAL_CLK__)
Path Group: __VIRTUAL_CLK__
Path Type: max

Fanout         Cap        Slew       Delay        Time   Description
---------------------------------------------------------------------------------------------
                      0.000000    0.000000    0.000000   clock __VIRTUAL_CLK__ (rise edge)
                                  0.000000    0.000000   clock network delay (ideal)
                                  0.800000    0.800000 ^ input external delay
     1    0.008570    0.033691    0.022728    0.822728 ^ sub (in)
                                                         sub (net)
                      0.033692    0.000000    0.822728 ^ input65/A (sky130_fd_sc_hd__buf_8)
     5    0.042210    0.058589    0.089503    0.912232 ^ input65/X (sky130_fd_sc_hd__buf_8)
                                                         net65 (net)
                      0.058715    0.002305    0.914537 ^ fanout106/A (sky130_fd_sc_hd__buf_4)
     7    0.036717    0.081244    0.122211    1.036747 ^ fanout106/X (sky130_fd_sc_hd__buf_4)
                                                         net106 (net)
                      0.081298    0.001211    1.037959 ^ fanout104/A (sky130_fd_sc_hd__clkbuf_2)
     4    0.024194    0.104573    0.137520    1.175479 ^ fanout104/X (sky130_fd_sc_hd__clkbuf_2)
                                                         net104 (net)
                      0.104616    0.000798    1.176277 ^ load_slew105/A (sky130_fd_sc_hd__buf_6)
     7    0.048779    0.078193    0.118216    1.294493 ^ load_slew105/X (sky130_fd_sc_hd__buf_6)
                                                         net105 (net)
                      0.078292    0.002370    1.296863 ^ _726_/B (sky130_fd_sc_hd__nand2b_4)
     1    0.005221    0.026022    0.031144    1.328007 v _726_/Y (sky130_fd_sc_hd__nand2b_4)
                                                         _073_ (net)
                      0.026022    0.000171    1.328178 v _729_/B (sky130_fd_sc_hd__nand3b_2)
     5    0.029648    0.148867    0.127385    1.455563 ^ _729_/Y (sky130_fd_sc_hd__nand3b_2)
                                                         _076_ (net)
                      0.148878    0.001076    1.456639 ^ _360_/D1 (sky130_fd_sc_hd__o2111ai_4)
     2    0.020026    0.098386    0.087171    1.543809 v _360_/Y (sky130_fd_sc_hd__o2111ai_4)
                                                         _089_ (net)
                      0.098387    0.000565    1.544374 v rebuffer261/A (sky130_fd_sc_hd__buf_6)
     2    0.006171    0.017389    0.105479    1.649854 v rebuffer261/X (sky130_fd_sc_hd__buf_6)
                                                         net261 (net)
                      0.017389    0.000190    1.650044 v _378_/B (sky130_fd_sc_hd__or2_4)
     1    0.008156    0.036682    0.145592    1.795636 v _378_/X (sky130_fd_sc_hd__or2_4)
                                                         _107_ (net)
                      0.036682    0.000248    1.795884 v _632_/B2 (sky130_fd_sc_hd__o2bb2ai_4)
     2    0.020973    0.132978    0.131281    1.927166 ^ _632_/Y (sky130_fd_sc_hd__o2bb2ai_4)
                                                         _337_ (net)
                      0.132995    0.001194    1.928360 ^ rebuffer260/A (sky130_fd_sc_hd__buf_6)
     2    0.008720    0.025054    0.078207    2.006567 ^ rebuffer260/X (sky130_fd_sc_hd__buf_6)
                                                         net260 (net)
                      0.025058    0.000279    2.006846 ^ _634_/B1 (sky130_fd_sc_hd__a22o_4)
     1    0.009350    0.030808    0.068084    2.074930 ^ _634_/X (sky130_fd_sc_hd__a22o_4)
                                                         _338_ (net)
                      0.030811    0.000319    2.075249 ^ _635_/B (sky130_fd_sc_hd__xnor2_2)
     1    0.005609    0.098050    0.070274    2.145523 ^ _635_/Y (sky130_fd_sc_hd__xnor2_2)
                                                         net97 (net)
                      0.098050    0.000185    2.145708 ^ output97/A (sky130_fd_sc_hd__buf_6)
     1    0.034576    0.058279    0.102802    2.248510 ^ output97/X (sky130_fd_sc_hd__buf_6)
                                                         S[9] (net)
                      0.058292    0.000883    2.249393 ^ S[9] (out)
                                              2.249393   data arrival time

                      0.000000    4.000000    4.000000   clock __VIRTUAL_CLK__ (rise edge)
                                  0.000000    4.000000   clock network delay (ideal)
                                 -0.250000    3.750000   clock uncertainty
                                  0.000000    3.750000   clock reconvergence pessimism
                                 -0.800000    2.950000   output external delay
                                              2.950000   data required time
---------------------------------------------------------------------------------------------
                                              2.950000   data required time
                                             -2.249393   data arrival time
---------------------------------------------------------------------------------------------
                                              0.700607   slack (MET)


Startpoint: sub (input port clocked by __VIRTUAL_CLK__)
Endpoint: S[10] (output port clocked by __VIRTUAL_CLK__)
Path Group: __VIRTUAL_CLK__
Path Type: max

Fanout         Cap        Slew       Delay        Time   Description
---------------------------------------------------------------------------------------------
                      0.000000    0.000000    0.000000   clock __VIRTUAL_CLK__ (rise edge)
                                  0.000000    0.000000   clock network delay (ideal)
                                  0.800000    0.800000 ^ input external delay
     1    0.008570    0.033691    0.022728    0.822728 ^ sub (in)
                                                         sub (net)
                      0.033692    0.000000    0.822728 ^ input65/A (sky130_fd_sc_hd__buf_8)
     5    0.042210    0.058589    0.089503    0.912232 ^ input65/X (sky130_fd_sc_hd__buf_8)
                                                         net65 (net)
                      0.058715    0.002305    0.914537 ^ fanout106/A (sky130_fd_sc_hd__buf_4)
     7    0.036717    0.081244    0.122211    1.036747 ^ fanout106/X (sky130_fd_sc_hd__buf_4)
                                                         net106 (net)
                      0.081298    0.001211    1.037959 ^ fanout104/A (sky130_fd_sc_hd__clkbuf_2)
     4    0.024194    0.104573    0.137520    1.175479 ^ fanout104/X (sky130_fd_sc_hd__clkbuf_2)
                                                         net104 (net)
                      0.104616    0.000798    1.176277 ^ load_slew105/A (sky130_fd_sc_hd__buf_6)
     7    0.048779    0.078193    0.118216    1.294493 ^ load_slew105/X (sky130_fd_sc_hd__buf_6)
                                                         net105 (net)
                      0.078292    0.002370    1.296863 ^ _726_/B (sky130_fd_sc_hd__nand2b_4)
     1    0.005221    0.026022    0.031144    1.328007 v _726_/Y (sky130_fd_sc_hd__nand2b_4)
                                                         _073_ (net)
                      0.026022    0.000171    1.328178 v _729_/B (sky130_fd_sc_hd__nand3b_2)
     5    0.029648    0.148867    0.127385    1.455563 ^ _729_/Y (sky130_fd_sc_hd__nand3b_2)
                                                         _076_ (net)
                      0.148878    0.001076    1.456639 ^ _360_/D1 (sky130_fd_sc_hd__o2111ai_4)
     2    0.020026    0.098386    0.087171    1.543809 v _360_/Y (sky130_fd_sc_hd__o2111ai_4)
                                                         _089_ (net)
                      0.098387    0.000565    1.544374 v rebuffer261/A (sky130_fd_sc_hd__buf_6)
     2    0.006171    0.017389    0.105479    1.649854 v rebuffer261/X (sky130_fd_sc_hd__buf_6)
                                                         net261 (net)
                      0.017389    0.000190    1.650044 v _378_/B (sky130_fd_sc_hd__or2_4)
     1    0.008156    0.036682    0.145592    1.795636 v _378_/X (sky130_fd_sc_hd__or2_4)
                                                         _107_ (net)
                      0.036682    0.000248    1.795884 v _632_/B2 (sky130_fd_sc_hd__o2bb2ai_4)
     2    0.020973    0.132978    0.131281    1.927166 ^ _632_/Y (sky130_fd_sc_hd__o2bb2ai_4)
                                                         _337_ (net)
                      0.133013    0.001363    1.928529 ^ _636_/A2 (sky130_fd_sc_hd__a21oi_4)
     2    0.016905    0.050430    0.057499    1.986028 v _636_/Y (sky130_fd_sc_hd__a21oi_4)
                                                         _339_ (net)
                      0.050435    0.000398    1.986426 v _637_/B (sky130_fd_sc_hd__xor2_2)
     1    0.006804    0.100013    0.110165    2.096591 ^ _637_/X (sky130_fd_sc_hd__xor2_2)
                                                         net67 (net)
                      0.100013    0.000256    2.096848 ^ output67/A (sky130_fd_sc_hd__buf_6)
     1    0.035102    0.059032    0.103651    2.200499 ^ output67/X (sky130_fd_sc_hd__buf_6)
                                                         S[10] (net)
                      0.059045    0.000922    2.201421 ^ S[10] (out)
                                              2.201421   data arrival time

                      0.000000    4.000000    4.000000   clock __VIRTUAL_CLK__ (rise edge)
                                  0.000000    4.000000   clock network delay (ideal)
                                 -0.250000    3.750000   clock uncertainty
                                  0.000000    3.750000   clock reconvergence pessimism
                                 -0.800000    2.950000   output external delay
                                              2.950000   data required time
---------------------------------------------------------------------------------------------
                                              2.950000   data required time
                                             -2.201421   data arrival time
---------------------------------------------------------------------------------------------
                                              0.748579   slack (MET)


Startpoint: sub (input port clocked by __VIRTUAL_CLK__)
Endpoint: S[6] (output port clocked by __VIRTUAL_CLK__)
Path Group: __VIRTUAL_CLK__
Path Type: max

Fanout         Cap        Slew       Delay        Time   Description
---------------------------------------------------------------------------------------------
                      0.000000    0.000000    0.000000   clock __VIRTUAL_CLK__ (rise edge)
                                  0.000000    0.000000   clock network delay (ideal)
                                  0.800000    0.800000 v input external delay
     1    0.007903    0.012935    0.007916    0.807916 v sub (in)
                                                         sub (net)
                      0.012938    0.000000    0.807916 v input65/A (sky130_fd_sc_hd__buf_8)
     5    0.040618    0.033462    0.088429    0.896345 v input65/X (sky130_fd_sc_hd__buf_8)
                                                         net65 (net)
                      0.033685    0.002204    0.898550 v fanout106/A (sky130_fd_sc_hd__buf_4)
     7    0.034652    0.043139    0.117850    1.016399 v fanout106/X (sky130_fd_sc_hd__buf_4)
                                                         net106 (net)
                      0.043168    0.001076    1.017475 v fanout100/A (sky130_fd_sc_hd__buf_4)
     5    0.026120    0.036757    0.115388    1.132863 v fanout100/X (sky130_fd_sc_hd__buf_4)
                                                         net100 (net)
                      0.036778    0.000837    1.133699 v load_slew101/A (sky130_fd_sc_hd__buf_6)
     6    0.037698    0.034113    0.099124    1.232823 v load_slew101/X (sky130_fd_sc_hd__buf_6)
                                                         net101 (net)
                      0.034124    0.000667    1.233490 v _387_/A (sky130_fd_sc_hd__and2_4)
     1    0.006062    0.026218    0.093432    1.326922 v _387_/X (sky130_fd_sc_hd__and2_4)
                                                         _116_ (net)
                      0.026218    0.000231    1.327154 v _391_/A1 (sky130_fd_sc_hd__o21bai_2)
     1    0.005309    0.083227    0.098139    1.425293 ^ _391_/Y (sky130_fd_sc_hd__o21bai_2)
                                                         _120_ (net)
                      0.083227    0.000174    1.425466 ^ _392_/C1 (sky130_fd_sc_hd__o211ai_2)
     1    0.009617    0.091520    0.054187    1.479653 v _392_/Y (sky130_fd_sc_hd__o211ai_2)
                                                         _121_ (net)
                      0.091521    0.000340    1.479993 v _393_/A (sky130_fd_sc_hd__nor2_4)
     3    0.021826    0.115114    0.144967    1.624960 ^ _393_/Y (sky130_fd_sc_hd__nor2_4)
                                                         _122_ (net)
                      0.115130    0.001138    1.626098 ^ rebuffer280/A (sky130_fd_sc_hd__buf_6)
     1    0.010120    0.026260    0.078315    1.704413 ^ rebuffer280/X (sky130_fd_sc_hd__buf_6)
                                                         net280 (net)
                      0.026261    0.000316    1.704729 ^ _624_/A2 (sky130_fd_sc_hd__a21oi_4)
     3    0.017112    0.047325    0.042054    1.746783 v _624_/Y (sky130_fd_sc_hd__a21oi_4)
                                                         _333_ (net)
                      0.047327    0.000666    1.747449 v _626_/B2 (sky130_fd_sc_hd__o22a_2)
     3    0.019115    0.052315    0.149637    1.897086 v _626_/X (sky130_fd_sc_hd__o22a_2)
                                                         _334_ (net)
                      0.052320    0.000545    1.897632 v _628_/B1 (sky130_fd_sc_hd__a22oi_2)
     1    0.009019    0.101184    0.086284    1.983916 ^ _628_/Y (sky130_fd_sc_hd__a22oi_2)
                                                         _335_ (net)
                      0.101185    0.000300    1.984215 ^ _629_/B (sky130_fd_sc_hd__xnor2_2)
     1    0.005172    0.094516    0.079010    2.063225 ^ _629_/Y (sky130_fd_sc_hd__xnor2_2)
                                                         net94 (net)
                      0.094516    0.000157    2.063382 ^ output94/A (sky130_fd_sc_hd__buf_6)
     1    0.035163    0.059050    0.102750    2.166132 ^ output94/X (sky130_fd_sc_hd__buf_6)
                                                         S[6] (net)
                      0.059069    0.001068    2.167201 ^ S[6] (out)
                                              2.167201   data arrival time

                      0.000000    4.000000    4.000000   clock __VIRTUAL_CLK__ (rise edge)
                                  0.000000    4.000000   clock network delay (ideal)
                                 -0.250000    3.750000   clock uncertainty
                                  0.000000    3.750000   clock reconvergence pessimism
                                 -0.800000    2.950000   output external delay
                                              2.950000   data required time
---------------------------------------------------------------------------------------------
                                              2.950000   data required time
                                             -2.167201   data arrival time
---------------------------------------------------------------------------------------------
                                              0.782799   slack (MET)


Startpoint: sub (input port clocked by __VIRTUAL_CLK__)
Endpoint: S[5] (output port clocked by __VIRTUAL_CLK__)
Path Group: __VIRTUAL_CLK__
Path Type: max

Fanout         Cap        Slew       Delay        Time   Description
---------------------------------------------------------------------------------------------
                      0.000000    0.000000    0.000000   clock __VIRTUAL_CLK__ (rise edge)
                                  0.000000    0.000000   clock network delay (ideal)
                                  0.800000    0.800000 v input external delay
     1    0.007903    0.012935    0.007916    0.807916 v sub (in)
                                                         sub (net)
                      0.012938    0.000000    0.807916 v input65/A (sky130_fd_sc_hd__buf_8)
     5    0.040618    0.033462    0.088429    0.896345 v input65/X (sky130_fd_sc_hd__buf_8)
                                                         net65 (net)
                      0.033685    0.002204    0.898550 v fanout106/A (sky130_fd_sc_hd__buf_4)
     7    0.034652    0.043139    0.117850    1.016399 v fanout106/X (sky130_fd_sc_hd__buf_4)
                                                         net106 (net)
                      0.043168    0.001076    1.017475 v fanout100/A (sky130_fd_sc_hd__buf_4)
     5    0.026120    0.036757    0.115388    1.132863 v fanout100/X (sky130_fd_sc_hd__buf_4)
                                                         net100 (net)
                      0.036778    0.000837    1.133699 v load_slew101/A (sky130_fd_sc_hd__buf_6)
     6    0.037698    0.034113    0.099124    1.232823 v load_slew101/X (sky130_fd_sc_hd__buf_6)
                                                         net101 (net)
                      0.034124    0.000667    1.233490 v _387_/A (sky130_fd_sc_hd__and2_4)
     1    0.006062    0.026218    0.093432    1.326922 v _387_/X (sky130_fd_sc_hd__and2_4)
                                                         _116_ (net)
                      0.026218    0.000231    1.327154 v _391_/A1 (sky130_fd_sc_hd__o21bai_2)
     1    0.005309    0.083227    0.098139    1.425293 ^ _391_/Y (sky130_fd_sc_hd__o21bai_2)
                                                         _120_ (net)
                      0.083227    0.000174    1.425466 ^ _392_/C1 (sky130_fd_sc_hd__o211ai_2)
     1    0.009617    0.091520    0.054187    1.479653 v _392_/Y (sky130_fd_sc_hd__o211ai_2)
                                                         _121_ (net)
                      0.091521    0.000340    1.479993 v _393_/A (sky130_fd_sc_hd__nor2_4)
     3    0.021826    0.115114    0.144967    1.624960 ^ _393_/Y (sky130_fd_sc_hd__nor2_4)
                                                         _122_ (net)
                      0.115130    0.001138    1.626098 ^ rebuffer280/A (sky130_fd_sc_hd__buf_6)
     1    0.010120    0.026260    0.078315    1.704413 ^ rebuffer280/X (sky130_fd_sc_hd__buf_6)
                                                         net280 (net)
                      0.026261    0.000316    1.704729 ^ _624_/A2 (sky130_fd_sc_hd__a21oi_4)
     3    0.017112    0.047325    0.042054    1.746783 v _624_/Y (sky130_fd_sc_hd__a21oi_4)
                                                         _333_ (net)
                      0.047327    0.000666    1.747449 v _626_/B2 (sky130_fd_sc_hd__o22a_2)
     3    0.019115    0.052315    0.149637    1.897086 v _626_/X (sky130_fd_sc_hd__o22a_2)
                                                         _334_ (net)
                      0.052318    0.000443    1.897529 v _627_/B (sky130_fd_sc_hd__xnor2_2)
     1    0.003548    0.081498    0.090908    1.988438 ^ _627_/Y (sky130_fd_sc_hd__xnor2_2)
                                                         net93 (net)
                      0.081498    0.000121    1.988559 ^ output93/A (sky130_fd_sc_hd__clkbuf_4)
     1    0.036331    0.088629    0.150032    2.138590 ^ output93/X (sky130_fd_sc_hd__clkbuf_4)
                                                         S[5] (net)
                      0.088646    0.001277    2.139867 ^ S[5] (out)
                                              2.139867   data arrival time

                      0.000000    4.000000    4.000000   clock __VIRTUAL_CLK__ (rise edge)
                                  0.000000    4.000000   clock network delay (ideal)
                                 -0.250000    3.750000   clock uncertainty
                                  0.000000    3.750000   clock reconvergence pessimism
                                 -0.800000    2.950000   output external delay
                                              2.950000   data required time
---------------------------------------------------------------------------------------------
                                              2.950000   data required time
                                             -2.139867   data arrival time
---------------------------------------------------------------------------------------------
                                              0.810133   slack (MET)


Startpoint: sub (input port clocked by __VIRTUAL_CLK__)
Endpoint: S[3] (output port clocked by __VIRTUAL_CLK__)
Path Group: __VIRTUAL_CLK__
Path Type: max

Fanout         Cap        Slew       Delay        Time   Description
---------------------------------------------------------------------------------------------
                      0.000000    0.000000    0.000000   clock __VIRTUAL_CLK__ (rise edge)
                                  0.000000    0.000000   clock network delay (ideal)
                                  0.800000    0.800000 v input external delay
     1    0.007903    0.012935    0.007916    0.807916 v sub (in)
                                                         sub (net)
                      0.012938    0.000000    0.807916 v input65/A (sky130_fd_sc_hd__buf_8)
     5    0.040618    0.033462    0.088429    0.896345 v input65/X (sky130_fd_sc_hd__buf_8)
                                                         net65 (net)
                      0.033685    0.002204    0.898550 v fanout106/A (sky130_fd_sc_hd__buf_4)
     7    0.034652    0.043139    0.117850    1.016399 v fanout106/X (sky130_fd_sc_hd__buf_4)
                                                         net106 (net)
                      0.043168    0.001076    1.017475 v fanout100/A (sky130_fd_sc_hd__buf_4)
     5    0.026120    0.036757    0.115388    1.132863 v fanout100/X (sky130_fd_sc_hd__buf_4)
                                                         net100 (net)
                      0.036778    0.000837    1.133699 v load_slew101/A (sky130_fd_sc_hd__buf_6)
     6    0.037698    0.034113    0.099124    1.232823 v load_slew101/X (sky130_fd_sc_hd__buf_6)
                                                         net101 (net)
                      0.034124    0.000667    1.233490 v _387_/A (sky130_fd_sc_hd__and2_4)
     1    0.006062    0.026218    0.093432    1.326922 v _387_/X (sky130_fd_sc_hd__and2_4)
                                                         _116_ (net)
                      0.026218    0.000231    1.327154 v _391_/A1 (sky130_fd_sc_hd__o21bai_2)
     1    0.005309    0.083227    0.098139    1.425293 ^ _391_/Y (sky130_fd_sc_hd__o21bai_2)
                                                         _120_ (net)
                      0.083227    0.000174    1.425466 ^ _392_/C1 (sky130_fd_sc_hd__o211ai_2)
     1    0.009617    0.091520    0.054187    1.479653 v _392_/Y (sky130_fd_sc_hd__o211ai_2)
                                                         _121_ (net)
                      0.091521    0.000340    1.479993 v _393_/A (sky130_fd_sc_hd__nor2_4)
     3    0.021826    0.115114    0.144967    1.624960 ^ _393_/Y (sky130_fd_sc_hd__nor2_4)
                                                         _122_ (net)
                      0.115118    0.000554    1.625514 ^ rebuffer297/A (sky130_fd_sc_hd__buf_2)
     1    0.005900    0.030662    0.092176    1.717690 ^ rebuffer297/X (sky130_fd_sc_hd__buf_2)
                                                         net297 (net)
                      0.030663    0.000198    1.717888 ^ rebuffer128/A (sky130_fd_sc_hd__buf_6)
     2    0.008101    0.021922    0.060127    1.778015 ^ rebuffer128/X (sky130_fd_sc_hd__buf_6)
                                                         net128 (net)
                      0.021923    0.000251    1.778266 ^ _619_/C1 (sky130_fd_sc_hd__a211o_2)
     2    0.012464    0.052053    0.077776    1.856042 ^ _619_/X (sky130_fd_sc_hd__a211o_2)
                                                         _330_ (net)
                      0.052054    0.000387    1.856429 ^ _621_/A2 (sky130_fd_sc_hd__a21oi_2)
     1    0.001988    0.036021    0.031187    1.887616 v _621_/Y (sky130_fd_sc_hd__a21oi_2)
                                                         _331_ (net)
                      0.036021    0.000061    1.887677 v _623_/A_N (sky130_fd_sc_hd__nand2b_2)
     1    0.007245    0.037318    0.121247    2.008924 v _623_/Y (sky130_fd_sc_hd__nand2b_2)
                                                         net91 (net)
                      0.037322    0.000313    2.009237 v output91/A (sky130_fd_sc_hd__buf_6)
     1    0.035177    0.032601    0.098201    2.107438 v output91/X (sky130_fd_sc_hd__buf_6)
                                                         S[3] (net)
                      0.032640    0.001051    2.108489 v S[3] (out)
                                              2.108489   data arrival time

                      0.000000    4.000000    4.000000   clock __VIRTUAL_CLK__ (rise edge)
                                  0.000000    4.000000   clock network delay (ideal)
                                 -0.250000    3.750000   clock uncertainty
                                  0.000000    3.750000   clock reconvergence pessimism
                                 -0.800000    2.950000   output external delay
                                              2.950000   data required time
---------------------------------------------------------------------------------------------
                                              2.950000   data required time
                                             -2.108489   data arrival time
---------------------------------------------------------------------------------------------
                                              0.841511   slack (MET)


Startpoint: sub (input port clocked by __VIRTUAL_CLK__)
Endpoint: S[2] (output port clocked by __VIRTUAL_CLK__)
Path Group: __VIRTUAL_CLK__
Path Type: max

Fanout         Cap        Slew       Delay        Time   Description
---------------------------------------------------------------------------------------------
                      0.000000    0.000000    0.000000   clock __VIRTUAL_CLK__ (rise edge)
                                  0.000000    0.000000   clock network delay (ideal)
                                  0.800000    0.800000 v input external delay
     1    0.007903    0.012935    0.007916    0.807916 v sub (in)
                                                         sub (net)
                      0.012938    0.000000    0.807916 v input65/A (sky130_fd_sc_hd__buf_8)
     5    0.040618    0.033462    0.088429    0.896345 v input65/X (sky130_fd_sc_hd__buf_8)
                                                         net65 (net)
                      0.033685    0.002204    0.898550 v fanout106/A (sky130_fd_sc_hd__buf_4)
     7    0.034652    0.043139    0.117850    1.016399 v fanout106/X (sky130_fd_sc_hd__buf_4)
                                                         net106 (net)
                      0.043168    0.001076    1.017475 v fanout100/A (sky130_fd_sc_hd__buf_4)
     5    0.026120    0.036757    0.115388    1.132863 v fanout100/X (sky130_fd_sc_hd__buf_4)
                                                         net100 (net)
                      0.036778    0.000837    1.133699 v load_slew101/A (sky130_fd_sc_hd__buf_6)
     6    0.037698    0.034113    0.099124    1.232823 v load_slew101/X (sky130_fd_sc_hd__buf_6)
                                                         net101 (net)
                      0.034124    0.000667    1.233490 v _387_/A (sky130_fd_sc_hd__and2_4)
     1    0.006062    0.026218    0.093432    1.326922 v _387_/X (sky130_fd_sc_hd__and2_4)
                                                         _116_ (net)
                      0.026218    0.000231    1.327154 v _391_/A1 (sky130_fd_sc_hd__o21bai_2)
     1    0.005309    0.083227    0.098139    1.425293 ^ _391_/Y (sky130_fd_sc_hd__o21bai_2)
                                                         _120_ (net)
                      0.083227    0.000174    1.425466 ^ _392_/C1 (sky130_fd_sc_hd__o211ai_2)
     1    0.009617    0.091520    0.054187    1.479653 v _392_/Y (sky130_fd_sc_hd__o211ai_2)
                                                         _121_ (net)
                      0.091521    0.000340    1.479993 v _393_/A (sky130_fd_sc_hd__nor2_4)
     3    0.021826    0.115114    0.144967    1.624960 ^ _393_/Y (sky130_fd_sc_hd__nor2_4)
                                                         _122_ (net)
                      0.115118    0.000554    1.625514 ^ rebuffer297/A (sky130_fd_sc_hd__buf_2)
     1    0.005900    0.030662    0.092176    1.717690 ^ rebuffer297/X (sky130_fd_sc_hd__buf_2)
                                                         net297 (net)
                      0.030663    0.000198    1.717888 ^ rebuffer128/A (sky130_fd_sc_hd__buf_6)
     2    0.008101    0.021922    0.060127    1.778015 ^ rebuffer128/X (sky130_fd_sc_hd__buf_6)
                                                         net128 (net)
                      0.021923    0.000257    1.778272 ^ _618_/C1 (sky130_fd_sc_hd__a211o_2)
     1    0.010379    0.045296    0.072349    1.850621 ^ _618_/X (sky130_fd_sc_hd__a211o_2)
                                                         _329_ (net)
                      0.045297    0.000330    1.850952 ^ _620_/B (sky130_fd_sc_hd__xor2_2)
     1    0.003467    0.073953    0.087952    1.938904 ^ _620_/X (sky130_fd_sc_hd__xor2_2)
                                                         net88 (net)
                      0.073953    0.000118    1.939022 ^ output88/A (sky130_fd_sc_hd__clkbuf_4)
     1    0.037289    0.090893    0.149483    2.088505 ^ output88/X (sky130_fd_sc_hd__clkbuf_4)
                                                         S[2] (net)
                      0.090901    0.000985    2.089490 ^ S[2] (out)
                                              2.089490   data arrival time

                      0.000000    4.000000    4.000000   clock __VIRTUAL_CLK__ (rise edge)
                                  0.000000    4.000000   clock network delay (ideal)
                                 -0.250000    3.750000   clock uncertainty
                                  0.000000    3.750000   clock reconvergence pessimism
                                 -0.800000    2.950000   output external delay
                                              2.950000   data required time
---------------------------------------------------------------------------------------------
                                              2.950000   data required time
                                             -2.089490   data arrival time
---------------------------------------------------------------------------------------------
                                              0.860510   slack (MET)


Startpoint: sub (input port clocked by __VIRTUAL_CLK__)
Endpoint: S[4] (output port clocked by __VIRTUAL_CLK__)
Path Group: __VIRTUAL_CLK__
Path Type: max

Fanout         Cap        Slew       Delay        Time   Description
---------------------------------------------------------------------------------------------
                      0.000000    0.000000    0.000000   clock __VIRTUAL_CLK__ (rise edge)
                                  0.000000    0.000000   clock network delay (ideal)
                                  0.800000    0.800000 v input external delay
     1    0.007903    0.012935    0.007916    0.807916 v sub (in)
                                                         sub (net)
                      0.012938    0.000000    0.807916 v input65/A (sky130_fd_sc_hd__buf_8)
     5    0.040618    0.033462    0.088429    0.896345 v input65/X (sky130_fd_sc_hd__buf_8)
                                                         net65 (net)
                      0.033685    0.002204    0.898550 v fanout106/A (sky130_fd_sc_hd__buf_4)
     7    0.034652    0.043139    0.117850    1.016399 v fanout106/X (sky130_fd_sc_hd__buf_4)
                                                         net106 (net)
                      0.043168    0.001076    1.017475 v fanout100/A (sky130_fd_sc_hd__buf_4)
     5    0.026120    0.036757    0.115388    1.132863 v fanout100/X (sky130_fd_sc_hd__buf_4)
                                                         net100 (net)
                      0.036778    0.000837    1.133699 v load_slew101/A (sky130_fd_sc_hd__buf_6)
     6    0.037698    0.034113    0.099124    1.232823 v load_slew101/X (sky130_fd_sc_hd__buf_6)
                                                         net101 (net)
                      0.034124    0.000667    1.233490 v _387_/A (sky130_fd_sc_hd__and2_4)
     1    0.006062    0.026218    0.093432    1.326922 v _387_/X (sky130_fd_sc_hd__and2_4)
                                                         _116_ (net)
                      0.026218    0.000231    1.327154 v _391_/A1 (sky130_fd_sc_hd__o21bai_2)
     1    0.005309    0.083227    0.098139    1.425293 ^ _391_/Y (sky130_fd_sc_hd__o21bai_2)
                                                         _120_ (net)
                      0.083227    0.000174    1.425466 ^ _392_/C1 (sky130_fd_sc_hd__o211ai_2)
     1    0.009617    0.091520    0.054187    1.479653 v _392_/Y (sky130_fd_sc_hd__o211ai_2)
                                                         _121_ (net)
                      0.091521    0.000340    1.479993 v _393_/A (sky130_fd_sc_hd__nor2_4)
     3    0.021826    0.115114    0.144967    1.624960 ^ _393_/Y (sky130_fd_sc_hd__nor2_4)
                                                         _122_ (net)
                      0.115130    0.001138    1.626098 ^ rebuffer280/A (sky130_fd_sc_hd__buf_6)
     1    0.010120    0.026260    0.078315    1.704413 ^ rebuffer280/X (sky130_fd_sc_hd__buf_6)
                                                         net280 (net)
                      0.026261    0.000316    1.704729 ^ _624_/A2 (sky130_fd_sc_hd__a21oi_4)
     3    0.017112    0.047325    0.042054    1.746783 v _624_/Y (sky130_fd_sc_hd__a21oi_4)
                                                         _333_ (net)
                      0.047327    0.000658    1.747442 v rebuffer168/A (sky130_fd_sc_hd__buf_2)
     1    0.008235    0.025198    0.092844    1.840286 v rebuffer168/X (sky130_fd_sc_hd__buf_2)
                                                         net168 (net)
                      0.025200    0.000254    1.840539 v _625_/B (sky130_fd_sc_hd__xnor2_2)
     1    0.006030    0.101465    0.097755    1.938294 ^ _625_/Y (sky130_fd_sc_hd__xnor2_2)
                                                         net92 (net)
                      0.101465    0.000212    1.938506 ^ output92/A (sky130_fd_sc_hd__buf_6)
     1    0.034840    0.058680    0.103589    2.042095 ^ output92/X (sky130_fd_sc_hd__buf_6)
                                                         S[4] (net)
                      0.058695    0.000950    2.043045 ^ S[4] (out)
                                              2.043045   data arrival time

                      0.000000    4.000000    4.000000   clock __VIRTUAL_CLK__ (rise edge)
                                  0.000000    4.000000   clock network delay (ideal)
                                 -0.250000    3.750000   clock uncertainty
                                  0.000000    3.750000   clock reconvergence pessimism
                                 -0.800000    2.950000   output external delay
                                              2.950000   data required time
---------------------------------------------------------------------------------------------
                                              2.950000   data required time
                                             -2.043045   data arrival time
---------------------------------------------------------------------------------------------
                                              0.906955   slack (MET)


Startpoint: sub (input port clocked by __VIRTUAL_CLK__)
Endpoint: S[1] (output port clocked by __VIRTUAL_CLK__)
Path Group: __VIRTUAL_CLK__
Path Type: max

Fanout         Cap        Slew       Delay        Time   Description
---------------------------------------------------------------------------------------------
                      0.000000    0.000000    0.000000   clock __VIRTUAL_CLK__ (rise edge)
                                  0.000000    0.000000   clock network delay (ideal)
                                  0.800000    0.800000 v input external delay
     1    0.007903    0.012935    0.007916    0.807916 v sub (in)
                                                         sub (net)
                      0.012938    0.000000    0.807916 v input65/A (sky130_fd_sc_hd__buf_8)
     5    0.040618    0.033462    0.088429    0.896345 v input65/X (sky130_fd_sc_hd__buf_8)
                                                         net65 (net)
                      0.033804    0.002755    0.899100 v fanout118/A (sky130_fd_sc_hd__buf_8)
     4    0.021852    0.023766    0.087416    0.986516 v fanout118/X (sky130_fd_sc_hd__buf_8)
                                                         net118 (net)
                      0.023773    0.000208    0.986723 v fanout112/A (sky130_fd_sc_hd__buf_6)
     2    0.010528    0.019260    0.075680    1.062404 v fanout112/X (sky130_fd_sc_hd__buf_6)
                                                         net112 (net)
                      0.019266    0.000334    1.062738 v load_slew114/A (sky130_fd_sc_hd__buf_8)
     3    0.027591    0.026460    0.084463    1.147201 v load_slew114/X (sky130_fd_sc_hd__buf_8)
                                                         net114 (net)
                      0.026504    0.000985    1.148186 v _652_/A (sky130_fd_sc_hd__inv_8)
     8    0.059216    0.071036    0.070990    1.219177 ^ _652_/Y (sky130_fd_sc_hd__inv_8)
                                                         _348_ (net)
                      0.071095    0.001746    1.220922 ^ _380_/A (sky130_fd_sc_hd__nand2_2)
     1    0.008873    0.045470    0.041015    1.261938 v _380_/Y (sky130_fd_sc_hd__nand2_2)
                                                         _109_ (net)
                      0.045472    0.000287    1.262225 v _385_/C (sky130_fd_sc_hd__nand3b_4)
     4    0.027215    0.085437    0.092657    1.354882 ^ _385_/Y (sky130_fd_sc_hd__nand3b_4)
                                                         _114_ (net)
                      0.085439    0.000752    1.355634 ^ _386_/B1 (sky130_fd_sc_hd__o21ai_4)
     2    0.017994    0.056258    0.042478    1.398112 v _386_/Y (sky130_fd_sc_hd__o21ai_4)
                                                         _115_ (net)
                      0.056259    0.000536    1.398649 v _617_/A (sky130_fd_sc_hd__xnor2_2)
     1    0.005183    0.094666    0.122925    1.521573 ^ _617_/Y (sky130_fd_sc_hd__xnor2_2)
                                                         net77 (net)
                      0.094666    0.000158    1.521731 ^ output77/A (sky130_fd_sc_hd__buf_6)
     1    0.035354    0.059340    0.103173    1.624904 ^ output77/X (sky130_fd_sc_hd__buf_6)
                                                         S[1] (net)
                      0.059348    0.000746    1.625650 ^ S[1] (out)
                                              1.625650   data arrival time

                      0.000000    4.000000    4.000000   clock __VIRTUAL_CLK__ (rise edge)
                                  0.000000    4.000000   clock network delay (ideal)
                                 -0.250000    3.750000   clock uncertainty
                                  0.000000    3.750000   clock reconvergence pessimism
                                 -0.800000    2.950000   output external delay
                                              2.950000   data required time
---------------------------------------------------------------------------------------------
                                              2.950000   data required time
                                             -1.625650   data arrival time
---------------------------------------------------------------------------------------------
                                              1.324350   slack (MET)


Startpoint: B[0] (input port clocked by __VIRTUAL_CLK__)
Endpoint: S[0] (output port clocked by __VIRTUAL_CLK__)
Path Group: __VIRTUAL_CLK__
Path Type: max

Fanout         Cap        Slew       Delay        Time   Description
---------------------------------------------------------------------------------------------
                      0.000000    0.000000    0.000000   clock __VIRTUAL_CLK__ (rise edge)
                                  0.000000    0.000000   clock network delay (ideal)
                                  0.800000    0.800000 ^ input external delay
     1    0.005124    0.022115    0.013939    0.813939 ^ B[0] (in)
                                                         B[0] (net)
                      0.022116    0.000000    0.813939 ^ input33/A (sky130_fd_sc_hd__dlymetal6s2s_1)
     7    0.054441    0.408115    0.333777    1.147716 ^ input33/X (sky130_fd_sc_hd__dlymetal6s2s_1)
                                                         net33 (net)
                      0.408119    0.001050    1.148766 ^ _615_/B (sky130_fd_sc_hd__xor2_2)
     1    0.003372    0.077009    0.069719    1.218484 ^ _615_/X (sky130_fd_sc_hd__xor2_2)
                                                         net66 (net)
                      0.077009    0.000110    1.218594 ^ output66/A (sky130_fd_sc_hd__clkdlybuf4s25_1)
     1    0.035342    0.267095    0.351452    1.570046 ^ output66/X (sky130_fd_sc_hd__clkdlybuf4s25_1)
                                                         S[0] (net)
                      0.267095    0.000930    1.570976 ^ S[0] (out)
                                              1.570976   data arrival time

                      0.000000    4.000000    4.000000   clock __VIRTUAL_CLK__ (rise edge)
                                  0.000000    4.000000   clock network delay (ideal)
                                 -0.250000    3.750000   clock uncertainty
                                  0.000000    3.750000   clock reconvergence pessimism
                                 -0.800000    2.950000   output external delay
                                              2.950000   data required time
---------------------------------------------------------------------------------------------
                                              2.950000   data required time
                                             -1.570976   data arrival time
---------------------------------------------------------------------------------------------
                                              1.379023   slack (MET)



