
===========================================================================
report_checks -path_delay max (Setup)
============================================================================
======================= max_ff_n40C_1v95 Corner ===================================

Startpoint: sub (input port clocked by __VIRTUAL_CLK__)
Endpoint: S[25] (output port clocked by __VIRTUAL_CLK__)
Path Group: __VIRTUAL_CLK__
Path Type: max

Fanout         Cap        Slew       Delay        Time   Description
---------------------------------------------------------------------------------------------
                      0.000000    0.000000    0.000000   clock __VIRTUAL_CLK__ (rise edge)
                                  0.000000    0.000000   clock network delay (ideal)
                                  0.800000    0.800000 v input external delay
     1    0.008056    0.013212    0.008181    0.808181 v sub (in)
                                                         sub (net)
                      0.013230    0.000000    0.808181 v input65/A (sky130_fd_sc_hd__buf_8)
     4    0.033554    0.029683    0.084915    0.893096 v input65/X (sky130_fd_sc_hd__buf_8)
                                                         net65 (net)
                      0.029858    0.001788    0.894884 v fanout118/A (sky130_fd_sc_hd__buf_8)
     5    0.036011    0.031229    0.092442    0.987326 v fanout118/X (sky130_fd_sc_hd__buf_8)
                                                         net118 (net)
                      0.031557    0.002584    0.989911 v fanout113/A (sky130_fd_sc_hd__buf_6)
     3    0.016663    0.022871    0.083978    1.073889 v fanout113/X (sky130_fd_sc_hd__buf_6)
                                                         net113 (net)
                      0.022875    0.000352    1.074241 v fanout112/A (sky130_fd_sc_hd__buf_8)
     6    0.037477    0.031759    0.090804    1.165045 v fanout112/X (sky130_fd_sc_hd__buf_8)
                                                         net112 (net)
                      0.031803    0.000612    1.165657 v fanout109/A (sky130_fd_sc_hd__buf_8)
     5    0.032290    0.029189    0.091536    1.257193 v fanout109/X (sky130_fd_sc_hd__buf_8)
                                                         net109 (net)
                      0.029451    0.002184    1.259377 v _591_/A (sky130_fd_sc_hd__and2_4)
     3    0.013843    0.031077    0.100819    1.360196 v _591_/X (sky130_fd_sc_hd__and2_4)
                                                         _010_ (net)
                      0.031085    0.000505    1.360701 v _607_/A2 (sky130_fd_sc_hd__o2111a_2)
     1    0.010481    0.043628    0.176653    1.537354 v _607_/X (sky130_fd_sc_hd__o2111a_2)
                                                         _026_ (net)
                      0.043644    0.000835    1.538188 v _619_/A2 (sky130_fd_sc_hd__a21oi_4)
     2    0.022582    0.149364    0.165651    1.703839 ^ _619_/Y (sky130_fd_sc_hd__a21oi_4)
                                                         _038_ (net)
                      0.149416    0.002223    1.706062 ^ _350_/C (sky130_fd_sc_hd__nand3_4)
     2    0.017844    0.061136    0.068875    1.774938 v _350_/Y (sky130_fd_sc_hd__nand3_4)
                                                         _115_ (net)
                      0.061140    0.000970    1.775908 v _351_/B2 (sky130_fd_sc_hd__a22oi_4)
     3    0.024067    0.133104    0.129142    1.905050 ^ _351_/Y (sky130_fd_sc_hd__a22oi_4)
                                                         _116_ (net)
                      0.133216    0.003088    1.908137 ^ _386_/B1 (sky130_fd_sc_hd__o22ai_4)
     4    0.033426    0.071853    0.078069    1.986206 v _386_/Y (sky130_fd_sc_hd__o22ai_4)
                                                         _151_ (net)
                      0.072129    0.003745    1.989951 v _477_/A2 (sky130_fd_sc_hd__a21boi_4)
     4    0.019542    0.137259    0.169190    2.159141 ^ _477_/Y (sky130_fd_sc_hd__a21boi_4)
                                                         _234_ (net)
                      0.137268    0.001168    2.160309 ^ max_cap99/A (sky130_fd_sc_hd__buf_6)
     2    0.027994    0.049772    0.100084    2.260393 ^ max_cap99/X (sky130_fd_sc_hd__buf_6)
                                                         net99 (net)
                      0.049852    0.001359    2.261751 ^ _484_/A2 (sky130_fd_sc_hd__o21ai_4)
     1    0.016070    0.050109    0.044335    2.306087 v _484_/Y (sky130_fd_sc_hd__o21ai_4)
                                                         _240_ (net)
                      0.050118    0.001315    2.307402 v _485_/B (sky130_fd_sc_hd__xnor2_4)
     1    0.008249    0.099966    0.109234    2.416636 ^ _485_/Y (sky130_fd_sc_hd__xnor2_4)
                                                         net83 (net)
                      0.099968    0.000717    2.417353 ^ output83/A (sky130_fd_sc_hd__buf_6)
     1    0.035414    0.059652    0.103313    2.520666 ^ output83/X (sky130_fd_sc_hd__buf_6)
                                                         S[25] (net)
                      0.059779    0.002015    2.522680 ^ S[25] (out)
                                              2.522680   data arrival time

                      0.000000    4.000000    4.000000   clock __VIRTUAL_CLK__ (rise edge)
                                  0.000000    4.000000   clock network delay (ideal)
                                 -0.250000    3.750000   clock uncertainty
                                  0.000000    3.750000   clock reconvergence pessimism
                                 -0.800000    2.950000   output external delay
                                              2.950000   data required time
---------------------------------------------------------------------------------------------
                                              2.950000   data required time
                                             -2.522680   data arrival time
---------------------------------------------------------------------------------------------
                                              0.427320   slack (MET)


Startpoint: sub (input port clocked by __VIRTUAL_CLK__)
Endpoint: carryOut (output port clocked by __VIRTUAL_CLK__)
Path Group: __VIRTUAL_CLK__
Path Type: max

Fanout         Cap        Slew       Delay        Time   Description
---------------------------------------------------------------------------------------------
                      0.000000    0.000000    0.000000   clock __VIRTUAL_CLK__ (rise edge)
                                  0.000000    0.000000   clock network delay (ideal)
                                  0.800000    0.800000 v input external delay
     1    0.008056    0.013212    0.008181    0.808181 v sub (in)
                                                         sub (net)
                      0.013230    0.000000    0.808181 v input65/A (sky130_fd_sc_hd__buf_8)
     4    0.033554    0.029683    0.084915    0.893096 v input65/X (sky130_fd_sc_hd__buf_8)
                                                         net65 (net)
                      0.029858    0.001788    0.894884 v fanout118/A (sky130_fd_sc_hd__buf_8)
     5    0.036011    0.031229    0.092442    0.987326 v fanout118/X (sky130_fd_sc_hd__buf_8)
                                                         net118 (net)
                      0.031557    0.002584    0.989911 v fanout113/A (sky130_fd_sc_hd__buf_6)
     3    0.016663    0.022871    0.083978    1.073889 v fanout113/X (sky130_fd_sc_hd__buf_6)
                                                         net113 (net)
                      0.022875    0.000352    1.074241 v fanout112/A (sky130_fd_sc_hd__buf_8)
     6    0.037477    0.031759    0.090804    1.165045 v fanout112/X (sky130_fd_sc_hd__buf_8)
                                                         net112 (net)
                      0.031803    0.000612    1.165657 v fanout109/A (sky130_fd_sc_hd__buf_8)
     5    0.032290    0.029189    0.091536    1.257193 v fanout109/X (sky130_fd_sc_hd__buf_8)
                                                         net109 (net)
                      0.029411    0.001991    1.259184 v _601_/A1 (sky130_fd_sc_hd__o21ai_4)
     1    0.010073    0.104193    0.115357    1.374541 ^ _601_/Y (sky130_fd_sc_hd__o21ai_4)
                                                         _020_ (net)
                      0.104195    0.000822    1.375363 ^ _602_/B1 (sky130_fd_sc_hd__a21oi_4)
     3    0.020162    0.082172    0.035984    1.411348 v _602_/Y (sky130_fd_sc_hd__a21oi_4)
                                                         _021_ (net)
                      0.082178    0.000551    1.411898 v _606_/B1 (sky130_fd_sc_hd__a21oi_4)
     2    0.012956    0.106342    0.090202    1.502100 ^ _606_/Y (sky130_fd_sc_hd__a21oi_4)
                                                         _025_ (net)
                      0.106345    0.001032    1.503132 ^ _623_/B (sky130_fd_sc_hd__nand4_4)
     3    0.017948    0.081970    0.087749    1.590881 v _623_/Y (sky130_fd_sc_hd__nand4_4)
                                                         _042_ (net)
                      0.081975    0.001275    1.592156 v _349_/A2 (sky130_fd_sc_hd__o21ai_4)
     2    0.019269    0.137551    0.152184    1.744339 ^ _349_/Y (sky130_fd_sc_hd__o21ai_4)
                                                         _114_ (net)
                      0.137554    0.001186    1.745525 ^ _352_/A2_N (sky130_fd_sc_hd__o2bb2ai_4)
     2    0.018735    0.123973    0.103793    1.849318 ^ _352_/Y (sky130_fd_sc_hd__o2bb2ai_4)
                                                         _117_ (net)
                      0.124053    0.001971    1.851288 ^ _385_/B2 (sky130_fd_sc_hd__a22oi_4)
     4    0.029998    0.087690    0.069551    1.920840 v _385_/Y (sky130_fd_sc_hd__a22oi_4)
                                                         _150_ (net)
                      0.087829    0.002957    1.923796 v _515_/A1 (sky130_fd_sc_hd__o21bai_4)
     1    0.010730    0.094440    0.132011    2.055807 ^ _515_/Y (sky130_fd_sc_hd__o21bai_4)
                                                         _268_ (net)
                      0.094442    0.000908    2.056715 ^ _525_/B (sky130_fd_sc_hd__nand3_4)
     4    0.036175    0.090879    0.092802    2.149517 v _525_/Y (sky130_fd_sc_hd__nand3_4)
                                                         _276_ (net)
                      0.091238    0.004724    2.154242 v _543_/A2 (sky130_fd_sc_hd__a21oi_4)
     2    0.014547    0.113640    0.155904    2.310146 ^ _543_/Y (sky130_fd_sc_hd__a21oi_4)
                                                         _293_ (net)
                      0.113640    0.000521    2.310667 ^ _579_/B1_N (sky130_fd_sc_hd__o21bai_4)
     1    0.005744    0.074551    0.093515    2.404181 ^ _579_/Y (sky130_fd_sc_hd__o21bai_4)
                                                         net98 (net)
                      0.074552    0.000449    2.404631 ^ output98/A (sky130_fd_sc_hd__buf_6)
     1    0.036161    0.060474    0.099938    2.504569 ^ output98/X (sky130_fd_sc_hd__buf_6)
                                                         carryOut (net)
                      0.060585    0.002190    2.506759 ^ carryOut (out)
                                              2.506759   data arrival time

                      0.000000    4.000000    4.000000   clock __VIRTUAL_CLK__ (rise edge)
                                  0.000000    4.000000   clock network delay (ideal)
                                 -0.250000    3.750000   clock uncertainty
                                  0.000000    3.750000   clock reconvergence pessimism
                                 -0.800000    2.950000   output external delay
                                              2.950000   data required time
---------------------------------------------------------------------------------------------
                                              2.950000   data required time
                                             -2.506759   data arrival time
---------------------------------------------------------------------------------------------
                                              0.443241   slack (MET)


Startpoint: sub (input port clocked by __VIRTUAL_CLK__)
Endpoint: S[21] (output port clocked by __VIRTUAL_CLK__)
Path Group: __VIRTUAL_CLK__
Path Type: max

Fanout         Cap        Slew       Delay        Time   Description
---------------------------------------------------------------------------------------------
                      0.000000    0.000000    0.000000   clock __VIRTUAL_CLK__ (rise edge)
                                  0.000000    0.000000   clock network delay (ideal)
                                  0.800000    0.800000 v input external delay
     1    0.008056    0.013212    0.008181    0.808181 v sub (in)
                                                         sub (net)
                      0.013230    0.000000    0.808181 v input65/A (sky130_fd_sc_hd__buf_8)
     4    0.033554    0.029683    0.084915    0.893096 v input65/X (sky130_fd_sc_hd__buf_8)
                                                         net65 (net)
                      0.029858    0.001788    0.894884 v fanout118/A (sky130_fd_sc_hd__buf_8)
     5    0.036011    0.031229    0.092442    0.987326 v fanout118/X (sky130_fd_sc_hd__buf_8)
                                                         net118 (net)
                      0.031557    0.002584    0.989911 v fanout113/A (sky130_fd_sc_hd__buf_6)
     3    0.016663    0.022871    0.083978    1.073889 v fanout113/X (sky130_fd_sc_hd__buf_6)
                                                         net113 (net)
                      0.022875    0.000352    1.074241 v fanout112/A (sky130_fd_sc_hd__buf_8)
     6    0.037477    0.031759    0.090804    1.165045 v fanout112/X (sky130_fd_sc_hd__buf_8)
                                                         net112 (net)
                      0.031803    0.000612    1.165657 v fanout109/A (sky130_fd_sc_hd__buf_8)
     5    0.032290    0.029189    0.091536    1.257193 v fanout109/X (sky130_fd_sc_hd__buf_8)
                                                         net109 (net)
                      0.029451    0.002184    1.259377 v _591_/A (sky130_fd_sc_hd__and2_4)
     3    0.013843    0.031077    0.100819    1.360196 v _591_/X (sky130_fd_sc_hd__and2_4)
                                                         _010_ (net)
                      0.031085    0.000505    1.360701 v _607_/A2 (sky130_fd_sc_hd__o2111a_2)
     1    0.010481    0.043628    0.176653    1.537354 v _607_/X (sky130_fd_sc_hd__o2111a_2)
                                                         _026_ (net)
                      0.043644    0.000835    1.538188 v _619_/A2 (sky130_fd_sc_hd__a21oi_4)
     2    0.022582    0.149364    0.165651    1.703839 ^ _619_/Y (sky130_fd_sc_hd__a21oi_4)
                                                         _038_ (net)
                      0.149416    0.002223    1.706062 ^ _350_/C (sky130_fd_sc_hd__nand3_4)
     2    0.017844    0.061136    0.068875    1.774938 v _350_/Y (sky130_fd_sc_hd__nand3_4)
                                                         _115_ (net)
                      0.061138    0.000686    1.775624 v _352_/A1_N (sky130_fd_sc_hd__o2bb2ai_4)
     2    0.017282    0.044742    0.104110    1.879734 v _352_/Y (sky130_fd_sc_hd__o2bb2ai_4)
                                                         _117_ (net)
                      0.044829    0.001786    1.881520 v _385_/B2 (sky130_fd_sc_hd__a22oi_4)
     4    0.032590    0.162490    0.145108    2.026627 ^ _385_/Y (sky130_fd_sc_hd__a22oi_4)
                                                         _150_ (net)
                      0.162563    0.002792    2.029420 ^ _426_/A1 (sky130_fd_sc_hd__o21bai_4)
     4    0.034876    0.082663    0.091892    2.121311 v _426_/Y (sky130_fd_sc_hd__o21bai_4)
                                                         _187_ (net)
                      0.082980    0.004295    2.125607 v _440_/A2 (sky130_fd_sc_hd__a21boi_2)
     1    0.009286    0.104513    0.144527    2.270133 ^ _440_/Y (sky130_fd_sc_hd__a21boi_2)
                                                         _200_ (net)
                      0.104514    0.000551    2.270684 ^ _441_/B (sky130_fd_sc_hd__xor2_2)
     1    0.006345    0.096379    0.107201    2.377886 ^ _441_/X (sky130_fd_sc_hd__xor2_2)
                                                         net79 (net)
                      0.096379    0.000514    2.378400 ^ output79/A (sky130_fd_sc_hd__buf_6)
     1    0.035974    0.060403    0.103384    2.481784 ^ output79/X (sky130_fd_sc_hd__buf_6)
                                                         S[21] (net)
                      0.060518    0.001905    2.483689 ^ S[21] (out)
                                              2.483689   data arrival time

                      0.000000    4.000000    4.000000   clock __VIRTUAL_CLK__ (rise edge)
                                  0.000000    4.000000   clock network delay (ideal)
                                 -0.250000    3.750000   clock uncertainty
                                  0.000000    3.750000   clock reconvergence pessimism
                                 -0.800000    2.950000   output external delay
                                              2.950000   data required time
---------------------------------------------------------------------------------------------
                                              2.950000   data required time
                                             -2.483689   data arrival time
---------------------------------------------------------------------------------------------
                                              0.466311   slack (MET)


Startpoint: sub (input port clocked by __VIRTUAL_CLK__)
Endpoint: S[23] (output port clocked by __VIRTUAL_CLK__)
Path Group: __VIRTUAL_CLK__
Path Type: max

Fanout         Cap        Slew       Delay        Time   Description
---------------------------------------------------------------------------------------------
                      0.000000    0.000000    0.000000   clock __VIRTUAL_CLK__ (rise edge)
                                  0.000000    0.000000   clock network delay (ideal)
                                  0.800000    0.800000 v input external delay
     1    0.008056    0.013212    0.008181    0.808181 v sub (in)
                                                         sub (net)
                      0.013230    0.000000    0.808181 v input65/A (sky130_fd_sc_hd__buf_8)
     4    0.033554    0.029683    0.084915    0.893096 v input65/X (sky130_fd_sc_hd__buf_8)
                                                         net65 (net)
                      0.029858    0.001788    0.894884 v fanout118/A (sky130_fd_sc_hd__buf_8)
     5    0.036011    0.031229    0.092442    0.987326 v fanout118/X (sky130_fd_sc_hd__buf_8)
                                                         net118 (net)
                      0.031557    0.002584    0.989911 v fanout113/A (sky130_fd_sc_hd__buf_6)
     3    0.016663    0.022871    0.083978    1.073889 v fanout113/X (sky130_fd_sc_hd__buf_6)
                                                         net113 (net)
                      0.022875    0.000352    1.074241 v fanout112/A (sky130_fd_sc_hd__buf_8)
     6    0.037477    0.031759    0.090804    1.165045 v fanout112/X (sky130_fd_sc_hd__buf_8)
                                                         net112 (net)
                      0.031803    0.000612    1.165657 v fanout109/A (sky130_fd_sc_hd__buf_8)
     5    0.032290    0.029189    0.091536    1.257193 v fanout109/X (sky130_fd_sc_hd__buf_8)
                                                         net109 (net)
                      0.029451    0.002184    1.259377 v _591_/A (sky130_fd_sc_hd__and2_4)
     3    0.013843    0.031077    0.100819    1.360196 v _591_/X (sky130_fd_sc_hd__and2_4)
                                                         _010_ (net)
                      0.031085    0.000505    1.360701 v _607_/A2 (sky130_fd_sc_hd__o2111a_2)
     1    0.010481    0.043628    0.176653    1.537354 v _607_/X (sky130_fd_sc_hd__o2111a_2)
                                                         _026_ (net)
                      0.043644    0.000835    1.538188 v _619_/A2 (sky130_fd_sc_hd__a21oi_4)
     2    0.022582    0.149364    0.165651    1.703839 ^ _619_/Y (sky130_fd_sc_hd__a21oi_4)
                                                         _038_ (net)
                      0.149416    0.002223    1.706062 ^ _350_/C (sky130_fd_sc_hd__nand3_4)
     2    0.017844    0.061136    0.068875    1.774938 v _350_/Y (sky130_fd_sc_hd__nand3_4)
                                                         _115_ (net)
                      0.061138    0.000686    1.775624 v _352_/A1_N (sky130_fd_sc_hd__o2bb2ai_4)
     2    0.017282    0.044742    0.104110    1.879734 v _352_/Y (sky130_fd_sc_hd__o2bb2ai_4)
                                                         _117_ (net)
                      0.044829    0.001786    1.881520 v _385_/B2 (sky130_fd_sc_hd__a22oi_4)
     4    0.032590    0.162490    0.145108    2.026627 ^ _385_/Y (sky130_fd_sc_hd__a22oi_4)
                                                         _150_ (net)
                      0.162563    0.002792    2.029420 ^ _426_/A1 (sky130_fd_sc_hd__o21bai_4)
     4    0.034876    0.082663    0.091892    2.121311 v _426_/Y (sky130_fd_sc_hd__o21bai_4)
                                                         _187_ (net)
                      0.082824    0.003094    2.124405 v _464_/B1 (sky130_fd_sc_hd__a2bb2oi_2)
     1    0.009037    0.102957    0.142229    2.266634 ^ _464_/Y (sky130_fd_sc_hd__a2bb2oi_2)
                                                         _222_ (net)
                      0.102958    0.000521    2.267155 ^ _465_/B (sky130_fd_sc_hd__xor2_2)
     1    0.006726    0.099234    0.109536    2.376691 ^ _465_/X (sky130_fd_sc_hd__xor2_2)
                                                         net81 (net)
                      0.099234    0.000338    2.377029 ^ output81/A (sky130_fd_sc_hd__buf_6)
     1    0.035042    0.059122    0.102850    2.479879 ^ output81/X (sky130_fd_sc_hd__buf_6)
                                                         S[23] (net)
                      0.059243    0.001936    2.481816 ^ S[23] (out)
                                              2.481816   data arrival time

                      0.000000    4.000000    4.000000   clock __VIRTUAL_CLK__ (rise edge)
                                  0.000000    4.000000   clock network delay (ideal)
                                 -0.250000    3.750000   clock uncertainty
                                  0.000000    3.750000   clock reconvergence pessimism
                                 -0.800000    2.950000   output external delay
                                              2.950000   data required time
---------------------------------------------------------------------------------------------
                                              2.950000   data required time
                                             -2.481816   data arrival time
---------------------------------------------------------------------------------------------
                                              0.468184   slack (MET)


Startpoint: sub (input port clocked by __VIRTUAL_CLK__)
Endpoint: S[27] (output port clocked by __VIRTUAL_CLK__)
Path Group: __VIRTUAL_CLK__
Path Type: max

Fanout         Cap        Slew       Delay        Time   Description
---------------------------------------------------------------------------------------------
                      0.000000    0.000000    0.000000   clock __VIRTUAL_CLK__ (rise edge)
                                  0.000000    0.000000   clock network delay (ideal)
                                  0.800000    0.800000 v input external delay
     1    0.008056    0.013212    0.008181    0.808181 v sub (in)
                                                         sub (net)
                      0.013230    0.000000    0.808181 v input65/A (sky130_fd_sc_hd__buf_8)
     4    0.033554    0.029683    0.084915    0.893096 v input65/X (sky130_fd_sc_hd__buf_8)
                                                         net65 (net)
                      0.029858    0.001788    0.894884 v fanout118/A (sky130_fd_sc_hd__buf_8)
     5    0.036011    0.031229    0.092442    0.987326 v fanout118/X (sky130_fd_sc_hd__buf_8)
                                                         net118 (net)
                      0.031557    0.002584    0.989911 v fanout113/A (sky130_fd_sc_hd__buf_6)
     3    0.016663    0.022871    0.083978    1.073889 v fanout113/X (sky130_fd_sc_hd__buf_6)
                                                         net113 (net)
                      0.022875    0.000352    1.074241 v fanout112/A (sky130_fd_sc_hd__buf_8)
     6    0.037477    0.031759    0.090804    1.165045 v fanout112/X (sky130_fd_sc_hd__buf_8)
                                                         net112 (net)
                      0.031803    0.000612    1.165657 v fanout109/A (sky130_fd_sc_hd__buf_8)
     5    0.032290    0.029189    0.091536    1.257193 v fanout109/X (sky130_fd_sc_hd__buf_8)
                                                         net109 (net)
                      0.029411    0.001991    1.259184 v _601_/A1 (sky130_fd_sc_hd__o21ai_4)
     1    0.010073    0.104193    0.115357    1.374541 ^ _601_/Y (sky130_fd_sc_hd__o21ai_4)
                                                         _020_ (net)
                      0.104195    0.000822    1.375363 ^ _602_/B1 (sky130_fd_sc_hd__a21oi_4)
     3    0.020162    0.082172    0.035984    1.411348 v _602_/Y (sky130_fd_sc_hd__a21oi_4)
                                                         _021_ (net)
                      0.082178    0.000551    1.411898 v _606_/B1 (sky130_fd_sc_hd__a21oi_4)
     2    0.012956    0.106342    0.090202    1.502100 ^ _606_/Y (sky130_fd_sc_hd__a21oi_4)
                                                         _025_ (net)
                      0.106345    0.001032    1.503132 ^ _623_/B (sky130_fd_sc_hd__nand4_4)
     3    0.017948    0.081970    0.087749    1.590881 v _623_/Y (sky130_fd_sc_hd__nand4_4)
                                                         _042_ (net)
                      0.081975    0.001275    1.592156 v _349_/A2 (sky130_fd_sc_hd__o21ai_4)
     2    0.019269    0.137551    0.152184    1.744339 ^ _349_/Y (sky130_fd_sc_hd__o21ai_4)
                                                         _114_ (net)
                      0.137553    0.001172    1.745511 ^ _351_/B1 (sky130_fd_sc_hd__a22oi_4)
     3    0.022819    0.064739    0.060108    1.805619 v _351_/Y (sky130_fd_sc_hd__a22oi_4)
                                                         _116_ (net)
                      0.064856    0.002888    1.808507 v _386_/B1 (sky130_fd_sc_hd__o22ai_4)
     4    0.035654    0.211756    0.203384    2.011891 ^ _386_/Y (sky130_fd_sc_hd__o22ai_4)
                                                         _151_ (net)
                      0.211874    0.004043    2.015935 ^ _477_/A2 (sky130_fd_sc_hd__a21boi_4)
     4    0.017632    0.060334    0.059189    2.075124 v _477_/Y (sky130_fd_sc_hd__a21boi_4)
                                                         _234_ (net)
                      0.060338    0.001025    2.076149 v rebuffer120/A (sky130_fd_sc_hd__buf_2)
     1    0.008283    0.025438    0.098227    2.174376 v rebuffer120/X (sky130_fd_sc_hd__buf_2)
                                                         net120 (net)
                      0.025457    0.000659    2.175035 v _506_/A3 (sky130_fd_sc_hd__o311ai_4)
     1    0.010162    0.192105    0.179765    2.354800 ^ _506_/Y (sky130_fd_sc_hd__o311ai_4)
                                                         _260_ (net)
                      0.192106    0.000830    2.355630 ^ _507_/B (sky130_fd_sc_hd__nand2_4)
     1    0.004822    0.037300    0.024385    2.380016 v _507_/Y (sky130_fd_sc_hd__nand2_4)
                                                         net85 (net)
                      0.037301    0.000381    2.380397 v output85/A (sky130_fd_sc_hd__buf_6)
     1    0.036339    0.033519    0.098143    2.478540 v output85/X (sky130_fd_sc_hd__buf_6)
                                                         S[27] (net)
                      0.033782    0.002293    2.480833 v S[27] (out)
                                              2.480833   data arrival time

                      0.000000    4.000000    4.000000   clock __VIRTUAL_CLK__ (rise edge)
                                  0.000000    4.000000   clock network delay (ideal)
                                 -0.250000    3.750000   clock uncertainty
                                  0.000000    3.750000   clock reconvergence pessimism
                                 -0.800000    2.950000   output external delay
                                              2.950000   data required time
---------------------------------------------------------------------------------------------
                                              2.950000   data required time
                                             -2.480833   data arrival time
---------------------------------------------------------------------------------------------
                                              0.469167   slack (MET)


Startpoint: sub (input port clocked by __VIRTUAL_CLK__)
Endpoint: S[30] (output port clocked by __VIRTUAL_CLK__)
Path Group: __VIRTUAL_CLK__
Path Type: max

Fanout         Cap        Slew       Delay        Time   Description
---------------------------------------------------------------------------------------------
                      0.000000    0.000000    0.000000   clock __VIRTUAL_CLK__ (rise edge)
                                  0.000000    0.000000   clock network delay (ideal)
                                  0.800000    0.800000 v input external delay
     1    0.008056    0.013212    0.008181    0.808181 v sub (in)
                                                         sub (net)
                      0.013230    0.000000    0.808181 v input65/A (sky130_fd_sc_hd__buf_8)
     4    0.033554    0.029683    0.084915    0.893096 v input65/X (sky130_fd_sc_hd__buf_8)
                                                         net65 (net)
                      0.029858    0.001788    0.894884 v fanout118/A (sky130_fd_sc_hd__buf_8)
     5    0.036011    0.031229    0.092442    0.987326 v fanout118/X (sky130_fd_sc_hd__buf_8)
                                                         net118 (net)
                      0.031557    0.002584    0.989911 v fanout113/A (sky130_fd_sc_hd__buf_6)
     3    0.016663    0.022871    0.083978    1.073889 v fanout113/X (sky130_fd_sc_hd__buf_6)
                                                         net113 (net)
                      0.022875    0.000352    1.074241 v fanout112/A (sky130_fd_sc_hd__buf_8)
     6    0.037477    0.031759    0.090804    1.165045 v fanout112/X (sky130_fd_sc_hd__buf_8)
                                                         net112 (net)
                      0.031803    0.000612    1.165657 v fanout109/A (sky130_fd_sc_hd__buf_8)
     5    0.032290    0.029189    0.091536    1.257193 v fanout109/X (sky130_fd_sc_hd__buf_8)
                                                         net109 (net)
                      0.029411    0.001991    1.259184 v _601_/A1 (sky130_fd_sc_hd__o21ai_4)
     1    0.010073    0.104193    0.115357    1.374541 ^ _601_/Y (sky130_fd_sc_hd__o21ai_4)
                                                         _020_ (net)
                      0.104195    0.000822    1.375363 ^ _602_/B1 (sky130_fd_sc_hd__a21oi_4)
     3    0.020162    0.082172    0.035984    1.411348 v _602_/Y (sky130_fd_sc_hd__a21oi_4)
                                                         _021_ (net)
                      0.082178    0.000551    1.411898 v _606_/B1 (sky130_fd_sc_hd__a21oi_4)
     2    0.012956    0.106342    0.090202    1.502100 ^ _606_/Y (sky130_fd_sc_hd__a21oi_4)
                                                         _025_ (net)
                      0.106345    0.001032    1.503132 ^ _623_/B (sky130_fd_sc_hd__nand4_4)
     3    0.017948    0.081970    0.087749    1.590881 v _623_/Y (sky130_fd_sc_hd__nand4_4)
                                                         _042_ (net)
                      0.081975    0.001275    1.592156 v _349_/A2 (sky130_fd_sc_hd__o21ai_4)
     2    0.019269    0.137551    0.152184    1.744339 ^ _349_/Y (sky130_fd_sc_hd__o21ai_4)
                                                         _114_ (net)
                      0.137554    0.001186    1.745525 ^ _352_/A2_N (sky130_fd_sc_hd__o2bb2ai_4)
     2    0.018735    0.123973    0.103793    1.849318 ^ _352_/Y (sky130_fd_sc_hd__o2bb2ai_4)
                                                         _117_ (net)
                      0.124053    0.001971    1.851288 ^ _385_/B2 (sky130_fd_sc_hd__a22oi_4)
     4    0.029998    0.087690    0.069551    1.920840 v _385_/Y (sky130_fd_sc_hd__a22oi_4)
                                                         _150_ (net)
                      0.087829    0.002957    1.923796 v _515_/A1 (sky130_fd_sc_hd__o21bai_4)
     1    0.010730    0.094440    0.132011    2.055807 ^ _515_/Y (sky130_fd_sc_hd__o21bai_4)
                                                         _268_ (net)
                      0.094442    0.000908    2.056715 ^ _525_/B (sky130_fd_sc_hd__nand3_4)
     4    0.036175    0.090879    0.092802    2.149517 v _525_/Y (sky130_fd_sc_hd__nand3_4)
                                                         _276_ (net)
                      0.091061    0.003388    2.152905 v _535_/A2 (sky130_fd_sc_hd__a211oi_4)
     1    0.010335    0.157930    0.213239    2.366145 ^ _535_/Y (sky130_fd_sc_hd__a211oi_4)
                                                         _286_ (net)
                      0.157931    0.000832    2.366977 ^ _538_/B (sky130_fd_sc_hd__nor2_4)
     1    0.004649    0.030150    0.012143    2.379120 v _538_/Y (sky130_fd_sc_hd__nor2_4)
                                                         net89 (net)
                      0.030150    0.000229    2.379350 v output89/A (sky130_fd_sc_hd__buf_6)
     1    0.036571    0.033680    0.095049    2.474399 v output89/X (sky130_fd_sc_hd__buf_6)
                                                         S[30] (net)
                      0.033954    0.002351    2.476750 v S[30] (out)
                                              2.476750   data arrival time

                      0.000000    4.000000    4.000000   clock __VIRTUAL_CLK__ (rise edge)
                                  0.000000    4.000000   clock network delay (ideal)
                                 -0.250000    3.750000   clock uncertainty
                                  0.000000    3.750000   clock reconvergence pessimism
                                 -0.800000    2.950000   output external delay
                                              2.950000   data required time
---------------------------------------------------------------------------------------------
                                              2.950000   data required time
                                             -2.476750   data arrival time
---------------------------------------------------------------------------------------------
                                              0.473250   slack (MET)


Startpoint: sub (input port clocked by __VIRTUAL_CLK__)
Endpoint: S[26] (output port clocked by __VIRTUAL_CLK__)
Path Group: __VIRTUAL_CLK__
Path Type: max

Fanout         Cap        Slew       Delay        Time   Description
---------------------------------------------------------------------------------------------
                      0.000000    0.000000    0.000000   clock __VIRTUAL_CLK__ (rise edge)
                                  0.000000    0.000000   clock network delay (ideal)
                                  0.800000    0.800000 v input external delay
     1    0.008056    0.013212    0.008181    0.808181 v sub (in)
                                                         sub (net)
                      0.013230    0.000000    0.808181 v input65/A (sky130_fd_sc_hd__buf_8)
     4    0.033554    0.029683    0.084915    0.893096 v input65/X (sky130_fd_sc_hd__buf_8)
                                                         net65 (net)
                      0.029858    0.001788    0.894884 v fanout118/A (sky130_fd_sc_hd__buf_8)
     5    0.036011    0.031229    0.092442    0.987326 v fanout118/X (sky130_fd_sc_hd__buf_8)
                                                         net118 (net)
                      0.031557    0.002584    0.989911 v fanout113/A (sky130_fd_sc_hd__buf_6)
     3    0.016663    0.022871    0.083978    1.073889 v fanout113/X (sky130_fd_sc_hd__buf_6)
                                                         net113 (net)
                      0.022875    0.000352    1.074241 v fanout112/A (sky130_fd_sc_hd__buf_8)
     6    0.037477    0.031759    0.090804    1.165045 v fanout112/X (sky130_fd_sc_hd__buf_8)
                                                         net112 (net)
                      0.031803    0.000612    1.165657 v fanout109/A (sky130_fd_sc_hd__buf_8)
     5    0.032290    0.029189    0.091536    1.257193 v fanout109/X (sky130_fd_sc_hd__buf_8)
                                                         net109 (net)
                      0.029451    0.002184    1.259377 v _591_/A (sky130_fd_sc_hd__and2_4)
     3    0.013843    0.031077    0.100819    1.360196 v _591_/X (sky130_fd_sc_hd__and2_4)
                                                         _010_ (net)
                      0.031085    0.000505    1.360701 v _607_/A2 (sky130_fd_sc_hd__o2111a_2)
     1    0.010481    0.043628    0.176653    1.537354 v _607_/X (sky130_fd_sc_hd__o2111a_2)
                                                         _026_ (net)
                      0.043644    0.000835    1.538188 v _619_/A2 (sky130_fd_sc_hd__a21oi_4)
     2    0.022582    0.149364    0.165651    1.703839 ^ _619_/Y (sky130_fd_sc_hd__a21oi_4)
                                                         _038_ (net)
                      0.149416    0.002223    1.706062 ^ _350_/C (sky130_fd_sc_hd__nand3_4)
     2    0.017844    0.061136    0.068875    1.774938 v _350_/Y (sky130_fd_sc_hd__nand3_4)
                                                         _115_ (net)
                      0.061140    0.000970    1.775908 v _351_/B2 (sky130_fd_sc_hd__a22oi_4)
     3    0.024067    0.133104    0.129142    1.905050 ^ _351_/Y (sky130_fd_sc_hd__a22oi_4)
                                                         _116_ (net)
                      0.133216    0.003088    1.908137 ^ _386_/B1 (sky130_fd_sc_hd__o22ai_4)
     4    0.033426    0.071853    0.078069    1.986206 v _386_/Y (sky130_fd_sc_hd__o22ai_4)
                                                         _151_ (net)
                      0.072129    0.003745    1.989951 v _477_/A2 (sky130_fd_sc_hd__a21boi_4)
     4    0.019542    0.137259    0.169190    2.159141 ^ _477_/Y (sky130_fd_sc_hd__a21boi_4)
                                                         _234_ (net)
                      0.137269    0.001229    2.160370 ^ rebuffer119/A (sky130_fd_sc_hd__buf_6)
     2    0.011965    0.029009    0.082086    2.242456 ^ rebuffer119/X (sky130_fd_sc_hd__buf_6)
                                                         net119 (net)
                      0.029025    0.000534    2.242990 ^ _488_/A2 (sky130_fd_sc_hd__o211ai_2)
     1    0.006349    0.049121    0.049189    2.292179 v _488_/Y (sky130_fd_sc_hd__o211ai_2)
                                                         _243_ (net)
                      0.049122    0.000509    2.292688 v _498_/A (sky130_fd_sc_hd__nand2_2)
     1    0.005178    0.038703    0.048647    2.341335 ^ _498_/Y (sky130_fd_sc_hd__nand2_2)
                                                         _253_ (net)
                      0.038704    0.000401    2.341737 ^ _499_/B (sky130_fd_sc_hd__nand2_2)
     1    0.004918    0.037944    0.032613    2.374349 v _499_/Y (sky130_fd_sc_hd__nand2_2)
                                                         net84 (net)
                      0.037945    0.000242    2.374591 v output84/A (sky130_fd_sc_hd__buf_6)
     1    0.034614    0.032536    0.097669    2.472259 v output84/X (sky130_fd_sc_hd__buf_6)
                                                         S[26] (net)
                      0.032749    0.002004    2.474264 v S[26] (out)
                                              2.474264   data arrival time

                      0.000000    4.000000    4.000000   clock __VIRTUAL_CLK__ (rise edge)
                                  0.000000    4.000000   clock network delay (ideal)
                                 -0.250000    3.750000   clock uncertainty
                                  0.000000    3.750000   clock reconvergence pessimism
                                 -0.800000    2.950000   output external delay
                                              2.950000   data required time
---------------------------------------------------------------------------------------------
                                              2.950000   data required time
                                             -2.474264   data arrival time
---------------------------------------------------------------------------------------------
                                              0.475736   slack (MET)


Startpoint: sub (input port clocked by __VIRTUAL_CLK__)
Endpoint: S[31] (output port clocked by __VIRTUAL_CLK__)
Path Group: __VIRTUAL_CLK__
Path Type: max

Fanout         Cap        Slew       Delay        Time   Description
---------------------------------------------------------------------------------------------
                      0.000000    0.000000    0.000000   clock __VIRTUAL_CLK__ (rise edge)
                                  0.000000    0.000000   clock network delay (ideal)
                                  0.800000    0.800000 v input external delay
     1    0.008056    0.013212    0.008181    0.808181 v sub (in)
                                                         sub (net)
                      0.013230    0.000000    0.808181 v input65/A (sky130_fd_sc_hd__buf_8)
     4    0.033554    0.029683    0.084915    0.893096 v input65/X (sky130_fd_sc_hd__buf_8)
                                                         net65 (net)
                      0.029858    0.001788    0.894884 v fanout118/A (sky130_fd_sc_hd__buf_8)
     5    0.036011    0.031229    0.092442    0.987326 v fanout118/X (sky130_fd_sc_hd__buf_8)
                                                         net118 (net)
                      0.031557    0.002584    0.989911 v fanout113/A (sky130_fd_sc_hd__buf_6)
     3    0.016663    0.022871    0.083978    1.073889 v fanout113/X (sky130_fd_sc_hd__buf_6)
                                                         net113 (net)
                      0.022875    0.000352    1.074241 v fanout112/A (sky130_fd_sc_hd__buf_8)
     6    0.037477    0.031759    0.090804    1.165045 v fanout112/X (sky130_fd_sc_hd__buf_8)
                                                         net112 (net)
                      0.031803    0.000612    1.165657 v fanout109/A (sky130_fd_sc_hd__buf_8)
     5    0.032290    0.029189    0.091536    1.257193 v fanout109/X (sky130_fd_sc_hd__buf_8)
                                                         net109 (net)
                      0.029411    0.001991    1.259184 v _601_/A1 (sky130_fd_sc_hd__o21ai_4)
     1    0.010073    0.104193    0.115357    1.374541 ^ _601_/Y (sky130_fd_sc_hd__o21ai_4)
                                                         _020_ (net)
                      0.104195    0.000822    1.375363 ^ _602_/B1 (sky130_fd_sc_hd__a21oi_4)
     3    0.020162    0.082172    0.035984    1.411348 v _602_/Y (sky130_fd_sc_hd__a21oi_4)
                                                         _021_ (net)
                      0.082178    0.000551    1.411898 v _606_/B1 (sky130_fd_sc_hd__a21oi_4)
     2    0.012956    0.106342    0.090202    1.502100 ^ _606_/Y (sky130_fd_sc_hd__a21oi_4)
                                                         _025_ (net)
                      0.106345    0.001032    1.503132 ^ _623_/B (sky130_fd_sc_hd__nand4_4)
     3    0.017948    0.081970    0.087749    1.590881 v _623_/Y (sky130_fd_sc_hd__nand4_4)
                                                         _042_ (net)
                      0.081975    0.001275    1.592156 v _349_/A2 (sky130_fd_sc_hd__o21ai_4)
     2    0.019269    0.137551    0.152184    1.744339 ^ _349_/Y (sky130_fd_sc_hd__o21ai_4)
                                                         _114_ (net)
                      0.137554    0.001186    1.745525 ^ _352_/A2_N (sky130_fd_sc_hd__o2bb2ai_4)
     2    0.018735    0.123973    0.103793    1.849318 ^ _352_/Y (sky130_fd_sc_hd__o2bb2ai_4)
                                                         _117_ (net)
                      0.124053    0.001971    1.851288 ^ _385_/B2 (sky130_fd_sc_hd__a22oi_4)
     4    0.029998    0.087690    0.069551    1.920840 v _385_/Y (sky130_fd_sc_hd__a22oi_4)
                                                         _150_ (net)
                      0.087829    0.002957    1.923796 v _515_/A1 (sky130_fd_sc_hd__o21bai_4)
     1    0.010730    0.094440    0.132011    2.055807 ^ _515_/Y (sky130_fd_sc_hd__o21bai_4)
                                                         _268_ (net)
                      0.094442    0.000908    2.056715 ^ _525_/B (sky130_fd_sc_hd__nand3_4)
     4    0.036175    0.090879    0.092802    2.149517 v _525_/Y (sky130_fd_sc_hd__nand3_4)
                                                         _276_ (net)
                      0.091224    0.004637    2.154154 v _537_/A1_N (sky130_fd_sc_hd__o2bb2ai_4)
     1    0.008496    0.051977    0.107886    2.262040 v _537_/Y (sky130_fd_sc_hd__o2bb2ai_4)
                                                         _288_ (net)
                      0.051979    0.000685    2.262724 v _544_/A1 (sky130_fd_sc_hd__a41oi_4)
     1    0.005748    0.123110    0.101734    2.364458 ^ _544_/Y (sky130_fd_sc_hd__a41oi_4)
                                                         net90 (net)
                      0.123110    0.000450    2.364908 ^ output90/A (sky130_fd_sc_hd__buf_6)
     1    0.035191    0.059582    0.106691    2.471600 ^ output90/X (sky130_fd_sc_hd__buf_6)
                                                         S[31] (net)
                      0.059711    0.002021    2.473621 ^ S[31] (out)
                                              2.473621   data arrival time

                      0.000000    4.000000    4.000000   clock __VIRTUAL_CLK__ (rise edge)
                                  0.000000    4.000000   clock network delay (ideal)
                                 -0.250000    3.750000   clock uncertainty
                                  0.000000    3.750000   clock reconvergence pessimism
                                 -0.800000    2.950000   output external delay
                                              2.950000   data required time
---------------------------------------------------------------------------------------------
                                              2.950000   data required time
                                             -2.473621   data arrival time
---------------------------------------------------------------------------------------------
                                              0.476379   slack (MET)


Startpoint: sub (input port clocked by __VIRTUAL_CLK__)
Endpoint: S[24] (output port clocked by __VIRTUAL_CLK__)
Path Group: __VIRTUAL_CLK__
Path Type: max

Fanout         Cap        Slew       Delay        Time   Description
---------------------------------------------------------------------------------------------
                      0.000000    0.000000    0.000000   clock __VIRTUAL_CLK__ (rise edge)
                                  0.000000    0.000000   clock network delay (ideal)
                                  0.800000    0.800000 v input external delay
     1    0.008056    0.013212    0.008181    0.808181 v sub (in)
                                                         sub (net)
                      0.013230    0.000000    0.808181 v input65/A (sky130_fd_sc_hd__buf_8)
     4    0.033554    0.029683    0.084915    0.893096 v input65/X (sky130_fd_sc_hd__buf_8)
                                                         net65 (net)
                      0.029858    0.001788    0.894884 v fanout118/A (sky130_fd_sc_hd__buf_8)
     5    0.036011    0.031229    0.092442    0.987326 v fanout118/X (sky130_fd_sc_hd__buf_8)
                                                         net118 (net)
                      0.031557    0.002584    0.989911 v fanout113/A (sky130_fd_sc_hd__buf_6)
     3    0.016663    0.022871    0.083978    1.073889 v fanout113/X (sky130_fd_sc_hd__buf_6)
                                                         net113 (net)
                      0.022875    0.000352    1.074241 v fanout112/A (sky130_fd_sc_hd__buf_8)
     6    0.037477    0.031759    0.090804    1.165045 v fanout112/X (sky130_fd_sc_hd__buf_8)
                                                         net112 (net)
                      0.031803    0.000612    1.165657 v fanout109/A (sky130_fd_sc_hd__buf_8)
     5    0.032290    0.029189    0.091536    1.257193 v fanout109/X (sky130_fd_sc_hd__buf_8)
                                                         net109 (net)
                      0.029451    0.002184    1.259377 v _591_/A (sky130_fd_sc_hd__and2_4)
     3    0.013843    0.031077    0.100819    1.360196 v _591_/X (sky130_fd_sc_hd__and2_4)
                                                         _010_ (net)
                      0.031085    0.000505    1.360701 v _607_/A2 (sky130_fd_sc_hd__o2111a_2)
     1    0.010481    0.043628    0.176653    1.537354 v _607_/X (sky130_fd_sc_hd__o2111a_2)
                                                         _026_ (net)
                      0.043644    0.000835    1.538188 v _619_/A2 (sky130_fd_sc_hd__a21oi_4)
     2    0.022582    0.149364    0.165651    1.703839 ^ _619_/Y (sky130_fd_sc_hd__a21oi_4)
                                                         _038_ (net)
                      0.149416    0.002223    1.706062 ^ _350_/C (sky130_fd_sc_hd__nand3_4)
     2    0.017844    0.061136    0.068875    1.774938 v _350_/Y (sky130_fd_sc_hd__nand3_4)
                                                         _115_ (net)
                      0.061140    0.000970    1.775908 v _351_/B2 (sky130_fd_sc_hd__a22oi_4)
     3    0.024067    0.133104    0.129142    1.905050 ^ _351_/Y (sky130_fd_sc_hd__a22oi_4)
                                                         _116_ (net)
                      0.133216    0.003088    1.908137 ^ _386_/B1 (sky130_fd_sc_hd__o22ai_4)
     4    0.033426    0.071853    0.078069    1.986206 v _386_/Y (sky130_fd_sc_hd__o22ai_4)
                                                         _151_ (net)
                      0.072129    0.003745    1.989951 v _477_/A2 (sky130_fd_sc_hd__a21boi_4)
     4    0.019542    0.137259    0.169190    2.159141 ^ _477_/Y (sky130_fd_sc_hd__a21boi_4)
                                                         _234_ (net)
                      0.137268    0.001168    2.160309 ^ max_cap99/A (sky130_fd_sc_hd__buf_6)
     2    0.027994    0.049772    0.100084    2.260393 ^ max_cap99/X (sky130_fd_sc_hd__buf_6)
                                                         net99 (net)
                      0.049853    0.001371    2.261764 ^ _478_/B (sky130_fd_sc_hd__xor2_4)
     1    0.005275    0.081112    0.098519    2.360284 ^ _478_/X (sky130_fd_sc_hd__xor2_4)
                                                         net82 (net)
                      0.081112    0.000299    2.360582 ^ output82/A (sky130_fd_sc_hd__buf_6)
     1    0.035390    0.059454    0.100290    2.460872 ^ output82/X (sky130_fd_sc_hd__buf_6)
                                                         S[24] (net)
                      0.059547    0.001982    2.462854 ^ S[24] (out)
                                              2.462854   data arrival time

                      0.000000    4.000000    4.000000   clock __VIRTUAL_CLK__ (rise edge)
                                  0.000000    4.000000   clock network delay (ideal)
                                 -0.250000    3.750000   clock uncertainty
                                  0.000000    3.750000   clock reconvergence pessimism
                                 -0.800000    2.950000   output external delay
                                              2.950000   data required time
---------------------------------------------------------------------------------------------
                                              2.950000   data required time
                                             -2.462854   data arrival time
---------------------------------------------------------------------------------------------
                                              0.487146   slack (MET)


Startpoint: sub (input port clocked by __VIRTUAL_CLK__)
Endpoint: S[18] (output port clocked by __VIRTUAL_CLK__)
Path Group: __VIRTUAL_CLK__
Path Type: max

Fanout         Cap        Slew       Delay        Time   Description
---------------------------------------------------------------------------------------------
                      0.000000    0.000000    0.000000   clock __VIRTUAL_CLK__ (rise edge)
                                  0.000000    0.000000   clock network delay (ideal)
                                  0.800000    0.800000 v input external delay
     1    0.008056    0.013212    0.008181    0.808181 v sub (in)
                                                         sub (net)
                      0.013230    0.000000    0.808181 v input65/A (sky130_fd_sc_hd__buf_8)
     4    0.033554    0.029683    0.084915    0.893096 v input65/X (sky130_fd_sc_hd__buf_8)
                                                         net65 (net)
                      0.029858    0.001788    0.894884 v fanout118/A (sky130_fd_sc_hd__buf_8)
     5    0.036011    0.031229    0.092442    0.987326 v fanout118/X (sky130_fd_sc_hd__buf_8)
                                                         net118 (net)
                      0.031557    0.002584    0.989911 v fanout113/A (sky130_fd_sc_hd__buf_6)
     3    0.016663    0.022871    0.083978    1.073889 v fanout113/X (sky130_fd_sc_hd__buf_6)
                                                         net113 (net)
                      0.022875    0.000352    1.074241 v fanout112/A (sky130_fd_sc_hd__buf_8)
     6    0.037477    0.031759    0.090804    1.165045 v fanout112/X (sky130_fd_sc_hd__buf_8)
                                                         net112 (net)
                      0.031803    0.000612    1.165657 v fanout109/A (sky130_fd_sc_hd__buf_8)
     5    0.032290    0.029189    0.091536    1.257193 v fanout109/X (sky130_fd_sc_hd__buf_8)
                                                         net109 (net)
                      0.029451    0.002184    1.259377 v _591_/A (sky130_fd_sc_hd__and2_4)
     3    0.013843    0.031077    0.100819    1.360196 v _591_/X (sky130_fd_sc_hd__and2_4)
                                                         _010_ (net)
                      0.031085    0.000505    1.360701 v _607_/A2 (sky130_fd_sc_hd__o2111a_2)
     1    0.010481    0.043628    0.176653    1.537354 v _607_/X (sky130_fd_sc_hd__o2111a_2)
                                                         _026_ (net)
                      0.043644    0.000835    1.538188 v _619_/A2 (sky130_fd_sc_hd__a21oi_4)
     2    0.022582    0.149364    0.165651    1.703839 ^ _619_/Y (sky130_fd_sc_hd__a21oi_4)
                                                         _038_ (net)
                      0.149416    0.002223    1.706062 ^ _350_/C (sky130_fd_sc_hd__nand3_4)
     2    0.017844    0.061136    0.068875    1.774938 v _350_/Y (sky130_fd_sc_hd__nand3_4)
                                                         _115_ (net)
                      0.061138    0.000686    1.775624 v _352_/A1_N (sky130_fd_sc_hd__o2bb2ai_4)
     2    0.017282    0.044742    0.104110    1.879734 v _352_/Y (sky130_fd_sc_hd__o2bb2ai_4)
                                                         _117_ (net)
                      0.044829    0.001786    1.881520 v _385_/B2 (sky130_fd_sc_hd__a22oi_4)
     4    0.032590    0.162490    0.145108    2.026627 ^ _385_/Y (sky130_fd_sc_hd__a22oi_4)
                                                         _150_ (net)
                      0.162539    0.002295    2.028923 ^ _411_/B2 (sky130_fd_sc_hd__o2bb2a_2)
     1    0.008832    0.047049    0.137903    2.166826 ^ _411_/X (sky130_fd_sc_hd__o2bb2a_2)
                                                         _174_ (net)
                      0.047053    0.000507    2.167333 ^ _412_/B (sky130_fd_sc_hd__xor2_2)
     1    0.007019    0.101510    0.109776    2.277109 ^ _412_/X (sky130_fd_sc_hd__xor2_2)
                                                         net75 (net)
                      0.101511    0.000597    2.277706 ^ output75/A (sky130_fd_sc_hd__clkbuf_4)
     1    0.035671    0.087259    0.154416    2.432122 ^ output75/X (sky130_fd_sc_hd__clkbuf_4)
                                                         S[18] (net)
                      0.087363    0.002070    2.434191 ^ S[18] (out)
                                              2.434191   data arrival time

                      0.000000    4.000000    4.000000   clock __VIRTUAL_CLK__ (rise edge)
                                  0.000000    4.000000   clock network delay (ideal)
                                 -0.250000    3.750000   clock uncertainty
                                  0.000000    3.750000   clock reconvergence pessimism
                                 -0.800000    2.950000   output external delay
                                              2.950000   data required time
---------------------------------------------------------------------------------------------
                                              2.950000   data required time
                                             -2.434191   data arrival time
---------------------------------------------------------------------------------------------
                                              0.515808   slack (MET)


Startpoint: sub (input port clocked by __VIRTUAL_CLK__)
Endpoint: S[22] (output port clocked by __VIRTUAL_CLK__)
Path Group: __VIRTUAL_CLK__
Path Type: max

Fanout         Cap        Slew       Delay        Time   Description
---------------------------------------------------------------------------------------------
                      0.000000    0.000000    0.000000   clock __VIRTUAL_CLK__ (rise edge)
                                  0.000000    0.000000   clock network delay (ideal)
                                  0.800000    0.800000 v input external delay
     1    0.008056    0.013212    0.008181    0.808181 v sub (in)
                                                         sub (net)
                      0.013230    0.000000    0.808181 v input65/A (sky130_fd_sc_hd__buf_8)
     4    0.033554    0.029683    0.084915    0.893096 v input65/X (sky130_fd_sc_hd__buf_8)
                                                         net65 (net)
                      0.029858    0.001788    0.894884 v fanout118/A (sky130_fd_sc_hd__buf_8)
     5    0.036011    0.031229    0.092442    0.987326 v fanout118/X (sky130_fd_sc_hd__buf_8)
                                                         net118 (net)
                      0.031557    0.002584    0.989911 v fanout113/A (sky130_fd_sc_hd__buf_6)
     3    0.016663    0.022871    0.083978    1.073889 v fanout113/X (sky130_fd_sc_hd__buf_6)
                                                         net113 (net)
                      0.022875    0.000352    1.074241 v fanout112/A (sky130_fd_sc_hd__buf_8)
     6    0.037477    0.031759    0.090804    1.165045 v fanout112/X (sky130_fd_sc_hd__buf_8)
                                                         net112 (net)
                      0.031803    0.000612    1.165657 v fanout109/A (sky130_fd_sc_hd__buf_8)
     5    0.032290    0.029189    0.091536    1.257193 v fanout109/X (sky130_fd_sc_hd__buf_8)
                                                         net109 (net)
                      0.029451    0.002184    1.259377 v _591_/A (sky130_fd_sc_hd__and2_4)
     3    0.013843    0.031077    0.100819    1.360196 v _591_/X (sky130_fd_sc_hd__and2_4)
                                                         _010_ (net)
                      0.031085    0.000505    1.360701 v _607_/A2 (sky130_fd_sc_hd__o2111a_2)
     1    0.010481    0.043628    0.176653    1.537354 v _607_/X (sky130_fd_sc_hd__o2111a_2)
                                                         _026_ (net)
                      0.043644    0.000835    1.538188 v _619_/A2 (sky130_fd_sc_hd__a21oi_4)
     2    0.022582    0.149364    0.165651    1.703839 ^ _619_/Y (sky130_fd_sc_hd__a21oi_4)
                                                         _038_ (net)
                      0.149416    0.002223    1.706062 ^ _350_/C (sky130_fd_sc_hd__nand3_4)
     2    0.017844    0.061136    0.068875    1.774938 v _350_/Y (sky130_fd_sc_hd__nand3_4)
                                                         _115_ (net)
                      0.061138    0.000686    1.775624 v _352_/A1_N (sky130_fd_sc_hd__o2bb2ai_4)
     2    0.017282    0.044742    0.104110    1.879734 v _352_/Y (sky130_fd_sc_hd__o2bb2ai_4)
                                                         _117_ (net)
                      0.044829    0.001786    1.881520 v _385_/B2 (sky130_fd_sc_hd__a22oi_4)
     4    0.032590    0.162490    0.145108    2.026627 ^ _385_/Y (sky130_fd_sc_hd__a22oi_4)
                                                         _150_ (net)
                      0.162563    0.002792    2.029420 ^ _426_/A1 (sky130_fd_sc_hd__o21bai_4)
     4    0.034876    0.082663    0.091892    2.121311 v _426_/Y (sky130_fd_sc_hd__o21bai_4)
                                                         _187_ (net)
                      0.082933    0.003972    2.125283 v _454_/B1 (sky130_fd_sc_hd__a22oi_4)
     1    0.012059    0.093190    0.091186    2.216469 ^ _454_/Y (sky130_fd_sc_hd__a22oi_4)
                                                         _213_ (net)
                      0.093193    0.001062    2.217531 ^ _455_/A (sky130_fd_sc_hd__xor2_2)
     1    0.005804    0.092218    0.098777    2.316308 ^ _455_/X (sky130_fd_sc_hd__xor2_2)
                                                         net80 (net)
                      0.092218    0.000456    2.316764 ^ output80/A (sky130_fd_sc_hd__buf_6)
     1    0.034624    0.058461    0.101374    2.418138 ^ output80/X (sky130_fd_sc_hd__buf_6)
                                                         S[22] (net)
                      0.058567    0.001785    2.419923 ^ S[22] (out)
                                              2.419923   data arrival time

                      0.000000    4.000000    4.000000   clock __VIRTUAL_CLK__ (rise edge)
                                  0.000000    4.000000   clock network delay (ideal)
                                 -0.250000    3.750000   clock uncertainty
                                  0.000000    3.750000   clock reconvergence pessimism
                                 -0.800000    2.950000   output external delay
                                              2.950000   data required time
---------------------------------------------------------------------------------------------
                                              2.950000   data required time
                                             -2.419923   data arrival time
---------------------------------------------------------------------------------------------
                                              0.530077   slack (MET)


Startpoint: sub (input port clocked by __VIRTUAL_CLK__)
Endpoint: S[19] (output port clocked by __VIRTUAL_CLK__)
Path Group: __VIRTUAL_CLK__
Path Type: max

Fanout         Cap        Slew       Delay        Time   Description
---------------------------------------------------------------------------------------------
                      0.000000    0.000000    0.000000   clock __VIRTUAL_CLK__ (rise edge)
                                  0.000000    0.000000   clock network delay (ideal)
                                  0.800000    0.800000 v input external delay
     1    0.008056    0.013212    0.008181    0.808181 v sub (in)
                                                         sub (net)
                      0.013230    0.000000    0.808181 v input65/A (sky130_fd_sc_hd__buf_8)
     4    0.033554    0.029683    0.084915    0.893096 v input65/X (sky130_fd_sc_hd__buf_8)
                                                         net65 (net)
                      0.029858    0.001788    0.894884 v fanout118/A (sky130_fd_sc_hd__buf_8)
     5    0.036011    0.031229    0.092442    0.987326 v fanout118/X (sky130_fd_sc_hd__buf_8)
                                                         net118 (net)
                      0.031557    0.002584    0.989911 v fanout113/A (sky130_fd_sc_hd__buf_6)
     3    0.016663    0.022871    0.083978    1.073889 v fanout113/X (sky130_fd_sc_hd__buf_6)
                                                         net113 (net)
                      0.022875    0.000352    1.074241 v fanout112/A (sky130_fd_sc_hd__buf_8)
     6    0.037477    0.031759    0.090804    1.165045 v fanout112/X (sky130_fd_sc_hd__buf_8)
                                                         net112 (net)
                      0.031803    0.000612    1.165657 v fanout109/A (sky130_fd_sc_hd__buf_8)
     5    0.032290    0.029189    0.091536    1.257193 v fanout109/X (sky130_fd_sc_hd__buf_8)
                                                         net109 (net)
                      0.029451    0.002184    1.259377 v _591_/A (sky130_fd_sc_hd__and2_4)
     3    0.013843    0.031077    0.100819    1.360196 v _591_/X (sky130_fd_sc_hd__and2_4)
                                                         _010_ (net)
                      0.031085    0.000505    1.360701 v _607_/A2 (sky130_fd_sc_hd__o2111a_2)
     1    0.010481    0.043628    0.176653    1.537354 v _607_/X (sky130_fd_sc_hd__o2111a_2)
                                                         _026_ (net)
                      0.043644    0.000835    1.538188 v _619_/A2 (sky130_fd_sc_hd__a21oi_4)
     2    0.022582    0.149364    0.165651    1.703839 ^ _619_/Y (sky130_fd_sc_hd__a21oi_4)
                                                         _038_ (net)
                      0.149416    0.002223    1.706062 ^ _350_/C (sky130_fd_sc_hd__nand3_4)
     2    0.017844    0.061136    0.068875    1.774938 v _350_/Y (sky130_fd_sc_hd__nand3_4)
                                                         _115_ (net)
                      0.061140    0.000970    1.775908 v _351_/B2 (sky130_fd_sc_hd__a22oi_4)
     3    0.024067    0.133104    0.129142    1.905050 ^ _351_/Y (sky130_fd_sc_hd__a22oi_4)
                                                         _116_ (net)
                      0.133216    0.003088    1.908137 ^ _386_/B1 (sky130_fd_sc_hd__o22ai_4)
     4    0.033426    0.071853    0.078069    1.986206 v _386_/Y (sky130_fd_sc_hd__o22ai_4)
                                                         _151_ (net)
                      0.072097    0.003523    1.989729 v rebuffer121/A (sky130_fd_sc_hd__buf_2)
     1    0.005012    0.021039    0.097506    2.087235 v rebuffer121/X (sky130_fd_sc_hd__buf_2)
                                                         net121 (net)
                      0.021039    0.000389    2.087624 v _420_/A (sky130_fd_sc_hd__nand2_2)
     1    0.005946    0.038317    0.038456    2.126080 ^ _420_/Y (sky130_fd_sc_hd__nand2_2)
                                                         _182_ (net)
                      0.038318    0.000486    2.126566 ^ _422_/B (sky130_fd_sc_hd__nand3_2)
     1    0.008660    0.056368    0.053659    2.180224 v _422_/Y (sky130_fd_sc_hd__nand3_2)
                                                         _184_ (net)
                      0.056382    0.000701    2.180926 v _423_/B (sky130_fd_sc_hd__xnor2_2)
     1    0.008766    0.123569    0.126468    2.307394 ^ _423_/Y (sky130_fd_sc_hd__xnor2_2)
                                                         net76 (net)
                      0.123570    0.000819    2.308213 ^ output76/A (sky130_fd_sc_hd__buf_6)
     1    0.036170    0.060955    0.107660    2.415873 ^ output76/X (sky130_fd_sc_hd__buf_6)
                                                         S[19] (net)
                      0.061096    0.002169    2.418042 ^ S[19] (out)
                                              2.418042   data arrival time

                      0.000000    4.000000    4.000000   clock __VIRTUAL_CLK__ (rise edge)
                                  0.000000    4.000000   clock network delay (ideal)
                                 -0.250000    3.750000   clock uncertainty
                                  0.000000    3.750000   clock reconvergence pessimism
                                 -0.800000    2.950000   output external delay
                                              2.950000   data required time
---------------------------------------------------------------------------------------------
                                              2.950000   data required time
                                             -2.418042   data arrival time
---------------------------------------------------------------------------------------------
                                              0.531958   slack (MET)


Startpoint: sub (input port clocked by __VIRTUAL_CLK__)
Endpoint: S[11] (output port clocked by __VIRTUAL_CLK__)
Path Group: __VIRTUAL_CLK__
Path Type: max

Fanout         Cap        Slew       Delay        Time   Description
---------------------------------------------------------------------------------------------
                      0.000000    0.000000    0.000000   clock __VIRTUAL_CLK__ (rise edge)
                                  0.000000    0.000000   clock network delay (ideal)
                                  0.800000    0.800000 v input external delay
     1    0.008056    0.013212    0.008181    0.808181 v sub (in)
                                                         sub (net)
                      0.013230    0.000000    0.808181 v input65/A (sky130_fd_sc_hd__buf_8)
     4    0.033554    0.029683    0.084915    0.893096 v input65/X (sky130_fd_sc_hd__buf_8)
                                                         net65 (net)
                      0.029906    0.002047    0.895144 v fanout105/A (sky130_fd_sc_hd__buf_8)
     3    0.016619    0.021697    0.082634    0.977778 v fanout105/X (sky130_fd_sc_hd__buf_8)
                                                         net105 (net)
                      0.021713    0.001026    0.978803 v fanout102/A (sky130_fd_sc_hd__buf_8)
     4    0.018317    0.022365    0.080211    1.059014 v fanout102/X (sky130_fd_sc_hd__buf_8)
                                                         net102 (net)
                      0.022410    0.001336    1.060350 v fanout100/A (sky130_fd_sc_hd__buf_8)
     4    0.018303    0.022355    0.080508    1.140858 v fanout100/X (sky130_fd_sc_hd__buf_8)
                                                         net100 (net)
                      0.022388    0.001140    1.141998 v load_slew101/A (sky130_fd_sc_hd__buf_8)
     6    0.030924    0.028322    0.087222    1.229220 v load_slew101/X (sky130_fd_sc_hd__buf_8)
                                                         net101 (net)
                      0.028434    0.001598    1.230818 v _316_/A2 (sky130_fd_sc_hd__o21a_4)
     2    0.012570    0.033061    0.132151    1.362969 v _316_/X (sky130_fd_sc_hd__o21a_4)
                                                         _081_ (net)
                      0.033112    0.000967    1.363936 v _342_/A2_N (sky130_fd_sc_hd__o2bb2ai_4)
     2    0.017304    0.051101    0.079329    1.443265 v _342_/Y (sky130_fd_sc_hd__o2bb2ai_4)
                                                         _107_ (net)
                      0.051158    0.001363    1.444628 v _344_/A2_N (sky130_fd_sc_hd__o2bb2ai_4)
     1    0.008679    0.037624    0.077686    1.522314 v _344_/Y (sky130_fd_sc_hd__o2bb2ai_4)
                                                         _109_ (net)
                      0.037640    0.000696    1.523010 v _346_/B2 (sky130_fd_sc_hd__a22oi_4)
     3    0.016572    0.108179    0.100127    1.623137 ^ _346_/Y (sky130_fd_sc_hd__a22oi_4)
                                                         _111_ (net)
                      0.108185    0.001593    1.624729 ^ rebuffer185/A (sky130_fd_sc_hd__buf_2)
     1    0.007863    0.036759    0.095639    1.720369 ^ rebuffer185/X (sky130_fd_sc_hd__buf_2)
                                                         net185 (net)
                      0.036770    0.000620    1.720988 ^ rebuffer166/A (sky130_fd_sc_hd__buf_6)
     1    0.009624    0.023882    0.063509    1.784497 ^ rebuffer166/X (sky130_fd_sc_hd__buf_6)
                                                         net166 (net)
                      0.023885    0.000489    1.784987 ^ _348_/A1 (sky130_fd_sc_hd__a21oi_4)
     3    0.011585    0.030418    0.031960    1.816947 v _348_/Y (sky130_fd_sc_hd__a21oi_4)
                                                         _113_ (net)
                      0.030422    0.000720    1.817667 v _566_/A2 (sky130_fd_sc_hd__o211a_2)
     1    0.004928    0.034834    0.155315    1.972982 v _566_/X (sky130_fd_sc_hd__o211a_2)
                                                         _305_ (net)
                      0.034834    0.000373    1.973356 v _569_/A3 (sky130_fd_sc_hd__o31a_2)
     1    0.008093    0.046272    0.189909    2.163265 v _569_/X (sky130_fd_sc_hd__o31a_2)
                                                         _307_ (net)
                      0.046272    0.000461    2.163726 v _570_/B (sky130_fd_sc_hd__xor2_2)
     1    0.004870    0.084718    0.096385    2.260111 ^ _570_/X (sky130_fd_sc_hd__xor2_2)
                                                         net68 (net)
                      0.084718    0.000219    2.260330 ^ output68/A (sky130_fd_sc_hd__clkbuf_4)
     1    0.034998    0.085766    0.148533    2.408863 ^ output68/X (sky130_fd_sc_hd__clkbuf_4)
                                                         S[11] (net)
                      0.085851    0.001764    2.410627 ^ S[11] (out)
                                              2.410627   data arrival time

                      0.000000    4.000000    4.000000   clock __VIRTUAL_CLK__ (rise edge)
                                  0.000000    4.000000   clock network delay (ideal)
                                 -0.250000    3.750000   clock uncertainty
                                  0.000000    3.750000   clock reconvergence pessimism
                                 -0.800000    2.950000   output external delay
                                              2.950000   data required time
---------------------------------------------------------------------------------------------
                                              2.950000   data required time
                                             -2.410627   data arrival time
---------------------------------------------------------------------------------------------
                                              0.539373   slack (MET)


Startpoint: sub (input port clocked by __VIRTUAL_CLK__)
Endpoint: S[29] (output port clocked by __VIRTUAL_CLK__)
Path Group: __VIRTUAL_CLK__
Path Type: max

Fanout         Cap        Slew       Delay        Time   Description
---------------------------------------------------------------------------------------------
                      0.000000    0.000000    0.000000   clock __VIRTUAL_CLK__ (rise edge)
                                  0.000000    0.000000   clock network delay (ideal)
                                  0.800000    0.800000 v input external delay
     1    0.008056    0.013212    0.008181    0.808181 v sub (in)
                                                         sub (net)
                      0.013230    0.000000    0.808181 v input65/A (sky130_fd_sc_hd__buf_8)
     4    0.033554    0.029683    0.084915    0.893096 v input65/X (sky130_fd_sc_hd__buf_8)
                                                         net65 (net)
                      0.029858    0.001788    0.894884 v fanout118/A (sky130_fd_sc_hd__buf_8)
     5    0.036011    0.031229    0.092442    0.987326 v fanout118/X (sky130_fd_sc_hd__buf_8)
                                                         net118 (net)
                      0.031557    0.002584    0.989911 v fanout113/A (sky130_fd_sc_hd__buf_6)
     3    0.016663    0.022871    0.083978    1.073889 v fanout113/X (sky130_fd_sc_hd__buf_6)
                                                         net113 (net)
                      0.022875    0.000352    1.074241 v fanout112/A (sky130_fd_sc_hd__buf_8)
     6    0.037477    0.031759    0.090804    1.165045 v fanout112/X (sky130_fd_sc_hd__buf_8)
                                                         net112 (net)
                      0.031803    0.000612    1.165657 v fanout109/A (sky130_fd_sc_hd__buf_8)
     5    0.032290    0.029189    0.091536    1.257193 v fanout109/X (sky130_fd_sc_hd__buf_8)
                                                         net109 (net)
                      0.029451    0.002184    1.259377 v _591_/A (sky130_fd_sc_hd__and2_4)
     3    0.013843    0.031077    0.100819    1.360196 v _591_/X (sky130_fd_sc_hd__and2_4)
                                                         _010_ (net)
                      0.031085    0.000505    1.360701 v _607_/A2 (sky130_fd_sc_hd__o2111a_2)
     1    0.010481    0.043628    0.176653    1.537354 v _607_/X (sky130_fd_sc_hd__o2111a_2)
                                                         _026_ (net)
                      0.043644    0.000835    1.538188 v _619_/A2 (sky130_fd_sc_hd__a21oi_4)
     2    0.022582    0.149364    0.165651    1.703839 ^ _619_/Y (sky130_fd_sc_hd__a21oi_4)
                                                         _038_ (net)
                      0.149416    0.002223    1.706062 ^ _350_/C (sky130_fd_sc_hd__nand3_4)
     2    0.017844    0.061136    0.068875    1.774938 v _350_/Y (sky130_fd_sc_hd__nand3_4)
                                                         _115_ (net)
                      0.061140    0.000970    1.775908 v _351_/B2 (sky130_fd_sc_hd__a22oi_4)
     3    0.024067    0.133104    0.129142    1.905050 ^ _351_/Y (sky130_fd_sc_hd__a22oi_4)
                                                         _116_ (net)
                      0.133216    0.003088    1.908137 ^ _386_/B1 (sky130_fd_sc_hd__o22ai_4)
     4    0.033426    0.071853    0.078069    1.986206 v _386_/Y (sky130_fd_sc_hd__o22ai_4)
                                                         _151_ (net)
                      0.072111    0.003622    1.989828 v _514_/A1 (sky130_fd_sc_hd__a21oi_4)
     2    0.014684    0.113974    0.132337    2.122166 ^ _514_/Y (sky130_fd_sc_hd__a21oi_4)
                                                         _267_ (net)
                      0.113976    0.000855    2.123021 ^ _520_/B2 (sky130_fd_sc_hd__o22ai_2)
     1    0.010527    0.063179    0.046404    2.169425 v _520_/Y (sky130_fd_sc_hd__o22ai_2)
                                                         _272_ (net)
                      0.063183    0.000901    2.170326 v _524_/A (sky130_fd_sc_hd__xnor2_2)
     1    0.005559    0.097832    0.127868    2.298195 ^ _524_/Y (sky130_fd_sc_hd__xnor2_2)
                                                         net87 (net)
                      0.097832    0.000440    2.298634 ^ output87/A (sky130_fd_sc_hd__buf_6)
     1    0.035340    0.059526    0.102873    2.401507 ^ output87/X (sky130_fd_sc_hd__buf_6)
                                                         S[29] (net)
                      0.059656    0.002048    2.403554 ^ S[29] (out)
                                              2.403554   data arrival time

                      0.000000    4.000000    4.000000   clock __VIRTUAL_CLK__ (rise edge)
                                  0.000000    4.000000   clock network delay (ideal)
                                 -0.250000    3.750000   clock uncertainty
                                  0.000000    3.750000   clock reconvergence pessimism
                                 -0.800000    2.950000   output external delay
                                              2.950000   data required time
---------------------------------------------------------------------------------------------
                                              2.950000   data required time
                                             -2.403554   data arrival time
---------------------------------------------------------------------------------------------
                                              0.546445   slack (MET)


Startpoint: sub (input port clocked by __VIRTUAL_CLK__)
Endpoint: S[7] (output port clocked by __VIRTUAL_CLK__)
Path Group: __VIRTUAL_CLK__
Path Type: max

Fanout         Cap        Slew       Delay        Time   Description
---------------------------------------------------------------------------------------------
                      0.000000    0.000000    0.000000   clock __VIRTUAL_CLK__ (rise edge)
                                  0.000000    0.000000   clock network delay (ideal)
                                  0.800000    0.800000 v input external delay
     1    0.008056    0.013212    0.008181    0.808181 v sub (in)
                                                         sub (net)
                      0.013230    0.000000    0.808181 v input65/A (sky130_fd_sc_hd__buf_8)
     4    0.033554    0.029683    0.084915    0.893096 v input65/X (sky130_fd_sc_hd__buf_8)
                                                         net65 (net)
                      0.029906    0.002047    0.895144 v fanout105/A (sky130_fd_sc_hd__buf_8)
     3    0.016619    0.021697    0.082634    0.977778 v fanout105/X (sky130_fd_sc_hd__buf_8)
                                                         net105 (net)
                      0.021713    0.001026    0.978803 v fanout102/A (sky130_fd_sc_hd__buf_8)
     4    0.018317    0.022365    0.080211    1.059014 v fanout102/X (sky130_fd_sc_hd__buf_8)
                                                         net102 (net)
                      0.022410    0.001336    1.060350 v fanout100/A (sky130_fd_sc_hd__buf_8)
     4    0.018303    0.022355    0.080508    1.140858 v fanout100/X (sky130_fd_sc_hd__buf_8)
                                                         net100 (net)
                      0.022388    0.001140    1.141998 v load_slew101/A (sky130_fd_sc_hd__buf_8)
     6    0.030924    0.028322    0.087222    1.229220 v load_slew101/X (sky130_fd_sc_hd__buf_8)
                                                         net101 (net)
                      0.028434    0.001598    1.230818 v _316_/A2 (sky130_fd_sc_hd__o21a_4)
     2    0.012570    0.033061    0.132151    1.362969 v _316_/X (sky130_fd_sc_hd__o21a_4)
                                                         _081_ (net)
                      0.033092    0.000671    1.363640 v rebuffer149/A (sky130_fd_sc_hd__buf_2)
     1    0.008886    0.026265    0.087951    1.451591 v rebuffer149/X (sky130_fd_sc_hd__buf_2)
                                                         net149 (net)
                      0.026273    0.000449    1.452040 v _317_/A (sky130_fd_sc_hd__nand2_4)
     3    0.032769    0.085218    0.076239    1.528280 ^ _317_/Y (sky130_fd_sc_hd__nand2_4)
                                                         _082_ (net)
                      0.085317    0.002384    1.530663 ^ _341_/D (sky130_fd_sc_hd__nand4_4)
     2    0.017671    0.074860    0.084244    1.614908 v _341_/Y (sky130_fd_sc_hd__nand4_4)
                                                         _106_ (net)
                      0.074863    0.000915    1.615823 v rebuffer179/A (sky130_fd_sc_hd__buf_6)
     2    0.025725    0.027931    0.109917    1.725740 v rebuffer179/X (sky130_fd_sc_hd__buf_6)
                                                         net179 (net)
                      0.027993    0.001049    1.726789 v _347_/B (sky130_fd_sc_hd__nand2_8)
     2    0.018963    0.043559    0.054577    1.781366 ^ _347_/Y (sky130_fd_sc_hd__nand2_8)
                                                         _112_ (net)
                      0.043577    0.001688    1.783055 ^ _554_/A2 (sky130_fd_sc_hd__a21oi_4)
     3    0.019992    0.050271    0.048471    1.831526 v _554_/Y (sky130_fd_sc_hd__a21oi_4)
                                                         _298_ (net)
                      0.050346    0.001584    1.833110 v rebuffer180/A (sky130_fd_sc_hd__buf_6)
     1    0.004425    0.015515    0.081666    1.914776 v rebuffer180/X (sky130_fd_sc_hd__buf_6)
                                                         net180 (net)
                      0.015516    0.000345    1.915120 v _558_/A4 (sky130_fd_sc_hd__o41a_4)
     1    0.008743    0.051616    0.224621    2.139741 v _558_/X (sky130_fd_sc_hd__o41a_4)
                                                         _300_ (net)
                      0.051616    0.000710    2.140451 v _559_/A (sky130_fd_sc_hd__xnor2_2)
     1    0.006767    0.107375    0.131398    2.271849 ^ _559_/Y (sky130_fd_sc_hd__xnor2_2)
                                                         net95 (net)
                      0.107376    0.000546    2.272395 ^ output95/A (sky130_fd_sc_hd__buf_6)
     1    0.035096    0.059313    0.104123    2.376518 ^ output95/X (sky130_fd_sc_hd__buf_6)
                                                         S[7] (net)
                      0.059418    0.002092    2.378610 ^ S[7] (out)
                                              2.378610   data arrival time

                      0.000000    4.000000    4.000000   clock __VIRTUAL_CLK__ (rise edge)
                                  0.000000    4.000000   clock network delay (ideal)
                                 -0.250000    3.750000   clock uncertainty
                                  0.000000    3.750000   clock reconvergence pessimism
                                 -0.800000    2.950000   output external delay
                                              2.950000   data required time
---------------------------------------------------------------------------------------------
                                              2.950000   data required time
                                             -2.378610   data arrival time
---------------------------------------------------------------------------------------------
                                              0.571389   slack (MET)


Startpoint: sub (input port clocked by __VIRTUAL_CLK__)
Endpoint: S[20] (output port clocked by __VIRTUAL_CLK__)
Path Group: __VIRTUAL_CLK__
Path Type: max

Fanout         Cap        Slew       Delay        Time   Description
---------------------------------------------------------------------------------------------
                      0.000000    0.000000    0.000000   clock __VIRTUAL_CLK__ (rise edge)
                                  0.000000    0.000000   clock network delay (ideal)
                                  0.800000    0.800000 v input external delay
     1    0.008056    0.013212    0.008181    0.808181 v sub (in)
                                                         sub (net)
                      0.013230    0.000000    0.808181 v input65/A (sky130_fd_sc_hd__buf_8)
     4    0.033554    0.029683    0.084915    0.893096 v input65/X (sky130_fd_sc_hd__buf_8)
                                                         net65 (net)
                      0.029858    0.001788    0.894884 v fanout118/A (sky130_fd_sc_hd__buf_8)
     5    0.036011    0.031229    0.092442    0.987326 v fanout118/X (sky130_fd_sc_hd__buf_8)
                                                         net118 (net)
                      0.031557    0.002584    0.989911 v fanout113/A (sky130_fd_sc_hd__buf_6)
     3    0.016663    0.022871    0.083978    1.073889 v fanout113/X (sky130_fd_sc_hd__buf_6)
                                                         net113 (net)
                      0.022875    0.000352    1.074241 v fanout112/A (sky130_fd_sc_hd__buf_8)
     6    0.037477    0.031759    0.090804    1.165045 v fanout112/X (sky130_fd_sc_hd__buf_8)
                                                         net112 (net)
                      0.031803    0.000612    1.165657 v fanout109/A (sky130_fd_sc_hd__buf_8)
     5    0.032290    0.029189    0.091536    1.257193 v fanout109/X (sky130_fd_sc_hd__buf_8)
                                                         net109 (net)
                      0.029451    0.002184    1.259377 v _591_/A (sky130_fd_sc_hd__and2_4)
     3    0.013843    0.031077    0.100819    1.360196 v _591_/X (sky130_fd_sc_hd__and2_4)
                                                         _010_ (net)
                      0.031085    0.000505    1.360701 v _607_/A2 (sky130_fd_sc_hd__o2111a_2)
     1    0.010481    0.043628    0.176653    1.537354 v _607_/X (sky130_fd_sc_hd__o2111a_2)
                                                         _026_ (net)
                      0.043644    0.000835    1.538188 v _619_/A2 (sky130_fd_sc_hd__a21oi_4)
     2    0.022582    0.149364    0.165651    1.703839 ^ _619_/Y (sky130_fd_sc_hd__a21oi_4)
                                                         _038_ (net)
                      0.149416    0.002223    1.706062 ^ _350_/C (sky130_fd_sc_hd__nand3_4)
     2    0.017844    0.061136    0.068875    1.774938 v _350_/Y (sky130_fd_sc_hd__nand3_4)
                                                         _115_ (net)
                      0.061138    0.000686    1.775624 v _352_/A1_N (sky130_fd_sc_hd__o2bb2ai_4)
     2    0.017282    0.044742    0.104110    1.879734 v _352_/Y (sky130_fd_sc_hd__o2bb2ai_4)
                                                         _117_ (net)
                      0.044829    0.001786    1.881520 v _385_/B2 (sky130_fd_sc_hd__a22oi_4)
     4    0.032590    0.162490    0.145108    2.026627 ^ _385_/Y (sky130_fd_sc_hd__a22oi_4)
                                                         _150_ (net)
                      0.162563    0.002792    2.029420 ^ _426_/A1 (sky130_fd_sc_hd__o21bai_4)
     4    0.034876    0.082663    0.091892    2.121311 v _426_/Y (sky130_fd_sc_hd__o21bai_4)
                                                         _187_ (net)
                      0.082968    0.004211    2.125523 v _433_/A (sky130_fd_sc_hd__xnor2_2)
     1    0.005981    0.101534    0.137946    2.263469 ^ _433_/Y (sky130_fd_sc_hd__xnor2_2)
                                                         net78 (net)
                      0.101534    0.000454    2.263922 ^ output78/A (sky130_fd_sc_hd__buf_6)
     1    0.035671    0.060031    0.103906    2.367829 ^ output78/X (sky130_fd_sc_hd__buf_6)
                                                         S[20] (net)
                      0.060143    0.001875    2.369703 ^ S[20] (out)
                                              2.369703   data arrival time

                      0.000000    4.000000    4.000000   clock __VIRTUAL_CLK__ (rise edge)
                                  0.000000    4.000000   clock network delay (ideal)
                                 -0.250000    3.750000   clock uncertainty
                                  0.000000    3.750000   clock reconvergence pessimism
                                 -0.800000    2.950000   output external delay
                                              2.950000   data required time
---------------------------------------------------------------------------------------------
                                              2.950000   data required time
                                             -2.369703   data arrival time
---------------------------------------------------------------------------------------------
                                              0.580297   slack (MET)


Startpoint: sub (input port clocked by __VIRTUAL_CLK__)
Endpoint: S[15] (output port clocked by __VIRTUAL_CLK__)
Path Group: __VIRTUAL_CLK__
Path Type: max

Fanout         Cap        Slew       Delay        Time   Description
---------------------------------------------------------------------------------------------
                      0.000000    0.000000    0.000000   clock __VIRTUAL_CLK__ (rise edge)
                                  0.000000    0.000000   clock network delay (ideal)
                                  0.800000    0.800000 v input external delay
     1    0.008056    0.013212    0.008181    0.808181 v sub (in)
                                                         sub (net)
                      0.013230    0.000000    0.808181 v input65/A (sky130_fd_sc_hd__buf_8)
     4    0.033554    0.029683    0.084915    0.893096 v input65/X (sky130_fd_sc_hd__buf_8)
                                                         net65 (net)
                      0.029858    0.001788    0.894884 v fanout118/A (sky130_fd_sc_hd__buf_8)
     5    0.036011    0.031229    0.092442    0.987326 v fanout118/X (sky130_fd_sc_hd__buf_8)
                                                         net118 (net)
                      0.031557    0.002584    0.989911 v fanout113/A (sky130_fd_sc_hd__buf_6)
     3    0.016663    0.022871    0.083978    1.073889 v fanout113/X (sky130_fd_sc_hd__buf_6)
                                                         net113 (net)
                      0.022875    0.000352    1.074241 v fanout112/A (sky130_fd_sc_hd__buf_8)
     6    0.037477    0.031759    0.090804    1.165045 v fanout112/X (sky130_fd_sc_hd__buf_8)
                                                         net112 (net)
                      0.031803    0.000612    1.165657 v fanout109/A (sky130_fd_sc_hd__buf_8)
     5    0.032290    0.029189    0.091536    1.257193 v fanout109/X (sky130_fd_sc_hd__buf_8)
                                                         net109 (net)
                      0.029411    0.001991    1.259184 v _601_/A1 (sky130_fd_sc_hd__o21ai_4)
     1    0.010073    0.104193    0.115357    1.374541 ^ _601_/Y (sky130_fd_sc_hd__o21ai_4)
                                                         _020_ (net)
                      0.104195    0.000822    1.375363 ^ _602_/B1 (sky130_fd_sc_hd__a21oi_4)
     3    0.020162    0.082172    0.035984    1.411348 v _602_/Y (sky130_fd_sc_hd__a21oi_4)
                                                         _021_ (net)
                      0.082178    0.000551    1.411898 v _606_/B1 (sky130_fd_sc_hd__a21oi_4)
     2    0.012956    0.106342    0.090202    1.502100 ^ _606_/Y (sky130_fd_sc_hd__a21oi_4)
                                                         _025_ (net)
                      0.106345    0.001032    1.503132 ^ _623_/B (sky130_fd_sc_hd__nand4_4)
     3    0.017948    0.081970    0.087749    1.590881 v _623_/Y (sky130_fd_sc_hd__nand4_4)
                                                         _042_ (net)
                      0.081975    0.001275    1.592156 v _349_/A2 (sky130_fd_sc_hd__o21ai_4)
     2    0.019269    0.137551    0.152184    1.744339 ^ _349_/Y (sky130_fd_sc_hd__o21ai_4)
                                                         _114_ (net)
                      0.137553    0.001172    1.745511 ^ _351_/B1 (sky130_fd_sc_hd__a22oi_4)
     3    0.022819    0.064739    0.060108    1.805619 v _351_/Y (sky130_fd_sc_hd__a22oi_4)
                                                         _116_ (net)
                      0.064819    0.002423    1.808042 v _571_/B (sky130_fd_sc_hd__or2_4)
     2    0.018476    0.047868    0.178530    1.986572 v _571_/X (sky130_fd_sc_hd__or2_4)
                                                         _308_ (net)
                      0.047869    0.001350    1.987921 v _577_/A3 (sky130_fd_sc_hd__o31ai_4)
     1    0.008835    0.154728    0.148050    2.135971 ^ _577_/Y (sky130_fd_sc_hd__o31ai_4)
                                                         _311_ (net)
                      0.154728    0.000712    2.136683 ^ _578_/B (sky130_fd_sc_hd__xnor2_2)
     1    0.006530    0.105504    0.085491    2.222174 ^ _578_/Y (sky130_fd_sc_hd__xnor2_2)
                                                         net72 (net)
                      0.105504    0.000328    2.222502 ^ output72/A (sky130_fd_sc_hd__buf_6)
     1    0.035318    0.059575    0.104152    2.326655 ^ output72/X (sky130_fd_sc_hd__buf_6)
                                                         S[15] (net)
                      0.059691    0.001906    2.328561 ^ S[15] (out)
                                              2.328561   data arrival time

                      0.000000    4.000000    4.000000   clock __VIRTUAL_CLK__ (rise edge)
                                  0.000000    4.000000   clock network delay (ideal)
                                 -0.250000    3.750000   clock uncertainty
                                  0.000000    3.750000   clock reconvergence pessimism
                                 -0.800000    2.950000   output external delay
                                              2.950000   data required time
---------------------------------------------------------------------------------------------
                                              2.950000   data required time
                                             -2.328561   data arrival time
---------------------------------------------------------------------------------------------
                                              0.621439   slack (MET)


Startpoint: sub (input port clocked by __VIRTUAL_CLK__)
Endpoint: S[10] (output port clocked by __VIRTUAL_CLK__)
Path Group: __VIRTUAL_CLK__
Path Type: max

Fanout         Cap        Slew       Delay        Time   Description
---------------------------------------------------------------------------------------------
                      0.000000    0.000000    0.000000   clock __VIRTUAL_CLK__ (rise edge)
                                  0.000000    0.000000   clock network delay (ideal)
                                  0.800000    0.800000 v input external delay
     1    0.008056    0.013212    0.008181    0.808181 v sub (in)
                                                         sub (net)
                      0.013230    0.000000    0.808181 v input65/A (sky130_fd_sc_hd__buf_8)
     4    0.033554    0.029683    0.084915    0.893096 v input65/X (sky130_fd_sc_hd__buf_8)
                                                         net65 (net)
                      0.029906    0.002047    0.895144 v fanout105/A (sky130_fd_sc_hd__buf_8)
     3    0.016619    0.021697    0.082634    0.977778 v fanout105/X (sky130_fd_sc_hd__buf_8)
                                                         net105 (net)
                      0.021713    0.001026    0.978803 v fanout102/A (sky130_fd_sc_hd__buf_8)
     4    0.018317    0.022365    0.080211    1.059014 v fanout102/X (sky130_fd_sc_hd__buf_8)
                                                         net102 (net)
                      0.022410    0.001336    1.060350 v fanout100/A (sky130_fd_sc_hd__buf_8)
     4    0.018303    0.022355    0.080508    1.140858 v fanout100/X (sky130_fd_sc_hd__buf_8)
                                                         net100 (net)
                      0.022388    0.001140    1.141998 v load_slew101/A (sky130_fd_sc_hd__buf_8)
     6    0.030924    0.028322    0.087222    1.229220 v load_slew101/X (sky130_fd_sc_hd__buf_8)
                                                         net101 (net)
                      0.028402    0.001373    1.230593 v _319_/A (sky130_fd_sc_hd__and2_4)
     2    0.017653    0.036203    0.104853    1.335447 v _319_/X (sky130_fd_sc_hd__and2_4)
                                                         _084_ (net)
                      0.036236    0.001036    1.336483 v _342_/B1 (sky130_fd_sc_hd__o2bb2ai_4)
     2    0.018420    0.123036    0.138795    1.475278 ^ _342_/Y (sky130_fd_sc_hd__o2bb2ai_4)
                                                         _107_ (net)
                      0.123040    0.001458    1.476736 ^ _344_/A2_N (sky130_fd_sc_hd__o2bb2ai_4)
     1    0.009871    0.090214    0.087680    1.564416 ^ _344_/Y (sky130_fd_sc_hd__o2bb2ai_4)
                                                         _109_ (net)
                      0.090216    0.000797    1.565213 ^ _346_/B2 (sky130_fd_sc_hd__a22oi_4)
     3    0.015659    0.061728    0.048492    1.613705 v _346_/Y (sky130_fd_sc_hd__a22oi_4)
                                                         _111_ (net)
                      0.061737    0.001500    1.615205 v rebuffer185/A (sky130_fd_sc_hd__buf_2)
     1    0.007375    0.024067    0.097285    1.712490 v rebuffer185/X (sky130_fd_sc_hd__buf_2)
                                                         net185 (net)
                      0.024082    0.000573    1.713062 v rebuffer166/A (sky130_fd_sc_hd__buf_6)
     1    0.008913    0.018433    0.074457    1.787519 v rebuffer166/X (sky130_fd_sc_hd__buf_6)
                                                         net166 (net)
                      0.018433    0.000451    1.787970 v _348_/A1 (sky130_fd_sc_hd__a21oi_4)
     3    0.012946    0.106331    0.105625    1.893595 ^ _348_/Y (sky130_fd_sc_hd__a21oi_4)
                                                         _113_ (net)
                      0.106332    0.000828    1.894423 ^ _560_/A2 (sky130_fd_sc_hd__o21a_2)
     4    0.024908    0.101959    0.144634    2.039056 ^ _560_/X (sky130_fd_sc_hd__o21a_2)
                                                         _301_ (net)
                      0.102030    0.001647    2.040704 ^ _567_/A2 (sky130_fd_sc_hd__a21oi_4)
     1    0.009000    0.052299    0.044248    2.084952 v _567_/Y (sky130_fd_sc_hd__a21oi_4)
                                                         _306_ (net)
                      0.052301    0.000736    2.085687 v _568_/B (sky130_fd_sc_hd__xnor2_2)
     1    0.009045    0.126028    0.126828    2.212515 ^ _568_/Y (sky130_fd_sc_hd__xnor2_2)
                                                         net67 (net)
                      0.126028    0.000533    2.213048 ^ output67/A (sky130_fd_sc_hd__buf_6)
     1    0.035029    0.059393    0.106801    2.319849 ^ output67/X (sky130_fd_sc_hd__buf_6)
                                                         S[10] (net)
                      0.059496    0.001763    2.321612 ^ S[10] (out)
                                              2.321612   data arrival time

                      0.000000    4.000000    4.000000   clock __VIRTUAL_CLK__ (rise edge)
                                  0.000000    4.000000   clock network delay (ideal)
                                 -0.250000    3.750000   clock uncertainty
                                  0.000000    3.750000   clock reconvergence pessimism
                                 -0.800000    2.950000   output external delay
                                              2.950000   data required time
---------------------------------------------------------------------------------------------
                                              2.950000   data required time
                                             -2.321612   data arrival time
---------------------------------------------------------------------------------------------
                                              0.628388   slack (MET)


Startpoint: sub (input port clocked by __VIRTUAL_CLK__)
Endpoint: S[28] (output port clocked by __VIRTUAL_CLK__)
Path Group: __VIRTUAL_CLK__
Path Type: max

Fanout         Cap        Slew       Delay        Time   Description
---------------------------------------------------------------------------------------------
                      0.000000    0.000000    0.000000   clock __VIRTUAL_CLK__ (rise edge)
                                  0.000000    0.000000   clock network delay (ideal)
                                  0.800000    0.800000 v input external delay
     1    0.008056    0.013212    0.008181    0.808181 v sub (in)
                                                         sub (net)
                      0.013230    0.000000    0.808181 v input65/A (sky130_fd_sc_hd__buf_8)
     4    0.033554    0.029683    0.084915    0.893096 v input65/X (sky130_fd_sc_hd__buf_8)
                                                         net65 (net)
                      0.029858    0.001788    0.894884 v fanout118/A (sky130_fd_sc_hd__buf_8)
     5    0.036011    0.031229    0.092442    0.987326 v fanout118/X (sky130_fd_sc_hd__buf_8)
                                                         net118 (net)
                      0.031557    0.002584    0.989911 v fanout113/A (sky130_fd_sc_hd__buf_6)
     3    0.016663    0.022871    0.083978    1.073889 v fanout113/X (sky130_fd_sc_hd__buf_6)
                                                         net113 (net)
                      0.022875    0.000352    1.074241 v fanout112/A (sky130_fd_sc_hd__buf_8)
     6    0.037477    0.031759    0.090804    1.165045 v fanout112/X (sky130_fd_sc_hd__buf_8)
                                                         net112 (net)
                      0.031803    0.000612    1.165657 v fanout109/A (sky130_fd_sc_hd__buf_8)
     5    0.032290    0.029189    0.091536    1.257193 v fanout109/X (sky130_fd_sc_hd__buf_8)
                                                         net109 (net)
                      0.029451    0.002184    1.259377 v _591_/A (sky130_fd_sc_hd__and2_4)
     3    0.013843    0.031077    0.100819    1.360196 v _591_/X (sky130_fd_sc_hd__and2_4)
                                                         _010_ (net)
                      0.031085    0.000505    1.360701 v _607_/A2 (sky130_fd_sc_hd__o2111a_2)
     1    0.010481    0.043628    0.176653    1.537354 v _607_/X (sky130_fd_sc_hd__o2111a_2)
                                                         _026_ (net)
                      0.043644    0.000835    1.538188 v _619_/A2 (sky130_fd_sc_hd__a21oi_4)
     2    0.022582    0.149364    0.165651    1.703839 ^ _619_/Y (sky130_fd_sc_hd__a21oi_4)
                                                         _038_ (net)
                      0.149416    0.002223    1.706062 ^ _350_/C (sky130_fd_sc_hd__nand3_4)
     2    0.017844    0.061136    0.068875    1.774938 v _350_/Y (sky130_fd_sc_hd__nand3_4)
                                                         _115_ (net)
                      0.061140    0.000970    1.775908 v _351_/B2 (sky130_fd_sc_hd__a22oi_4)
     3    0.024067    0.133104    0.129142    1.905050 ^ _351_/Y (sky130_fd_sc_hd__a22oi_4)
                                                         _116_ (net)
                      0.133216    0.003088    1.908137 ^ _386_/B1 (sky130_fd_sc_hd__o22ai_4)
     4    0.033426    0.071853    0.078069    1.986206 v _386_/Y (sky130_fd_sc_hd__o22ai_4)
                                                         _151_ (net)
                      0.072111    0.003622    1.989828 v _514_/A1 (sky130_fd_sc_hd__a21oi_4)
     2    0.014684    0.113974    0.132337    2.122166 ^ _514_/Y (sky130_fd_sc_hd__a21oi_4)
                                                         _267_ (net)
                      0.113976    0.000982    2.123148 ^ _519_/A (sky130_fd_sc_hd__xnor2_2)
     1    0.006726    0.107137    0.089587    2.212735 ^ _519_/Y (sky130_fd_sc_hd__xnor2_2)
                                                         net86 (net)
                      0.107138    0.000565    2.213300 ^ output86/A (sky130_fd_sc_hd__buf_6)
     1    0.035561    0.059931    0.104556    2.317856 ^ output86/X (sky130_fd_sc_hd__buf_6)
                                                         S[28] (net)
                      0.060067    0.002103    2.319958 ^ S[28] (out)
                                              2.319958   data arrival time

                      0.000000    4.000000    4.000000   clock __VIRTUAL_CLK__ (rise edge)
                                  0.000000    4.000000   clock network delay (ideal)
                                 -0.250000    3.750000   clock uncertainty
                                  0.000000    3.750000   clock reconvergence pessimism
                                 -0.800000    2.950000   output external delay
                                              2.950000   data required time
---------------------------------------------------------------------------------------------
                                              2.950000   data required time
                                             -2.319958   data arrival time
---------------------------------------------------------------------------------------------
                                              0.630041   slack (MET)


Startpoint: sub (input port clocked by __VIRTUAL_CLK__)
Endpoint: S[9] (output port clocked by __VIRTUAL_CLK__)
Path Group: __VIRTUAL_CLK__
Path Type: max

Fanout         Cap        Slew       Delay        Time   Description
---------------------------------------------------------------------------------------------
                      0.000000    0.000000    0.000000   clock __VIRTUAL_CLK__ (rise edge)
                                  0.000000    0.000000   clock network delay (ideal)
                                  0.800000    0.800000 v input external delay
     1    0.008056    0.013212    0.008181    0.808181 v sub (in)
                                                         sub (net)
                      0.013230    0.000000    0.808181 v input65/A (sky130_fd_sc_hd__buf_8)
     4    0.033554    0.029683    0.084915    0.893096 v input65/X (sky130_fd_sc_hd__buf_8)
                                                         net65 (net)
                      0.029906    0.002047    0.895144 v fanout105/A (sky130_fd_sc_hd__buf_8)
     3    0.016619    0.021697    0.082634    0.977778 v fanout105/X (sky130_fd_sc_hd__buf_8)
                                                         net105 (net)
                      0.021713    0.001026    0.978803 v fanout102/A (sky130_fd_sc_hd__buf_8)
     4    0.018317    0.022365    0.080211    1.059014 v fanout102/X (sky130_fd_sc_hd__buf_8)
                                                         net102 (net)
                      0.022410    0.001336    1.060350 v fanout100/A (sky130_fd_sc_hd__buf_8)
     4    0.018303    0.022355    0.080508    1.140858 v fanout100/X (sky130_fd_sc_hd__buf_8)
                                                         net100 (net)
                      0.022388    0.001140    1.141998 v load_slew101/A (sky130_fd_sc_hd__buf_8)
     6    0.030924    0.028322    0.087222    1.229220 v load_slew101/X (sky130_fd_sc_hd__buf_8)
                                                         net101 (net)
                      0.028434    0.001598    1.230818 v _316_/A2 (sky130_fd_sc_hd__o21a_4)
     2    0.012570    0.033061    0.132151    1.362969 v _316_/X (sky130_fd_sc_hd__o21a_4)
                                                         _081_ (net)
                      0.033112    0.000967    1.363936 v _342_/A2_N (sky130_fd_sc_hd__o2bb2ai_4)
     2    0.017304    0.051101    0.079329    1.443265 v _342_/Y (sky130_fd_sc_hd__o2bb2ai_4)
                                                         _107_ (net)
                      0.051158    0.001363    1.444628 v _344_/A2_N (sky130_fd_sc_hd__o2bb2ai_4)
     1    0.008679    0.037624    0.077686    1.522314 v _344_/Y (sky130_fd_sc_hd__o2bb2ai_4)
                                                         _109_ (net)
                      0.037640    0.000696    1.523010 v _346_/B2 (sky130_fd_sc_hd__a22oi_4)
     3    0.016572    0.108179    0.100127    1.623137 ^ _346_/Y (sky130_fd_sc_hd__a22oi_4)
                                                         _111_ (net)
                      0.108185    0.001593    1.624729 ^ rebuffer185/A (sky130_fd_sc_hd__buf_2)
     1    0.007863    0.036759    0.095639    1.720369 ^ rebuffer185/X (sky130_fd_sc_hd__buf_2)
                                                         net185 (net)
                      0.036770    0.000620    1.720988 ^ rebuffer166/A (sky130_fd_sc_hd__buf_6)
     1    0.009624    0.023882    0.063509    1.784497 ^ rebuffer166/X (sky130_fd_sc_hd__buf_6)
                                                         net166 (net)
                      0.023885    0.000489    1.784987 ^ _348_/A1 (sky130_fd_sc_hd__a21oi_4)
     3    0.011585    0.030418    0.031960    1.816947 v _348_/Y (sky130_fd_sc_hd__a21oi_4)
                                                         _113_ (net)
                      0.030423    0.000738    1.817685 v _560_/A2 (sky130_fd_sc_hd__o21a_2)
     4    0.022492    0.055655    0.161368    1.979054 v _560_/X (sky130_fd_sc_hd__o21a_2)
                                                         _301_ (net)
                      0.055662    0.000696    1.979750 v _564_/A2 (sky130_fd_sc_hd__o21a_2)
     1    0.004863    0.028954    0.136218    2.115968 v _564_/X (sky130_fd_sc_hd__o21a_2)
                                                         _304_ (net)
                      0.028954    0.000376    2.116343 v _565_/B (sky130_fd_sc_hd__nor2_2)
     1    0.009895    0.093697    0.088356    2.204699 ^ _565_/Y (sky130_fd_sc_hd__nor2_2)
                                                         net97 (net)
                      0.093711    0.000933    2.205632 ^ output97/A (sky130_fd_sc_hd__buf_6)
     1    0.035302    0.060468    0.102967    2.308600 ^ output97/X (sky130_fd_sc_hd__buf_6)
                                                         S[9] (net)
                      0.060559    0.001962    2.310562 ^ S[9] (out)
                                              2.310562   data arrival time

                      0.000000    4.000000    4.000000   clock __VIRTUAL_CLK__ (rise edge)
                                  0.000000    4.000000   clock network delay (ideal)
                                 -0.250000    3.750000   clock uncertainty
                                  0.000000    3.750000   clock reconvergence pessimism
                                 -0.800000    2.950000   output external delay
                                              2.950000   data required time
---------------------------------------------------------------------------------------------
                                              2.950000   data required time
                                             -2.310562   data arrival time
---------------------------------------------------------------------------------------------
                                              0.639438   slack (MET)


Startpoint: sub (input port clocked by __VIRTUAL_CLK__)
Endpoint: S[17] (output port clocked by __VIRTUAL_CLK__)
Path Group: __VIRTUAL_CLK__
Path Type: max

Fanout         Cap        Slew       Delay        Time   Description
---------------------------------------------------------------------------------------------
                      0.000000    0.000000    0.000000   clock __VIRTUAL_CLK__ (rise edge)
                                  0.000000    0.000000   clock network delay (ideal)
                                  0.800000    0.800000 v input external delay
     1    0.008056    0.013212    0.008181    0.808181 v sub (in)
                                                         sub (net)
                      0.013230    0.000000    0.808181 v input65/A (sky130_fd_sc_hd__buf_8)
     4    0.033554    0.029683    0.084915    0.893096 v input65/X (sky130_fd_sc_hd__buf_8)
                                                         net65 (net)
                      0.029858    0.001788    0.894884 v fanout118/A (sky130_fd_sc_hd__buf_8)
     5    0.036011    0.031229    0.092442    0.987326 v fanout118/X (sky130_fd_sc_hd__buf_8)
                                                         net118 (net)
                      0.031557    0.002584    0.989911 v fanout113/A (sky130_fd_sc_hd__buf_6)
     3    0.016663    0.022871    0.083978    1.073889 v fanout113/X (sky130_fd_sc_hd__buf_6)
                                                         net113 (net)
                      0.022875    0.000352    1.074241 v fanout112/A (sky130_fd_sc_hd__buf_8)
     6    0.037477    0.031759    0.090804    1.165045 v fanout112/X (sky130_fd_sc_hd__buf_8)
                                                         net112 (net)
                      0.031803    0.000612    1.165657 v fanout109/A (sky130_fd_sc_hd__buf_8)
     5    0.032290    0.029189    0.091536    1.257193 v fanout109/X (sky130_fd_sc_hd__buf_8)
                                                         net109 (net)
                      0.029451    0.002184    1.259377 v _591_/A (sky130_fd_sc_hd__and2_4)
     3    0.013843    0.031077    0.100819    1.360196 v _591_/X (sky130_fd_sc_hd__and2_4)
                                                         _010_ (net)
                      0.031085    0.000505    1.360701 v _607_/A2 (sky130_fd_sc_hd__o2111a_2)
     1    0.010481    0.043628    0.176653    1.537354 v _607_/X (sky130_fd_sc_hd__o2111a_2)
                                                         _026_ (net)
                      0.043644    0.000835    1.538188 v _619_/A2 (sky130_fd_sc_hd__a21oi_4)
     2    0.022582    0.149364    0.165651    1.703839 ^ _619_/Y (sky130_fd_sc_hd__a21oi_4)
                                                         _038_ (net)
                      0.149416    0.002223    1.706062 ^ _350_/C (sky130_fd_sc_hd__nand3_4)
     2    0.017844    0.061136    0.068875    1.774938 v _350_/Y (sky130_fd_sc_hd__nand3_4)
                                                         _115_ (net)
                      0.061138    0.000686    1.775624 v _352_/A1_N (sky130_fd_sc_hd__o2bb2ai_4)
     2    0.017282    0.044742    0.104110    1.879734 v _352_/Y (sky130_fd_sc_hd__o2bb2ai_4)
                                                         _117_ (net)
                      0.044829    0.001786    1.881520 v _385_/B2 (sky130_fd_sc_hd__a22oi_4)
     4    0.032590    0.162490    0.145108    2.026627 ^ _385_/Y (sky130_fd_sc_hd__a22oi_4)
                                                         _150_ (net)
                      0.162557    0.002666    2.029293 ^ _401_/A2 (sky130_fd_sc_hd__o21ai_2)
     1    0.008431    0.046007    0.047906    2.077199 v _401_/Y (sky130_fd_sc_hd__o21ai_2)
                                                         _165_ (net)
                      0.046021    0.000676    2.077875 v _402_/B (sky130_fd_sc_hd__xnor2_2)
     1    0.007335    0.112011    0.113415    2.191289 ^ _402_/Y (sky130_fd_sc_hd__xnor2_2)
                                                         net74 (net)
                      0.112011    0.000629    2.191919 ^ output74/A (sky130_fd_sc_hd__buf_6)
     1    0.035580    0.060008    0.105344    2.297262 ^ output74/X (sky130_fd_sc_hd__buf_6)
                                                         S[17] (net)
                      0.060146    0.002128    2.299390 ^ S[17] (out)
                                              2.299390   data arrival time

                      0.000000    4.000000    4.000000   clock __VIRTUAL_CLK__ (rise edge)
                                  0.000000    4.000000   clock network delay (ideal)
                                 -0.250000    3.750000   clock uncertainty
                                  0.000000    3.750000   clock reconvergence pessimism
                                 -0.800000    2.950000   output external delay
                                              2.950000   data required time
---------------------------------------------------------------------------------------------
                                              2.950000   data required time
                                             -2.299390   data arrival time
---------------------------------------------------------------------------------------------
                                              0.650610   slack (MET)


Startpoint: sub (input port clocked by __VIRTUAL_CLK__)
Endpoint: S[14] (output port clocked by __VIRTUAL_CLK__)
Path Group: __VIRTUAL_CLK__
Path Type: max

Fanout         Cap        Slew       Delay        Time   Description
---------------------------------------------------------------------------------------------
                      0.000000    0.000000    0.000000   clock __VIRTUAL_CLK__ (rise edge)
                                  0.000000    0.000000   clock network delay (ideal)
                                  0.800000    0.800000 v input external delay
     1    0.008056    0.013212    0.008181    0.808181 v sub (in)
                                                         sub (net)
                      0.013230    0.000000    0.808181 v input65/A (sky130_fd_sc_hd__buf_8)
     4    0.033554    0.029683    0.084915    0.893096 v input65/X (sky130_fd_sc_hd__buf_8)
                                                         net65 (net)
                      0.029858    0.001788    0.894884 v fanout118/A (sky130_fd_sc_hd__buf_8)
     5    0.036011    0.031229    0.092442    0.987326 v fanout118/X (sky130_fd_sc_hd__buf_8)
                                                         net118 (net)
                      0.031557    0.002584    0.989911 v fanout113/A (sky130_fd_sc_hd__buf_6)
     3    0.016663    0.022871    0.083978    1.073889 v fanout113/X (sky130_fd_sc_hd__buf_6)
                                                         net113 (net)
                      0.022875    0.000352    1.074241 v fanout112/A (sky130_fd_sc_hd__buf_8)
     6    0.037477    0.031759    0.090804    1.165045 v fanout112/X (sky130_fd_sc_hd__buf_8)
                                                         net112 (net)
                      0.031803    0.000612    1.165657 v fanout109/A (sky130_fd_sc_hd__buf_8)
     5    0.032290    0.029189    0.091536    1.257193 v fanout109/X (sky130_fd_sc_hd__buf_8)
                                                         net109 (net)
                      0.029451    0.002184    1.259377 v _591_/A (sky130_fd_sc_hd__and2_4)
     3    0.013843    0.031077    0.100819    1.360196 v _591_/X (sky130_fd_sc_hd__and2_4)
                                                         _010_ (net)
                      0.031085    0.000505    1.360701 v _607_/A2 (sky130_fd_sc_hd__o2111a_2)
     1    0.010481    0.043628    0.176653    1.537354 v _607_/X (sky130_fd_sc_hd__o2111a_2)
                                                         _026_ (net)
                      0.043644    0.000835    1.538188 v _619_/A2 (sky130_fd_sc_hd__a21oi_4)
     2    0.022582    0.149364    0.165651    1.703839 ^ _619_/Y (sky130_fd_sc_hd__a21oi_4)
                                                         _038_ (net)
                      0.149416    0.002223    1.706062 ^ _350_/C (sky130_fd_sc_hd__nand3_4)
     2    0.017844    0.061136    0.068875    1.774938 v _350_/Y (sky130_fd_sc_hd__nand3_4)
                                                         _115_ (net)
                      0.061140    0.000970    1.775908 v _351_/B2 (sky130_fd_sc_hd__a22oi_4)
     3    0.024067    0.133104    0.129142    1.905050 ^ _351_/Y (sky130_fd_sc_hd__a22oi_4)
                                                         _116_ (net)
                      0.133188    0.002593    1.907643 ^ _571_/B (sky130_fd_sc_hd__or2_4)
     2    0.020411    0.055040    0.120951    2.028594 ^ _571_/X (sky130_fd_sc_hd__or2_4)
                                                         _308_ (net)
                      0.055088    0.001522    2.030117 ^ _575_/A1 (sky130_fd_sc_hd__a31oi_4)
     1    0.008462    0.051373    0.053285    2.083402 v _575_/Y (sky130_fd_sc_hd__a31oi_4)
                                                         _310_ (net)
                      0.051375    0.000689    2.084091 v _576_/B (sky130_fd_sc_hd__xnor2_2)
     1    0.005212    0.095460    0.101414    2.185505 ^ _576_/Y (sky130_fd_sc_hd__xnor2_2)
                                                         net71 (net)
                      0.095460    0.000415    2.185920 ^ output71/A (sky130_fd_sc_hd__buf_6)
     1    0.035719    0.060063    0.102717    2.288637 ^ output71/X (sky130_fd_sc_hd__buf_6)
                                                         S[14] (net)
                      0.060194    0.002361    2.290998 ^ S[14] (out)
                                              2.290998   data arrival time

                      0.000000    4.000000    4.000000   clock __VIRTUAL_CLK__ (rise edge)
                                  0.000000    4.000000   clock network delay (ideal)
                                 -0.250000    3.750000   clock uncertainty
                                  0.000000    3.750000   clock reconvergence pessimism
                                 -0.800000    2.950000   output external delay
                                              2.950000   data required time
---------------------------------------------------------------------------------------------
                                              2.950000   data required time
                                             -2.290998   data arrival time
---------------------------------------------------------------------------------------------
                                              0.659002   slack (MET)


Startpoint: sub (input port clocked by __VIRTUAL_CLK__)
Endpoint: S[13] (output port clocked by __VIRTUAL_CLK__)
Path Group: __VIRTUAL_CLK__
Path Type: max

Fanout         Cap        Slew       Delay        Time   Description
---------------------------------------------------------------------------------------------
                      0.000000    0.000000    0.000000   clock __VIRTUAL_CLK__ (rise edge)
                                  0.000000    0.000000   clock network delay (ideal)
                                  0.800000    0.800000 v input external delay
     1    0.008056    0.013212    0.008181    0.808181 v sub (in)
                                                         sub (net)
                      0.013230    0.000000    0.808181 v input65/A (sky130_fd_sc_hd__buf_8)
     4    0.033554    0.029683    0.084915    0.893096 v input65/X (sky130_fd_sc_hd__buf_8)
                                                         net65 (net)
                      0.029858    0.001788    0.894884 v fanout118/A (sky130_fd_sc_hd__buf_8)
     5    0.036011    0.031229    0.092442    0.987326 v fanout118/X (sky130_fd_sc_hd__buf_8)
                                                         net118 (net)
                      0.031557    0.002584    0.989911 v fanout113/A (sky130_fd_sc_hd__buf_6)
     3    0.016663    0.022871    0.083978    1.073889 v fanout113/X (sky130_fd_sc_hd__buf_6)
                                                         net113 (net)
                      0.022875    0.000352    1.074241 v fanout112/A (sky130_fd_sc_hd__buf_8)
     6    0.037477    0.031759    0.090804    1.165045 v fanout112/X (sky130_fd_sc_hd__buf_8)
                                                         net112 (net)
                      0.031803    0.000612    1.165657 v fanout109/A (sky130_fd_sc_hd__buf_8)
     5    0.032290    0.029189    0.091536    1.257193 v fanout109/X (sky130_fd_sc_hd__buf_8)
                                                         net109 (net)
                      0.029451    0.002184    1.259377 v _591_/A (sky130_fd_sc_hd__and2_4)
     3    0.013843    0.031077    0.100819    1.360196 v _591_/X (sky130_fd_sc_hd__and2_4)
                                                         _010_ (net)
                      0.031085    0.000505    1.360701 v _607_/A2 (sky130_fd_sc_hd__o2111a_2)
     1    0.010481    0.043628    0.176653    1.537354 v _607_/X (sky130_fd_sc_hd__o2111a_2)
                                                         _026_ (net)
                      0.043644    0.000835    1.538188 v _619_/A2 (sky130_fd_sc_hd__a21oi_4)
     2    0.022582    0.149364    0.165651    1.703839 ^ _619_/Y (sky130_fd_sc_hd__a21oi_4)
                                                         _038_ (net)
                      0.149416    0.002223    1.706062 ^ _350_/C (sky130_fd_sc_hd__nand3_4)
     2    0.017844    0.061136    0.068875    1.774938 v _350_/Y (sky130_fd_sc_hd__nand3_4)
                                                         _115_ (net)
                      0.061140    0.000970    1.775908 v _351_/B2 (sky130_fd_sc_hd__a22oi_4)
     3    0.024067    0.133104    0.129142    1.905050 ^ _351_/Y (sky130_fd_sc_hd__a22oi_4)
                                                         _116_ (net)
                      0.133166    0.002184    1.907233 ^ rebuffer122/A (sky130_fd_sc_hd__buf_2)
     1    0.004962    0.028292    0.092423    1.999657 ^ rebuffer122/X (sky130_fd_sc_hd__buf_2)
                                                         net122 (net)
                      0.028294    0.000393    2.000050 ^ _573_/A2 (sky130_fd_sc_hd__o21ai_2)
     1    0.008510    0.037910    0.037611    2.037661 v _573_/Y (sky130_fd_sc_hd__o21ai_2)
                                                         _309_ (net)
                      0.037945    0.000691    2.038352 v _574_/B (sky130_fd_sc_hd__xnor2_2)
     1    0.003593    0.081695    0.086167    2.124519 ^ _574_/Y (sky130_fd_sc_hd__xnor2_2)
                                                         net70 (net)
                      0.081695    0.000153    2.124672 ^ output70/A (sky130_fd_sc_hd__clkbuf_4)
     1    0.034481    0.084650    0.146825    2.271497 ^ output70/X (sky130_fd_sc_hd__clkbuf_4)
                                                         S[13] (net)
                      0.084732    0.001711    2.273208 ^ S[13] (out)
                                              2.273208   data arrival time

                      0.000000    4.000000    4.000000   clock __VIRTUAL_CLK__ (rise edge)
                                  0.000000    4.000000   clock network delay (ideal)
                                 -0.250000    3.750000   clock uncertainty
                                  0.000000    3.750000   clock reconvergence pessimism
                                 -0.800000    2.950000   output external delay
                                              2.950000   data required time
---------------------------------------------------------------------------------------------
                                              2.950000   data required time
                                             -2.273208   data arrival time
---------------------------------------------------------------------------------------------
                                              0.676792   slack (MET)


Startpoint: sub (input port clocked by __VIRTUAL_CLK__)
Endpoint: S[6] (output port clocked by __VIRTUAL_CLK__)
Path Group: __VIRTUAL_CLK__
Path Type: max

Fanout         Cap        Slew       Delay        Time   Description
---------------------------------------------------------------------------------------------
                      0.000000    0.000000    0.000000   clock __VIRTUAL_CLK__ (rise edge)
                                  0.000000    0.000000   clock network delay (ideal)
                                  0.800000    0.800000 v input external delay
     1    0.008056    0.013212    0.008181    0.808181 v sub (in)
                                                         sub (net)
                      0.013230    0.000000    0.808181 v input65/A (sky130_fd_sc_hd__buf_8)
     4    0.033554    0.029683    0.084915    0.893096 v input65/X (sky130_fd_sc_hd__buf_8)
                                                         net65 (net)
                      0.029906    0.002047    0.895144 v fanout105/A (sky130_fd_sc_hd__buf_8)
     3    0.016619    0.021697    0.082634    0.977778 v fanout105/X (sky130_fd_sc_hd__buf_8)
                                                         net105 (net)
                      0.021713    0.001026    0.978803 v fanout102/A (sky130_fd_sc_hd__buf_8)
     4    0.018317    0.022365    0.080211    1.059014 v fanout102/X (sky130_fd_sc_hd__buf_8)
                                                         net102 (net)
                      0.022410    0.001336    1.060350 v fanout100/A (sky130_fd_sc_hd__buf_8)
     4    0.018303    0.022355    0.080508    1.140858 v fanout100/X (sky130_fd_sc_hd__buf_8)
                                                         net100 (net)
                      0.022388    0.001140    1.141998 v load_slew101/A (sky130_fd_sc_hd__buf_8)
     6    0.030924    0.028322    0.087222    1.229220 v load_slew101/X (sky130_fd_sc_hd__buf_8)
                                                         net101 (net)
                      0.028434    0.001598    1.230818 v _316_/A2 (sky130_fd_sc_hd__o21a_4)
     2    0.012570    0.033061    0.132151    1.362969 v _316_/X (sky130_fd_sc_hd__o21a_4)
                                                         _081_ (net)
                      0.033112    0.000967    1.363936 v _342_/A2_N (sky130_fd_sc_hd__o2bb2ai_4)
     2    0.017304    0.051101    0.079329    1.443265 v _342_/Y (sky130_fd_sc_hd__o2bb2ai_4)
                                                         _107_ (net)
                      0.051158    0.001363    1.444628 v _344_/A2_N (sky130_fd_sc_hd__o2bb2ai_4)
     1    0.008679    0.037624    0.077686    1.522314 v _344_/Y (sky130_fd_sc_hd__o2bb2ai_4)
                                                         _109_ (net)
                      0.037640    0.000696    1.523010 v _346_/B2 (sky130_fd_sc_hd__a22oi_4)
     3    0.016572    0.108179    0.100127    1.623137 ^ _346_/Y (sky130_fd_sc_hd__a22oi_4)
                                                         _111_ (net)
                      0.108179    0.000554    1.623690 ^ rebuffer124/A (sky130_fd_sc_hd__buf_2)
     1    0.018607    0.072733    0.123476    1.747167 ^ rebuffer124/X (sky130_fd_sc_hd__buf_2)
                                                         net124 (net)
                      0.072811    0.001596    1.748762 ^ _347_/A (sky130_fd_sc_hd__nand2_8)
     2    0.017319    0.034131    0.037448    1.786211 v _347_/Y (sky130_fd_sc_hd__nand2_8)
                                                         _112_ (net)
                      0.034238    0.001534    1.787744 v _554_/A2 (sky130_fd_sc_hd__a21oi_4)
     3    0.021415    0.144004    0.157944    1.945688 ^ _554_/Y (sky130_fd_sc_hd__a21oi_4)
                                                         _298_ (net)
                      0.144090    0.001875    1.947563 ^ _556_/B2 (sky130_fd_sc_hd__o22ai_2)
     1    0.008449    0.052512    0.040964    1.988527 v _556_/Y (sky130_fd_sc_hd__o22ai_2)
                                                         _299_ (net)
                      0.052520    0.000506    1.989033 v _557_/B (sky130_fd_sc_hd__xor2_2)
     1    0.002661    0.067569    0.084708    2.073741 ^ _557_/X (sky130_fd_sc_hd__xor2_2)
                                                         net94 (net)
                      0.067569    0.000205    2.073946 ^ output94/A (sky130_fd_sc_hd__clkbuf_2)
     1    0.034629    0.146594    0.163600    2.237546 ^ output94/X (sky130_fd_sc_hd__clkbuf_2)
                                                         S[6] (net)
                      0.146621    0.001734    2.239279 ^ S[6] (out)
                                              2.239279   data arrival time

                      0.000000    4.000000    4.000000   clock __VIRTUAL_CLK__ (rise edge)
                                  0.000000    4.000000   clock network delay (ideal)
                                 -0.250000    3.750000   clock uncertainty
                                  0.000000    3.750000   clock reconvergence pessimism
                                 -0.800000    2.950000   output external delay
                                              2.950000   data required time
---------------------------------------------------------------------------------------------
                                              2.950000   data required time
                                             -2.239279   data arrival time
---------------------------------------------------------------------------------------------
                                              0.710721   slack (MET)


Startpoint: sub (input port clocked by __VIRTUAL_CLK__)
Endpoint: S[16] (output port clocked by __VIRTUAL_CLK__)
Path Group: __VIRTUAL_CLK__
Path Type: max

Fanout         Cap        Slew       Delay        Time   Description
---------------------------------------------------------------------------------------------
                      0.000000    0.000000    0.000000   clock __VIRTUAL_CLK__ (rise edge)
                                  0.000000    0.000000   clock network delay (ideal)
                                  0.800000    0.800000 v input external delay
     1    0.008056    0.013212    0.008181    0.808181 v sub (in)
                                                         sub (net)
                      0.013230    0.000000    0.808181 v input65/A (sky130_fd_sc_hd__buf_8)
     4    0.033554    0.029683    0.084915    0.893096 v input65/X (sky130_fd_sc_hd__buf_8)
                                                         net65 (net)
                      0.029858    0.001788    0.894884 v fanout118/A (sky130_fd_sc_hd__buf_8)
     5    0.036011    0.031229    0.092442    0.987326 v fanout118/X (sky130_fd_sc_hd__buf_8)
                                                         net118 (net)
                      0.031557    0.002584    0.989911 v fanout113/A (sky130_fd_sc_hd__buf_6)
     3    0.016663    0.022871    0.083978    1.073889 v fanout113/X (sky130_fd_sc_hd__buf_6)
                                                         net113 (net)
                      0.022875    0.000352    1.074241 v fanout112/A (sky130_fd_sc_hd__buf_8)
     6    0.037477    0.031759    0.090804    1.165045 v fanout112/X (sky130_fd_sc_hd__buf_8)
                                                         net112 (net)
                      0.031803    0.000612    1.165657 v fanout109/A (sky130_fd_sc_hd__buf_8)
     5    0.032290    0.029189    0.091536    1.257193 v fanout109/X (sky130_fd_sc_hd__buf_8)
                                                         net109 (net)
                      0.029451    0.002184    1.259377 v _591_/A (sky130_fd_sc_hd__and2_4)
     3    0.013843    0.031077    0.100819    1.360196 v _591_/X (sky130_fd_sc_hd__and2_4)
                                                         _010_ (net)
                      0.031085    0.000505    1.360701 v _607_/A2 (sky130_fd_sc_hd__o2111a_2)
     1    0.010481    0.043628    0.176653    1.537354 v _607_/X (sky130_fd_sc_hd__o2111a_2)
                                                         _026_ (net)
                      0.043644    0.000835    1.538188 v _619_/A2 (sky130_fd_sc_hd__a21oi_4)
     2    0.022582    0.149364    0.165651    1.703839 ^ _619_/Y (sky130_fd_sc_hd__a21oi_4)
                                                         _038_ (net)
                      0.149416    0.002223    1.706062 ^ _350_/C (sky130_fd_sc_hd__nand3_4)
     2    0.017844    0.061136    0.068875    1.774938 v _350_/Y (sky130_fd_sc_hd__nand3_4)
                                                         _115_ (net)
                      0.061140    0.000970    1.775908 v _351_/B2 (sky130_fd_sc_hd__a22oi_4)
     3    0.024067    0.133104    0.129142    1.905050 ^ _351_/Y (sky130_fd_sc_hd__a22oi_4)
                                                         _116_ (net)
                      0.133216    0.003088    1.908137 ^ _386_/B1 (sky130_fd_sc_hd__o22ai_4)
     4    0.033426    0.071853    0.078069    1.986206 v _386_/Y (sky130_fd_sc_hd__o22ai_4)
                                                         _151_ (net)
                      0.072056    0.003222    1.989429 v _393_/B (sky130_fd_sc_hd__xnor2_2)
     1    0.006276    0.103650    0.116661    2.106090 ^ _393_/Y (sky130_fd_sc_hd__xnor2_2)
                                                         net73 (net)
                      0.103651    0.000495    2.106585 ^ output73/A (sky130_fd_sc_hd__buf_6)
     1    0.036418    0.061129    0.104751    2.211336 ^ output73/X (sky130_fd_sc_hd__buf_6)
                                                         S[16] (net)
                      0.061259    0.002375    2.213711 ^ S[16] (out)
                                              2.213711   data arrival time

                      0.000000    4.000000    4.000000   clock __VIRTUAL_CLK__ (rise edge)
                                  0.000000    4.000000   clock network delay (ideal)
                                 -0.250000    3.750000   clock uncertainty
                                  0.000000    3.750000   clock reconvergence pessimism
                                 -0.800000    2.950000   output external delay
                                              2.950000   data required time
---------------------------------------------------------------------------------------------
                                              2.950000   data required time
                                             -2.213711   data arrival time
---------------------------------------------------------------------------------------------
                                              0.736289   slack (MET)


Startpoint: sub (input port clocked by __VIRTUAL_CLK__)
Endpoint: S[8] (output port clocked by __VIRTUAL_CLK__)
Path Group: __VIRTUAL_CLK__
Path Type: max

Fanout         Cap        Slew       Delay        Time   Description
---------------------------------------------------------------------------------------------
                      0.000000    0.000000    0.000000   clock __VIRTUAL_CLK__ (rise edge)
                                  0.000000    0.000000   clock network delay (ideal)
                                  0.800000    0.800000 v input external delay
     1    0.008056    0.013212    0.008181    0.808181 v sub (in)
                                                         sub (net)
                      0.013230    0.000000    0.808181 v input65/A (sky130_fd_sc_hd__buf_8)
     4    0.033554    0.029683    0.084915    0.893096 v input65/X (sky130_fd_sc_hd__buf_8)
                                                         net65 (net)
                      0.029906    0.002047    0.895144 v fanout105/A (sky130_fd_sc_hd__buf_8)
     3    0.016619    0.021697    0.082634    0.977778 v fanout105/X (sky130_fd_sc_hd__buf_8)
                                                         net105 (net)
                      0.021713    0.001026    0.978803 v fanout102/A (sky130_fd_sc_hd__buf_8)
     4    0.018317    0.022365    0.080211    1.059014 v fanout102/X (sky130_fd_sc_hd__buf_8)
                                                         net102 (net)
                      0.022410    0.001336    1.060350 v fanout100/A (sky130_fd_sc_hd__buf_8)
     4    0.018303    0.022355    0.080508    1.140858 v fanout100/X (sky130_fd_sc_hd__buf_8)
                                                         net100 (net)
                      0.022388    0.001140    1.141998 v load_slew101/A (sky130_fd_sc_hd__buf_8)
     6    0.030924    0.028322    0.087222    1.229220 v load_slew101/X (sky130_fd_sc_hd__buf_8)
                                                         net101 (net)
                      0.028434    0.001598    1.230818 v _316_/A2 (sky130_fd_sc_hd__o21a_4)
     2    0.012570    0.033061    0.132151    1.362969 v _316_/X (sky130_fd_sc_hd__o21a_4)
                                                         _081_ (net)
                      0.033112    0.000967    1.363936 v _342_/A2_N (sky130_fd_sc_hd__o2bb2ai_4)
     2    0.017304    0.051101    0.079329    1.443265 v _342_/Y (sky130_fd_sc_hd__o2bb2ai_4)
                                                         _107_ (net)
                      0.051158    0.001363    1.444628 v _344_/A2_N (sky130_fd_sc_hd__o2bb2ai_4)
     1    0.008679    0.037624    0.077686    1.522314 v _344_/Y (sky130_fd_sc_hd__o2bb2ai_4)
                                                         _109_ (net)
                      0.037640    0.000696    1.523010 v _346_/B2 (sky130_fd_sc_hd__a22oi_4)
     3    0.016572    0.108179    0.100127    1.623137 ^ _346_/Y (sky130_fd_sc_hd__a22oi_4)
                                                         _111_ (net)
                      0.108185    0.001593    1.624729 ^ rebuffer185/A (sky130_fd_sc_hd__buf_2)
     1    0.007863    0.036759    0.095639    1.720369 ^ rebuffer185/X (sky130_fd_sc_hd__buf_2)
                                                         net185 (net)
                      0.036770    0.000620    1.720988 ^ rebuffer166/A (sky130_fd_sc_hd__buf_6)
     1    0.009624    0.023882    0.063509    1.784497 ^ rebuffer166/X (sky130_fd_sc_hd__buf_6)
                                                         net166 (net)
                      0.023885    0.000489    1.784987 ^ _348_/A1 (sky130_fd_sc_hd__a21oi_4)
     3    0.011585    0.030418    0.031960    1.816947 v _348_/Y (sky130_fd_sc_hd__a21oi_4)
                                                         _113_ (net)
                      0.030423    0.000738    1.817685 v _560_/A2 (sky130_fd_sc_hd__o21a_2)
     4    0.022492    0.055655    0.161368    1.979054 v _560_/X (sky130_fd_sc_hd__o21a_2)
                                                         _301_ (net)
                      0.055682    0.001207    1.980261 v _562_/A (sky130_fd_sc_hd__nor2_2)
     1    0.008188    0.081529    0.105406    2.085667 ^ _562_/Y (sky130_fd_sc_hd__nor2_2)
                                                         net96 (net)
                      0.081567    0.000711    2.086379 ^ output96/A (sky130_fd_sc_hd__buf_6)
     1    0.035369    0.059430    0.100309    2.186688 ^ output96/X (sky130_fd_sc_hd__buf_6)
                                                         S[8] (net)
                      0.059527    0.002029    2.188717 ^ S[8] (out)
                                              2.188717   data arrival time

                      0.000000    4.000000    4.000000   clock __VIRTUAL_CLK__ (rise edge)
                                  0.000000    4.000000   clock network delay (ideal)
                                 -0.250000    3.750000   clock uncertainty
                                  0.000000    3.750000   clock reconvergence pessimism
                                 -0.800000    2.950000   output external delay
                                              2.950000   data required time
---------------------------------------------------------------------------------------------
                                              2.950000   data required time
                                             -2.188717   data arrival time
---------------------------------------------------------------------------------------------
                                              0.761283   slack (MET)


Startpoint: sub (input port clocked by __VIRTUAL_CLK__)
Endpoint: S[12] (output port clocked by __VIRTUAL_CLK__)
Path Group: __VIRTUAL_CLK__
Path Type: max

Fanout         Cap        Slew       Delay        Time   Description
---------------------------------------------------------------------------------------------
                      0.000000    0.000000    0.000000   clock __VIRTUAL_CLK__ (rise edge)
                                  0.000000    0.000000   clock network delay (ideal)
                                  0.800000    0.800000 v input external delay
     1    0.008056    0.013212    0.008181    0.808181 v sub (in)
                                                         sub (net)
                      0.013230    0.000000    0.808181 v input65/A (sky130_fd_sc_hd__buf_8)
     4    0.033554    0.029683    0.084915    0.893096 v input65/X (sky130_fd_sc_hd__buf_8)
                                                         net65 (net)
                      0.029858    0.001788    0.894884 v fanout118/A (sky130_fd_sc_hd__buf_8)
     5    0.036011    0.031229    0.092442    0.987326 v fanout118/X (sky130_fd_sc_hd__buf_8)
                                                         net118 (net)
                      0.031557    0.002584    0.989911 v fanout113/A (sky130_fd_sc_hd__buf_6)
     3    0.016663    0.022871    0.083978    1.073889 v fanout113/X (sky130_fd_sc_hd__buf_6)
                                                         net113 (net)
                      0.022875    0.000352    1.074241 v fanout112/A (sky130_fd_sc_hd__buf_8)
     6    0.037477    0.031759    0.090804    1.165045 v fanout112/X (sky130_fd_sc_hd__buf_8)
                                                         net112 (net)
                      0.031803    0.000612    1.165657 v fanout109/A (sky130_fd_sc_hd__buf_8)
     5    0.032290    0.029189    0.091536    1.257193 v fanout109/X (sky130_fd_sc_hd__buf_8)
                                                         net109 (net)
                      0.029451    0.002184    1.259377 v _591_/A (sky130_fd_sc_hd__and2_4)
     3    0.013843    0.031077    0.100819    1.360196 v _591_/X (sky130_fd_sc_hd__and2_4)
                                                         _010_ (net)
                      0.031085    0.000505    1.360701 v _607_/A2 (sky130_fd_sc_hd__o2111a_2)
     1    0.010481    0.043628    0.176653    1.537354 v _607_/X (sky130_fd_sc_hd__o2111a_2)
                                                         _026_ (net)
                      0.043644    0.000835    1.538188 v _619_/A2 (sky130_fd_sc_hd__a21oi_4)
     2    0.022582    0.149364    0.165651    1.703839 ^ _619_/Y (sky130_fd_sc_hd__a21oi_4)
                                                         _038_ (net)
                      0.149416    0.002223    1.706062 ^ _350_/C (sky130_fd_sc_hd__nand3_4)
     2    0.017844    0.061136    0.068875    1.774938 v _350_/Y (sky130_fd_sc_hd__nand3_4)
                                                         _115_ (net)
                      0.061138    0.000686    1.775624 v _352_/A1_N (sky130_fd_sc_hd__o2bb2ai_4)
     2    0.017282    0.044742    0.104110    1.879734 v _352_/Y (sky130_fd_sc_hd__o2bb2ai_4)
                                                         _117_ (net)
                      0.044799    0.001408    1.881142 v rebuffer127/A (sky130_fd_sc_hd__buf_4)
     1    0.008365    0.022898    0.097623    1.978765 v rebuffer127/X (sky130_fd_sc_hd__buf_4)
                                                         net127 (net)
                      0.022898    0.000671    1.979436 v _572_/B (sky130_fd_sc_hd__xnor2_2)
     1    0.006816    0.107800    0.102125    2.081561 ^ _572_/Y (sky130_fd_sc_hd__xnor2_2)
                                                         net69 (net)
                      0.107800    0.000351    2.081913 ^ output69/A (sky130_fd_sc_hd__buf_6)
     1    0.035058    0.059234    0.104329    2.186242 ^ output69/X (sky130_fd_sc_hd__buf_6)
                                                         S[12] (net)
                      0.059339    0.001778    2.188020 ^ S[12] (out)
                                              2.188020   data arrival time

                      0.000000    4.000000    4.000000   clock __VIRTUAL_CLK__ (rise edge)
                                  0.000000    4.000000   clock network delay (ideal)
                                 -0.250000    3.750000   clock uncertainty
                                  0.000000    3.750000   clock reconvergence pessimism
                                 -0.800000    2.950000   output external delay
                                              2.950000   data required time
---------------------------------------------------------------------------------------------
                                              2.950000   data required time
                                             -2.188020   data arrival time
---------------------------------------------------------------------------------------------
                                              0.761980   slack (MET)


Startpoint: sub (input port clocked by __VIRTUAL_CLK__)
Endpoint: S[5] (output port clocked by __VIRTUAL_CLK__)
Path Group: __VIRTUAL_CLK__
Path Type: max

Fanout         Cap        Slew       Delay        Time   Description
---------------------------------------------------------------------------------------------
                      0.000000    0.000000    0.000000   clock __VIRTUAL_CLK__ (rise edge)
                                  0.000000    0.000000   clock network delay (ideal)
                                  0.800000    0.800000 v input external delay
     1    0.008056    0.013212    0.008181    0.808181 v sub (in)
                                                         sub (net)
                      0.013230    0.000000    0.808181 v input65/A (sky130_fd_sc_hd__buf_8)
     4    0.033554    0.029683    0.084915    0.893096 v input65/X (sky130_fd_sc_hd__buf_8)
                                                         net65 (net)
                      0.029906    0.002047    0.895144 v fanout105/A (sky130_fd_sc_hd__buf_8)
     3    0.016619    0.021697    0.082634    0.977778 v fanout105/X (sky130_fd_sc_hd__buf_8)
                                                         net105 (net)
                      0.021713    0.001026    0.978803 v fanout102/A (sky130_fd_sc_hd__buf_8)
     4    0.018317    0.022365    0.080211    1.059014 v fanout102/X (sky130_fd_sc_hd__buf_8)
                                                         net102 (net)
                      0.022410    0.001336    1.060350 v fanout100/A (sky130_fd_sc_hd__buf_8)
     4    0.018303    0.022355    0.080508    1.140858 v fanout100/X (sky130_fd_sc_hd__buf_8)
                                                         net100 (net)
                      0.022388    0.001140    1.141998 v load_slew101/A (sky130_fd_sc_hd__buf_8)
     6    0.030924    0.028322    0.087222    1.229220 v load_slew101/X (sky130_fd_sc_hd__buf_8)
                                                         net101 (net)
                      0.028434    0.001598    1.230818 v _316_/A2 (sky130_fd_sc_hd__o21a_4)
     2    0.012570    0.033061    0.132151    1.362969 v _316_/X (sky130_fd_sc_hd__o21a_4)
                                                         _081_ (net)
                      0.033112    0.000967    1.363936 v _342_/A2_N (sky130_fd_sc_hd__o2bb2ai_4)
     2    0.017304    0.051101    0.079329    1.443265 v _342_/Y (sky130_fd_sc_hd__o2bb2ai_4)
                                                         _107_ (net)
                      0.051158    0.001363    1.444628 v _344_/A2_N (sky130_fd_sc_hd__o2bb2ai_4)
     1    0.008679    0.037624    0.077686    1.522314 v _344_/Y (sky130_fd_sc_hd__o2bb2ai_4)
                                                         _109_ (net)
                      0.037640    0.000696    1.523010 v _346_/B2 (sky130_fd_sc_hd__a22oi_4)
     3    0.016572    0.108179    0.100127    1.623137 ^ _346_/Y (sky130_fd_sc_hd__a22oi_4)
                                                         _111_ (net)
                      0.108179    0.000554    1.623690 ^ rebuffer124/A (sky130_fd_sc_hd__buf_2)
     1    0.018607    0.072733    0.123476    1.747167 ^ rebuffer124/X (sky130_fd_sc_hd__buf_2)
                                                         net124 (net)
                      0.072811    0.001596    1.748762 ^ _347_/A (sky130_fd_sc_hd__nand2_8)
     2    0.017319    0.034131    0.037448    1.786211 v _347_/Y (sky130_fd_sc_hd__nand2_8)
                                                         _112_ (net)
                      0.034238    0.001534    1.787744 v _554_/A2 (sky130_fd_sc_hd__a21oi_4)
     3    0.021415    0.144004    0.157944    1.945688 ^ _554_/Y (sky130_fd_sc_hd__a21oi_4)
                                                         _298_ (net)
                      0.144065    0.001084    1.946773 ^ _555_/B (sky130_fd_sc_hd__xnor2_2)
     1    0.002587    0.073424    0.073213    2.019986 ^ _555_/Y (sky130_fd_sc_hd__xnor2_2)
                                                         net93 (net)
                      0.073424    0.000194    2.020180 ^ output93/A (sky130_fd_sc_hd__clkbuf_4)
     1    0.036655    0.089615    0.147413    2.167593 ^ output93/X (sky130_fd_sc_hd__clkbuf_4)
                                                         S[5] (net)
                      0.089741    0.002387    2.169980 ^ S[5] (out)
                                              2.169980   data arrival time

                      0.000000    4.000000    4.000000   clock __VIRTUAL_CLK__ (rise edge)
                                  0.000000    4.000000   clock network delay (ideal)
                                 -0.250000    3.750000   clock uncertainty
                                  0.000000    3.750000   clock reconvergence pessimism
                                 -0.800000    2.950000   output external delay
                                              2.950000   data required time
---------------------------------------------------------------------------------------------
                                              2.950000   data required time
                                             -2.169980   data arrival time
---------------------------------------------------------------------------------------------
                                              0.780020   slack (MET)


Startpoint: sub (input port clocked by __VIRTUAL_CLK__)
Endpoint: S[4] (output port clocked by __VIRTUAL_CLK__)
Path Group: __VIRTUAL_CLK__
Path Type: max

Fanout         Cap        Slew       Delay        Time   Description
---------------------------------------------------------------------------------------------
                      0.000000    0.000000    0.000000   clock __VIRTUAL_CLK__ (rise edge)
                                  0.000000    0.000000   clock network delay (ideal)
                                  0.800000    0.800000 v input external delay
     1    0.008056    0.013212    0.008181    0.808181 v sub (in)
                                                         sub (net)
                      0.013230    0.000000    0.808181 v input65/A (sky130_fd_sc_hd__buf_8)
     4    0.033554    0.029683    0.084915    0.893096 v input65/X (sky130_fd_sc_hd__buf_8)
                                                         net65 (net)
                      0.029906    0.002047    0.895144 v fanout105/A (sky130_fd_sc_hd__buf_8)
     3    0.016619    0.021697    0.082634    0.977778 v fanout105/X (sky130_fd_sc_hd__buf_8)
                                                         net105 (net)
                      0.021713    0.001026    0.978803 v fanout102/A (sky130_fd_sc_hd__buf_8)
     4    0.018317    0.022365    0.080211    1.059014 v fanout102/X (sky130_fd_sc_hd__buf_8)
                                                         net102 (net)
                      0.022410    0.001336    1.060350 v fanout100/A (sky130_fd_sc_hd__buf_8)
     4    0.018303    0.022355    0.080508    1.140858 v fanout100/X (sky130_fd_sc_hd__buf_8)
                                                         net100 (net)
                      0.022388    0.001140    1.141998 v load_slew101/A (sky130_fd_sc_hd__buf_8)
     6    0.030924    0.028322    0.087222    1.229220 v load_slew101/X (sky130_fd_sc_hd__buf_8)
                                                         net101 (net)
                      0.028434    0.001598    1.230818 v _316_/A2 (sky130_fd_sc_hd__o21a_4)
     2    0.012570    0.033061    0.132151    1.362969 v _316_/X (sky130_fd_sc_hd__o21a_4)
                                                         _081_ (net)
                      0.033112    0.000967    1.363936 v _342_/A2_N (sky130_fd_sc_hd__o2bb2ai_4)
     2    0.017304    0.051101    0.079329    1.443265 v _342_/Y (sky130_fd_sc_hd__o2bb2ai_4)
                                                         _107_ (net)
                      0.051158    0.001363    1.444628 v _344_/A2_N (sky130_fd_sc_hd__o2bb2ai_4)
     1    0.008679    0.037624    0.077686    1.522314 v _344_/Y (sky130_fd_sc_hd__o2bb2ai_4)
                                                         _109_ (net)
                      0.037640    0.000696    1.523010 v _346_/B2 (sky130_fd_sc_hd__a22oi_4)
     3    0.016572    0.108179    0.100127    1.623137 ^ _346_/Y (sky130_fd_sc_hd__a22oi_4)
                                                         _111_ (net)
                      0.108179    0.000554    1.623690 ^ rebuffer124/A (sky130_fd_sc_hd__buf_2)
     1    0.018607    0.072733    0.123476    1.747167 ^ rebuffer124/X (sky130_fd_sc_hd__buf_2)
                                                         net124 (net)
                      0.072811    0.001596    1.748762 ^ _347_/A (sky130_fd_sc_hd__nand2_8)
     2    0.017319    0.034131    0.037448    1.786211 v _347_/Y (sky130_fd_sc_hd__nand2_8)
                                                         _112_ (net)
                      0.034187    0.001011    1.787222 v _553_/B (sky130_fd_sc_hd__xor2_2)
     1    0.005427    0.089107    0.095266    1.882488 ^ _553_/X (sky130_fd_sc_hd__xor2_2)
                                                         net92 (net)
                      0.089107    0.000398    1.882886 ^ output92/A (sky130_fd_sc_hd__clkbuf_2)
     1    0.034909    0.147791    0.169250    2.052135 ^ output92/X (sky130_fd_sc_hd__clkbuf_2)
                                                         S[4] (net)
                      0.147824    0.001909    2.054044 ^ S[4] (out)
                                              2.054044   data arrival time

                      0.000000    4.000000    4.000000   clock __VIRTUAL_CLK__ (rise edge)
                                  0.000000    4.000000   clock network delay (ideal)
                                 -0.250000    3.750000   clock uncertainty
                                  0.000000    3.750000   clock reconvergence pessimism
                                 -0.800000    2.950000   output external delay
                                              2.950000   data required time
---------------------------------------------------------------------------------------------
                                              2.950000   data required time
                                             -2.054044   data arrival time
---------------------------------------------------------------------------------------------
                                              0.895955   slack (MET)


Startpoint: sub (input port clocked by __VIRTUAL_CLK__)
Endpoint: S[3] (output port clocked by __VIRTUAL_CLK__)
Path Group: __VIRTUAL_CLK__
Path Type: max

Fanout         Cap        Slew       Delay        Time   Description
---------------------------------------------------------------------------------------------
                      0.000000    0.000000    0.000000   clock __VIRTUAL_CLK__ (rise edge)
                                  0.000000    0.000000   clock network delay (ideal)
                                  0.800000    0.800000 v input external delay
     1    0.008056    0.013212    0.008181    0.808181 v sub (in)
                                                         sub (net)
                      0.013230    0.000000    0.808181 v input65/A (sky130_fd_sc_hd__buf_8)
     4    0.033554    0.029683    0.084915    0.893096 v input65/X (sky130_fd_sc_hd__buf_8)
                                                         net65 (net)
                      0.029906    0.002047    0.895144 v fanout105/A (sky130_fd_sc_hd__buf_8)
     3    0.016619    0.021697    0.082634    0.977778 v fanout105/X (sky130_fd_sc_hd__buf_8)
                                                         net105 (net)
                      0.021713    0.001026    0.978803 v fanout102/A (sky130_fd_sc_hd__buf_8)
     4    0.018317    0.022365    0.080211    1.059014 v fanout102/X (sky130_fd_sc_hd__buf_8)
                                                         net102 (net)
                      0.022410    0.001336    1.060350 v fanout100/A (sky130_fd_sc_hd__buf_8)
     4    0.018303    0.022355    0.080508    1.140858 v fanout100/X (sky130_fd_sc_hd__buf_8)
                                                         net100 (net)
                      0.022388    0.001140    1.141998 v load_slew101/A (sky130_fd_sc_hd__buf_8)
     6    0.030924    0.028322    0.087222    1.229220 v load_slew101/X (sky130_fd_sc_hd__buf_8)
                                                         net101 (net)
                      0.028422    0.001518    1.230739 v _313_/A_N (sky130_fd_sc_hd__nand2b_4)
     1    0.009484    0.042321    0.097500    1.328239 v _313_/Y (sky130_fd_sc_hd__nand2b_4)
                                                         _078_ (net)
                      0.042328    0.000820    1.329059 v _315_/B (sky130_fd_sc_hd__nand3b_4)
     4    0.031832    0.094160    0.097021    1.426080 ^ _315_/Y (sky130_fd_sc_hd__nand3b_4)
                                                         _080_ (net)
                      0.094424    0.003945    1.430025 ^ rebuffer206/A (sky130_fd_sc_hd__buf_6)
     1    0.006182    0.020882    0.070371    1.500396 ^ rebuffer206/X (sky130_fd_sc_hd__buf_6)
                                                         net206 (net)
                      0.020883    0.000480    1.500876 ^ rebuffer178/A (sky130_fd_sc_hd__buf_6)
     3    0.026409    0.046318    0.077925    1.578801 ^ rebuffer178/X (sky130_fd_sc_hd__buf_6)
                                                         net178 (net)
                      0.046339    0.000825    1.579626 ^ _343_/A1_N (sky130_fd_sc_hd__o2bb2a_4)
     1    0.005308    0.027318    0.103038    1.682664 v _343_/X (sky130_fd_sc_hd__o2bb2a_4)
                                                         _108_ (net)
                      0.027319    0.000404    1.683068 v _551_/B1 (sky130_fd_sc_hd__a22oi_2)
     1    0.011944    0.117811    0.090087    1.773156 ^ _551_/Y (sky130_fd_sc_hd__a22oi_2)
                                                         _297_ (net)
                      0.117813    0.001065    1.774220 ^ _552_/A (sky130_fd_sc_hd__xor2_2)
     1    0.005270    0.088169    0.097709    1.871930 ^ _552_/X (sky130_fd_sc_hd__xor2_2)
                                                         net91 (net)
                      0.088170    0.000414    1.872344 ^ output91/A (sky130_fd_sc_hd__buf_6)
     1    0.035514    0.059702    0.101495    1.973839 ^ output91/X (sky130_fd_sc_hd__buf_6)
                                                         S[3] (net)
                      0.059804    0.002085    1.975924 ^ S[3] (out)
                                              1.975924   data arrival time

                      0.000000    4.000000    4.000000   clock __VIRTUAL_CLK__ (rise edge)
                                  0.000000    4.000000   clock network delay (ideal)
                                 -0.250000    3.750000   clock uncertainty
                                  0.000000    3.750000   clock reconvergence pessimism
                                 -0.800000    2.950000   output external delay
                                              2.950000   data required time
---------------------------------------------------------------------------------------------
                                              2.950000   data required time
                                             -1.975924   data arrival time
---------------------------------------------------------------------------------------------
                                              0.974075   slack (MET)


Startpoint: sub (input port clocked by __VIRTUAL_CLK__)
Endpoint: S[2] (output port clocked by __VIRTUAL_CLK__)
Path Group: __VIRTUAL_CLK__
Path Type: max

Fanout         Cap        Slew       Delay        Time   Description
---------------------------------------------------------------------------------------------
                      0.000000    0.000000    0.000000   clock __VIRTUAL_CLK__ (rise edge)
                                  0.000000    0.000000   clock network delay (ideal)
                                  0.800000    0.800000 v input external delay
     1    0.008056    0.013212    0.008181    0.808181 v sub (in)
                                                         sub (net)
                      0.013230    0.000000    0.808181 v input65/A (sky130_fd_sc_hd__buf_8)
     4    0.033554    0.029683    0.084915    0.893096 v input65/X (sky130_fd_sc_hd__buf_8)
                                                         net65 (net)
                      0.029906    0.002047    0.895144 v fanout105/A (sky130_fd_sc_hd__buf_8)
     3    0.016619    0.021697    0.082634    0.977778 v fanout105/X (sky130_fd_sc_hd__buf_8)
                                                         net105 (net)
                      0.021713    0.001026    0.978803 v fanout102/A (sky130_fd_sc_hd__buf_8)
     4    0.018317    0.022365    0.080211    1.059014 v fanout102/X (sky130_fd_sc_hd__buf_8)
                                                         net102 (net)
                      0.022410    0.001336    1.060350 v fanout100/A (sky130_fd_sc_hd__buf_8)
     4    0.018303    0.022355    0.080508    1.140858 v fanout100/X (sky130_fd_sc_hd__buf_8)
                                                         net100 (net)
                      0.022388    0.001140    1.141998 v load_slew101/A (sky130_fd_sc_hd__buf_8)
     6    0.030924    0.028322    0.087222    1.229220 v load_slew101/X (sky130_fd_sc_hd__buf_8)
                                                         net101 (net)
                      0.028402    0.001373    1.230593 v _319_/A (sky130_fd_sc_hd__and2_4)
     2    0.017653    0.036203    0.104853    1.335447 v _319_/X (sky130_fd_sc_hd__and2_4)
                                                         _084_ (net)
                      0.036217    0.000710    1.336157 v _322_/A2 (sky130_fd_sc_hd__o21bai_4)
     2    0.009106    0.087467    0.090041    1.426198 ^ _322_/Y (sky130_fd_sc_hd__o21bai_4)
                                                         _087_ (net)
                      0.087468    0.000634    1.426833 ^ _323_/B1 (sky130_fd_sc_hd__o211a_4)
     2    0.015586    0.050276    0.110398    1.537231 ^ _323_/X (sky130_fd_sc_hd__o211a_4)
                                                         _088_ (net)
                      0.050286    0.000730    1.537961 ^ rebuffer128/A (sky130_fd_sc_hd__buf_6)
     2    0.015889    0.032290    0.074216    1.612177 ^ rebuffer128/X (sky130_fd_sc_hd__buf_6)
                                                         net128 (net)
                      0.032373    0.001170    1.613346 ^ _324_/A (sky130_fd_sc_hd__nand3_4)
     2    0.007649    0.039792    0.035852    1.649199 v _324_/Y (sky130_fd_sc_hd__nand3_4)
                                                         _089_ (net)
                      0.039793    0.000453    1.649651 v _549_/B1_N (sky130_fd_sc_hd__a21boi_4)
     1    0.012307    0.032959    0.104457    1.754108 v _549_/Y (sky130_fd_sc_hd__a21boi_4)
                                                         _296_ (net)
                      0.032969    0.001116    1.755224 v _550_/A (sky130_fd_sc_hd__xor2_2)
     1    0.005584    0.090267    0.116419    1.871643 ^ _550_/X (sky130_fd_sc_hd__xor2_2)
                                                         net88 (net)
                      0.090268    0.000442    1.872084 ^ output88/A (sky130_fd_sc_hd__buf_6)
     1    0.035063    0.059058    0.101423    1.973507 ^ output88/X (sky130_fd_sc_hd__buf_6)
                                                         S[2] (net)
                      0.059180    0.001959    1.975466 ^ S[2] (out)
                                              1.975466   data arrival time

                      0.000000    4.000000    4.000000   clock __VIRTUAL_CLK__ (rise edge)
                                  0.000000    4.000000   clock network delay (ideal)
                                 -0.250000    3.750000   clock uncertainty
                                  0.000000    3.750000   clock reconvergence pessimism
                                 -0.800000    2.950000   output external delay
                                              2.950000   data required time
---------------------------------------------------------------------------------------------
                                              2.950000   data required time
                                             -1.975466   data arrival time
---------------------------------------------------------------------------------------------
                                              0.974533   slack (MET)


Startpoint: sub (input port clocked by __VIRTUAL_CLK__)
Endpoint: S[0] (output port clocked by __VIRTUAL_CLK__)
Path Group: __VIRTUAL_CLK__
Path Type: max

Fanout         Cap        Slew       Delay        Time   Description
---------------------------------------------------------------------------------------------
                      0.000000    0.000000    0.000000   clock __VIRTUAL_CLK__ (rise edge)
                                  0.000000    0.000000   clock network delay (ideal)
                                  0.800000    0.800000 v input external delay
     1    0.008056    0.013212    0.008181    0.808181 v sub (in)
                                                         sub (net)
                      0.013230    0.000000    0.808181 v input65/A (sky130_fd_sc_hd__buf_8)
     4    0.033554    0.029683    0.084915    0.893096 v input65/X (sky130_fd_sc_hd__buf_8)
                                                         net65 (net)
                      0.029906    0.002047    0.895144 v fanout105/A (sky130_fd_sc_hd__buf_8)
     3    0.016619    0.021697    0.082634    0.977778 v fanout105/X (sky130_fd_sc_hd__buf_8)
                                                         net105 (net)
                      0.021713    0.001026    0.978803 v fanout102/A (sky130_fd_sc_hd__buf_8)
     4    0.018317    0.022365    0.080211    1.059014 v fanout102/X (sky130_fd_sc_hd__buf_8)
                                                         net102 (net)
                      0.022410    0.001336    1.060350 v fanout100/A (sky130_fd_sc_hd__buf_8)
     4    0.018303    0.022355    0.080508    1.140858 v fanout100/X (sky130_fd_sc_hd__buf_8)
                                                         net100 (net)
                      0.022388    0.001140    1.141998 v load_slew101/A (sky130_fd_sc_hd__buf_8)
     6    0.030924    0.028322    0.087222    1.229220 v load_slew101/X (sky130_fd_sc_hd__buf_8)
                                                         net101 (net)
                      0.028353    0.000920    1.230140 v rebuffer150/A (sky130_fd_sc_hd__buf_6)
     1    0.008633    0.018273    0.076111    1.306251 v rebuffer150/X (sky130_fd_sc_hd__buf_6)
                                                         net150 (net)
                      0.018274    0.000437    1.306688 v _320_/B (sky130_fd_sc_hd__nor2_4)
     1    0.010457    0.076712    0.065379    1.372067 ^ _320_/Y (sky130_fd_sc_hd__nor2_4)
                                                         _085_ (net)
                      0.076729    0.000850    1.372916 ^ _322_/A1 (sky130_fd_sc_hd__o21bai_4)
     2    0.008479    0.035346    0.049321    1.422237 v _322_/Y (sky130_fd_sc_hd__o21bai_4)
                                                         _087_ (net)
                      0.035348    0.000585    1.422822 v _323_/B1 (sky130_fd_sc_hd__o211a_4)
     2    0.014717    0.039584    0.103224    1.526046 v _323_/X (sky130_fd_sc_hd__o211a_4)
                                                         _088_ (net)
                      0.039627    0.000677    1.526722 v rebuffer128/A (sky130_fd_sc_hd__buf_6)
     2    0.015088    0.022006    0.086052    1.612774 v rebuffer128/X (sky130_fd_sc_hd__buf_6)
                                                         net128 (net)
                      0.022041    0.000813    1.613588 v rebuffer198/A (sky130_fd_sc_hd__buf_6)
     1    0.010195    0.019156    0.074510    1.688097 v rebuffer198/X (sky130_fd_sc_hd__buf_6)
                                                         net198 (net)
                      0.019169    0.000861    1.688958 v _546_/B (sky130_fd_sc_hd__nor2_4)
     1    0.006571    0.053036    0.052987    1.741945 ^ _546_/Y (sky130_fd_sc_hd__nor2_4)
                                                         net66 (net)
                      0.053038    0.000502    1.742447 ^ output66/A (sky130_fd_sc_hd__buf_6)
     1    0.035733    0.059651    0.096102    1.838549 ^ output66/X (sky130_fd_sc_hd__buf_6)
                                                         S[0] (net)
                      0.059752    0.002076    1.840625 ^ S[0] (out)
                                              1.840625   data arrival time

                      0.000000    4.000000    4.000000   clock __VIRTUAL_CLK__ (rise edge)
                                  0.000000    4.000000   clock network delay (ideal)
                                 -0.250000    3.750000   clock uncertainty
                                  0.000000    3.750000   clock reconvergence pessimism
                                 -0.800000    2.950000   output external delay
                                              2.950000   data required time
---------------------------------------------------------------------------------------------
                                              2.950000   data required time
                                             -1.840625   data arrival time
---------------------------------------------------------------------------------------------
                                              1.109375   slack (MET)


Startpoint: sub (input port clocked by __VIRTUAL_CLK__)
Endpoint: S[1] (output port clocked by __VIRTUAL_CLK__)
Path Group: __VIRTUAL_CLK__
Path Type: max

Fanout         Cap        Slew       Delay        Time   Description
---------------------------------------------------------------------------------------------
                      0.000000    0.000000    0.000000   clock __VIRTUAL_CLK__ (rise edge)
                                  0.000000    0.000000   clock network delay (ideal)
                                  0.800000    0.800000 v input external delay
     1    0.008056    0.013212    0.008181    0.808181 v sub (in)
                                                         sub (net)
                      0.013230    0.000000    0.808181 v input65/A (sky130_fd_sc_hd__buf_8)
     4    0.033554    0.029683    0.084915    0.893096 v input65/X (sky130_fd_sc_hd__buf_8)
                                                         net65 (net)
                      0.029906    0.002047    0.895144 v fanout105/A (sky130_fd_sc_hd__buf_8)
     3    0.016619    0.021697    0.082634    0.977778 v fanout105/X (sky130_fd_sc_hd__buf_8)
                                                         net105 (net)
                      0.021713    0.001026    0.978803 v fanout102/A (sky130_fd_sc_hd__buf_8)
     4    0.018317    0.022365    0.080211    1.059014 v fanout102/X (sky130_fd_sc_hd__buf_8)
                                                         net102 (net)
                      0.022410    0.001336    1.060350 v fanout100/A (sky130_fd_sc_hd__buf_8)
     4    0.018303    0.022355    0.080508    1.140858 v fanout100/X (sky130_fd_sc_hd__buf_8)
                                                         net100 (net)
                      0.022388    0.001140    1.141998 v load_slew101/A (sky130_fd_sc_hd__buf_8)
     6    0.030924    0.028322    0.087222    1.229220 v load_slew101/X (sky130_fd_sc_hd__buf_8)
                                                         net101 (net)
                      0.028434    0.001598    1.230818 v _316_/A2 (sky130_fd_sc_hd__o21a_4)
     2    0.012570    0.033061    0.132151    1.362969 v _316_/X (sky130_fd_sc_hd__o21a_4)
                                                         _081_ (net)
                      0.033092    0.000671    1.363640 v rebuffer149/A (sky130_fd_sc_hd__buf_2)
     1    0.008886    0.026265    0.087951    1.451591 v rebuffer149/X (sky130_fd_sc_hd__buf_2)
                                                         net149 (net)
                      0.026273    0.000449    1.452040 v _317_/A (sky130_fd_sc_hd__nand2_4)
     3    0.032769    0.085218    0.076239    1.528280 ^ _317_/Y (sky130_fd_sc_hd__nand2_4)
                                                         _082_ (net)
                      0.085278    0.001855    1.530134 ^ _318_/B (sky130_fd_sc_hd__nand2_4)
     1    0.008539    0.028038    0.034534    1.564669 v _318_/Y (sky130_fd_sc_hd__nand2_4)
                                                         _083_ (net)
                      0.028040    0.000431    1.565100 v _548_/B (sky130_fd_sc_hd__xnor2_2)
     1    0.005736    0.099193    0.096740    1.661840 ^ _548_/Y (sky130_fd_sc_hd__xnor2_2)
                                                         net77 (net)
                      0.099194    0.000444    1.662284 ^ output77/A (sky130_fd_sc_hd__buf_6)
     1    0.035452    0.059728    0.103223    1.765507 ^ output77/X (sky130_fd_sc_hd__buf_6)
                                                         S[1] (net)
                      0.059826    0.002032    1.767539 ^ S[1] (out)
                                              1.767539   data arrival time

                      0.000000    4.000000    4.000000   clock __VIRTUAL_CLK__ (rise edge)
                                  0.000000    4.000000   clock network delay (ideal)
                                 -0.250000    3.750000   clock uncertainty
                                  0.000000    3.750000   clock reconvergence pessimism
                                 -0.800000    2.950000   output external delay
                                              2.950000   data required time
---------------------------------------------------------------------------------------------
                                              2.950000   data required time
                                             -1.767539   data arrival time
---------------------------------------------------------------------------------------------
                                              1.182461   slack (MET)



