
===========================================================================
report_checks -path_delay min (Hold)
============================================================================
======================= min_ff_n40C_1v95 Corner ===================================

Startpoint: A[31] (input port clocked by __VIRTUAL_CLK__)
Endpoint: carryOut (output port clocked by __VIRTUAL_CLK__)
Path Group: __VIRTUAL_CLK__
Path Type: min

Fanout         Cap        Slew       Delay        Time   Description
---------------------------------------------------------------------------------------------
                      0.000000    0.000000    0.000000   clock __VIRTUAL_CLK__ (rise edge)
                                  0.000000    0.000000   clock network delay (ideal)
                                  0.800000    0.800000 v input external delay
     1    0.004439    0.007240    0.003515    0.803515 v A[31] (in)
                                                         A[31] (net)
                      0.007241    0.000000    0.803515 v input25/A (sky130_fd_sc_hd__clkdlybuf4s25_1)
     2    0.017769    0.096232    0.196610    1.000125 v input25/X (sky130_fd_sc_hd__clkdlybuf4s25_1)
                                                         net25 (net)
                      0.096232    0.000181    1.000306 v _651_/A1_N (sky130_fd_sc_hd__o2bb2ai_4)
     1    0.002900    0.015097    0.092884    1.093190 v _651_/Y (sky130_fd_sc_hd__o2bb2ai_4)
                                                         net98 (net)
                      0.015097    0.000028    1.093219 v output98/A (sky130_fd_sc_hd__buf_4)
     1    0.035701    0.043800    0.100893    1.194111 v output98/X (sky130_fd_sc_hd__buf_4)
                                                         carryOut (net)
                      0.043802    0.000299    1.194410 v carryOut (out)
                                              1.194410   data arrival time

                      0.000000    0.000000    0.000000   clock __VIRTUAL_CLK__ (rise edge)
                                  0.000000    0.000000   clock network delay (ideal)
                                  0.250000    0.250000   clock uncertainty
                                  0.000000    0.250000   clock reconvergence pessimism
                                 -0.800000   -0.550000   output external delay
                                             -0.550000   data required time
---------------------------------------------------------------------------------------------
                                             -0.550000   data required time
                                             -1.194410   data arrival time
---------------------------------------------------------------------------------------------
                                              1.744410   slack (MET)


Startpoint: sub (input port clocked by __VIRTUAL_CLK__)
Endpoint: S[1] (output port clocked by __VIRTUAL_CLK__)
Path Group: __VIRTUAL_CLK__
Path Type: min

Fanout         Cap        Slew       Delay        Time   Description
---------------------------------------------------------------------------------------------
                      0.000000    0.000000    0.000000   clock __VIRTUAL_CLK__ (rise edge)
                                  0.000000    0.000000   clock network delay (ideal)
                                  0.800000    0.800000 ^ input external delay
     1    0.011336    0.043036    0.026908    0.826908 ^ sub (in)
                                                         sub (net)
                      0.043037    0.000000    0.826908 ^ input65/A (sky130_fd_sc_hd__buf_12)
     8    0.051330    0.052667    0.083411    0.910319 ^ input65/X (sky130_fd_sc_hd__buf_12)
                                                         net65 (net)
                      0.052691    0.000841    0.911160 ^ fanout106/A (sky130_fd_sc_hd__buf_8)
     3    0.013245    0.026462    0.062404    0.973563 ^ fanout106/X (sky130_fd_sc_hd__buf_8)
                                                         net106 (net)
                      0.026462    0.000031    0.973594 ^ _616_/A0 (sky130_fd_sc_hd__mux2_1)
     1    0.009325    0.068478    0.096231    1.069825 ^ _616_/X (sky130_fd_sc_hd__mux2_1)
                                                         _328_ (net)
                      0.068478    0.000079    1.069904 ^ _617_/A (sky130_fd_sc_hd__xnor2_2)
     1    0.004932    0.025580    0.042413    1.112317 v _617_/Y (sky130_fd_sc_hd__xnor2_2)
                                                         net77 (net)
                      0.025580    0.000046    1.112364 v output77/A (sky130_fd_sc_hd__buf_6)
     1    0.035090    0.032513    0.084402    1.196766 v output77/X (sky130_fd_sc_hd__buf_6)
                                                         S[1] (net)
                      0.032517    0.000361    1.197127 v S[1] (out)
                                              1.197127   data arrival time

                      0.000000    0.000000    0.000000   clock __VIRTUAL_CLK__ (rise edge)
                                  0.000000    0.000000   clock network delay (ideal)
                                  0.250000    0.250000   clock uncertainty
                                  0.000000    0.250000   clock reconvergence pessimism
                                 -0.800000   -0.550000   output external delay
                                             -0.550000   data required time
---------------------------------------------------------------------------------------------
                                             -0.550000   data required time
                                             -1.197127   data arrival time
---------------------------------------------------------------------------------------------
                                              1.747127   slack (MET)


Startpoint: A[25] (input port clocked by __VIRTUAL_CLK__)
Endpoint: S[25] (output port clocked by __VIRTUAL_CLK__)
Path Group: __VIRTUAL_CLK__
Path Type: min

Fanout         Cap        Slew       Delay        Time   Description
---------------------------------------------------------------------------------------------
                      0.000000    0.000000    0.000000   clock __VIRTUAL_CLK__ (rise edge)
                                  0.000000    0.000000   clock network delay (ideal)
                                  0.800000    0.800000 v input external delay
     1    0.003275    0.005426    0.002542    0.802542 v A[25] (in)
                                                         A[25] (net)
                      0.005426    0.000000    0.802542 v input18/A (sky130_fd_sc_hd__clkdlybuf4s25_1)
     2    0.006267    0.043959    0.154123    0.956665 v input18/X (sky130_fd_sc_hd__clkdlybuf4s25_1)
                                                         net18 (net)
                      0.043959    0.000015    0.956680 v _535_/B1 (sky130_fd_sc_hd__o21ai_2)
     2    0.013170    0.060940    0.063806    1.020486 ^ _535_/Y (sky130_fd_sc_hd__o21ai_2)
                                                         _255_ (net)
                      0.060941    0.000131    1.020617 ^ _537_/A2 (sky130_fd_sc_hd__o21bai_4)
     4    0.020946    0.042723    0.050272    1.070888 v _537_/Y (sky130_fd_sc_hd__o21bai_4)
                                                         _257_ (net)
                      0.042725    0.000359    1.071247 v _539_/B1 (sky130_fd_sc_hd__o21ai_2)
     1    0.005423    0.032441    0.042837    1.114084 ^ _539_/Y (sky130_fd_sc_hd__o21ai_2)
                                                         _259_ (net)
                      0.032441    0.000060    1.114144 ^ _540_/A (sky130_fd_sc_hd__nand2_2)
     1    0.006848    0.024605    0.027765    1.141909 v _540_/Y (sky130_fd_sc_hd__nand2_2)
                                                         net83 (net)
                      0.024605    0.000131    1.142040 v output83/A (sky130_fd_sc_hd__buf_6)
     1    0.034999    0.032487    0.084026    1.226066 v output83/X (sky130_fd_sc_hd__buf_6)
                                                         S[25] (net)
                      0.032489    0.000238    1.226304 v S[25] (out)
                                              1.226304   data arrival time

                      0.000000    0.000000    0.000000   clock __VIRTUAL_CLK__ (rise edge)
                                  0.000000    0.000000   clock network delay (ideal)
                                  0.250000    0.250000   clock uncertainty
                                  0.000000    0.250000   clock reconvergence pessimism
                                 -0.800000   -0.550000   output external delay
                                             -0.550000   data required time
---------------------------------------------------------------------------------------------
                                             -0.550000   data required time
                                             -1.226304   data arrival time
---------------------------------------------------------------------------------------------
                                              1.776304   slack (MET)


Startpoint: A[20] (input port clocked by __VIRTUAL_CLK__)
Endpoint: S[21] (output port clocked by __VIRTUAL_CLK__)
Path Group: __VIRTUAL_CLK__
Path Type: min

Fanout         Cap        Slew       Delay        Time   Description
---------------------------------------------------------------------------------------------
                      0.000000    0.000000    0.000000   clock __VIRTUAL_CLK__ (rise edge)
                                  0.000000    0.000000   clock network delay (ideal)
                                  0.800000    0.800000 v input external delay
     1    0.004227    0.006879    0.003355    0.803355 v A[20] (in)
                                                         A[20] (net)
                      0.006879    0.000000    0.803355 v input13/A (sky130_fd_sc_hd__clkdlybuf4s25_1)
     2    0.011532    0.066447    0.174591    0.977945 v input13/X (sky130_fd_sc_hd__clkdlybuf4s25_1)
                                                         net13 (net)
                      0.066447    0.000076    0.978021 v _460_/B1 (sky130_fd_sc_hd__o21ai_4)
     3    0.015208    0.049152    0.063526    1.041548 ^ _460_/Y (sky130_fd_sc_hd__o21ai_4)
                                                         _185_ (net)
                      0.049153    0.000243    1.041791 ^ _479_/B2 (sky130_fd_sc_hd__o2bb2ai_2)
     1    0.004768    0.019653    0.031844    1.073635 v _479_/Y (sky130_fd_sc_hd__o2bb2ai_2)
                                                         _203_ (net)
                      0.019653    0.000047    1.073682 v _481_/B1 (sky130_fd_sc_hd__o21ai_2)
     1    0.009024    0.044408    0.043637    1.117319 ^ _481_/Y (sky130_fd_sc_hd__o21ai_2)
                                                         _205_ (net)
                      0.044408    0.000075    1.117394 ^ _482_/A (sky130_fd_sc_hd__nand2_4)
     1    0.009471    0.022325    0.027332    1.144726 v _482_/Y (sky130_fd_sc_hd__nand2_4)
                                                         net79 (net)
                      0.022326    0.000205    1.144931 v output79/A (sky130_fd_sc_hd__buf_8)
     1    0.035842    0.030510    0.081722    1.226653 v output79/X (sky130_fd_sc_hd__buf_8)
                                                         S[21] (net)
                      0.030532    0.000704    1.227357 v S[21] (out)
                                              1.227357   data arrival time

                      0.000000    0.000000    0.000000   clock __VIRTUAL_CLK__ (rise edge)
                                  0.000000    0.000000   clock network delay (ideal)
                                  0.250000    0.250000   clock uncertainty
                                  0.000000    0.250000   clock reconvergence pessimism
                                 -0.800000   -0.550000   output external delay
                                             -0.550000   data required time
---------------------------------------------------------------------------------------------
                                             -0.550000   data required time
                                             -1.227357   data arrival time
---------------------------------------------------------------------------------------------
                                              1.777357   slack (MET)


Startpoint: A[29] (input port clocked by __VIRTUAL_CLK__)
Endpoint: S[29] (output port clocked by __VIRTUAL_CLK__)
Path Group: __VIRTUAL_CLK__
Path Type: min

Fanout         Cap        Slew       Delay        Time   Description
---------------------------------------------------------------------------------------------
                      0.000000    0.000000    0.000000   clock __VIRTUAL_CLK__ (rise edge)
                                  0.000000    0.000000   clock network delay (ideal)
                                  0.800000    0.800000 ^ input external delay
     1    0.004170    0.018820    0.010279    0.810279 ^ A[29] (in)
                                                         A[29] (net)
                      0.018820    0.000000    0.810279 ^ input22/A (sky130_fd_sc_hd__clkdlybuf4s25_1)
     3    0.006015    0.054139    0.162546    0.972825 ^ input22/X (sky130_fd_sc_hd__clkdlybuf4s25_1)
                                                         net22 (net)
                      0.054139    0.000048    0.972873 ^ _586_/B1_N (sky130_fd_sc_hd__o21bai_2)
     2    0.008511    0.040640    0.080439    1.053312 ^ _586_/Y (sky130_fd_sc_hd__o21bai_2)
                                                         _302_ (net)
                      0.040640    0.000100    1.053413 ^ _587_/B (sky130_fd_sc_hd__nand2_2)
     2    0.007893    0.027477    0.035262    1.088674 v _587_/Y (sky130_fd_sc_hd__nand2_2)
                                                         _303_ (net)
                      0.027477    0.000111    1.088785 v _589_/B1 (sky130_fd_sc_hd__o21ai_2)
     1    0.004930    0.029023    0.035463    1.124248 ^ _589_/Y (sky130_fd_sc_hd__o21ai_2)
                                                         _305_ (net)
                      0.029023    0.000042    1.124290 ^ _590_/B1 (sky130_fd_sc_hd__o21ai_2)
     1    0.005710    0.018394    0.022154    1.146444 v _590_/Y (sky130_fd_sc_hd__o21ai_2)
                                                         net87 (net)
                      0.018394    0.000055    1.146499 v output87/A (sky130_fd_sc_hd__buf_6)
     1    0.034500    0.032197    0.081415    1.227914 v output87/X (sky130_fd_sc_hd__buf_6)
                                                         S[29] (net)
                      0.032201    0.000343    1.228257 v S[29] (out)
                                              1.228257   data arrival time

                      0.000000    0.000000    0.000000   clock __VIRTUAL_CLK__ (rise edge)
                                  0.000000    0.000000   clock network delay (ideal)
                                  0.250000    0.250000   clock uncertainty
                                  0.000000    0.250000   clock reconvergence pessimism
                                 -0.800000   -0.550000   output external delay
                                             -0.550000   data required time
---------------------------------------------------------------------------------------------
                                             -0.550000   data required time
                                             -1.228257   data arrival time
---------------------------------------------------------------------------------------------
                                              1.778257   slack (MET)


Startpoint: A[12] (input port clocked by __VIRTUAL_CLK__)
Endpoint: S[13] (output port clocked by __VIRTUAL_CLK__)
Path Group: __VIRTUAL_CLK__
Path Type: min

Fanout         Cap        Slew       Delay        Time   Description
---------------------------------------------------------------------------------------------
                      0.000000    0.000000    0.000000   clock __VIRTUAL_CLK__ (rise edge)
                                  0.000000    0.000000   clock network delay (ideal)
                                  0.800000    0.800000 ^ input external delay
     1    0.003462    0.016290    0.008506    0.808506 ^ A[12] (in)
                                                         A[12] (net)
                      0.016290    0.000000    0.808506 ^ input4/A (sky130_fd_sc_hd__clkdlybuf4s25_1)
     4    0.018883    0.147024    0.224280    1.032786 ^ input4/X (sky130_fd_sc_hd__clkdlybuf4s25_1)
                                                         net4 (net)
                      0.147024    0.000313    1.033099 ^ _643_/A1 (sky130_fd_sc_hd__a22o_4)
     1    0.008638    0.028477    0.088273    1.121372 ^ _643_/X (sky130_fd_sc_hd__a22o_4)
                                                         _343_ (net)
                      0.028479    0.000070    1.121442 ^ _644_/B (sky130_fd_sc_hd__xnor2_2)
     1    0.004952    0.023183    0.032294    1.153736 v _644_/Y (sky130_fd_sc_hd__xnor2_2)
                                                         net70 (net)
                      0.023183    0.000030    1.153766 v output70/A (sky130_fd_sc_hd__buf_6)
     1    0.034523    0.032231    0.083246    1.237012 v output70/X (sky130_fd_sc_hd__buf_6)
                                                         S[13] (net)
                      0.032231    0.000182    1.237194 v S[13] (out)
                                              1.237194   data arrival time

                      0.000000    0.000000    0.000000   clock __VIRTUAL_CLK__ (rise edge)
                                  0.000000    0.000000   clock network delay (ideal)
                                  0.250000    0.250000   clock uncertainty
                                  0.000000    0.250000   clock reconvergence pessimism
                                 -0.800000   -0.550000   output external delay
                                             -0.550000   data required time
---------------------------------------------------------------------------------------------
                                             -0.550000   data required time
                                             -1.237194   data arrival time
---------------------------------------------------------------------------------------------
                                              1.787194   slack (MET)


Startpoint: A[30] (input port clocked by __VIRTUAL_CLK__)
Endpoint: S[30] (output port clocked by __VIRTUAL_CLK__)
Path Group: __VIRTUAL_CLK__
Path Type: min

Fanout         Cap        Slew       Delay        Time   Description
---------------------------------------------------------------------------------------------
                      0.000000    0.000000    0.000000   clock __VIRTUAL_CLK__ (rise edge)
                                  0.000000    0.000000   clock network delay (ideal)
                                  0.800000    0.800000 ^ input external delay
     1    0.004100    0.018573    0.010114    0.810114 ^ A[30] (in)
                                                         A[30] (net)
                      0.018573    0.000000    0.810114 ^ input24/A (sky130_fd_sc_hd__clkdlybuf4s25_1)
     3    0.005823    0.052775    0.161548    0.971662 ^ input24/X (sky130_fd_sc_hd__clkdlybuf4s25_1)
                                                         net24 (net)
                      0.052775    0.000044    0.971706 ^ _595_/B1_N (sky130_fd_sc_hd__o21bai_2)
     2    0.010958    0.048860    0.086212    1.057918 ^ _595_/Y (sky130_fd_sc_hd__o21bai_2)
                                                         _310_ (net)
                      0.048860    0.000125    1.058043 ^ _596_/B (sky130_fd_sc_hd__nand2_2)
     2    0.008497    0.029697    0.037928    1.095971 v _596_/Y (sky130_fd_sc_hd__nand2_2)
                                                         _311_ (net)
                      0.029697    0.000089    1.096060 v _602_/B1 (sky130_fd_sc_hd__o21ai_2)
     1    0.009612    0.046825    0.048955    1.145015 ^ _602_/Y (sky130_fd_sc_hd__o21ai_2)
                                                         _317_ (net)
                      0.046825    0.000087    1.145102 ^ _604_/B1 (sky130_fd_sc_hd__o21ai_4)
     1    0.007535    0.021445    0.023733    1.168835 v _604_/Y (sky130_fd_sc_hd__o21ai_4)
                                                         net89 (net)
                      0.021445    0.000159    1.168994 v output89/A (sky130_fd_sc_hd__buf_6)
     1    0.035069    0.032497    0.082828    1.251822 v output89/X (sky130_fd_sc_hd__buf_6)
                                                         S[30] (net)
                      0.032499    0.000292    1.252114 v S[30] (out)
                                              1.252114   data arrival time

                      0.000000    0.000000    0.000000   clock __VIRTUAL_CLK__ (rise edge)
                                  0.000000    0.000000   clock network delay (ideal)
                                  0.250000    0.250000   clock uncertainty
                                  0.000000    0.250000   clock reconvergence pessimism
                                 -0.800000   -0.550000   output external delay
                                             -0.550000   data required time
---------------------------------------------------------------------------------------------
                                             -0.550000   data required time
                                             -1.252114   data arrival time
---------------------------------------------------------------------------------------------
                                              1.802114   slack (MET)


Startpoint: A[23] (input port clocked by __VIRTUAL_CLK__)
Endpoint: S[23] (output port clocked by __VIRTUAL_CLK__)
Path Group: __VIRTUAL_CLK__
Path Type: min

Fanout         Cap        Slew       Delay        Time   Description
---------------------------------------------------------------------------------------------
                      0.000000    0.000000    0.000000   clock __VIRTUAL_CLK__ (rise edge)
                                  0.000000    0.000000   clock network delay (ideal)
                                  0.800000    0.800000 v input external delay
     1    0.003741    0.006107    0.002936    0.802936 v A[23] (in)
                                                         A[23] (net)
                      0.006108    0.000000    0.802936 v input16/A (sky130_fd_sc_hd__clkdlybuf4s25_1)
     3    0.010226    0.060273    0.169693    0.972629 v input16/X (sky130_fd_sc_hd__clkdlybuf4s25_1)
                                                         net16 (net)
                      0.060273    0.000141    0.972770 v _502_/B1 (sky130_fd_sc_hd__o21ai_2)
     4    0.016821    0.075973    0.079734    1.052504 ^ _502_/Y (sky130_fd_sc_hd__o21ai_2)
                                                         _224_ (net)
                      0.075973    0.000109    1.052612 ^ _505_/A2 (sky130_fd_sc_hd__o21ai_2)
     1    0.008816    0.026349    0.041359    1.093971 v _505_/Y (sky130_fd_sc_hd__o21ai_2)
                                                         _227_ (net)
                      0.026349    0.000056    1.094027 v _512_/B1 (sky130_fd_sc_hd__a21oi_4)
     1    0.010097    0.057149    0.053415    1.147442 ^ _512_/Y (sky130_fd_sc_hd__a21oi_4)
                                                         _234_ (net)
                      0.057149    0.000109    1.147551 ^ _513_/A (sky130_fd_sc_hd__nor2_4)
     1    0.007233    0.022588    0.024761    1.172312 v _513_/Y (sky130_fd_sc_hd__nor2_4)
                                                         net81 (net)
                      0.022588    0.000128    1.172440 v output81/A (sky130_fd_sc_hd__buf_6)
     1    0.034918    0.032436    0.083111    1.255551 v output81/X (sky130_fd_sc_hd__buf_6)
                                                         S[23] (net)
                      0.032441    0.000402    1.255952 v S[23] (out)
                                              1.255952   data arrival time

                      0.000000    0.000000    0.000000   clock __VIRTUAL_CLK__ (rise edge)
                                  0.000000    0.000000   clock network delay (ideal)
                                  0.250000    0.250000   clock uncertainty
                                  0.000000    0.250000   clock reconvergence pessimism
                                 -0.800000   -0.550000   output external delay
                                             -0.550000   data required time
---------------------------------------------------------------------------------------------
                                             -0.550000   data required time
                                             -1.255952   data arrival time
---------------------------------------------------------------------------------------------
                                              1.805952   slack (MET)


Startpoint: A[30] (input port clocked by __VIRTUAL_CLK__)
Endpoint: S[31] (output port clocked by __VIRTUAL_CLK__)
Path Group: __VIRTUAL_CLK__
Path Type: min

Fanout         Cap        Slew       Delay        Time   Description
---------------------------------------------------------------------------------------------
                      0.000000    0.000000    0.000000   clock __VIRTUAL_CLK__ (rise edge)
                                  0.000000    0.000000   clock network delay (ideal)
                                  0.800000    0.800000 v input external delay
     1    0.003874    0.006303    0.003059    0.803059 v A[30] (in)
                                                         A[30] (net)
                      0.006304    0.000000    0.803059 v input24/A (sky130_fd_sc_hd__clkdlybuf4s25_1)
     3    0.005460    0.039018    0.151261    0.954320 v input24/X (sky130_fd_sc_hd__clkdlybuf4s25_1)
                                                         net24 (net)
                      0.039018    0.000041    0.954361 v _595_/B1_N (sky130_fd_sc_hd__o21bai_2)
     2    0.010236    0.035381    0.112209    1.066570 v _595_/Y (sky130_fd_sc_hd__o21bai_2)
                                                         _310_ (net)
                      0.035381    0.000114    1.066685 v _605_/C (sky130_fd_sc_hd__nand4_2)
     1    0.009873    0.053483    0.075116    1.141801 ^ _605_/Y (sky130_fd_sc_hd__nand4_2)
                                                         _319_ (net)
                      0.053483    0.000133    1.141934 ^ _614_/A1 (sky130_fd_sc_hd__a22oi_4)
     1    0.004862    0.021665    0.035012    1.176946 v _614_/Y (sky130_fd_sc_hd__a22oi_4)
                                                         net90 (net)
                      0.021665    0.000046    1.176992 v output90/A (sky130_fd_sc_hd__buf_6)
     1    0.034590    0.032266    0.082596    1.259588 v output90/X (sky130_fd_sc_hd__buf_6)
                                                         S[31] (net)
                      0.032273    0.000436    1.260025 v S[31] (out)
                                              1.260025   data arrival time

                      0.000000    0.000000    0.000000   clock __VIRTUAL_CLK__ (rise edge)
                                  0.000000    0.000000   clock network delay (ideal)
                                  0.250000    0.250000   clock uncertainty
                                  0.000000    0.250000   clock reconvergence pessimism
                                 -0.800000   -0.550000   output external delay
                                             -0.550000   data required time
---------------------------------------------------------------------------------------------
                                             -0.550000   data required time
                                             -1.260025   data arrival time
---------------------------------------------------------------------------------------------
                                              1.810024   slack (MET)


Startpoint: A[2] (input port clocked by __VIRTUAL_CLK__)
Endpoint: S[2] (output port clocked by __VIRTUAL_CLK__)
Path Group: __VIRTUAL_CLK__
Path Type: min

Fanout         Cap        Slew       Delay        Time   Description
---------------------------------------------------------------------------------------------
                      0.000000    0.000000    0.000000   clock __VIRTUAL_CLK__ (rise edge)
                                  0.000000    0.000000   clock network delay (ideal)
                                  0.800000    0.800000 v input external delay
     1    0.004153    0.006757    0.003273    0.803273 v A[2] (in)
                                                         A[2] (net)
                      0.006757    0.000000    0.803273 v input23/A (sky130_fd_sc_hd__clkdlybuf4s25_1)
     2    0.011712    0.067300    0.175188    0.978462 v input23/X (sky130_fd_sc_hd__clkdlybuf4s25_1)
                                                         net23 (net)
                      0.067300    0.000070    0.978531 v _397_/B1 (sky130_fd_sc_hd__o21ai_4)
     3    0.012600    0.043847    0.059762    1.038293 ^ _397_/Y (sky130_fd_sc_hd__o21ai_4)
                                                         _126_ (net)
                      0.043848    0.000182    1.038475 ^ _398_/A2 (sky130_fd_sc_hd__o21a_2)
     1    0.010569    0.047511    0.084639    1.123114 ^ _398_/X (sky130_fd_sc_hd__o21a_2)
                                                         _127_ (net)
                      0.047511    0.000133    1.123246 ^ _620_/A (sky130_fd_sc_hd__xor2_2)
     1    0.002470    0.020568    0.034828    1.158074 v _620_/X (sky130_fd_sc_hd__xor2_2)
                                                         net88 (net)
                      0.020568    0.000009    1.158083 v output88/A (sky130_fd_sc_hd__buf_4)
     1    0.035524    0.043614    0.102741    1.260824 v output88/X (sky130_fd_sc_hd__buf_4)
                                                         S[2] (net)
                      0.043615    0.000220    1.261044 v S[2] (out)
                                              1.261044   data arrival time

                      0.000000    0.000000    0.000000   clock __VIRTUAL_CLK__ (rise edge)
                                  0.000000    0.000000   clock network delay (ideal)
                                  0.250000    0.250000   clock uncertainty
                                  0.000000    0.250000   clock reconvergence pessimism
                                 -0.800000   -0.550000   output external delay
                                             -0.550000   data required time
---------------------------------------------------------------------------------------------
                                             -0.550000   data required time
                                             -1.261044   data arrival time
---------------------------------------------------------------------------------------------
                                              1.811044   slack (MET)


Startpoint: A[6] (input port clocked by __VIRTUAL_CLK__)
Endpoint: S[6] (output port clocked by __VIRTUAL_CLK__)
Path Group: __VIRTUAL_CLK__
Path Type: min

Fanout         Cap        Slew       Delay        Time   Description
---------------------------------------------------------------------------------------------
                      0.000000    0.000000    0.000000   clock __VIRTUAL_CLK__ (rise edge)
                                  0.000000    0.000000   clock network delay (ideal)
                                  0.800000    0.800000 ^ input external delay
     1    0.003949    0.018038    0.009732    0.809732 ^ A[6] (in)
                                                         A[6] (net)
                      0.018038    0.000000    0.809732 ^ input29/A (sky130_fd_sc_hd__clkdlybuf4s25_1)
     2    0.009132    0.076407    0.177601    0.987332 ^ input29/X (sky130_fd_sc_hd__clkdlybuf4s25_1)
                                                         net29 (net)
                      0.076407    0.000120    0.987452 ^ _730_/B1 (sky130_fd_sc_hd__o21ai_2)
     4    0.022186    0.056298    0.056266    1.043718 v _730_/Y (sky130_fd_sc_hd__o21ai_2)
                                                         _077_ (net)
                      0.056299    0.000186    1.043904 v _350_/A2 (sky130_fd_sc_hd__o21ai_2)
     1    0.009944    0.052799    0.108722    1.152626 ^ _350_/Y (sky130_fd_sc_hd__o21ai_2)
                                                         _079_ (net)
                      0.052799    0.000120    1.152745 ^ _629_/A (sky130_fd_sc_hd__xnor2_2)
     1    0.004691    0.027113    0.040388    1.193134 v _629_/Y (sky130_fd_sc_hd__xnor2_2)
                                                         net94 (net)
                      0.027113    0.000019    1.193153 v output94/A (sky130_fd_sc_hd__buf_6)
     1    0.035013    0.032491    0.084888    1.278041 v output94/X (sky130_fd_sc_hd__buf_6)
                                                         S[6] (net)
                      0.032502    0.000536    1.278577 v S[6] (out)
                                              1.278577   data arrival time

                      0.000000    0.000000    0.000000   clock __VIRTUAL_CLK__ (rise edge)
                                  0.000000    0.000000   clock network delay (ideal)
                                  0.250000    0.250000   clock uncertainty
                                  0.000000    0.250000   clock reconvergence pessimism
                                 -0.800000   -0.550000   output external delay
                                             -0.550000   data required time
---------------------------------------------------------------------------------------------
                                             -0.550000   data required time
                                             -1.278577   data arrival time
---------------------------------------------------------------------------------------------
                                              1.828577   slack (MET)


Startpoint: A[15] (input port clocked by __VIRTUAL_CLK__)
Endpoint: S[15] (output port clocked by __VIRTUAL_CLK__)
Path Group: __VIRTUAL_CLK__
Path Type: min

Fanout         Cap        Slew       Delay        Time   Description
---------------------------------------------------------------------------------------------
                      0.000000    0.000000    0.000000   clock __VIRTUAL_CLK__ (rise edge)
                                  0.000000    0.000000   clock network delay (ideal)
                                  0.800000    0.800000 ^ input external delay
     1    0.003664    0.017021    0.009017    0.809017 ^ A[15] (in)
                                                         A[15] (net)
                      0.017021    0.000000    0.809017 ^ input7/A (sky130_fd_sc_hd__clkdlybuf4s25_1)
     2    0.004747    0.045178    0.155881    0.964898 ^ input7/X (sky130_fd_sc_hd__clkdlybuf4s25_1)
                                                         net7 (net)
                      0.045178    0.000051    0.964949 ^ _681_/B1_N (sky130_fd_sc_hd__o21bai_2)
     6    0.026264    0.102853    0.120799    1.085748 ^ _681_/Y (sky130_fd_sc_hd__o21bai_2)
                                                         _028_ (net)
                      0.102889    0.000458    1.086206 ^ _649_/A2 (sky130_fd_sc_hd__a22oi_2)
     1    0.008323    0.028991    0.056466    1.142672 v _649_/Y (sky130_fd_sc_hd__a22oi_2)
                                                         _347_ (net)
                      0.028991    0.000071    1.142743 v _650_/B (sky130_fd_sc_hd__nor2_4)
     1    0.006476    0.052240    0.050684    1.193427 ^ _650_/Y (sky130_fd_sc_hd__nor2_4)
                                                         net72 (net)
                      0.052241    0.000098    1.193525 ^ output72/A (sky130_fd_sc_hd__buf_6)
     1    0.034857    0.058319    0.086872    1.280396 ^ output72/X (sky130_fd_sc_hd__buf_6)
                                                         S[15] (net)
                      0.058320    0.000275    1.280671 ^ S[15] (out)
                                              1.280671   data arrival time

                      0.000000    0.000000    0.000000   clock __VIRTUAL_CLK__ (rise edge)
                                  0.000000    0.000000   clock network delay (ideal)
                                  0.250000    0.250000   clock uncertainty
                                  0.000000    0.250000   clock reconvergence pessimism
                                 -0.800000   -0.550000   output external delay
                                             -0.550000   data required time
---------------------------------------------------------------------------------------------
                                             -0.550000   data required time
                                             -1.280671   data arrival time
---------------------------------------------------------------------------------------------
                                              1.830671   slack (MET)


Startpoint: A[12] (input port clocked by __VIRTUAL_CLK__)
Endpoint: S[14] (output port clocked by __VIRTUAL_CLK__)
Path Group: __VIRTUAL_CLK__
Path Type: min

Fanout         Cap        Slew       Delay        Time   Description
---------------------------------------------------------------------------------------------
                      0.000000    0.000000    0.000000   clock __VIRTUAL_CLK__ (rise edge)
                                  0.000000    0.000000   clock network delay (ideal)
                                  0.800000    0.800000 ^ input external delay
     1    0.003462    0.016290    0.008506    0.808506 ^ A[12] (in)
                                                         A[12] (net)
                      0.016290    0.000000    0.808506 ^ input4/A (sky130_fd_sc_hd__clkdlybuf4s25_1)
     4    0.018883    0.147024    0.224280    1.032786 ^ input4/X (sky130_fd_sc_hd__clkdlybuf4s25_1)
                                                         net4 (net)
                      0.147024    0.000267    1.033053 ^ _677_/C (sky130_fd_sc_hd__nand3_2)
     2    0.010635    0.050828    0.062845    1.095898 v _677_/Y (sky130_fd_sc_hd__nand3_2)
                                                         _024_ (net)
                      0.050828    0.000112    1.096010 v _645_/C1 (sky130_fd_sc_hd__o211ai_2)
     1    0.009049    0.047988    0.058172    1.154182 ^ _645_/Y (sky130_fd_sc_hd__o211ai_2)
                                                         _344_ (net)
                      0.047988    0.000076    1.154258 ^ _647_/B (sky130_fd_sc_hd__xor2_2)
     1    0.007527    0.029558    0.040663    1.194921 v _647_/X (sky130_fd_sc_hd__xor2_2)
                                                         net71 (net)
                      0.029558    0.000130    1.195051 v output71/A (sky130_fd_sc_hd__buf_6)
     1    0.034380    0.032141    0.085724    1.280776 v output71/X (sky130_fd_sc_hd__buf_6)
                                                         S[14] (net)
                      0.032142    0.000213    1.280989 v S[14] (out)
                                              1.280989   data arrival time

                      0.000000    0.000000    0.000000   clock __VIRTUAL_CLK__ (rise edge)
                                  0.000000    0.000000   clock network delay (ideal)
                                  0.250000    0.250000   clock uncertainty
                                  0.000000    0.250000   clock reconvergence pessimism
                                 -0.800000   -0.550000   output external delay
                                             -0.550000   data required time
---------------------------------------------------------------------------------------------
                                             -0.550000   data required time
                                             -1.280989   data arrival time
---------------------------------------------------------------------------------------------
                                              1.830989   slack (MET)


Startpoint: A[27] (input port clocked by __VIRTUAL_CLK__)
Endpoint: S[27] (output port clocked by __VIRTUAL_CLK__)
Path Group: __VIRTUAL_CLK__
Path Type: min

Fanout         Cap        Slew       Delay        Time   Description
---------------------------------------------------------------------------------------------
                      0.000000    0.000000    0.000000   clock __VIRTUAL_CLK__ (rise edge)
                                  0.000000    0.000000   clock network delay (ideal)
                                  0.800000    0.800000 v input external delay
     1    0.003639    0.005961    0.002842    0.802842 v A[27] (in)
                                                         A[27] (net)
                      0.005961    0.000000    0.802842 v input20/A (sky130_fd_sc_hd__clkdlybuf4s25_1)
     2    0.003910    0.032184    0.145087    0.947929 v input20/X (sky130_fd_sc_hd__clkdlybuf4s25_1)
                                                         net20 (net)
                      0.032184    0.000031    0.947960 v _555_/B1_N (sky130_fd_sc_hd__o21ba_2)
     2    0.008775    0.046580    0.136338    1.084298 ^ _555_/X (sky130_fd_sc_hd__o21ba_2)
                                                         _273_ (net)
                      0.046580    0.000096    1.084393 ^ _557_/A (sky130_fd_sc_hd__nor2b_2)
     3    0.016218    0.034541    0.038591    1.122985 v _557_/Y (sky130_fd_sc_hd__nor2b_2)
                                                         _275_ (net)
                      0.034554    0.000136    1.123121 v _563_/B (sky130_fd_sc_hd__nand2_2)
     1    0.005081    0.028263    0.044751    1.167873 ^ _563_/Y (sky130_fd_sc_hd__nand2_2)
                                                         _281_ (net)
                      0.028263    0.000026    1.167898 ^ _564_/A2 (sky130_fd_sc_hd__o21ai_2)
     1    0.007653    0.022358    0.032766    1.200664 v _564_/Y (sky130_fd_sc_hd__o21ai_2)
                                                         net85 (net)
                      0.022360    0.000167    1.200831 v output85/A (sky130_fd_sc_hd__buf_6)
     1    0.034441    0.032188    0.082898    1.283729 v output85/X (sky130_fd_sc_hd__buf_6)
                                                         S[27] (net)
                      0.032188    0.000190    1.283919 v S[27] (out)
                                              1.283919   data arrival time

                      0.000000    0.000000    0.000000   clock __VIRTUAL_CLK__ (rise edge)
                                  0.000000    0.000000   clock network delay (ideal)
                                  0.250000    0.250000   clock uncertainty
                                  0.000000    0.250000   clock reconvergence pessimism
                                 -0.800000   -0.550000   output external delay
                                             -0.550000   data required time
---------------------------------------------------------------------------------------------
                                             -0.550000   data required time
                                             -1.283919   data arrival time
---------------------------------------------------------------------------------------------
                                              1.833919   slack (MET)


Startpoint: A[17] (input port clocked by __VIRTUAL_CLK__)
Endpoint: S[17] (output port clocked by __VIRTUAL_CLK__)
Path Group: __VIRTUAL_CLK__
Path Type: min

Fanout         Cap        Slew       Delay        Time   Description
---------------------------------------------------------------------------------------------
                      0.000000    0.000000    0.000000   clock __VIRTUAL_CLK__ (rise edge)
                                  0.000000    0.000000   clock network delay (ideal)
                                  0.800000    0.800000 ^ input external delay
     1    0.004575    0.020248    0.011298    0.811298 ^ A[17] (in)
                                                         A[17] (net)
                      0.020249    0.000000    0.811298 ^ input9/A (sky130_fd_sc_hd__clkdlybuf4s25_1)
     2    0.008726    0.073506    0.176166    0.987464 ^ input9/X (sky130_fd_sc_hd__clkdlybuf4s25_1)
                                                         net9 (net)
                      0.073506    0.000098    0.987562 ^ _429_/C (sky130_fd_sc_hd__nand3b_2)
     3    0.012093    0.056087    0.063806    1.051367 v _429_/Y (sky130_fd_sc_hd__nand3b_2)
                                                         _157_ (net)
                      0.056088    0.000193    1.051560 v _431_/A (sky130_fd_sc_hd__nand2_2)
     2    0.020676    0.085449    0.085426    1.136985 ^ _431_/Y (sky130_fd_sc_hd__nand2_2)
                                                         _159_ (net)
                      0.085450    0.000243    1.137229 ^ _433_/A (sky130_fd_sc_hd__xor2_2)
     1    0.004356    0.024100    0.043974    1.181203 v _433_/X (sky130_fd_sc_hd__xor2_2)
                                                         net74 (net)
                      0.024100    0.000073    1.181276 v output74/A (sky130_fd_sc_hd__buf_4)
     1    0.034941    0.043265    0.103424    1.284700 v output74/X (sky130_fd_sc_hd__buf_4)
                                                         S[17] (net)
                      0.043271    0.000517    1.285217 v S[17] (out)
                                              1.285217   data arrival time

                      0.000000    0.000000    0.000000   clock __VIRTUAL_CLK__ (rise edge)
                                  0.000000    0.000000   clock network delay (ideal)
                                  0.250000    0.250000   clock uncertainty
                                  0.000000    0.250000   clock reconvergence pessimism
                                 -0.800000   -0.550000   output external delay
                                             -0.550000   data required time
---------------------------------------------------------------------------------------------
                                             -0.550000   data required time
                                             -1.285217   data arrival time
---------------------------------------------------------------------------------------------
                                              1.835217   slack (MET)


Startpoint: A[16] (input port clocked by __VIRTUAL_CLK__)
Endpoint: S[16] (output port clocked by __VIRTUAL_CLK__)
Path Group: __VIRTUAL_CLK__
Path Type: min

Fanout         Cap        Slew       Delay        Time   Description
---------------------------------------------------------------------------------------------
                      0.000000    0.000000    0.000000   clock __VIRTUAL_CLK__ (rise edge)
                                  0.000000    0.000000   clock network delay (ideal)
                                  0.800000    0.800000 v input external delay
     1    0.003791    0.006176    0.002987    0.802987 v A[16] (in)
                                                         A[16] (net)
                      0.006177    0.000000    0.802987 v input8/A (sky130_fd_sc_hd__clkdlybuf4s25_1)
     2    0.008070    0.051063    0.161384    0.964371 v input8/X (sky130_fd_sc_hd__clkdlybuf4s25_1)
                                                         net8 (net)
                      0.051063    0.000054    0.964425 v _658_/B1_N (sky130_fd_sc_hd__o21bai_4)
     3    0.010134    0.025892    0.102493    1.066918 v _658_/Y (sky130_fd_sc_hd__o21bai_4)
                                                         _005_ (net)
                      0.025893    0.000175    1.067092 v _659_/B (sky130_fd_sc_hd__nand2_2)
     2    0.020342    0.085223    0.078870    1.145962 ^ _659_/Y (sky130_fd_sc_hd__nand2_2)
                                                         _006_ (net)
                      0.085224    0.000165    1.146127 ^ _425_/A (sky130_fd_sc_hd__xor2_2)
     1    0.003090    0.021819    0.040859    1.186986 v _425_/X (sky130_fd_sc_hd__xor2_2)
                                                         net73 (net)
                      0.021819    0.000035    1.187021 v output73/A (sky130_fd_sc_hd__buf_4)
     1    0.035423    0.043574    0.102862    1.289883 v output73/X (sky130_fd_sc_hd__buf_4)
                                                         S[16] (net)
                      0.043585    0.000652    1.290535 v S[16] (out)
                                              1.290535   data arrival time

                      0.000000    0.000000    0.000000   clock __VIRTUAL_CLK__ (rise edge)
                                  0.000000    0.000000   clock network delay (ideal)
                                  0.250000    0.250000   clock uncertainty
                                  0.000000    0.250000   clock reconvergence pessimism
                                 -0.800000   -0.550000   output external delay
                                             -0.550000   data required time
---------------------------------------------------------------------------------------------
                                             -0.550000   data required time
                                             -1.290535   data arrival time
---------------------------------------------------------------------------------------------
                                              1.840535   slack (MET)


Startpoint: A[28] (input port clocked by __VIRTUAL_CLK__)
Endpoint: S[28] (output port clocked by __VIRTUAL_CLK__)
Path Group: __VIRTUAL_CLK__
Path Type: min

Fanout         Cap        Slew       Delay        Time   Description
---------------------------------------------------------------------------------------------
                      0.000000    0.000000    0.000000   clock __VIRTUAL_CLK__ (rise edge)
                                  0.000000    0.000000   clock network delay (ideal)
                                  0.800000    0.800000 ^ input external delay
     1    0.004113    0.018618    0.010136    0.810136 ^ A[28] (in)
                                                         A[28] (net)
                      0.018618    0.000000    0.810136 ^ input21/A (sky130_fd_sc_hd__clkdlybuf4s25_1)
     3    0.005727    0.052097    0.161090    0.971227 ^ input21/X (sky130_fd_sc_hd__clkdlybuf4s25_1)
                                                         net21 (net)
                      0.052097    0.000034    0.971261 ^ _567_/B1_N (sky130_fd_sc_hd__o21bai_2)
     3    0.012748    0.055141    0.090353    1.061614 ^ _567_/Y (sky130_fd_sc_hd__o21bai_2)
                                                         _284_ (net)
                      0.055141    0.000131    1.061745 ^ _580_/A1 (sky130_fd_sc_hd__a21o_2)
     1    0.003334    0.020300    0.068256    1.130001 ^ _580_/X (sky130_fd_sc_hd__a21o_2)
                                                         _297_ (net)
                      0.020300    0.000033    1.130034 ^ _581_/B (sky130_fd_sc_hd__and2b_4)
     1    0.007153    0.032420    0.083280    1.213314 ^ _581_/X (sky130_fd_sc_hd__and2b_4)
                                                         net86 (net)
                      0.032420    0.000119    1.213434 ^ output86/A (sky130_fd_sc_hd__buf_6)
     1    0.035291    0.058834    0.082379    1.295812 ^ output86/X (sky130_fd_sc_hd__buf_6)
                                                         S[28] (net)
                      0.058835    0.000328    1.296140 ^ S[28] (out)
                                              1.296140   data arrival time

                      0.000000    0.000000    0.000000   clock __VIRTUAL_CLK__ (rise edge)
                                  0.000000    0.000000   clock network delay (ideal)
                                  0.250000    0.250000   clock uncertainty
                                  0.000000    0.250000   clock reconvergence pessimism
                                 -0.800000   -0.550000   output external delay
                                             -0.550000   data required time
---------------------------------------------------------------------------------------------
                                             -0.550000   data required time
                                             -1.296140   data arrival time
---------------------------------------------------------------------------------------------
                                              1.846140   slack (MET)


Startpoint: A[8] (input port clocked by __VIRTUAL_CLK__)
Endpoint: S[8] (output port clocked by __VIRTUAL_CLK__)
Path Group: __VIRTUAL_CLK__
Path Type: min

Fanout         Cap        Slew       Delay        Time   Description
---------------------------------------------------------------------------------------------
                      0.000000    0.000000    0.000000   clock __VIRTUAL_CLK__ (rise edge)
                                  0.000000    0.000000   clock network delay (ideal)
                                  0.800000    0.800000 ^ input external delay
     1    0.003902    0.017871    0.009613    0.809613 ^ A[8] (in)
                                                         A[8] (net)
                      0.017871    0.000000    0.809613 ^ input31/A (sky130_fd_sc_hd__clkdlybuf4s25_1)
     2    0.007330    0.063506    0.168750    0.978363 ^ input31/X (sky130_fd_sc_hd__clkdlybuf4s25_1)
                                                         net31 (net)
                      0.063506    0.000055    0.978418 ^ _704_/B1 (sky130_fd_sc_hd__o21a_4)
     2    0.011939    0.036587    0.073663    1.052081 ^ _704_/X (sky130_fd_sc_hd__o21a_4)
                                                         _051_ (net)
                      0.036587    0.000114    1.052195 ^ _705_/A (sky130_fd_sc_hd__nand2_4)
     4    0.021254    0.036787    0.038154    1.090348 v _705_/Y (sky130_fd_sc_hd__nand2_4)
                                                         _052_ (net)
                      0.036788    0.000118    1.090467 v _707_/A (sky130_fd_sc_hd__nand2_2)
     1    0.010334    0.047514    0.052180    1.142647 ^ _707_/Y (sky130_fd_sc_hd__nand2_2)
                                                         _054_ (net)
                      0.047530    0.000127    1.142774 ^ _633_/A (sky130_fd_sc_hd__xnor2_2)
     1    0.002420    0.021682    0.034361    1.177135 v _633_/Y (sky130_fd_sc_hd__xnor2_2)
                                                         net96 (net)
                      0.021682    0.000021    1.177155 v output96/A (sky130_fd_sc_hd__clkbuf_2)
     1    0.035312    0.094078    0.119135    1.296290 v output96/X (sky130_fd_sc_hd__clkbuf_2)
                                                         S[8] (net)
                      0.094080    0.000528    1.296818 v S[8] (out)
                                              1.296818   data arrival time

                      0.000000    0.000000    0.000000   clock __VIRTUAL_CLK__ (rise edge)
                                  0.000000    0.000000   clock network delay (ideal)
                                  0.250000    0.250000   clock uncertainty
                                  0.000000    0.250000   clock reconvergence pessimism
                                 -0.800000   -0.550000   output external delay
                                             -0.550000   data required time
---------------------------------------------------------------------------------------------
                                             -0.550000   data required time
                                             -1.296818   data arrival time
---------------------------------------------------------------------------------------------
                                              1.846818   slack (MET)


Startpoint: A[18] (input port clocked by __VIRTUAL_CLK__)
Endpoint: S[18] (output port clocked by __VIRTUAL_CLK__)
Path Group: __VIRTUAL_CLK__
Path Type: min

Fanout         Cap        Slew       Delay        Time   Description
---------------------------------------------------------------------------------------------
                      0.000000    0.000000    0.000000   clock __VIRTUAL_CLK__ (rise edge)
                                  0.000000    0.000000   clock network delay (ideal)
                                  0.800000    0.800000 ^ input external delay
     1    0.003878    0.017786    0.009550    0.809550 ^ A[18] (in)
                                                         A[18] (net)
                      0.017786    0.000000    0.809550 ^ input10/A (sky130_fd_sc_hd__clkdlybuf4s25_1)
     3    0.018157    0.141783    0.221031    1.030582 ^ input10/X (sky130_fd_sc_hd__clkdlybuf4s25_1)
                                                         net10 (net)
                      0.141783    0.000496    1.031078 ^ _438_/C (sky130_fd_sc_hd__nand3b_2)
     2    0.006576    0.037917    0.052746    1.083823 v _438_/Y (sky130_fd_sc_hd__nand3b_2)
                                                         _165_ (net)
                      0.037917    0.000030    1.083854 v _440_/A (sky130_fd_sc_hd__nand2_2)
     3    0.021369    0.087879    0.080182    1.164036 ^ _440_/Y (sky130_fd_sc_hd__nand2_2)
                                                         _167_ (net)
                      0.087880    0.000198    1.164234 ^ _445_/B (sky130_fd_sc_hd__xor2_2)
     1    0.010672    0.034802    0.054111    1.218344 v _445_/X (sky130_fd_sc_hd__xor2_2)
                                                         net75 (net)
                      0.034805    0.000357    1.218701 v output75/A (sky130_fd_sc_hd__buf_6)
     1    0.035922    0.032936    0.088461    1.307162 v output75/X (sky130_fd_sc_hd__buf_6)
                                                         S[18] (net)
                      0.032945    0.000478    1.307640 v S[18] (out)
                                              1.307640   data arrival time

                      0.000000    0.000000    0.000000   clock __VIRTUAL_CLK__ (rise edge)
                                  0.000000    0.000000   clock network delay (ideal)
                                  0.250000    0.250000   clock uncertainty
                                  0.000000    0.250000   clock reconvergence pessimism
                                 -0.800000   -0.550000   output external delay
                                             -0.550000   data required time
---------------------------------------------------------------------------------------------
                                             -0.550000   data required time
                                             -1.307640   data arrival time
---------------------------------------------------------------------------------------------
                                              1.857640   slack (MET)


Startpoint: A[24] (input port clocked by __VIRTUAL_CLK__)
Endpoint: S[26] (output port clocked by __VIRTUAL_CLK__)
Path Group: __VIRTUAL_CLK__
Path Type: min

Fanout         Cap        Slew       Delay        Time   Description
---------------------------------------------------------------------------------------------
                      0.000000    0.000000    0.000000   clock __VIRTUAL_CLK__ (rise edge)
                                  0.000000    0.000000   clock network delay (ideal)
                                  0.800000    0.800000 v input external delay
     1    0.004405    0.007182    0.003491    0.803491 v A[24] (in)
                                                         A[24] (net)
                      0.007182    0.000000    0.803491 v input17/A (sky130_fd_sc_hd__clkdlybuf4s25_1)
     3    0.010267    0.060462    0.170217    0.973709 v input17/X (sky130_fd_sc_hd__clkdlybuf4s25_1)
                                                         net17 (net)
                      0.060462    0.000128    0.973837 v _525_/C (sky130_fd_sc_hd__nand3b_2)
     3    0.017264    0.079672    0.100465    1.074302 ^ _525_/Y (sky130_fd_sc_hd__nand3b_2)
                                                         _246_ (net)
                      0.079672    0.000116    1.074417 ^ _543_/A1 (sky130_fd_sc_hd__a21oi_2)
     3    0.015439    0.030385    0.051869    1.126286 v _543_/Y (sky130_fd_sc_hd__a21oi_2)
                                                         _262_ (net)
                      0.030387    0.000162    1.126448 v _550_/A2 (sky130_fd_sc_hd__o21bai_2)
     1    0.005325    0.030341    0.075485    1.201934 ^ _550_/Y (sky130_fd_sc_hd__o21bai_2)
                                                         _269_ (net)
                      0.030343    0.000056    1.201990 ^ _552_/A (sky130_fd_sc_hd__nand2_2)
     1    0.005314    0.020608    0.024713    1.226703 v _552_/Y (sky130_fd_sc_hd__nand2_2)
                                                         net84 (net)
                      0.020608    0.000042    1.226745 v output84/A (sky130_fd_sc_hd__buf_6)
     1    0.034527    0.032233    0.082292    1.309037 v output84/X (sky130_fd_sc_hd__buf_6)
                                                         S[26] (net)
                      0.032234    0.000215    1.309252 v S[26] (out)
                                              1.309252   data arrival time

                      0.000000    0.000000    0.000000   clock __VIRTUAL_CLK__ (rise edge)
                                  0.000000    0.000000   clock network delay (ideal)
                                  0.250000    0.250000   clock uncertainty
                                  0.000000    0.250000   clock reconvergence pessimism
                                 -0.800000   -0.550000   output external delay
                                             -0.550000   data required time
---------------------------------------------------------------------------------------------
                                             -0.550000   data required time
                                             -1.309252   data arrival time
---------------------------------------------------------------------------------------------
                                              1.859252   slack (MET)


Startpoint: A[20] (input port clocked by __VIRTUAL_CLK__)
Endpoint: S[22] (output port clocked by __VIRTUAL_CLK__)
Path Group: __VIRTUAL_CLK__
Path Type: min

Fanout         Cap        Slew       Delay        Time   Description
---------------------------------------------------------------------------------------------
                      0.000000    0.000000    0.000000   clock __VIRTUAL_CLK__ (rise edge)
                                  0.000000    0.000000   clock network delay (ideal)
                                  0.800000    0.800000 v input external delay
     1    0.004227    0.006879    0.003355    0.803355 v A[20] (in)
                                                         A[20] (net)
                      0.006879    0.000000    0.803355 v input13/A (sky130_fd_sc_hd__clkdlybuf4s25_1)
     2    0.011532    0.066447    0.174591    0.977945 v input13/X (sky130_fd_sc_hd__clkdlybuf4s25_1)
                                                         net13 (net)
                      0.066447    0.000076    0.978021 v _460_/B1 (sky130_fd_sc_hd__o21ai_4)
     3    0.015208    0.049152    0.063526    1.041548 ^ _460_/Y (sky130_fd_sc_hd__o21ai_4)
                                                         _185_ (net)
                      0.049152    0.000170    1.041718 ^ _484_/B1 (sky130_fd_sc_hd__o22a_2)
     2    0.010396    0.044925    0.085799    1.127518 ^ _484_/X (sky130_fd_sc_hd__o22a_2)
                                                         _207_ (net)
                      0.044925    0.000187    1.127705 ^ _487_/B2 (sky130_fd_sc_hd__o2bb2ai_2)
     1    0.004888    0.019616    0.031502    1.159207 v _487_/Y (sky130_fd_sc_hd__o2bb2ai_2)
                                                         _210_ (net)
                      0.019616    0.000047    1.159254 v _496_/A (sky130_fd_sc_hd__nand2_2)
     1    0.009904    0.045466    0.044601    1.203855 ^ _496_/Y (sky130_fd_sc_hd__nand2_2)
                                                         _219_ (net)
                      0.045467    0.000109    1.203964 ^ _497_/B (sky130_fd_sc_hd__nand2_4)
     1    0.007003    0.018670    0.027638    1.231602 v _497_/Y (sky130_fd_sc_hd__nand2_4)
                                                         net80 (net)
                      0.018670    0.000061    1.231663 v output80/A (sky130_fd_sc_hd__buf_8)
     1    0.034589    0.029854    0.079936    1.311599 v output80/X (sky130_fd_sc_hd__buf_8)
                                                         S[22] (net)
                      0.029861    0.000436    1.312036 v S[22] (out)
                                              1.312036   data arrival time

                      0.000000    0.000000    0.000000   clock __VIRTUAL_CLK__ (rise edge)
                                  0.000000    0.000000   clock network delay (ideal)
                                  0.250000    0.250000   clock uncertainty
                                  0.000000    0.250000   clock reconvergence pessimism
                                 -0.800000   -0.550000   output external delay
                                             -0.550000   data required time
---------------------------------------------------------------------------------------------
                                             -0.550000   data required time
                                             -1.312036   data arrival time
---------------------------------------------------------------------------------------------
                                              1.862036   slack (MET)


Startpoint: A[10] (input port clocked by __VIRTUAL_CLK__)
Endpoint: S[11] (output port clocked by __VIRTUAL_CLK__)
Path Group: __VIRTUAL_CLK__
Path Type: min

Fanout         Cap        Slew       Delay        Time   Description
---------------------------------------------------------------------------------------------
                      0.000000    0.000000    0.000000   clock __VIRTUAL_CLK__ (rise edge)
                                  0.000000    0.000000   clock network delay (ideal)
                                  0.800000    0.800000 ^ input external delay
     1    0.003742    0.017300    0.009214    0.809214 ^ A[10] (in)
                                                         A[10] (net)
                      0.017301    0.000000    0.809214 ^ input2/A (sky130_fd_sc_hd__clkdlybuf4s25_1)
     2    0.008554    0.072270    0.174563    0.983777 ^ input2/X (sky130_fd_sc_hd__clkdlybuf4s25_1)
                                                         net2 (net)
                      0.072270    0.000143    0.983920 ^ _714_/B1 (sky130_fd_sc_hd__o21a_4)
     2    0.015766    0.044748    0.080988    1.064908 ^ _714_/X (sky130_fd_sc_hd__o21a_4)
                                                         _061_ (net)
                      0.044748    0.000084    1.064993 ^ _715_/A (sky130_fd_sc_hd__nand2_4)
     4    0.022383    0.039218    0.041121    1.106113 v _715_/Y (sky130_fd_sc_hd__nand2_4)
                                                         _062_ (net)
                      0.039220    0.000206    1.106320 v _638_/B1 (sky130_fd_sc_hd__o21ai_2)
     1    0.009498    0.046636    0.052273    1.158593 ^ _638_/Y (sky130_fd_sc_hd__o21ai_2)
                                                         _340_ (net)
                      0.046636    0.000110    1.158703 ^ _639_/B (sky130_fd_sc_hd__xor2_2)
     1    0.004675    0.024648    0.034726    1.193429 v _639_/X (sky130_fd_sc_hd__xor2_2)
                                                         net68 (net)
                      0.024648    0.000082    1.193512 v output68/A (sky130_fd_sc_hd__clkbuf_2)
     1    0.035852    0.095381    0.121322    1.314833 v output68/X (sky130_fd_sc_hd__clkbuf_2)
                                                         S[11] (net)
                      0.095382    0.000423    1.315256 v S[11] (out)
                                              1.315256   data arrival time

                      0.000000    0.000000    0.000000   clock __VIRTUAL_CLK__ (rise edge)
                                  0.000000    0.000000   clock network delay (ideal)
                                  0.250000    0.250000   clock uncertainty
                                  0.000000    0.250000   clock reconvergence pessimism
                                 -0.800000   -0.550000   output external delay
                                             -0.550000   data required time
---------------------------------------------------------------------------------------------
                                             -0.550000   data required time
                                             -1.315256   data arrival time
---------------------------------------------------------------------------------------------
                                              1.865256   slack (MET)


Startpoint: A[3] (input port clocked by __VIRTUAL_CLK__)
Endpoint: S[3] (output port clocked by __VIRTUAL_CLK__)
Path Group: __VIRTUAL_CLK__
Path Type: min

Fanout         Cap        Slew       Delay        Time   Description
---------------------------------------------------------------------------------------------
                      0.000000    0.000000    0.000000   clock __VIRTUAL_CLK__ (rise edge)
                                  0.000000    0.000000   clock network delay (ideal)
                                  0.800000    0.800000 ^ input external delay
     1    0.005274    0.022615    0.012939    0.812939 ^ A[3] (in)
                                                         A[3] (net)
                      0.022615    0.000000    0.812939 ^ input26/A (sky130_fd_sc_hd__clkdlybuf4s25_1)
     2    0.015662    0.123663    0.210250    1.023189 ^ input26/X (sky130_fd_sc_hd__clkdlybuf4s25_1)
                                                         net26 (net)
                      0.123663    0.000351    1.023540 ^ _403_/B1_N (sky130_fd_sc_hd__o21bai_2)
     3    0.013434    0.058317    0.108356    1.131897 ^ _403_/Y (sky130_fd_sc_hd__o21bai_2)
                                                         _132_ (net)
                      0.058317    0.000124    1.132020 ^ _404_/B1 (sky130_fd_sc_hd__o21ai_2)
     2    0.010972    0.032866    0.036176    1.168196 v _404_/Y (sky130_fd_sc_hd__o21ai_2)
                                                         _133_ (net)
                      0.032867    0.000134    1.168330 v _622_/B (sky130_fd_sc_hd__nand3_2)
     1    0.005120    0.031407    0.047527    1.215858 ^ _622_/Y (sky130_fd_sc_hd__nand3_2)
                                                         _332_ (net)
                      0.031407    0.000025    1.215883 ^ _623_/B (sky130_fd_sc_hd__nand2b_2)
     1    0.006349    0.025221    0.033332    1.249215 v _623_/Y (sky130_fd_sc_hd__nand2b_2)
                                                         net91 (net)
                      0.025221    0.000079    1.249294 v output91/A (sky130_fd_sc_hd__buf_6)
     1    0.034672    0.032295    0.084052    1.333346 v output91/X (sky130_fd_sc_hd__buf_6)
                                                         S[3] (net)
                      0.032300    0.000359    1.333705 v S[3] (out)
                                              1.333705   data arrival time

                      0.000000    0.000000    0.000000   clock __VIRTUAL_CLK__ (rise edge)
                                  0.000000    0.000000   clock network delay (ideal)
                                  0.250000    0.250000   clock uncertainty
                                  0.000000    0.250000   clock reconvergence pessimism
                                 -0.800000   -0.550000   output external delay
                                             -0.550000   data required time
---------------------------------------------------------------------------------------------
                                             -0.550000   data required time
                                             -1.333705   data arrival time
---------------------------------------------------------------------------------------------
                                              1.883705   slack (MET)


Startpoint: A[7] (input port clocked by __VIRTUAL_CLK__)
Endpoint: S[7] (output port clocked by __VIRTUAL_CLK__)
Path Group: __VIRTUAL_CLK__
Path Type: min

Fanout         Cap        Slew       Delay        Time   Description
---------------------------------------------------------------------------------------------
                      0.000000    0.000000    0.000000   clock __VIRTUAL_CLK__ (rise edge)
                                  0.000000    0.000000   clock network delay (ideal)
                                  0.800000    0.800000 ^ input external delay
     1    0.003824    0.017595    0.009422    0.809422 ^ A[7] (in)
                                                         A[7] (net)
                      0.017595    0.000000    0.809422 ^ input30/A (sky130_fd_sc_hd__clkdlybuf4s25_1)
     3    0.008378    0.071004    0.173794    0.983216 ^ input30/X (sky130_fd_sc_hd__clkdlybuf4s25_1)
                                                         net30 (net)
                      0.071004    0.000091    0.983307 ^ _373_/B1_N (sky130_fd_sc_hd__a21bo_2)
     2    0.009291    0.030250    0.113923    1.097230 v _373_/X (sky130_fd_sc_hd__a21bo_2)
                                                         _102_ (net)
                      0.030250    0.000085    1.097316 v _375_/A2 (sky130_fd_sc_hd__o21ai_2)
     1    0.010274    0.049704    0.101387    1.198702 ^ _375_/Y (sky130_fd_sc_hd__o21ai_2)
                                                         _104_ (net)
                      0.049704    0.000126    1.198828 ^ _631_/A (sky130_fd_sc_hd__xor2_2)
     1    0.002960    0.021574    0.036406    1.235234 v _631_/X (sky130_fd_sc_hd__xor2_2)
                                                         net95 (net)
                      0.021574    0.000031    1.235265 v output95/A (sky130_fd_sc_hd__buf_4)
     1    0.035575    0.043695    0.102874    1.338139 v output95/X (sky130_fd_sc_hd__buf_4)
                                                         S[7] (net)
                      0.043707    0.000669    1.338808 v S[7] (out)
                                              1.338808   data arrival time

                      0.000000    0.000000    0.000000   clock __VIRTUAL_CLK__ (rise edge)
                                  0.000000    0.000000   clock network delay (ideal)
                                  0.250000    0.250000   clock uncertainty
                                  0.000000    0.250000   clock reconvergence pessimism
                                 -0.800000   -0.550000   output external delay
                                             -0.550000   data required time
---------------------------------------------------------------------------------------------
                                             -0.550000   data required time
                                             -1.338808   data arrival time
---------------------------------------------------------------------------------------------
                                              1.888808   slack (MET)


Startpoint: A[4] (input port clocked by __VIRTUAL_CLK__)
Endpoint: S[4] (output port clocked by __VIRTUAL_CLK__)
Path Group: __VIRTUAL_CLK__
Path Type: min

Fanout         Cap        Slew       Delay        Time   Description
---------------------------------------------------------------------------------------------
                      0.000000    0.000000    0.000000   clock __VIRTUAL_CLK__ (rise edge)
                                  0.000000    0.000000   clock network delay (ideal)
                                  0.800000    0.800000 ^ input external delay
     1    0.003181    0.015276    0.007811    0.807811 ^ A[4] (in)
                                                         A[4] (net)
                      0.015276    0.000000    0.807811 ^ input27/A (sky130_fd_sc_hd__clkdlybuf4s25_1)
     3    0.015372    0.121491    0.207069    1.014880 ^ input27/X (sky130_fd_sc_hd__clkdlybuf4s25_1)
                                                         net27 (net)
                      0.121491    0.000223    1.015103 ^ _367_/A_N (sky130_fd_sc_hd__nand3b_2)
     2    0.013924    0.067347    0.115110    1.130212 ^ _367_/Y (sky130_fd_sc_hd__nand3b_2)
                                                         _096_ (net)
                      0.067347    0.000099    1.130311 ^ _368_/B1 (sky130_fd_sc_hd__o21a_2)
     1    0.009781    0.044692    0.078523    1.208834 ^ _368_/X (sky130_fd_sc_hd__o21a_2)
                                                         _097_ (net)
                      0.044692    0.000105    1.208939 ^ _625_/A (sky130_fd_sc_hd__xnor2_2)
     1    0.007258    0.033176    0.044452    1.253391 v _625_/Y (sky130_fd_sc_hd__xnor2_2)
                                                         net92 (net)
                      0.033176    0.000160    1.253551 v output92/A (sky130_fd_sc_hd__buf_6)
     1    0.034686    0.032287    0.087211    1.340762 v output92/X (sky130_fd_sc_hd__buf_6)
                                                         S[4] (net)
                      0.032295    0.000451    1.341213 v S[4] (out)
                                              1.341213   data arrival time

                      0.000000    0.000000    0.000000   clock __VIRTUAL_CLK__ (rise edge)
                                  0.000000    0.000000   clock network delay (ideal)
                                  0.250000    0.250000   clock uncertainty
                                  0.000000    0.250000   clock reconvergence pessimism
                                 -0.800000   -0.550000   output external delay
                                             -0.550000   data required time
---------------------------------------------------------------------------------------------
                                             -0.550000   data required time
                                             -1.341213   data arrival time
---------------------------------------------------------------------------------------------
                                              1.891213   slack (MET)


Startpoint: B[19] (input port clocked by __VIRTUAL_CLK__)
Endpoint: S[19] (output port clocked by __VIRTUAL_CLK__)
Path Group: __VIRTUAL_CLK__
Path Type: min

Fanout         Cap        Slew       Delay        Time   Description
---------------------------------------------------------------------------------------------
                      0.000000    0.000000    0.000000   clock __VIRTUAL_CLK__ (rise edge)
                                  0.000000    0.000000   clock network delay (ideal)
                                  0.800000    0.800000 v input external delay
     1    0.004315    0.007027    0.003426    0.803426 v B[19] (in)
                                                         B[19] (net)
                      0.007028    0.000000    0.803426 v input43/A (sky130_fd_sc_hd__clkdlybuf4s25_1)
     2    0.013316    0.074980    0.180790    0.984216 v input43/X (sky130_fd_sc_hd__clkdlybuf4s25_1)
                                                         net43 (net)
                      0.074981    0.000301    0.984517 v _448_/B (sky130_fd_sc_hd__nor2_4)
     2    0.014744    0.085184    0.091393    1.075909 ^ _448_/Y (sky130_fd_sc_hd__nor2_4)
                                                         _174_ (net)
                      0.085184    0.000112    1.076021 ^ _453_/A1 (sky130_fd_sc_hd__o21bai_4)
     3    0.014135    0.034159    0.052947    1.128968 v _453_/Y (sky130_fd_sc_hd__o21bai_4)
                                                         _179_ (net)
                      0.034161    0.000257    1.129225 v _456_/C (sky130_fd_sc_hd__nand4_2)
     1    0.004960    0.037780    0.060656    1.189882 ^ _456_/Y (sky130_fd_sc_hd__nand4_2)
                                                         _182_ (net)
                      0.037780    0.000042    1.189924 ^ _457_/B (sky130_fd_sc_hd__nand2_2)
     1    0.008095    0.027099    0.035063    1.224987 v _457_/Y (sky130_fd_sc_hd__nand2_2)
                                                         net76 (net)
                      0.027102    0.000209    1.225197 v output76/A (sky130_fd_sc_hd__clkbuf_4)
     1    0.034509    0.056726    0.115788    1.340985 v output76/X (sky130_fd_sc_hd__clkbuf_4)
                                                         S[19] (net)
                      0.056726    0.000244    1.341228 v S[19] (out)
                                              1.341228   data arrival time

                      0.000000    0.000000    0.000000   clock __VIRTUAL_CLK__ (rise edge)
                                  0.000000    0.000000   clock network delay (ideal)
                                  0.250000    0.250000   clock uncertainty
                                  0.000000    0.250000   clock reconvergence pessimism
                                 -0.800000   -0.550000   output external delay
                                             -0.550000   data required time
---------------------------------------------------------------------------------------------
                                             -0.550000   data required time
                                             -1.341228   data arrival time
---------------------------------------------------------------------------------------------
                                              1.891228   slack (MET)


Startpoint: A[12] (input port clocked by __VIRTUAL_CLK__)
Endpoint: S[12] (output port clocked by __VIRTUAL_CLK__)
Path Group: __VIRTUAL_CLK__
Path Type: min

Fanout         Cap        Slew       Delay        Time   Description
---------------------------------------------------------------------------------------------
                      0.000000    0.000000    0.000000   clock __VIRTUAL_CLK__ (rise edge)
                                  0.000000    0.000000   clock network delay (ideal)
                                  0.800000    0.800000 v input external delay
     1    0.003236    0.005368    0.002509    0.802509 v A[12] (in)
                                                         A[12] (net)
                      0.005368    0.000000    0.802509 v input4/A (sky130_fd_sc_hd__clkdlybuf4s25_1)
     4    0.017584    0.095373    0.195247    0.997756 v input4/X (sky130_fd_sc_hd__clkdlybuf4s25_1)
                                                         net4 (net)
                      0.095373    0.000151    0.997906 v _675_/B1 (sky130_fd_sc_hd__o21ai_2)
     2    0.009289    0.053362    0.073605    1.071512 ^ _675_/Y (sky130_fd_sc_hd__o21ai_2)
                                                         _022_ (net)
                      0.053362    0.000077    1.071589 ^ _687_/A2 (sky130_fd_sc_hd__o21a_2)
     5    0.029004    0.116616    0.133485    1.205074 ^ _687_/X (sky130_fd_sc_hd__o21a_2)
                                                         _034_ (net)
                      0.116619    0.000498    1.205572 ^ _642_/A (sky130_fd_sc_hd__xor2_2)
     1    0.006721    0.028053    0.053815    1.259387 v _642_/X (sky130_fd_sc_hd__xor2_2)
                                                         net69 (net)
                      0.028053    0.000123    1.259510 v output69/A (sky130_fd_sc_hd__buf_6)
     1    0.035013    0.032486    0.085274    1.344784 v output69/X (sky130_fd_sc_hd__buf_6)
                                                         S[12] (net)
                      0.032496    0.000522    1.345307 v S[12] (out)
                                              1.345307   data arrival time

                      0.000000    0.000000    0.000000   clock __VIRTUAL_CLK__ (rise edge)
                                  0.000000    0.000000   clock network delay (ideal)
                                  0.250000    0.250000   clock uncertainty
                                  0.000000    0.250000   clock reconvergence pessimism
                                 -0.800000   -0.550000   output external delay
                                             -0.550000   data required time
---------------------------------------------------------------------------------------------
                                             -0.550000   data required time
                                             -1.345307   data arrival time
---------------------------------------------------------------------------------------------
                                              1.895307   slack (MET)


Startpoint: A[5] (input port clocked by __VIRTUAL_CLK__)
Endpoint: S[5] (output port clocked by __VIRTUAL_CLK__)
Path Group: __VIRTUAL_CLK__
Path Type: min

Fanout         Cap        Slew       Delay        Time   Description
---------------------------------------------------------------------------------------------
                      0.000000    0.000000    0.000000   clock __VIRTUAL_CLK__ (rise edge)
                                  0.000000    0.000000   clock network delay (ideal)
                                  0.800000    0.800000 ^ input external delay
     1    0.003381    0.015994    0.008305    0.808305 ^ A[5] (in)
                                                         A[5] (net)
                      0.015999    0.000000    0.808305 ^ input28/A (sky130_fd_sc_hd__clkdlybuf4s25_1)
     4    0.016318    0.128348    0.211910    1.020215 ^ input28/X (sky130_fd_sc_hd__clkdlybuf4s25_1)
                                                         net28 (net)
                      0.128348    0.000052    1.020268 ^ _357_/B1 (sky130_fd_sc_hd__a21oi_2)
     2    0.014401    0.045415    0.041056    1.061323 v _357_/Y (sky130_fd_sc_hd__a21oi_2)
                                                         _086_ (net)
                      0.045415    0.000110    1.061433 v _359_/B1 (sky130_fd_sc_hd__a22oi_4)
     2    0.014659    0.073934    0.074447    1.135880 ^ _359_/Y (sky130_fd_sc_hd__a22oi_4)
                                                         _088_ (net)
                      0.073934    0.000198    1.136078 ^ rebuffer128/A (sky130_fd_sc_hd__buf_2)
     1    0.009403    0.041172    0.083025    1.219102 ^ rebuffer128/X (sky130_fd_sc_hd__buf_2)
                                                         net128 (net)
                      0.041172    0.000053    1.219155 ^ _627_/A (sky130_fd_sc_hd__xnor2_2)
     1    0.002544    0.019634    0.033645    1.252800 v _627_/Y (sky130_fd_sc_hd__xnor2_2)
                                                         net93 (net)
                      0.019634    0.000012    1.252812 v output93/A (sky130_fd_sc_hd__buf_4)
     1    0.034460    0.042825    0.101603    1.354415 v output93/X (sky130_fd_sc_hd__buf_4)
                                                         S[5] (net)
                      0.042826    0.000290    1.354704 v S[5] (out)
                                              1.354704   data arrival time

                      0.000000    0.000000    0.000000   clock __VIRTUAL_CLK__ (rise edge)
                                  0.000000    0.000000   clock network delay (ideal)
                                  0.250000    0.250000   clock uncertainty
                                  0.000000    0.250000   clock reconvergence pessimism
                                 -0.800000   -0.550000   output external delay
                                             -0.550000   data required time
---------------------------------------------------------------------------------------------
                                             -0.550000   data required time
                                             -1.354704   data arrival time
---------------------------------------------------------------------------------------------
                                              1.904704   slack (MET)


Startpoint: A[0] (input port clocked by __VIRTUAL_CLK__)
Endpoint: S[0] (output port clocked by __VIRTUAL_CLK__)
Path Group: __VIRTUAL_CLK__
Path Type: min

Fanout         Cap        Slew       Delay        Time   Description
---------------------------------------------------------------------------------------------
                      0.000000    0.000000    0.000000   clock __VIRTUAL_CLK__ (rise edge)
                                  0.000000    0.000000   clock network delay (ideal)
                                  0.800000    0.800000 ^ input external delay
     1    0.004827    0.021128    0.011895    0.811895 ^ A[0] (in)
                                                         A[0] (net)
                      0.021129    0.000000    0.811895 ^ input1/A (sky130_fd_sc_hd__clkdlybuf4s25_1)
     4    0.021883    0.168882    0.239992    1.051888 ^ input1/X (sky130_fd_sc_hd__clkdlybuf4s25_1)
                                                         net1 (net)
                      0.168882    0.000330    1.052217 ^ _615_/A (sky130_fd_sc_hd__xor2_2)
     1    0.003984    0.023823    0.048003    1.100220 v _615_/X (sky130_fd_sc_hd__xor2_2)
                                                         net66 (net)
                      0.023823    0.000060    1.100280 v output66/A (sky130_fd_sc_hd__clkdlybuf4s25_1)
     1    0.036884    0.188023    0.269035    1.369315 v output66/X (sky130_fd_sc_hd__clkdlybuf4s25_1)
                                                         S[0] (net)
                      0.188023    0.000511    1.369826 v S[0] (out)
                                              1.369826   data arrival time

                      0.000000    0.000000    0.000000   clock __VIRTUAL_CLK__ (rise edge)
                                  0.000000    0.000000   clock network delay (ideal)
                                  0.250000    0.250000   clock uncertainty
                                  0.000000    0.250000   clock reconvergence pessimism
                                 -0.800000   -0.550000   output external delay
                                             -0.550000   data required time
---------------------------------------------------------------------------------------------
                                             -0.550000   data required time
                                             -1.369826   data arrival time
---------------------------------------------------------------------------------------------
                                              1.919826   slack (MET)


Startpoint: A[24] (input port clocked by __VIRTUAL_CLK__)
Endpoint: S[24] (output port clocked by __VIRTUAL_CLK__)
Path Group: __VIRTUAL_CLK__
Path Type: min

Fanout         Cap        Slew       Delay        Time   Description
---------------------------------------------------------------------------------------------
                      0.000000    0.000000    0.000000   clock __VIRTUAL_CLK__ (rise edge)
                                  0.000000    0.000000   clock network delay (ideal)
                                  0.800000    0.800000 ^ input external delay
     1    0.004631    0.020448    0.011428    0.811427 ^ A[24] (in)
                                                         A[24] (net)
                      0.020448    0.000000    0.811427 ^ input17/A (sky130_fd_sc_hd__clkdlybuf4s25_1)
     3    0.011001    0.089789    0.187277    0.998704 ^ input17/X (sky130_fd_sc_hd__clkdlybuf4s25_1)
                                                         net17 (net)
                      0.089789    0.000136    0.998840 ^ _526_/B1_N (sky130_fd_sc_hd__o21bai_2)
     1    0.005053    0.030278    0.079804    1.078644 ^ _526_/Y (sky130_fd_sc_hd__o21bai_2)
                                                         _247_ (net)
                      0.030278    0.000047    1.078691 ^ _527_/B (sky130_fd_sc_hd__nand2_2)
     5    0.029677    0.077428    0.070068    1.148759 v _527_/Y (sky130_fd_sc_hd__nand2_2)
                                                         _248_ (net)
                      0.077431    0.000386    1.149145 v _530_/B1 (sky130_fd_sc_hd__o211ai_2)
     1    0.002879    0.025844    0.058382    1.207527 ^ _530_/Y (sky130_fd_sc_hd__o211ai_2)
                                                         _251_ (net)
                      0.025844    0.000024    1.207551 ^ _531_/B (sky130_fd_sc_hd__and2_4)
     1    0.008668    0.031595    0.081413    1.288964 ^ _531_/X (sky130_fd_sc_hd__and2_4)
                                                         net82 (net)
                      0.031595    0.000228    1.289192 ^ output82/A (sky130_fd_sc_hd__buf_6)
     1    0.035431    0.058917    0.082177    1.371369 ^ output82/X (sky130_fd_sc_hd__buf_6)
                                                         S[24] (net)
                      0.058923    0.000573    1.371943 ^ S[24] (out)
                                              1.371943   data arrival time

                      0.000000    0.000000    0.000000   clock __VIRTUAL_CLK__ (rise edge)
                                  0.000000    0.000000   clock network delay (ideal)
                                  0.250000    0.250000   clock uncertainty
                                  0.000000    0.250000   clock reconvergence pessimism
                                 -0.800000   -0.550000   output external delay
                                             -0.550000   data required time
---------------------------------------------------------------------------------------------
                                             -0.550000   data required time
                                             -1.371943   data arrival time
---------------------------------------------------------------------------------------------
                                              1.921943   slack (MET)


Startpoint: A[9] (input port clocked by __VIRTUAL_CLK__)
Endpoint: S[9] (output port clocked by __VIRTUAL_CLK__)
Path Group: __VIRTUAL_CLK__
Path Type: min

Fanout         Cap        Slew       Delay        Time   Description
---------------------------------------------------------------------------------------------
                      0.000000    0.000000    0.000000   clock __VIRTUAL_CLK__ (rise edge)
                                  0.000000    0.000000   clock network delay (ideal)
                                  0.800000    0.800000 v input external delay
     1    0.004643    0.007612    0.003715    0.803715 v A[9] (in)
                                                         A[9] (net)
                      0.007617    0.000000    0.803715 v input32/A (sky130_fd_sc_hd__clkdlybuf4s25_1)
     3    0.007284    0.047385    0.158828    0.962542 v input32/X (sky130_fd_sc_hd__clkdlybuf4s25_1)
                                                         net32 (net)
                      0.047385    0.000063    0.962605 v _697_/B1_N (sky130_fd_sc_hd__o21bai_4)
     3    0.016281    0.034791    0.108392    1.070997 v _697_/Y (sky130_fd_sc_hd__o21bai_4)
                                                         _044_ (net)
                      0.034792    0.000150    1.071147 v _700_/A (sky130_fd_sc_hd__nand2_2)
     1    0.009245    0.043565    0.048669    1.119817 ^ _700_/Y (sky130_fd_sc_hd__nand2_2)
                                                         _047_ (net)
                      0.043565    0.000077    1.119893 ^ _635_/A (sky130_fd_sc_hd__xnor2_2)
     1    0.001928    0.017164    0.032557    1.152450 v _635_/Y (sky130_fd_sc_hd__xnor2_2)
                                                         net97 (net)
                      0.017164    0.000016    1.152466 v output97/A (sky130_fd_sc_hd__dlymetal6s4s_1)
     1    0.035132    0.123609    0.221829    1.374294 v output97/X (sky130_fd_sc_hd__dlymetal6s4s_1)
                                                         S[9] (net)
                      0.123610    0.000480    1.374774 v S[9] (out)
                                              1.374774   data arrival time

                      0.000000    0.000000    0.000000   clock __VIRTUAL_CLK__ (rise edge)
                                  0.000000    0.000000   clock network delay (ideal)
                                  0.250000    0.250000   clock uncertainty
                                  0.000000    0.250000   clock reconvergence pessimism
                                 -0.800000   -0.550000   output external delay
                                             -0.550000   data required time
---------------------------------------------------------------------------------------------
                                             -0.550000   data required time
                                             -1.374774   data arrival time
---------------------------------------------------------------------------------------------
                                              1.924774   slack (MET)


Startpoint: A[20] (input port clocked by __VIRTUAL_CLK__)
Endpoint: S[20] (output port clocked by __VIRTUAL_CLK__)
Path Group: __VIRTUAL_CLK__
Path Type: min

Fanout         Cap        Slew       Delay        Time   Description
---------------------------------------------------------------------------------------------
                      0.000000    0.000000    0.000000   clock __VIRTUAL_CLK__ (rise edge)
                                  0.000000    0.000000   clock network delay (ideal)
                                  0.800000    0.800000 v input external delay
     1    0.004227    0.006879    0.003355    0.803355 v A[20] (in)
                                                         A[20] (net)
                      0.006879    0.000000    0.803355 v input13/A (sky130_fd_sc_hd__clkdlybuf4s25_1)
     2    0.011532    0.066447    0.174591    0.977945 v input13/X (sky130_fd_sc_hd__clkdlybuf4s25_1)
                                                         net13 (net)
                      0.066447    0.000083    0.978029 v _462_/B1_N (sky130_fd_sc_hd__o21ba_2)
     2    0.016855    0.080146    0.172448    1.150477 ^ _462_/X (sky130_fd_sc_hd__o21ba_2)
                                                         _187_ (net)
                      0.080146    0.000244    1.150720 ^ _463_/B (sky130_fd_sc_hd__nor2_2)
     4    0.033392    0.062311    0.063171    1.213892 v _463_/Y (sky130_fd_sc_hd__nor2_2)
                                                         _188_ (net)
                      0.062322    0.000649    1.214541 v _471_/A (sky130_fd_sc_hd__xor2_4)
     1    0.005222    0.023707    0.116306    1.330846 v _471_/X (sky130_fd_sc_hd__xor2_4)
                                                         net78 (net)
                      0.023707    0.000050    1.330896 v output78/A (sky130_fd_sc_hd__buf_6)
     1    0.035071    0.032529    0.083563    1.414459 v output78/X (sky130_fd_sc_hd__buf_6)
                                                         S[20] (net)
                      0.032538    0.000501    1.414960 v S[20] (out)
                                              1.414960   data arrival time

                      0.000000    0.000000    0.000000   clock __VIRTUAL_CLK__ (rise edge)
                                  0.000000    0.000000   clock network delay (ideal)
                                  0.250000    0.250000   clock uncertainty
                                  0.000000    0.250000   clock reconvergence pessimism
                                 -0.800000   -0.550000   output external delay
                                             -0.550000   data required time
---------------------------------------------------------------------------------------------
                                             -0.550000   data required time
                                             -1.414960   data arrival time
---------------------------------------------------------------------------------------------
                                              1.964960   slack (MET)


Startpoint: A[10] (input port clocked by __VIRTUAL_CLK__)
Endpoint: S[10] (output port clocked by __VIRTUAL_CLK__)
Path Group: __VIRTUAL_CLK__
Path Type: min

Fanout         Cap        Slew       Delay        Time   Description
---------------------------------------------------------------------------------------------
                      0.000000    0.000000    0.000000   clock __VIRTUAL_CLK__ (rise edge)
                                  0.000000    0.000000   clock network delay (ideal)
                                  0.800000    0.800000 ^ input external delay
     1    0.003742    0.017300    0.009214    0.809214 ^ A[10] (in)
                                                         A[10] (net)
                      0.017301    0.000000    0.809214 ^ input2/A (sky130_fd_sc_hd__clkdlybuf4s25_1)
     2    0.008554    0.072270    0.174563    0.983777 ^ input2/X (sky130_fd_sc_hd__clkdlybuf4s25_1)
                                                         net2 (net)
                      0.072270    0.000143    0.983920 ^ _714_/B1 (sky130_fd_sc_hd__o21a_4)
     2    0.015766    0.044748    0.080988    1.064908 ^ _714_/X (sky130_fd_sc_hd__o21a_4)
                                                         _061_ (net)
                      0.044748    0.000084    1.064993 ^ _715_/A (sky130_fd_sc_hd__nand2_4)
     4    0.022383    0.039218    0.041121    1.106113 v _715_/Y (sky130_fd_sc_hd__nand2_4)
                                                         _062_ (net)
                      0.039220    0.000205    1.106318 v _716_/B (sky130_fd_sc_hd__nand2_2)
     2    0.014995    0.066694    0.071068    1.177386 ^ _716_/Y (sky130_fd_sc_hd__nand2_2)
                                                         _063_ (net)
                      0.066694    0.000153    1.177539 ^ _637_/A (sky130_fd_sc_hd__xor2_2)
     1    0.003974    0.023503    0.040916    1.218455 v _637_/X (sky130_fd_sc_hd__xor2_2)
                                                         net67 (net)
                      0.023503    0.000066    1.218521 v output67/A (sky130_fd_sc_hd__dlymetal6s4s_1)
     1    0.035877    0.126065    0.225269    1.443791 v output67/X (sky130_fd_sc_hd__dlymetal6s4s_1)
                                                         S[10] (net)
                      0.126067    0.000653    1.444444 v S[10] (out)
                                              1.444444   data arrival time

                      0.000000    0.000000    0.000000   clock __VIRTUAL_CLK__ (rise edge)
                                  0.000000    0.000000   clock network delay (ideal)
                                  0.250000    0.250000   clock uncertainty
                                  0.000000    0.250000   clock reconvergence pessimism
                                 -0.800000   -0.550000   output external delay
                                             -0.550000   data required time
---------------------------------------------------------------------------------------------
                                             -0.550000   data required time
                                             -1.444444   data arrival time
---------------------------------------------------------------------------------------------
                                              1.994444   slack (MET)



