
===========================================================================
report_checks -path_delay min (Hold)
============================================================================
======================= min_tt_025C_1v80 Corner ===================================

Startpoint: A[31] (input port clocked by __VIRTUAL_CLK__)
Endpoint: carryOut (output port clocked by __VIRTUAL_CLK__)
Path Group: __VIRTUAL_CLK__
Path Type: min

Fanout         Cap        Slew       Delay        Time   Description
---------------------------------------------------------------------------------------------
                      0.000000    0.000000    0.000000   clock __VIRTUAL_CLK__ (rise edge)
                                  0.000000    0.000000   clock network delay (ideal)
                                  0.800000    0.800000 v input external delay
     1    0.003551    0.010375    0.005401    0.805401 v A[31] (in)
                                                         A[31] (net)
                      0.010375    0.000000    0.805401 v input25/A (sky130_fd_sc_hd__clkdlybuf4s25_1)
     2    0.018113    0.142251    0.298675    1.104076 v input25/X (sky130_fd_sc_hd__clkdlybuf4s25_1)
                                                         net25 (net)
                      0.142251    0.000162    1.104238 v _651_/A1_N (sky130_fd_sc_hd__o2bb2ai_4)
     1    0.004834    0.036597    0.163608    1.267845 v _651_/Y (sky130_fd_sc_hd__o2bb2ai_4)
                                                         net98 (net)
                      0.036597    0.000045    1.267891 v output98/A (sky130_fd_sc_hd__buf_6)
     1    0.035865    0.044851    0.127594    1.395485 v output98/X (sky130_fd_sc_hd__buf_6)
                                                         carryOut (net)
                      0.044852    0.000275    1.395760 v carryOut (out)
                                              1.395760   data arrival time

                      0.000000    0.000000    0.000000   clock __VIRTUAL_CLK__ (rise edge)
                                  0.000000    0.000000   clock network delay (ideal)
                                  0.250000    0.250000   clock uncertainty
                                  0.000000    0.250000   clock reconvergence pessimism
                                 -0.800000   -0.550000   output external delay
                                             -0.550000   data required time
---------------------------------------------------------------------------------------------
                                             -0.550000   data required time
                                             -1.395760   data arrival time
---------------------------------------------------------------------------------------------
                                              1.945760   slack (MET)


Startpoint: A[20] (input port clocked by __VIRTUAL_CLK__)
Endpoint: S[21] (output port clocked by __VIRTUAL_CLK__)
Path Group: __VIRTUAL_CLK__
Path Type: min

Fanout         Cap        Slew       Delay        Time   Description
---------------------------------------------------------------------------------------------
                      0.000000    0.000000    0.000000   clock __VIRTUAL_CLK__ (rise edge)
                                  0.000000    0.000000   clock network delay (ideal)
                                  0.800000    0.800000 v input external delay
     1    0.005193    0.014044    0.008006    0.808006 v A[20] (in)
                                                         A[20] (net)
                      0.014045    0.000000    0.808006 v input13/A (sky130_fd_sc_hd__clkdlybuf4s25_1)
     2    0.013052    0.107333    0.274010    1.082016 v input13/X (sky130_fd_sc_hd__clkdlybuf4s25_1)
                                                         net13 (net)
                      0.107333    0.000265    1.082281 v _460_/B1 (sky130_fd_sc_hd__o21ai_4)
     3    0.014019    0.075497    0.094770    1.177051 ^ _460_/Y (sky130_fd_sc_hd__o21ai_4)
                                                         _185_ (net)
                      0.075497    0.000147    1.177198 ^ _479_/B2 (sky130_fd_sc_hd__o2bb2ai_2)
     1    0.004974    0.033390    0.056264    1.233462 v _479_/Y (sky130_fd_sc_hd__o2bb2ai_2)
                                                         _203_ (net)
                      0.033390    0.000030    1.233492 v _481_/B1 (sky130_fd_sc_hd__o21ai_2)
     1    0.009098    0.070620    0.063803    1.297295 ^ _481_/Y (sky130_fd_sc_hd__o21ai_2)
                                                         _205_ (net)
                      0.070620    0.000076    1.297371 ^ _482_/A (sky130_fd_sc_hd__nand2_4)
     1    0.007677    0.028581    0.045161    1.342532 v _482_/Y (sky130_fd_sc_hd__nand2_4)
                                                         net79 (net)
                      0.028581    0.000097    1.342629 v output79/A (sky130_fd_sc_hd__buf_8)
     1    0.034889    0.040307    0.120722    1.463351 v output79/X (sky130_fd_sc_hd__buf_8)
                                                         S[21] (net)
                      0.040314    0.000501    1.463852 v S[21] (out)
                                              1.463852   data arrival time

                      0.000000    0.000000    0.000000   clock __VIRTUAL_CLK__ (rise edge)
                                  0.000000    0.000000   clock network delay (ideal)
                                  0.250000    0.250000   clock uncertainty
                                  0.000000    0.250000   clock reconvergence pessimism
                                 -0.800000   -0.550000   output external delay
                                             -0.550000   data required time
---------------------------------------------------------------------------------------------
                                             -0.550000   data required time
                                             -1.463852   data arrival time
---------------------------------------------------------------------------------------------
                                              2.013852   slack (MET)


Startpoint: A[28] (input port clocked by __VIRTUAL_CLK__)
Endpoint: S[29] (output port clocked by __VIRTUAL_CLK__)
Path Group: __VIRTUAL_CLK__
Path Type: min

Fanout         Cap        Slew       Delay        Time   Description
---------------------------------------------------------------------------------------------
                      0.000000    0.000000    0.000000   clock __VIRTUAL_CLK__ (rise edge)
                                  0.000000    0.000000   clock network delay (ideal)
                                  0.800000    0.800000 v input external delay
     1    0.003549    0.010371    0.005402    0.805402 v A[28] (in)
                                                         A[28] (net)
                      0.010371    0.000000    0.805402 v input21/A (sky130_fd_sc_hd__clkdlybuf4s25_1)
     3    0.005727    0.058754    0.233021    1.038423 v input21/X (sky130_fd_sc_hd__clkdlybuf4s25_1)
                                                         net21 (net)
                      0.058754    0.000050    1.038473 v _568_/C_N (sky130_fd_sc_hd__nor3b_2)
     2    0.011107    0.044602    0.168324    1.206797 v _568_/Y (sky130_fd_sc_hd__nor3b_2)
                                                         _285_ (net)
                      0.044602    0.000112    1.206908 v _590_/A1 (sky130_fd_sc_hd__o21ai_2)
     1    0.006393    0.056187    0.139103    1.346012 ^ _590_/Y (sky130_fd_sc_hd__o21ai_2)
                                                         net87 (net)
                      0.056187    0.000080    1.346092 ^ output87/A (sky130_fd_sc_hd__buf_6)
     1    0.034721    0.077604    0.123415    1.469506 ^ output87/X (sky130_fd_sc_hd__buf_6)
                                                         S[29] (net)
                      0.077604    0.000317    1.469823 ^ S[29] (out)
                                              1.469823   data arrival time

                      0.000000    0.000000    0.000000   clock __VIRTUAL_CLK__ (rise edge)
                                  0.000000    0.000000   clock network delay (ideal)
                                  0.250000    0.250000   clock uncertainty
                                  0.000000    0.250000   clock reconvergence pessimism
                                 -0.800000   -0.550000   output external delay
                                             -0.550000   data required time
---------------------------------------------------------------------------------------------
                                             -0.550000   data required time
                                             -1.469823   data arrival time
---------------------------------------------------------------------------------------------
                                              2.019824   slack (MET)


Startpoint: A[12] (input port clocked by __VIRTUAL_CLK__)
Endpoint: S[13] (output port clocked by __VIRTUAL_CLK__)
Path Group: __VIRTUAL_CLK__
Path Type: min

Fanout         Cap        Slew       Delay        Time   Description
---------------------------------------------------------------------------------------------
                      0.000000    0.000000    0.000000   clock __VIRTUAL_CLK__ (rise edge)
                                  0.000000    0.000000   clock network delay (ideal)
                                  0.800000    0.800000 ^ input external delay
     1    0.004533    0.027251    0.015500    0.815500 ^ A[12] (in)
                                                         A[12] (net)
                      0.027251    0.000000    0.815500 ^ input4/A (sky130_fd_sc_hd__clkdlybuf4s25_1)
     4    0.017568    0.187578    0.322213    1.137713 ^ input4/X (sky130_fd_sc_hd__clkdlybuf4s25_1)
                                                         net4 (net)
                      0.187578    0.000073    1.137786 ^ _643_/A1 (sky130_fd_sc_hd__a22o_4)
     1    0.008700    0.041288    0.159755    1.297541 ^ _643_/X (sky130_fd_sc_hd__a22o_4)
                                                         _343_ (net)
                      0.041288    0.000070    1.297611 ^ _644_/B (sky130_fd_sc_hd__xnor2_2)
     1    0.004916    0.035855    0.053358    1.350970 v _644_/Y (sky130_fd_sc_hd__xnor2_2)
                                                         net70 (net)
                      0.035855    0.000046    1.351016 v output70/A (sky130_fd_sc_hd__buf_6)
     1    0.034933    0.044125    0.126661    1.477677 v output70/X (sky130_fd_sc_hd__buf_6)
                                                         S[13] (net)
                      0.044126    0.000212    1.477889 v S[13] (out)
                                              1.477889   data arrival time

                      0.000000    0.000000    0.000000   clock __VIRTUAL_CLK__ (rise edge)
                                  0.000000    0.000000   clock network delay (ideal)
                                  0.250000    0.250000   clock uncertainty
                                  0.000000    0.250000   clock reconvergence pessimism
                                 -0.800000   -0.550000   output external delay
                                             -0.550000   data required time
---------------------------------------------------------------------------------------------
                                             -0.550000   data required time
                                             -1.477889   data arrival time
---------------------------------------------------------------------------------------------
                                              2.027889   slack (MET)


Startpoint: A[4] (input port clocked by __VIRTUAL_CLK__)
Endpoint: S[4] (output port clocked by __VIRTUAL_CLK__)
Path Group: __VIRTUAL_CLK__
Path Type: min

Fanout         Cap        Slew       Delay        Time   Description
---------------------------------------------------------------------------------------------
                      0.000000    0.000000    0.000000   clock __VIRTUAL_CLK__ (rise edge)
                                  0.000000    0.000000   clock network delay (ideal)
                                  0.800000    0.800000 v input external delay
     1    0.003556    0.010388    0.005418    0.805418 v A[4] (in)
                                                         A[4] (net)
                      0.010388    0.000000    0.805418 v input27/A (sky130_fd_sc_hd__clkdlybuf4s25_1)
     3    0.012059    0.100553    0.267596    1.073015 v input27/X (sky130_fd_sc_hd__clkdlybuf4s25_1)
                                                         net27 (net)
                      0.100553    0.000125    1.073139 v _364_/B1 (sky130_fd_sc_hd__o21ai_4)
     3    0.012429    0.070296    0.088612    1.161751 ^ _364_/Y (sky130_fd_sc_hd__o21ai_4)
                                                         _093_ (net)
                      0.070296    0.000033    1.161784 ^ _368_/A2 (sky130_fd_sc_hd__o21a_2)
     1    0.009319    0.059893    0.130938    1.292722 ^ _368_/X (sky130_fd_sc_hd__o21a_2)
                                                         _097_ (net)
                      0.059893    0.000078    1.292800 ^ _625_/A (sky130_fd_sc_hd__xnor2_2)
     1    0.005400    0.037906    0.067672    1.360471 v _625_/Y (sky130_fd_sc_hd__xnor2_2)
                                                         net92 (net)
                      0.037906    0.000067    1.360538 v output92/A (sky130_fd_sc_hd__buf_6)
     1    0.034744    0.044053    0.127228    1.487766 v output92/X (sky130_fd_sc_hd__buf_6)
                                                         S[4] (net)
                      0.044058    0.000463    1.488228 v S[4] (out)
                                              1.488228   data arrival time

                      0.000000    0.000000    0.000000   clock __VIRTUAL_CLK__ (rise edge)
                                  0.000000    0.000000   clock network delay (ideal)
                                  0.250000    0.250000   clock uncertainty
                                  0.000000    0.250000   clock reconvergence pessimism
                                 -0.800000   -0.550000   output external delay
                                             -0.550000   data required time
---------------------------------------------------------------------------------------------
                                             -0.550000   data required time
                                             -1.488228   data arrival time
---------------------------------------------------------------------------------------------
                                              2.038228   slack (MET)


Startpoint: A[2] (input port clocked by __VIRTUAL_CLK__)
Endpoint: S[3] (output port clocked by __VIRTUAL_CLK__)
Path Group: __VIRTUAL_CLK__
Path Type: min

Fanout         Cap        Slew       Delay        Time   Description
---------------------------------------------------------------------------------------------
                      0.000000    0.000000    0.000000   clock __VIRTUAL_CLK__ (rise edge)
                                  0.000000    0.000000   clock network delay (ideal)
                                  0.800000    0.800000 ^ input external delay
     1    0.004298    0.026232    0.014766    0.814766 ^ A[2] (in)
                                                         A[2] (net)
                      0.026232    0.000000    0.814766 ^ input23/A (sky130_fd_sc_hd__clkdlybuf4s25_1)
     2    0.007776    0.090179    0.257926    1.072692 ^ input23/X (sky130_fd_sc_hd__clkdlybuf4s25_1)
                                                         net23 (net)
                      0.090179    0.000013    1.072705 ^ _396_/B1_N (sky130_fd_sc_hd__o21bai_4)
     5    0.023358    0.095956    0.153698    1.226402 ^ _396_/Y (sky130_fd_sc_hd__o21bai_4)
                                                         _125_ (net)
                      0.095959    0.000594    1.226996 ^ _622_/A (sky130_fd_sc_hd__nand3_2)
     1    0.004595    0.048998    0.066202    1.293198 v _622_/Y (sky130_fd_sc_hd__nand3_2)
                                                         _332_ (net)
                      0.048998    0.000039    1.293237 v _623_/B (sky130_fd_sc_hd__nand2b_2)
     1    0.007425    0.055212    0.071488    1.364725 ^ _623_/Y (sky130_fd_sc_hd__nand2b_2)
                                                         net91 (net)
                      0.055212    0.000153    1.364877 ^ output91/A (sky130_fd_sc_hd__buf_6)
     1    0.035061    0.078259    0.123416    1.488293 ^ output91/X (sky130_fd_sc_hd__buf_6)
                                                         S[3] (net)
                      0.078261    0.000539    1.488832 ^ S[3] (out)
                                              1.488832   data arrival time

                      0.000000    0.000000    0.000000   clock __VIRTUAL_CLK__ (rise edge)
                                  0.000000    0.000000   clock network delay (ideal)
                                  0.250000    0.250000   clock uncertainty
                                  0.000000    0.250000   clock reconvergence pessimism
                                 -0.800000   -0.550000   output external delay
                                             -0.550000   data required time
---------------------------------------------------------------------------------------------
                                             -0.550000   data required time
                                             -1.488832   data arrival time
---------------------------------------------------------------------------------------------
                                              2.038832   slack (MET)


Startpoint: A[9] (input port clocked by __VIRTUAL_CLK__)
Endpoint: S[9] (output port clocked by __VIRTUAL_CLK__)
Path Group: __VIRTUAL_CLK__
Path Type: min

Fanout         Cap        Slew       Delay        Time   Description
---------------------------------------------------------------------------------------------
                      0.000000    0.000000    0.000000   clock __VIRTUAL_CLK__ (rise edge)
                                  0.000000    0.000000   clock network delay (ideal)
                                  0.800000    0.800000 v input external delay
     1    0.003296    0.009785    0.004992    0.804992 v A[9] (in)
                                                         A[9] (net)
                      0.009785    0.000000    0.804992 v input32/A (sky130_fd_sc_hd__clkdlybuf4s25_1)
     3    0.006977    0.067181    0.240063    1.045055 v input32/X (sky130_fd_sc_hd__clkdlybuf4s25_1)
                                                         net32 (net)
                      0.067181    0.000089    1.045144 v _697_/B1_N (sky130_fd_sc_hd__o21bai_4)
     3    0.016266    0.051151    0.186951    1.232094 v _697_/Y (sky130_fd_sc_hd__o21bai_4)
                                                         _044_ (net)
                      0.051151    0.000116    1.232210 v _700_/A (sky130_fd_sc_hd__nand2_2)
     1    0.009613    0.059738    0.070487    1.302697 ^ _700_/Y (sky130_fd_sc_hd__nand2_2)
                                                         _047_ (net)
                      0.059738    0.000099    1.302796 ^ _635_/A (sky130_fd_sc_hd__xnor2_2)
     1    0.005025    0.036300    0.066422    1.369218 v _635_/Y (sky130_fd_sc_hd__xnor2_2)
                                                         net97 (net)
                      0.036300    0.000055    1.369273 v output97/A (sky130_fd_sc_hd__buf_6)
     1    0.034502    0.043859    0.126422    1.495695 v output97/X (sky130_fd_sc_hd__buf_6)
                                                         S[9] (net)
                      0.043862    0.000413    1.496107 v S[9] (out)
                                              1.496107   data arrival time

                      0.000000    0.000000    0.000000   clock __VIRTUAL_CLK__ (rise edge)
                                  0.000000    0.000000   clock network delay (ideal)
                                  0.250000    0.250000   clock uncertainty
                                  0.000000    0.250000   clock reconvergence pessimism
                                 -0.800000   -0.550000   output external delay
                                             -0.550000   data required time
---------------------------------------------------------------------------------------------
                                             -0.550000   data required time
                                             -1.496107   data arrival time
---------------------------------------------------------------------------------------------
                                              2.046107   slack (MET)


Startpoint: A[30] (input port clocked by __VIRTUAL_CLK__)
Endpoint: S[30] (output port clocked by __VIRTUAL_CLK__)
Path Group: __VIRTUAL_CLK__
Path Type: min

Fanout         Cap        Slew       Delay        Time   Description
---------------------------------------------------------------------------------------------
                      0.000000    0.000000    0.000000   clock __VIRTUAL_CLK__ (rise edge)
                                  0.000000    0.000000   clock network delay (ideal)
                                  0.800000    0.800000 ^ input external delay
     1    0.003223    0.021558    0.011189    0.811189 ^ A[30] (in)
                                                         A[30] (net)
                      0.021558    0.000000    0.811189 ^ input24/A (sky130_fd_sc_hd__clkdlybuf4s25_1)
     3    0.005602    0.069708    0.241867    1.053056 ^ input24/X (sky130_fd_sc_hd__clkdlybuf4s25_1)
                                                         net24 (net)
                      0.069708    0.000040    1.053096 ^ _595_/B1_N (sky130_fd_sc_hd__o21bai_2)
     2    0.012647    0.087765    0.135684    1.188780 ^ _595_/Y (sky130_fd_sc_hd__o21bai_2)
                                                         _310_ (net)
                      0.087765    0.000138    1.188917 ^ _596_/B (sky130_fd_sc_hd__nand2_2)
     2    0.007377    0.042322    0.064085    1.253003 v _596_/Y (sky130_fd_sc_hd__nand2_2)
                                                         _311_ (net)
                      0.042322    0.000020    1.253022 v _602_/B1 (sky130_fd_sc_hd__o21ai_2)
     1    0.009475    0.072629    0.068745    1.321767 ^ _602_/Y (sky130_fd_sc_hd__o21ai_2)
                                                         _317_ (net)
                      0.072629    0.000086    1.321853 ^ _604_/B1 (sky130_fd_sc_hd__o21ai_4)
     1    0.006680    0.028798    0.054639    1.376492 v _604_/Y (sky130_fd_sc_hd__o21ai_4)
                                                         net89 (net)
                      0.028798    0.000094    1.376586 v output89/A (sky130_fd_sc_hd__buf_6)
     1    0.034237    0.043633    0.123224    1.499811 v output89/X (sky130_fd_sc_hd__buf_6)
                                                         S[30] (net)
                      0.043634    0.000263    1.500074 v S[30] (out)
                                              1.500074   data arrival time

                      0.000000    0.000000    0.000000   clock __VIRTUAL_CLK__ (rise edge)
                                  0.000000    0.000000   clock network delay (ideal)
                                  0.250000    0.250000   clock uncertainty
                                  0.000000    0.250000   clock reconvergence pessimism
                                 -0.800000   -0.550000   output external delay
                                             -0.550000   data required time
---------------------------------------------------------------------------------------------
                                             -0.550000   data required time
                                             -1.500074   data arrival time
---------------------------------------------------------------------------------------------
                                              2.050073   slack (MET)


Startpoint: A[25] (input port clocked by __VIRTUAL_CLK__)
Endpoint: S[25] (output port clocked by __VIRTUAL_CLK__)
Path Group: __VIRTUAL_CLK__
Path Type: min

Fanout         Cap        Slew       Delay        Time   Description
---------------------------------------------------------------------------------------------
                      0.000000    0.000000    0.000000   clock __VIRTUAL_CLK__ (rise edge)
                                  0.000000    0.000000   clock network delay (ideal)
                                  0.800000    0.800000 v input external delay
     1    0.003082    0.009285    0.004650    0.804650 v A[25] (in)
                                                         A[25] (net)
                      0.009285    0.000000    0.804650 v input18/A (sky130_fd_sc_hd__clkdlybuf4s25_1)
     2    0.006269    0.062379    0.235758    1.040408 v input18/X (sky130_fd_sc_hd__clkdlybuf4s25_1)
                                                         net18 (net)
                      0.062379    0.000053    1.040461 v _535_/B1 (sky130_fd_sc_hd__o21ai_2)
     2    0.008457    0.068425    0.073559    1.114020 ^ _535_/Y (sky130_fd_sc_hd__o21ai_2)
                                                         _255_ (net)
                      0.068425    0.000072    1.114092 ^ _537_/A2 (sky130_fd_sc_hd__o21bai_2)
     4    0.019674    0.090416    0.102153    1.216245 v _537_/Y (sky130_fd_sc_hd__o21bai_2)
                                                         _257_ (net)
                      0.090445    0.000290    1.216535 v _539_/B1 (sky130_fd_sc_hd__o21ai_2)
     1    0.005830    0.059676    0.075301    1.291836 ^ _539_/Y (sky130_fd_sc_hd__o21ai_2)
                                                         _259_ (net)
                      0.059676    0.000069    1.291905 ^ _540_/B (sky130_fd_sc_hd__nand2_2)
     1    0.002551    0.023331    0.043558    1.335463 v _540_/Y (sky130_fd_sc_hd__nand2_2)
                                                         net83 (net)
                      0.023331    0.000013    1.335476 v output83/A (sky130_fd_sc_hd__clkbuf_2)
     1    0.035665    0.136834    0.173504    1.508980 v output83/X (sky130_fd_sc_hd__clkbuf_2)
                                                         S[25] (net)
                      0.136836    0.000653    1.509633 v S[25] (out)
                                              1.509633   data arrival time

                      0.000000    0.000000    0.000000   clock __VIRTUAL_CLK__ (rise edge)
                                  0.000000    0.000000   clock network delay (ideal)
                                  0.250000    0.250000   clock uncertainty
                                  0.000000    0.250000   clock reconvergence pessimism
                                 -0.800000   -0.550000   output external delay
                                             -0.550000   data required time
---------------------------------------------------------------------------------------------
                                             -0.550000   data required time
                                             -1.509633   data arrival time
---------------------------------------------------------------------------------------------
                                              2.059633   slack (MET)


Startpoint: A[26] (input port clocked by __VIRTUAL_CLK__)
Endpoint: S[27] (output port clocked by __VIRTUAL_CLK__)
Path Group: __VIRTUAL_CLK__
Path Type: min

Fanout         Cap        Slew       Delay        Time   Description
---------------------------------------------------------------------------------------------
                      0.000000    0.000000    0.000000   clock __VIRTUAL_CLK__ (rise edge)
                                  0.000000    0.000000   clock network delay (ideal)
                                  0.800000    0.800000 ^ input external delay
     1    0.003170    0.021331    0.011013    0.811013 ^ A[26] (in)
                                                         A[26] (net)
                      0.021331    0.000000    0.811013 ^ input19/A (sky130_fd_sc_hd__clkdlybuf4s25_1)
     2    0.004174    0.056448    0.232245    1.043258 ^ input19/X (sky130_fd_sc_hd__clkdlybuf4s25_1)
                                                         net19 (net)
                      0.056448    0.000034    1.043291 ^ _548_/B1_N (sky130_fd_sc_hd__o21bai_2)
     2    0.008878    0.070229    0.118559    1.161850 ^ _548_/Y (sky130_fd_sc_hd__o21bai_2)
                                                         _267_ (net)
                      0.070229    0.000108    1.161958 ^ _560_/A2 (sky130_fd_sc_hd__a21boi_2)
     3    0.013858    0.059292    0.078355    1.240313 v _560_/Y (sky130_fd_sc_hd__a21boi_2)
                                                         _278_ (net)
                      0.059292    0.000182    1.240496 v _563_/A (sky130_fd_sc_hd__nand2_2)
     1    0.005350    0.040764    0.059369    1.299865 ^ _563_/Y (sky130_fd_sc_hd__nand2_2)
                                                         _281_ (net)
                      0.040764    0.000057    1.299922 ^ _564_/A2 (sky130_fd_sc_hd__o21ai_2)
     1    0.003821    0.025408    0.043358    1.343279 v _564_/Y (sky130_fd_sc_hd__o21ai_2)
                                                         net85 (net)
                      0.025408    0.000055    1.343334 v output85/A (sky130_fd_sc_hd__clkbuf_4)
     1    0.035341    0.081557    0.166930    1.510265 v output85/X (sky130_fd_sc_hd__clkbuf_4)
                                                         S[27] (net)
                      0.081557    0.000342    1.510606 v S[27] (out)
                                              1.510606   data arrival time

                      0.000000    0.000000    0.000000   clock __VIRTUAL_CLK__ (rise edge)
                                  0.000000    0.000000   clock network delay (ideal)
                                  0.250000    0.250000   clock uncertainty
                                  0.000000    0.250000   clock reconvergence pessimism
                                 -0.800000   -0.550000   output external delay
                                             -0.550000   data required time
---------------------------------------------------------------------------------------------
                                             -0.550000   data required time
                                             -1.510606   data arrival time
---------------------------------------------------------------------------------------------
                                              2.060606   slack (MET)


Startpoint: A[6] (input port clocked by __VIRTUAL_CLK__)
Endpoint: S[6] (output port clocked by __VIRTUAL_CLK__)
Path Group: __VIRTUAL_CLK__
Path Type: min

Fanout         Cap        Slew       Delay        Time   Description
---------------------------------------------------------------------------------------------
                      0.000000    0.000000    0.000000   clock __VIRTUAL_CLK__ (rise edge)
                                  0.000000    0.000000   clock network delay (ideal)
                                  0.800000    0.800000 v input external delay
     1    0.003949    0.011295    0.006047    0.806047 v A[6] (in)
                                                         A[6] (net)
                      0.011295    0.000000    0.806047 v input29/A (sky130_fd_sc_hd__clkdlybuf4s25_1)
     2    0.011704    0.098128    0.266075    1.072122 v input29/X (sky130_fd_sc_hd__clkdlybuf4s25_1)
                                                         net29 (net)
                      0.098128    0.000203    1.072325 v _730_/B1 (sky130_fd_sc_hd__o21ai_4)
     4    0.023699    0.101714    0.110698    1.183023 ^ _730_/Y (sky130_fd_sc_hd__o21ai_4)
                                                         _077_ (net)
                      0.101714    0.000212    1.183234 ^ _350_/A2 (sky130_fd_sc_hd__o21ai_2)
     1    0.009515    0.049817    0.073672    1.256907 v _350_/Y (sky130_fd_sc_hd__o21ai_2)
                                                         _079_ (net)
                      0.049817    0.000124    1.257030 v _629_/A (sky130_fd_sc_hd__xnor2_2)
     1    0.004618    0.039402    0.125731    1.382762 v _629_/Y (sky130_fd_sc_hd__xnor2_2)
                                                         net94 (net)
                      0.039402    0.000037    1.382799 v output94/A (sky130_fd_sc_hd__buf_6)
     1    0.035047    0.044221    0.128022    1.510821 v output94/X (sky130_fd_sc_hd__buf_6)
                                                         S[6] (net)
                      0.044228    0.000550    1.511371 v S[6] (out)
                                              1.511371   data arrival time

                      0.000000    0.000000    0.000000   clock __VIRTUAL_CLK__ (rise edge)
                                  0.000000    0.000000   clock network delay (ideal)
                                  0.250000    0.250000   clock uncertainty
                                  0.000000    0.250000   clock reconvergence pessimism
                                 -0.800000   -0.550000   output external delay
                                             -0.550000   data required time
---------------------------------------------------------------------------------------------
                                             -0.550000   data required time
                                             -1.511371   data arrival time
---------------------------------------------------------------------------------------------
                                              2.061371   slack (MET)


Startpoint: A[1] (input port clocked by __VIRTUAL_CLK__)
Endpoint: S[1] (output port clocked by __VIRTUAL_CLK__)
Path Group: __VIRTUAL_CLK__
Path Type: min

Fanout         Cap        Slew       Delay        Time   Description
---------------------------------------------------------------------------------------------
                      0.000000    0.000000    0.000000   clock __VIRTUAL_CLK__ (rise edge)
                                  0.000000    0.000000   clock network delay (ideal)
                                  0.800000    0.800000 v input external delay
     1    0.003012    0.009124    0.004537    0.804537 v A[1] (in)
                                                         A[1] (net)
                      0.009124    0.000000    0.804537 v input12/A (sky130_fd_sc_hd__clkdlybuf4s25_1)
     2    0.008004    0.073827    0.245799    1.050336 v input12/X (sky130_fd_sc_hd__clkdlybuf4s25_1)
                                                         net12 (net)
                      0.073827    0.000068    1.050404 v _383_/B (sky130_fd_sc_hd__nand2_2)
     3    0.021777    0.119259    0.129025    1.179429 ^ _383_/Y (sky130_fd_sc_hd__nand2_2)
                                                         _112_ (net)
                      0.119260    0.000271    1.179701 ^ _386_/A2 (sky130_fd_sc_hd__o21ai_4)
     2    0.017885    0.056292    0.079299    1.259000 v _386_/Y (sky130_fd_sc_hd__o21ai_4)
                                                         _115_ (net)
                      0.056292    0.000192    1.259192 v _617_/A (sky130_fd_sc_hd__xnor2_2)
     1    0.004626    0.034817    0.128376    1.387568 v _617_/Y (sky130_fd_sc_hd__xnor2_2)
                                                         net77 (net)
                      0.034817    0.000037    1.387605 v output77/A (sky130_fd_sc_hd__buf_6)
     1    0.035213    0.044344    0.126425    1.514030 v output77/X (sky130_fd_sc_hd__buf_6)
                                                         S[1] (net)
                      0.044345    0.000226    1.514256 v S[1] (out)
                                              1.514256   data arrival time

                      0.000000    0.000000    0.000000   clock __VIRTUAL_CLK__ (rise edge)
                                  0.000000    0.000000   clock network delay (ideal)
                                  0.250000    0.250000   clock uncertainty
                                  0.000000    0.250000   clock reconvergence pessimism
                                 -0.800000   -0.550000   output external delay
                                             -0.550000   data required time
---------------------------------------------------------------------------------------------
                                             -0.550000   data required time
                                             -1.514256   data arrival time
---------------------------------------------------------------------------------------------
                                              2.064255   slack (MET)


Startpoint: A[2] (input port clocked by __VIRTUAL_CLK__)
Endpoint: S[2] (output port clocked by __VIRTUAL_CLK__)
Path Group: __VIRTUAL_CLK__
Path Type: min

Fanout         Cap        Slew       Delay        Time   Description
---------------------------------------------------------------------------------------------
                      0.000000    0.000000    0.000000   clock __VIRTUAL_CLK__ (rise edge)
                                  0.000000    0.000000   clock network delay (ideal)
                                  0.800000    0.800000 v input external delay
     1    0.004073    0.011580    0.006235    0.806235 v A[2] (in)
                                                         A[2] (net)
                      0.011580    0.000000    0.806235 v input23/A (sky130_fd_sc_hd__clkdlybuf4s25_1)
     2    0.007260    0.069101    0.242435    1.048670 v input23/X (sky130_fd_sc_hd__clkdlybuf4s25_1)
                                                         net23 (net)
                      0.069101    0.000042    1.048712 v _397_/B1 (sky130_fd_sc_hd__o21ai_2)
     3    0.014387    0.099687    0.097125    1.145837 ^ _397_/Y (sky130_fd_sc_hd__o21ai_2)
                                                         _126_ (net)
                      0.099718    0.000109    1.145946 ^ _398_/A2 (sky130_fd_sc_hd__o21a_2)
     1    0.011659    0.070878    0.147672    1.293618 ^ _398_/X (sky130_fd_sc_hd__o21a_2)
                                                         _127_ (net)
                      0.070878    0.000189    1.293807 ^ _620_/A (sky130_fd_sc_hd__xor2_2)
     1    0.003077    0.030845    0.060867    1.354674 v _620_/X (sky130_fd_sc_hd__xor2_2)
                                                         net88 (net)
                      0.030845    0.000036    1.354710 v output88/A (sky130_fd_sc_hd__clkbuf_4)
     1    0.036943    0.084393    0.171535    1.526245 v output88/X (sky130_fd_sc_hd__clkbuf_4)
                                                         S[2] (net)
                      0.084393    0.000388    1.526633 v S[2] (out)
                                              1.526633   data arrival time

                      0.000000    0.000000    0.000000   clock __VIRTUAL_CLK__ (rise edge)
                                  0.000000    0.000000   clock network delay (ideal)
                                  0.250000    0.250000   clock uncertainty
                                  0.000000    0.250000   clock reconvergence pessimism
                                 -0.800000   -0.550000   output external delay
                                             -0.550000   data required time
---------------------------------------------------------------------------------------------
                                             -0.550000   data required time
                                             -1.526633   data arrival time
---------------------------------------------------------------------------------------------
                                              2.076633   slack (MET)


Startpoint: A[12] (input port clocked by __VIRTUAL_CLK__)
Endpoint: S[14] (output port clocked by __VIRTUAL_CLK__)
Path Group: __VIRTUAL_CLK__
Path Type: min

Fanout         Cap        Slew       Delay        Time   Description
---------------------------------------------------------------------------------------------
                      0.000000    0.000000    0.000000   clock __VIRTUAL_CLK__ (rise edge)
                                  0.000000    0.000000   clock network delay (ideal)
                                  0.800000    0.800000 ^ input external delay
     1    0.004533    0.027251    0.015500    0.815500 ^ A[12] (in)
                                                         A[12] (net)
                      0.027251    0.000000    0.815500 ^ input4/A (sky130_fd_sc_hd__clkdlybuf4s25_1)
     4    0.017568    0.187578    0.322213    1.137713 ^ input4/X (sky130_fd_sc_hd__clkdlybuf4s25_1)
                                                         net4 (net)
                      0.187578    0.000070    1.137783 ^ _677_/C (sky130_fd_sc_hd__nand3_2)
     2    0.010327    0.084050    0.116067    1.253850 v _677_/Y (sky130_fd_sc_hd__nand3_2)
                                                         _024_ (net)
                      0.084050    0.000070    1.253921 v _645_/C1 (sky130_fd_sc_hd__o211ai_2)
     1    0.008795    0.079734    0.087297    1.341218 ^ _645_/Y (sky130_fd_sc_hd__o211ai_2)
                                                         _344_ (net)
                      0.079734    0.000060    1.341278 ^ _647_/B (sky130_fd_sc_hd__xor2_2)
     1    0.004910    0.035054    0.063118    1.404395 v _647_/X (sky130_fd_sc_hd__xor2_2)
                                                         net71 (net)
                      0.035054    0.000048    1.404443 v output71/A (sky130_fd_sc_hd__buf_6)
     1    0.035358    0.044462    0.126610    1.531053 v output71/X (sky130_fd_sc_hd__buf_6)
                                                         S[14] (net)
                      0.044462    0.000251    1.531304 v S[14] (out)
                                              1.531304   data arrival time

                      0.000000    0.000000    0.000000   clock __VIRTUAL_CLK__ (rise edge)
                                  0.000000    0.000000   clock network delay (ideal)
                                  0.250000    0.250000   clock uncertainty
                                  0.000000    0.250000   clock reconvergence pessimism
                                 -0.800000   -0.550000   output external delay
                                             -0.550000   data required time
---------------------------------------------------------------------------------------------
                                             -0.550000   data required time
                                             -1.531304   data arrival time
---------------------------------------------------------------------------------------------
                                              2.081304   slack (MET)


Startpoint: A[8] (input port clocked by __VIRTUAL_CLK__)
Endpoint: S[8] (output port clocked by __VIRTUAL_CLK__)
Path Group: __VIRTUAL_CLK__
Path Type: min

Fanout         Cap        Slew       Delay        Time   Description
---------------------------------------------------------------------------------------------
                      0.000000    0.000000    0.000000   clock __VIRTUAL_CLK__ (rise edge)
                                  0.000000    0.000000   clock network delay (ideal)
                                  0.800000    0.800000 v input external delay
     1    0.004214    0.011910    0.006489    0.806489 v A[8] (in)
                                                         A[8] (net)
                      0.011911    0.000000    0.806489 v input31/A (sky130_fd_sc_hd__clkdlybuf4s25_1)
     2    0.007783    0.072602    0.245604    1.052093 v input31/X (sky130_fd_sc_hd__clkdlybuf4s25_1)
                                                         net31 (net)
                      0.072602    0.000039    1.052132 v _706_/A_N (sky130_fd_sc_hd__nand3b_4)
     4    0.021653    0.092152    0.189669    1.241801 v _706_/Y (sky130_fd_sc_hd__nand3b_4)
                                                         _053_ (net)
                      0.092152    0.000118    1.241919 v _707_/B (sky130_fd_sc_hd__nand2_2)
     1    0.009652    0.060141    0.097224    1.339143 ^ _707_/Y (sky130_fd_sc_hd__nand2_2)
                                                         _054_ (net)
                      0.060141    0.000093    1.339236 ^ _633_/A (sky130_fd_sc_hd__xnor2_2)
     1    0.004990    0.036125    0.066400    1.405636 v _633_/Y (sky130_fd_sc_hd__xnor2_2)
                                                         net96 (net)
                      0.036125    0.000052    1.405688 v output96/A (sky130_fd_sc_hd__buf_6)
     1    0.034555    0.043903    0.126381    1.532069 v output96/X (sky130_fd_sc_hd__buf_6)
                                                         S[8] (net)
                      0.043907    0.000424    1.532493 v S[8] (out)
                                              1.532493   data arrival time

                      0.000000    0.000000    0.000000   clock __VIRTUAL_CLK__ (rise edge)
                                  0.000000    0.000000   clock network delay (ideal)
                                  0.250000    0.250000   clock uncertainty
                                  0.000000    0.250000   clock reconvergence pessimism
                                 -0.800000   -0.550000   output external delay
                                             -0.550000   data required time
---------------------------------------------------------------------------------------------
                                             -0.550000   data required time
                                             -1.532493   data arrival time
---------------------------------------------------------------------------------------------
                                              2.082493   slack (MET)


Startpoint: A[22] (input port clocked by __VIRTUAL_CLK__)
Endpoint: S[22] (output port clocked by __VIRTUAL_CLK__)
Path Group: __VIRTUAL_CLK__
Path Type: min

Fanout         Cap        Slew       Delay        Time   Description
---------------------------------------------------------------------------------------------
                      0.000000    0.000000    0.000000   clock __VIRTUAL_CLK__ (rise edge)
                                  0.000000    0.000000   clock network delay (ideal)
                                  0.800000    0.800000 v input external delay
     1    0.004510    0.012568    0.006947    0.806947 v A[22] (in)
                                                         A[22] (net)
                      0.012574    0.000000    0.806947 v input15/A (sky130_fd_sc_hd__clkdlybuf4s25_1)
     3    0.015153    0.121754    0.284334    1.091281 v input15/X (sky130_fd_sc_hd__clkdlybuf4s25_1)
                                                         net15 (net)
                      0.121754    0.000128    1.091408 v _491_/C (sky130_fd_sc_hd__nand3b_4)
     6    0.028682    0.103617    0.144014    1.235423 ^ _491_/Y (sky130_fd_sc_hd__nand3b_4)
                                                         _214_ (net)
                      0.103617    0.000343    1.235766 ^ _494_/A (sky130_fd_sc_hd__nand2_2)
     2    0.008138    0.045017    0.065508    1.301274 v _494_/Y (sky130_fd_sc_hd__nand2_2)
                                                         _217_ (net)
                      0.045017    0.000096    1.301370 v _496_/A (sky130_fd_sc_hd__nand2_2)
     1    0.009715    0.060166    0.068369    1.369739 ^ _496_/Y (sky130_fd_sc_hd__nand2_2)
                                                         _219_ (net)
                      0.060166    0.000106    1.369845 ^ _497_/A (sky130_fd_sc_hd__nand2_4)
     1    0.007378    0.027999    0.042670    1.412515 v _497_/Y (sky130_fd_sc_hd__nand2_4)
                                                         net80 (net)
                      0.027999    0.000079    1.412594 v output80/A (sky130_fd_sc_hd__buf_8)
     1    0.034829    0.040264    0.120445    1.533039 v output80/X (sky130_fd_sc_hd__buf_8)
                                                         S[22] (net)
                      0.040271    0.000499    1.533538 v S[22] (out)
                                              1.533538   data arrival time

                      0.000000    0.000000    0.000000   clock __VIRTUAL_CLK__ (rise edge)
                                  0.000000    0.000000   clock network delay (ideal)
                                  0.250000    0.250000   clock uncertainty
                                  0.000000    0.250000   clock reconvergence pessimism
                                 -0.800000   -0.550000   output external delay
                                             -0.550000   data required time
---------------------------------------------------------------------------------------------
                                             -0.550000   data required time
                                             -1.533538   data arrival time
---------------------------------------------------------------------------------------------
                                              2.083538   slack (MET)


Startpoint: A[15] (input port clocked by __VIRTUAL_CLK__)
Endpoint: S[15] (output port clocked by __VIRTUAL_CLK__)
Path Group: __VIRTUAL_CLK__
Path Type: min

Fanout         Cap        Slew       Delay        Time   Description
---------------------------------------------------------------------------------------------
                      0.000000    0.000000    0.000000   clock __VIRTUAL_CLK__ (rise edge)
                                  0.000000    0.000000   clock network delay (ideal)
                                  0.800000    0.800000 ^ input external delay
     1    0.003618    0.023277    0.012509    0.812509 ^ A[15] (in)
                                                         A[15] (net)
                      0.023277    0.000000    0.812509 ^ input7/A (sky130_fd_sc_hd__clkdlybuf4s25_1)
     2    0.004037    0.055188    0.231928    1.044437 ^ input7/X (sky130_fd_sc_hd__clkdlybuf4s25_1)
                                                         net7 (net)
                      0.055188    0.000031    1.044468 ^ _681_/B1_N (sky130_fd_sc_hd__o21bai_2)
     6    0.022862    0.136108    0.163738    1.208206 ^ _681_/Y (sky130_fd_sc_hd__o21bai_2)
                                                         _028_ (net)
                      0.136108    0.000135    1.208341 ^ _649_/A2 (sky130_fd_sc_hd__a22oi_2)
     1    0.008532    0.056828    0.105119    1.313460 v _649_/Y (sky130_fd_sc_hd__a22oi_2)
                                                         _347_ (net)
                      0.056828    0.000079    1.313539 v _650_/B (sky130_fd_sc_hd__nor2_4)
     1    0.003531    0.056558    0.067571    1.381110 ^ _650_/Y (sky130_fd_sc_hd__nor2_4)
                                                         net72 (net)
                      0.056558    0.000042    1.381152 ^ output72/A (sky130_fd_sc_hd__buf_4)
     1    0.035266    0.105074    0.154082    1.535234 ^ output72/X (sky130_fd_sc_hd__buf_4)
                                                         S[15] (net)
                      0.105074    0.000235    1.535469 ^ S[15] (out)
                                              1.535469   data arrival time

                      0.000000    0.000000    0.000000   clock __VIRTUAL_CLK__ (rise edge)
                                  0.000000    0.000000   clock network delay (ideal)
                                  0.250000    0.250000   clock uncertainty
                                  0.000000    0.250000   clock reconvergence pessimism
                                 -0.800000   -0.550000   output external delay
                                             -0.550000   data required time
---------------------------------------------------------------------------------------------
                                             -0.550000   data required time
                                             -1.535469   data arrival time
---------------------------------------------------------------------------------------------
                                              2.085469   slack (MET)


Startpoint: A[23] (input port clocked by __VIRTUAL_CLK__)
Endpoint: S[23] (output port clocked by __VIRTUAL_CLK__)
Path Group: __VIRTUAL_CLK__
Path Type: min

Fanout         Cap        Slew       Delay        Time   Description
---------------------------------------------------------------------------------------------
                      0.000000    0.000000    0.000000   clock __VIRTUAL_CLK__ (rise edge)
                                  0.000000    0.000000   clock network delay (ideal)
                                  0.800000    0.800000 v input external delay
     1    0.004092    0.011625    0.006283    0.806283 v A[23] (in)
                                                         A[23] (net)
                      0.011630    0.000000    0.806283 v input16/A (sky130_fd_sc_hd__clkdlybuf4s25_1)
     3    0.009365    0.082177    0.254246    1.060530 v input16/X (sky130_fd_sc_hd__clkdlybuf4s25_1)
                                                         net16 (net)
                      0.082177    0.000094    1.060624 v _502_/B1 (sky130_fd_sc_hd__o21ai_2)
     4    0.017906    0.118595    0.115145    1.175769 ^ _502_/Y (sky130_fd_sc_hd__o21ai_2)
                                                         _224_ (net)
                      0.118595    0.000053    1.175822 ^ _504_/A2 (sky130_fd_sc_hd__o21a_2)
     1    0.005655    0.042825    0.130424    1.306246 ^ _504_/X (sky130_fd_sc_hd__o21a_2)
                                                         _226_ (net)
                      0.042825    0.000067    1.306313 ^ _511_/C1 (sky130_fd_sc_hd__a211oi_2)
     1    0.008471    0.031539    0.038871    1.345185 v _511_/Y (sky130_fd_sc_hd__a211oi_2)
                                                         _233_ (net)
                      0.031539    0.000074    1.345259 v _513_/B (sky130_fd_sc_hd__nor2_4)
     1    0.005313    0.066008    0.066286    1.411545 ^ _513_/Y (sky130_fd_sc_hd__nor2_4)
                                                         net81 (net)
                      0.066008    0.000050    1.411595 ^ output81/A (sky130_fd_sc_hd__buf_6)
     1    0.034841    0.077894    0.126578    1.538173 ^ output81/X (sky130_fd_sc_hd__buf_6)
                                                         S[23] (net)
                      0.077895    0.000484    1.538657 ^ S[23] (out)
                                              1.538657   data arrival time

                      0.000000    0.000000    0.000000   clock __VIRTUAL_CLK__ (rise edge)
                                  0.000000    0.000000   clock network delay (ideal)
                                  0.250000    0.250000   clock uncertainty
                                  0.000000    0.250000   clock reconvergence pessimism
                                 -0.800000   -0.550000   output external delay
                                             -0.550000   data required time
---------------------------------------------------------------------------------------------
                                             -0.550000   data required time
                                             -1.538657   data arrival time
---------------------------------------------------------------------------------------------
                                              2.088656   slack (MET)


Startpoint: A[16] (input port clocked by __VIRTUAL_CLK__)
Endpoint: S[17] (output port clocked by __VIRTUAL_CLK__)
Path Group: __VIRTUAL_CLK__
Path Type: min

Fanout         Cap        Slew       Delay        Time   Description
---------------------------------------------------------------------------------------------
                      0.000000    0.000000    0.000000   clock __VIRTUAL_CLK__ (rise edge)
                                  0.000000    0.000000   clock network delay (ideal)
                                  0.800000    0.800000 v input external delay
     1    0.003921    0.011230    0.005999    0.805999 v A[16] (in)
                                                         A[16] (net)
                      0.011230    0.000000    0.805999 v input8/A (sky130_fd_sc_hd__clkdlybuf4s25_1)
     2    0.013872    0.113021    0.277128    1.083127 v input8/X (sky130_fd_sc_hd__clkdlybuf4s25_1)
                                                         net8 (net)
                      0.113021    0.000309    1.083436 v _657_/C (sky130_fd_sc_hd__nand3b_4)
     4    0.015935    0.068988    0.116800    1.200235 ^ _657_/Y (sky130_fd_sc_hd__nand3b_4)
                                                         _004_ (net)
                      0.068988    0.000167    1.200402 ^ _432_/A1 (sky130_fd_sc_hd__a21bo_2)
     1    0.008846    0.058398    0.137435    1.337838 ^ _432_/X (sky130_fd_sc_hd__a21bo_2)
                                                         _160_ (net)
                      0.058398    0.000064    1.337901 ^ _433_/B (sky130_fd_sc_hd__xor2_2)
     1    0.010091    0.047380    0.072124    1.410025 v _433_/X (sky130_fd_sc_hd__xor2_2)
                                                         net74 (net)
                      0.047382    0.000335    1.410360 v output74/A (sky130_fd_sc_hd__buf_6)
     1    0.034700    0.043940    0.131214    1.541574 v output74/X (sky130_fd_sc_hd__buf_6)
                                                         S[17] (net)
                      0.043941    0.000273    1.541846 v S[17] (out)
                                              1.541846   data arrival time

                      0.000000    0.000000    0.000000   clock __VIRTUAL_CLK__ (rise edge)
                                  0.000000    0.000000   clock network delay (ideal)
                                  0.250000    0.250000   clock uncertainty
                                  0.000000    0.250000   clock reconvergence pessimism
                                 -0.800000   -0.550000   output external delay
                                             -0.550000   data required time
---------------------------------------------------------------------------------------------
                                             -0.550000   data required time
                                             -1.541846   data arrival time
---------------------------------------------------------------------------------------------
                                              2.091846   slack (MET)


Startpoint: A[30] (input port clocked by __VIRTUAL_CLK__)
Endpoint: S[31] (output port clocked by __VIRTUAL_CLK__)
Path Group: __VIRTUAL_CLK__
Path Type: min

Fanout         Cap        Slew       Delay        Time   Description
---------------------------------------------------------------------------------------------
                      0.000000    0.000000    0.000000   clock __VIRTUAL_CLK__ (rise edge)
                                  0.000000    0.000000   clock network delay (ideal)
                                  0.800000    0.800000 v input external delay
     1    0.002998    0.009090    0.004512    0.804512 v A[30] (in)
                                                         A[30] (net)
                      0.009090    0.000000    0.804512 v input24/A (sky130_fd_sc_hd__clkdlybuf4s25_1)
     3    0.005271    0.055732    0.229877    1.034390 v input24/X (sky130_fd_sc_hd__clkdlybuf4s25_1)
                                                         net24 (net)
                      0.055732    0.000037    1.034427 v _595_/B1_N (sky130_fd_sc_hd__o21bai_2)
     2    0.011907    0.060765    0.204730    1.239157 v _595_/Y (sky130_fd_sc_hd__o21bai_2)
                                                         _310_ (net)
                      0.060765    0.000130    1.239287 v _605_/C (sky130_fd_sc_hd__nand4_2)
     1    0.009184    0.069366    0.106961    1.346248 ^ _605_/Y (sky130_fd_sc_hd__nand4_2)
                                                         _319_ (net)
                      0.069366    0.000091    1.346338 ^ _614_/A1 (sky130_fd_sc_hd__a22oi_4)
     1    0.006468    0.043273    0.067902    1.414240 v _614_/Y (sky130_fd_sc_hd__a22oi_4)
                                                         net90 (net)
                      0.043273    0.000108    1.414347 v output90/A (sky130_fd_sc_hd__buf_6)
     1    0.034329    0.043673    0.129246    1.543594 v output90/X (sky130_fd_sc_hd__buf_6)
                                                         S[31] (net)
                      0.043674    0.000288    1.543881 v S[31] (out)
                                              1.543881   data arrival time

                      0.000000    0.000000    0.000000   clock __VIRTUAL_CLK__ (rise edge)
                                  0.000000    0.000000   clock network delay (ideal)
                                  0.250000    0.250000   clock uncertainty
                                  0.000000    0.250000   clock reconvergence pessimism
                                 -0.800000   -0.550000   output external delay
                                             -0.550000   data required time
---------------------------------------------------------------------------------------------
                                             -0.550000   data required time
                                             -1.543881   data arrival time
---------------------------------------------------------------------------------------------
                                              2.093881   slack (MET)


Startpoint: sub (input port clocked by __VIRTUAL_CLK__)
Endpoint: S[26] (output port clocked by __VIRTUAL_CLK__)
Path Group: __VIRTUAL_CLK__
Path Type: min

Fanout         Cap        Slew       Delay        Time   Description
---------------------------------------------------------------------------------------------
                      0.000000    0.000000    0.000000   clock __VIRTUAL_CLK__ (rise edge)
                                  0.000000    0.000000   clock network delay (ideal)
                                  0.800000    0.800000 ^ input external delay
     1    0.008451    0.044518    0.027539    0.827539 ^ sub (in)
                                                         sub (net)
                      0.044518    0.000000    0.827539 ^ input65/A (sky130_fd_sc_hd__buf_8)
     5    0.039627    0.073581    0.115342    0.942880 ^ input65/X (sky130_fd_sc_hd__buf_8)
                                                         net65 (net)
                      0.073631    0.000868    0.943748 ^ rebuffer135/A (sky130_fd_sc_hd__buf_2)
     1    0.006516    0.042763    0.109680    1.053428 ^ rebuffer135/X (sky130_fd_sc_hd__buf_2)
                                                         net135 (net)
                      0.042763    0.000159    1.053587 ^ _536_/A1 (sky130_fd_sc_hd__a21o_2)
     1    0.005781    0.039033    0.111407    1.164994 ^ _536_/X (sky130_fd_sc_hd__a21o_2)
                                                         _256_ (net)
                      0.039033    0.000058    1.165052 ^ _543_/A2 (sky130_fd_sc_hd__a21oi_2)
     3    0.014818    0.041709    0.072112    1.237164 v _543_/Y (sky130_fd_sc_hd__a21oi_2)
                                                         _262_ (net)
                      0.041709    0.000210    1.237375 v _550_/A2 (sky130_fd_sc_hd__o21bai_2)
     1    0.004931    0.052390    0.106770    1.344145 ^ _550_/Y (sky130_fd_sc_hd__o21bai_2)
                                                         _269_ (net)
                      0.052390    0.000025    1.344169 ^ _552_/A (sky130_fd_sc_hd__nand2_2)
     1    0.003078    0.023873    0.038046    1.382215 v _552_/Y (sky130_fd_sc_hd__nand2_2)
                                                         net84 (net)
                      0.023873    0.000036    1.382251 v output84/A (sky130_fd_sc_hd__clkbuf_2)
     1    0.035434    0.135899    0.173383    1.555633 v output84/X (sky130_fd_sc_hd__clkbuf_2)
                                                         S[26] (net)
                      0.135899    0.000328    1.555961 v S[26] (out)
                                              1.555961   data arrival time

                      0.000000    0.000000    0.000000   clock __VIRTUAL_CLK__ (rise edge)
                                  0.000000    0.000000   clock network delay (ideal)
                                  0.250000    0.250000   clock uncertainty
                                  0.000000    0.250000   clock reconvergence pessimism
                                 -0.800000   -0.550000   output external delay
                                             -0.550000   data required time
---------------------------------------------------------------------------------------------
                                             -0.550000   data required time
                                             -1.555961   data arrival time
---------------------------------------------------------------------------------------------
                                              2.105961   slack (MET)


Startpoint: A[28] (input port clocked by __VIRTUAL_CLK__)
Endpoint: S[28] (output port clocked by __VIRTUAL_CLK__)
Path Group: __VIRTUAL_CLK__
Path Type: min

Fanout         Cap        Slew       Delay        Time   Description
---------------------------------------------------------------------------------------------
                      0.000000    0.000000    0.000000   clock __VIRTUAL_CLK__ (rise edge)
                                  0.000000    0.000000   clock network delay (ideal)
                                  0.800000    0.800000 ^ input external delay
     1    0.003774    0.023957    0.013030    0.813030 ^ A[28] (in)
                                                         A[28] (net)
                      0.023957    0.000000    0.813030 ^ input21/A (sky130_fd_sc_hd__clkdlybuf4s25_1)
     3    0.006041    0.073823    0.245556    1.058586 ^ input21/X (sky130_fd_sc_hd__clkdlybuf4s25_1)
                                                         net21 (net)
                      0.073823    0.000044    1.058630 ^ _567_/B1_N (sky130_fd_sc_hd__o21bai_2)
     3    0.013524    0.091894    0.140008    1.198639 ^ _567_/Y (sky130_fd_sc_hd__o21bai_2)
                                                         _284_ (net)
                      0.091894    0.000218    1.198857 ^ _580_/A1 (sky130_fd_sc_hd__a21o_2)
     1    0.002980    0.027181    0.115786    1.314643 ^ _580_/X (sky130_fd_sc_hd__a21o_2)
                                                         _297_ (net)
                      0.027181    0.000025    1.314668 ^ _581_/B (sky130_fd_sc_hd__and2b_4)
     1    0.005860    0.042712    0.130306    1.444975 ^ _581_/X (sky130_fd_sc_hd__and2b_4)
                                                         net86 (net)
                      0.042712    0.000052    1.445027 ^ output86/A (sky130_fd_sc_hd__buf_6)
     1    0.034805    0.077751    0.118986    1.564013 ^ output86/X (sky130_fd_sc_hd__buf_6)
                                                         S[28] (net)
                      0.077751    0.000202    1.564215 ^ S[28] (out)
                                              1.564215   data arrival time

                      0.000000    0.000000    0.000000   clock __VIRTUAL_CLK__ (rise edge)
                                  0.000000    0.000000   clock network delay (ideal)
                                  0.250000    0.250000   clock uncertainty
                                  0.000000    0.250000   clock reconvergence pessimism
                                 -0.800000   -0.550000   output external delay
                                             -0.550000   data required time
---------------------------------------------------------------------------------------------
                                             -0.550000   data required time
                                             -1.564215   data arrival time
---------------------------------------------------------------------------------------------
                                              2.114216   slack (MET)


Startpoint: A[12] (input port clocked by __VIRTUAL_CLK__)
Endpoint: S[12] (output port clocked by __VIRTUAL_CLK__)
Path Group: __VIRTUAL_CLK__
Path Type: min

Fanout         Cap        Slew       Delay        Time   Description
---------------------------------------------------------------------------------------------
                      0.000000    0.000000    0.000000   clock __VIRTUAL_CLK__ (rise edge)
                                  0.000000    0.000000   clock network delay (ideal)
                                  0.800000    0.800000 v input external delay
     1    0.004308    0.012121    0.006607    0.806607 v A[12] (in)
                                                         A[12] (net)
                      0.012121    0.000000    0.806607 v input4/A (sky130_fd_sc_hd__clkdlybuf4s25_1)
     4    0.016365    0.130094    0.290424    1.097031 v input4/X (sky130_fd_sc_hd__clkdlybuf4s25_1)
                                                         net4 (net)
                      0.130094    0.000073    1.097105 v _675_/B1 (sky130_fd_sc_hd__o21ai_2)
     2    0.010023    0.084290    0.107798    1.204902 ^ _675_/Y (sky130_fd_sc_hd__o21ai_2)
                                                         _022_ (net)
                      0.084290    0.000075    1.204978 ^ _687_/A2 (sky130_fd_sc_hd__o21a_4)
     5    0.028565    0.097338    0.166172    1.371150 ^ _687_/X (sky130_fd_sc_hd__o21a_4)
                                                         _034_ (net)
                      0.097338    0.000271    1.371421 ^ _642_/B (sky130_fd_sc_hd__xor2_2)
     1    0.005206    0.035720    0.069328    1.440749 v _642_/X (sky130_fd_sc_hd__xor2_2)
                                                         net69 (net)
                      0.035720    0.000061    1.440811 v output69/A (sky130_fd_sc_hd__buf_6)
     1    0.035598    0.044664    0.127017    1.567827 v output69/X (sky130_fd_sc_hd__buf_6)
                                                         S[12] (net)
                      0.044666    0.000317    1.568144 v S[12] (out)
                                              1.568144   data arrival time

                      0.000000    0.000000    0.000000   clock __VIRTUAL_CLK__ (rise edge)
                                  0.000000    0.000000   clock network delay (ideal)
                                  0.250000    0.250000   clock uncertainty
                                  0.000000    0.250000   clock reconvergence pessimism
                                 -0.800000   -0.550000   output external delay
                                             -0.550000   data required time
---------------------------------------------------------------------------------------------
                                             -0.550000   data required time
                                             -1.568144   data arrival time
---------------------------------------------------------------------------------------------
                                              2.118144   slack (MET)


Startpoint: A[16] (input port clocked by __VIRTUAL_CLK__)
Endpoint: S[16] (output port clocked by __VIRTUAL_CLK__)
Path Group: __VIRTUAL_CLK__
Path Type: min

Fanout         Cap        Slew       Delay        Time   Description
---------------------------------------------------------------------------------------------
                      0.000000    0.000000    0.000000   clock __VIRTUAL_CLK__ (rise edge)
                                  0.000000    0.000000   clock network delay (ideal)
                                  0.800000    0.800000 ^ input external delay
     1    0.004146    0.025574    0.014268    0.814268 ^ A[16] (in)
                                                         A[16] (net)
                      0.025574    0.000000    0.814268 ^ input8/A (sky130_fd_sc_hd__clkdlybuf4s25_1)
     2    0.015048    0.159805    0.305048    1.119316 ^ input8/X (sky130_fd_sc_hd__clkdlybuf4s25_1)
                                                         net8 (net)
                      0.159805    0.000339    1.119655 ^ _657_/C (sky130_fd_sc_hd__nand3b_4)
     4    0.015223    0.074489    0.107620    1.227275 v _657_/Y (sky130_fd_sc_hd__nand3b_4)
                                                         _004_ (net)
                      0.074489    0.000134    1.227409 v _659_/A (sky130_fd_sc_hd__nand2_2)
     2    0.020889    0.115462    0.117960    1.345369 ^ _659_/Y (sky130_fd_sc_hd__nand2_2)
                                                         _006_ (net)
                      0.115463    0.000327    1.345696 ^ _425_/A (sky130_fd_sc_hd__xor2_2)
     1    0.009572    0.046218    0.093170    1.438866 v _425_/X (sky130_fd_sc_hd__xor2_2)
                                                         net73 (net)
                      0.046219    0.000292    1.439158 v output73/A (sky130_fd_sc_hd__buf_6)
     1    0.035062    0.044274    0.130884    1.570042 v output73/X (sky130_fd_sc_hd__buf_6)
                                                         S[16] (net)
                      0.044279    0.000461    1.570503 v S[16] (out)
                                              1.570503   data arrival time

                      0.000000    0.000000    0.000000   clock __VIRTUAL_CLK__ (rise edge)
                                  0.000000    0.000000   clock network delay (ideal)
                                  0.250000    0.250000   clock uncertainty
                                  0.000000    0.250000   clock reconvergence pessimism
                                 -0.800000   -0.550000   output external delay
                                             -0.550000   data required time
---------------------------------------------------------------------------------------------
                                             -0.550000   data required time
                                             -1.570503   data arrival time
---------------------------------------------------------------------------------------------
                                              2.120503   slack (MET)


Startpoint: A[11] (input port clocked by __VIRTUAL_CLK__)
Endpoint: S[11] (output port clocked by __VIRTUAL_CLK__)
Path Group: __VIRTUAL_CLK__
Path Type: min

Fanout         Cap        Slew       Delay        Time   Description
---------------------------------------------------------------------------------------------
                      0.000000    0.000000    0.000000   clock __VIRTUAL_CLK__ (rise edge)
                                  0.000000    0.000000   clock network delay (ideal)
                                  0.800000    0.800000 v input external delay
     1    0.003679    0.010671    0.005615    0.805615 v A[11] (in)
                                                         A[11] (net)
                      0.010671    0.000000    0.805615 v input3/A (sky130_fd_sc_hd__clkdlybuf4s25_1)
     2    0.014389    0.116557    0.279637    1.085252 v input3/X (sky130_fd_sc_hd__clkdlybuf4s25_1)
                                                         net3 (net)
                      0.116557    0.000181    1.085433 v _718_/B1 (sky130_fd_sc_hd__o21ai_2)
     4    0.021448    0.137136    0.142318    1.227751 ^ _718_/Y (sky130_fd_sc_hd__o21ai_2)
                                                         _065_ (net)
                      0.137137    0.000171    1.227922 ^ _722_/A2 (sky130_fd_sc_hd__o21a_2)
     1    0.009725    0.062211    0.149753    1.377675 ^ _722_/X (sky130_fd_sc_hd__o21a_2)
                                                         _069_ (net)
                      0.062211    0.000109    1.377784 ^ _639_/B (sky130_fd_sc_hd__xor2_2)
     1    0.007825    0.042233    0.066907    1.444691 v _639_/X (sky130_fd_sc_hd__xor2_2)
                                                         net68 (net)
                      0.042233    0.000170    1.444861 v output68/A (sky130_fd_sc_hd__buf_6)
     1    0.035512    0.044604    0.129603    1.574464 v output68/X (sky130_fd_sc_hd__buf_6)
                                                         S[11] (net)
                      0.044607    0.000382    1.574846 v S[11] (out)
                                              1.574846   data arrival time

                      0.000000    0.000000    0.000000   clock __VIRTUAL_CLK__ (rise edge)
                                  0.000000    0.000000   clock network delay (ideal)
                                  0.250000    0.250000   clock uncertainty
                                  0.000000    0.250000   clock reconvergence pessimism
                                 -0.800000   -0.550000   output external delay
                                             -0.550000   data required time
---------------------------------------------------------------------------------------------
                                             -0.550000   data required time
                                             -1.574846   data arrival time
---------------------------------------------------------------------------------------------
                                              2.124846   slack (MET)


Startpoint: A[4] (input port clocked by __VIRTUAL_CLK__)
Endpoint: S[5] (output port clocked by __VIRTUAL_CLK__)
Path Group: __VIRTUAL_CLK__
Path Type: min

Fanout         Cap        Slew       Delay        Time   Description
---------------------------------------------------------------------------------------------
                      0.000000    0.000000    0.000000   clock __VIRTUAL_CLK__ (rise edge)
                                  0.000000    0.000000   clock network delay (ideal)
                                  0.800000    0.800000 v input external delay
     1    0.003556    0.010388    0.005418    0.805418 v A[4] (in)
                                                         A[4] (net)
                      0.010388    0.000000    0.805418 v input27/A (sky130_fd_sc_hd__clkdlybuf4s25_1)
     3    0.012059    0.100553    0.267596    1.073015 v input27/X (sky130_fd_sc_hd__clkdlybuf4s25_1)
                                                         net27 (net)
                      0.100553    0.000125    1.073139 v _364_/B1 (sky130_fd_sc_hd__o21ai_4)
     3    0.012429    0.070296    0.088612    1.161751 ^ _364_/Y (sky130_fd_sc_hd__o21ai_4)
                                                         _093_ (net)
                      0.070296    0.000058    1.161809 ^ _626_/A2 (sky130_fd_sc_hd__o22a_2)
     3    0.019604    0.107740    0.185584    1.347393 ^ _626_/X (sky130_fd_sc_hd__o22a_2)
                                                         _334_ (net)
                      0.107740    0.000180    1.347573 ^ _627_/B (sky130_fd_sc_hd__xnor2_2)
     1    0.003144    0.033984    0.061081    1.408654 v _627_/Y (sky130_fd_sc_hd__xnor2_2)
                                                         net93 (net)
                      0.033984    0.000036    1.408690 v output93/A (sky130_fd_sc_hd__clkbuf_4)
     1    0.036099    0.082989    0.171395    1.580085 v output93/X (sky130_fd_sc_hd__clkbuf_4)
                                                         S[5] (net)
                      0.082994    0.000697    1.580782 v S[5] (out)
                                              1.580782   data arrival time

                      0.000000    0.000000    0.000000   clock __VIRTUAL_CLK__ (rise edge)
                                  0.000000    0.000000   clock network delay (ideal)
                                  0.250000    0.250000   clock uncertainty
                                  0.000000    0.250000   clock reconvergence pessimism
                                 -0.800000   -0.550000   output external delay
                                             -0.550000   data required time
---------------------------------------------------------------------------------------------
                                             -0.550000   data required time
                                             -1.580782   data arrival time
---------------------------------------------------------------------------------------------
                                              2.130782   slack (MET)


Startpoint: A[7] (input port clocked by __VIRTUAL_CLK__)
Endpoint: S[7] (output port clocked by __VIRTUAL_CLK__)
Path Group: __VIRTUAL_CLK__
Path Type: min

Fanout         Cap        Slew       Delay        Time   Description
---------------------------------------------------------------------------------------------
                      0.000000    0.000000    0.000000   clock __VIRTUAL_CLK__ (rise edge)
                                  0.000000    0.000000   clock network delay (ideal)
                                  0.800000    0.800000 v input external delay
     1    0.003765    0.010870    0.005756    0.805756 v A[7] (in)
                                                         A[7] (net)
                      0.010870    0.000000    0.805756 v input30/A (sky130_fd_sc_hd__clkdlybuf4s25_1)
     3    0.007751    0.072451    0.244970    1.050725 v input30/X (sky130_fd_sc_hd__clkdlybuf4s25_1)
                                                         net30 (net)
                      0.072451    0.000115    1.050840 v _371_/B1_N (sky130_fd_sc_hd__o21bai_4)
     4    0.032894    0.086365    0.218210    1.269050 v _371_/Y (sky130_fd_sc_hd__o21bai_4)
                                                         _100_ (net)
                      0.086366    0.000249    1.269299 v _375_/B1 (sky130_fd_sc_hd__o21ai_2)
     1    0.010189    0.079719    0.089979    1.359278 ^ _375_/Y (sky130_fd_sc_hd__o21ai_2)
                                                         _104_ (net)
                      0.079719    0.000114    1.359393 ^ _631_/A (sky130_fd_sc_hd__xor2_2)
     1    0.004321    0.033734    0.067108    1.426500 v _631_/X (sky130_fd_sc_hd__xor2_2)
                                                         net95 (net)
                      0.033734    0.000073    1.426573 v output95/A (sky130_fd_sc_hd__clkbuf_4)
     1    0.034844    0.080667    0.169617    1.596191 v output95/X (sky130_fd_sc_hd__clkbuf_4)
                                                         S[7] (net)
                      0.080669    0.000463    1.596654 v S[7] (out)
                                              1.596654   data arrival time

                      0.000000    0.000000    0.000000   clock __VIRTUAL_CLK__ (rise edge)
                                  0.000000    0.000000   clock network delay (ideal)
                                  0.250000    0.250000   clock uncertainty
                                  0.000000    0.250000   clock reconvergence pessimism
                                 -0.800000   -0.550000   output external delay
                                             -0.550000   data required time
---------------------------------------------------------------------------------------------
                                             -0.550000   data required time
                                             -1.596654   data arrival time
---------------------------------------------------------------------------------------------
                                              2.146654   slack (MET)


Startpoint: A[19] (input port clocked by __VIRTUAL_CLK__)
Endpoint: S[19] (output port clocked by __VIRTUAL_CLK__)
Path Group: __VIRTUAL_CLK__
Path Type: min

Fanout         Cap        Slew       Delay        Time   Description
---------------------------------------------------------------------------------------------
                      0.000000    0.000000    0.000000   clock __VIRTUAL_CLK__ (rise edge)
                                  0.000000    0.000000   clock network delay (ideal)
                                  0.800000    0.800000 ^ input external delay
     1    0.003568    0.023063    0.012349    0.812349 ^ A[19] (in)
                                                         A[19] (net)
                      0.023063    0.000000    0.812349 ^ input11/A (sky130_fd_sc_hd__clkdlybuf4s25_1)
     4    0.021021    0.217542    0.342945    1.155294 ^ input11/X (sky130_fd_sc_hd__clkdlybuf4s25_1)
                                                         net11 (net)
                      0.217542    0.000535    1.155829 ^ _451_/B (sky130_fd_sc_hd__nand2_2)
     5    0.021067    0.104577    0.132980    1.288809 v _451_/Y (sky130_fd_sc_hd__nand2_2)
                                                         _177_ (net)
                      0.104577    0.000314    1.289123 v _456_/B (sky130_fd_sc_hd__nand4_2)
     1    0.004931    0.054967    0.102514    1.391637 ^ _456_/Y (sky130_fd_sc_hd__nand4_2)
                                                         _182_ (net)
                      0.054967    0.000041    1.391678 ^ _457_/B (sky130_fd_sc_hd__nand2_2)
     1    0.005544    0.032423    0.051266    1.442944 v _457_/Y (sky130_fd_sc_hd__nand2_2)
                                                         net76 (net)
                      0.032423    0.000130    1.443074 v output76/A (sky130_fd_sc_hd__clkbuf_4)
     1    0.034716    0.080445    0.168887    1.611961 v output76/X (sky130_fd_sc_hd__clkbuf_4)
                                                         S[19] (net)
                      0.080446    0.000452    1.612413 v S[19] (out)
                                              1.612413   data arrival time

                      0.000000    0.000000    0.000000   clock __VIRTUAL_CLK__ (rise edge)
                                  0.000000    0.000000   clock network delay (ideal)
                                  0.250000    0.250000   clock uncertainty
                                  0.000000    0.250000   clock reconvergence pessimism
                                 -0.800000   -0.550000   output external delay
                                             -0.550000   data required time
---------------------------------------------------------------------------------------------
                                             -0.550000   data required time
                                             -1.612413   data arrival time
---------------------------------------------------------------------------------------------
                                              2.162413   slack (MET)


Startpoint: A[10] (input port clocked by __VIRTUAL_CLK__)
Endpoint: S[10] (output port clocked by __VIRTUAL_CLK__)
Path Group: __VIRTUAL_CLK__
Path Type: min

Fanout         Cap        Slew       Delay        Time   Description
---------------------------------------------------------------------------------------------
                      0.000000    0.000000    0.000000   clock __VIRTUAL_CLK__ (rise edge)
                                  0.000000    0.000000   clock network delay (ideal)
                                  0.800000    0.800000 ^ input external delay
     1    0.004234    0.025957    0.014569    0.814569 ^ A[10] (in)
                                                         A[10] (net)
                      0.025965    0.000000    0.814569 ^ input2/A (sky130_fd_sc_hd__clkdlybuf4s25_1)
     2    0.007592    0.088450    0.256576    1.071145 ^ input2/X (sky130_fd_sc_hd__clkdlybuf4s25_1)
                                                         net2 (net)
                      0.088450    0.000061    1.071206 ^ _713_/A_N (sky130_fd_sc_hd__nand3b_2)
     3    0.020539    0.121314    0.175516    1.246722 ^ _713_/Y (sky130_fd_sc_hd__nand3b_2)
                                                         _060_ (net)
                      0.121314    0.000416    1.247138 ^ _716_/A (sky130_fd_sc_hd__nand2_2)
     2    0.018081    0.080531    0.100157    1.347294 v _716_/Y (sky130_fd_sc_hd__nand2_2)
                                                         _063_ (net)
                      0.080531    0.000180    1.347474 v _637_/A (sky130_fd_sc_hd__xor2_2)
     1    0.006073    0.037876    0.176653    1.524127 v _637_/X (sky130_fd_sc_hd__xor2_2)
                                                         net67 (net)
                      0.037876    0.000088    1.524216 v output67/A (sky130_fd_sc_hd__buf_6)
     1    0.034953    0.044182    0.127422    1.651638 v output67/X (sky130_fd_sc_hd__buf_6)
                                                         S[10] (net)
                      0.044184    0.000361    1.651999 v S[10] (out)
                                              1.651999   data arrival time

                      0.000000    0.000000    0.000000   clock __VIRTUAL_CLK__ (rise edge)
                                  0.000000    0.000000   clock network delay (ideal)
                                  0.250000    0.250000   clock uncertainty
                                  0.000000    0.250000   clock reconvergence pessimism
                                 -0.800000   -0.550000   output external delay
                                             -0.550000   data required time
---------------------------------------------------------------------------------------------
                                             -0.550000   data required time
                                             -1.651999   data arrival time
---------------------------------------------------------------------------------------------
                                              2.201999   slack (MET)


Startpoint: B[0] (input port clocked by __VIRTUAL_CLK__)
Endpoint: S[0] (output port clocked by __VIRTUAL_CLK__)
Path Group: __VIRTUAL_CLK__
Path Type: min

Fanout         Cap        Slew       Delay        Time   Description
---------------------------------------------------------------------------------------------
                      0.000000    0.000000    0.000000   clock __VIRTUAL_CLK__ (rise edge)
                                  0.000000    0.000000   clock network delay (ideal)
                                  0.800000    0.800000 v input external delay
     1    0.004544    0.012636    0.006977    0.806977 v B[0] (in)
                                                         B[0] (net)
                      0.012636    0.000000    0.806977 v input33/A (sky130_fd_sc_hd__dlymetal6s2s_1)
     7    0.048834    0.236827    0.271193    1.078170 v input33/X (sky130_fd_sc_hd__dlymetal6s2s_1)
                                                         net33 (net)
                      0.236827    0.000385    1.078555 v _615_/B (sky130_fd_sc_hd__xor2_2)
     1    0.003009    0.031488    0.198753    1.277309 v _615_/X (sky130_fd_sc_hd__xor2_2)
                                                         net66 (net)
                      0.031488    0.000033    1.277342 v output66/A (sky130_fd_sc_hd__clkdlybuf4s25_1)
     1    0.035143    0.261321    0.392730    1.670072 v output66/X (sky130_fd_sc_hd__clkdlybuf4s25_1)
                                                         S[0] (net)
                      0.261321    0.000361    1.670433 v S[0] (out)
                                              1.670433   data arrival time

                      0.000000    0.000000    0.000000   clock __VIRTUAL_CLK__ (rise edge)
                                  0.000000    0.000000   clock network delay (ideal)
                                  0.250000    0.250000   clock uncertainty
                                  0.000000    0.250000   clock reconvergence pessimism
                                 -0.800000   -0.550000   output external delay
                                             -0.550000   data required time
---------------------------------------------------------------------------------------------
                                             -0.550000   data required time
                                             -1.670433   data arrival time
---------------------------------------------------------------------------------------------
                                              2.220433   slack (MET)


Startpoint: A[18] (input port clocked by __VIRTUAL_CLK__)
Endpoint: S[18] (output port clocked by __VIRTUAL_CLK__)
Path Group: __VIRTUAL_CLK__
Path Type: min

Fanout         Cap        Slew       Delay        Time   Description
---------------------------------------------------------------------------------------------
                      0.000000    0.000000    0.000000   clock __VIRTUAL_CLK__ (rise edge)
                                  0.000000    0.000000   clock network delay (ideal)
                                  0.800000    0.800000 ^ input external delay
     1    0.003804    0.024088    0.013131    0.813131 ^ A[18] (in)
                                                         A[18] (net)
                      0.024088    0.000000    0.813131 ^ input10/A (sky130_fd_sc_hd__clkdlybuf4s25_1)
     3    0.017533    0.183835    0.320600    1.133731 ^ input10/X (sky130_fd_sc_hd__clkdlybuf4s25_1)
                                                         net10 (net)
                      0.183835    0.000531    1.134262 ^ _438_/C (sky130_fd_sc_hd__nand3b_2)
     2    0.010989    0.086173    0.122663    1.256925 v _438_/Y (sky130_fd_sc_hd__nand3b_2)
                                                         _165_ (net)
                      0.086173    0.000129    1.257053 v _440_/A (sky130_fd_sc_hd__nand2_4)
     2    0.011579    0.050564    0.076311    1.333364 ^ _440_/Y (sky130_fd_sc_hd__nand2_4)
                                                         _167_ (net)
                      0.050564    0.000052    1.333416 ^ rebuffer143/A (sky130_fd_sc_hd__buf_2)
     2    0.012168    0.067641    0.120628    1.454044 ^ rebuffer143/X (sky130_fd_sc_hd__buf_2)
                                                         net143 (net)
                      0.067641    0.000152    1.454196 ^ _445_/A (sky130_fd_sc_hd__xor2_2)
     1    0.006488    0.038918    0.070579    1.524775 v _445_/X (sky130_fd_sc_hd__xor2_2)
                                                         net75 (net)
                      0.038918    0.000136    1.524911 v output75/A (sky130_fd_sc_hd__buf_2)
     1    0.035036    0.091006    0.170301    1.695212 v output75/X (sky130_fd_sc_hd__buf_2)
                                                         S[18] (net)
                      0.091006    0.000214    1.695426 v S[18] (out)
                                              1.695426   data arrival time

                      0.000000    0.000000    0.000000   clock __VIRTUAL_CLK__ (rise edge)
                                  0.000000    0.000000   clock network delay (ideal)
                                  0.250000    0.250000   clock uncertainty
                                  0.000000    0.250000   clock reconvergence pessimism
                                 -0.800000   -0.550000   output external delay
                                             -0.550000   data required time
---------------------------------------------------------------------------------------------
                                             -0.550000   data required time
                                             -1.695426   data arrival time
---------------------------------------------------------------------------------------------
                                              2.245426   slack (MET)


Startpoint: A[24] (input port clocked by __VIRTUAL_CLK__)
Endpoint: S[24] (output port clocked by __VIRTUAL_CLK__)
Path Group: __VIRTUAL_CLK__
Path Type: min

Fanout         Cap        Slew       Delay        Time   Description
---------------------------------------------------------------------------------------------
                      0.000000    0.000000    0.000000   clock __VIRTUAL_CLK__ (rise edge)
                                  0.000000    0.000000   clock network delay (ideal)
                                  0.800000    0.800000 v input external delay
     1    0.004128    0.011708    0.006338    0.806338 v A[24] (in)
                                                         A[24] (net)
                      0.011713    0.000000    0.806338 v input17/A (sky130_fd_sc_hd__clkdlybuf4s25_1)
     3    0.008837    0.078597    0.251578    1.057915 v input17/X (sky130_fd_sc_hd__clkdlybuf4s25_1)
                                                         net17 (net)
                      0.078597    0.000067    1.057983 v _525_/C (sky130_fd_sc_hd__nand3b_2)
     3    0.017060    0.104477    0.135895    1.193878 ^ _525_/Y (sky130_fd_sc_hd__nand3b_2)
                                                         _246_ (net)
                      0.104477    0.000159    1.194037 ^ _527_/A (sky130_fd_sc_hd__nand2_2)
     5    0.024413    0.101712    0.111712    1.305749 v _527_/Y (sky130_fd_sc_hd__nand2_2)
                                                         _248_ (net)
                      0.101717    0.000524    1.306273 v _530_/B1 (sky130_fd_sc_hd__o211ai_2)
     1    0.002507    0.042379    0.081750    1.388023 ^ _530_/Y (sky130_fd_sc_hd__o211ai_2)
                                                         _251_ (net)
                      0.042379    0.000029    1.388051 ^ _531_/B (sky130_fd_sc_hd__and2_2)
     1    0.003752    0.041117    0.125100    1.513151 ^ _531_/X (sky130_fd_sc_hd__and2_2)
                                                         net82 (net)
                      0.041117    0.000048    1.513199 ^ output82/A (sky130_fd_sc_hd__clkbuf_2)
     1    0.035415    0.194868    0.198743    1.711942 ^ output82/X (sky130_fd_sc_hd__clkbuf_2)
                                                         S[24] (net)
                      0.194872    0.000660    1.712603 ^ S[24] (out)
                                              1.712603   data arrival time

                      0.000000    0.000000    0.000000   clock __VIRTUAL_CLK__ (rise edge)
                                  0.000000    0.000000   clock network delay (ideal)
                                  0.250000    0.250000   clock uncertainty
                                  0.000000    0.250000   clock reconvergence pessimism
                                 -0.800000   -0.550000   output external delay
                                             -0.550000   data required time
---------------------------------------------------------------------------------------------
                                             -0.550000   data required time
                                             -1.712603   data arrival time
---------------------------------------------------------------------------------------------
                                              2.262603   slack (MET)


Startpoint: A[20] (input port clocked by __VIRTUAL_CLK__)
Endpoint: S[20] (output port clocked by __VIRTUAL_CLK__)
Path Group: __VIRTUAL_CLK__
Path Type: min

Fanout         Cap        Slew       Delay        Time   Description
---------------------------------------------------------------------------------------------
                      0.000000    0.000000    0.000000   clock __VIRTUAL_CLK__ (rise edge)
                                  0.000000    0.000000   clock network delay (ideal)
                                  0.800000    0.800000 v input external delay
     1    0.005193    0.014044    0.008006    0.808006 v A[20] (in)
                                                         A[20] (net)
                      0.014045    0.000000    0.808006 v input13/A (sky130_fd_sc_hd__clkdlybuf4s25_1)
     2    0.013052    0.107333    0.274010    1.082016 v input13/X (sky130_fd_sc_hd__clkdlybuf4s25_1)
                                                         net13 (net)
                      0.107333    0.000275    1.082290 v _462_/B1_N (sky130_fd_sc_hd__o21ba_2)
     2    0.016422    0.104424    0.291644    1.373935 ^ _462_/X (sky130_fd_sc_hd__o21ba_2)
                                                         _187_ (net)
                      0.104424    0.000206    1.374141 ^ _463_/B (sky130_fd_sc_hd__nor2_2)
     4    0.028102    0.072634    0.089799    1.463939 v _463_/Y (sky130_fd_sc_hd__nor2_2)
                                                         _188_ (net)
                      0.072635    0.000373    1.464312 v _471_/A (sky130_fd_sc_hd__xor2_4)
     1    0.005196    0.084466    0.152601    1.616913 ^ _471_/X (sky130_fd_sc_hd__xor2_4)
                                                         net78 (net)
                      0.084466    0.000040    1.616953 ^ output78/A (sky130_fd_sc_hd__buf_6)
     1    0.034648    0.077612    0.132201    1.749154 ^ output78/X (sky130_fd_sc_hd__buf_6)
                                                         S[20] (net)
                      0.077613    0.000426    1.749579 ^ S[20] (out)
                                              1.749579   data arrival time

                      0.000000    0.000000    0.000000   clock __VIRTUAL_CLK__ (rise edge)
                                  0.000000    0.000000   clock network delay (ideal)
                                  0.250000    0.250000   clock uncertainty
                                  0.000000    0.250000   clock reconvergence pessimism
                                 -0.800000   -0.550000   output external delay
                                             -0.550000   data required time
---------------------------------------------------------------------------------------------
                                             -0.550000   data required time
                                             -1.749579   data arrival time
---------------------------------------------------------------------------------------------
                                              2.299579   slack (MET)



