+ define_corners max_ss_100C_1v60
Reading timing models for corner max_ss_100C_1v60…
Reading cell library for the 'max_ss_100C_1v60' corner at '/home/admin/.ciel/ciel/sky130/versions/8afc8346a57fe1ab7934ba5a6056ea8b43078e71/sky130A/libs.ref/sky130_fd_sc_hd/lib/sky130_fd_sc_hd__ss_100C_1v60.lib'…
Reading top-level netlist at '/home/admin/Documents/Projekty/Hobby/Nauka/RISC-5/.v/DDCA/code/exercises/ALUDesignIverilog/ALU/systemIverilog/build/runs/RUN_2026-09-29_09-33-51/51-openroad-fillinsertion/addsub32.nl.v'…
Linking design 'addsub32' from netlist…
Warning: /home/admin/Documents/Projekty/Hobby/Nauka/RISC-5/.v/DDCA/code/exercises/ALUDesignIverilog/ALU/systemIverilog/build/runs/RUN_2026-09-29_09-33-51/51-openroad-fillinsertion/addsub32.nl.v line 527, module sky130_fd_sc_hd__fill_2 not found. Creating black box for FILLER_0_166.
Warning: /home/admin/Documents/Projekty/Hobby/Nauka/RISC-5/.v/DDCA/code/exercises/ALUDesignIverilog/ALU/systemIverilog/build/runs/RUN_2026-09-29_09-33-51/51-openroad-fillinsertion/addsub32.nl.v line 544, module sky130_fd_sc_hd__fill_1 not found. Creating black box for FILLER_0_60.
Warning: /home/admin/Documents/Projekty/Hobby/Nauka/RISC-5/.v/DDCA/code/exercises/ALUDesignIverilog/ALU/systemIverilog/build/runs/RUN_2026-09-29_09-33-51/51-openroad-fillinsertion/addsub32.nl.v line 1716, module sky130_fd_sc_hd__tapvpwrvgnd_1 not found. Creating black box for TAP_TAPCELL_ROW_0_74.
Reading design constraints file at '/nix/store/33pw6r3szpqrlxwi0ri36rfq68whzq26-python3-3.13.9-env/lib/python3.13/site-packages/librelane/scripts/base.sdc'…
Warning: base.sdc line 15, port '__VIRTUAL_CLK__' not found.
[INFO] Using clock __VIRTUAL_CLK__…
[INFO] Setting output delay to: 0.8
[INFO] Setting input delay to: 0.8
Warning: base.sdc line 32, port '__VIRTUAL_CLK__' not found.
[INFO] Setting load to: 0.033442
[INFO] Setting clock uncertainty to: 0.25
[INFO] Setting clock transition to: 0.1499999999999999944488848768742172978818416595458984375
Warning: base.sdc line 69, transition time can not be specified for virtual clocks.
[INFO] Setting timing derate to: 5.0%
Warning: base.sdc line 79, virtual clock __VIRTUAL_CLK__ can not be propagated.
Reading top-level design parasitics for the 'max_ss_100C_1v60' corner at '/home/admin/Documents/Projekty/Hobby/Nauka/RISC-5/.v/DDCA/code/exercises/ALUDesignIverilog/ALU/systemIverilog/build/runs/RUN_2026-09-29_09-33-51/53-openroad-rcx/max/addsub32.max.spef'…
%OL_CREATE_REPORT min.rpt

===========================================================================
report_checks -path_delay min (Hold)
============================================================================
======================= max_ss_100C_1v60 Corner ===================================

Startpoint: B[0] (input port clocked by __VIRTUAL_CLK__)
Endpoint: S[1] (output port clocked by __VIRTUAL_CLK__)
Path Group: __VIRTUAL_CLK__
Path Type: min

Fanout         Cap        Slew       Delay        Time   Description
---------------------------------------------------------------------------------------------
                      0.000000    0.000000    0.000000   clock __VIRTUAL_CLK__ (rise edge)
                                  0.000000    0.000000   clock network delay (ideal)
                                  0.800000    0.800000 v input external delay
     1    0.003692    0.021923    0.011499    0.811499 v B[0] (in)
                                                         B[0] (net)
                      0.021932    0.000000    0.811499 v input33/A (sky130_fd_sc_hd__buf_4)
     6    0.021110    0.080390    0.243932    1.055430 v input33/X (sky130_fd_sc_hd__buf_4)
                                                         net33 (net)
                      0.080407    0.001105    1.056535 v _565_/A (sky130_fd_sc_hd__inv_2)
     3    0.014357    0.112250    0.123437    1.179972 ^ _565_/Y (sky130_fd_sc_hd__inv_2)
                                                         _272_ (net)
                      0.112288    0.000523    1.180495 ^ _570_/A (sky130_fd_sc_hd__nor2_2)
     1    0.008535    0.046103    0.097573    1.278069 v _570_/Y (sky130_fd_sc_hd__nor2_2)
                                                         _276_ (net)
                      0.046106    0.000388    1.278456 v _571_/B (sky130_fd_sc_hd__xnor2_2)
     1    0.005721    0.076882    0.198412    1.476868 ^ _571_/Y (sky130_fd_sc_hd__xnor2_2)
                                                         net77 (net)
                      0.076883    0.000404    1.477272 ^ output77/A (sky130_fd_sc_hd__buf_6)
     1    0.035626    0.126475    0.216767    1.694038 ^ output77/X (sky130_fd_sc_hd__buf_6)
                                                         S[1] (net)
                      0.126499    0.001647    1.695686 ^ S[1] (out)
                                              1.695686   data arrival time

                      0.000000    0.000000    0.000000   clock __VIRTUAL_CLK__ (rise edge)
                                  0.000000    0.000000   clock network delay (ideal)
                                  0.250000    0.250000   clock uncertainty
                                  0.000000    0.250000   clock reconvergence pessimism
                                 -0.800000   -0.550000   output external delay
                                             -0.550000   data required time
---------------------------------------------------------------------------------------------
                                             -0.550000   data required time
                                             -1.695686   data arrival time
---------------------------------------------------------------------------------------------
                                              2.245686   slack (MET)


Startpoint: A[5] (input port clocked by __VIRTUAL_CLK__)
Endpoint: S[5] (output port clocked by __VIRTUAL_CLK__)
Path Group: __VIRTUAL_CLK__
Path Type: min

Fanout         Cap        Slew       Delay        Time   Description
---------------------------------------------------------------------------------------------
                      0.000000    0.000000    0.000000   clock __VIRTUAL_CLK__ (rise edge)
                                  0.000000    0.000000   clock network delay (ideal)
                                  0.800000    0.800000 ^ input external delay
     1    0.005052    0.047547    0.026362    0.826362 ^ A[5] (in)
                                                         A[5] (net)
                      0.047549    0.000000    0.826362 ^ input28/A (sky130_fd_sc_hd__buf_4)
     7    0.042696    0.199454    0.279417    1.105780 ^ input28/X (sky130_fd_sc_hd__buf_4)
                                                         net28 (net)
                      0.199596    0.002951    1.108730 ^ _701_/B (sky130_fd_sc_hd__xnor2_4)
     3    0.019405    0.116500    0.274400    1.383131 ^ _701_/Y (sky130_fd_sc_hd__xnor2_4)
                                                         _036_ (net)
                      0.116514    0.001182    1.384312 ^ _594_/A (sky130_fd_sc_hd__xor2_2)
     1    0.005092    0.064155    0.143966    1.528278 v _594_/X (sky130_fd_sc_hd__xor2_2)
                                                         net93 (net)
                      0.064155    0.000359    1.528638 v output93/A (sky130_fd_sc_hd__buf_6)
     1    0.035311    0.077272    0.232607    1.761245 v output93/X (sky130_fd_sc_hd__buf_6)
                                                         S[5] (net)
                      0.077331    0.001790    1.763035 v S[5] (out)
                                              1.763035   data arrival time

                      0.000000    0.000000    0.000000   clock __VIRTUAL_CLK__ (rise edge)
                                  0.000000    0.000000   clock network delay (ideal)
                                  0.250000    0.250000   clock uncertainty
                                  0.000000    0.250000   clock reconvergence pessimism
                                 -0.800000   -0.550000   output external delay
                                             -0.550000   data required time
---------------------------------------------------------------------------------------------
                                             -0.550000   data required time
                                             -1.763035   data arrival time
---------------------------------------------------------------------------------------------
                                              2.313035   slack (MET)


Startpoint: B[10] (input port clocked by __VIRTUAL_CLK__)
Endpoint: S[10] (output port clocked by __VIRTUAL_CLK__)
Path Group: __VIRTUAL_CLK__
Path Type: min

Fanout         Cap        Slew       Delay        Time   Description
---------------------------------------------------------------------------------------------
                      0.000000    0.000000    0.000000   clock __VIRTUAL_CLK__ (rise edge)
                                  0.000000    0.000000   clock network delay (ideal)
                                  0.800000    0.800000 ^ input external delay
     1    0.004271    0.042193    0.022434    0.822434 ^ B[10] (in)
                                                         B[10] (net)
                      0.042194    0.000000    0.822434 ^ input34/A (sky130_fd_sc_hd__buf_4)
     3    0.026789    0.133947    0.231728    1.054163 ^ input34/X (sky130_fd_sc_hd__buf_4)
                                                         net34 (net)
                      0.133983    0.002037    1.056199 ^ _733_/A (sky130_fd_sc_hd__xor2_4)
     5    0.028633    0.108602    0.214932    1.271131 v _733_/X (sky130_fd_sc_hd__xor2_4)
                                                         _068_ (net)
                      0.108618    0.001337    1.272468 v _625_/A (sky130_fd_sc_hd__xor2_2)
     1    0.005489    0.152518    0.256090    1.528559 ^ _625_/X (sky130_fd_sc_hd__xor2_2)
                                                         net67 (net)
                      0.152518    0.000402    1.528961 ^ output67/A (sky130_fd_sc_hd__buf_6)
     1    0.035314    0.125794    0.248816    1.777777 ^ output67/X (sky130_fd_sc_hd__buf_6)
                                                         S[10] (net)
                      0.125817    0.001611    1.779388 ^ S[10] (out)
                                              1.779388   data arrival time

                      0.000000    0.000000    0.000000   clock __VIRTUAL_CLK__ (rise edge)
                                  0.000000    0.000000   clock network delay (ideal)
                                  0.250000    0.250000   clock uncertainty
                                  0.000000    0.250000   clock reconvergence pessimism
                                 -0.800000   -0.550000   output external delay
                                             -0.550000   data required time
---------------------------------------------------------------------------------------------
                                             -0.550000   data required time
                                             -1.779388   data arrival time
---------------------------------------------------------------------------------------------
                                              2.329387   slack (MET)


Startpoint: A[5] (input port clocked by __VIRTUAL_CLK__)
Endpoint: S[6] (output port clocked by __VIRTUAL_CLK__)
Path Group: __VIRTUAL_CLK__
Path Type: min

Fanout         Cap        Slew       Delay        Time   Description
---------------------------------------------------------------------------------------------
                      0.000000    0.000000    0.000000   clock __VIRTUAL_CLK__ (rise edge)
                                  0.000000    0.000000   clock network delay (ideal)
                                  0.800000    0.800000 ^ input external delay
     1    0.005052    0.047547    0.026362    0.826362 ^ A[5] (in)
                                                         A[5] (net)
                      0.047549    0.000000    0.826362 ^ input28/A (sky130_fd_sc_hd__buf_4)
     7    0.042696    0.199454    0.279417    1.105780 ^ input28/X (sky130_fd_sc_hd__buf_4)
                                                         net28 (net)
                      0.199476    0.002102    1.107881 ^ _601_/A1 (sky130_fd_sc_hd__o211a_2)
     1    0.009056    0.126860    0.449487    1.557369 ^ _601_/X (sky130_fd_sc_hd__o211a_2)
                                                         _302_ (net)
                      0.126861    0.000669    1.558037 ^ _604_/B (sky130_fd_sc_hd__xnor2_2)
     1    0.005361    0.080680    0.136347    1.694384 v _604_/Y (sky130_fd_sc_hd__xnor2_2)
                                                         net94 (net)
                      0.080681    0.000371    1.694755 v output94/A (sky130_fd_sc_hd__buf_6)
     1    0.035230    0.077190    0.239719    1.934474 v output94/X (sky130_fd_sc_hd__buf_6)
                                                         S[6] (net)
                      0.077248    0.001785    1.936258 v S[6] (out)
                                              1.936258   data arrival time

                      0.000000    0.000000    0.000000   clock __VIRTUAL_CLK__ (rise edge)
                                  0.000000    0.000000   clock network delay (ideal)
                                  0.250000    0.250000   clock uncertainty
                                  0.000000    0.250000   clock reconvergence pessimism
                                 -0.800000   -0.550000   output external delay
                                             -0.550000   data required time
---------------------------------------------------------------------------------------------
                                             -0.550000   data required time
                                             -1.936258   data arrival time
---------------------------------------------------------------------------------------------
                                              2.486258   slack (MET)


Startpoint: A[14] (input port clocked by __VIRTUAL_CLK__)
Endpoint: S[15] (output port clocked by __VIRTUAL_CLK__)
Path Group: __VIRTUAL_CLK__
Path Type: min

Fanout         Cap        Slew       Delay        Time   Description
---------------------------------------------------------------------------------------------
                      0.000000    0.000000    0.000000   clock __VIRTUAL_CLK__ (rise edge)
                                  0.000000    0.000000   clock network delay (ideal)
                                  0.800000    0.800000 ^ input external delay
     1    0.005499    0.050592    0.028613    0.828613 ^ A[14] (in)
                                                         A[14] (net)
                      0.050594    0.000000    0.828613 ^ input6/A (sky130_fd_sc_hd__clkbuf_2)
     3    0.014165    0.133921    0.217210    1.045823 ^ input6/X (sky130_fd_sc_hd__clkbuf_2)
                                                         net6 (net)
                      0.133923    0.000699    1.046521 ^ _652_/A1 (sky130_fd_sc_hd__o21a_2)
     1    0.004170    0.063928    0.270528    1.317049 ^ _652_/X (sky130_fd_sc_hd__o21a_2)
                                                         _344_ (net)
                      0.063928    0.000256    1.317305 ^ _654_/B1 (sky130_fd_sc_hd__a32o_2)
     1    0.008965    0.120364    0.250125    1.567430 ^ _654_/X (sky130_fd_sc_hd__a32o_2)
                                                         _346_ (net)
                      0.120365    0.000650    1.568080 ^ _655_/B (sky130_fd_sc_hd__xnor2_2)
     1    0.005079    0.078215    0.132404    1.700484 v _655_/Y (sky130_fd_sc_hd__xnor2_2)
                                                         net72 (net)
                      0.078215    0.000370    1.700854 v output72/A (sky130_fd_sc_hd__buf_6)
     1    0.035720    0.077819    0.239087    1.939941 v output72/X (sky130_fd_sc_hd__buf_6)
                                                         S[15] (net)
                      0.077885    0.001895    1.941836 v S[15] (out)
                                              1.941836   data arrival time

                      0.000000    0.000000    0.000000   clock __VIRTUAL_CLK__ (rise edge)
                                  0.000000    0.000000   clock network delay (ideal)
                                  0.250000    0.250000   clock uncertainty
                                  0.000000    0.250000   clock reconvergence pessimism
                                 -0.800000   -0.550000   output external delay
                                             -0.550000   data required time
---------------------------------------------------------------------------------------------
                                             -0.550000   data required time
                                             -1.941836   data arrival time
---------------------------------------------------------------------------------------------
                                              2.491837   slack (MET)


Startpoint: A[25] (input port clocked by __VIRTUAL_CLK__)
Endpoint: S[25] (output port clocked by __VIRTUAL_CLK__)
Path Group: __VIRTUAL_CLK__
Path Type: min

Fanout         Cap        Slew       Delay        Time   Description
---------------------------------------------------------------------------------------------
                      0.000000    0.000000    0.000000   clock __VIRTUAL_CLK__ (rise edge)
                                  0.000000    0.000000   clock network delay (ideal)
                                  0.800000    0.800000 ^ input external delay
     1    0.002971    0.033378    0.015905    0.815904 ^ A[25] (in)
                                                         A[25] (net)
                      0.033378    0.000000    0.815904 ^ input18/A (sky130_fd_sc_hd__dlymetal6s2s_1)
     5    0.025082    0.401076    0.362304    1.178209 ^ input18/X (sky130_fd_sc_hd__dlymetal6s2s_1)
                                                         net18 (net)
                      0.401085    0.001521    1.179730 ^ _480_/B (sky130_fd_sc_hd__xnor2_2)
     3    0.019008    0.171947    0.369025    1.548755 ^ _480_/Y (sky130_fd_sc_hd__xnor2_2)
                                                         _194_ (net)
                      0.171951    0.001136    1.549891 ^ _486_/A (sky130_fd_sc_hd__xnor2_2)
     1    0.005005    0.076010    0.169175    1.719066 v _486_/Y (sky130_fd_sc_hd__xnor2_2)
                                                         net83 (net)
                      0.076011    0.000354    1.719420 v output83/A (sky130_fd_sc_hd__buf_6)
     1    0.035269    0.077236    0.237653    1.957073 v output83/X (sky130_fd_sc_hd__buf_6)
                                                         S[25] (net)
                      0.077303    0.001894    1.958967 v S[25] (out)
                                              1.958967   data arrival time

                      0.000000    0.000000    0.000000   clock __VIRTUAL_CLK__ (rise edge)
                                  0.000000    0.000000   clock network delay (ideal)
                                  0.250000    0.250000   clock uncertainty
                                  0.000000    0.250000   clock reconvergence pessimism
                                 -0.800000   -0.550000   output external delay
                                             -0.550000   data required time
---------------------------------------------------------------------------------------------
                                             -0.550000   data required time
                                             -1.958967   data arrival time
---------------------------------------------------------------------------------------------
                                              2.508967   slack (MET)


Startpoint: sub (input port clocked by __VIRTUAL_CLK__)
Endpoint: S[2] (output port clocked by __VIRTUAL_CLK__)
Path Group: __VIRTUAL_CLK__
Path Type: min

Fanout         Cap        Slew       Delay        Time   Description
---------------------------------------------------------------------------------------------
                      0.000000    0.000000    0.000000   clock __VIRTUAL_CLK__ (rise edge)
                                  0.000000    0.000000   clock network delay (ideal)
                                  0.800000    0.800000 ^ input external delay
     1    0.008281    0.069426    0.041803    0.841803 ^ sub (in)
                                                         sub (net)
                      0.069430    0.000000    0.841803 ^ input65/A (sky130_fd_sc_hd__buf_8)
     3    0.027840    0.089534    0.181925    1.023728 ^ input65/X (sky130_fd_sc_hd__buf_8)
                                                         net65 (net)
                      0.089774    0.003074    1.026802 ^ fanout110/A (sky130_fd_sc_hd__buf_2)
     5    0.028205    0.227513    0.303187    1.329988 ^ fanout110/X (sky130_fd_sc_hd__buf_2)
                                                         net110 (net)
                      0.227669    0.003328    1.333316 ^ _577_/A (sky130_fd_sc_hd__xnor2_2)
     1    0.009416    0.102066    0.276616    1.609932 ^ _577_/Y (sky130_fd_sc_hd__xnor2_2)
                                                         _282_ (net)
                      0.102069    0.000688    1.610620 ^ _578_/A (sky130_fd_sc_hd__xnor2_2)
     1    0.005626    0.083328    0.149338    1.759958 v _578_/Y (sky130_fd_sc_hd__xnor2_2)
                                                         net88 (net)
                      0.083329    0.000395    1.760353 v output88/A (sky130_fd_sc_hd__buf_6)
     1    0.035787    0.077904    0.241491    2.001845 v output88/X (sky130_fd_sc_hd__buf_6)
                                                         S[2] (net)
                      0.077970    0.001901    2.003746 v S[2] (out)
                                              2.003746   data arrival time

                      0.000000    0.000000    0.000000   clock __VIRTUAL_CLK__ (rise edge)
                                  0.000000    0.000000   clock network delay (ideal)
                                  0.250000    0.250000   clock uncertainty
                                  0.000000    0.250000   clock reconvergence pessimism
                                 -0.800000   -0.550000   output external delay
                                             -0.550000   data required time
---------------------------------------------------------------------------------------------
                                             -0.550000   data required time
                                             -2.003746   data arrival time
---------------------------------------------------------------------------------------------
                                              2.553746   slack (MET)


Startpoint: sub (input port clocked by __VIRTUAL_CLK__)
Endpoint: S[16] (output port clocked by __VIRTUAL_CLK__)
Path Group: __VIRTUAL_CLK__
Path Type: min

Fanout         Cap        Slew       Delay        Time   Description
---------------------------------------------------------------------------------------------
                      0.000000    0.000000    0.000000   clock __VIRTUAL_CLK__ (rise edge)
                                  0.000000    0.000000   clock network delay (ideal)
                                  0.800000    0.800000 ^ input external delay
     1    0.008281    0.069426    0.041803    0.841803 ^ sub (in)
                                                         sub (net)
                      0.069430    0.000000    0.841803 ^ input65/A (sky130_fd_sc_hd__buf_8)
     3    0.027840    0.089534    0.181925    1.023728 ^ input65/X (sky130_fd_sc_hd__buf_8)
                                                         net65 (net)
                      0.089603    0.002171    1.025899 ^ fanout107/A (sky130_fd_sc_hd__buf_6)
     3    0.018303    0.077799    0.184318    1.210217 ^ fanout107/X (sky130_fd_sc_hd__buf_6)
                                                         net107 (net)
                      0.077846    0.001642    1.211859 ^ fanout103/A (sky130_fd_sc_hd__buf_4)
     2    0.015078    0.088755    0.210706    1.422565 ^ fanout103/X (sky130_fd_sc_hd__buf_4)
                                                         net103 (net)
                      0.088769    0.001060    1.423625 ^ _373_/A (sky130_fd_sc_hd__xnor2_2)
     1    0.008799    0.097474    0.224877    1.648502 ^ _373_/Y (sky130_fd_sc_hd__xnor2_2)
                                                         _096_ (net)
                      0.097474    0.000399    1.648901 ^ _374_/B (sky130_fd_sc_hd__xnor2_2)
     1    0.007575    0.097682    0.141252    1.790153 v _374_/Y (sky130_fd_sc_hd__xnor2_2)
                                                         net73 (net)
                      0.097684    0.000596    1.790749 v output73/A (sky130_fd_sc_hd__buf_6)
     1    0.035843    0.077974    0.248147    2.038896 v output73/X (sky130_fd_sc_hd__buf_6)
                                                         S[16] (net)
                      0.078045    0.001967    2.040862 v S[16] (out)
                                              2.040862   data arrival time

                      0.000000    0.000000    0.000000   clock __VIRTUAL_CLK__ (rise edge)
                                  0.000000    0.000000   clock network delay (ideal)
                                  0.250000    0.250000   clock uncertainty
                                  0.000000    0.250000   clock reconvergence pessimism
                                 -0.800000   -0.550000   output external delay
                                             -0.550000   data required time
---------------------------------------------------------------------------------------------
                                             -0.550000   data required time
                                             -2.040862   data arrival time
---------------------------------------------------------------------------------------------
                                              2.590862   slack (MET)


Startpoint: A[20] (input port clocked by __VIRTUAL_CLK__)
Endpoint: S[21] (output port clocked by __VIRTUAL_CLK__)
Path Group: __VIRTUAL_CLK__
Path Type: min

Fanout         Cap        Slew       Delay        Time   Description
---------------------------------------------------------------------------------------------
                      0.000000    0.000000    0.000000   clock __VIRTUAL_CLK__ (rise edge)
                                  0.000000    0.000000   clock network delay (ideal)
                                  0.800000    0.800000 ^ input external delay
     1    0.002879    0.032773    0.015438    0.815438 ^ A[20] (in)
                                                         A[20] (net)
                      0.032773    0.000000    0.815438 ^ input13/A (sky130_fd_sc_hd__dlymetal6s2s_1)
     6    0.026172    0.416783    0.372391    1.187829 ^ input13/X (sky130_fd_sc_hd__dlymetal6s2s_1)
                                                         net13 (net)
                      0.416798    0.001951    1.189779 ^ _437_/B (sky130_fd_sc_hd__nand3_2)
     1    0.009772    0.166973    0.299858    1.489638 v _437_/Y (sky130_fd_sc_hd__nand3_2)
                                                         _155_ (net)
                      0.166973    0.000724    1.490362 v _438_/C (sky130_fd_sc_hd__nand3_4)
     1    0.008713    0.069479    0.167320    1.657682 ^ _438_/Y (sky130_fd_sc_hd__nand3_4)
                                                         _156_ (net)
                      0.069480    0.000393    1.658075 ^ _439_/B (sky130_fd_sc_hd__xnor2_2)
     1    0.008097    0.101504    0.134515    1.792590 v _439_/Y (sky130_fd_sc_hd__xnor2_2)
                                                         net79 (net)
                      0.101508    0.000673    1.793263 v output79/A (sky130_fd_sc_hd__buf_6)
     1    0.035098    0.077017    0.249182    2.042445 v output79/X (sky130_fd_sc_hd__buf_6)
                                                         S[21] (net)
                      0.077077    0.001795    2.044240 v S[21] (out)
                                              2.044240   data arrival time

                      0.000000    0.000000    0.000000   clock __VIRTUAL_CLK__ (rise edge)
                                  0.000000    0.000000   clock network delay (ideal)
                                  0.250000    0.250000   clock uncertainty
                                  0.000000    0.250000   clock reconvergence pessimism
                                 -0.800000   -0.550000   output external delay
                                             -0.550000   data required time
---------------------------------------------------------------------------------------------
                                             -0.550000   data required time
                                             -2.044240   data arrival time
---------------------------------------------------------------------------------------------
                                              2.594239   slack (MET)


Startpoint: A[0] (input port clocked by __VIRTUAL_CLK__)
Endpoint: S[0] (output port clocked by __VIRTUAL_CLK__)
Path Group: __VIRTUAL_CLK__
Path Type: min

Fanout         Cap        Slew       Delay        Time   Description
---------------------------------------------------------------------------------------------
                      0.000000    0.000000    0.000000   clock __VIRTUAL_CLK__ (rise edge)
                                  0.000000    0.000000   clock network delay (ideal)
                                  0.800000    0.800000 v input external delay
     1    0.003498    0.021160    0.010908    0.810908 v A[0] (in)
                                                         A[0] (net)
                      0.021161    0.000000    0.810908 v input1/A (sky130_fd_sc_hd__buf_2)
     6    0.031057    0.153483    0.296200    1.107108 v input1/X (sky130_fd_sc_hd__buf_2)
                                                         net1 (net)
                      0.153486    0.000884    1.107991 v _566_/A (sky130_fd_sc_hd__nand2_2)
     1    0.005099    0.072601    0.122736    1.230728 ^ _566_/Y (sky130_fd_sc_hd__nand2_2)
                                                         _273_ (net)
                      0.072601    0.000231    1.230959 ^ _567_/B (sky130_fd_sc_hd__nand2_2)
     1    0.003138    0.048908    0.088329    1.319287 v _567_/Y (sky130_fd_sc_hd__nand2_2)
                                                         net66 (net)
                      0.048908    0.000197    1.319484 v output66/A (sky130_fd_sc_hd__clkdlybuf4s25_1)
     1    0.035012    0.473989    0.726029    2.045512 v output66/X (sky130_fd_sc_hd__clkdlybuf4s25_1)
                                                         S[0] (net)
                      0.473991    0.001688    2.047200 v S[0] (out)
                                              2.047200   data arrival time

                      0.000000    0.000000    0.000000   clock __VIRTUAL_CLK__ (rise edge)
                                  0.000000    0.000000   clock network delay (ideal)
                                  0.250000    0.250000   clock uncertainty
                                  0.000000    0.250000   clock reconvergence pessimism
                                 -0.800000   -0.550000   output external delay
                                             -0.550000   data required time
---------------------------------------------------------------------------------------------
                                             -0.550000   data required time
                                             -2.047200   data arrival time
---------------------------------------------------------------------------------------------
                                              2.597200   slack (MET)


Startpoint: B[3] (input port clocked by __VIRTUAL_CLK__)
Endpoint: S[3] (output port clocked by __VIRTUAL_CLK__)
Path Group: __VIRTUAL_CLK__
Path Type: min

Fanout         Cap        Slew       Delay        Time   Description
---------------------------------------------------------------------------------------------
                      0.000000    0.000000    0.000000   clock __VIRTUAL_CLK__ (rise edge)
                                  0.000000    0.000000   clock network delay (ideal)
                                  0.800000    0.800000 ^ input external delay
     1    0.004200    0.041690    0.022062    0.822062 ^ B[3] (in)
                                                         B[3] (net)
                      0.041704    0.000000    0.822062 ^ input58/A (sky130_fd_sc_hd__dlymetal6s2s_1)
     5    0.025957    0.413675    0.374494    1.196557 ^ input58/X (sky130_fd_sc_hd__dlymetal6s2s_1)
                                                         net58 (net)
                      0.413682    0.001320    1.197876 ^ _691_/B (sky130_fd_sc_hd__xnor2_2)
     3    0.021733    0.190327    0.386576    1.584452 ^ _691_/Y (sky130_fd_sc_hd__xnor2_2)
                                                         _026_ (net)
                      0.190331    0.001167    1.585619 ^ _584_/A (sky130_fd_sc_hd__xnor2_2)
     1    0.002981    0.059295    0.161592    1.747211 v _584_/Y (sky130_fd_sc_hd__xnor2_2)
                                                         net91 (net)
                      0.059295    0.000193    1.747404 v output91/A (sky130_fd_sc_hd__clkbuf_4)
     1    0.036084    0.144474    0.307698    2.055102 v output91/X (sky130_fd_sc_hd__clkbuf_4)
                                                         S[3] (net)
                      0.144502    0.001891    2.056993 v S[3] (out)
                                              2.056993   data arrival time

                      0.000000    0.000000    0.000000   clock __VIRTUAL_CLK__ (rise edge)
                                  0.000000    0.000000   clock network delay (ideal)
                                  0.250000    0.250000   clock uncertainty
                                  0.000000    0.250000   clock reconvergence pessimism
                                 -0.800000   -0.550000   output external delay
                                             -0.550000   data required time
---------------------------------------------------------------------------------------------
                                             -0.550000   data required time
                                             -2.056993   data arrival time
---------------------------------------------------------------------------------------------
                                              2.606992   slack (MET)


Startpoint: B[14] (input port clocked by __VIRTUAL_CLK__)
Endpoint: S[14] (output port clocked by __VIRTUAL_CLK__)
Path Group: __VIRTUAL_CLK__
Path Type: min

Fanout         Cap        Slew       Delay        Time   Description
---------------------------------------------------------------------------------------------
                      0.000000    0.000000    0.000000   clock __VIRTUAL_CLK__ (rise edge)
                                  0.000000    0.000000   clock network delay (ideal)
                                  0.800000    0.800000 ^ input external delay
     1    0.005861    0.053029    0.030358    0.830358 ^ B[14] (in)
                                                         B[14] (net)
                      0.053030    0.000000    0.830358 ^ input38/A (sky130_fd_sc_hd__clkbuf_2)
     5    0.035251    0.302919    0.332029    1.162387 ^ input38/X (sky130_fd_sc_hd__clkbuf_2)
                                                         net38 (net)
                      0.302977    0.003323    1.165710 ^ _726_/A (sky130_fd_sc_hd__xnor2_4)
     3    0.016683    0.107855    0.238421    1.404130 v _726_/Y (sky130_fd_sc_hd__xnor2_4)
                                                         _061_ (net)
                      0.107857    0.000584    1.404714 v _648_/B (sky130_fd_sc_hd__xnor2_2)
     1    0.011009    0.112726    0.288776    1.693490 ^ _648_/Y (sky130_fd_sc_hd__xnor2_2)
                                                         _341_ (net)
                      0.112733    0.000903    1.694394 ^ _649_/B (sky130_fd_sc_hd__xnor2_2)
     1    0.006699    0.090913    0.140541    1.834934 v _649_/Y (sky130_fd_sc_hd__xnor2_2)
                                                         net71 (net)
                      0.090914    0.000463    1.835397 v output71/A (sky130_fd_sc_hd__buf_6)
     1    0.036138    0.078353    0.245340    2.080737 v output71/X (sky130_fd_sc_hd__buf_6)
                                                         S[14] (net)
                      0.078426    0.001986    2.082722 v S[14] (out)
                                              2.082722   data arrival time

                      0.000000    0.000000    0.000000   clock __VIRTUAL_CLK__ (rise edge)
                                  0.000000    0.000000   clock network delay (ideal)
                                  0.250000    0.250000   clock uncertainty
                                  0.000000    0.250000   clock reconvergence pessimism
                                 -0.800000   -0.550000   output external delay
                                             -0.550000   data required time
---------------------------------------------------------------------------------------------
                                             -0.550000   data required time
                                             -2.082722   data arrival time
---------------------------------------------------------------------------------------------
                                              2.632723   slack (MET)


Startpoint: B[9] (input port clocked by __VIRTUAL_CLK__)
Endpoint: S[9] (output port clocked by __VIRTUAL_CLK__)
Path Group: __VIRTUAL_CLK__
Path Type: min

Fanout         Cap        Slew       Delay        Time   Description
---------------------------------------------------------------------------------------------
                      0.000000    0.000000    0.000000   clock __VIRTUAL_CLK__ (rise edge)
                                  0.000000    0.000000   clock network delay (ideal)
                                  0.800000    0.800000 ^ input external delay
     1    0.007009    0.060780    0.035785    0.835785 ^ B[9] (in)
                                                         B[9] (net)
                      0.060782    0.000000    0.835785 ^ input64/A (sky130_fd_sc_hd__buf_6)
     7    0.035484    0.126080    0.209661    1.045445 ^ input64/X (sky130_fd_sc_hd__buf_6)
                                                         net64 (net)
                      0.126116    0.001957    1.047403 ^ _734_/A (sky130_fd_sc_hd__xor2_4)
     2    0.006272    0.060368    0.141094    1.188497 v _734_/X (sky130_fd_sc_hd__xor2_4)
                                                         _069_ (net)
                      0.060368    0.000189    1.188686 v rebuffer136/A (sky130_fd_sc_hd__buf_2)
     4    0.021148    0.114429    0.283061    1.471747 v rebuffer136/X (sky130_fd_sc_hd__buf_2)
                                                         net136 (net)
                      0.114442    0.001203    1.472950 v _617_/B (sky130_fd_sc_hd__xnor2_2)
     1    0.008934    0.098959    0.264393    1.737343 ^ _617_/Y (sky130_fd_sc_hd__xnor2_2)
                                                         _315_ (net)
                      0.098962    0.000646    1.737988 ^ _618_/B (sky130_fd_sc_hd__xnor2_2)
     1    0.005428    0.080148    0.127822    1.865810 v _618_/Y (sky130_fd_sc_hd__xnor2_2)
                                                         net97 (net)
                      0.080148    0.000377    1.866187 v output97/A (sky130_fd_sc_hd__buf_6)
     1    0.035457    0.077484    0.239631    2.105819 v output97/X (sky130_fd_sc_hd__buf_6)
                                                         S[9] (net)
                      0.077555    0.001958    2.107776 v S[9] (out)
                                              2.107776   data arrival time

                      0.000000    0.000000    0.000000   clock __VIRTUAL_CLK__ (rise edge)
                                  0.000000    0.000000   clock network delay (ideal)
                                  0.250000    0.250000   clock uncertainty
                                  0.000000    0.250000   clock reconvergence pessimism
                                 -0.800000   -0.550000   output external delay
                                             -0.550000   data required time
---------------------------------------------------------------------------------------------
                                             -0.550000   data required time
                                             -2.107776   data arrival time
---------------------------------------------------------------------------------------------
                                              2.657776   slack (MET)


Startpoint: B[12] (input port clocked by __VIRTUAL_CLK__)
Endpoint: S[12] (output port clocked by __VIRTUAL_CLK__)
Path Group: __VIRTUAL_CLK__
Path Type: min

Fanout         Cap        Slew       Delay        Time   Description
---------------------------------------------------------------------------------------------
                      0.000000    0.000000    0.000000   clock __VIRTUAL_CLK__ (rise edge)
                                  0.000000    0.000000   clock network delay (ideal)
                                  0.800000    0.800000 ^ input external delay
     1    0.007564    0.064541    0.038420    0.838420 ^ B[12] (in)
                                                         B[12] (net)
                      0.064544    0.000000    0.838420 ^ input36/A (sky130_fd_sc_hd__buf_6)
     9    0.045804    0.157014    0.229814    1.068234 ^ input36/X (sky130_fd_sc_hd__buf_6)
                                                         net36 (net)
                      0.157488    0.006603    1.074837 ^ _729_/B (sky130_fd_sc_hd__xnor2_4)
     2    0.006482    0.066942    0.136000    1.210838 v _729_/Y (sky130_fd_sc_hd__xnor2_4)
                                                         _064_ (net)
                      0.066943    0.000360    1.211198 v rebuffer135/A (sky130_fd_sc_hd__buf_2)
     2    0.020879    0.113370    0.284866    1.496064 v rebuffer135/X (sky130_fd_sc_hd__buf_2)
                                                         net135 (net)
                      0.113394    0.001538    1.497603 v _632_/B (sky130_fd_sc_hd__xnor2_4)
     1    0.008854    0.075348    0.230542    1.728144 ^ _632_/Y (sky130_fd_sc_hd__xnor2_4)
                                                         _327_ (net)
                      0.075349    0.000643    1.728787 ^ _633_/B (sky130_fd_sc_hd__xnor2_2)
     1    0.007303    0.094847    0.131922    1.860710 v _633_/Y (sky130_fd_sc_hd__xnor2_2)
                                                         net69 (net)
                      0.094849    0.000560    1.861270 v output69/A (sky130_fd_sc_hd__buf_6)
     1    0.036714    0.079304    0.247672    2.108942 v output69/X (sky130_fd_sc_hd__buf_6)
                                                         S[12] (net)
                      0.079396    0.002233    2.111175 v S[12] (out)
                                              2.111175   data arrival time

                      0.000000    0.000000    0.000000   clock __VIRTUAL_CLK__ (rise edge)
                                  0.000000    0.000000   clock network delay (ideal)
                                  0.250000    0.250000   clock uncertainty
                                  0.000000    0.250000   clock reconvergence pessimism
                                 -0.800000   -0.550000   output external delay
                                             -0.550000   data required time
---------------------------------------------------------------------------------------------
                                             -0.550000   data required time
                                             -2.111175   data arrival time
---------------------------------------------------------------------------------------------
                                              2.661175   slack (MET)


Startpoint: A[31] (input port clocked by __VIRTUAL_CLK__)
Endpoint: carryOut (output port clocked by __VIRTUAL_CLK__)
Path Group: __VIRTUAL_CLK__
Path Type: min

Fanout         Cap        Slew       Delay        Time   Description
---------------------------------------------------------------------------------------------
                      0.000000    0.000000    0.000000   clock __VIRTUAL_CLK__ (rise edge)
                                  0.000000    0.000000   clock network delay (ideal)
                                  0.800000    0.800000 ^ input external delay
     1    0.004647    0.044777    0.024327    0.824327 ^ A[31] (in)
                                                         A[31] (net)
                      0.044779    0.000000    0.824327 ^ input25/A (sky130_fd_sc_hd__clkdlybuf4s25_1)
     5    0.020512    0.340776    0.615821    1.440148 ^ input25/X (sky130_fd_sc_hd__clkdlybuf4s25_1)
                                                         net25 (net)
                      0.340777    0.001266    1.441414 ^ _663_/A1 (sky130_fd_sc_hd__o221a_4)
     1    0.007437    0.088560    0.475719    1.917132 ^ _663_/X (sky130_fd_sc_hd__o221a_4)
                                                         net98 (net)
                      0.088560    0.000538    1.917670 ^ output98/A (sky130_fd_sc_hd__buf_8)
     1    0.035684    0.107640    0.203936    2.121606 ^ output98/X (sky130_fd_sc_hd__buf_8)
                                                         carryOut (net)
                      0.107684    0.001928    2.123534 ^ carryOut (out)
                                              2.123534   data arrival time

                      0.000000    0.000000    0.000000   clock __VIRTUAL_CLK__ (rise edge)
                                  0.000000    0.000000   clock network delay (ideal)
                                  0.250000    0.250000   clock uncertainty
                                  0.000000    0.250000   clock reconvergence pessimism
                                 -0.800000   -0.550000   output external delay
                                             -0.550000   data required time
---------------------------------------------------------------------------------------------
                                             -0.550000   data required time
                                             -2.123534   data arrival time
---------------------------------------------------------------------------------------------
                                              2.673534   slack (MET)


Startpoint: B[17] (input port clocked by __VIRTUAL_CLK__)
Endpoint: S[17] (output port clocked by __VIRTUAL_CLK__)
Path Group: __VIRTUAL_CLK__
Path Type: min

Fanout         Cap        Slew       Delay        Time   Description
---------------------------------------------------------------------------------------------
                      0.000000    0.000000    0.000000   clock __VIRTUAL_CLK__ (rise edge)
                                  0.000000    0.000000   clock network delay (ideal)
                                  0.800000    0.800000 ^ input external delay
     1    0.003133    0.034452    0.016710    0.816710 ^ B[17] (in)
                                                         B[17] (net)
                      0.034453    0.000000    0.816710 ^ input41/A (sky130_fd_sc_hd__dlymetal6s4s_1)
     4    0.024324    0.392246    0.494837    1.311547 ^ input41/X (sky130_fd_sc_hd__dlymetal6s4s_1)
                                                         net41 (net)
                      0.392249    0.001879    1.313426 ^ _375_/A (sky130_fd_sc_hd__xnor2_2)
     3    0.015530    0.146193    0.356431    1.669857 ^ _375_/Y (sky130_fd_sc_hd__xnor2_2)
                                                         _097_ (net)
                      0.146200    0.001165    1.671022 ^ _385_/A (sky130_fd_sc_hd__xor2_2)
     1    0.002995    0.054434    0.141099    1.812121 v _385_/X (sky130_fd_sc_hd__xor2_2)
                                                         net74 (net)
                      0.054434    0.000121    1.812242 v output74/A (sky130_fd_sc_hd__clkbuf_2)
     1    0.034781    0.244644    0.314594    2.126835 v output74/X (sky130_fd_sc_hd__clkbuf_2)
                                                         S[17] (net)
                      0.244654    0.001713    2.128549 v S[17] (out)
                                              2.128549   data arrival time

                      0.000000    0.000000    0.000000   clock __VIRTUAL_CLK__ (rise edge)
                                  0.000000    0.000000   clock network delay (ideal)
                                  0.250000    0.250000   clock uncertainty
                                  0.000000    0.250000   clock reconvergence pessimism
                                 -0.800000   -0.550000   output external delay
                                             -0.550000   data required time
---------------------------------------------------------------------------------------------
                                             -0.550000   data required time
                                             -2.128549   data arrival time
---------------------------------------------------------------------------------------------
                                              2.678549   slack (MET)


Startpoint: B[8] (input port clocked by __VIRTUAL_CLK__)
Endpoint: S[8] (output port clocked by __VIRTUAL_CLK__)
Path Group: __VIRTUAL_CLK__
Path Type: min

Fanout         Cap        Slew       Delay        Time   Description
---------------------------------------------------------------------------------------------
                      0.000000    0.000000    0.000000   clock __VIRTUAL_CLK__ (rise edge)
                                  0.000000    0.000000   clock network delay (ideal)
                                  0.800000    0.800000 ^ input external delay
     1    0.002821    0.032383    0.015149    0.815149 ^ B[8] (in)
                                                         B[8] (net)
                      0.032383    0.000000    0.815149 ^ input63/A (sky130_fd_sc_hd__dlymetal6s2s_1)
     4    0.028144    0.445280    0.390618    1.205767 ^ input63/X (sky130_fd_sc_hd__dlymetal6s2s_1)
                                                         net63 (net)
                      0.445297    0.002159    1.207926 ^ _612_/B (sky130_fd_sc_hd__xnor2_2)
     2    0.012242    0.137995    0.277137    1.485063 v _612_/Y (sky130_fd_sc_hd__xnor2_2)
                                                         _311_ (net)
                      0.137997    0.000770    1.485833 v _613_/B (sky130_fd_sc_hd__xnor2_2)
     1    0.009394    0.101919    0.279485    1.765318 ^ _613_/Y (sky130_fd_sc_hd__xnor2_2)
                                                         _312_ (net)
                      0.101922    0.000694    1.766013 ^ _614_/B (sky130_fd_sc_hd__xnor2_2)
     1    0.005419    0.080192    0.128715    1.894728 v _614_/Y (sky130_fd_sc_hd__xnor2_2)
                                                         net96 (net)
                      0.080193    0.000381    1.895108 v output96/A (sky130_fd_sc_hd__buf_6)
     1    0.035284    0.077258    0.239560    2.134668 v output96/X (sky130_fd_sc_hd__buf_6)
                                                         S[8] (net)
                      0.077315    0.001765    2.136433 v S[8] (out)
                                              2.136433   data arrival time

                      0.000000    0.000000    0.000000   clock __VIRTUAL_CLK__ (rise edge)
                                  0.000000    0.000000   clock network delay (ideal)
                                  0.250000    0.250000   clock uncertainty
                                  0.000000    0.250000   clock reconvergence pessimism
                                 -0.800000   -0.550000   output external delay
                                             -0.550000   data required time
---------------------------------------------------------------------------------------------
                                             -0.550000   data required time
                                             -2.136433   data arrival time
---------------------------------------------------------------------------------------------
                                              2.686433   slack (MET)


Startpoint: A[11] (input port clocked by __VIRTUAL_CLK__)
Endpoint: S[11] (output port clocked by __VIRTUAL_CLK__)
Path Group: __VIRTUAL_CLK__
Path Type: min

Fanout         Cap        Slew       Delay        Time   Description
---------------------------------------------------------------------------------------------
                      0.000000    0.000000    0.000000   clock __VIRTUAL_CLK__ (rise edge)
                                  0.000000    0.000000   clock network delay (ideal)
                                  0.800000    0.800000 ^ input external delay
     1    0.004635    0.044700    0.024255    0.824255 ^ A[11] (in)
                                                         A[11] (net)
                      0.044701    0.000000    0.824255 ^ input3/A (sky130_fd_sc_hd__clkdlybuf4s25_1)
     4    0.025054    0.411016    0.663018    1.487273 ^ input3/X (sky130_fd_sc_hd__clkdlybuf4s25_1)
                                                         net3 (net)
                      0.411019    0.001725    1.488998 ^ _628_/A (sky130_fd_sc_hd__xor2_2)
     1    0.008981    0.081723    0.265095    1.754094 v _628_/X (sky130_fd_sc_hd__xor2_2)
                                                         _324_ (net)
                      0.081727    0.000653    1.754747 v _629_/B (sky130_fd_sc_hd__xnor2_2)
     1    0.005441    0.075048    0.206364    1.961111 ^ _629_/Y (sky130_fd_sc_hd__xnor2_2)
                                                         net68 (net)
                      0.075049    0.000400    1.961511 ^ output68/A (sky130_fd_sc_hd__buf_6)
     1    0.035246    0.125365    0.215169    2.176680 ^ output68/X (sky130_fd_sc_hd__buf_6)
                                                         S[11] (net)
                      0.125390    0.001678    2.178358 ^ S[11] (out)
                                              2.178358   data arrival time

                      0.000000    0.000000    0.000000   clock __VIRTUAL_CLK__ (rise edge)
                                  0.000000    0.000000   clock network delay (ideal)
                                  0.250000    0.250000   clock uncertainty
                                  0.000000    0.250000   clock reconvergence pessimism
                                 -0.800000   -0.550000   output external delay
                                             -0.550000   data required time
---------------------------------------------------------------------------------------------
                                             -0.550000   data required time
                                             -2.178358   data arrival time
---------------------------------------------------------------------------------------------
                                              2.728358   slack (MET)


Startpoint: A[27] (input port clocked by __VIRTUAL_CLK__)
Endpoint: S[27] (output port clocked by __VIRTUAL_CLK__)
Path Group: __VIRTUAL_CLK__
Path Type: min

Fanout         Cap        Slew       Delay        Time   Description
---------------------------------------------------------------------------------------------
                      0.000000    0.000000    0.000000   clock __VIRTUAL_CLK__ (rise edge)
                                  0.000000    0.000000   clock network delay (ideal)
                                  0.800000    0.800000 ^ input external delay
     1    0.004109    0.041066    0.021619    0.821619 ^ A[27] (in)
                                                         A[27] (net)
                      0.041079    0.000000    0.821619 ^ input20/A (sky130_fd_sc_hd__clkdlybuf4s25_1)
     5    0.021333    0.353419    0.623006    1.444625 ^ input20/X (sky130_fd_sc_hd__clkdlybuf4s25_1)
                                                         net20 (net)
                      0.353419    0.001135    1.445761 ^ _501_/B (sky130_fd_sc_hd__xnor2_2)
     3    0.023965    0.207543    0.380505    1.826266 ^ _501_/Y (sky130_fd_sc_hd__xnor2_2)
                                                         _213_ (net)
                      0.207553    0.001598    1.827864 ^ _509_/B (sky130_fd_sc_hd__xnor2_4)
     1    0.004655    0.062041    0.144557    1.972421 v _509_/Y (sky130_fd_sc_hd__xnor2_4)
                                                         net85 (net)
                      0.062041    0.000208    1.972629 v output85/A (sky130_fd_sc_hd__buf_6)
     1    0.035722    0.077795    0.232172    2.204801 v output85/X (sky130_fd_sc_hd__buf_6)
                                                         S[27] (net)
                      0.077848    0.001717    2.206518 v S[27] (out)
                                              2.206518   data arrival time

                      0.000000    0.000000    0.000000   clock __VIRTUAL_CLK__ (rise edge)
                                  0.000000    0.000000   clock network delay (ideal)
                                  0.250000    0.250000   clock uncertainty
                                  0.000000    0.250000   clock reconvergence pessimism
                                 -0.800000   -0.550000   output external delay
                                             -0.550000   data required time
---------------------------------------------------------------------------------------------
                                             -0.550000   data required time
                                             -2.206518   data arrival time
---------------------------------------------------------------------------------------------
                                              2.756518   slack (MET)


Startpoint: A[4] (input port clocked by __VIRTUAL_CLK__)
Endpoint: S[4] (output port clocked by __VIRTUAL_CLK__)
Path Group: __VIRTUAL_CLK__
Path Type: min

Fanout         Cap        Slew       Delay        Time   Description
---------------------------------------------------------------------------------------------
                      0.000000    0.000000    0.000000   clock __VIRTUAL_CLK__ (rise edge)
                                  0.000000    0.000000   clock network delay (ideal)
                                  0.800000    0.800000 ^ input external delay
     1    0.004342    0.042679    0.022792    0.822792 ^ A[4] (in)
                                                         A[4] (net)
                      0.042680    0.000000    0.822792 ^ input27/A (sky130_fd_sc_hd__clkbuf_2)
     7    0.037898    0.324477    0.341829    1.164621 ^ input27/X (sky130_fd_sc_hd__clkbuf_2)
                                                         net27 (net)
                      0.324534    0.003397    1.168018 ^ _703_/B (sky130_fd_sc_hd__xnor2_2)
     3    0.026505    0.224777    0.385115    1.553133 ^ _703_/Y (sky130_fd_sc_hd__xnor2_2)
                                                         _038_ (net)
                      0.224787    0.001674    1.554806 ^ _586_/A (sky130_fd_sc_hd__xnor2_4)
     1    0.018094    0.110791    0.285437    1.840243 ^ _586_/Y (sky130_fd_sc_hd__xnor2_4)
                                                         _289_ (net)
                      0.110811    0.001357    1.841600 ^ _587_/A (sky130_fd_sc_hd__xnor2_4)
     1    0.006912    0.065931    0.143850    1.985450 v _587_/Y (sky130_fd_sc_hd__xnor2_4)
                                                         net92 (net)
                      0.065932    0.000536    1.985986 v output92/A (sky130_fd_sc_hd__buf_6)
     1    0.035289    0.077248    0.233342    2.219328 v output92/X (sky130_fd_sc_hd__buf_6)
                                                         S[4] (net)
                      0.077308    0.001805    2.221133 v S[4] (out)
                                              2.221133   data arrival time

                      0.000000    0.000000    0.000000   clock __VIRTUAL_CLK__ (rise edge)
                                  0.000000    0.000000   clock network delay (ideal)
                                  0.250000    0.250000   clock uncertainty
                                  0.000000    0.250000   clock reconvergence pessimism
                                 -0.800000   -0.550000   output external delay
                                             -0.550000   data required time
---------------------------------------------------------------------------------------------
                                             -0.550000   data required time
                                             -2.221133   data arrival time
---------------------------------------------------------------------------------------------
                                              2.771134   slack (MET)


Startpoint: A[6] (input port clocked by __VIRTUAL_CLK__)
Endpoint: S[7] (output port clocked by __VIRTUAL_CLK__)
Path Group: __VIRTUAL_CLK__
Path Type: min

Fanout         Cap        Slew       Delay        Time   Description
---------------------------------------------------------------------------------------------
                      0.000000    0.000000    0.000000   clock __VIRTUAL_CLK__ (rise edge)
                                  0.000000    0.000000   clock network delay (ideal)
                                  0.800000    0.800000 ^ input external delay
     1    0.003287    0.035489    0.017499    0.817499 ^ A[6] (in)
                                                         A[6] (net)
                      0.035489    0.000000    0.817499 ^ input29/A (sky130_fd_sc_hd__dlymetal6s2s_1)
     4    0.029555    0.465680    0.405145    1.222644 ^ input29/X (sky130_fd_sc_hd__dlymetal6s2s_1)
                                                         net29 (net)
                      0.465731    0.003839    1.226483 ^ _722_/A (sky130_fd_sc_hd__inv_2)
     4    0.022601    0.156436    0.262379    1.488863 v _722_/Y (sky130_fd_sc_hd__inv_2)
                                                         _057_ (net)
                      0.156438    0.000808    1.489671 v _607_/A1 (sky130_fd_sc_hd__o211ai_2)
     1    0.008834    0.118285    0.336757    1.826427 ^ _607_/Y (sky130_fd_sc_hd__o211ai_2)
                                                         _307_ (net)
                      0.118286    0.000642    1.827069 ^ _610_/B (sky130_fd_sc_hd__xnor2_2)
     1    0.009347    0.113253    0.159551    1.986621 v _610_/Y (sky130_fd_sc_hd__xnor2_2)
                                                         net95 (net)
                      0.113257    0.000771    1.987392 v output95/A (sky130_fd_sc_hd__buf_6)
     1    0.036806    0.079213    0.256330    2.243722 v output95/X (sky130_fd_sc_hd__buf_6)
                                                         S[7] (net)
                      0.079291    0.002070    2.245791 v S[7] (out)
                                              2.245791   data arrival time

                      0.000000    0.000000    0.000000   clock __VIRTUAL_CLK__ (rise edge)
                                  0.000000    0.000000   clock network delay (ideal)
                                  0.250000    0.250000   clock uncertainty
                                  0.000000    0.250000   clock reconvergence pessimism
                                 -0.800000   -0.550000   output external delay
                                             -0.550000   data required time
---------------------------------------------------------------------------------------------
                                             -0.550000   data required time
                                             -2.245791   data arrival time
---------------------------------------------------------------------------------------------
                                              2.795791   slack (MET)


Startpoint: A[25] (input port clocked by __VIRTUAL_CLK__)
Endpoint: S[26] (output port clocked by __VIRTUAL_CLK__)
Path Group: __VIRTUAL_CLK__
Path Type: min

Fanout         Cap        Slew       Delay        Time   Description
---------------------------------------------------------------------------------------------
                      0.000000    0.000000    0.000000   clock __VIRTUAL_CLK__ (rise edge)
                                  0.000000    0.000000   clock network delay (ideal)
                                  0.800000    0.800000 ^ input external delay
     1    0.002971    0.033378    0.015905    0.815904 ^ A[25] (in)
                                                         A[25] (net)
                      0.033378    0.000000    0.815904 ^ input18/A (sky130_fd_sc_hd__dlymetal6s2s_1)
     5    0.025082    0.401076    0.362304    1.178209 ^ input18/X (sky130_fd_sc_hd__dlymetal6s2s_1)
                                                         net18 (net)
                      0.401081    0.001207    1.179415 ^ _492_/B2 (sky130_fd_sc_hd__a22oi_2)
     2    0.007631    0.125729    0.224928    1.404344 v _492_/Y (sky130_fd_sc_hd__a22oi_2)
                                                         _205_ (net)
                      0.125729    0.000402    1.404745 v rebuffer133/A (sky130_fd_sc_hd__buf_2)
     5    0.020469    0.111861    0.310822    1.715567 v rebuffer133/X (sky130_fd_sc_hd__buf_2)
                                                         net133 (net)
                      0.111862    0.000568    1.716136 v _497_/A (sky130_fd_sc_hd__nand2_2)
     1    0.009928    0.101022    0.131145    1.847280 ^ _497_/Y (sky130_fd_sc_hd__nand2_2)
                                                         _210_ (net)
                      0.101027    0.000754    1.848035 ^ _500_/A (sky130_fd_sc_hd__xnor2_2)
     1    0.006644    0.089970    0.155564    2.003598 v _500_/Y (sky130_fd_sc_hd__xnor2_2)
                                                         net84 (net)
                      0.089971    0.000443    2.004041 v output84/A (sky130_fd_sc_hd__buf_6)
     1    0.034994    0.076887    0.243721    2.247762 v output84/X (sky130_fd_sc_hd__buf_6)
                                                         S[26] (net)
                      0.076951    0.001848    2.249610 v S[26] (out)
                                              2.249610   data arrival time

                      0.000000    0.000000    0.000000   clock __VIRTUAL_CLK__ (rise edge)
                                  0.000000    0.000000   clock network delay (ideal)
                                  0.250000    0.250000   clock uncertainty
                                  0.000000    0.250000   clock reconvergence pessimism
                                 -0.800000   -0.550000   output external delay
                                             -0.550000   data required time
---------------------------------------------------------------------------------------------
                                             -0.550000   data required time
                                             -2.249610   data arrival time
---------------------------------------------------------------------------------------------
                                              2.799610   slack (MET)


Startpoint: B[31] (input port clocked by __VIRTUAL_CLK__)
Endpoint: S[31] (output port clocked by __VIRTUAL_CLK__)
Path Group: __VIRTUAL_CLK__
Path Type: min

Fanout         Cap        Slew       Delay        Time   Description
---------------------------------------------------------------------------------------------
                      0.000000    0.000000    0.000000   clock __VIRTUAL_CLK__ (rise edge)
                                  0.000000    0.000000   clock network delay (ideal)
                                  0.800000    0.800000 ^ input external delay
     1    0.004778    0.045676    0.024985    0.824985 ^ B[31] (in)
                                                         B[31] (net)
                      0.045678    0.000000    0.824985 ^ input57/A (sky130_fd_sc_hd__clkdlybuf4s25_1)
     5    0.017352    0.291937    0.583410    1.408395 ^ input57/X (sky130_fd_sc_hd__clkdlybuf4s25_1)
                                                         net57 (net)
                      0.291937    0.000599    1.408994 ^ _555_/B (sky130_fd_sc_hd__and2b_2)
     1    0.002739    0.062914    0.322871    1.731865 ^ _555_/X (sky130_fd_sc_hd__and2b_2)
                                                         _263_ (net)
                      0.062914    0.000155    1.732019 ^ _556_/B (sky130_fd_sc_hd__or2_2)
     1    0.009245    0.094408    0.198436    1.930455 ^ _556_/X (sky130_fd_sc_hd__or2_2)
                                                         _264_ (net)
                      0.094412    0.000681    1.931136 ^ _564_/B (sky130_fd_sc_hd__xnor2_2)
     1    0.005113    0.077468    0.124312    2.055448 v _564_/Y (sky130_fd_sc_hd__xnor2_2)
                                                         net90 (net)
                      0.077469    0.000362    2.055809 v output90/A (sky130_fd_sc_hd__buf_6)
     1    0.035239    0.077199    0.238277    2.294086 v output90/X (sky130_fd_sc_hd__buf_6)
                                                         S[31] (net)
                      0.077261    0.001829    2.295915 v S[31] (out)
                                              2.295915   data arrival time

                      0.000000    0.000000    0.000000   clock __VIRTUAL_CLK__ (rise edge)
                                  0.000000    0.000000   clock network delay (ideal)
                                  0.250000    0.250000   clock uncertainty
                                  0.000000    0.250000   clock reconvergence pessimism
                                 -0.800000   -0.550000   output external delay
                                             -0.550000   data required time
---------------------------------------------------------------------------------------------
                                             -0.550000   data required time
                                             -2.295915   data arrival time
---------------------------------------------------------------------------------------------
                                              2.845915   slack (MET)


Startpoint: B[13] (input port clocked by __VIRTUAL_CLK__)
Endpoint: S[13] (output port clocked by __VIRTUAL_CLK__)
Path Group: __VIRTUAL_CLK__
Path Type: min

Fanout         Cap        Slew       Delay        Time   Description
---------------------------------------------------------------------------------------------
                      0.000000    0.000000    0.000000   clock __VIRTUAL_CLK__ (rise edge)
                                  0.000000    0.000000   clock network delay (ideal)
                                  0.800000    0.800000 ^ input external delay
     1    0.004031    0.040534    0.021228    0.821228 ^ B[13] (in)
                                                         B[13] (net)
                      0.040548    0.000000    0.821228 ^ input37/A (sky130_fd_sc_hd__buf_4)
     6    0.043011    0.200698    0.276758    1.097986 ^ input37/X (sky130_fd_sc_hd__buf_4)
                                                         net37 (net)
                      0.200847    0.002977    1.100963 ^ _728_/B (sky130_fd_sc_hd__xnor2_4)
     2    0.009306    0.079994    0.159771    1.260734 v _728_/Y (sky130_fd_sc_hd__xnor2_4)
                                                         _063_ (net)
                      0.079995    0.000455    1.261190 v rebuffer140/A (sky130_fd_sc_hd__buf_2)
     2    0.018531    0.104278    0.283736    1.544925 v rebuffer140/X (sky130_fd_sc_hd__buf_2)
                                                         net140 (net)
                      0.104291    0.001151    1.546076 v _640_/A (sky130_fd_sc_hd__xnor2_2)
     1    0.001717    0.050669    0.206304    1.752380 ^ _640_/Y (sky130_fd_sc_hd__xnor2_2)
                                                         net70 (net)
                      0.050669    0.000075    1.752455 ^ output70/A (sky130_fd_sc_hd__dlymetal6s4s_1)
     1    0.035741    0.556854    0.612049    2.364504 ^ output70/X (sky130_fd_sc_hd__dlymetal6s4s_1)
                                                         S[13] (net)
                      0.557028    0.001955    2.366459 ^ S[13] (out)
                                              2.366459   data arrival time

                      0.000000    0.000000    0.000000   clock __VIRTUAL_CLK__ (rise edge)
                                  0.000000    0.000000   clock network delay (ideal)
                                  0.250000    0.250000   clock uncertainty
                                  0.000000    0.250000   clock reconvergence pessimism
                                 -0.800000   -0.550000   output external delay
                                             -0.550000   data required time
---------------------------------------------------------------------------------------------
                                             -0.550000   data required time
                                             -2.366459   data arrival time
---------------------------------------------------------------------------------------------
                                              2.916459   slack (MET)


Startpoint: A[23] (input port clocked by __VIRTUAL_CLK__)
Endpoint: S[23] (output port clocked by __VIRTUAL_CLK__)
Path Group: __VIRTUAL_CLK__
Path Type: min

Fanout         Cap        Slew       Delay        Time   Description
---------------------------------------------------------------------------------------------
                      0.000000    0.000000    0.000000   clock __VIRTUAL_CLK__ (rise edge)
                                  0.000000    0.000000   clock network delay (ideal)
                                  0.800000    0.800000 ^ input external delay
     1    0.004442    0.043367    0.023283    0.823283 ^ A[23] (in)
                                                         A[23] (net)
                      0.043368    0.000000    0.823283 ^ input16/A (sky130_fd_sc_hd__clkdlybuf4s25_1)
     5    0.029978    0.487136    0.713881    1.537165 ^ input16/X (sky130_fd_sc_hd__clkdlybuf4s25_1)
                                                         net16 (net)
                      0.487141    0.002258    1.539423 ^ _453_/B (sky130_fd_sc_hd__xnor2_2)
     3    0.017539    0.162081    0.386267    1.925689 ^ _453_/Y (sky130_fd_sc_hd__xnor2_2)
                                                         _169_ (net)
                      0.162086    0.001114    1.926803 ^ _461_/A (sky130_fd_sc_hd__xnor2_2)
     1    0.009086    0.109878    0.192175    2.118978 v _461_/Y (sky130_fd_sc_hd__xnor2_2)
                                                         net81 (net)
                      0.109882    0.000764    2.119742 v output81/A (sky130_fd_sc_hd__buf_6)
     1    0.034799    0.076632    0.252782    2.372524 v output81/X (sky130_fd_sc_hd__buf_6)
                                                         S[23] (net)
                      0.076683    0.001666    2.374190 v S[23] (out)
                                              2.374190   data arrival time

                      0.000000    0.000000    0.000000   clock __VIRTUAL_CLK__ (rise edge)
                                  0.000000    0.000000   clock network delay (ideal)
                                  0.250000    0.250000   clock uncertainty
                                  0.000000    0.250000   clock reconvergence pessimism
                                 -0.800000   -0.550000   output external delay
                                             -0.550000   data required time
---------------------------------------------------------------------------------------------
                                             -0.550000   data required time
                                             -2.374190   data arrival time
---------------------------------------------------------------------------------------------
                                              2.924190   slack (MET)


Startpoint: B[19] (input port clocked by __VIRTUAL_CLK__)
Endpoint: S[19] (output port clocked by __VIRTUAL_CLK__)
Path Group: __VIRTUAL_CLK__
Path Type: min

Fanout         Cap        Slew       Delay        Time   Description
---------------------------------------------------------------------------------------------
                      0.000000    0.000000    0.000000   clock __VIRTUAL_CLK__ (rise edge)
                                  0.000000    0.000000   clock network delay (ideal)
                                  0.800000    0.800000 ^ input external delay
     1    0.004587    0.044371    0.024024    0.824024 ^ B[19] (in)
                                                         B[19] (net)
                      0.044372    0.000000    0.824024 ^ input43/A (sky130_fd_sc_hd__clkdlybuf4s25_1)
     5    0.027113    0.442782    0.684536    1.508560 ^ input43/X (sky130_fd_sc_hd__clkdlybuf4s25_1)
                                                         net43 (net)
                      0.442783    0.001676    1.510236 ^ _400_/A (sky130_fd_sc_hd__xnor2_2)
     3    0.019871    0.178371    0.393580    1.903816 ^ _400_/Y (sky130_fd_sc_hd__xnor2_2)
                                                         _120_ (net)
                      0.178371    0.000726    1.904542 ^ _406_/A (sky130_fd_sc_hd__xnor2_2)
     1    0.002388    0.056770    0.153326    2.057868 v _406_/Y (sky130_fd_sc_hd__xnor2_2)
                                                         net76 (net)
                      0.056770    0.000163    2.058031 v output76/A (sky130_fd_sc_hd__clkbuf_2)
     1    0.034780    0.244622    0.315668    2.373699 v output76/X (sky130_fd_sc_hd__clkbuf_2)
                                                         S[19] (net)
                      0.244631    0.001655    2.375354 v S[19] (out)
                                              2.375354   data arrival time

                      0.000000    0.000000    0.000000   clock __VIRTUAL_CLK__ (rise edge)
                                  0.000000    0.000000   clock network delay (ideal)
                                  0.250000    0.250000   clock uncertainty
                                  0.000000    0.250000   clock reconvergence pessimism
                                 -0.800000   -0.550000   output external delay
                                             -0.550000   data required time
---------------------------------------------------------------------------------------------
                                             -0.550000   data required time
                                             -2.375354   data arrival time
---------------------------------------------------------------------------------------------
                                              2.925354   slack (MET)


Startpoint: B[24] (input port clocked by __VIRTUAL_CLK__)
Endpoint: S[24] (output port clocked by __VIRTUAL_CLK__)
Path Group: __VIRTUAL_CLK__
Path Type: min

Fanout         Cap        Slew       Delay        Time   Description
---------------------------------------------------------------------------------------------
                      0.000000    0.000000    0.000000   clock __VIRTUAL_CLK__ (rise edge)
                                  0.000000    0.000000   clock network delay (ideal)
                                  0.800000    0.800000 ^ input external delay
     1    0.004444    0.043383    0.023308    0.823308 ^ B[24] (in)
                                                         B[24] (net)
                      0.043384    0.000000    0.823308 ^ input49/A (sky130_fd_sc_hd__clkdlybuf4s25_1)
     5    0.019631    0.327067    0.606365    1.429674 ^ input49/X (sky130_fd_sc_hd__clkdlybuf4s25_1)
                                                         net49 (net)
                      0.327067    0.000666    1.430339 ^ _477_/A (sky130_fd_sc_hd__xnor2_2)
     3    0.015374    0.164503    0.285573    1.715913 v _477_/Y (sky130_fd_sc_hd__xnor2_2)
                                                         _192_ (net)
                      0.164505    0.000880    1.716793 v _478_/B (sky130_fd_sc_hd__xnor2_2)
     1    0.008740    0.097180    0.281225    1.998018 ^ _478_/Y (sky130_fd_sc_hd__xnor2_2)
                                                         _193_ (net)
                      0.097183    0.000636    1.998653 ^ _479_/B (sky130_fd_sc_hd__xnor2_2)
     1    0.008372    0.104444    0.146350    2.145003 v _479_/Y (sky130_fd_sc_hd__xnor2_2)
                                                         net82 (net)
                      0.104446    0.000604    2.145607 v output82/A (sky130_fd_sc_hd__buf_6)
     1    0.035302    0.077278    0.250733    2.396341 v output82/X (sky130_fd_sc_hd__buf_6)
                                                         S[24] (net)
                      0.077342    0.001855    2.398196 v S[24] (out)
                                              2.398196   data arrival time

                      0.000000    0.000000    0.000000   clock __VIRTUAL_CLK__ (rise edge)
                                  0.000000    0.000000   clock network delay (ideal)
                                  0.250000    0.250000   clock uncertainty
                                  0.000000    0.250000   clock reconvergence pessimism
                                 -0.800000   -0.550000   output external delay
                                             -0.550000   data required time
---------------------------------------------------------------------------------------------
                                             -0.550000   data required time
                                             -2.398196   data arrival time
---------------------------------------------------------------------------------------------
                                              2.948195   slack (MET)


Startpoint: A[29] (input port clocked by __VIRTUAL_CLK__)
Endpoint: S[29] (output port clocked by __VIRTUAL_CLK__)
Path Group: __VIRTUAL_CLK__
Path Type: min

Fanout         Cap        Slew       Delay        Time   Description
---------------------------------------------------------------------------------------------
                      0.000000    0.000000    0.000000   clock __VIRTUAL_CLK__ (rise edge)
                                  0.000000    0.000000   clock network delay (ideal)
                                  0.800000    0.800000 ^ input external delay
     1    0.004100    0.041008    0.021575    0.821575 ^ A[29] (in)
                                                         A[29] (net)
                      0.041021    0.000000    0.821575 ^ input22/A (sky130_fd_sc_hd__clkdlybuf4s25_1)
     6    0.033084    0.534904    0.746140    1.567716 ^ input22/X (sky130_fd_sc_hd__clkdlybuf4s25_1)
                                                         net22 (net)
                      0.534904    0.001381    1.569096 ^ _531_/B (sky130_fd_sc_hd__xnor2_2)
     1    0.018568    0.170304    0.405083    1.974179 ^ _531_/Y (sky130_fd_sc_hd__xnor2_2)
                                                         _241_ (net)
                      0.170313    0.001398    1.975577 ^ _536_/A (sky130_fd_sc_hd__xnor2_4)
     1    0.003025    0.051992    0.148709    2.124285 v _536_/Y (sky130_fd_sc_hd__xnor2_4)
                                                         net87 (net)
                      0.051992    0.000200    2.124485 v output87/A (sky130_fd_sc_hd__buf_4)
     1    0.035167    0.104769    0.282632    2.407117 v output87/X (sky130_fd_sc_hd__buf_4)
                                                         S[29] (net)
                      0.104799    0.001623    2.408741 v S[29] (out)
                                              2.408741   data arrival time

                      0.000000    0.000000    0.000000   clock __VIRTUAL_CLK__ (rise edge)
                                  0.000000    0.000000   clock network delay (ideal)
                                  0.250000    0.250000   clock uncertainty
                                  0.000000    0.250000   clock reconvergence pessimism
                                 -0.800000   -0.550000   output external delay
                                             -0.550000   data required time
---------------------------------------------------------------------------------------------
                                             -0.550000   data required time
                                             -2.408741   data arrival time
---------------------------------------------------------------------------------------------
                                              2.958740   slack (MET)


Startpoint: B[30] (input port clocked by __VIRTUAL_CLK__)
Endpoint: S[30] (output port clocked by __VIRTUAL_CLK__)
Path Group: __VIRTUAL_CLK__
Path Type: min

Fanout         Cap        Slew       Delay        Time   Description
---------------------------------------------------------------------------------------------
                      0.000000    0.000000    0.000000   clock __VIRTUAL_CLK__ (rise edge)
                                  0.000000    0.000000   clock network delay (ideal)
                                  0.800000    0.800000 ^ input external delay
     1    0.005022    0.047341    0.026214    0.826214 ^ B[30] (in)
                                                         B[30] (net)
                      0.047342    0.000000    0.826214 ^ input56/A (sky130_fd_sc_hd__clkdlybuf4s25_1)
     4    0.026880    0.439270    0.683064    1.509278 ^ input56/X (sky130_fd_sc_hd__clkdlybuf4s25_1)
                                                         net56 (net)
                      0.439278    0.002352    1.511631 ^ _551_/A (sky130_fd_sc_hd__xnor2_2)
     1    0.008394    0.108316    0.271696    1.783326 v _551_/Y (sky130_fd_sc_hd__xnor2_2)
                                                         _260_ (net)
                      0.108316    0.000374    1.783700 v _552_/B (sky130_fd_sc_hd__xnor2_2)
     1    0.008958    0.098798    0.262344    2.046044 ^ _552_/Y (sky130_fd_sc_hd__xnor2_2)
                                                         _261_ (net)
                      0.098801    0.000652    2.046696 ^ _553_/B (sky130_fd_sc_hd__xnor2_2)
     1    0.005281    0.078970    0.126804    2.173500 v _553_/Y (sky130_fd_sc_hd__xnor2_2)
                                                         net89 (net)
                      0.078970    0.000381    2.173881 v output89/A (sky130_fd_sc_hd__buf_6)
     1    0.034804    0.077414    0.239061    2.412942 v output89/X (sky130_fd_sc_hd__buf_6)
                                                         S[30] (net)
                      0.077466    0.001680    2.414622 v S[30] (out)
                                              2.414622   data arrival time

                      0.000000    0.000000    0.000000   clock __VIRTUAL_CLK__ (rise edge)
                                  0.000000    0.000000   clock network delay (ideal)
                                  0.250000    0.250000   clock uncertainty
                                  0.000000    0.250000   clock reconvergence pessimism
                                 -0.800000   -0.550000   output external delay
                                             -0.550000   data required time
---------------------------------------------------------------------------------------------
                                             -0.550000   data required time
                                             -2.414622   data arrival time
---------------------------------------------------------------------------------------------
                                              2.964622   slack (MET)


Startpoint: B[28] (input port clocked by __VIRTUAL_CLK__)
Endpoint: S[28] (output port clocked by __VIRTUAL_CLK__)
Path Group: __VIRTUAL_CLK__
Path Type: min

Fanout         Cap        Slew       Delay        Time   Description
---------------------------------------------------------------------------------------------
                      0.000000    0.000000    0.000000   clock __VIRTUAL_CLK__ (rise edge)
                                  0.000000    0.000000   clock network delay (ideal)
                                  0.800000    0.800000 v input external delay
     1    0.003364    0.020635    0.010506    0.810506 v B[28] (in)
                                                         B[28] (net)
                      0.020635    0.000000    0.810506 v input53/A (sky130_fd_sc_hd__clkdlybuf4s25_1)
     6    0.021689    0.305105    0.593904    1.404410 v input53/X (sky130_fd_sc_hd__clkdlybuf4s25_1)
                                                         net53 (net)
                      0.305108    0.001421    1.405831 v _527_/A (sky130_fd_sc_hd__nor2_2)
     1    0.005581    0.144771    0.270229    1.676060 ^ _527_/Y (sky130_fd_sc_hd__nor2_2)
                                                         _238_ (net)
                      0.144771    0.000247    1.676307 ^ _528_/B (sky130_fd_sc_hd__nor2_2)
     1    0.008464    0.057103    0.100583    1.776891 v _528_/Y (sky130_fd_sc_hd__nor2_2)
                                                         _239_ (net)
                      0.057110    0.000615    1.777506 v _529_/B (sky130_fd_sc_hd__xnor2_2)
     1    0.008660    0.096607    0.240112    2.017617 ^ _529_/Y (sky130_fd_sc_hd__xnor2_2)
                                                         _240_ (net)
                      0.096608    0.000386    2.018003 ^ _530_/B (sky130_fd_sc_hd__xnor2_2)
     1    0.008610    0.106348    0.147660    2.165663 v _530_/Y (sky130_fd_sc_hd__xnor2_2)
                                                         net86 (net)
                      0.106351    0.000692    2.166356 v output86/A (sky130_fd_sc_hd__buf_6)
     1    0.035477    0.077503    0.251795    2.418151 v output86/X (sky130_fd_sc_hd__buf_6)
                                                         S[28] (net)
                      0.077567    0.001871    2.420022 v S[28] (out)
                                              2.420022   data arrival time

                      0.000000    0.000000    0.000000   clock __VIRTUAL_CLK__ (rise edge)
                                  0.000000    0.000000   clock network delay (ideal)
                                  0.250000    0.250000   clock uncertainty
                                  0.000000    0.250000   clock reconvergence pessimism
                                 -0.800000   -0.550000   output external delay
                                             -0.550000   data required time
---------------------------------------------------------------------------------------------
                                             -0.550000   data required time
                                             -2.420022   data arrival time
---------------------------------------------------------------------------------------------
                                              2.970022   slack (MET)


Startpoint: A[17] (input port clocked by __VIRTUAL_CLK__)
Endpoint: S[18] (output port clocked by __VIRTUAL_CLK__)
Path Group: __VIRTUAL_CLK__
Path Type: min

Fanout         Cap        Slew       Delay        Time   Description
---------------------------------------------------------------------------------------------
                      0.000000    0.000000    0.000000   clock __VIRTUAL_CLK__ (rise edge)
                                  0.000000    0.000000   clock network delay (ideal)
                                  0.800000    0.800000 ^ input external delay
     1    0.003795    0.038920    0.020040    0.820040 ^ A[17] (in)
                                                         A[17] (net)
                      0.038920    0.000000    0.820040 ^ input9/A (sky130_fd_sc_hd__dlygate4sd1_1)
     5    0.021510    0.327178    0.522271    1.342311 ^ input9/X (sky130_fd_sc_hd__dlygate4sd1_1)
                                                         net9 (net)
                      0.327178    0.000653    1.342964 ^ _395_/B2 (sky130_fd_sc_hd__a22o_2)
     2    0.010014    0.112584    0.385969    1.728933 ^ _395_/X (sky130_fd_sc_hd__a22o_2)
                                                         _116_ (net)
                      0.112586    0.000642    1.729575 ^ _396_/B1_N (sky130_fd_sc_hd__o21bai_4)
     5    0.028648    0.175004    0.288851    2.018425 ^ _396_/Y (sky130_fd_sc_hd__o21bai_4)
                                                         _117_ (net)
                      0.175008    0.001100    2.019526 ^ _399_/A (sky130_fd_sc_hd__xnor2_2)
     1    0.004948    0.076374    0.169861    2.189387 v _399_/Y (sky130_fd_sc_hd__xnor2_2)
                                                         net75 (net)
                      0.076375    0.000337    2.189724 v output75/A (sky130_fd_sc_hd__buf_4)
     1    0.035094    0.104632    0.293148    2.482872 v output75/X (sky130_fd_sc_hd__buf_4)
                                                         S[18] (net)
                      0.104671    0.001809    2.484680 v S[18] (out)
                                              2.484680   data arrival time

                      0.000000    0.000000    0.000000   clock __VIRTUAL_CLK__ (rise edge)
                                  0.000000    0.000000   clock network delay (ideal)
                                  0.250000    0.250000   clock uncertainty
                                  0.000000    0.250000   clock reconvergence pessimism
                                 -0.800000   -0.550000   output external delay
                                             -0.550000   data required time
---------------------------------------------------------------------------------------------
                                             -0.550000   data required time
                                             -2.484680   data arrival time
---------------------------------------------------------------------------------------------
                                              3.034680   slack (MET)


Startpoint: A[20] (input port clocked by __VIRTUAL_CLK__)
Endpoint: S[20] (output port clocked by __VIRTUAL_CLK__)
Path Group: __VIRTUAL_CLK__
Path Type: min

Fanout         Cap        Slew       Delay        Time   Description
---------------------------------------------------------------------------------------------
                      0.000000    0.000000    0.000000   clock __VIRTUAL_CLK__ (rise edge)
                                  0.000000    0.000000   clock network delay (ideal)
                                  0.800000    0.800000 ^ input external delay
     1    0.002879    0.032773    0.015438    0.815438 ^ A[20] (in)
                                                         A[20] (net)
                      0.032773    0.000000    0.815438 ^ input13/A (sky130_fd_sc_hd__dlymetal6s2s_1)
     6    0.026172    0.416783    0.372391    1.187829 ^ input13/X (sky130_fd_sc_hd__dlymetal6s2s_1)
                                                         net13 (net)
                      0.416796    0.001820    1.189648 ^ _428_/A (sky130_fd_sc_hd__or2b_2)
     3    0.009634    0.093440    0.336492    1.526140 ^ _428_/X (sky130_fd_sc_hd__or2b_2)
                                                         _147_ (net)
                      0.093441    0.000498    1.526638 ^ _430_/A (sky130_fd_sc_hd__and2_4)
     2    0.014451    0.106874    0.303235    1.829873 ^ _430_/X (sky130_fd_sc_hd__and2_4)
                                                         _149_ (net)
                      0.106881    0.000893    1.830767 ^ _431_/B (sky130_fd_sc_hd__xnor2_2)
     1    0.018037    0.162760    0.267996    2.098763 ^ _431_/Y (sky130_fd_sc_hd__xnor2_2)
                                                         _150_ (net)
                      0.162769    0.001331    2.100094 ^ _432_/A (sky130_fd_sc_hd__xnor2_4)
     1    0.009384    0.076136    0.169714    2.269808 v _432_/Y (sky130_fd_sc_hd__xnor2_4)
                                                         net78 (net)
                      0.076139    0.000804    2.270612 v output78/A (sky130_fd_sc_hd__buf_6)
     1    0.034718    0.076532    0.237197    2.507808 v output78/X (sky130_fd_sc_hd__buf_6)
                                                         S[20] (net)
                      0.076585    0.001692    2.509500 v S[20] (out)
                                              2.509500   data arrival time

                      0.000000    0.000000    0.000000   clock __VIRTUAL_CLK__ (rise edge)
                                  0.000000    0.000000   clock network delay (ideal)
                                  0.250000    0.250000   clock uncertainty
                                  0.000000    0.250000   clock reconvergence pessimism
                                 -0.800000   -0.550000   output external delay
                                             -0.550000   data required time
---------------------------------------------------------------------------------------------
                                             -0.550000   data required time
                                             -2.509500   data arrival time
---------------------------------------------------------------------------------------------
                                              3.059500   slack (MET)


Startpoint: sub (input port clocked by __VIRTUAL_CLK__)
Endpoint: S[22] (output port clocked by __VIRTUAL_CLK__)
Path Group: __VIRTUAL_CLK__
Path Type: min

Fanout         Cap        Slew       Delay        Time   Description
---------------------------------------------------------------------------------------------
                      0.000000    0.000000    0.000000   clock __VIRTUAL_CLK__ (rise edge)
                                  0.000000    0.000000   clock network delay (ideal)
                                  0.800000    0.800000 ^ input external delay
     1    0.008281    0.069426    0.041803    0.841803 ^ sub (in)
                                                         sub (net)
                      0.069430    0.000000    0.841803 ^ input65/A (sky130_fd_sc_hd__buf_8)
     3    0.027840    0.089534    0.181925    1.023728 ^ input65/X (sky130_fd_sc_hd__buf_8)
                                                         net65 (net)
                      0.089603    0.002171    1.025899 ^ fanout107/A (sky130_fd_sc_hd__buf_6)
     3    0.018303    0.077799    0.184318    1.210217 ^ fanout107/X (sky130_fd_sc_hd__buf_6)
                                                         net107 (net)
                      0.077822    0.001213    1.211430 ^ fanout105/A (sky130_fd_sc_hd__buf_8)
     2    0.012688    0.056120    0.159835    1.371265 ^ fanout105/X (sky130_fd_sc_hd__buf_8)
                                                         net105 (net)
                      0.056135    0.000858    1.372123 ^ load_slew106/A (sky130_fd_sc_hd__buf_8)
     4    0.027333    0.088390    0.175669    1.547792 ^ load_slew106/X (sky130_fd_sc_hd__buf_8)
                                                         net106 (net)
                      0.088424    0.001563    1.549355 ^ rebuffer123/A (sky130_fd_sc_hd__buf_2)
     4    0.029450    0.236673    0.309246    1.858601 ^ rebuffer123/X (sky130_fd_sc_hd__buf_2)
                                                         net123 (net)
                      0.236700    0.002481    1.861082 ^ _451_/A (sky130_fd_sc_hd__xnor2_2)
     1    0.009164    0.100379    0.277784    2.138866 ^ _451_/Y (sky130_fd_sc_hd__xnor2_2)
                                                         _168_ (net)
                      0.100382    0.000680    2.139547 ^ _452_/B (sky130_fd_sc_hd__xnor2_2)
     1    0.008379    0.104500    0.147403    2.286949 v _452_/Y (sky130_fd_sc_hd__xnor2_2)
                                                         net80 (net)
                      0.104504    0.000701    2.287650 v output80/A (sky130_fd_sc_hd__buf_6)
     1    0.034973    0.076856    0.250453    2.538103 v output80/X (sky130_fd_sc_hd__buf_6)
                                                         S[22] (net)
                      0.076912    0.001744    2.539847 v S[22] (out)
                                              2.539847   data arrival time

                      0.000000    0.000000    0.000000   clock __VIRTUAL_CLK__ (rise edge)
                                  0.000000    0.000000   clock network delay (ideal)
                                  0.250000    0.250000   clock uncertainty
                                  0.000000    0.250000   clock reconvergence pessimism
                                 -0.800000   -0.550000   output external delay
                                             -0.550000   data required time
---------------------------------------------------------------------------------------------
                                             -0.550000   data required time
                                             -2.539847   data arrival time
---------------------------------------------------------------------------------------------
                                              3.089847   slack (MET)



%OL_END_REPORT
%OL_CREATE_REPORT max.rpt

===========================================================================
report_checks -path_delay max (Setup)
============================================================================
======================= max_ss_100C_1v60 Corner ===================================

Startpoint: sub (input port clocked by __VIRTUAL_CLK__)
Endpoint: S[27] (output port clocked by __VIRTUAL_CLK__)
Path Group: __VIRTUAL_CLK__
Path Type: max

Fanout         Cap        Slew       Delay        Time   Description
---------------------------------------------------------------------------------------------
                      0.000000    0.000000    0.000000   clock __VIRTUAL_CLK__ (rise edge)
                                  0.000000    0.000000   clock network delay (ideal)
                                  0.800000    0.800000 ^ input external delay
     1    0.008281    0.069426    0.046203    0.846203 ^ sub (in)
                                                         sub (net)
                      0.069430    0.000000    0.846203 ^ input65/A (sky130_fd_sc_hd__buf_8)
     3    0.027840    0.089534    0.201074    1.047278 ^ input65/X (sky130_fd_sc_hd__buf_8)
                                                         net65 (net)
                      0.089603    0.002400    1.049678 ^ fanout107/A (sky130_fd_sc_hd__buf_6)
     3    0.018303    0.077799    0.203720    1.253398 ^ fanout107/X (sky130_fd_sc_hd__buf_6)
                                                         net107 (net)
                      0.077822    0.001340    1.254738 ^ fanout105/A (sky130_fd_sc_hd__buf_8)
     2    0.012688    0.056120    0.176660    1.431398 ^ fanout105/X (sky130_fd_sc_hd__buf_8)
                                                         net105 (net)
                      0.056135    0.000948    1.432346 ^ load_slew106/A (sky130_fd_sc_hd__buf_8)
     4    0.027333    0.088390    0.194161    1.626507 ^ load_slew106/X (sky130_fd_sc_hd__buf_8)
                                                         net106 (net)
                      0.088445    0.002108    1.628615 ^ _666_/A (sky130_fd_sc_hd__inv_8)
     7    0.032220    0.046503    0.082810    1.711425 v _666_/Y (sky130_fd_sc_hd__inv_8)
                                                         _001_ (net)
                      0.046836    0.003330    1.714754 v _364_/D (sky130_fd_sc_hd__or4_4)
     1    0.005218    0.154967    0.876025    2.590779 v _364_/X (sky130_fd_sc_hd__or4_4)
                                                         _087_ (net)
                      0.154967    0.000399    2.591178 v _366_/A1 (sky130_fd_sc_hd__a21o_4)
     2    0.007579    0.064824    0.426345    3.017523 v _366_/X (sky130_fd_sc_hd__a21o_4)
                                                         _089_ (net)
                      0.064824    0.000550    3.018073 v _367_/A1 (sky130_fd_sc_hd__a21bo_4)
     2    0.009011    0.069603    0.402047    3.420120 v _367_/X (sky130_fd_sc_hd__a21bo_4)
                                                         _090_ (net)
                      0.069603    0.000408    3.420527 v _370_/A1 (sky130_fd_sc_hd__a211o_4)
     2    0.009707    0.090768    0.615952    4.036479 v _370_/X (sky130_fd_sc_hd__a211o_4)
                                                         _093_ (net)
                      0.090768    0.000897    4.037377 v _466_/A2 (sky130_fd_sc_hd__a311o_4)
     3    0.016002    0.120476    0.757178    4.794555 v _466_/X (sky130_fd_sc_hd__a311o_4)
                                                         _181_ (net)
                      0.120476    0.001108    4.795663 v _496_/A2 (sky130_fd_sc_hd__a21o_4)
     3    0.010084    0.070057    0.442205    5.237868 v _496_/X (sky130_fd_sc_hd__a21o_4)
                                                         _209_ (net)
                      0.070057    0.000540    5.238408 v _506_/A (sky130_fd_sc_hd__and4_2)
     1    0.003809    0.079105    0.392867    5.631275 v _506_/X (sky130_fd_sc_hd__and4_2)
                                                         _218_ (net)
                      0.079105    0.000254    5.631529 v _508_/B (sky130_fd_sc_hd__or4b_4)
     1    0.018691    0.201342    1.159695    6.791224 v _508_/X (sky130_fd_sc_hd__or4b_4)
                                                         _220_ (net)
                      0.201351    0.001687    6.792911 v _509_/A (sky130_fd_sc_hd__xnor2_4)
     1    0.005034    0.171208    0.305308    7.098219 ^ _509_/Y (sky130_fd_sc_hd__xnor2_4)
                                                         net85 (net)
                      0.171208    0.000249    7.098468 ^ output85/A (sky130_fd_sc_hd__buf_6)
     1    0.035722    0.127044    0.284763    7.383231 ^ output85/X (sky130_fd_sc_hd__buf_6)
                                                         S[27] (net)
                      0.127070    0.001898    7.385129 ^ S[27] (out)
                                              7.385129   data arrival time

                      0.000000    4.000000    4.000000   clock __VIRTUAL_CLK__ (rise edge)
                                  0.000000    4.000000   clock network delay (ideal)
                                 -0.250000    3.750000   clock uncertainty
                                  0.000000    3.750000   clock reconvergence pessimism
                                 -0.800000    2.950000   output external delay
                                              2.950000   data required time
---------------------------------------------------------------------------------------------
                                              2.950000   data required time
                                             -7.385129   data arrival time
---------------------------------------------------------------------------------------------
                                             -4.435129   slack (VIOLATED)


Startpoint: sub (input port clocked by __VIRTUAL_CLK__)
Endpoint: S[31] (output port clocked by __VIRTUAL_CLK__)
Path Group: __VIRTUAL_CLK__
Path Type: max

Fanout         Cap        Slew       Delay        Time   Description
---------------------------------------------------------------------------------------------
                      0.000000    0.000000    0.000000   clock __VIRTUAL_CLK__ (rise edge)
                                  0.000000    0.000000   clock network delay (ideal)
                                  0.800000    0.800000 ^ input external delay
     1    0.008281    0.069426    0.046203    0.846203 ^ sub (in)
                                                         sub (net)
                      0.069430    0.000000    0.846203 ^ input65/A (sky130_fd_sc_hd__buf_8)
     3    0.027840    0.089534    0.201074    1.047278 ^ input65/X (sky130_fd_sc_hd__buf_8)
                                                         net65 (net)
                      0.089603    0.002400    1.049678 ^ fanout107/A (sky130_fd_sc_hd__buf_6)
     3    0.018303    0.077799    0.203720    1.253398 ^ fanout107/X (sky130_fd_sc_hd__buf_6)
                                                         net107 (net)
                      0.077822    0.001340    1.254738 ^ fanout105/A (sky130_fd_sc_hd__buf_8)
     2    0.012688    0.056120    0.176660    1.431398 ^ fanout105/X (sky130_fd_sc_hd__buf_8)
                                                         net105 (net)
                      0.056135    0.000948    1.432346 ^ load_slew106/A (sky130_fd_sc_hd__buf_8)
     4    0.027333    0.088390    0.194161    1.626507 ^ load_slew106/X (sky130_fd_sc_hd__buf_8)
                                                         net106 (net)
                      0.088445    0.002108    1.628615 ^ _666_/A (sky130_fd_sc_hd__inv_8)
     7    0.032220    0.046503    0.082810    1.711425 v _666_/Y (sky130_fd_sc_hd__inv_8)
                                                         _001_ (net)
                      0.046836    0.003330    1.714754 v _364_/D (sky130_fd_sc_hd__or4_4)
     1    0.005218    0.154967    0.876025    2.590779 v _364_/X (sky130_fd_sc_hd__or4_4)
                                                         _087_ (net)
                      0.154967    0.000399    2.591178 v _366_/A1 (sky130_fd_sc_hd__a21o_4)
     2    0.007579    0.064824    0.426345    3.017523 v _366_/X (sky130_fd_sc_hd__a21o_4)
                                                         _089_ (net)
                      0.064824    0.000550    3.018073 v _367_/A1 (sky130_fd_sc_hd__a21bo_4)
     2    0.009011    0.069603    0.402047    3.420120 v _367_/X (sky130_fd_sc_hd__a21bo_4)
                                                         _090_ (net)
                      0.069603    0.000408    3.420527 v _370_/A1 (sky130_fd_sc_hd__a211o_4)
     2    0.009707    0.090768    0.615952    4.036479 v _370_/X (sky130_fd_sc_hd__a211o_4)
                                                         _093_ (net)
                      0.090768    0.000897    4.037377 v _466_/A2 (sky130_fd_sc_hd__a311o_4)
     3    0.016002    0.120476    0.757178    4.794555 v _466_/X (sky130_fd_sc_hd__a311o_4)
                                                         _181_ (net)
                      0.120476    0.001112    4.795667 v rebuffer167/A (sky130_fd_sc_hd__buf_2)
     2    0.007754    0.063540    0.287366    5.083033 v rebuffer167/X (sky130_fd_sc_hd__buf_2)
                                                         net167 (net)
                      0.063541    0.000293    5.083326 v rebuffer125/A (sky130_fd_sc_hd__buf_2)
     1    0.009502    0.070348    0.266414    5.349741 v rebuffer125/X (sky130_fd_sc_hd__buf_2)
                                                         net125 (net)
                      0.070355    0.000757    5.350497 v _549_/A2 (sky130_fd_sc_hd__a21oi_4)
     4    0.021425    0.300030    0.364164    5.714661 ^ _549_/Y (sky130_fd_sc_hd__a21oi_4)
                                                         _258_ (net)
                      0.300043    0.001608    5.716270 ^ rebuffer132/A (sky130_fd_sc_hd__buf_6)
     3    0.020492    0.085830    0.300918    6.017188 ^ rebuffer132/X (sky130_fd_sc_hd__buf_6)
                                                         net132 (net)
                      0.085840    0.001046    6.018234 ^ _562_/A2 (sky130_fd_sc_hd__o211ai_2)
     1    0.002664    0.155067    0.158706    6.176940 v _562_/Y (sky130_fd_sc_hd__o211ai_2)
                                                         _270_ (net)
                      0.155067    0.000170    6.177110 v _563_/D (sky130_fd_sc_hd__and4_2)
     1    0.010827    0.110712    0.601383    6.778493 v _563_/X (sky130_fd_sc_hd__and4_2)
                                                         _271_ (net)
                      0.110717    0.000914    6.779407 v _564_/A (sky130_fd_sc_hd__xnor2_2)
     1    0.005492    0.199509    0.285925    7.065332 ^ _564_/Y (sky130_fd_sc_hd__xnor2_2)
                                                         net90 (net)
                      0.199510    0.000432    7.065764 ^ output90/A (sky130_fd_sc_hd__buf_6)
     1    0.035239    0.125711    0.297118    7.362882 ^ output90/X (sky130_fd_sc_hd__buf_6)
                                                         S[31] (net)
                      0.125742    0.002022    7.364904 ^ S[31] (out)
                                              7.364904   data arrival time

                      0.000000    4.000000    4.000000   clock __VIRTUAL_CLK__ (rise edge)
                                  0.000000    4.000000   clock network delay (ideal)
                                 -0.250000    3.750000   clock uncertainty
                                  0.000000    3.750000   clock reconvergence pessimism
                                 -0.800000    2.950000   output external delay
                                              2.950000   data required time
---------------------------------------------------------------------------------------------
                                              2.950000   data required time
                                             -7.364904   data arrival time
---------------------------------------------------------------------------------------------
                                             -4.414904   slack (VIOLATED)


Startpoint: sub (input port clocked by __VIRTUAL_CLK__)
Endpoint: S[29] (output port clocked by __VIRTUAL_CLK__)
Path Group: __VIRTUAL_CLK__
Path Type: max

Fanout         Cap        Slew       Delay        Time   Description
---------------------------------------------------------------------------------------------
                      0.000000    0.000000    0.000000   clock __VIRTUAL_CLK__ (rise edge)
                                  0.000000    0.000000   clock network delay (ideal)
                                  0.800000    0.800000 ^ input external delay
     1    0.008281    0.069426    0.046203    0.846203 ^ sub (in)
                                                         sub (net)
                      0.069430    0.000000    0.846203 ^ input65/A (sky130_fd_sc_hd__buf_8)
     3    0.027840    0.089534    0.201074    1.047278 ^ input65/X (sky130_fd_sc_hd__buf_8)
                                                         net65 (net)
                      0.089603    0.002400    1.049678 ^ fanout107/A (sky130_fd_sc_hd__buf_6)
     3    0.018303    0.077799    0.203720    1.253398 ^ fanout107/X (sky130_fd_sc_hd__buf_6)
                                                         net107 (net)
                      0.077822    0.001340    1.254738 ^ fanout105/A (sky130_fd_sc_hd__buf_8)
     2    0.012688    0.056120    0.176660    1.431398 ^ fanout105/X (sky130_fd_sc_hd__buf_8)
                                                         net105 (net)
                      0.056135    0.000948    1.432346 ^ load_slew106/A (sky130_fd_sc_hd__buf_8)
     4    0.027333    0.088390    0.194161    1.626507 ^ load_slew106/X (sky130_fd_sc_hd__buf_8)
                                                         net106 (net)
                      0.088445    0.002108    1.628615 ^ _666_/A (sky130_fd_sc_hd__inv_8)
     7    0.032220    0.046503    0.082810    1.711425 v _666_/Y (sky130_fd_sc_hd__inv_8)
                                                         _001_ (net)
                      0.046836    0.003330    1.714754 v _364_/D (sky130_fd_sc_hd__or4_4)
     1    0.005218    0.154967    0.876025    2.590779 v _364_/X (sky130_fd_sc_hd__or4_4)
                                                         _087_ (net)
                      0.154967    0.000399    2.591178 v _366_/A1 (sky130_fd_sc_hd__a21o_4)
     2    0.007579    0.064824    0.426345    3.017523 v _366_/X (sky130_fd_sc_hd__a21o_4)
                                                         _089_ (net)
                      0.064824    0.000550    3.018073 v _367_/A1 (sky130_fd_sc_hd__a21bo_4)
     2    0.009011    0.069603    0.402047    3.420120 v _367_/X (sky130_fd_sc_hd__a21bo_4)
                                                         _090_ (net)
                      0.069603    0.000408    3.420527 v _370_/A1 (sky130_fd_sc_hd__a211o_4)
     2    0.009707    0.090768    0.615952    4.036479 v _370_/X (sky130_fd_sc_hd__a211o_4)
                                                         _093_ (net)
                      0.090768    0.000897    4.037377 v _466_/A2 (sky130_fd_sc_hd__a311o_4)
     3    0.016002    0.120476    0.757178    4.794555 v _466_/X (sky130_fd_sc_hd__a311o_4)
                                                         _181_ (net)
                      0.120476    0.001370    4.795925 v _523_/A1 (sky130_fd_sc_hd__a21bo_2)
     4    0.016703    0.124311    0.470869    5.266794 v _523_/X (sky130_fd_sc_hd__a21bo_2)
                                                         _234_ (net)
                      0.124315    0.000866    5.267660 v _533_/D (sky130_fd_sc_hd__and4_2)
     1    0.003125    0.076045    0.529884    5.797544 v _533_/X (sky130_fd_sc_hd__and4_2)
                                                         _243_ (net)
                      0.076045    0.000224    5.797768 v _535_/C1 (sky130_fd_sc_hd__a2111o_2)
     1    0.017958    0.192936    0.944450    6.742218 v _535_/X (sky130_fd_sc_hd__a2111o_2)
                                                         _245_ (net)
                      0.192944    0.001601    6.743819 v _536_/B (sky130_fd_sc_hd__xnor2_4)
     1    0.003025    0.092860    0.280525    7.024344 v _536_/Y (sky130_fd_sc_hd__xnor2_4)
                                                         net87 (net)
                      0.092860    0.000221    7.024565 v output87/A (sky130_fd_sc_hd__buf_4)
     1    0.035167    0.104739    0.332402    7.356966 v output87/X (sky130_fd_sc_hd__buf_4)
                                                         S[29] (net)
                      0.104770    0.001794    7.358760 v S[29] (out)
                                              7.358760   data arrival time

                      0.000000    4.000000    4.000000   clock __VIRTUAL_CLK__ (rise edge)
                                  0.000000    4.000000   clock network delay (ideal)
                                 -0.250000    3.750000   clock uncertainty
                                  0.000000    3.750000   clock reconvergence pessimism
                                 -0.800000    2.950000   output external delay
                                              2.950000   data required time
---------------------------------------------------------------------------------------------
                                              2.950000   data required time
                                             -7.358760   data arrival time
---------------------------------------------------------------------------------------------
                                             -4.408761   slack (VIOLATED)


Startpoint: B[16] (input port clocked by __VIRTUAL_CLK__)
Endpoint: S[21] (output port clocked by __VIRTUAL_CLK__)
Path Group: __VIRTUAL_CLK__
Path Type: max

Fanout         Cap        Slew       Delay        Time   Description
---------------------------------------------------------------------------------------------
                      0.000000    0.000000    0.000000   clock __VIRTUAL_CLK__ (rise edge)
                                  0.000000    0.000000   clock network delay (ideal)
                                  0.800000    0.800000 ^ input external delay
     1    0.006078    0.054491    0.034696    0.834696 ^ B[16] (in)
                                                         B[16] (net)
                      0.054493    0.000000    0.834696 ^ input40/A (sky130_fd_sc_hd__clkdlybuf4s25_1)
     5    0.026846    0.438574    0.758426    1.593122 ^ input40/X (sky130_fd_sc_hd__clkdlybuf4s25_1)
                                                         net40 (net)
                      0.438574    0.001177    1.594300 ^ _391_/A_N (sky130_fd_sc_hd__and2b_2)
     1    0.006143    0.085474    0.620130    2.214430 v _391_/X (sky130_fd_sc_hd__and2b_2)
                                                         _112_ (net)
                      0.085474    0.000526    2.214956 v _393_/A2 (sky130_fd_sc_hd__a22o_4)
     2    0.005627    0.066509    0.486866    2.701822 v _393_/X (sky130_fd_sc_hd__a22o_4)
                                                         _114_ (net)
                      0.066509    0.000211    2.702034 v _415_/A1 (sky130_fd_sc_hd__a221o_2)
     2    0.007976    0.116956    0.723192    3.425226 v _415_/X (sky130_fd_sc_hd__a221o_2)
                                                         _134_ (net)
                      0.116956    0.000545    3.425771 v _417_/B (sky130_fd_sc_hd__or2_4)
     2    0.005140    0.082011    0.476266    3.902037 v _417_/X (sky130_fd_sc_hd__or2_4)
                                                         _136_ (net)
                      0.082011    0.000342    3.902380 v _418_/A (sky130_fd_sc_hd__and3_4)
     3    0.018372    0.085966    0.325049    4.227428 v _418_/X (sky130_fd_sc_hd__and3_4)
                                                         _137_ (net)
                      0.086025    0.002152    4.229580 v _420_/A (sky130_fd_sc_hd__or4b_4)
     2    0.011916    0.178411    1.158949    5.388530 v _420_/X (sky130_fd_sc_hd__or4b_4)
                                                         _139_ (net)
                      0.178411    0.000616    5.389146 v _427_/B (sky130_fd_sc_hd__and2_4)
     2    0.011256    0.064687    0.368645    5.757791 v _427_/X (sky130_fd_sc_hd__and2_4)
                                                         _146_ (net)
                      0.064687    0.000820    5.758611 v rebuffer121/A (sky130_fd_sc_hd__buf_8)
     3    0.027889    0.060541    0.238931    5.997542 v rebuffer121/X (sky130_fd_sc_hd__buf_8)
                                                         net121 (net)
                      0.060695    0.002751    6.000293 v _435_/S (sky130_fd_sc_hd__mux2_4)
     1    0.008942    0.097528    0.585547    6.585840 v _435_/X (sky130_fd_sc_hd__mux2_4)
                                                         _153_ (net)
                      0.097528    0.000718    6.586558 v _438_/A (sky130_fd_sc_hd__nand3_4)
     1    0.008713    0.103818    0.114261    6.700819 ^ _438_/Y (sky130_fd_sc_hd__nand3_4)
                                                         _156_ (net)
                      0.103818    0.000434    6.701253 ^ _439_/B (sky130_fd_sc_hd__xnor2_2)
     1    0.008476    0.249569    0.239917    6.941171 ^ _439_/Y (sky130_fd_sc_hd__xnor2_2)
                                                         net79 (net)
                      0.249570    0.000786    6.941957 ^ output79/A (sky130_fd_sc_hd__buf_6)
     1    0.035098    0.125679    0.317796    7.259753 ^ output79/X (sky130_fd_sc_hd__buf_6)
                                                         S[21] (net)
                      0.125709    0.001985    7.261738 ^ S[21] (out)
                                              7.261738   data arrival time

                      0.000000    4.000000    4.000000   clock __VIRTUAL_CLK__ (rise edge)
                                  0.000000    4.000000   clock network delay (ideal)
                                 -0.250000    3.750000   clock uncertainty
                                  0.000000    3.750000   clock reconvergence pessimism
                                 -0.800000    2.950000   output external delay
                                              2.950000   data required time
---------------------------------------------------------------------------------------------
                                              2.950000   data required time
                                             -7.261738   data arrival time
---------------------------------------------------------------------------------------------
                                             -4.311738   slack (VIOLATED)


Startpoint: B[16] (input port clocked by __VIRTUAL_CLK__)
Endpoint: S[23] (output port clocked by __VIRTUAL_CLK__)
Path Group: __VIRTUAL_CLK__
Path Type: max

Fanout         Cap        Slew       Delay        Time   Description
---------------------------------------------------------------------------------------------
                      0.000000    0.000000    0.000000   clock __VIRTUAL_CLK__ (rise edge)
                                  0.000000    0.000000   clock network delay (ideal)
                                  0.800000    0.800000 ^ input external delay
     1    0.006078    0.054491    0.034696    0.834696 ^ B[16] (in)
                                                         B[16] (net)
                      0.054493    0.000000    0.834696 ^ input40/A (sky130_fd_sc_hd__clkdlybuf4s25_1)
     5    0.026846    0.438574    0.758426    1.593122 ^ input40/X (sky130_fd_sc_hd__clkdlybuf4s25_1)
                                                         net40 (net)
                      0.438574    0.001177    1.594300 ^ _391_/A_N (sky130_fd_sc_hd__and2b_2)
     1    0.006143    0.085474    0.620130    2.214430 v _391_/X (sky130_fd_sc_hd__and2b_2)
                                                         _112_ (net)
                      0.085474    0.000526    2.214956 v _393_/A2 (sky130_fd_sc_hd__a22o_4)
     2    0.005627    0.066509    0.486866    2.701822 v _393_/X (sky130_fd_sc_hd__a22o_4)
                                                         _114_ (net)
                      0.066509    0.000211    2.702034 v _415_/A1 (sky130_fd_sc_hd__a221o_2)
     2    0.007976    0.116956    0.723192    3.425226 v _415_/X (sky130_fd_sc_hd__a221o_2)
                                                         _134_ (net)
                      0.116956    0.000545    3.425771 v _417_/B (sky130_fd_sc_hd__or2_4)
     2    0.005140    0.082011    0.476266    3.902037 v _417_/X (sky130_fd_sc_hd__or2_4)
                                                         _136_ (net)
                      0.082011    0.000342    3.902380 v _418_/A (sky130_fd_sc_hd__and3_4)
     3    0.018372    0.085966    0.325049    4.227428 v _418_/X (sky130_fd_sc_hd__and3_4)
                                                         _137_ (net)
                      0.086025    0.002152    4.229580 v _420_/A (sky130_fd_sc_hd__or4b_4)
     2    0.011916    0.178411    1.158949    5.388530 v _420_/X (sky130_fd_sc_hd__or4b_4)
                                                         _139_ (net)
                      0.179002    0.000845    5.389374 v _449_/A2 (sky130_fd_sc_hd__a31oi_4)
     3    0.018493    0.312950    0.423220    5.812594 ^ _449_/Y (sky130_fd_sc_hd__a31oi_4)
                                                         _166_ (net)
                      0.312952    0.001604    5.814198 ^ _459_/S (sky130_fd_sc_hd__mux2_4)
     1    0.009004    0.097600    0.694367    6.508565 v _459_/X (sky130_fd_sc_hd__mux2_4)
                                                         _175_ (net)
                      0.097600    0.000460    6.509025 v _460_/B (sky130_fd_sc_hd__nand2_4)
     1    0.008780    0.075819    0.127839    6.636864 ^ _460_/Y (sky130_fd_sc_hd__nand2_4)
                                                         _176_ (net)
                      0.075820    0.000703    6.637567 ^ _461_/B (sky130_fd_sc_hd__xnor2_2)
     1    0.009465    0.266501    0.234241    6.871808 ^ _461_/Y (sky130_fd_sc_hd__xnor2_2)
                                                         net81 (net)
                      0.266501    0.000888    6.872696 ^ output81/A (sky130_fd_sc_hd__buf_6)
     1    0.034799    0.125011    0.323376    7.196073 ^ output81/X (sky130_fd_sc_hd__buf_6)
                                                         S[23] (net)
                      0.125036    0.001842    7.197915 ^ S[23] (out)
                                              7.197915   data arrival time

                      0.000000    4.000000    4.000000   clock __VIRTUAL_CLK__ (rise edge)
                                  0.000000    4.000000   clock network delay (ideal)
                                 -0.250000    3.750000   clock uncertainty
                                  0.000000    3.750000   clock reconvergence pessimism
                                 -0.800000    2.950000   output external delay
                                              2.950000   data required time
---------------------------------------------------------------------------------------------
                                              2.950000   data required time
                                             -7.197915   data arrival time
---------------------------------------------------------------------------------------------
                                             -4.247915   slack (VIOLATED)


Startpoint: sub (input port clocked by __VIRTUAL_CLK__)
Endpoint: carryOut (output port clocked by __VIRTUAL_CLK__)
Path Group: __VIRTUAL_CLK__
Path Type: max

Fanout         Cap        Slew       Delay        Time   Description
---------------------------------------------------------------------------------------------
                      0.000000    0.000000    0.000000   clock __VIRTUAL_CLK__ (rise edge)
                                  0.000000    0.000000   clock network delay (ideal)
                                  0.800000    0.800000 ^ input external delay
     1    0.008281    0.069426    0.046203    0.846203 ^ sub (in)
                                                         sub (net)
                      0.069430    0.000000    0.846203 ^ input65/A (sky130_fd_sc_hd__buf_8)
     3    0.027840    0.089534    0.201074    1.047278 ^ input65/X (sky130_fd_sc_hd__buf_8)
                                                         net65 (net)
                      0.089603    0.002400    1.049678 ^ fanout107/A (sky130_fd_sc_hd__buf_6)
     3    0.018303    0.077799    0.203720    1.253398 ^ fanout107/X (sky130_fd_sc_hd__buf_6)
                                                         net107 (net)
                      0.077822    0.001340    1.254738 ^ fanout105/A (sky130_fd_sc_hd__buf_8)
     2    0.012688    0.056120    0.176660    1.431398 ^ fanout105/X (sky130_fd_sc_hd__buf_8)
                                                         net105 (net)
                      0.056135    0.000948    1.432346 ^ load_slew106/A (sky130_fd_sc_hd__buf_8)
     4    0.027333    0.088390    0.194161    1.626507 ^ load_slew106/X (sky130_fd_sc_hd__buf_8)
                                                         net106 (net)
                      0.088445    0.002108    1.628615 ^ _666_/A (sky130_fd_sc_hd__inv_8)
     7    0.032220    0.046503    0.082810    1.711425 v _666_/Y (sky130_fd_sc_hd__inv_8)
                                                         _001_ (net)
                      0.046836    0.003330    1.714754 v _364_/D (sky130_fd_sc_hd__or4_4)
     1    0.005218    0.154967    0.876025    2.590779 v _364_/X (sky130_fd_sc_hd__or4_4)
                                                         _087_ (net)
                      0.154967    0.000399    2.591178 v _366_/A1 (sky130_fd_sc_hd__a21o_4)
     2    0.007579    0.064824    0.426345    3.017523 v _366_/X (sky130_fd_sc_hd__a21o_4)
                                                         _089_ (net)
                      0.064824    0.000550    3.018073 v _367_/A1 (sky130_fd_sc_hd__a21bo_4)
     2    0.009011    0.069603    0.402047    3.420120 v _367_/X (sky130_fd_sc_hd__a21bo_4)
                                                         _090_ (net)
                      0.069603    0.000408    3.420527 v _370_/A1 (sky130_fd_sc_hd__a211o_4)
     2    0.009707    0.090768    0.615952    4.036479 v _370_/X (sky130_fd_sc_hd__a211o_4)
                                                         _093_ (net)
                      0.090768    0.000897    4.037377 v _466_/A2 (sky130_fd_sc_hd__a311o_4)
     3    0.016002    0.120476    0.757178    4.794555 v _466_/X (sky130_fd_sc_hd__a311o_4)
                                                         _181_ (net)
                      0.120476    0.001112    4.795667 v rebuffer167/A (sky130_fd_sc_hd__buf_2)
     2    0.007754    0.063540    0.287366    5.083033 v rebuffer167/X (sky130_fd_sc_hd__buf_2)
                                                         net167 (net)
                      0.063541    0.000293    5.083326 v rebuffer125/A (sky130_fd_sc_hd__buf_2)
     1    0.009502    0.070348    0.266414    5.349741 v rebuffer125/X (sky130_fd_sc_hd__buf_2)
                                                         net125 (net)
                      0.070355    0.000757    5.350497 v _549_/A2 (sky130_fd_sc_hd__a21oi_4)
     4    0.021425    0.300030    0.364164    5.714661 ^ _549_/Y (sky130_fd_sc_hd__a21oi_4)
                                                         _258_ (net)
                      0.300043    0.001608    5.716270 ^ rebuffer132/A (sky130_fd_sc_hd__buf_6)
     3    0.020492    0.085830    0.300918    6.017188 ^ rebuffer132/X (sky130_fd_sc_hd__buf_6)
                                                         net132 (net)
                      0.085849    0.001318    6.018506 ^ _550_/B (sky130_fd_sc_hd__nor2_4)
     2    0.014756    0.064662    0.083186    6.101691 v _550_/Y (sky130_fd_sc_hd__nor2_4)
                                                         _259_ (net)
                      0.064662    0.000391    6.102082 v _657_/B (sky130_fd_sc_hd__nor2_2)
     1    0.007387    0.172783    0.183307    6.285389 ^ _657_/Y (sky130_fd_sc_hd__nor2_2)
                                                         _348_ (net)
                      0.172783    0.000617    6.286005 ^ _663_/B2 (sky130_fd_sc_hd__o221a_4)
     1    0.007437    0.089590    0.414593    6.700599 ^ _663_/X (sky130_fd_sc_hd__o221a_4)
                                                         net98 (net)
                      0.089590    0.000594    6.701193 ^ output98/A (sky130_fd_sc_hd__buf_8)
     1    0.035684    0.107644    0.225886    6.927079 ^ output98/X (sky130_fd_sc_hd__buf_8)
                                                         carryOut (net)
                      0.107687    0.002131    6.929210 ^ carryOut (out)
                                              6.929210   data arrival time

                      0.000000    4.000000    4.000000   clock __VIRTUAL_CLK__ (rise edge)
                                  0.000000    4.000000   clock network delay (ideal)
                                 -0.250000    3.750000   clock uncertainty
                                  0.000000    3.750000   clock reconvergence pessimism
                                 -0.800000    2.950000   output external delay
                                              2.950000   data required time
---------------------------------------------------------------------------------------------
                                              2.950000   data required time
                                             -6.929210   data arrival time
---------------------------------------------------------------------------------------------
                                             -3.979210   slack (VIOLATED)


Startpoint: sub (input port clocked by __VIRTUAL_CLK__)
Endpoint: S[13] (output port clocked by __VIRTUAL_CLK__)
Path Group: __VIRTUAL_CLK__
Path Type: max

Fanout         Cap        Slew       Delay        Time   Description
---------------------------------------------------------------------------------------------
                      0.000000    0.000000    0.000000   clock __VIRTUAL_CLK__ (rise edge)
                                  0.000000    0.000000   clock network delay (ideal)
                                  0.800000    0.800000 ^ input external delay
     1    0.008281    0.069426    0.046203    0.846203 ^ sub (in)
                                                         sub (net)
                      0.069430    0.000000    0.846203 ^ input65/A (sky130_fd_sc_hd__buf_8)
     3    0.027840    0.089534    0.201074    1.047278 ^ input65/X (sky130_fd_sc_hd__buf_8)
                                                         net65 (net)
                      0.089603    0.002400    1.049678 ^ fanout107/A (sky130_fd_sc_hd__buf_6)
     3    0.018303    0.077799    0.203720    1.253398 ^ fanout107/X (sky130_fd_sc_hd__buf_6)
                                                         net107 (net)
                      0.077822    0.001340    1.254738 ^ fanout105/A (sky130_fd_sc_hd__buf_8)
     2    0.012688    0.056120    0.176660    1.431398 ^ fanout105/X (sky130_fd_sc_hd__buf_8)
                                                         net105 (net)
                      0.056135    0.000948    1.432346 ^ load_slew106/A (sky130_fd_sc_hd__buf_8)
     4    0.027333    0.088390    0.194161    1.626507 ^ load_slew106/X (sky130_fd_sc_hd__buf_8)
                                                         net106 (net)
                      0.088445    0.002108    1.628615 ^ _666_/A (sky130_fd_sc_hd__inv_8)
     7    0.032220    0.046503    0.082810    1.711425 v _666_/Y (sky130_fd_sc_hd__inv_8)
                                                         _001_ (net)
                      0.046531    0.000998    1.712423 v _667_/A (sky130_fd_sc_hd__buf_6)
     5    0.030323    0.070927    0.242751    1.955174 v _667_/X (sky130_fd_sc_hd__buf_6)
                                                         _002_ (net)
                      0.070977    0.001727    1.956901 v max_cap102/A (sky130_fd_sc_hd__buf_8)
     6    0.038459    0.073359    0.254940    2.211841 v max_cap102/X (sky130_fd_sc_hd__buf_8)
                                                         net102 (net)
                      0.073479    0.002780    2.214621 v _688_/A3 (sky130_fd_sc_hd__o31a_4)
     2    0.013017    0.105302    0.572723    2.787343 v _688_/X (sky130_fd_sc_hd__o31a_4)
                                                         _023_ (net)
                      0.105302    0.001047    2.788390 v _708_/A1 (sky130_fd_sc_hd__o32ai_4)
     3    0.015698    0.448601    0.597587    3.385977 ^ _708_/Y (sky130_fd_sc_hd__o32ai_4)
                                                         _043_ (net)
                      0.448602    0.001287    3.387264 ^ _419_/A1 (sky130_fd_sc_hd__a31o_2)
     5    0.028237    0.271439    0.645128    4.032393 ^ _419_/X (sky130_fd_sc_hd__a31o_2)
                                                         _138_ (net)
                      0.271448    0.002047    4.034440 ^ _635_/A1 (sky130_fd_sc_hd__a21o_2)
     3    0.011184    0.112106    0.375944    4.410383 ^ _635_/X (sky130_fd_sc_hd__a21o_2)
                                                         _329_ (net)
                      0.112106    0.000456    4.410840 ^ _637_/B_N (sky130_fd_sc_hd__or2b_2)
     1    0.003907    0.111778    0.713472    5.124312 v _637_/X (sky130_fd_sc_hd__or2b_2)
                                                         _331_ (net)
                      0.111778    0.000276    5.124588 v _638_/B1 (sky130_fd_sc_hd__o211a_2)
     1    0.004055    0.075374    0.277591    5.402178 v _638_/X (sky130_fd_sc_hd__o211a_2)
                                                         _332_ (net)
                      0.075374    0.000320    5.402499 v _639_/B1 (sky130_fd_sc_hd__a31o_2)
     1    0.009894    0.095065    0.453779    5.856277 v _639_/X (sky130_fd_sc_hd__a31o_2)
                                                         _333_ (net)
                      0.095071    0.000874    5.857152 v _640_/B (sky130_fd_sc_hd__xnor2_2)
     1    0.001602    0.073128    0.234116    6.091268 v _640_/Y (sky130_fd_sc_hd__xnor2_2)
                                                         net70 (net)
                      0.073128    0.000077    6.091345 v output70/A (sky130_fd_sc_hd__dlymetal6s4s_1)
     1    0.035741    0.346720    0.791887    6.883232 v output70/X (sky130_fd_sc_hd__dlymetal6s4s_1)
                                                         S[13] (net)
                      0.346728    0.002160    6.885392 v S[13] (out)
                                              6.885392   data arrival time

                      0.000000    4.000000    4.000000   clock __VIRTUAL_CLK__ (rise edge)
                                  0.000000    4.000000   clock network delay (ideal)
                                 -0.250000    3.750000   clock uncertainty
                                  0.000000    3.750000   clock reconvergence pessimism
                                 -0.800000    2.950000   output external delay
                                              2.950000   data required time
---------------------------------------------------------------------------------------------
                                              2.950000   data required time
                                             -6.885392   data arrival time
---------------------------------------------------------------------------------------------
                                             -3.935392   slack (VIOLATED)


Startpoint: B[16] (input port clocked by __VIRTUAL_CLK__)
Endpoint: S[22] (output port clocked by __VIRTUAL_CLK__)
Path Group: __VIRTUAL_CLK__
Path Type: max

Fanout         Cap        Slew       Delay        Time   Description
---------------------------------------------------------------------------------------------
                      0.000000    0.000000    0.000000   clock __VIRTUAL_CLK__ (rise edge)
                                  0.000000    0.000000   clock network delay (ideal)
                                  0.800000    0.800000 ^ input external delay
     1    0.006078    0.054491    0.034696    0.834696 ^ B[16] (in)
                                                         B[16] (net)
                      0.054493    0.000000    0.834696 ^ input40/A (sky130_fd_sc_hd__clkdlybuf4s25_1)
     5    0.026846    0.438574    0.758426    1.593122 ^ input40/X (sky130_fd_sc_hd__clkdlybuf4s25_1)
                                                         net40 (net)
                      0.438574    0.001177    1.594300 ^ _391_/A_N (sky130_fd_sc_hd__and2b_2)
     1    0.006143    0.085474    0.620130    2.214430 v _391_/X (sky130_fd_sc_hd__and2b_2)
                                                         _112_ (net)
                      0.085474    0.000526    2.214956 v _393_/A2 (sky130_fd_sc_hd__a22o_4)
     2    0.005627    0.066509    0.486866    2.701822 v _393_/X (sky130_fd_sc_hd__a22o_4)
                                                         _114_ (net)
                      0.066509    0.000211    2.702034 v _415_/A1 (sky130_fd_sc_hd__a221o_2)
     2    0.007976    0.116956    0.723192    3.425226 v _415_/X (sky130_fd_sc_hd__a221o_2)
                                                         _134_ (net)
                      0.116956    0.000545    3.425771 v _417_/B (sky130_fd_sc_hd__or2_4)
     2    0.005140    0.082011    0.476266    3.902037 v _417_/X (sky130_fd_sc_hd__or2_4)
                                                         _136_ (net)
                      0.082011    0.000342    3.902380 v _418_/A (sky130_fd_sc_hd__and3_4)
     3    0.018372    0.085966    0.325049    4.227428 v _418_/X (sky130_fd_sc_hd__and3_4)
                                                         _137_ (net)
                      0.086025    0.002152    4.229580 v _420_/A (sky130_fd_sc_hd__or4b_4)
     2    0.011916    0.178411    1.158949    5.388530 v _420_/X (sky130_fd_sc_hd__or4b_4)
                                                         _139_ (net)
                      0.179002    0.000845    5.389374 v _449_/A2 (sky130_fd_sc_hd__a31oi_4)
     3    0.018493    0.312950    0.423220    5.812594 ^ _449_/Y (sky130_fd_sc_hd__a31oi_4)
                                                         _166_ (net)
                      0.312951    0.001260    5.813854 ^ rebuffer137/A (sky130_fd_sc_hd__buf_4)
     1    0.010177    0.071950    0.324561    6.138415 ^ rebuffer137/X (sky130_fd_sc_hd__buf_4)
                                                         net137 (net)
                      0.071991    0.000838    6.139254 ^ _452_/A (sky130_fd_sc_hd__xnor2_2)
     1    0.008758    0.254664    0.241430    6.380684 ^ _452_/Y (sky130_fd_sc_hd__xnor2_2)
                                                         net80 (net)
                      0.254665    0.000818    6.381503 ^ output80/A (sky130_fd_sc_hd__buf_6)
     1    0.034973    0.125376    0.319405    6.700908 ^ output80/X (sky130_fd_sc_hd__buf_6)
                                                         S[22] (net)
                      0.125404    0.001928    6.702836 ^ S[22] (out)
                                              6.702836   data arrival time

                      0.000000    4.000000    4.000000   clock __VIRTUAL_CLK__ (rise edge)
                                  0.000000    4.000000   clock network delay (ideal)
                                 -0.250000    3.750000   clock uncertainty
                                  0.000000    3.750000   clock reconvergence pessimism
                                 -0.800000    2.950000   output external delay
                                              2.950000   data required time
---------------------------------------------------------------------------------------------
                                              2.950000   data required time
                                             -6.702836   data arrival time
---------------------------------------------------------------------------------------------
                                             -3.752836   slack (VIOLATED)


Startpoint: sub (input port clocked by __VIRTUAL_CLK__)
Endpoint: S[30] (output port clocked by __VIRTUAL_CLK__)
Path Group: __VIRTUAL_CLK__
Path Type: max

Fanout         Cap        Slew       Delay        Time   Description
---------------------------------------------------------------------------------------------
                      0.000000    0.000000    0.000000   clock __VIRTUAL_CLK__ (rise edge)
                                  0.000000    0.000000   clock network delay (ideal)
                                  0.800000    0.800000 ^ input external delay
     1    0.008281    0.069426    0.046203    0.846203 ^ sub (in)
                                                         sub (net)
                      0.069430    0.000000    0.846203 ^ input65/A (sky130_fd_sc_hd__buf_8)
     3    0.027840    0.089534    0.201074    1.047278 ^ input65/X (sky130_fd_sc_hd__buf_8)
                                                         net65 (net)
                      0.089603    0.002400    1.049678 ^ fanout107/A (sky130_fd_sc_hd__buf_6)
     3    0.018303    0.077799    0.203720    1.253398 ^ fanout107/X (sky130_fd_sc_hd__buf_6)
                                                         net107 (net)
                      0.077822    0.001340    1.254738 ^ fanout105/A (sky130_fd_sc_hd__buf_8)
     2    0.012688    0.056120    0.176660    1.431398 ^ fanout105/X (sky130_fd_sc_hd__buf_8)
                                                         net105 (net)
                      0.056135    0.000948    1.432346 ^ load_slew106/A (sky130_fd_sc_hd__buf_8)
     4    0.027333    0.088390    0.194161    1.626507 ^ load_slew106/X (sky130_fd_sc_hd__buf_8)
                                                         net106 (net)
                      0.088445    0.002108    1.628615 ^ _666_/A (sky130_fd_sc_hd__inv_8)
     7    0.032220    0.046503    0.082810    1.711425 v _666_/Y (sky130_fd_sc_hd__inv_8)
                                                         _001_ (net)
                      0.046836    0.003330    1.714754 v _364_/D (sky130_fd_sc_hd__or4_4)
     1    0.005218    0.154967    0.876025    2.590779 v _364_/X (sky130_fd_sc_hd__or4_4)
                                                         _087_ (net)
                      0.154967    0.000399    2.591178 v _366_/A1 (sky130_fd_sc_hd__a21o_4)
     2    0.007579    0.064824    0.426345    3.017523 v _366_/X (sky130_fd_sc_hd__a21o_4)
                                                         _089_ (net)
                      0.064824    0.000550    3.018073 v _367_/A1 (sky130_fd_sc_hd__a21bo_4)
     2    0.009011    0.069603    0.402047    3.420120 v _367_/X (sky130_fd_sc_hd__a21bo_4)
                                                         _090_ (net)
                      0.069603    0.000408    3.420527 v _370_/A1 (sky130_fd_sc_hd__a211o_4)
     2    0.009707    0.090768    0.615952    4.036479 v _370_/X (sky130_fd_sc_hd__a211o_4)
                                                         _093_ (net)
                      0.090768    0.000897    4.037377 v _466_/A2 (sky130_fd_sc_hd__a311o_4)
     3    0.016002    0.120476    0.757178    4.794555 v _466_/X (sky130_fd_sc_hd__a311o_4)
                                                         _181_ (net)
                      0.120476    0.001112    4.795667 v rebuffer167/A (sky130_fd_sc_hd__buf_2)
     2    0.007754    0.063540    0.287366    5.083033 v rebuffer167/X (sky130_fd_sc_hd__buf_2)
                                                         net167 (net)
                      0.063541    0.000293    5.083326 v rebuffer125/A (sky130_fd_sc_hd__buf_2)
     1    0.009502    0.070348    0.266414    5.349741 v rebuffer125/X (sky130_fd_sc_hd__buf_2)
                                                         net125 (net)
                      0.070355    0.000757    5.350497 v _549_/A2 (sky130_fd_sc_hd__a21oi_4)
     4    0.021425    0.300030    0.364164    5.714661 ^ _549_/Y (sky130_fd_sc_hd__a21oi_4)
                                                         _258_ (net)
                      0.300043    0.001608    5.716270 ^ rebuffer132/A (sky130_fd_sc_hd__buf_6)
     3    0.020492    0.085830    0.300918    6.017188 ^ rebuffer132/X (sky130_fd_sc_hd__buf_6)
                                                         net132 (net)
                      0.085849    0.001318    6.018506 ^ _550_/B (sky130_fd_sc_hd__nor2_4)
     2    0.014756    0.064662    0.083186    6.101691 v _550_/Y (sky130_fd_sc_hd__nor2_4)
                                                         _259_ (net)
                      0.064673    0.000818    6.102510 v _553_/A (sky130_fd_sc_hd__xnor2_2)
     1    0.005660    0.202423    0.267666    6.370176 ^ _553_/Y (sky130_fd_sc_hd__xnor2_2)
                                                         net89 (net)
                      0.202424    0.000454    6.370629 ^ output89/A (sky130_fd_sc_hd__buf_6)
     1    0.034804    0.125628    0.298279    6.668909 ^ output89/X (sky130_fd_sc_hd__buf_6)
                                                         S[30] (net)
                      0.125654    0.001857    6.670766 ^ S[30] (out)
                                              6.670766   data arrival time

                      0.000000    4.000000    4.000000   clock __VIRTUAL_CLK__ (rise edge)
                                  0.000000    4.000000   clock network delay (ideal)
                                 -0.250000    3.750000   clock uncertainty
                                  0.000000    3.750000   clock reconvergence pessimism
                                 -0.800000    2.950000   output external delay
                                              2.950000   data required time
---------------------------------------------------------------------------------------------
                                              2.950000   data required time
                                             -6.670766   data arrival time
---------------------------------------------------------------------------------------------
                                             -3.720766   slack (VIOLATED)


Startpoint: sub (input port clocked by __VIRTUAL_CLK__)
Endpoint: S[25] (output port clocked by __VIRTUAL_CLK__)
Path Group: __VIRTUAL_CLK__
Path Type: max

Fanout         Cap        Slew       Delay        Time   Description
---------------------------------------------------------------------------------------------
                      0.000000    0.000000    0.000000   clock __VIRTUAL_CLK__ (rise edge)
                                  0.000000    0.000000   clock network delay (ideal)
                                  0.800000    0.800000 ^ input external delay
     1    0.008281    0.069426    0.046203    0.846203 ^ sub (in)
                                                         sub (net)
                      0.069430    0.000000    0.846203 ^ input65/A (sky130_fd_sc_hd__buf_8)
     3    0.027840    0.089534    0.201074    1.047278 ^ input65/X (sky130_fd_sc_hd__buf_8)
                                                         net65 (net)
                      0.089603    0.002400    1.049678 ^ fanout107/A (sky130_fd_sc_hd__buf_6)
     3    0.018303    0.077799    0.203720    1.253398 ^ fanout107/X (sky130_fd_sc_hd__buf_6)
                                                         net107 (net)
                      0.077822    0.001340    1.254738 ^ fanout105/A (sky130_fd_sc_hd__buf_8)
     2    0.012688    0.056120    0.176660    1.431398 ^ fanout105/X (sky130_fd_sc_hd__buf_8)
                                                         net105 (net)
                      0.056135    0.000948    1.432346 ^ load_slew106/A (sky130_fd_sc_hd__buf_8)
     4    0.027333    0.088390    0.194161    1.626507 ^ load_slew106/X (sky130_fd_sc_hd__buf_8)
                                                         net106 (net)
                      0.088445    0.002108    1.628615 ^ _666_/A (sky130_fd_sc_hd__inv_8)
     7    0.032220    0.046503    0.082810    1.711425 v _666_/Y (sky130_fd_sc_hd__inv_8)
                                                         _001_ (net)
                      0.046836    0.003330    1.714754 v _364_/D (sky130_fd_sc_hd__or4_4)
     1    0.005218    0.154967    0.876025    2.590779 v _364_/X (sky130_fd_sc_hd__or4_4)
                                                         _087_ (net)
                      0.154967    0.000399    2.591178 v _366_/A1 (sky130_fd_sc_hd__a21o_4)
     2    0.007579    0.064824    0.426345    3.017523 v _366_/X (sky130_fd_sc_hd__a21o_4)
                                                         _089_ (net)
                      0.064824    0.000550    3.018073 v _367_/A1 (sky130_fd_sc_hd__a21bo_4)
     2    0.009011    0.069603    0.402047    3.420120 v _367_/X (sky130_fd_sc_hd__a21bo_4)
                                                         _090_ (net)
                      0.069603    0.000408    3.420527 v _370_/A1 (sky130_fd_sc_hd__a211o_4)
     2    0.009707    0.090768    0.615952    4.036479 v _370_/X (sky130_fd_sc_hd__a211o_4)
                                                         _093_ (net)
                      0.090768    0.000897    4.037377 v _466_/A2 (sky130_fd_sc_hd__a311o_4)
     3    0.016002    0.120476    0.757178    4.794555 v _466_/X (sky130_fd_sc_hd__a311o_4)
                                                         _181_ (net)
                      0.120476    0.001112    4.795667 v rebuffer167/A (sky130_fd_sc_hd__buf_2)
     2    0.007754    0.063540    0.287366    5.083033 v rebuffer167/X (sky130_fd_sc_hd__buf_2)
                                                         net167 (net)
                      0.063540    0.000262    5.083295 v rebuffer124/A (sky130_fd_sc_hd__buf_4)
     1    0.017858    0.072526    0.281142    5.364437 v rebuffer124/X (sky130_fd_sc_hd__buf_4)
                                                         net124 (net)
                      0.072559    0.001529    5.365965 v _476_/A (sky130_fd_sc_hd__nand2_8)
     5    0.027867    0.108612    0.125466    5.491431 ^ _476_/Y (sky130_fd_sc_hd__nand2_8)
                                                         _191_ (net)
                      0.108910    0.003406    5.494838 ^ _481_/A2 (sky130_fd_sc_hd__a21bo_2)
     1    0.005455    0.080841    0.291625    5.786462 ^ _481_/X (sky130_fd_sc_hd__a21bo_2)
                                                         _195_ (net)
                      0.080841    0.000438    5.786900 ^ _485_/A1_N (sky130_fd_sc_hd__o2bb2a_4)
     1    0.008426    0.068604    0.340038    6.126938 v _485_/X (sky130_fd_sc_hd__o2bb2a_4)
                                                         _199_ (net)
                      0.068604    0.000676    6.127614 v _486_/B (sky130_fd_sc_hd__xnor2_2)
     1    0.005005    0.117730    0.246969    6.374584 v _486_/Y (sky130_fd_sc_hd__xnor2_2)
                                                         net83 (net)
                      0.117730    0.000391    6.374975 v output83/A (sky130_fd_sc_hd__buf_6)
     1    0.035269    0.077233    0.283851    6.658826 v output83/X (sky130_fd_sc_hd__buf_6)
                                                         S[25] (net)
                      0.077299    0.002093    6.660919 v S[25] (out)
                                              6.660919   data arrival time

                      0.000000    4.000000    4.000000   clock __VIRTUAL_CLK__ (rise edge)
                                  0.000000    4.000000   clock network delay (ideal)
                                 -0.250000    3.750000   clock uncertainty
                                  0.000000    3.750000   clock reconvergence pessimism
                                 -0.800000    2.950000   output external delay
                                              2.950000   data required time
---------------------------------------------------------------------------------------------
                                              2.950000   data required time
                                             -6.660919   data arrival time
---------------------------------------------------------------------------------------------
                                             -3.710919   slack (VIOLATED)


Startpoint: sub (input port clocked by __VIRTUAL_CLK__)
Endpoint: S[17] (output port clocked by __VIRTUAL_CLK__)
Path Group: __VIRTUAL_CLK__
Path Type: max

Fanout         Cap        Slew       Delay        Time   Description
---------------------------------------------------------------------------------------------
                      0.000000    0.000000    0.000000   clock __VIRTUAL_CLK__ (rise edge)
                                  0.000000    0.000000   clock network delay (ideal)
                                  0.800000    0.800000 ^ input external delay
     1    0.008281    0.069426    0.046203    0.846203 ^ sub (in)
                                                         sub (net)
                      0.069430    0.000000    0.846203 ^ input65/A (sky130_fd_sc_hd__buf_8)
     3    0.027840    0.089534    0.201074    1.047278 ^ input65/X (sky130_fd_sc_hd__buf_8)
                                                         net65 (net)
                      0.089603    0.002400    1.049678 ^ fanout107/A (sky130_fd_sc_hd__buf_6)
     3    0.018303    0.077799    0.203720    1.253398 ^ fanout107/X (sky130_fd_sc_hd__buf_6)
                                                         net107 (net)
                      0.077822    0.001340    1.254738 ^ fanout105/A (sky130_fd_sc_hd__buf_8)
     2    0.012688    0.056120    0.176660    1.431398 ^ fanout105/X (sky130_fd_sc_hd__buf_8)
                                                         net105 (net)
                      0.056135    0.000948    1.432346 ^ load_slew106/A (sky130_fd_sc_hd__buf_8)
     4    0.027333    0.088390    0.194161    1.626507 ^ load_slew106/X (sky130_fd_sc_hd__buf_8)
                                                         net106 (net)
                      0.088445    0.002108    1.628615 ^ _666_/A (sky130_fd_sc_hd__inv_8)
     7    0.032220    0.046503    0.082810    1.711425 v _666_/Y (sky130_fd_sc_hd__inv_8)
                                                         _001_ (net)
                      0.046836    0.003330    1.714754 v _364_/D (sky130_fd_sc_hd__or4_4)
     1    0.005218    0.154967    0.876025    2.590779 v _364_/X (sky130_fd_sc_hd__or4_4)
                                                         _087_ (net)
                      0.154967    0.000399    2.591178 v _366_/A1 (sky130_fd_sc_hd__a21o_4)
     2    0.007579    0.064824    0.426345    3.017523 v _366_/X (sky130_fd_sc_hd__a21o_4)
                                                         _089_ (net)
                      0.064824    0.000550    3.018073 v _367_/A1 (sky130_fd_sc_hd__a21bo_4)
     2    0.009011    0.069603    0.402047    3.420120 v _367_/X (sky130_fd_sc_hd__a21bo_4)
                                                         _090_ (net)
                      0.069603    0.000408    3.420527 v _370_/A1 (sky130_fd_sc_hd__a211o_4)
     2    0.009707    0.090768    0.615952    4.036479 v _370_/X (sky130_fd_sc_hd__a211o_4)
                                                         _093_ (net)
                      0.090768    0.000798    4.037277 v _371_/C (sky130_fd_sc_hd__and3_2)
     5    0.033438    0.195759    0.617495    4.654772 v _371_/X (sky130_fd_sc_hd__and3_2)
                                                         _094_ (net)
                      0.195846    0.004057    4.658829 v _380_/B (sky130_fd_sc_hd__or2_2)
     2    0.009193    0.143483    0.759213    5.418042 v _380_/X (sky130_fd_sc_hd__or2_2)
                                                         _102_ (net)
                      0.143483    0.000552    5.418594 v _384_/A2 (sky130_fd_sc_hd__a31o_2)
     1    0.008255    0.087607    0.506356    5.924950 v _384_/X (sky130_fd_sc_hd__a31o_2)
                                                         _106_ (net)
                      0.087649    0.000468    5.925417 v _385_/B (sky130_fd_sc_hd__xor2_2)
     1    0.002995    0.095326    0.270514    6.195931 v _385_/X (sky130_fd_sc_hd__xor2_2)
                                                         net74 (net)
                      0.095326    0.000133    6.196065 v output74/A (sky130_fd_sc_hd__clkbuf_2)
     1    0.034781    0.244593    0.367945    6.564010 v output74/X (sky130_fd_sc_hd__clkbuf_2)
                                                         S[17] (net)
                      0.244604    0.001894    6.565903 v S[17] (out)
                                              6.565903   data arrival time

                      0.000000    4.000000    4.000000   clock __VIRTUAL_CLK__ (rise edge)
                                  0.000000    4.000000   clock network delay (ideal)
                                 -0.250000    3.750000   clock uncertainty
                                  0.000000    3.750000   clock reconvergence pessimism
                                 -0.800000    2.950000   output external delay
                                              2.950000   data required time
---------------------------------------------------------------------------------------------
                                              2.950000   data required time
                                             -6.565903   data arrival time
---------------------------------------------------------------------------------------------
                                             -3.615903   slack (VIOLATED)


Startpoint: B[16] (input port clocked by __VIRTUAL_CLK__)
Endpoint: S[20] (output port clocked by __VIRTUAL_CLK__)
Path Group: __VIRTUAL_CLK__
Path Type: max

Fanout         Cap        Slew       Delay        Time   Description
---------------------------------------------------------------------------------------------
                      0.000000    0.000000    0.000000   clock __VIRTUAL_CLK__ (rise edge)
                                  0.000000    0.000000   clock network delay (ideal)
                                  0.800000    0.800000 ^ input external delay
     1    0.006078    0.054491    0.034696    0.834696 ^ B[16] (in)
                                                         B[16] (net)
                      0.054493    0.000000    0.834696 ^ input40/A (sky130_fd_sc_hd__clkdlybuf4s25_1)
     5    0.026846    0.438574    0.758426    1.593122 ^ input40/X (sky130_fd_sc_hd__clkdlybuf4s25_1)
                                                         net40 (net)
                      0.438574    0.001177    1.594300 ^ _391_/A_N (sky130_fd_sc_hd__and2b_2)
     1    0.006143    0.085474    0.620130    2.214430 v _391_/X (sky130_fd_sc_hd__and2b_2)
                                                         _112_ (net)
                      0.085474    0.000526    2.214956 v _393_/A2 (sky130_fd_sc_hd__a22o_4)
     2    0.005627    0.066509    0.486866    2.701822 v _393_/X (sky130_fd_sc_hd__a22o_4)
                                                         _114_ (net)
                      0.066509    0.000211    2.702034 v _415_/A1 (sky130_fd_sc_hd__a221o_2)
     2    0.007976    0.116956    0.723192    3.425226 v _415_/X (sky130_fd_sc_hd__a221o_2)
                                                         _134_ (net)
                      0.116956    0.000545    3.425771 v _417_/B (sky130_fd_sc_hd__or2_4)
     2    0.005140    0.082011    0.476266    3.902037 v _417_/X (sky130_fd_sc_hd__or2_4)
                                                         _136_ (net)
                      0.082011    0.000342    3.902380 v _418_/A (sky130_fd_sc_hd__and3_4)
     3    0.018372    0.085966    0.325049    4.227428 v _418_/X (sky130_fd_sc_hd__and3_4)
                                                         _137_ (net)
                      0.086025    0.002152    4.229580 v _420_/A (sky130_fd_sc_hd__or4b_4)
     2    0.011916    0.178411    1.158949    5.388530 v _420_/X (sky130_fd_sc_hd__or4b_4)
                                                         _139_ (net)
                      0.178411    0.000616    5.389146 v _427_/B (sky130_fd_sc_hd__and2_4)
     2    0.011256    0.064687    0.368645    5.757791 v _427_/X (sky130_fd_sc_hd__and2_4)
                                                         _146_ (net)
                      0.064687    0.000820    5.758611 v rebuffer121/A (sky130_fd_sc_hd__buf_8)
     3    0.027889    0.060541    0.238931    5.997542 v rebuffer121/X (sky130_fd_sc_hd__buf_8)
                                                         net121 (net)
                      0.060642    0.002286    5.999828 v _432_/B (sky130_fd_sc_hd__xnor2_4)
     1    0.009763    0.211625    0.241930    6.241758 ^ _432_/Y (sky130_fd_sc_hd__xnor2_4)
                                                         net78 (net)
                      0.211626    0.000933    6.242691 ^ output78/A (sky130_fd_sc_hd__buf_6)
     1    0.034718    0.124230    0.301807    6.544498 ^ output78/X (sky130_fd_sc_hd__buf_6)
                                                         S[20] (net)
                      0.124257    0.001871    6.546369 ^ S[20] (out)
                                              6.546369   data arrival time

                      0.000000    4.000000    4.000000   clock __VIRTUAL_CLK__ (rise edge)
                                  0.000000    4.000000   clock network delay (ideal)
                                 -0.250000    3.750000   clock uncertainty
                                  0.000000    3.750000   clock reconvergence pessimism
                                 -0.800000    2.950000   output external delay
                                              2.950000   data required time
---------------------------------------------------------------------------------------------
                                              2.950000   data required time
                                             -6.546369   data arrival time
---------------------------------------------------------------------------------------------
                                             -3.596369   slack (VIOLATED)


Startpoint: sub (input port clocked by __VIRTUAL_CLK__)
Endpoint: S[15] (output port clocked by __VIRTUAL_CLK__)
Path Group: __VIRTUAL_CLK__
Path Type: max

Fanout         Cap        Slew       Delay        Time   Description
---------------------------------------------------------------------------------------------
                      0.000000    0.000000    0.000000   clock __VIRTUAL_CLK__ (rise edge)
                                  0.000000    0.000000   clock network delay (ideal)
                                  0.800000    0.800000 ^ input external delay
     1    0.008281    0.069426    0.046203    0.846203 ^ sub (in)
                                                         sub (net)
                      0.069430    0.000000    0.846203 ^ input65/A (sky130_fd_sc_hd__buf_8)
     3    0.027840    0.089534    0.201074    1.047278 ^ input65/X (sky130_fd_sc_hd__buf_8)
                                                         net65 (net)
                      0.089603    0.002400    1.049678 ^ fanout107/A (sky130_fd_sc_hd__buf_6)
     3    0.018303    0.077799    0.203720    1.253398 ^ fanout107/X (sky130_fd_sc_hd__buf_6)
                                                         net107 (net)
                      0.077822    0.001340    1.254738 ^ fanout105/A (sky130_fd_sc_hd__buf_8)
     2    0.012688    0.056120    0.176660    1.431398 ^ fanout105/X (sky130_fd_sc_hd__buf_8)
                                                         net105 (net)
                      0.056135    0.000948    1.432346 ^ load_slew106/A (sky130_fd_sc_hd__buf_8)
     4    0.027333    0.088390    0.194161    1.626507 ^ load_slew106/X (sky130_fd_sc_hd__buf_8)
                                                         net106 (net)
                      0.088445    0.002108    1.628615 ^ _666_/A (sky130_fd_sc_hd__inv_8)
     7    0.032220    0.046503    0.082810    1.711425 v _666_/Y (sky130_fd_sc_hd__inv_8)
                                                         _001_ (net)
                      0.046836    0.003330    1.714754 v _364_/D (sky130_fd_sc_hd__or4_4)
     1    0.005218    0.154967    0.876025    2.590779 v _364_/X (sky130_fd_sc_hd__or4_4)
                                                         _087_ (net)
                      0.154967    0.000399    2.591178 v _366_/A1 (sky130_fd_sc_hd__a21o_4)
     2    0.007579    0.064824    0.426345    3.017523 v _366_/X (sky130_fd_sc_hd__a21o_4)
                                                         _089_ (net)
                      0.064824    0.000571    3.018094 v _369_/B (sky130_fd_sc_hd__and3b_2)
     2    0.011179    0.108901    0.473128    3.491222 v _369_/X (sky130_fd_sc_hd__and3b_2)
                                                         _092_ (net)
                      0.108904    0.000779    3.492001 v rebuffer129/A (sky130_fd_sc_hd__buf_6)
     2    0.010206    0.044065    0.238966    3.730968 v rebuffer129/X (sky130_fd_sc_hd__buf_6)
                                                         net129 (net)
                      0.044065    0.000621    3.731589 v _630_/B1 (sky130_fd_sc_hd__a21o_4)
     4    0.019823    0.093708    0.387606    4.119195 v _630_/X (sky130_fd_sc_hd__a21o_4)
                                                         _325_ (net)
                      0.093719    0.001109    4.120304 v _635_/A2 (sky130_fd_sc_hd__a21o_2)
     3    0.010720    0.092735    0.451501    4.571805 v _635_/X (sky130_fd_sc_hd__a21o_2)
                                                         _329_ (net)
                      0.092736    0.000550    4.572355 v _647_/A1 (sky130_fd_sc_hd__a22oi_2)
     2    0.011559    0.329540    0.377287    4.949642 ^ _647_/Y (sky130_fd_sc_hd__a22oi_2)
                                                         _340_ (net)
                      0.329541    0.000783    4.950425 ^ rebuffer200/A (sky130_fd_sc_hd__buf_6)
     4    0.020365    0.085974    0.311243    5.261668 ^ rebuffer200/X (sky130_fd_sc_hd__buf_6)
                                                         net200 (net)
                      0.085995    0.001353    5.263021 ^ _651_/A2 (sky130_fd_sc_hd__o21bai_2)
     1    0.003275    0.096459    0.121129    5.384150 v _651_/Y (sky130_fd_sc_hd__o21bai_2)
                                                         _343_ (net)
                      0.096459    0.000253    5.384403 v _654_/A2 (sky130_fd_sc_hd__a32o_2)
     1    0.008692    0.092798    0.542118    5.926521 v _654_/X (sky130_fd_sc_hd__a32o_2)
                                                         _346_ (net)
                      0.092798    0.000695    5.927217 v _655_/B (sky130_fd_sc_hd__xnor2_2)
     1    0.005079    0.100833    0.258631    6.185848 v _655_/Y (sky130_fd_sc_hd__xnor2_2)
                                                         net72 (net)
                      0.100833    0.000409    6.186257 v output72/A (sky130_fd_sc_hd__buf_6)
     1    0.035720    0.077816    0.275759    6.462016 v output72/X (sky130_fd_sc_hd__buf_6)
                                                         S[15] (net)
                      0.077883    0.002095    6.464110 v S[15] (out)
                                              6.464110   data arrival time

                      0.000000    4.000000    4.000000   clock __VIRTUAL_CLK__ (rise edge)
                                  0.000000    4.000000   clock network delay (ideal)
                                 -0.250000    3.750000   clock uncertainty
                                  0.000000    3.750000   clock reconvergence pessimism
                                 -0.800000    2.950000   output external delay
                                              2.950000   data required time
---------------------------------------------------------------------------------------------
                                              2.950000   data required time
                                             -6.464110   data arrival time
---------------------------------------------------------------------------------------------
                                             -3.514110   slack (VIOLATED)


Startpoint: sub (input port clocked by __VIRTUAL_CLK__)
Endpoint: S[19] (output port clocked by __VIRTUAL_CLK__)
Path Group: __VIRTUAL_CLK__
Path Type: max

Fanout         Cap        Slew       Delay        Time   Description
---------------------------------------------------------------------------------------------
                      0.000000    0.000000    0.000000   clock __VIRTUAL_CLK__ (rise edge)
                                  0.000000    0.000000   clock network delay (ideal)
                                  0.800000    0.800000 ^ input external delay
     1    0.008281    0.069426    0.046203    0.846203 ^ sub (in)
                                                         sub (net)
                      0.069430    0.000000    0.846203 ^ input65/A (sky130_fd_sc_hd__buf_8)
     3    0.027840    0.089534    0.201074    1.047278 ^ input65/X (sky130_fd_sc_hd__buf_8)
                                                         net65 (net)
                      0.089603    0.002400    1.049678 ^ fanout107/A (sky130_fd_sc_hd__buf_6)
     3    0.018303    0.077799    0.203720    1.253398 ^ fanout107/X (sky130_fd_sc_hd__buf_6)
                                                         net107 (net)
                      0.077822    0.001340    1.254738 ^ fanout105/A (sky130_fd_sc_hd__buf_8)
     2    0.012688    0.056120    0.176660    1.431398 ^ fanout105/X (sky130_fd_sc_hd__buf_8)
                                                         net105 (net)
                      0.056135    0.000948    1.432346 ^ load_slew106/A (sky130_fd_sc_hd__buf_8)
     4    0.027333    0.088390    0.194161    1.626507 ^ load_slew106/X (sky130_fd_sc_hd__buf_8)
                                                         net106 (net)
                      0.088445    0.002108    1.628615 ^ _666_/A (sky130_fd_sc_hd__inv_8)
     7    0.032220    0.046503    0.082810    1.711425 v _666_/Y (sky130_fd_sc_hd__inv_8)
                                                         _001_ (net)
                      0.046836    0.003330    1.714754 v _364_/D (sky130_fd_sc_hd__or4_4)
     1    0.005218    0.154967    0.876025    2.590779 v _364_/X (sky130_fd_sc_hd__or4_4)
                                                         _087_ (net)
                      0.154967    0.000399    2.591178 v _366_/A1 (sky130_fd_sc_hd__a21o_4)
     2    0.007579    0.064824    0.426345    3.017523 v _366_/X (sky130_fd_sc_hd__a21o_4)
                                                         _089_ (net)
                      0.064824    0.000550    3.018073 v _367_/A1 (sky130_fd_sc_hd__a21bo_4)
     2    0.009011    0.069603    0.402047    3.420120 v _367_/X (sky130_fd_sc_hd__a21bo_4)
                                                         _090_ (net)
                      0.069603    0.000408    3.420527 v _370_/A1 (sky130_fd_sc_hd__a211o_4)
     2    0.009707    0.090768    0.615952    4.036479 v _370_/X (sky130_fd_sc_hd__a211o_4)
                                                         _093_ (net)
                      0.090768    0.000798    4.037277 v _371_/C (sky130_fd_sc_hd__and3_2)
     5    0.033438    0.195759    0.617495    4.654772 v _371_/X (sky130_fd_sc_hd__and3_2)
                                                         _094_ (net)
                      0.195823    0.003550    4.658321 v _396_/A1 (sky130_fd_sc_hd__o21bai_4)
     5    0.028648    0.355960    0.456645    5.114967 ^ _396_/Y (sky130_fd_sc_hd__o21bai_4)
                                                         _117_ (net)
                      0.355972    0.001684    5.116651 ^ _401_/B (sky130_fd_sc_hd__nand2_2)
     1    0.002489    0.119731    0.178733    5.295385 v _401_/Y (sky130_fd_sc_hd__nand2_2)
                                                         _121_ (net)
                      0.119731    0.000121    5.295506 v _405_/A2 (sky130_fd_sc_hd__a32o_2)
     1    0.009137    0.094657    0.555819    5.851325 v _405_/X (sky130_fd_sc_hd__a32o_2)
                                                         _125_ (net)
                      0.094657    0.000733    5.852057 v _406_/B (sky130_fd_sc_hd__xnor2_2)
     1    0.002388    0.098991    0.239848    6.091906 v _406_/Y (sky130_fd_sc_hd__xnor2_2)
                                                         net76 (net)
                      0.098991    0.000179    6.092085 v output76/A (sky130_fd_sc_hd__clkbuf_2)
     1    0.034780    0.244584    0.369798    6.461882 v output76/X (sky130_fd_sc_hd__clkbuf_2)
                                                         S[19] (net)
                      0.244594    0.001829    6.463712 v S[19] (out)
                                              6.463712   data arrival time

                      0.000000    4.000000    4.000000   clock __VIRTUAL_CLK__ (rise edge)
                                  0.000000    4.000000   clock network delay (ideal)
                                 -0.250000    3.750000   clock uncertainty
                                  0.000000    3.750000   clock reconvergence pessimism
                                 -0.800000    2.950000   output external delay
                                              2.950000   data required time
---------------------------------------------------------------------------------------------
                                              2.950000   data required time
                                             -6.463712   data arrival time
---------------------------------------------------------------------------------------------
                                             -3.513712   slack (VIOLATED)


Startpoint: sub (input port clocked by __VIRTUAL_CLK__)
Endpoint: S[10] (output port clocked by __VIRTUAL_CLK__)
Path Group: __VIRTUAL_CLK__
Path Type: max

Fanout         Cap        Slew       Delay        Time   Description
---------------------------------------------------------------------------------------------
                      0.000000    0.000000    0.000000   clock __VIRTUAL_CLK__ (rise edge)
                                  0.000000    0.000000   clock network delay (ideal)
                                  0.800000    0.800000 v input external delay
     1    0.007680    0.037920    0.025670    0.825670 v sub (in)
                                                         sub (net)
                      0.037926    0.000000    0.825670 v input65/A (sky130_fd_sc_hd__buf_8)
     3    0.027148    0.059768    0.225215    1.050885 v input65/X (sky130_fd_sc_hd__buf_8)
                                                         net65 (net)
                      0.060002    0.003318    1.054203 v fanout110/A (sky130_fd_sc_hd__buf_2)
     5    0.026752    0.136286    0.330582    1.384785 v fanout110/X (sky130_fd_sc_hd__buf_2)
                                                         net110 (net)
                      0.136304    0.001767    1.386552 v load_slew111/A (sky130_fd_sc_hd__buf_6)
     5    0.033325    0.074753    0.290945    1.677497 v load_slew111/X (sky130_fd_sc_hd__buf_6)
                                                         net111 (net)
                      0.074849    0.002406    1.679903 v _704_/A (sky130_fd_sc_hd__or4_4)
     2    0.006975    0.165037    1.118517    2.798420 v _704_/X (sky130_fd_sc_hd__or4_4)
                                                         _039_ (net)
                      0.165037    0.000453    2.798873 v _705_/B1_N (sky130_fd_sc_hd__o21ba_4)
     1    0.009898    0.085987    0.488285    3.287158 ^ _705_/X (sky130_fd_sc_hd__o21ba_4)
                                                         _040_ (net)
                      0.085994    0.000805    3.287963 ^ _708_/B1 (sky130_fd_sc_hd__o32ai_4)
     3    0.015099    0.169513    0.196740    3.484702 v _708_/Y (sky130_fd_sc_hd__o32ai_4)
                                                         _043_ (net)
                      0.169515    0.001099    3.485801 v _611_/B (sky130_fd_sc_hd__and3_4)
     3    0.009701    0.066786    0.384311    3.870111 v _611_/X (sky130_fd_sc_hd__and3_4)
                                                         _310_ (net)
                      0.066786    0.000627    3.870739 v _615_/A2 (sky130_fd_sc_hd__o21a_2)
     1    0.008435    0.084585    0.406910    4.277648 v _615_/X (sky130_fd_sc_hd__o21a_2)
                                                         _313_ (net)
                      0.084588    0.000673    4.278321 v _616_/B1 (sky130_fd_sc_hd__a21oi_4)
     4    0.015035    0.239144    0.266329    4.544651 ^ _616_/Y (sky130_fd_sc_hd__a21oi_4)
                                                         _314_ (net)
                      0.239146    0.001315    4.545966 ^ _620_/A_N (sky130_fd_sc_hd__and3b_2)
     1    0.003258    0.073277    0.510850    5.056816 v _620_/X (sky130_fd_sc_hd__and3b_2)
                                                         _317_ (net)
                      0.073277    0.000232    5.057048 v _624_/B (sky130_fd_sc_hd__or3b_4)
     1    0.008546    0.132391    0.780542    5.837590 v _624_/X (sky130_fd_sc_hd__or3b_4)
                                                         _321_ (net)
                      0.132391    0.000235    5.837825 v _625_/B (sky130_fd_sc_hd__xor2_2)
     1    0.005110    0.112782    0.303401    6.141226 v _625_/X (sky130_fd_sc_hd__xor2_2)
                                                         net67 (net)
                      0.112782    0.000412    6.141638 v output67/A (sky130_fd_sc_hd__buf_6)
     1    0.035314    0.077284    0.281540    6.423178 v output67/X (sky130_fd_sc_hd__buf_6)
                                                         S[10] (net)
                      0.077331    0.001780    6.424958 v S[10] (out)
                                              6.424958   data arrival time

                      0.000000    4.000000    4.000000   clock __VIRTUAL_CLK__ (rise edge)
                                  0.000000    4.000000   clock network delay (ideal)
                                 -0.250000    3.750000   clock uncertainty
                                  0.000000    3.750000   clock reconvergence pessimism
                                 -0.800000    2.950000   output external delay
                                              2.950000   data required time
---------------------------------------------------------------------------------------------
                                              2.950000   data required time
                                             -6.424958   data arrival time
---------------------------------------------------------------------------------------------
                                             -3.474958   slack (VIOLATED)


Startpoint: sub (input port clocked by __VIRTUAL_CLK__)
Endpoint: S[26] (output port clocked by __VIRTUAL_CLK__)
Path Group: __VIRTUAL_CLK__
Path Type: max

Fanout         Cap        Slew       Delay        Time   Description
---------------------------------------------------------------------------------------------
                      0.000000    0.000000    0.000000   clock __VIRTUAL_CLK__ (rise edge)
                                  0.000000    0.000000   clock network delay (ideal)
                                  0.800000    0.800000 ^ input external delay
     1    0.008281    0.069426    0.046203    0.846203 ^ sub (in)
                                                         sub (net)
                      0.069430    0.000000    0.846203 ^ input65/A (sky130_fd_sc_hd__buf_8)
     3    0.027840    0.089534    0.201074    1.047278 ^ input65/X (sky130_fd_sc_hd__buf_8)
                                                         net65 (net)
                      0.089603    0.002400    1.049678 ^ fanout107/A (sky130_fd_sc_hd__buf_6)
     3    0.018303    0.077799    0.203720    1.253398 ^ fanout107/X (sky130_fd_sc_hd__buf_6)
                                                         net107 (net)
                      0.077822    0.001340    1.254738 ^ fanout105/A (sky130_fd_sc_hd__buf_8)
     2    0.012688    0.056120    0.176660    1.431398 ^ fanout105/X (sky130_fd_sc_hd__buf_8)
                                                         net105 (net)
                      0.056135    0.000948    1.432346 ^ load_slew106/A (sky130_fd_sc_hd__buf_8)
     4    0.027333    0.088390    0.194161    1.626507 ^ load_slew106/X (sky130_fd_sc_hd__buf_8)
                                                         net106 (net)
                      0.088445    0.002108    1.628615 ^ _666_/A (sky130_fd_sc_hd__inv_8)
     7    0.032220    0.046503    0.082810    1.711425 v _666_/Y (sky130_fd_sc_hd__inv_8)
                                                         _001_ (net)
                      0.046836    0.003330    1.714754 v _364_/D (sky130_fd_sc_hd__or4_4)
     1    0.005218    0.154967    0.876025    2.590779 v _364_/X (sky130_fd_sc_hd__or4_4)
                                                         _087_ (net)
                      0.154967    0.000399    2.591178 v _366_/A1 (sky130_fd_sc_hd__a21o_4)
     2    0.007579    0.064824    0.426345    3.017523 v _366_/X (sky130_fd_sc_hd__a21o_4)
                                                         _089_ (net)
                      0.064824    0.000550    3.018073 v _367_/A1 (sky130_fd_sc_hd__a21bo_4)
     2    0.009011    0.069603    0.402047    3.420120 v _367_/X (sky130_fd_sc_hd__a21bo_4)
                                                         _090_ (net)
                      0.069603    0.000408    3.420527 v _370_/A1 (sky130_fd_sc_hd__a211o_4)
     2    0.009707    0.090768    0.615952    4.036479 v _370_/X (sky130_fd_sc_hd__a211o_4)
                                                         _093_ (net)
                      0.090768    0.000897    4.037377 v _466_/A2 (sky130_fd_sc_hd__a311o_4)
     3    0.016002    0.120476    0.757178    4.794555 v _466_/X (sky130_fd_sc_hd__a311o_4)
                                                         _181_ (net)
                      0.120476    0.001108    4.795663 v _496_/A2 (sky130_fd_sc_hd__a21o_4)
     3    0.010084    0.070057    0.442205    5.237868 v _496_/X (sky130_fd_sc_hd__a21o_4)
                                                         _209_ (net)
                      0.070057    0.000373    5.238242 v rebuffer128/A (sky130_fd_sc_hd__buf_2)
     3    0.013778    0.088036    0.288385    5.526627 v rebuffer128/X (sky130_fd_sc_hd__buf_2)
                                                         net128 (net)
                      0.088039    0.000656    5.527282 v _497_/B (sky130_fd_sc_hd__nand2_2)
     1    0.009928    0.108623    0.147841    5.675124 ^ _497_/Y (sky130_fd_sc_hd__nand2_2)
                                                         _210_ (net)
                      0.108627    0.000834    5.675958 ^ _500_/A (sky130_fd_sc_hd__xnor2_2)
     1    0.007023    0.225372    0.245155    5.921113 ^ _500_/Y (sky130_fd_sc_hd__xnor2_2)
                                                         net84 (net)
                      0.225373    0.000526    5.921639 ^ output84/A (sky130_fd_sc_hd__buf_6)
     1    0.034994    0.125090    0.308705    6.230344 ^ output84/X (sky130_fd_sc_hd__buf_6)
                                                         S[26] (net)
                      0.125122    0.002043    6.232387 ^ S[26] (out)
                                              6.232387   data arrival time

                      0.000000    4.000000    4.000000   clock __VIRTUAL_CLK__ (rise edge)
                                  0.000000    4.000000   clock network delay (ideal)
                                 -0.250000    3.750000   clock uncertainty
                                  0.000000    3.750000   clock reconvergence pessimism
                                 -0.800000    2.950000   output external delay
                                              2.950000   data required time
---------------------------------------------------------------------------------------------
                                              2.950000   data required time
                                             -6.232387   data arrival time
---------------------------------------------------------------------------------------------
                                             -3.282387   slack (VIOLATED)


Startpoint: sub (input port clocked by __VIRTUAL_CLK__)
Endpoint: S[24] (output port clocked by __VIRTUAL_CLK__)
Path Group: __VIRTUAL_CLK__
Path Type: max

Fanout         Cap        Slew       Delay        Time   Description
---------------------------------------------------------------------------------------------
                      0.000000    0.000000    0.000000   clock __VIRTUAL_CLK__ (rise edge)
                                  0.000000    0.000000   clock network delay (ideal)
                                  0.800000    0.800000 ^ input external delay
     1    0.008281    0.069426    0.046203    0.846203 ^ sub (in)
                                                         sub (net)
                      0.069430    0.000000    0.846203 ^ input65/A (sky130_fd_sc_hd__buf_8)
     3    0.027840    0.089534    0.201074    1.047278 ^ input65/X (sky130_fd_sc_hd__buf_8)
                                                         net65 (net)
                      0.089603    0.002400    1.049678 ^ fanout107/A (sky130_fd_sc_hd__buf_6)
     3    0.018303    0.077799    0.203720    1.253398 ^ fanout107/X (sky130_fd_sc_hd__buf_6)
                                                         net107 (net)
                      0.077822    0.001340    1.254738 ^ fanout105/A (sky130_fd_sc_hd__buf_8)
     2    0.012688    0.056120    0.176660    1.431398 ^ fanout105/X (sky130_fd_sc_hd__buf_8)
                                                         net105 (net)
                      0.056135    0.000948    1.432346 ^ load_slew106/A (sky130_fd_sc_hd__buf_8)
     4    0.027333    0.088390    0.194161    1.626507 ^ load_slew106/X (sky130_fd_sc_hd__buf_8)
                                                         net106 (net)
                      0.088445    0.002108    1.628615 ^ _666_/A (sky130_fd_sc_hd__inv_8)
     7    0.032220    0.046503    0.082810    1.711425 v _666_/Y (sky130_fd_sc_hd__inv_8)
                                                         _001_ (net)
                      0.046836    0.003330    1.714754 v _364_/D (sky130_fd_sc_hd__or4_4)
     1    0.005218    0.154967    0.876025    2.590779 v _364_/X (sky130_fd_sc_hd__or4_4)
                                                         _087_ (net)
                      0.154967    0.000399    2.591178 v _366_/A1 (sky130_fd_sc_hd__a21o_4)
     2    0.007579    0.064824    0.426345    3.017523 v _366_/X (sky130_fd_sc_hd__a21o_4)
                                                         _089_ (net)
                      0.064824    0.000550    3.018073 v _367_/A1 (sky130_fd_sc_hd__a21bo_4)
     2    0.009011    0.069603    0.402047    3.420120 v _367_/X (sky130_fd_sc_hd__a21bo_4)
                                                         _090_ (net)
                      0.069603    0.000408    3.420527 v _370_/A1 (sky130_fd_sc_hd__a211o_4)
     2    0.009707    0.090768    0.615952    4.036479 v _370_/X (sky130_fd_sc_hd__a211o_4)
                                                         _093_ (net)
                      0.090768    0.000897    4.037377 v _466_/A2 (sky130_fd_sc_hd__a311o_4)
     3    0.016002    0.120476    0.757178    4.794555 v _466_/X (sky130_fd_sc_hd__a311o_4)
                                                         _181_ (net)
                      0.120476    0.001112    4.795667 v rebuffer167/A (sky130_fd_sc_hd__buf_2)
     2    0.007754    0.063540    0.287366    5.083033 v rebuffer167/X (sky130_fd_sc_hd__buf_2)
                                                         net167 (net)
                      0.063540    0.000262    5.083295 v rebuffer124/A (sky130_fd_sc_hd__buf_4)
     1    0.017858    0.072526    0.281142    5.364437 v rebuffer124/X (sky130_fd_sc_hd__buf_4)
                                                         net124 (net)
                      0.072559    0.001529    5.365965 v _476_/A (sky130_fd_sc_hd__nand2_8)
     5    0.027867    0.108612    0.125466    5.491431 ^ _476_/Y (sky130_fd_sc_hd__nand2_8)
                                                         _191_ (net)
                      0.108882    0.003051    5.494483 ^ _479_/A (sky130_fd_sc_hd__xnor2_2)
     1    0.008751    0.254558    0.255964    5.750446 ^ _479_/Y (sky130_fd_sc_hd__xnor2_2)
                                                         net82 (net)
                      0.254558    0.000706    5.751153 ^ output82/A (sky130_fd_sc_hd__buf_6)
     1    0.035302    0.126333    0.320044    6.071196 ^ output82/X (sky130_fd_sc_hd__buf_6)
                                                         S[24] (net)
                      0.126366    0.002051    6.073247 ^ S[24] (out)
                                              6.073247   data arrival time

                      0.000000    4.000000    4.000000   clock __VIRTUAL_CLK__ (rise edge)
                                  0.000000    4.000000   clock network delay (ideal)
                                 -0.250000    3.750000   clock uncertainty
                                  0.000000    3.750000   clock reconvergence pessimism
                                 -0.800000    2.950000   output external delay
                                              2.950000   data required time
---------------------------------------------------------------------------------------------
                                              2.950000   data required time
                                             -6.073247   data arrival time
---------------------------------------------------------------------------------------------
                                             -3.123248   slack (VIOLATED)


Startpoint: sub (input port clocked by __VIRTUAL_CLK__)
Endpoint: S[28] (output port clocked by __VIRTUAL_CLK__)
Path Group: __VIRTUAL_CLK__
Path Type: max

Fanout         Cap        Slew       Delay        Time   Description
---------------------------------------------------------------------------------------------
                      0.000000    0.000000    0.000000   clock __VIRTUAL_CLK__ (rise edge)
                                  0.000000    0.000000   clock network delay (ideal)
                                  0.800000    0.800000 ^ input external delay
     1    0.008281    0.069426    0.046203    0.846203 ^ sub (in)
                                                         sub (net)
                      0.069430    0.000000    0.846203 ^ input65/A (sky130_fd_sc_hd__buf_8)
     3    0.027840    0.089534    0.201074    1.047278 ^ input65/X (sky130_fd_sc_hd__buf_8)
                                                         net65 (net)
                      0.089603    0.002400    1.049678 ^ fanout107/A (sky130_fd_sc_hd__buf_6)
     3    0.018303    0.077799    0.203720    1.253398 ^ fanout107/X (sky130_fd_sc_hd__buf_6)
                                                         net107 (net)
                      0.077822    0.001340    1.254738 ^ fanout105/A (sky130_fd_sc_hd__buf_8)
     2    0.012688    0.056120    0.176660    1.431398 ^ fanout105/X (sky130_fd_sc_hd__buf_8)
                                                         net105 (net)
                      0.056135    0.000948    1.432346 ^ load_slew106/A (sky130_fd_sc_hd__buf_8)
     4    0.027333    0.088390    0.194161    1.626507 ^ load_slew106/X (sky130_fd_sc_hd__buf_8)
                                                         net106 (net)
                      0.088445    0.002108    1.628615 ^ _666_/A (sky130_fd_sc_hd__inv_8)
     7    0.032220    0.046503    0.082810    1.711425 v _666_/Y (sky130_fd_sc_hd__inv_8)
                                                         _001_ (net)
                      0.046836    0.003330    1.714754 v _364_/D (sky130_fd_sc_hd__or4_4)
     1    0.005218    0.154967    0.876025    2.590779 v _364_/X (sky130_fd_sc_hd__or4_4)
                                                         _087_ (net)
                      0.154967    0.000399    2.591178 v _366_/A1 (sky130_fd_sc_hd__a21o_4)
     2    0.007579    0.064824    0.426345    3.017523 v _366_/X (sky130_fd_sc_hd__a21o_4)
                                                         _089_ (net)
                      0.064824    0.000550    3.018073 v _367_/A1 (sky130_fd_sc_hd__a21bo_4)
     2    0.009011    0.069603    0.402047    3.420120 v _367_/X (sky130_fd_sc_hd__a21bo_4)
                                                         _090_ (net)
                      0.069603    0.000408    3.420527 v _370_/A1 (sky130_fd_sc_hd__a211o_4)
     2    0.009707    0.090768    0.615952    4.036479 v _370_/X (sky130_fd_sc_hd__a211o_4)
                                                         _093_ (net)
                      0.090768    0.000897    4.037377 v _466_/A2 (sky130_fd_sc_hd__a311o_4)
     3    0.016002    0.120476    0.757178    4.794555 v _466_/X (sky130_fd_sc_hd__a311o_4)
                                                         _181_ (net)
                      0.120476    0.001370    4.795925 v _523_/A1 (sky130_fd_sc_hd__a21bo_2)
     4    0.016703    0.124311    0.470869    5.266794 v _523_/X (sky130_fd_sc_hd__a21bo_2)
                                                         _234_ (net)
                      0.124320    0.001148    5.267943 v _524_/B (sky130_fd_sc_hd__nand2_2)
     2    0.014206    0.154638    0.191631    5.459574 ^ _524_/Y (sky130_fd_sc_hd__nand2_2)
                                                         _235_ (net)
                      0.154643    0.001172    5.460746 ^ _530_/A (sky130_fd_sc_hd__xnor2_2)
     1    0.008989    0.258476    0.275094    5.735839 ^ _530_/Y (sky130_fd_sc_hd__xnor2_2)
                                                         net86 (net)
                      0.258487    0.000806    5.736646 ^ output86/A (sky130_fd_sc_hd__buf_6)
     1    0.035477    0.126891    0.321862    6.058507 ^ output86/X (sky130_fd_sc_hd__buf_6)
                                                         S[28] (net)
                      0.126924    0.002069    6.060576 ^ S[28] (out)
                                              6.060576   data arrival time

                      0.000000    4.000000    4.000000   clock __VIRTUAL_CLK__ (rise edge)
                                  0.000000    4.000000   clock network delay (ideal)
                                 -0.250000    3.750000   clock uncertainty
                                  0.000000    3.750000   clock reconvergence pessimism
                                 -0.800000    2.950000   output external delay
                                              2.950000   data required time
---------------------------------------------------------------------------------------------
                                              2.950000   data required time
                                             -6.060576   data arrival time
---------------------------------------------------------------------------------------------
                                             -3.110577   slack (VIOLATED)


Startpoint: sub (input port clocked by __VIRTUAL_CLK__)
Endpoint: S[18] (output port clocked by __VIRTUAL_CLK__)
Path Group: __VIRTUAL_CLK__
Path Type: max

Fanout         Cap        Slew       Delay        Time   Description
---------------------------------------------------------------------------------------------
                      0.000000    0.000000    0.000000   clock __VIRTUAL_CLK__ (rise edge)
                                  0.000000    0.000000   clock network delay (ideal)
                                  0.800000    0.800000 ^ input external delay
     1    0.008281    0.069426    0.046203    0.846203 ^ sub (in)
                                                         sub (net)
                      0.069430    0.000000    0.846203 ^ input65/A (sky130_fd_sc_hd__buf_8)
     3    0.027840    0.089534    0.201074    1.047278 ^ input65/X (sky130_fd_sc_hd__buf_8)
                                                         net65 (net)
                      0.089603    0.002400    1.049678 ^ fanout107/A (sky130_fd_sc_hd__buf_6)
     3    0.018303    0.077799    0.203720    1.253398 ^ fanout107/X (sky130_fd_sc_hd__buf_6)
                                                         net107 (net)
                      0.077822    0.001340    1.254738 ^ fanout105/A (sky130_fd_sc_hd__buf_8)
     2    0.012688    0.056120    0.176660    1.431398 ^ fanout105/X (sky130_fd_sc_hd__buf_8)
                                                         net105 (net)
                      0.056135    0.000948    1.432346 ^ load_slew106/A (sky130_fd_sc_hd__buf_8)
     4    0.027333    0.088390    0.194161    1.626507 ^ load_slew106/X (sky130_fd_sc_hd__buf_8)
                                                         net106 (net)
                      0.088445    0.002108    1.628615 ^ _666_/A (sky130_fd_sc_hd__inv_8)
     7    0.032220    0.046503    0.082810    1.711425 v _666_/Y (sky130_fd_sc_hd__inv_8)
                                                         _001_ (net)
                      0.046836    0.003330    1.714754 v _364_/D (sky130_fd_sc_hd__or4_4)
     1    0.005218    0.154967    0.876025    2.590779 v _364_/X (sky130_fd_sc_hd__or4_4)
                                                         _087_ (net)
                      0.154967    0.000399    2.591178 v _366_/A1 (sky130_fd_sc_hd__a21o_4)
     2    0.007579    0.064824    0.426345    3.017523 v _366_/X (sky130_fd_sc_hd__a21o_4)
                                                         _089_ (net)
                      0.064824    0.000550    3.018073 v _367_/A1 (sky130_fd_sc_hd__a21bo_4)
     2    0.009011    0.069603    0.402047    3.420120 v _367_/X (sky130_fd_sc_hd__a21bo_4)
                                                         _090_ (net)
                      0.069603    0.000408    3.420527 v _370_/A1 (sky130_fd_sc_hd__a211o_4)
     2    0.009707    0.090768    0.615952    4.036479 v _370_/X (sky130_fd_sc_hd__a211o_4)
                                                         _093_ (net)
                      0.090768    0.000798    4.037277 v _371_/C (sky130_fd_sc_hd__and3_2)
     5    0.033438    0.195759    0.617495    4.654772 v _371_/X (sky130_fd_sc_hd__and3_2)
                                                         _094_ (net)
                      0.195823    0.003550    4.658321 v _396_/A1 (sky130_fd_sc_hd__o21bai_4)
     5    0.028648    0.355960    0.456645    5.114967 ^ _396_/Y (sky130_fd_sc_hd__o21bai_4)
                                                         _117_ (net)
                      0.355966    0.001216    5.116183 ^ _399_/A (sky130_fd_sc_hd__xnor2_2)
     1    0.005141    0.193484    0.319300    5.435483 ^ _399_/Y (sky130_fd_sc_hd__xnor2_2)
                                                         net75 (net)
                      0.193484    0.000391    5.435874 ^ output75/A (sky130_fd_sc_hd__buf_4)
     1    0.035094    0.168398    0.356787    5.792661 ^ output75/X (sky130_fd_sc_hd__buf_4)
                                                         S[18] (net)
                      0.168418    0.002000    5.794661 ^ S[18] (out)
                                              5.794661   data arrival time

                      0.000000    4.000000    4.000000   clock __VIRTUAL_CLK__ (rise edge)
                                  0.000000    4.000000   clock network delay (ideal)
                                 -0.250000    3.750000   clock uncertainty
                                  0.000000    3.750000   clock reconvergence pessimism
                                 -0.800000    2.950000   output external delay
                                              2.950000   data required time
---------------------------------------------------------------------------------------------
                                              2.950000   data required time
                                             -5.794661   data arrival time
---------------------------------------------------------------------------------------------
                                             -2.844661   slack (VIOLATED)


Startpoint: sub (input port clocked by __VIRTUAL_CLK__)
Endpoint: S[14] (output port clocked by __VIRTUAL_CLK__)
Path Group: __VIRTUAL_CLK__
Path Type: max

Fanout         Cap        Slew       Delay        Time   Description
---------------------------------------------------------------------------------------------
                      0.000000    0.000000    0.000000   clock __VIRTUAL_CLK__ (rise edge)
                                  0.000000    0.000000   clock network delay (ideal)
                                  0.800000    0.800000 ^ input external delay
     1    0.008281    0.069426    0.046203    0.846203 ^ sub (in)
                                                         sub (net)
                      0.069430    0.000000    0.846203 ^ input65/A (sky130_fd_sc_hd__buf_8)
     3    0.027840    0.089534    0.201074    1.047278 ^ input65/X (sky130_fd_sc_hd__buf_8)
                                                         net65 (net)
                      0.089603    0.002400    1.049678 ^ fanout107/A (sky130_fd_sc_hd__buf_6)
     3    0.018303    0.077799    0.203720    1.253398 ^ fanout107/X (sky130_fd_sc_hd__buf_6)
                                                         net107 (net)
                      0.077822    0.001340    1.254738 ^ fanout105/A (sky130_fd_sc_hd__buf_8)
     2    0.012688    0.056120    0.176660    1.431398 ^ fanout105/X (sky130_fd_sc_hd__buf_8)
                                                         net105 (net)
                      0.056135    0.000948    1.432346 ^ load_slew106/A (sky130_fd_sc_hd__buf_8)
     4    0.027333    0.088390    0.194161    1.626507 ^ load_slew106/X (sky130_fd_sc_hd__buf_8)
                                                         net106 (net)
                      0.088445    0.002108    1.628615 ^ _666_/A (sky130_fd_sc_hd__inv_8)
     7    0.032220    0.046503    0.082810    1.711425 v _666_/Y (sky130_fd_sc_hd__inv_8)
                                                         _001_ (net)
                      0.046836    0.003330    1.714754 v _364_/D (sky130_fd_sc_hd__or4_4)
     1    0.005218    0.154967    0.876025    2.590779 v _364_/X (sky130_fd_sc_hd__or4_4)
                                                         _087_ (net)
                      0.154967    0.000399    2.591178 v _366_/A1 (sky130_fd_sc_hd__a21o_4)
     2    0.007579    0.064824    0.426345    3.017523 v _366_/X (sky130_fd_sc_hd__a21o_4)
                                                         _089_ (net)
                      0.064824    0.000571    3.018094 v _369_/B (sky130_fd_sc_hd__and3b_2)
     2    0.011179    0.108901    0.473128    3.491222 v _369_/X (sky130_fd_sc_hd__and3b_2)
                                                         _092_ (net)
                      0.108904    0.000779    3.492001 v rebuffer129/A (sky130_fd_sc_hd__buf_6)
     2    0.010206    0.044065    0.238966    3.730968 v rebuffer129/X (sky130_fd_sc_hd__buf_6)
                                                         net129 (net)
                      0.044065    0.000621    3.731589 v _630_/B1 (sky130_fd_sc_hd__a21o_4)
     4    0.019823    0.093708    0.387606    4.119195 v _630_/X (sky130_fd_sc_hd__a21o_4)
                                                         _325_ (net)
                      0.093719    0.001109    4.120304 v _635_/A2 (sky130_fd_sc_hd__a21o_2)
     3    0.010720    0.092735    0.451501    4.571805 v _635_/X (sky130_fd_sc_hd__a21o_2)
                                                         _329_ (net)
                      0.092736    0.000550    4.572355 v _647_/A1 (sky130_fd_sc_hd__a22oi_2)
     2    0.011559    0.329540    0.377287    4.949642 ^ _647_/Y (sky130_fd_sc_hd__a22oi_2)
                                                         _340_ (net)
                      0.329541    0.000743    4.950384 ^ rebuffer199/A (sky130_fd_sc_hd__buf_6)
     1    0.009771    0.057564    0.284170    5.234555 ^ rebuffer199/X (sky130_fd_sc_hd__buf_6)
                                                         net199 (net)
                      0.057564    0.000806    5.235360 ^ _649_/A (sky130_fd_sc_hd__xnor2_2)
     1    0.007078    0.226330    0.225010    5.460370 ^ _649_/Y (sky130_fd_sc_hd__xnor2_2)
                                                         net71 (net)
                      0.226330    0.000546    5.460917 ^ output71/A (sky130_fd_sc_hd__buf_6)
     1    0.036138    0.128450    0.311562    5.772478 ^ output71/X (sky130_fd_sc_hd__buf_6)
                                                         S[14] (net)
                      0.128487    0.002196    5.774675 ^ S[14] (out)
                                              5.774675   data arrival time

                      0.000000    4.000000    4.000000   clock __VIRTUAL_CLK__ (rise edge)
                                  0.000000    4.000000   clock network delay (ideal)
                                 -0.250000    3.750000   clock uncertainty
                                  0.000000    3.750000   clock reconvergence pessimism
                                 -0.800000    2.950000   output external delay
                                              2.950000   data required time
---------------------------------------------------------------------------------------------
                                              2.950000   data required time
                                             -5.774675   data arrival time
---------------------------------------------------------------------------------------------
                                             -2.824675   slack (VIOLATED)


Startpoint: sub (input port clocked by __VIRTUAL_CLK__)
Endpoint: S[11] (output port clocked by __VIRTUAL_CLK__)
Path Group: __VIRTUAL_CLK__
Path Type: max

Fanout         Cap        Slew       Delay        Time   Description
---------------------------------------------------------------------------------------------
                      0.000000    0.000000    0.000000   clock __VIRTUAL_CLK__ (rise edge)
                                  0.000000    0.000000   clock network delay (ideal)
                                  0.800000    0.800000 v input external delay
     1    0.007680    0.037920    0.025670    0.825670 v sub (in)
                                                         sub (net)
                      0.037926    0.000000    0.825670 v input65/A (sky130_fd_sc_hd__buf_8)
     3    0.027148    0.059768    0.225215    1.050885 v input65/X (sky130_fd_sc_hd__buf_8)
                                                         net65 (net)
                      0.060002    0.003318    1.054203 v fanout110/A (sky130_fd_sc_hd__buf_2)
     5    0.026752    0.136286    0.330582    1.384785 v fanout110/X (sky130_fd_sc_hd__buf_2)
                                                         net110 (net)
                      0.136304    0.001767    1.386552 v load_slew111/A (sky130_fd_sc_hd__buf_6)
     5    0.033325    0.074753    0.290945    1.677497 v load_slew111/X (sky130_fd_sc_hd__buf_6)
                                                         net111 (net)
                      0.074849    0.002406    1.679903 v _704_/A (sky130_fd_sc_hd__or4_4)
     2    0.006975    0.165037    1.118517    2.798420 v _704_/X (sky130_fd_sc_hd__or4_4)
                                                         _039_ (net)
                      0.165037    0.000453    2.798873 v _705_/B1_N (sky130_fd_sc_hd__o21ba_4)
     1    0.009898    0.085987    0.488285    3.287158 ^ _705_/X (sky130_fd_sc_hd__o21ba_4)
                                                         _040_ (net)
                      0.085994    0.000805    3.287963 ^ _708_/B1 (sky130_fd_sc_hd__o32ai_4)
     3    0.015099    0.169513    0.196740    3.484702 v _708_/Y (sky130_fd_sc_hd__o32ai_4)
                                                         _043_ (net)
                      0.169515    0.001099    3.485801 v _611_/B (sky130_fd_sc_hd__and3_4)
     3    0.009701    0.066786    0.384311    3.870111 v _611_/X (sky130_fd_sc_hd__and3_4)
                                                         _310_ (net)
                      0.066786    0.000627    3.870739 v _615_/A2 (sky130_fd_sc_hd__o21a_2)
     1    0.008435    0.084585    0.406910    4.277648 v _615_/X (sky130_fd_sc_hd__o21a_2)
                                                         _313_ (net)
                      0.084588    0.000673    4.278321 v _616_/B1 (sky130_fd_sc_hd__a21oi_4)
     4    0.015035    0.239144    0.266329    4.544651 ^ _616_/Y (sky130_fd_sc_hd__a21oi_4)
                                                         _314_ (net)
                      0.239146    0.001130    4.545780 ^ rebuffer149/A (sky130_fd_sc_hd__buf_6)
     2    0.013635    0.065737    0.261615    4.807395 ^ rebuffer149/X (sky130_fd_sc_hd__buf_6)
                                                         net149 (net)
                      0.065745    0.000737    4.808132 ^ _627_/A2 (sky130_fd_sc_hd__a21bo_2)
     1    0.009411    0.106189    0.300187    5.108319 ^ _627_/X (sky130_fd_sc_hd__a21bo_2)
                                                         _323_ (net)
                      0.106191    0.000757    5.109076 ^ _629_/A (sky130_fd_sc_hd__xnor2_2)
     1    0.005441    0.198693    0.234337    5.343413 ^ _629_/Y (sky130_fd_sc_hd__xnor2_2)
                                                         net68 (net)
                      0.198694    0.000442    5.343855 ^ output68/A (sky130_fd_sc_hd__buf_6)
     1    0.035246    0.125736    0.296835    5.640690 ^ output68/X (sky130_fd_sc_hd__buf_6)
                                                         S[11] (net)
                      0.125762    0.001855    5.642545 ^ S[11] (out)
                                              5.642545   data arrival time

                      0.000000    4.000000    4.000000   clock __VIRTUAL_CLK__ (rise edge)
                                  0.000000    4.000000   clock network delay (ideal)
                                 -0.250000    3.750000   clock uncertainty
                                  0.000000    3.750000   clock reconvergence pessimism
                                 -0.800000    2.950000   output external delay
                                              2.950000   data required time
---------------------------------------------------------------------------------------------
                                              2.950000   data required time
                                             -5.642545   data arrival time
---------------------------------------------------------------------------------------------
                                             -2.692545   slack (VIOLATED)


Startpoint: sub (input port clocked by __VIRTUAL_CLK__)
Endpoint: S[5] (output port clocked by __VIRTUAL_CLK__)
Path Group: __VIRTUAL_CLK__
Path Type: max

Fanout         Cap        Slew       Delay        Time   Description
---------------------------------------------------------------------------------------------
                      0.000000    0.000000    0.000000   clock __VIRTUAL_CLK__ (rise edge)
                                  0.000000    0.000000   clock network delay (ideal)
                                  0.800000    0.800000 ^ input external delay
     1    0.008281    0.069426    0.046203    0.846203 ^ sub (in)
                                                         sub (net)
                      0.069430    0.000000    0.846203 ^ input65/A (sky130_fd_sc_hd__buf_8)
     3    0.027840    0.089534    0.201074    1.047278 ^ input65/X (sky130_fd_sc_hd__buf_8)
                                                         net65 (net)
                      0.089603    0.002400    1.049678 ^ fanout107/A (sky130_fd_sc_hd__buf_6)
     3    0.018303    0.077799    0.203720    1.253398 ^ fanout107/X (sky130_fd_sc_hd__buf_6)
                                                         net107 (net)
                      0.077822    0.001340    1.254738 ^ fanout105/A (sky130_fd_sc_hd__buf_8)
     2    0.012688    0.056120    0.176660    1.431398 ^ fanout105/X (sky130_fd_sc_hd__buf_8)
                                                         net105 (net)
                      0.056135    0.000948    1.432346 ^ load_slew106/A (sky130_fd_sc_hd__buf_8)
     4    0.027333    0.088390    0.194161    1.626507 ^ load_slew106/X (sky130_fd_sc_hd__buf_8)
                                                         net106 (net)
                      0.088445    0.002108    1.628615 ^ _666_/A (sky130_fd_sc_hd__inv_8)
     7    0.032220    0.046503    0.082810    1.711425 v _666_/Y (sky130_fd_sc_hd__inv_8)
                                                         _001_ (net)
                      0.046531    0.000998    1.712423 v _667_/A (sky130_fd_sc_hd__buf_6)
     5    0.030323    0.070927    0.242751    1.955174 v _667_/X (sky130_fd_sc_hd__buf_6)
                                                         _002_ (net)
                      0.070977    0.001727    1.956901 v max_cap102/A (sky130_fd_sc_hd__buf_8)
     6    0.038459    0.073359    0.254940    2.211841 v max_cap102/X (sky130_fd_sc_hd__buf_8)
                                                         net102 (net)
                      0.073479    0.002780    2.214621 v _688_/A3 (sky130_fd_sc_hd__o31a_4)
     2    0.013017    0.105302    0.572723    2.787343 v _688_/X (sky130_fd_sc_hd__o31a_4)
                                                         _023_ (net)
                      0.105302    0.000786    2.788130 v _585_/B (sky130_fd_sc_hd__or3_4)
     2    0.013526    0.143762    0.813219    3.601349 v _585_/X (sky130_fd_sc_hd__or3_4)
                                                         _288_ (net)
                      0.143762    0.000833    3.602182 v rebuffer172/A (sky130_fd_sc_hd__buf_6)
     1    0.007787    0.041029    0.252459    3.854640 v rebuffer172/X (sky130_fd_sc_hd__buf_6)
                                                         net172 (net)
                      0.041030    0.000624    3.855264 v rebuffer171/A (sky130_fd_sc_hd__buf_8)
     3    0.029835    0.062660    0.230198    4.085462 v rebuffer171/X (sky130_fd_sc_hd__buf_8)
                                                         net171 (net)
                      0.062779    0.002498    4.087960 v _588_/B (sky130_fd_sc_hd__nand2_4)
     3    0.015464    0.111205    0.132672    4.220632 ^ _588_/Y (sky130_fd_sc_hd__nand2_4)
                                                         _290_ (net)
                      0.111210    0.000898    4.221529 ^ _591_/B (sky130_fd_sc_hd__nand2_2)
     1    0.003425    0.064537    0.113858    4.335387 v _591_/Y (sky130_fd_sc_hd__nand2_2)
                                                         _293_ (net)
                      0.064537    0.000158    4.335545 v _592_/C (sky130_fd_sc_hd__and3_4)
     1    0.005187    0.056215    0.333350    4.668895 v _592_/X (sky130_fd_sc_hd__and3_4)
                                                         _294_ (net)
                      0.056215    0.000394    4.669289 v _593_/B1 (sky130_fd_sc_hd__a31o_4)
     1    0.008260    0.068594    0.395340    5.064629 v _593_/X (sky130_fd_sc_hd__a31o_4)
                                                         _295_ (net)
                      0.068787    0.000470    5.065099 v _594_/B (sky130_fd_sc_hd__xor2_2)
     1    0.005092    0.103967    0.276984    5.342083 v _594_/X (sky130_fd_sc_hd__xor2_2)
                                                         net93 (net)
                      0.103967    0.000397    5.342480 v output93/A (sky130_fd_sc_hd__buf_6)
     1    0.035311    0.077289    0.276926    5.619406 v output93/X (sky130_fd_sc_hd__buf_6)
                                                         S[5] (net)
                      0.077348    0.001979    5.621385 v S[5] (out)
                                              5.621385   data arrival time

                      0.000000    4.000000    4.000000   clock __VIRTUAL_CLK__ (rise edge)
                                  0.000000    4.000000   clock network delay (ideal)
                                 -0.250000    3.750000   clock uncertainty
                                  0.000000    3.750000   clock reconvergence pessimism
                                 -0.800000    2.950000   output external delay
                                              2.950000   data required time
---------------------------------------------------------------------------------------------
                                              2.950000   data required time
                                             -5.621385   data arrival time
---------------------------------------------------------------------------------------------
                                             -2.671385   slack (VIOLATED)


Startpoint: sub (input port clocked by __VIRTUAL_CLK__)
Endpoint: S[6] (output port clocked by __VIRTUAL_CLK__)
Path Group: __VIRTUAL_CLK__
Path Type: max

Fanout         Cap        Slew       Delay        Time   Description
---------------------------------------------------------------------------------------------
                      0.000000    0.000000    0.000000   clock __VIRTUAL_CLK__ (rise edge)
                                  0.000000    0.000000   clock network delay (ideal)
                                  0.800000    0.800000 ^ input external delay
     1    0.008281    0.069426    0.046203    0.846203 ^ sub (in)
                                                         sub (net)
                      0.069430    0.000000    0.846203 ^ input65/A (sky130_fd_sc_hd__buf_8)
     3    0.027840    0.089534    0.201074    1.047278 ^ input65/X (sky130_fd_sc_hd__buf_8)
                                                         net65 (net)
                      0.089603    0.002400    1.049678 ^ fanout107/A (sky130_fd_sc_hd__buf_6)
     3    0.018303    0.077799    0.203720    1.253398 ^ fanout107/X (sky130_fd_sc_hd__buf_6)
                                                         net107 (net)
                      0.077822    0.001340    1.254738 ^ fanout105/A (sky130_fd_sc_hd__buf_8)
     2    0.012688    0.056120    0.176660    1.431398 ^ fanout105/X (sky130_fd_sc_hd__buf_8)
                                                         net105 (net)
                      0.056135    0.000948    1.432346 ^ load_slew106/A (sky130_fd_sc_hd__buf_8)
     4    0.027333    0.088390    0.194161    1.626507 ^ load_slew106/X (sky130_fd_sc_hd__buf_8)
                                                         net106 (net)
                      0.088445    0.002108    1.628615 ^ _666_/A (sky130_fd_sc_hd__inv_8)
     7    0.032220    0.046503    0.082810    1.711425 v _666_/Y (sky130_fd_sc_hd__inv_8)
                                                         _001_ (net)
                      0.046531    0.000998    1.712423 v _667_/A (sky130_fd_sc_hd__buf_6)
     5    0.030323    0.070927    0.242751    1.955174 v _667_/X (sky130_fd_sc_hd__buf_6)
                                                         _002_ (net)
                      0.070977    0.001727    1.956901 v max_cap102/A (sky130_fd_sc_hd__buf_8)
     6    0.038459    0.073359    0.254940    2.211841 v max_cap102/X (sky130_fd_sc_hd__buf_8)
                                                         net102 (net)
                      0.073479    0.002780    2.214621 v _688_/A3 (sky130_fd_sc_hd__o31a_4)
     2    0.013017    0.105302    0.572723    2.787343 v _688_/X (sky130_fd_sc_hd__o31a_4)
                                                         _023_ (net)
                      0.105302    0.000786    2.788130 v _585_/B (sky130_fd_sc_hd__or3_4)
     2    0.013526    0.143762    0.813219    3.601349 v _585_/X (sky130_fd_sc_hd__or3_4)
                                                         _288_ (net)
                      0.143762    0.000980    3.602329 v _589_/B (sky130_fd_sc_hd__or2_4)
     4    0.016613    0.110519    0.535457    4.137785 v _589_/X (sky130_fd_sc_hd__or2_4)
                                                         _291_ (net)
                      0.110519    0.000591    4.138376 v _597_/A2 (sky130_fd_sc_hd__a22o_2)
     1    0.003943    0.071413    0.510076    4.648452 v _597_/X (sky130_fd_sc_hd__a22o_2)
                                                         _298_ (net)
                      0.071413    0.000270    4.648723 v _601_/B1 (sky130_fd_sc_hd__o211a_2)
     1    0.008783    0.096971    0.283540    4.932263 v _601_/X (sky130_fd_sc_hd__o211a_2)
                                                         _302_ (net)
                      0.096971    0.000716    4.932979 v _604_/B (sky130_fd_sc_hd__xnor2_2)
     1    0.005361    0.109080    0.262561    5.195539 v _604_/Y (sky130_fd_sc_hd__xnor2_2)
                                                         net94 (net)
                      0.109080    0.000410    5.195950 v output94/A (sky130_fd_sc_hd__buf_6)
     1    0.035230    0.077184    0.279444    5.475393 v output94/X (sky130_fd_sc_hd__buf_6)
                                                         S[6] (net)
                      0.077242    0.001973    5.477366 v S[6] (out)
                                              5.477366   data arrival time

                      0.000000    4.000000    4.000000   clock __VIRTUAL_CLK__ (rise edge)
                                  0.000000    4.000000   clock network delay (ideal)
                                 -0.250000    3.750000   clock uncertainty
                                  0.000000    3.750000   clock reconvergence pessimism
                                 -0.800000    2.950000   output external delay
                                              2.950000   data required time
---------------------------------------------------------------------------------------------
                                              2.950000   data required time
                                             -5.477366   data arrival time
---------------------------------------------------------------------------------------------
                                             -2.527366   slack (VIOLATED)


Startpoint: sub (input port clocked by __VIRTUAL_CLK__)
Endpoint: S[7] (output port clocked by __VIRTUAL_CLK__)
Path Group: __VIRTUAL_CLK__
Path Type: max

Fanout         Cap        Slew       Delay        Time   Description
---------------------------------------------------------------------------------------------
                      0.000000    0.000000    0.000000   clock __VIRTUAL_CLK__ (rise edge)
                                  0.000000    0.000000   clock network delay (ideal)
                                  0.800000    0.800000 ^ input external delay
     1    0.008281    0.069426    0.046203    0.846203 ^ sub (in)
                                                         sub (net)
                      0.069430    0.000000    0.846203 ^ input65/A (sky130_fd_sc_hd__buf_8)
     3    0.027840    0.089534    0.201074    1.047278 ^ input65/X (sky130_fd_sc_hd__buf_8)
                                                         net65 (net)
                      0.089603    0.002400    1.049678 ^ fanout107/A (sky130_fd_sc_hd__buf_6)
     3    0.018303    0.077799    0.203720    1.253398 ^ fanout107/X (sky130_fd_sc_hd__buf_6)
                                                         net107 (net)
                      0.077822    0.001340    1.254738 ^ fanout105/A (sky130_fd_sc_hd__buf_8)
     2    0.012688    0.056120    0.176660    1.431398 ^ fanout105/X (sky130_fd_sc_hd__buf_8)
                                                         net105 (net)
                      0.056135    0.000948    1.432346 ^ load_slew106/A (sky130_fd_sc_hd__buf_8)
     4    0.027333    0.088390    0.194161    1.626507 ^ load_slew106/X (sky130_fd_sc_hd__buf_8)
                                                         net106 (net)
                      0.088445    0.002108    1.628615 ^ _666_/A (sky130_fd_sc_hd__inv_8)
     7    0.032220    0.046503    0.082810    1.711425 v _666_/Y (sky130_fd_sc_hd__inv_8)
                                                         _001_ (net)
                      0.046531    0.000998    1.712423 v _667_/A (sky130_fd_sc_hd__buf_6)
     5    0.030323    0.070927    0.242751    1.955174 v _667_/X (sky130_fd_sc_hd__buf_6)
                                                         _002_ (net)
                      0.070977    0.001727    1.956901 v max_cap102/A (sky130_fd_sc_hd__buf_8)
     6    0.038459    0.073359    0.254940    2.211841 v max_cap102/X (sky130_fd_sc_hd__buf_8)
                                                         net102 (net)
                      0.073479    0.002780    2.214621 v _688_/A3 (sky130_fd_sc_hd__o31a_4)
     2    0.013017    0.105302    0.572723    2.787343 v _688_/X (sky130_fd_sc_hd__o31a_4)
                                                         _023_ (net)
                      0.105302    0.000786    2.788130 v _585_/B (sky130_fd_sc_hd__or3_4)
     2    0.013526    0.143762    0.813219    3.601349 v _585_/X (sky130_fd_sc_hd__or3_4)
                                                         _288_ (net)
                      0.143762    0.000833    3.602182 v rebuffer172/A (sky130_fd_sc_hd__buf_6)
     1    0.007787    0.041029    0.252459    3.854640 v rebuffer172/X (sky130_fd_sc_hd__buf_6)
                                                         net172 (net)
                      0.041030    0.000624    3.855264 v rebuffer171/A (sky130_fd_sc_hd__buf_8)
     3    0.029835    0.062660    0.230198    4.085462 v rebuffer171/X (sky130_fd_sc_hd__buf_8)
                                                         net171 (net)
                      0.062670    0.000922    4.086385 v _605_/B1_N (sky130_fd_sc_hd__a21bo_2)
     1    0.005772    0.079682    0.393477    4.479861 ^ _605_/X (sky130_fd_sc_hd__a21bo_2)
                                                         _305_ (net)
                      0.079683    0.000290    4.480152 ^ _607_/C1 (sky130_fd_sc_hd__o211ai_2)
     1    0.008561    0.178911    0.208691    4.688842 v _607_/Y (sky130_fd_sc_hd__o211ai_2)
                                                         _307_ (net)
                      0.178912    0.000687    4.689530 v _610_/B (sky130_fd_sc_hd__xnor2_2)
     1    0.009726    0.271189    0.331146    5.020676 ^ _610_/Y (sky130_fd_sc_hd__xnor2_2)
                                                         net95 (net)
                      0.271189    0.000895    5.021571 ^ output95/A (sky130_fd_sc_hd__buf_6)
     1    0.036806    0.130918    0.329372    5.350943 ^ output95/X (sky130_fd_sc_hd__buf_6)
                                                         S[7] (net)
                      0.130958    0.002289    5.353232 ^ S[7] (out)
                                              5.353232   data arrival time

                      0.000000    4.000000    4.000000   clock __VIRTUAL_CLK__ (rise edge)
                                  0.000000    4.000000   clock network delay (ideal)
                                 -0.250000    3.750000   clock uncertainty
                                  0.000000    3.750000   clock reconvergence pessimism
                                 -0.800000    2.950000   output external delay
                                              2.950000   data required time
---------------------------------------------------------------------------------------------
                                              2.950000   data required time
                                             -5.353232   data arrival time
---------------------------------------------------------------------------------------------
                                             -2.403232   slack (VIOLATED)


Startpoint: sub (input port clocked by __VIRTUAL_CLK__)
Endpoint: S[16] (output port clocked by __VIRTUAL_CLK__)
Path Group: __VIRTUAL_CLK__
Path Type: max

Fanout         Cap        Slew       Delay        Time   Description
---------------------------------------------------------------------------------------------
                      0.000000    0.000000    0.000000   clock __VIRTUAL_CLK__ (rise edge)
                                  0.000000    0.000000   clock network delay (ideal)
                                  0.800000    0.800000 ^ input external delay
     1    0.008281    0.069426    0.046203    0.846203 ^ sub (in)
                                                         sub (net)
                      0.069430    0.000000    0.846203 ^ input65/A (sky130_fd_sc_hd__buf_8)
     3    0.027840    0.089534    0.201074    1.047278 ^ input65/X (sky130_fd_sc_hd__buf_8)
                                                         net65 (net)
                      0.089603    0.002400    1.049678 ^ fanout107/A (sky130_fd_sc_hd__buf_6)
     3    0.018303    0.077799    0.203720    1.253398 ^ fanout107/X (sky130_fd_sc_hd__buf_6)
                                                         net107 (net)
                      0.077822    0.001340    1.254738 ^ fanout105/A (sky130_fd_sc_hd__buf_8)
     2    0.012688    0.056120    0.176660    1.431398 ^ fanout105/X (sky130_fd_sc_hd__buf_8)
                                                         net105 (net)
                      0.056135    0.000948    1.432346 ^ load_slew106/A (sky130_fd_sc_hd__buf_8)
     4    0.027333    0.088390    0.194161    1.626507 ^ load_slew106/X (sky130_fd_sc_hd__buf_8)
                                                         net106 (net)
                      0.088445    0.002108    1.628615 ^ _666_/A (sky130_fd_sc_hd__inv_8)
     7    0.032220    0.046503    0.082810    1.711425 v _666_/Y (sky130_fd_sc_hd__inv_8)
                                                         _001_ (net)
                      0.046836    0.003330    1.714754 v _364_/D (sky130_fd_sc_hd__or4_4)
     1    0.005218    0.154967    0.876025    2.590779 v _364_/X (sky130_fd_sc_hd__or4_4)
                                                         _087_ (net)
                      0.154967    0.000399    2.591178 v _366_/A1 (sky130_fd_sc_hd__a21o_4)
     2    0.007579    0.064824    0.426345    3.017523 v _366_/X (sky130_fd_sc_hd__a21o_4)
                                                         _089_ (net)
                      0.064824    0.000550    3.018073 v _367_/A1 (sky130_fd_sc_hd__a21bo_4)
     2    0.009011    0.069603    0.402047    3.420120 v _367_/X (sky130_fd_sc_hd__a21bo_4)
                                                         _090_ (net)
                      0.069603    0.000408    3.420527 v _370_/A1 (sky130_fd_sc_hd__a211o_4)
     2    0.009707    0.090768    0.615952    4.036479 v _370_/X (sky130_fd_sc_hd__a211o_4)
                                                         _093_ (net)
                      0.090768    0.000798    4.037277 v _371_/C (sky130_fd_sc_hd__and3_2)
     5    0.033438    0.195759    0.617495    4.654772 v _371_/X (sky130_fd_sc_hd__and3_2)
                                                         _094_ (net)
                      0.195855    0.004218    4.658989 v _374_/A (sky130_fd_sc_hd__xnor2_2)
     1    0.007954    0.240832    0.358380    5.017369 ^ _374_/Y (sky130_fd_sc_hd__xnor2_2)
                                                         net73 (net)
                      0.240832    0.000699    5.018067 ^ output73/A (sky130_fd_sc_hd__buf_6)
     1    0.035843    0.127752    0.316188    5.334256 ^ output73/X (sky130_fd_sc_hd__buf_6)
                                                         S[16] (net)
                      0.127788    0.002176    5.336432 ^ S[16] (out)
                                              5.336432   data arrival time

                      0.000000    4.000000    4.000000   clock __VIRTUAL_CLK__ (rise edge)
                                  0.000000    4.000000   clock network delay (ideal)
                                 -0.250000    3.750000   clock uncertainty
                                  0.000000    3.750000   clock reconvergence pessimism
                                 -0.800000    2.950000   output external delay
                                              2.950000   data required time
---------------------------------------------------------------------------------------------
                                              2.950000   data required time
                                             -5.336432   data arrival time
---------------------------------------------------------------------------------------------
                                             -2.386431   slack (VIOLATED)


Startpoint: sub (input port clocked by __VIRTUAL_CLK__)
Endpoint: S[9] (output port clocked by __VIRTUAL_CLK__)
Path Group: __VIRTUAL_CLK__
Path Type: max

Fanout         Cap        Slew       Delay        Time   Description
---------------------------------------------------------------------------------------------
                      0.000000    0.000000    0.000000   clock __VIRTUAL_CLK__ (rise edge)
                                  0.000000    0.000000   clock network delay (ideal)
                                  0.800000    0.800000 v input external delay
     1    0.007680    0.037920    0.025670    0.825670 v sub (in)
                                                         sub (net)
                      0.037926    0.000000    0.825670 v input65/A (sky130_fd_sc_hd__buf_8)
     3    0.027148    0.059768    0.225215    1.050885 v input65/X (sky130_fd_sc_hd__buf_8)
                                                         net65 (net)
                      0.060002    0.003318    1.054203 v fanout110/A (sky130_fd_sc_hd__buf_2)
     5    0.026752    0.136286    0.330582    1.384785 v fanout110/X (sky130_fd_sc_hd__buf_2)
                                                         net110 (net)
                      0.136304    0.001767    1.386552 v load_slew111/A (sky130_fd_sc_hd__buf_6)
     5    0.033325    0.074753    0.290945    1.677497 v load_slew111/X (sky130_fd_sc_hd__buf_6)
                                                         net111 (net)
                      0.074849    0.002406    1.679903 v _704_/A (sky130_fd_sc_hd__or4_4)
     2    0.006975    0.165037    1.118517    2.798420 v _704_/X (sky130_fd_sc_hd__or4_4)
                                                         _039_ (net)
                      0.165037    0.000453    2.798873 v _705_/B1_N (sky130_fd_sc_hd__o21ba_4)
     1    0.009898    0.085987    0.488285    3.287158 ^ _705_/X (sky130_fd_sc_hd__o21ba_4)
                                                         _040_ (net)
                      0.085994    0.000805    3.287963 ^ _708_/B1 (sky130_fd_sc_hd__o32ai_4)
     3    0.015099    0.169513    0.196740    3.484702 v _708_/Y (sky130_fd_sc_hd__o32ai_4)
                                                         _043_ (net)
                      0.169515    0.001099    3.485801 v _611_/B (sky130_fd_sc_hd__and3_4)
     3    0.009701    0.066786    0.384311    3.870111 v _611_/X (sky130_fd_sc_hd__and3_4)
                                                         _310_ (net)
                      0.066786    0.000627    3.870739 v _615_/A2 (sky130_fd_sc_hd__o21a_2)
     1    0.008435    0.084585    0.406910    4.277648 v _615_/X (sky130_fd_sc_hd__o21a_2)
                                                         _313_ (net)
                      0.084588    0.000673    4.278321 v _616_/B1 (sky130_fd_sc_hd__a21oi_4)
     4    0.015035    0.239144    0.266329    4.544651 ^ _616_/Y (sky130_fd_sc_hd__a21oi_4)
                                                         _314_ (net)
                      0.239146    0.001130    4.545780 ^ rebuffer149/A (sky130_fd_sc_hd__buf_6)
     2    0.013635    0.065737    0.261615    4.807395 ^ rebuffer149/X (sky130_fd_sc_hd__buf_6)
                                                         net149 (net)
                      0.065753    0.000984    4.808379 ^ _618_/A (sky130_fd_sc_hd__xnor2_2)
     1    0.005807    0.204913    0.220559    5.028938 ^ _618_/Y (sky130_fd_sc_hd__xnor2_2)
                                                         net97 (net)
                      0.204913    0.000450    5.029388 ^ output97/A (sky130_fd_sc_hd__buf_6)
     1    0.035457    0.126361    0.300104    5.329493 ^ output97/X (sky130_fd_sc_hd__buf_6)
                                                         S[9] (net)
                      0.126397    0.002165    5.331658 ^ S[9] (out)
                                              5.331658   data arrival time

                      0.000000    4.000000    4.000000   clock __VIRTUAL_CLK__ (rise edge)
                                  0.000000    4.000000   clock network delay (ideal)
                                 -0.250000    3.750000   clock uncertainty
                                  0.000000    3.750000   clock reconvergence pessimism
                                 -0.800000    2.950000   output external delay
                                              2.950000   data required time
---------------------------------------------------------------------------------------------
                                              2.950000   data required time
                                             -5.331658   data arrival time
---------------------------------------------------------------------------------------------
                                             -2.381658   slack (VIOLATED)


Startpoint: sub (input port clocked by __VIRTUAL_CLK__)
Endpoint: S[3] (output port clocked by __VIRTUAL_CLK__)
Path Group: __VIRTUAL_CLK__
Path Type: max

Fanout         Cap        Slew       Delay        Time   Description
---------------------------------------------------------------------------------------------
                      0.000000    0.000000    0.000000   clock __VIRTUAL_CLK__ (rise edge)
                                  0.000000    0.000000   clock network delay (ideal)
                                  0.800000    0.800000 v input external delay
     1    0.007680    0.037920    0.025670    0.825670 v sub (in)
                                                         sub (net)
                      0.037926    0.000000    0.825670 v input65/A (sky130_fd_sc_hd__buf_8)
     3    0.027148    0.059768    0.225215    1.050885 v input65/X (sky130_fd_sc_hd__buf_8)
                                                         net65 (net)
                      0.059874    0.002328    1.053214 v fanout107/A (sky130_fd_sc_hd__buf_6)
     3    0.017381    0.053674    0.226846    1.280059 v fanout107/X (sky130_fd_sc_hd__buf_6)
                                                         net107 (net)
                      0.053707    0.001265    1.281325 v fanout105/A (sky130_fd_sc_hd__buf_8)
     2    0.011959    0.043661    0.214224    1.495549 v fanout105/X (sky130_fd_sc_hd__buf_8)
                                                         net105 (net)
                      0.043662    0.000885    1.496433 v load_slew106/A (sky130_fd_sc_hd__buf_8)
     4    0.025715    0.057843    0.226495    1.722929 v load_slew106/X (sky130_fd_sc_hd__buf_8)
                                                         net106 (net)
                      0.057923    0.001969    1.724897 v _666_/A (sky130_fd_sc_hd__inv_8)
     7    0.033684    0.091098    0.113554    1.838452 ^ _666_/Y (sky130_fd_sc_hd__inv_8)
                                                         _001_ (net)
                      0.091115    0.001054    1.839505 ^ _667_/A (sky130_fd_sc_hd__buf_6)
     5    0.031680    0.114985    0.237435    2.076941 ^ _667_/X (sky130_fd_sc_hd__buf_6)
                                                         _002_ (net)
                      0.115011    0.001818    2.078759 ^ max_cap102/A (sky130_fd_sc_hd__buf_8)
     6    0.039980    0.117738    0.245434    2.324193 ^ max_cap102/X (sky130_fd_sc_hd__buf_8)
                                                         net102 (net)
                      0.117867    0.003656    2.327848 ^ _376_/A (sky130_fd_sc_hd__buf_4)
     5    0.036658    0.174729    0.323989    2.651837 ^ _376_/X (sky130_fd_sc_hd__buf_4)
                                                         _098_ (net)
                      0.174810    0.003689    2.655526 ^ _576_/A1 (sky130_fd_sc_hd__o21ai_4)
     4    0.020432    0.124274    0.207956    2.863482 v _576_/Y (sky130_fd_sc_hd__o21ai_4)
                                                         _281_ (net)
                      0.124285    0.001241    2.864723 v _581_/B (sky130_fd_sc_hd__and3b_2)
     1    0.004257    0.077763    0.459350    3.324074 v _581_/X (sky130_fd_sc_hd__and3b_2)
                                                         _285_ (net)
                      0.077763    0.000207    3.324281 v _582_/B1 (sky130_fd_sc_hd__a31oi_2)
     1    0.002554    0.173971    0.215460    3.539741 ^ _582_/Y (sky130_fd_sc_hd__a31oi_2)
                                                         _286_ (net)
                      0.173971    0.000174    3.539915 ^ _583_/C_N (sky130_fd_sc_hd__or3b_4)
     1    0.008774    0.133024    0.835728    4.375643 v _583_/X (sky130_fd_sc_hd__or3b_4)
                                                         _287_ (net)
                      0.133024    0.000449    4.376091 v _584_/B (sky130_fd_sc_hd__xnor2_2)
     1    0.002981    0.106048    0.262318    4.638409 v _584_/Y (sky130_fd_sc_hd__xnor2_2)
                                                         net91 (net)
                      0.106048    0.000213    4.638622 v output91/A (sky130_fd_sc_hd__clkbuf_4)
     1    0.036084    0.144605    0.363353    5.001976 v output91/X (sky130_fd_sc_hd__clkbuf_4)
                                                         S[3] (net)
                      0.144633    0.002090    5.004066 v S[3] (out)
                                              5.004066   data arrival time

                      0.000000    4.000000    4.000000   clock __VIRTUAL_CLK__ (rise edge)
                                  0.000000    4.000000   clock network delay (ideal)
                                 -0.250000    3.750000   clock uncertainty
                                  0.000000    3.750000   clock reconvergence pessimism
                                 -0.800000    2.950000   output external delay
                                              2.950000   data required time
---------------------------------------------------------------------------------------------
                                              2.950000   data required time
                                             -5.004066   data arrival time
---------------------------------------------------------------------------------------------
                                             -2.054065   slack (VIOLATED)


Startpoint: sub (input port clocked by __VIRTUAL_CLK__)
Endpoint: S[12] (output port clocked by __VIRTUAL_CLK__)
Path Group: __VIRTUAL_CLK__
Path Type: max

Fanout         Cap        Slew       Delay        Time   Description
---------------------------------------------------------------------------------------------
                      0.000000    0.000000    0.000000   clock __VIRTUAL_CLK__ (rise edge)
                                  0.000000    0.000000   clock network delay (ideal)
                                  0.800000    0.800000 v input external delay
     1    0.007680    0.037920    0.025670    0.825670 v sub (in)
                                                         sub (net)
                      0.037926    0.000000    0.825670 v input65/A (sky130_fd_sc_hd__buf_8)
     3    0.027148    0.059768    0.225215    1.050885 v input65/X (sky130_fd_sc_hd__buf_8)
                                                         net65 (net)
                      0.059874    0.002328    1.053214 v fanout107/A (sky130_fd_sc_hd__buf_6)
     3    0.017381    0.053674    0.226846    1.280059 v fanout107/X (sky130_fd_sc_hd__buf_6)
                                                         net107 (net)
                      0.053707    0.001265    1.281325 v fanout105/A (sky130_fd_sc_hd__buf_8)
     2    0.011959    0.043661    0.214224    1.495549 v fanout105/X (sky130_fd_sc_hd__buf_8)
                                                         net105 (net)
                      0.043662    0.000885    1.496433 v load_slew106/A (sky130_fd_sc_hd__buf_8)
     4    0.025715    0.057843    0.226495    1.722929 v load_slew106/X (sky130_fd_sc_hd__buf_8)
                                                         net106 (net)
                      0.057923    0.001969    1.724897 v _666_/A (sky130_fd_sc_hd__inv_8)
     7    0.033684    0.091098    0.113554    1.838452 ^ _666_/Y (sky130_fd_sc_hd__inv_8)
                                                         _001_ (net)
                      0.091115    0.001054    1.839505 ^ _667_/A (sky130_fd_sc_hd__buf_6)
     5    0.031680    0.114985    0.237435    2.076941 ^ _667_/X (sky130_fd_sc_hd__buf_6)
                                                         _002_ (net)
                      0.115011    0.001818    2.078759 ^ max_cap102/A (sky130_fd_sc_hd__buf_8)
     6    0.039980    0.117738    0.245434    2.324193 ^ max_cap102/X (sky130_fd_sc_hd__buf_8)
                                                         net102 (net)
                      0.117867    0.003656    2.327848 ^ _376_/A (sky130_fd_sc_hd__buf_4)
     5    0.036658    0.174729    0.323989    2.651837 ^ _376_/X (sky130_fd_sc_hd__buf_4)
                                                         _098_ (net)
                      0.174745    0.001943    2.653780 ^ max_cap101/A (sky130_fd_sc_hd__buf_6)
     6    0.041888    0.145086    0.299168    2.952948 ^ max_cap101/X (sky130_fd_sc_hd__buf_6)
                                                         net101 (net)
                      0.145225    0.004241    2.957190 ^ _377_/A (sky130_fd_sc_hd__buf_6)
     6    0.039922    0.139246    0.281556    3.238745 ^ _377_/X (sky130_fd_sc_hd__buf_6)
                                                         _099_ (net)
                      0.139284    0.002360    3.241106 ^ max_cap100/A (sky130_fd_sc_hd__buf_8)
     5    0.047919    0.137283    0.269885    3.510990 ^ max_cap100/X (sky130_fd_sc_hd__buf_8)
                                                         net100 (net)
                      0.137944    0.007631    3.518621 ^ _378_/A (sky130_fd_sc_hd__buf_12)
     6    0.072884    0.145263    0.286559    3.805180 ^ _378_/X (sky130_fd_sc_hd__buf_12)
                                                         _100_ (net)
                      0.145269    0.001350    3.806531 ^ max_cap99/A (sky130_fd_sc_hd__buf_12)
     5    0.065041    0.132922    0.276884    4.083415 ^ max_cap99/X (sky130_fd_sc_hd__buf_12)
                                                         net99 (net)
                      0.133866    0.009328    4.092743 ^ _632_/A (sky130_fd_sc_hd__xnor2_4)
     1    0.008854    0.203137    0.248212    4.340955 ^ _632_/Y (sky130_fd_sc_hd__xnor2_4)
                                                         _327_ (net)
                      0.203137    0.000711    4.341666 ^ _633_/B (sky130_fd_sc_hd__xnor2_2)
     1    0.007682    0.236491    0.276926    4.618592 ^ _633_/Y (sky130_fd_sc_hd__xnor2_2)
                                                         net69 (net)
                      0.236492    0.000659    4.619252 ^ output69/A (sky130_fd_sc_hd__buf_6)
     1    0.036714    0.130244    0.316406    4.935658 ^ output69/X (sky130_fd_sc_hd__buf_6)
                                                         S[12] (net)
                      0.130291    0.002470    4.938128 ^ S[12] (out)
                                              4.938128   data arrival time

                      0.000000    4.000000    4.000000   clock __VIRTUAL_CLK__ (rise edge)
                                  0.000000    4.000000   clock network delay (ideal)
                                 -0.250000    3.750000   clock uncertainty
                                  0.000000    3.750000   clock reconvergence pessimism
                                 -0.800000    2.950000   output external delay
                                              2.950000   data required time
---------------------------------------------------------------------------------------------
                                              2.950000   data required time
                                             -4.938128   data arrival time
---------------------------------------------------------------------------------------------
                                             -1.988128   slack (VIOLATED)


Startpoint: sub (input port clocked by __VIRTUAL_CLK__)
Endpoint: S[8] (output port clocked by __VIRTUAL_CLK__)
Path Group: __VIRTUAL_CLK__
Path Type: max

Fanout         Cap        Slew       Delay        Time   Description
---------------------------------------------------------------------------------------------
                      0.000000    0.000000    0.000000   clock __VIRTUAL_CLK__ (rise edge)
                                  0.000000    0.000000   clock network delay (ideal)
                                  0.800000    0.800000 ^ input external delay
     1    0.008281    0.069426    0.046203    0.846203 ^ sub (in)
                                                         sub (net)
                      0.069430    0.000000    0.846203 ^ input65/A (sky130_fd_sc_hd__buf_8)
     3    0.027840    0.089534    0.201074    1.047278 ^ input65/X (sky130_fd_sc_hd__buf_8)
                                                         net65 (net)
                      0.089603    0.002400    1.049678 ^ fanout107/A (sky130_fd_sc_hd__buf_6)
     3    0.018303    0.077799    0.203720    1.253398 ^ fanout107/X (sky130_fd_sc_hd__buf_6)
                                                         net107 (net)
                      0.077822    0.001340    1.254738 ^ fanout105/A (sky130_fd_sc_hd__buf_8)
     2    0.012688    0.056120    0.176660    1.431398 ^ fanout105/X (sky130_fd_sc_hd__buf_8)
                                                         net105 (net)
                      0.056135    0.000948    1.432346 ^ load_slew106/A (sky130_fd_sc_hd__buf_8)
     4    0.027333    0.088390    0.194161    1.626507 ^ load_slew106/X (sky130_fd_sc_hd__buf_8)
                                                         net106 (net)
                      0.088445    0.002108    1.628615 ^ _666_/A (sky130_fd_sc_hd__inv_8)
     7    0.032220    0.046503    0.082810    1.711425 v _666_/Y (sky130_fd_sc_hd__inv_8)
                                                         _001_ (net)
                      0.046531    0.000998    1.712423 v _667_/A (sky130_fd_sc_hd__buf_6)
     5    0.030323    0.070927    0.242751    1.955174 v _667_/X (sky130_fd_sc_hd__buf_6)
                                                         _002_ (net)
                      0.070977    0.001727    1.956901 v max_cap102/A (sky130_fd_sc_hd__buf_8)
     6    0.038459    0.073359    0.254940    2.211841 v max_cap102/X (sky130_fd_sc_hd__buf_8)
                                                         net102 (net)
                      0.073479    0.002780    2.214621 v _688_/A3 (sky130_fd_sc_hd__o31a_4)
     2    0.013017    0.105302    0.572723    2.787343 v _688_/X (sky130_fd_sc_hd__o31a_4)
                                                         _023_ (net)
                      0.105302    0.001047    2.788390 v _708_/A1 (sky130_fd_sc_hd__o32ai_4)
     3    0.015698    0.448601    0.597587    3.385977 ^ _708_/Y (sky130_fd_sc_hd__o32ai_4)
                                                         _043_ (net)
                      0.448602    0.001147    3.387124 ^ _611_/B (sky130_fd_sc_hd__and3_4)
     3    0.010291    0.113000    0.576690    3.963814 ^ _611_/X (sky130_fd_sc_hd__and3_4)
                                                         _310_ (net)
                      0.113000    0.000451    3.964265 ^ rebuffer148/A (sky130_fd_sc_hd__buf_2)
     1    0.010474    0.099012    0.246324    4.210589 ^ rebuffer148/X (sky130_fd_sc_hd__buf_2)
                                                         net148 (net)
                      0.099018    0.000882    4.211471 ^ _614_/A (sky130_fd_sc_hd__xnor2_2)
     1    0.005798    0.204756    0.233802    4.445273 ^ _614_/Y (sky130_fd_sc_hd__xnor2_2)
                                                         net96 (net)
                      0.204756    0.000454    4.445727 ^ output96/A (sky130_fd_sc_hd__buf_6)
     1    0.035284    0.125862    0.299765    4.745492 ^ output96/X (sky130_fd_sc_hd__buf_6)
                                                         S[8] (net)
                      0.125891    0.001952    4.747444 ^ S[8] (out)
                                              4.747444   data arrival time

                      0.000000    4.000000    4.000000   clock __VIRTUAL_CLK__ (rise edge)
                                  0.000000    4.000000   clock network delay (ideal)
                                 -0.250000    3.750000   clock uncertainty
                                  0.000000    3.750000   clock reconvergence pessimism
                                 -0.800000    2.950000   output external delay
                                              2.950000   data required time
---------------------------------------------------------------------------------------------
                                              2.950000   data required time
                                             -4.747444   data arrival time
---------------------------------------------------------------------------------------------
                                             -1.797444   slack (VIOLATED)


Startpoint: sub (input port clocked by __VIRTUAL_CLK__)
Endpoint: S[4] (output port clocked by __VIRTUAL_CLK__)
Path Group: __VIRTUAL_CLK__
Path Type: max

Fanout         Cap        Slew       Delay        Time   Description
---------------------------------------------------------------------------------------------
                      0.000000    0.000000    0.000000   clock __VIRTUAL_CLK__ (rise edge)
                                  0.000000    0.000000   clock network delay (ideal)
                                  0.800000    0.800000 v input external delay
     1    0.007680    0.037920    0.025670    0.825670 v sub (in)
                                                         sub (net)
                      0.037926    0.000000    0.825670 v input65/A (sky130_fd_sc_hd__buf_8)
     3    0.027148    0.059768    0.225215    1.050885 v input65/X (sky130_fd_sc_hd__buf_8)
                                                         net65 (net)
                      0.059874    0.002328    1.053214 v fanout107/A (sky130_fd_sc_hd__buf_6)
     3    0.017381    0.053674    0.226846    1.280059 v fanout107/X (sky130_fd_sc_hd__buf_6)
                                                         net107 (net)
                      0.053707    0.001265    1.281325 v fanout105/A (sky130_fd_sc_hd__buf_8)
     2    0.011959    0.043661    0.214224    1.495549 v fanout105/X (sky130_fd_sc_hd__buf_8)
                                                         net105 (net)
                      0.043662    0.000885    1.496433 v load_slew106/A (sky130_fd_sc_hd__buf_8)
     4    0.025715    0.057843    0.226495    1.722929 v load_slew106/X (sky130_fd_sc_hd__buf_8)
                                                         net106 (net)
                      0.057923    0.001969    1.724897 v _666_/A (sky130_fd_sc_hd__inv_8)
     7    0.033684    0.091098    0.113554    1.838452 ^ _666_/Y (sky130_fd_sc_hd__inv_8)
                                                         _001_ (net)
                      0.091115    0.001054    1.839505 ^ _667_/A (sky130_fd_sc_hd__buf_6)
     5    0.031680    0.114985    0.237435    2.076941 ^ _667_/X (sky130_fd_sc_hd__buf_6)
                                                         _002_ (net)
                      0.115011    0.001818    2.078759 ^ max_cap102/A (sky130_fd_sc_hd__buf_8)
     6    0.039980    0.117738    0.245434    2.324193 ^ max_cap102/X (sky130_fd_sc_hd__buf_8)
                                                         net102 (net)
                      0.117867    0.003656    2.327848 ^ _376_/A (sky130_fd_sc_hd__buf_4)
     5    0.036658    0.174729    0.323989    2.651837 ^ _376_/X (sky130_fd_sc_hd__buf_4)
                                                         _098_ (net)
                      0.174745    0.001943    2.653780 ^ max_cap101/A (sky130_fd_sc_hd__buf_6)
     6    0.041888    0.145086    0.299168    2.952948 ^ max_cap101/X (sky130_fd_sc_hd__buf_6)
                                                         net101 (net)
                      0.145225    0.004241    2.957190 ^ _377_/A (sky130_fd_sc_hd__buf_6)
     6    0.039922    0.139246    0.281556    3.238745 ^ _377_/X (sky130_fd_sc_hd__buf_6)
                                                         _099_ (net)
                      0.139284    0.002360    3.241106 ^ max_cap100/A (sky130_fd_sc_hd__buf_8)
     5    0.047919    0.137283    0.269885    3.510990 ^ max_cap100/X (sky130_fd_sc_hd__buf_8)
                                                         net100 (net)
                      0.137944    0.007631    3.518621 ^ _378_/A (sky130_fd_sc_hd__buf_12)
     6    0.072884    0.145263    0.286559    3.805180 ^ _378_/X (sky130_fd_sc_hd__buf_12)
                                                         _100_ (net)
                      0.145287    0.002107    3.807287 ^ _586_/B (sky130_fd_sc_hd__xnor2_4)
     1    0.018094    0.292700    0.276282    4.083569 ^ _586_/Y (sky130_fd_sc_hd__xnor2_4)
                                                         _289_ (net)
                      0.292744    0.001501    4.085070 ^ _587_/A (sky130_fd_sc_hd__xnor2_4)
     1    0.007291    0.187950    0.296251    4.381321 ^ _587_/Y (sky130_fd_sc_hd__xnor2_4)
                                                         net92 (net)
                      0.187950    0.000630    4.381951 ^ output92/A (sky130_fd_sc_hd__buf_6)
     1    0.035289    0.125823    0.291720    4.673671 ^ output92/X (sky130_fd_sc_hd__buf_6)
                                                         S[4] (net)
                      0.125854    0.001997    4.675668 ^ S[4] (out)
                                              4.675668   data arrival time

                      0.000000    4.000000    4.000000   clock __VIRTUAL_CLK__ (rise edge)
                                  0.000000    4.000000   clock network delay (ideal)
                                 -0.250000    3.750000   clock uncertainty
                                  0.000000    3.750000   clock reconvergence pessimism
                                 -0.800000    2.950000   output external delay
                                              2.950000   data required time
---------------------------------------------------------------------------------------------
                                              2.950000   data required time
                                             -4.675668   data arrival time
---------------------------------------------------------------------------------------------
                                             -1.725668   slack (VIOLATED)


Startpoint: sub (input port clocked by __VIRTUAL_CLK__)
Endpoint: S[2] (output port clocked by __VIRTUAL_CLK__)
Path Group: __VIRTUAL_CLK__
Path Type: max

Fanout         Cap        Slew       Delay        Time   Description
---------------------------------------------------------------------------------------------
                      0.000000    0.000000    0.000000   clock __VIRTUAL_CLK__ (rise edge)
                                  0.000000    0.000000   clock network delay (ideal)
                                  0.800000    0.800000 v input external delay
     1    0.007680    0.037920    0.025670    0.825670 v sub (in)
                                                         sub (net)
                      0.037926    0.000000    0.825670 v input65/A (sky130_fd_sc_hd__buf_8)
     3    0.027148    0.059768    0.225215    1.050885 v input65/X (sky130_fd_sc_hd__buf_8)
                                                         net65 (net)
                      0.060002    0.003318    1.054203 v fanout110/A (sky130_fd_sc_hd__buf_2)
     5    0.026752    0.136286    0.330582    1.384785 v fanout110/X (sky130_fd_sc_hd__buf_2)
                                                         net110 (net)
                      0.136304    0.001767    1.386552 v load_slew111/A (sky130_fd_sc_hd__buf_6)
     5    0.033325    0.074753    0.290945    1.677497 v load_slew111/X (sky130_fd_sc_hd__buf_6)
                                                         net111 (net)
                      0.074832    0.002201    1.679698 v fanout108/A (sky130_fd_sc_hd__buf_4)
     5    0.027682    0.090650    0.309668    1.989366 v fanout108/X (sky130_fd_sc_hd__buf_4)
                                                         net108 (net)
                      0.090763    0.002932    1.992297 v _572_/A1 (sky130_fd_sc_hd__o22a_2)
     1    0.005194    0.086090    0.469374    2.461671 v _572_/X (sky130_fd_sc_hd__o22a_2)
                                                         _277_ (net)
                      0.086090    0.000387    2.462058 v _575_/A2 (sky130_fd_sc_hd__o22a_4)
     2    0.015994    0.106524    0.468959    2.931017 v _575_/X (sky130_fd_sc_hd__o22a_4)
                                                         _280_ (net)
                      0.106536    0.001230    2.932247 v _576_/B1 (sky130_fd_sc_hd__o21ai_4)
     4    0.021372    0.310345    0.166410    3.098657 ^ _576_/Y (sky130_fd_sc_hd__o21ai_4)
                                                         _281_ (net)
                      0.310346    0.001403    3.100060 ^ _578_/B (sky130_fd_sc_hd__xnor2_2)
     1    0.006005    0.208118    0.302261    3.402321 ^ _578_/Y (sky130_fd_sc_hd__xnor2_2)
                                                         net88 (net)
                      0.208118    0.000471    3.402792 ^ output88/A (sky130_fd_sc_hd__buf_6)
     1    0.035787    0.127343    0.302425    3.705217 ^ output88/X (sky130_fd_sc_hd__buf_6)
                                                         S[2] (net)
                      0.127377    0.002102    3.707319 ^ S[2] (out)
                                              3.707319   data arrival time

                      0.000000    4.000000    4.000000   clock __VIRTUAL_CLK__ (rise edge)
                                  0.000000    4.000000   clock network delay (ideal)
                                 -0.250000    3.750000   clock uncertainty
                                  0.000000    3.750000   clock reconvergence pessimism
                                 -0.800000    2.950000   output external delay
                                              2.950000   data required time
---------------------------------------------------------------------------------------------
                                              2.950000   data required time
                                             -3.707319   data arrival time
---------------------------------------------------------------------------------------------
                                             -0.757319   slack (VIOLATED)


Startpoint: sub (input port clocked by __VIRTUAL_CLK__)
Endpoint: S[1] (output port clocked by __VIRTUAL_CLK__)
Path Group: __VIRTUAL_CLK__
Path Type: max

Fanout         Cap        Slew       Delay        Time   Description
---------------------------------------------------------------------------------------------
                      0.000000    0.000000    0.000000   clock __VIRTUAL_CLK__ (rise edge)
                                  0.000000    0.000000   clock network delay (ideal)
                                  0.800000    0.800000 v input external delay
     1    0.007680    0.037920    0.025670    0.825670 v sub (in)
                                                         sub (net)
                      0.037926    0.000000    0.825670 v input65/A (sky130_fd_sc_hd__buf_8)
     3    0.027148    0.059768    0.225215    1.050885 v input65/X (sky130_fd_sc_hd__buf_8)
                                                         net65 (net)
                      0.060002    0.003318    1.054203 v fanout110/A (sky130_fd_sc_hd__buf_2)
     5    0.026752    0.136286    0.330582    1.384785 v fanout110/X (sky130_fd_sc_hd__buf_2)
                                                         net110 (net)
                      0.136304    0.001767    1.386552 v load_slew111/A (sky130_fd_sc_hd__buf_6)
     5    0.033325    0.074753    0.290945    1.677497 v load_slew111/X (sky130_fd_sc_hd__buf_6)
                                                         net111 (net)
                      0.074832    0.002201    1.679698 v fanout108/A (sky130_fd_sc_hd__buf_4)
     5    0.027682    0.090650    0.309668    1.989366 v fanout108/X (sky130_fd_sc_hd__buf_4)
                                                         net108 (net)
                      0.090814    0.003461    1.992826 v _569_/A (sky130_fd_sc_hd__xnor2_2)
     1    0.004880    0.099571    0.257570    2.250396 v _569_/Y (sky130_fd_sc_hd__xnor2_2)
                                                         _275_ (net)
                      0.099571    0.000380    2.250777 v _570_/B (sky130_fd_sc_hd__nor2_2)
     1    0.008808    0.195522    0.215910    2.466687 ^ _570_/Y (sky130_fd_sc_hd__nor2_2)
                                                         _276_ (net)
                      0.195524    0.000443    2.467130 ^ _571_/B (sky130_fd_sc_hd__xnor2_2)
     1    0.005721    0.203319    0.261557    2.728687 ^ _571_/Y (sky130_fd_sc_hd__xnor2_2)
                                                         net77 (net)
                      0.203319    0.000446    2.729133 ^ output77/A (sky130_fd_sc_hd__buf_6)
     1    0.035626    0.126867    0.299946    3.029079 ^ output77/X (sky130_fd_sc_hd__buf_6)
                                                         S[1] (net)
                      0.126891    0.001821    3.030900 ^ S[1] (out)
                                              3.030900   data arrival time

                      0.000000    4.000000    4.000000   clock __VIRTUAL_CLK__ (rise edge)
                                  0.000000    4.000000   clock network delay (ideal)
                                 -0.250000    3.750000   clock uncertainty
                                  0.000000    3.750000   clock reconvergence pessimism
                                 -0.800000    2.950000   output external delay
                                              2.950000   data required time
---------------------------------------------------------------------------------------------
                                              2.950000   data required time
                                             -3.030900   data arrival time
---------------------------------------------------------------------------------------------
                                             -0.080900   slack (VIOLATED)


Startpoint: A[0] (input port clocked by __VIRTUAL_CLK__)
Endpoint: S[0] (output port clocked by __VIRTUAL_CLK__)
Path Group: __VIRTUAL_CLK__
Path Type: max

Fanout         Cap        Slew       Delay        Time   Description
---------------------------------------------------------------------------------------------
                      0.000000    0.000000    0.000000   clock __VIRTUAL_CLK__ (rise edge)
                                  0.000000    0.000000   clock network delay (ideal)
                                  0.800000    0.800000 v input external delay
     1    0.003498    0.021160    0.012056    0.812056 v A[0] (in)
                                                         A[0] (net)
                      0.021161    0.000000    0.812056 v input1/A (sky130_fd_sc_hd__buf_2)
     6    0.031057    0.153483    0.327379    1.139435 v input1/X (sky130_fd_sc_hd__buf_2)
                                                         net1 (net)
                      0.153491    0.001340    1.140775 v _689_/A (sky130_fd_sc_hd__or2b_4)
     3    0.011081    0.096490    0.557531    1.698306 v _689_/X (sky130_fd_sc_hd__or2b_4)
                                                         _024_ (net)
                      0.096490    0.000691    1.698997 v _567_/A (sky130_fd_sc_hd__nand2_2)
     1    0.003315    0.060782    0.096757    1.795754 ^ _567_/Y (sky130_fd_sc_hd__nand2_2)
                                                         net66 (net)
                      0.060782    0.000233    1.795986 ^ output66/A (sky130_fd_sc_hd__clkdlybuf4s25_1)
     1    0.035012    0.564839    0.855568    2.651554 ^ output66/X (sky130_fd_sc_hd__clkdlybuf4s25_1)
                                                         S[0] (net)
                      0.564839    0.001866    2.653420 ^ S[0] (out)
                                              2.653420   data arrival time

                      0.000000    4.000000    4.000000   clock __VIRTUAL_CLK__ (rise edge)
                                  0.000000    4.000000   clock network delay (ideal)
                                 -0.250000    3.750000   clock uncertainty
                                  0.000000    3.750000   clock reconvergence pessimism
                                 -0.800000    2.950000   output external delay
                                              2.950000   data required time
---------------------------------------------------------------------------------------------
                                              2.950000   data required time
                                             -2.653420   data arrival time
---------------------------------------------------------------------------------------------
                                              0.296580   slack (MET)



%OL_END_REPORT
%OL_CREATE_REPORT checks.rpt

===========================================================================
report_checks -unconstrained
===========================================================================
======================= max_ss_100C_1v60 Corner ===================================

Startpoint: sub (input port clocked by __VIRTUAL_CLK__)
Endpoint: S[27] (output port clocked by __VIRTUAL_CLK__)
Path Group: __VIRTUAL_CLK__
Path Type: max

Fanout         Cap        Slew       Delay        Time   Description
---------------------------------------------------------------------------------------------
                      0.000000    0.000000    0.000000   clock __VIRTUAL_CLK__ (rise edge)
                                  0.000000    0.000000   clock network delay (ideal)
                                  0.800000    0.800000 ^ input external delay
     1    0.008281    0.069426    0.046203    0.846203 ^ sub (in)
                                                         sub (net)
                      0.069430    0.000000    0.846203 ^ input65/A (sky130_fd_sc_hd__buf_8)
     3    0.027840    0.089534    0.201074    1.047278 ^ input65/X (sky130_fd_sc_hd__buf_8)
                                                         net65 (net)
                      0.089603    0.002400    1.049678 ^ fanout107/A (sky130_fd_sc_hd__buf_6)
     3    0.018303    0.077799    0.203720    1.253398 ^ fanout107/X (sky130_fd_sc_hd__buf_6)
                                                         net107 (net)
                      0.077822    0.001340    1.254738 ^ fanout105/A (sky130_fd_sc_hd__buf_8)
     2    0.012688    0.056120    0.176660    1.431398 ^ fanout105/X (sky130_fd_sc_hd__buf_8)
                                                         net105 (net)
                      0.056135    0.000948    1.432346 ^ load_slew106/A (sky130_fd_sc_hd__buf_8)
     4    0.027333    0.088390    0.194161    1.626507 ^ load_slew106/X (sky130_fd_sc_hd__buf_8)
                                                         net106 (net)
                      0.088445    0.002108    1.628615 ^ _666_/A (sky130_fd_sc_hd__inv_8)
     7    0.032220    0.046503    0.082810    1.711425 v _666_/Y (sky130_fd_sc_hd__inv_8)
                                                         _001_ (net)
                      0.046836    0.003330    1.714754 v _364_/D (sky130_fd_sc_hd__or4_4)
     1    0.005218    0.154967    0.876025    2.590779 v _364_/X (sky130_fd_sc_hd__or4_4)
                                                         _087_ (net)
                      0.154967    0.000399    2.591178 v _366_/A1 (sky130_fd_sc_hd__a21o_4)
     2    0.007579    0.064824    0.426345    3.017523 v _366_/X (sky130_fd_sc_hd__a21o_4)
                                                         _089_ (net)
                      0.064824    0.000550    3.018073 v _367_/A1 (sky130_fd_sc_hd__a21bo_4)
     2    0.009011    0.069603    0.402047    3.420120 v _367_/X (sky130_fd_sc_hd__a21bo_4)
                                                         _090_ (net)
                      0.069603    0.000408    3.420527 v _370_/A1 (sky130_fd_sc_hd__a211o_4)
     2    0.009707    0.090768    0.615952    4.036479 v _370_/X (sky130_fd_sc_hd__a211o_4)
                                                         _093_ (net)
                      0.090768    0.000897    4.037377 v _466_/A2 (sky130_fd_sc_hd__a311o_4)
     3    0.016002    0.120476    0.757178    4.794555 v _466_/X (sky130_fd_sc_hd__a311o_4)
                                                         _181_ (net)
                      0.120476    0.001108    4.795663 v _496_/A2 (sky130_fd_sc_hd__a21o_4)
     3    0.010084    0.070057    0.442205    5.237868 v _496_/X (sky130_fd_sc_hd__a21o_4)
                                                         _209_ (net)
                      0.070057    0.000540    5.238408 v _506_/A (sky130_fd_sc_hd__and4_2)
     1    0.003809    0.079105    0.392867    5.631275 v _506_/X (sky130_fd_sc_hd__and4_2)
                                                         _218_ (net)
                      0.079105    0.000254    5.631529 v _508_/B (sky130_fd_sc_hd__or4b_4)
     1    0.018691    0.201342    1.159695    6.791224 v _508_/X (sky130_fd_sc_hd__or4b_4)
                                                         _220_ (net)
                      0.201351    0.001687    6.792911 v _509_/A (sky130_fd_sc_hd__xnor2_4)
     1    0.005034    0.171208    0.305308    7.098219 ^ _509_/Y (sky130_fd_sc_hd__xnor2_4)
                                                         net85 (net)
                      0.171208    0.000249    7.098468 ^ output85/A (sky130_fd_sc_hd__buf_6)
     1    0.035722    0.127044    0.284763    7.383231 ^ output85/X (sky130_fd_sc_hd__buf_6)
                                                         S[27] (net)
                      0.127070    0.001898    7.385129 ^ S[27] (out)
                                              7.385129   data arrival time

                      0.000000    4.000000    4.000000   clock __VIRTUAL_CLK__ (rise edge)
                                  0.000000    4.000000   clock network delay (ideal)
                                 -0.250000    3.750000   clock uncertainty
                                  0.000000    3.750000   clock reconvergence pessimism
                                 -0.800000    2.950000   output external delay
                                              2.950000   data required time
---------------------------------------------------------------------------------------------
                                              2.950000   data required time
                                             -7.385129   data arrival time
---------------------------------------------------------------------------------------------
                                             -4.435129   slack (VIOLATED)




===========================================================================
report_checks --slack_max -0.01
============================================================================
======================= max_ss_100C_1v60 Corner ===================================

Startpoint: sub (input port clocked by __VIRTUAL_CLK__)
Endpoint: S[27] (output port clocked by __VIRTUAL_CLK__)
Path Group: __VIRTUAL_CLK__
Path Type: max

Fanout         Cap        Slew       Delay        Time   Description
---------------------------------------------------------------------------------------------
                      0.000000    0.000000    0.000000   clock __VIRTUAL_CLK__ (rise edge)
                                  0.000000    0.000000   clock network delay (ideal)
                                  0.800000    0.800000 ^ input external delay
     1    0.008281    0.069426    0.046203    0.846203 ^ sub (in)
                                                         sub (net)
                      0.069430    0.000000    0.846203 ^ input65/A (sky130_fd_sc_hd__buf_8)
     3    0.027840    0.089534    0.201074    1.047278 ^ input65/X (sky130_fd_sc_hd__buf_8)
                                                         net65 (net)
                      0.089603    0.002400    1.049678 ^ fanout107/A (sky130_fd_sc_hd__buf_6)
     3    0.018303    0.077799    0.203720    1.253398 ^ fanout107/X (sky130_fd_sc_hd__buf_6)
                                                         net107 (net)
                      0.077822    0.001340    1.254738 ^ fanout105/A (sky130_fd_sc_hd__buf_8)
     2    0.012688    0.056120    0.176660    1.431398 ^ fanout105/X (sky130_fd_sc_hd__buf_8)
                                                         net105 (net)
                      0.056135    0.000948    1.432346 ^ load_slew106/A (sky130_fd_sc_hd__buf_8)
     4    0.027333    0.088390    0.194161    1.626507 ^ load_slew106/X (sky130_fd_sc_hd__buf_8)
                                                         net106 (net)
                      0.088445    0.002108    1.628615 ^ _666_/A (sky130_fd_sc_hd__inv_8)
     7    0.032220    0.046503    0.082810    1.711425 v _666_/Y (sky130_fd_sc_hd__inv_8)
                                                         _001_ (net)
                      0.046836    0.003330    1.714754 v _364_/D (sky130_fd_sc_hd__or4_4)
     1    0.005218    0.154967    0.876025    2.590779 v _364_/X (sky130_fd_sc_hd__or4_4)
                                                         _087_ (net)
                      0.154967    0.000399    2.591178 v _366_/A1 (sky130_fd_sc_hd__a21o_4)
     2    0.007579    0.064824    0.426345    3.017523 v _366_/X (sky130_fd_sc_hd__a21o_4)
                                                         _089_ (net)
                      0.064824    0.000550    3.018073 v _367_/A1 (sky130_fd_sc_hd__a21bo_4)
     2    0.009011    0.069603    0.402047    3.420120 v _367_/X (sky130_fd_sc_hd__a21bo_4)
                                                         _090_ (net)
                      0.069603    0.000408    3.420527 v _370_/A1 (sky130_fd_sc_hd__a211o_4)
     2    0.009707    0.090768    0.615952    4.036479 v _370_/X (sky130_fd_sc_hd__a211o_4)
                                                         _093_ (net)
                      0.090768    0.000897    4.037377 v _466_/A2 (sky130_fd_sc_hd__a311o_4)
     3    0.016002    0.120476    0.757178    4.794555 v _466_/X (sky130_fd_sc_hd__a311o_4)
                                                         _181_ (net)
                      0.120476    0.001108    4.795663 v _496_/A2 (sky130_fd_sc_hd__a21o_4)
     3    0.010084    0.070057    0.442205    5.237868 v _496_/X (sky130_fd_sc_hd__a21o_4)
                                                         _209_ (net)
                      0.070057    0.000540    5.238408 v _506_/A (sky130_fd_sc_hd__and4_2)
     1    0.003809    0.079105    0.392867    5.631275 v _506_/X (sky130_fd_sc_hd__and4_2)
                                                         _218_ (net)
                      0.079105    0.000254    5.631529 v _508_/B (sky130_fd_sc_hd__or4b_4)
     1    0.018691    0.201342    1.159695    6.791224 v _508_/X (sky130_fd_sc_hd__or4b_4)
                                                         _220_ (net)
                      0.201351    0.001687    6.792911 v _509_/A (sky130_fd_sc_hd__xnor2_4)
     1    0.005034    0.171208    0.305308    7.098219 ^ _509_/Y (sky130_fd_sc_hd__xnor2_4)
                                                         net85 (net)
                      0.171208    0.000249    7.098468 ^ output85/A (sky130_fd_sc_hd__buf_6)
     1    0.035722    0.127044    0.284763    7.383231 ^ output85/X (sky130_fd_sc_hd__buf_6)
                                                         S[27] (net)
                      0.127070    0.001898    7.385129 ^ S[27] (out)
                                              7.385129   data arrival time

                      0.000000    4.000000    4.000000   clock __VIRTUAL_CLK__ (rise edge)
                                  0.000000    4.000000   clock network delay (ideal)
                                 -0.250000    3.750000   clock uncertainty
                                  0.000000    3.750000   clock reconvergence pessimism
                                 -0.800000    2.950000   output external delay
                                              2.950000   data required time
---------------------------------------------------------------------------------------------
                                              2.950000   data required time
                                             -7.385129   data arrival time
---------------------------------------------------------------------------------------------
                                             -4.435129   slack (VIOLATED)




===========================================================================
 report_check_types -max_slew -max_cap -max_fanout -violators
============================================================================
======================= max_ss_100C_1v60 Corner ===================================



===========================================================================
report_parasitic_annotation -report_unannotated
============================================================================
Found 0 unannotated drivers.
Found 0 partially unannotated drivers.

===========================================================================
max slew violation count 0
%OL_METRIC_I design__max_slew_violation__count__corner:max_ss_100C_1v60 0
max fanout violation count 0
%OL_METRIC_I design__max_fanout_violation__count__corner:max_ss_100C_1v60 0
max cap violation count 0
%OL_METRIC_I design__max_cap_violation__count__corner:max_ss_100C_1v60 0
============================================================================

===========================================================================
check_setup -verbose -unconstrained_endpoints -multiple_clock -no_clock -no_input_delay -loops -generated_clocks
===========================================================================
%OL_END_REPORT
%OL_CREATE_REPORT power.rpt

===========================================================================
 report_power
============================================================================
======================= max_ss_100C_1v60 Corner ===================================

Group                    Internal    Switching      Leakage        Total
                            Power        Power        Power        Power (Watts)
------------------------------------------------------------------------
Sequential           0.000000e+00 0.000000e+00 0.000000e+00 0.000000e+00   0.0%
Combinational        5.524153e-04 5.365791e-04 3.720168e-06 1.092715e-03 100.0%
Clock                0.000000e+00 0.000000e+00 2.805592e-09 2.805592e-09   0.0%
Macro                0.000000e+00 0.000000e+00 0.000000e+00 0.000000e+00   0.0%
Pad                  0.000000e+00 0.000000e+00 0.000000e+00 0.000000e+00   0.0%
------------------------------------------------------------------------
Total                5.524153e-04 5.365791e-04 3.722973e-06 1.092717e-03 100.0%
                            50.6%        49.1%         0.3%
%OL_METRIC_F power__internal__total 0.0005524153239093721
%OL_METRIC_F power__switching__total 0.0005365791148506105
%OL_METRIC_F power__leakage__total 3.7229729059617966e-6
%OL_METRIC_F power__total 0.001092717400752008

%OL_END_REPORT
%OL_CREATE_REPORT skew.min.rpt

===========================================================================
Clock Skew (Hold)
============================================================================
%OL_METRIC_F clock__skew__worst_hold__corner:max_ss_100C_1v60 0.0
======================= max_ss_100C_1v60 Corner ===================================

Clock __VIRTUAL_CLK__
No launch/capture paths found.

%OL_END_REPORT
%OL_CREATE_REPORT skew.max.rpt

===========================================================================
Clock Skew (Setup)
============================================================================
%OL_METRIC_F clock__skew__worst_setup__corner:max_ss_100C_1v60 0.0
======================= max_ss_100C_1v60 Corner ===================================

Clock __VIRTUAL_CLK__
No launch/capture paths found.

%OL_END_REPORT
%OL_CREATE_REPORT ws.min.rpt

===========================================================================
Worst Slack (Hold)
============================================================================
%OL_METRIC_F timing__hold__ws__corner:max_ss_100C_1v60 2.245685923004477
max_ss_100C_1v60: 2.245685923004477
%OL_END_REPORT
%OL_CREATE_REPORT ws.max.rpt

===========================================================================
Worst Slack (Setup)
============================================================================
%OL_METRIC_F timing__setup__ws__corner:max_ss_100C_1v60 -4.435129278258424
max_ss_100C_1v60: -4.435129278258424
%OL_END_REPORT
%OL_CREATE_REPORT tns.min.rpt

===========================================================================
Total Negative Slack (Hold)
============================================================================
%OL_METRIC_F timing__hold__tns__corner:max_ss_100C_1v60 0.0
max_ss_100C_1v60: 0.0
%OL_END_REPORT
%OL_CREATE_REPORT tns.max.rpt

===========================================================================
Total Negative Slack (Setup)
============================================================================
%OL_METRIC_F timing__setup__tns__corner:max_ss_100C_1v60 -97.28430958392282
max_ss_100C_1v60: -97.28430958392282
%OL_END_REPORT
%OL_CREATE_REPORT wns.min.rpt

===========================================================================
Worst Negative Slack (Hold)
============================================================================
%OL_METRIC_F timing__hold__wns__corner:max_ss_100C_1v60 0
max_ss_100C_1v60: 0
%OL_END_REPORT
%OL_CREATE_REPORT wns.max.rpt

===========================================================================
Worst Negative Slack (Setup)
============================================================================
%OL_METRIC_F timing__setup__wns__corner:max_ss_100C_1v60 -4.435129278258424
max_ss_100C_1v60: -4.435129278258424
%OL_END_REPORT
%OL_CREATE_REPORT violator_list.rpt

===========================================================================
Violator List
============================================================================
[setup in-out] sub -> S[27] : -4.435129
[setup in-out] sub -> S[31] : -4.414904
[setup in-out] sub -> S[29] : -4.408761
[setup in-out] B[16] -> S[21] : -4.311738
[setup in-out] B[16] -> S[23] : -4.247915
[setup in-out] sub -> carryOut : -3.979210
[setup in-out] sub -> S[13] : -3.935392
[setup in-out] B[16] -> S[22] : -3.752836
[setup in-out] sub -> S[30] : -3.720766
[setup in-out] sub -> S[25] : -3.710919
[setup in-out] sub -> S[17] : -3.615903
[setup in-out] B[16] -> S[20] : -3.596369
[setup in-out] sub -> S[15] : -3.514110
[setup in-out] sub -> S[19] : -3.513712
[setup in-out] sub -> S[10] : -3.474958
[setup in-out] sub -> S[26] : -3.282387
[setup in-out] sub -> S[24] : -3.123248
[setup in-out] sub -> S[28] : -3.110577
[setup in-out] sub -> S[18] : -2.844661
[setup in-out] sub -> S[14] : -2.824675
[setup in-out] sub -> S[11] : -2.692545
[setup in-out] sub -> S[5] : -2.671385
[setup in-out] sub -> S[6] : -2.527366
[setup in-out] sub -> S[7] : -2.403232
[setup in-out] sub -> S[16] : -2.386431
[setup in-out] sub -> S[9] : -2.381658
[setup in-out] sub -> S[3] : -2.054065
[setup in-out] sub -> S[12] : -1.988128
[setup in-out] sub -> S[8] : -1.797444
[setup in-out] sub -> S[4] : -1.725668
[setup in-out] sub -> S[2] : -0.757319
[setup in-out] sub -> S[1] : -0.080900
%OL_METRIC_I timing__hold_vio__count__corner:max_ss_100C_1v60 0
%OL_METRIC_F timing__hold_r2r__ws__corner:max_ss_100C_1v60 inf
%OL_METRIC_I timing__hold_r2r_vio__count__corner:max_ss_100C_1v60 0
%OL_METRIC_I timing__setup_vio__count__corner:max_ss_100C_1v60 32
%OL_METRIC_F timing__setup_r2r__ws__corner:max_ss_100C_1v60 inf
%OL_METRIC_I timing__setup_r2r_vio__count__corner:max_ss_100C_1v60 0
%OL_END_REPORT
%OL_CREATE_REPORT unpropagated.rpt
__VIRTUAL_CLK__
%OL_END_REPORT
%OL_CREATE_REPORT clock.rpt
Clock: __VIRTUAL_CLK__
Sources: 
Generated: no
Virtual: yes
Propagated: no
Period: 4.000000

===========================================================================
report_clock_properties
============================================================================
Clock                   Period          Waveform
----------------------------------------------------
__VIRTUAL_CLK__       4.000000    0.000000  2.000000

===========================================================================
report_clock_latency
============================================================================
Clock __VIRTUAL_CLK__


===========================================================================
report_clock_min_period
============================================================================
__VIRTUAL_CLK__ period_min = 0.00 fmax = inf
%OL_END_REPORT
Writing SDF files for all corners…
Removing Clock latencies before writing libs…
Writing timing models for all corners…
Writing timing models for the max_ss_100C_1v60 corner to /home/admin/Documents/Projekty/Hobby/Nauka/RISC-5/.v/DDCA/code/exercises/ALUDesignIverilog/ALU/systemIverilog/build/runs/RUN_2026-09-29_09-33-51/54-openroad-stapostpnr/max_ss_100C_1v60/addsub32__max_ss_100C_1v60.lib…
