Instance,Terminal,Layer,X location,Y location,Voltage
FILLER_40_243,VPWR,li1,117.7600,122.4000,1.799692
FILLER_40_240,VPWR,li1,116.6100,122.4000,1.799692
FILLER_40_237,VPWR,li1,115.2300,122.4000,1.799692
FILLER_40_234,VPWR,li1,113.8500,122.4000,1.799692
FILLER_40_231,VPWR,li1,112.4700,122.4000,1.799692
FILLER_40_228,VPWR,li1,111.0900,122.4000,1.799692
FILLER_40_225,VPWR,li1,109.7100,122.4000,1.799692
FILLER_40_223,VPWR,li1,108.3300,122.4000,1.799692
FILLER_40_220,VPWR,li1,107.4100,122.4000,1.799692
FILLER_40_217,VPWR,li1,106.0300,122.4000,1.799692
FILLER_40_214,VPWR,li1,104.6500,122.4000,1.799692
FILLER_40_211,VPWR,li1,103.2700,122.4000,1.799692
FILLER_40_208,VPWR,li1,101.8900,122.4000,1.799692
FILLER_40_205,VPWR,li1,100.5100,122.4000,1.799692
FILLER_40_195,VPWR,li1,95.4500,122.4000,1.799692
FILLER_40_184,VPWR,li1,90.8500,122.4000,1.799693
FILLER_40_181,VPWR,li1,89.4700,122.4000,1.799694
FILLER_40_159,VPWR,li1,79.1200,122.4000,1.799707
FILLER_40_156,VPWR,li1,77.9700,122.4000,1.799707
FILLER_40_153,VPWR,li1,76.5900,122.4000,1.799712
FILLER_40_129,VPWR,li1,65.5500,122.4000,1.799736
FILLER_40_111,VPWR,li1,56.8100,122.4000,1.799760
FILLER_40_85,VPWR,li1,45.0800,122.4000,1.799803
FILLER_40_60,VPWR,li1,33.8100,122.4000,1.799857
FILLER_40_57,VPWR,li1,32.4300,122.4000,1.799872
FILLER_40_54,VPWR,li1,30.8200,122.4000,1.799883
FILLER_40_51,VPWR,li1,29.6700,122.4000,1.799883
FILLER_40_41,VPWR,li1,24.8400,122.4000,1.799922
FILLER_40_38,VPWR,li1,23.6900,122.4000,1.799922
FILLER_40_35,VPWR,li1,22.3100,122.4000,1.799934
FILLER_40_32,VPWR,li1,20.9300,122.4000,1.799934
FILLER_40_29,VPWR,li1,19.5500,122.4000,1.799934
FILLER_40_27,VPWR,li1,18.1700,122.4000,1.799934
FILLER_40_24,VPWR,li1,17.2500,122.4000,1.799934
FILLER_40_21,VPWR,li1,15.8700,122.4000,1.799934
FILLER_40_18,VPWR,li1,14.4900,122.4000,1.799934
FILLER_40_15,VPWR,li1,13.1100,122.4000,1.799934
FILLER_40_12,VPWR,li1,11.7300,122.4000,1.799934
FILLER_40_9,VPWR,li1,10.3500,122.4000,1.799934
FILLER_40_6,VPWR,li1,8.9700,122.4000,1.799934
FILLER_40_3,VPWR,li1,7.5900,122.4000,1.799934
FILLER_39_243,VPWR,li1,117.7600,116.9600,1.799600
FILLER_39_240,VPWR,li1,116.6100,116.9600,1.799600
FILLER_39_237,VPWR,li1,115.2300,116.9600,1.799600
FILLER_39_234,VPWR,li1,113.8500,116.9600,1.799600
FILLER_39_231,VPWR,li1,112.4700,116.9600,1.799600
FILLER_39_228,VPWR,li1,111.0900,116.9600,1.799600
FILLER_39_225,VPWR,li1,109.7100,116.9600,1.799600
FILLER_39_221,VPWR,li1,107.8700,116.9600,1.799600
FILLER_39_218,VPWR,li1,106.4900,116.9600,1.799600
FILLER_39_215,VPWR,li1,105.1100,116.9600,1.799600
FILLER_39_212,VPWR,li1,103.7300,116.9600,1.799600
FILLER_39_209,VPWR,li1,102.3500,116.9600,1.799600
FILLER_39_206,VPWR,li1,100.9700,116.9600,1.799600
FILLER_39_203,VPWR,li1,99.5900,116.9600,1.799600
FILLER_39_200,VPWR,li1,98.2100,116.9600,1.799600
FILLER_39_197,VPWR,li1,96.8300,116.9600,1.799600
FILLER_39_194,VPWR,li1,95.4500,116.9600,1.799600
FILLER_39_182,VPWR,li1,89.4700,116.9600,1.799601
FILLER_39_157,VPWR,li1,78.4300,116.9600,1.799609
FILLER_39_154,VPWR,li1,77.0500,116.9600,1.799613
FILLER_39_151,VPWR,li1,75.6700,116.9600,1.799613
FILLER_39_148,VPWR,li1,74.2900,116.9600,1.799616
FILLER_39_145,VPWR,li1,72.9100,116.9600,1.799618
FILLER_39_124,VPWR,li1,63.2500,116.9600,1.799641
FILLER_39_102,VPWR,li1,52.6700,116.9600,1.799683
FILLER_39_93,VPWR,li1,48.5300,116.9600,1.799704
FILLER_39_53,VPWR,li1,30.5900,116.9600,1.799825
FILLER_39_50,VPWR,li1,29.2100,116.9600,1.799841
FILLER_39_47,VPWR,li1,27.8300,116.9600,1.799862
FILLER_39_44,VPWR,li1,26.4500,116.9600,1.799862
FILLER_39_27,VPWR,li1,18.4000,116.9600,1.799903
FILLER_39_24,VPWR,li1,17.2500,116.9600,1.799903
FILLER_39_21,VPWR,li1,15.8700,116.9600,1.799903
FILLER_39_18,VPWR,li1,14.4900,116.9600,1.799903
FILLER_39_15,VPWR,li1,13.1100,116.9600,1.799903
FILLER_39_12,VPWR,li1,11.7300,116.9600,1.799903
FILLER_39_9,VPWR,li1,10.3500,116.9600,1.799903
FILLER_39_6,VPWR,li1,8.9700,116.9600,1.799903
FILLER_39_3,VPWR,li1,7.5900,116.9600,1.799903
FILLER_38_242,VPWR,li1,117.5300,116.9600,1.799600
FILLER_38_239,VPWR,li1,116.1500,116.9600,1.799600
FILLER_38_236,VPWR,li1,114.7700,116.9600,1.799600
FILLER_38_233,VPWR,li1,113.3900,116.9600,1.799600
FILLER_38_230,VPWR,li1,112.0100,116.9600,1.799600
FILLER_38_227,VPWR,li1,110.6300,116.9600,1.799600
FILLER_38_224,VPWR,li1,109.2500,116.9600,1.799600
FILLER_38_221,VPWR,li1,107.8700,116.9600,1.799600
FILLER_38_218,VPWR,li1,106.4900,116.9600,1.799600
FILLER_38_215,VPWR,li1,105.1100,116.9600,1.799600
FILLER_38_212,VPWR,li1,103.7300,116.9600,1.799600
FILLER_38_209,VPWR,li1,102.3500,116.9600,1.799600
FILLER_38_206,VPWR,li1,100.9700,116.9600,1.799600
FILLER_38_203,VPWR,li1,99.5900,116.9600,1.799600
FILLER_38_200,VPWR,li1,98.2100,116.9600,1.799600
FILLER_38_197,VPWR,li1,96.8300,116.9600,1.799600
FILLER_38_195,VPWR,li1,95.4500,116.9600,1.799600
FILLER_38_192,VPWR,li1,94.5300,116.9600,1.799600
FILLER_38_180,VPWR,li1,89.0100,116.9600,1.799602
FILLER_38_177,VPWR,li1,87.6300,116.9600,1.799602
FILLER_38_153,VPWR,li1,76.1300,116.9600,1.799613
FILLER_38_150,VPWR,li1,75.2100,116.9600,1.799616
FILLER_38_147,VPWR,li1,73.8300,116.9600,1.799616
FILLER_38_141,VPWR,li1,70.6100,116.9600,1.799622
FILLER_38_101,VPWR,li1,52.2100,116.9600,1.799693
FILLER_38_98,VPWR,li1,51.2900,116.9600,1.799693
FILLER_38_64,VPWR,li1,35.1900,116.9600,1.799798
FILLER_38_49,VPWR,li1,28.7500,116.9600,1.799841
FILLER_38_27,VPWR,li1,18.1700,116.9600,1.799903
FILLER_38_24,VPWR,li1,17.2500,116.9600,1.799903
FILLER_38_21,VPWR,li1,15.8700,116.9600,1.799903
FILLER_38_18,VPWR,li1,14.4900,116.9600,1.799903
FILLER_38_15,VPWR,li1,13.1100,116.9600,1.799903
FILLER_38_12,VPWR,li1,11.7300,116.9600,1.799903
FILLER_38_9,VPWR,li1,10.3500,116.9600,1.799903
FILLER_38_6,VPWR,li1,8.9700,116.9600,1.799903
FILLER_38_3,VPWR,li1,7.5900,116.9600,1.799903
FILLER_37_243,VPWR,li1,117.7600,111.5200,1.799740
FILLER_37_240,VPWR,li1,116.6100,111.5200,1.799740
FILLER_37_237,VPWR,li1,115.2300,111.5200,1.799740
FILLER_37_234,VPWR,li1,113.8500,111.5200,1.799740
FILLER_37_231,VPWR,li1,112.4700,111.5200,1.799740
FILLER_37_228,VPWR,li1,111.0900,111.5200,1.799740
FILLER_37_225,VPWR,li1,109.7100,111.5200,1.799740
FILLER_37_222,VPWR,li1,108.1000,111.5200,1.799740
FILLER_37_219,VPWR,li1,106.9500,111.5200,1.799740
FILLER_37_216,VPWR,li1,105.5700,111.5200,1.799740
FILLER_37_213,VPWR,li1,104.1900,111.5200,1.799740
FILLER_37_210,VPWR,li1,102.8100,111.5200,1.799740
FILLER_37_207,VPWR,li1,101.4300,111.5200,1.799740
FILLER_37_204,VPWR,li1,100.0500,111.5200,1.799740
FILLER_37_201,VPWR,li1,98.6700,111.5200,1.799740
FILLER_37_198,VPWR,li1,97.2900,111.5200,1.799740
FILLER_37_195,VPWR,li1,95.9100,111.5200,1.799740
FILLER_37_192,VPWR,li1,94.5300,111.5200,1.799740
FILLER_37_181,VPWR,li1,89.2400,111.5200,1.799740
FILLER_37_178,VPWR,li1,88.0900,111.5200,1.799740
FILLER_37_175,VPWR,li1,86.7100,111.5200,1.799741
FILLER_37_172,VPWR,li1,85.3300,111.5200,1.799741
FILLER_37_169,VPWR,li1,83.9500,111.5200,1.799743
FILLER_37_167,VPWR,li1,82.5700,111.5200,1.799743
FILLER_37_159,VPWR,li1,78.8900,111.5200,1.799746
FILLER_37_156,VPWR,li1,77.9700,111.5200,1.799748
FILLER_37_153,VPWR,li1,76.5900,111.5200,1.799748
FILLER_37_150,VPWR,li1,75.2100,111.5200,1.799750
FILLER_37_140,VPWR,li1,70.1500,111.5200,1.799755
FILLER_37_124,VPWR,li1,63.0200,111.5200,1.799767
FILLER_37_94,VPWR,li1,49.4500,111.5200,1.799807
FILLER_37_91,VPWR,li1,48.0700,111.5200,1.799814
FILLER_37_88,VPWR,li1,46.6900,111.5200,1.799822
FILLER_37_85,VPWR,li1,45.3100,111.5200,1.799822
FILLER_37_63,VPWR,li1,34.9600,111.5200,1.799869
FILLER_37_57,VPWR,li1,31.9700,111.5200,1.799881
FILLER_37_54,VPWR,li1,30.8200,111.5200,1.799890
FILLER_37_51,VPWR,li1,29.6700,111.5200,1.799900
FILLER_37_48,VPWR,li1,28.2900,111.5200,1.799900
FILLER_37_38,VPWR,li1,23.4600,111.5200,1.799926
FILLER_37_29,VPWR,li1,19.3200,111.5200,1.799938
FILLER_37_26,VPWR,li1,18.1700,111.5200,1.799937
FILLER_37_23,VPWR,li1,16.7900,111.5200,1.799937
FILLER_37_20,VPWR,li1,15.4100,111.5200,1.799937
FILLER_37_17,VPWR,li1,14.0300,111.5200,1.799936
FILLER_37_14,VPWR,li1,12.6500,111.5200,1.799936
FILLER_37_11,VPWR,li1,11.2700,111.5200,1.799936
FILLER_36_242,VPWR,li1,117.5300,111.5200,1.799740
FILLER_36_239,VPWR,li1,116.1500,111.5200,1.799740
FILLER_36_236,VPWR,li1,114.7700,111.5200,1.799740
FILLER_36_233,VPWR,li1,113.3900,111.5200,1.799740
FILLER_36_230,VPWR,li1,112.0100,111.5200,1.799740
FILLER_36_227,VPWR,li1,110.6300,111.5200,1.799740
FILLER_36_224,VPWR,li1,109.2500,111.5200,1.799740
FILLER_36_221,VPWR,li1,107.8700,111.5200,1.799740
FILLER_36_218,VPWR,li1,106.4900,111.5200,1.799740
FILLER_36_215,VPWR,li1,105.1100,111.5200,1.799740
FILLER_36_212,VPWR,li1,103.7300,111.5200,1.799740
FILLER_36_209,VPWR,li1,102.3500,111.5200,1.799740
FILLER_36_206,VPWR,li1,100.9700,111.5200,1.799740
FILLER_36_203,VPWR,li1,99.5900,111.5200,1.799740
FILLER_36_200,VPWR,li1,98.2100,111.5200,1.799740
FILLER_36_197,VPWR,li1,96.8300,111.5200,1.799740
FILLER_36_195,VPWR,li1,95.4500,111.5200,1.799740
FILLER_36_192,VPWR,li1,94.5300,111.5200,1.799740
FILLER_36_189,VPWR,li1,93.1500,111.5200,1.799740
FILLER_36_186,VPWR,li1,91.7700,111.5200,1.799740
FILLER_36_176,VPWR,li1,86.7100,111.5200,1.799741
FILLER_36_169,VPWR,li1,83.7200,111.5200,1.799743
FILLER_36_166,VPWR,li1,82.5700,111.5200,1.799743
FILLER_36_163,VPWR,li1,81.1900,111.5200,1.799744
FILLER_36_160,VPWR,li1,79.8100,111.5200,1.799746
FILLER_36_157,VPWR,li1,78.4300,111.5200,1.799746
FILLER_36_154,VPWR,li1,77.0500,111.5200,1.799748
FILLER_36_151,VPWR,li1,75.6700,111.5200,1.799750
FILLER_36_148,VPWR,li1,74.2900,111.5200,1.799750
FILLER_36_132,VPWR,li1,66.9300,111.5200,1.799758
FILLER_36_129,VPWR,li1,65.5500,111.5200,1.799763
FILLER_36_126,VPWR,li1,64.1700,111.5200,1.799763
FILLER_36_123,VPWR,li1,62.7900,111.5200,1.799767
FILLER_36_120,VPWR,li1,61.4100,111.5200,1.799767
FILLER_36_117,VPWR,li1,60.0300,111.5200,1.799776
FILLER_36_114,VPWR,li1,58.6500,111.5200,1.799776
FILLER_36_111,VPWR,li1,57.2700,111.5200,1.799785
FILLER_36_108,VPWR,li1,55.8900,111.5200,1.799785
FILLER_36_105,VPWR,li1,54.5100,111.5200,1.799792
FILLER_36_102,VPWR,li1,53.1300,111.5200,1.799799
FILLER_36_99,VPWR,li1,51.7500,111.5200,1.799799
FILLER_36_96,VPWR,li1,50.3700,111.5200,1.799807
FILLER_36_93,VPWR,li1,48.9900,111.5200,1.799814
FILLER_36_88,VPWR,li1,46.2300,111.5200,1.799822
FILLER_36_85,VPWR,li1,45.3100,111.5200,1.799822
FILLER_36_83,VPWR,li1,43.9300,111.5200,1.799831
FILLER_36_76,VPWR,li1,41.1700,111.5200,1.799844
FILLER_36_58,VPWR,li1,32.8900,111.5200,1.799881
FILLER_36_55,VPWR,li1,31.5100,111.5200,1.799890
FILLER_36_52,VPWR,li1,30.1300,111.5200,1.799890
FILLER_36_49,VPWR,li1,28.7500,111.5200,1.799900
FILLER_36_46,VPWR,li1,27.3700,111.5200,1.799914
FILLER_36_43,VPWR,li1,25.9900,111.5200,1.799914
FILLER_36_40,VPWR,li1,24.6100,111.5200,1.799926
FILLER_36_32,VPWR,li1,20.4700,111.5200,1.799938
FILLER_36_29,VPWR,li1,19.5500,111.5200,1.799938
FILLER_36_27,VPWR,li1,18.1700,111.5200,1.799937
FILLER_36_24,VPWR,li1,17.2500,111.5200,1.799937
FILLER_36_21,VPWR,li1,15.8700,111.5200,1.799937
FILLER_36_18,VPWR,li1,14.4900,111.5200,1.799936
FILLER_36_15,VPWR,li1,13.1100,111.5200,1.799936
FILLER_36_12,VPWR,li1,11.7300,111.5200,1.799936
FILLER_36_9,VPWR,li1,10.3500,111.5200,1.799935
FILLER_36_6,VPWR,li1,8.9700,111.5200,1.799935
FILLER_36_3,VPWR,li1,7.5900,111.5200,1.799935
FILLER_35_243,VPWR,li1,117.7600,106.0800,1.799787
FILLER_35_240,VPWR,li1,116.6100,106.0800,1.799787
FILLER_35_237,VPWR,li1,115.2300,106.0800,1.799787
FILLER_35_234,VPWR,li1,113.8500,106.0800,1.799787
FILLER_35_231,VPWR,li1,112.4700,106.0800,1.799787
FILLER_35_228,VPWR,li1,111.0900,106.0800,1.799787
FILLER_35_225,VPWR,li1,109.7100,106.0800,1.799787
FILLER_35_223,VPWR,li1,108.3300,106.0800,1.799787
FILLER_35_220,VPWR,li1,107.4100,106.0800,1.799787
FILLER_35_217,VPWR,li1,106.0300,106.0800,1.799787
FILLER_35_214,VPWR,li1,104.6500,106.0800,1.799787
FILLER_35_211,VPWR,li1,103.2700,106.0800,1.799787
FILLER_35_208,VPWR,li1,101.8900,106.0800,1.799787
FILLER_35_205,VPWR,li1,100.5100,106.0800,1.799787
FILLER_35_202,VPWR,li1,99.1300,106.0800,1.799787
FILLER_35_199,VPWR,li1,97.7500,106.0800,1.799787
FILLER_35_196,VPWR,li1,96.3700,106.0800,1.799787
FILLER_35_193,VPWR,li1,94.9900,106.0800,1.799787
FILLER_35_190,VPWR,li1,93.6100,106.0800,1.799787
FILLER_35_187,VPWR,li1,92.2300,106.0800,1.799787
FILLER_35_184,VPWR,li1,90.8500,106.0800,1.799787
FILLER_35_164,VPWR,li1,81.1900,106.0800,1.799791
FILLER_35_152,VPWR,li1,76.1300,106.0800,1.799799
FILLER_35_149,VPWR,li1,74.7500,106.0800,1.799799
FILLER_35_146,VPWR,li1,73.3700,106.0800,1.799803
FILLER_35_143,VPWR,li1,71.9900,106.0800,1.799803
FILLER_35_140,VPWR,li1,70.6100,106.0800,1.799806
FILLER_35_137,VPWR,li1,69.2300,106.0800,1.799810
FILLER_35_134,VPWR,li1,67.8500,106.0800,1.799810
FILLER_35_131,VPWR,li1,66.4700,106.0800,1.799814
FILLER_35_128,VPWR,li1,65.0900,106.0800,1.799818
FILLER_35_125,VPWR,li1,63.7100,106.0800,1.799818
FILLER_35_122,VPWR,li1,62.3300,106.0800,1.799823
FILLER_35_119,VPWR,li1,60.9500,106.0800,1.799826
FILLER_35_116,VPWR,li1,59.5700,106.0800,1.799826
FILLER_35_113,VPWR,li1,58.1900,106.0800,1.799832
FILLER_35_111,VPWR,li1,56.8100,106.0800,1.799832
FILLER_35_101,VPWR,li1,52.6700,106.0800,1.799842
FILLER_35_98,VPWR,li1,51.2900,106.0800,1.799850
FILLER_35_95,VPWR,li1,49.9100,106.0800,1.799850
FILLER_35_80,VPWR,li1,42.5500,106.0800,1.799872
FILLER_35_77,VPWR,li1,41.6300,106.0800,1.799879
FILLER_35_74,VPWR,li1,40.2500,106.0800,1.799885
FILLER_35_71,VPWR,li1,38.8700,106.0800,1.799885
FILLER_35_63,VPWR,li1,35.1900,106.0800,1.799902
FILLER_35_60,VPWR,li1,33.8100,106.0800,1.799902
FILLER_35_57,VPWR,li1,32.4300,106.0800,1.799912
FILLER_35_55,VPWR,li1,31.0500,106.0800,1.799912
FILLER_35_52,VPWR,li1,30.1300,106.0800,1.799919
FILLER_35_49,VPWR,li1,28.7500,106.0800,1.799927
FILLER_35_46,VPWR,li1,27.3700,106.0800,1.799927
FILLER_35_36,VPWR,li1,22.7700,106.0800,1.799950
FILLER_35_33,VPWR,li1,21.3900,106.0800,1.799949
FILLER_35_30,VPWR,li1,20.0100,106.0800,1.799949
FILLER_35_27,VPWR,li1,18.6300,106.0800,1.799948
FILLER_35_24,VPWR,li1,17.2500,106.0800,1.799948
FILLER_35_21,VPWR,li1,15.8700,106.0800,1.799948
FILLER_35_18,VPWR,li1,14.4900,106.0800,1.799947
FILLER_35_15,VPWR,li1,13.1100,106.0800,1.799947
FILLER_35_12,VPWR,li1,11.7300,106.0800,1.799946
FILLER_35_9,VPWR,li1,10.3500,106.0800,1.799946
FILLER_35_6,VPWR,li1,8.9700,106.0800,1.799946
FILLER_35_3,VPWR,li1,7.5900,106.0800,1.799946
FILLER_34_242,VPWR,li1,117.5300,106.0800,1.799787
FILLER_34_239,VPWR,li1,116.1500,106.0800,1.799787
FILLER_34_236,VPWR,li1,114.7700,106.0800,1.799787
FILLER_34_233,VPWR,li1,113.3900,106.0800,1.799787
FILLER_34_230,VPWR,li1,112.0100,106.0800,1.799787
FILLER_34_227,VPWR,li1,110.6300,106.0800,1.799787
FILLER_34_224,VPWR,li1,109.2500,106.0800,1.799787
FILLER_34_221,VPWR,li1,107.8700,106.0800,1.799787
FILLER_34_218,VPWR,li1,106.4900,106.0800,1.799787
FILLER_34_215,VPWR,li1,105.1100,106.0800,1.799787
FILLER_34_212,VPWR,li1,103.7300,106.0800,1.799787
FILLER_34_209,VPWR,li1,102.3500,106.0800,1.799787
FILLER_34_206,VPWR,li1,100.9700,106.0800,1.799787
FILLER_34_203,VPWR,li1,99.5900,106.0800,1.799787
FILLER_34_200,VPWR,li1,98.2100,106.0800,1.799787
FILLER_34_197,VPWR,li1,96.8300,106.0800,1.799787
FILLER_34_195,VPWR,li1,95.4500,106.0800,1.799787
FILLER_34_192,VPWR,li1,94.5300,106.0800,1.799787
FILLER_34_189,VPWR,li1,93.1500,106.0800,1.799787
FILLER_34_186,VPWR,li1,91.7700,106.0800,1.799787
FILLER_34_183,VPWR,li1,90.3900,106.0800,1.799787
FILLER_34_180,VPWR,li1,89.0100,106.0800,1.799787
FILLER_34_177,VPWR,li1,87.6300,106.0800,1.799787
FILLER_34_165,VPWR,li1,82.1100,106.0800,1.799791
FILLER_34_153,VPWR,li1,76.5900,106.0800,1.799796
FILLER_34_150,VPWR,li1,75.2100,106.0800,1.799799
FILLER_34_141,VPWR,li1,70.8400,106.0800,1.799806
FILLER_34_132,VPWR,li1,66.7000,106.0800,1.799814
FILLER_34_129,VPWR,li1,65.5500,106.0800,1.799814
FILLER_34_126,VPWR,li1,64.1700,106.0800,1.799818
FILLER_34_123,VPWR,li1,62.7900,106.0800,1.799823
FILLER_34_120,VPWR,li1,61.4100,106.0800,1.799823
FILLER_34_85,VPWR,li1,44.8500,106.0800,1.799866
FILLER_34_81,VPWR,li1,43.4700,106.0800,1.799872
FILLER_34_78,VPWR,li1,42.0900,106.0800,1.799879
FILLER_34_75,VPWR,li1,40.7100,106.0800,1.799879
FILLER_34_72,VPWR,li1,39.3300,106.0800,1.799885
FILLER_34_69,VPWR,li1,37.9500,106.0800,1.799891
FILLER_34_51,VPWR,li1,29.2100,106.0800,1.799919
FILLER_34_42,VPWR,li1,25.3000,106.0800,1.799940
FILLER_34_39,VPWR,li1,24.1500,106.0800,1.799940
FILLER_34_29,VPWR,li1,19.3200,106.0800,1.799948
FILLER_34_25,VPWR,li1,17.7100,106.0800,1.799948
FILLER_34_22,VPWR,li1,16.3300,106.0800,1.799948
FILLER_34_14,VPWR,li1,12.1900,106.0800,1.799946
FILLER_34_11,VPWR,li1,11.2700,106.0800,1.799946
FILLER_33_243,VPWR,li1,117.7600,100.6400,1.799796
FILLER_33_240,VPWR,li1,116.6100,100.6400,1.799796
FILLER_33_237,VPWR,li1,115.2300,100.6400,1.799796
FILLER_33_234,VPWR,li1,113.8500,100.6400,1.799796
FILLER_33_231,VPWR,li1,112.4700,100.6400,1.799796
FILLER_33_228,VPWR,li1,111.0900,100.6400,1.799796
FILLER_33_225,VPWR,li1,109.7100,100.6400,1.799796
FILLER_33_223,VPWR,li1,108.3300,100.6400,1.799796
FILLER_33_220,VPWR,li1,107.4100,100.6400,1.799796
FILLER_33_217,VPWR,li1,106.0300,100.6400,1.799796
FILLER_33_214,VPWR,li1,104.6500,100.6400,1.799796
FILLER_33_211,VPWR,li1,103.2700,100.6400,1.799796
FILLER_33_208,VPWR,li1,101.8900,100.6400,1.799796
FILLER_33_205,VPWR,li1,100.5100,100.6400,1.799796
FILLER_33_202,VPWR,li1,99.1300,100.6400,1.799796
FILLER_33_199,VPWR,li1,97.7500,100.6400,1.799796
FILLER_33_196,VPWR,li1,96.3700,100.6400,1.799796
FILLER_33_193,VPWR,li1,94.9900,100.6400,1.799796
FILLER_33_190,VPWR,li1,93.6100,100.6400,1.799796
FILLER_33_187,VPWR,li1,92.2300,100.6400,1.799796
FILLER_33_184,VPWR,li1,90.8500,100.6400,1.799796
FILLER_33_181,VPWR,li1,89.4700,100.6400,1.799796
FILLER_33_178,VPWR,li1,88.0900,100.6400,1.799796
FILLER_33_175,VPWR,li1,86.7100,100.6400,1.799797
FILLER_33_172,VPWR,li1,85.3300,100.6400,1.799797
FILLER_33_169,VPWR,li1,83.9500,100.6400,1.799797
FILLER_33_166,VPWR,li1,82.3400,100.6400,1.799798
FILLER_33_163,VPWR,li1,81.1900,100.6400,1.799799
FILLER_33_160,VPWR,li1,79.8100,100.6400,1.799799
FILLER_33_149,VPWR,li1,74.5200,100.6400,1.799802
FILLER_33_140,VPWR,li1,70.3800,100.6400,1.799807
FILLER_33_137,VPWR,li1,69.2300,100.6400,1.799807
FILLER_33_134,VPWR,li1,67.8500,100.6400,1.799810
FILLER_33_131,VPWR,li1,66.4700,100.6400,1.799810
FILLER_33_128,VPWR,li1,65.0900,100.6400,1.799816
FILLER_33_125,VPWR,li1,63.7100,100.6400,1.799816
FILLER_33_122,VPWR,li1,62.3300,100.6400,1.799822
FILLER_33_119,VPWR,li1,60.9500,100.6400,1.799822
FILLER_33_116,VPWR,li1,59.5700,100.6400,1.799828
FILLER_33_113,VPWR,li1,58.1900,100.6400,1.799828
FILLER_33_109,VPWR,li1,56.3500,100.6400,1.799832
FILLER_33_99,VPWR,li1,51.5200,100.6400,1.799844
FILLER_33_96,VPWR,li1,50.3700,100.6400,1.799849
FILLER_33_93,VPWR,li1,48.9900,100.6400,1.799849
FILLER_33_69,VPWR,li1,37.9500,100.6400,1.799879
FILLER_33_66,VPWR,li1,36.5700,100.6400,1.799886
FILLER_33_63,VPWR,li1,35.1900,100.6400,1.799892
FILLER_33_60,VPWR,li1,33.8100,100.6400,1.799892
FILLER_33_57,VPWR,li1,32.4300,100.6400,1.799901
FILLER_33_55,VPWR,li1,31.0500,100.6400,1.799901
FILLER_33_43,VPWR,li1,25.9900,100.6400,1.799918
FILLER_33_30,VPWR,li1,19.5500,100.6400,1.799931
FILLER_33_27,VPWR,li1,18.6300,100.6400,1.799929
FILLER_33_22,VPWR,li1,15.8700,100.6400,1.799927
FILLER_33_19,VPWR,li1,14.9500,100.6400,1.799927
FILLER_33_11,VPWR,li1,10.8100,100.6400,1.799925
FILLER_32_242,VPWR,li1,117.5300,100.6400,1.799796
FILLER_32_239,VPWR,li1,116.1500,100.6400,1.799796
FILLER_32_236,VPWR,li1,114.7700,100.6400,1.799796
FILLER_32_233,VPWR,li1,113.3900,100.6400,1.799796
FILLER_32_230,VPWR,li1,112.0100,100.6400,1.799796
FILLER_32_227,VPWR,li1,110.6300,100.6400,1.799796
FILLER_32_224,VPWR,li1,109.2500,100.6400,1.799796
FILLER_32_221,VPWR,li1,107.8700,100.6400,1.799796
FILLER_32_218,VPWR,li1,106.4900,100.6400,1.799796
FILLER_32_215,VPWR,li1,105.1100,100.6400,1.799796
FILLER_32_212,VPWR,li1,103.7300,100.6400,1.799796
FILLER_32_209,VPWR,li1,102.3500,100.6400,1.799796
FILLER_32_206,VPWR,li1,100.9700,100.6400,1.799796
FILLER_32_203,VPWR,li1,99.5900,100.6400,1.799796
FILLER_32_200,VPWR,li1,98.2100,100.6400,1.799796
FILLER_32_197,VPWR,li1,96.8300,100.6400,1.799796
FILLER_32_194,VPWR,li1,95.2200,100.6400,1.799796
FILLER_32_191,VPWR,li1,94.0700,100.6400,1.799796
FILLER_32_188,VPWR,li1,92.6900,100.6400,1.799796
FILLER_32_185,VPWR,li1,91.3100,100.6400,1.799796
FILLER_32_173,VPWR,li1,85.7900,100.6400,1.799797
FILLER_32_157,VPWR,li1,78.2000,100.6400,1.799800
FILLER_32_154,VPWR,li1,77.0500,100.6400,1.799800
FILLER_32_151,VPWR,li1,75.6700,100.6400,1.799802
FILLER_32_128,VPWR,li1,65.0900,100.6400,1.799816
FILLER_32_125,VPWR,li1,63.7100,100.6400,1.799816
FILLER_32_122,VPWR,li1,62.3300,100.6400,1.799822
FILLER_32_119,VPWR,li1,60.9500,100.6400,1.799822
FILLER_32_116,VPWR,li1,59.5700,100.6400,1.799828
FILLER_32_113,VPWR,li1,58.1900,100.6400,1.799828
FILLER_32_110,VPWR,li1,56.8100,100.6400,1.799832
FILLER_32_107,VPWR,li1,55.4300,100.6400,1.799838
FILLER_32_104,VPWR,li1,54.0500,100.6400,1.799838
FILLER_32_101,VPWR,li1,52.6700,100.6400,1.799844
FILLER_32_98,VPWR,li1,51.2900,100.6400,1.799844
FILLER_32_95,VPWR,li1,49.9100,100.6400,1.799849
FILLER_32_83,VPWR,li1,43.9300,100.6400,1.799864
FILLER_32_80,VPWR,li1,43.0100,100.6400,1.799864
FILLER_32_77,VPWR,li1,41.6300,100.6400,1.799872
FILLER_32_74,VPWR,li1,40.2500,100.6400,1.799872
FILLER_32_54,VPWR,li1,31.0500,100.6400,1.799901
FILLER_32_51,VPWR,li1,29.6700,100.6400,1.799908
FILLER_32_29,VPWR,li1,19.3200,100.6400,1.799931
FILLER_32_27,VPWR,li1,18.1700,100.6400,1.799929
FILLER_32_24,VPWR,li1,17.2500,100.6400,1.799929
FILLER_32_3,VPWR,li1,7.5900,100.6400,1.799924
FILLER_31_243,VPWR,li1,117.7600,95.2000,1.799609
FILLER_31_234,VPWR,li1,113.8500,95.2000,1.799613
FILLER_31_231,VPWR,li1,112.4700,95.2000,1.799613
FILLER_31_228,VPWR,li1,111.0900,95.2000,1.799616
FILLER_31_225,VPWR,li1,109.7100,95.2000,1.799618
FILLER_31_223,VPWR,li1,108.3300,95.2000,1.799618
FILLER_31_220,VPWR,li1,107.4100,95.2000,1.799621
FILLER_31_217,VPWR,li1,106.0300,95.2000,1.799621
FILLER_31_214,VPWR,li1,104.6500,95.2000,1.799624
FILLER_31_211,VPWR,li1,103.2700,95.2000,1.799624
FILLER_31_208,VPWR,li1,101.8900,95.2000,1.799626
FILLER_31_205,VPWR,li1,100.5100,95.2000,1.799629
FILLER_31_202,VPWR,li1,99.1300,95.2000,1.799629
FILLER_31_199,VPWR,li1,97.7500,95.2000,1.799632
FILLER_31_196,VPWR,li1,96.3700,95.2000,1.799634
FILLER_31_193,VPWR,li1,94.9900,95.2000,1.799634
FILLER_31_190,VPWR,li1,93.6100,95.2000,1.799638
FILLER_31_172,VPWR,li1,85.3300,95.2000,1.799652
FILLER_31_169,VPWR,li1,83.9500,95.2000,1.799658
FILLER_31_165,VPWR,li1,82.1100,95.2000,1.799663
FILLER_31_150,VPWR,li1,74.9800,95.2000,1.799683
FILLER_31_144,VPWR,li1,72.2200,95.2000,1.799691
FILLER_31_141,VPWR,li1,71.0700,95.2000,1.799691
FILLER_31_134,VPWR,li1,67.8500,95.2000,1.799705
FILLER_31_131,VPWR,li1,66.4700,95.2000,1.799705
FILLER_31_128,VPWR,li1,65.0900,95.2000,1.799712
FILLER_31_125,VPWR,li1,63.7100,95.2000,1.799718
FILLER_31_122,VPWR,li1,62.3300,95.2000,1.799718
FILLER_31_119,VPWR,li1,60.9500,95.2000,1.799726
FILLER_31_105,VPWR,li1,54.2800,95.2000,1.799746
FILLER_31_102,VPWR,li1,53.1300,95.2000,1.799755
FILLER_31_99,VPWR,li1,51.7500,95.2000,1.799755
FILLER_31_96,VPWR,li1,50.3700,95.2000,1.799766
FILLER_31_93,VPWR,li1,48.9900,95.2000,1.799766
FILLER_31_90,VPWR,li1,47.6100,95.2000,1.799775
FILLER_31_80,VPWR,li1,43.0100,95.2000,1.799797
FILLER_31_69,VPWR,li1,37.9500,95.2000,1.799815
FILLER_31_66,VPWR,li1,36.5700,95.2000,1.799828
FILLER_31_63,VPWR,li1,35.1900,95.2000,1.799838
FILLER_31_60,VPWR,li1,33.8100,95.2000,1.799838
FILLER_31_57,VPWR,li1,32.4300,95.2000,1.799851
FILLER_31_53,VPWR,li1,30.5900,95.2000,1.799865
FILLER_31_50,VPWR,li1,29.2100,95.2000,1.799865
FILLER_31_27,VPWR,li1,18.1700,95.2000,1.799901
FILLER_31_24,VPWR,li1,17.2500,95.2000,1.799901
FILLER_31_21,VPWR,li1,15.8700,95.2000,1.799898
FILLER_31_11,VPWR,li1,11.0400,95.2000,1.799890
FILLER_31_3,VPWR,li1,7.3600,95.2000,1.799886
FILLER_30_235,VPWR,li1,114.0800,95.2000,1.799613
FILLER_30_232,VPWR,li1,112.9300,95.2000,1.799613
FILLER_30_229,VPWR,li1,111.5500,95.2000,1.799616
FILLER_30_226,VPWR,li1,110.1700,95.2000,1.799616
FILLER_30_223,VPWR,li1,108.7900,95.2000,1.799618
FILLER_30_220,VPWR,li1,107.4100,95.2000,1.799621
FILLER_30_217,VPWR,li1,106.0300,95.2000,1.799621
FILLER_30_214,VPWR,li1,104.6500,95.2000,1.799624
FILLER_30_211,VPWR,li1,103.2700,95.2000,1.799624
FILLER_30_203,VPWR,li1,99.5900,95.2000,1.799629
FILLER_30_200,VPWR,li1,98.2100,95.2000,1.799632
FILLER_30_197,VPWR,li1,96.8300,95.2000,1.799632
FILLER_30_175,VPWR,li1,86.7100,95.2000,1.799652
FILLER_30_172,VPWR,li1,85.3300,95.2000,1.799652
FILLER_30_169,VPWR,li1,83.9500,95.2000,1.799658
FILLER_30_166,VPWR,li1,82.5700,95.2000,1.799663
FILLER_30_163,VPWR,li1,81.1900,95.2000,1.799663
FILLER_30_160,VPWR,li1,79.8100,95.2000,1.799669
FILLER_30_157,VPWR,li1,78.4300,95.2000,1.799669
FILLER_30_154,VPWR,li1,77.0500,95.2000,1.799677
FILLER_30_147,VPWR,li1,73.8300,95.2000,1.799683
FILLER_30_144,VPWR,li1,72.4500,95.2000,1.799691
FILLER_30_141,VPWR,li1,71.0700,95.2000,1.799691
FILLER_30_137,VPWR,li1,69.2300,95.2000,1.799696
FILLER_30_129,VPWR,li1,65.5500,95.2000,1.799712
FILLER_30_126,VPWR,li1,64.1700,95.2000,1.799712
FILLER_30_123,VPWR,li1,62.7900,95.2000,1.799718
FILLER_30_120,VPWR,li1,61.4100,95.2000,1.799726
FILLER_30_117,VPWR,li1,60.0300,95.2000,1.799726
FILLER_30_102,VPWR,li1,52.6700,95.2000,1.799755
FILLER_30_99,VPWR,li1,51.7500,95.2000,1.799755
FILLER_30_91,VPWR,li1,48.0700,95.2000,1.799775
FILLER_30_88,VPWR,li1,46.6900,95.2000,1.799775
FILLER_30_85,VPWR,li1,45.3100,95.2000,1.799785
FILLER_30_67,VPWR,li1,36.5700,95.2000,1.799828
FILLER_30_64,VPWR,li1,35.6500,95.2000,1.799828
FILLER_30_61,VPWR,li1,34.2700,95.2000,1.799838
FILLER_30_58,VPWR,li1,32.8900,95.2000,1.799851
FILLER_30_55,VPWR,li1,31.5100,95.2000,1.799851
FILLER_30_38,VPWR,li1,23.2300,95.2000,1.799910
FILLER_30_35,VPWR,li1,22.3100,95.2000,1.799910
FILLER_30_32,VPWR,li1,20.9300,95.2000,1.799906
FILLER_30_29,VPWR,li1,19.5500,95.2000,1.799906
FILLER_30_26,VPWR,li1,17.9400,95.2000,1.799901
FILLER_30_23,VPWR,li1,16.7900,95.2000,1.799898
FILLER_30_20,VPWR,li1,15.4100,95.2000,1.799898
FILLER_30_17,VPWR,li1,14.0300,95.2000,1.799894
FILLER_30_14,VPWR,li1,12.6500,95.2000,1.799890
FILLER_30_11,VPWR,li1,11.2700,95.2000,1.799890
FILLER_29_234,VPWR,li1,113.8500,89.7600,1.799755
FILLER_29_231,VPWR,li1,112.4700,89.7600,1.799755
FILLER_29_228,VPWR,li1,111.0900,89.7600,1.799756
FILLER_29_225,VPWR,li1,109.7100,89.7600,1.799756
FILLER_29_223,VPWR,li1,108.3300,89.7600,1.799756
FILLER_29_220,VPWR,li1,107.4100,89.7600,1.799757
FILLER_29_217,VPWR,li1,106.0300,89.7600,1.799757
FILLER_29_214,VPWR,li1,104.6500,89.7600,1.799757
FILLER_29_196,VPWR,li1,96.3700,89.7600,1.799763
FILLER_29_193,VPWR,li1,94.9900,89.7600,1.799763
FILLER_29_190,VPWR,li1,93.6100,89.7600,1.799764
FILLER_29_187,VPWR,li1,92.2300,89.7600,1.799766
FILLER_29_184,VPWR,li1,90.8500,89.7600,1.799766
FILLER_29_181,VPWR,li1,89.4700,89.7600,1.799768
FILLER_29_178,VPWR,li1,88.0900,89.7600,1.799769
FILLER_29_175,VPWR,li1,86.7100,89.7600,1.799769
FILLER_29_172,VPWR,li1,85.3300,89.7600,1.799771
FILLER_29_169,VPWR,li1,83.9500,89.7600,1.799772
FILLER_29_138,VPWR,li1,69.4600,89.7600,1.799791
FILLER_29_131,VPWR,li1,66.0100,89.7600,1.799799
FILLER_29_128,VPWR,li1,65.0900,89.7600,1.799799
FILLER_29_125,VPWR,li1,63.7100,89.7600,1.799803
FILLER_29_122,VPWR,li1,62.3300,89.7600,1.799807
FILLER_29_119,VPWR,li1,60.9500,89.7600,1.799807
FILLER_29_116,VPWR,li1,59.5700,89.7600,1.799810
FILLER_29_113,VPWR,li1,58.1900,89.7600,1.799813
FILLER_29_110,VPWR,li1,56.5800,89.7600,1.799817
FILLER_29_107,VPWR,li1,55.4300,89.7600,1.799817
FILLER_29_89,VPWR,li1,47.1500,89.7600,1.799835
FILLER_29_63,VPWR,li1,34.7300,89.7600,1.799872
FILLER_29_60,VPWR,li1,33.8100,89.7600,1.799881
FILLER_29_57,VPWR,li1,32.4300,89.7600,1.799881
FILLER_29_55,VPWR,li1,31.0500,89.7600,1.799889
FILLER_29_52,VPWR,li1,30.1300,89.7600,1.799889
FILLER_29_49,VPWR,li1,28.7500,89.7600,1.799900
FILLER_29_46,VPWR,li1,27.3700,89.7600,1.799900
FILLER_29_43,VPWR,li1,25.9900,89.7600,1.799908
FILLER_29_40,VPWR,li1,24.6100,89.7600,1.799916
FILLER_29_37,VPWR,li1,23.2300,89.7600,1.799916
FILLER_29_28,VPWR,li1,18.6300,89.7600,1.799922
FILLER_29_18,VPWR,li1,14.0300,89.7600,1.799915
FILLER_29_3,VPWR,li1,7.1300,89.7600,1.799913
FILLER_28_236,VPWR,li1,114.3100,89.7600,1.799754
FILLER_28_233,VPWR,li1,113.3900,89.7600,1.799755
FILLER_28_230,VPWR,li1,112.0100,89.7600,1.799756
FILLER_28_227,VPWR,li1,110.6300,89.7600,1.799756
FILLER_28_224,VPWR,li1,109.2500,89.7600,1.799756
FILLER_28_221,VPWR,li1,107.8700,89.7600,1.799757
FILLER_28_218,VPWR,li1,106.4900,89.7600,1.799757
FILLER_28_215,VPWR,li1,105.1100,89.7600,1.799757
FILLER_28_212,VPWR,li1,103.7300,89.7600,1.799758
FILLER_28_209,VPWR,li1,102.3500,89.7600,1.799758
FILLER_28_197,VPWR,li1,96.8300,89.7600,1.799761
FILLER_28_195,VPWR,li1,95.4500,89.7600,1.799763
FILLER_28_192,VPWR,li1,94.5300,89.7600,1.799764
FILLER_28_189,VPWR,li1,93.1500,89.7600,1.799764
FILLER_28_186,VPWR,li1,91.7700,89.7600,1.799766
FILLER_28_183,VPWR,li1,90.3900,89.7600,1.799768
FILLER_28_180,VPWR,li1,89.0100,89.7600,1.799768
FILLER_28_177,VPWR,li1,87.6300,89.7600,1.799769
FILLER_28_174,VPWR,li1,86.2500,89.7600,1.799771
FILLER_28_171,VPWR,li1,84.8700,89.7600,1.799771
FILLER_28_168,VPWR,li1,83.4900,89.7600,1.799772
FILLER_28_165,VPWR,li1,82.1100,89.7600,1.799774
FILLER_28_162,VPWR,li1,80.7300,89.7600,1.799776
FILLER_28_159,VPWR,li1,79.3500,89.7600,1.799776
FILLER_28_156,VPWR,li1,77.9700,89.7600,1.799779
FILLER_28_153,VPWR,li1,76.5900,89.7600,1.799779
FILLER_28_150,VPWR,li1,75.2100,89.7600,1.799784
FILLER_28_147,VPWR,li1,73.8300,89.7600,1.799784
FILLER_28_144,VPWR,li1,72.4500,89.7600,1.799787
FILLER_28_141,VPWR,li1,71.0700,89.7600,1.799791
FILLER_28_139,VPWR,li1,69.6900,89.7600,1.799791
FILLER_28_136,VPWR,li1,68.7700,89.7600,1.799795
FILLER_28_133,VPWR,li1,67.3900,89.7600,1.799795
FILLER_28_130,VPWR,li1,66.0100,89.7600,1.799799
FILLER_28_127,VPWR,li1,64.6300,89.7600,1.799803
FILLER_28_124,VPWR,li1,63.2500,89.7600,1.799803
FILLER_28_121,VPWR,li1,61.8700,89.7600,1.799807
FILLER_28_118,VPWR,li1,60.4900,89.7600,1.799810
FILLER_28_115,VPWR,li1,59.1100,89.7600,1.799810
FILLER_28_112,VPWR,li1,57.7300,89.7600,1.799813
FILLER_28_109,VPWR,li1,56.3500,89.7600,1.799817
FILLER_28_106,VPWR,li1,54.9700,89.7600,1.799820
FILLER_28_103,VPWR,li1,53.5900,89.7600,1.799820
FILLER_28_94,VPWR,li1,48.9900,89.7600,1.799830
FILLER_28_91,VPWR,li1,48.0700,89.7600,1.799835
FILLER_28_88,VPWR,li1,46.6900,89.7600,1.799839
FILLER_28_85,VPWR,li1,45.3100,89.7600,1.799839
FILLER_28_77,VPWR,li1,41.4000,89.7600,1.799855
FILLER_28_74,VPWR,li1,40.2500,89.7600,1.799855
FILLER_28_55,VPWR,li1,31.2800,89.7600,1.799889
FILLER_28_52,VPWR,li1,30.1300,89.7600,1.799889
FILLER_28_49,VPWR,li1,28.7500,89.7600,1.799900
FILLER_28_29,VPWR,li1,19.3200,89.7600,1.799922
FILLER_28_26,VPWR,li1,17.9400,89.7600,1.799916
FILLER_28_23,VPWR,li1,16.7900,89.7600,1.799916
FILLER_28_20,VPWR,li1,15.4100,89.7600,1.799915
FILLER_28_3,VPWR,li1,7.1300,89.7600,1.799913
FILLER_27_228,VPWR,li1,110.8600,84.3200,1.799773
FILLER_27_225,VPWR,li1,109.7100,84.3200,1.799773
FILLER_27_223,VPWR,li1,108.3300,84.3200,1.799775
FILLER_27_220,VPWR,li1,107.4100,84.3200,1.799775
FILLER_27_217,VPWR,li1,106.0300,84.3200,1.799777
FILLER_27_214,VPWR,li1,104.6500,84.3200,1.799777
FILLER_27_208,VPWR,li1,101.6600,84.3200,1.799780
FILLER_27_205,VPWR,li1,100.5100,84.3200,1.799783
FILLER_27_202,VPWR,li1,99.1300,84.3200,1.799783
FILLER_27_199,VPWR,li1,97.7500,84.3200,1.799786
FILLER_27_196,VPWR,li1,96.3700,84.3200,1.799788
FILLER_27_193,VPWR,li1,94.9900,84.3200,1.799788
FILLER_27_190,VPWR,li1,93.6100,84.3200,1.799791
FILLER_27_187,VPWR,li1,92.2300,84.3200,1.799793
FILLER_27_184,VPWR,li1,90.8500,84.3200,1.799793
FILLER_27_181,VPWR,li1,89.4700,84.3200,1.799796
FILLER_27_178,VPWR,li1,88.0900,84.3200,1.799799
FILLER_27_175,VPWR,li1,86.7100,84.3200,1.799799
FILLER_27_172,VPWR,li1,85.3300,84.3200,1.799801
FILLER_27_169,VPWR,li1,83.9500,84.3200,1.799804
FILLER_27_167,VPWR,li1,82.5700,84.3200,1.799804
FILLER_27_164,VPWR,li1,81.6500,84.3200,1.799807
FILLER_27_161,VPWR,li1,80.2700,84.3200,1.799807
FILLER_27_158,VPWR,li1,78.8900,84.3200,1.799810
FILLER_27_155,VPWR,li1,77.5100,84.3200,1.799810
FILLER_27_152,VPWR,li1,76.1300,84.3200,1.799814
FILLER_27_149,VPWR,li1,74.7500,84.3200,1.799814
FILLER_27_146,VPWR,li1,73.3700,84.3200,1.799818
FILLER_27_143,VPWR,li1,71.9900,84.3200,1.799818
FILLER_27_140,VPWR,li1,70.6100,84.3200,1.799821
FILLER_27_137,VPWR,li1,69.2300,84.3200,1.799824
FILLER_27_134,VPWR,li1,67.8500,84.3200,1.799826
FILLER_27_131,VPWR,li1,66.4700,84.3200,1.799826
FILLER_27_128,VPWR,li1,65.0900,84.3200,1.799830
FILLER_27_125,VPWR,li1,63.7100,84.3200,1.799833
FILLER_27_122,VPWR,li1,62.3300,84.3200,1.799833
FILLER_27_119,VPWR,li1,60.9500,84.3200,1.799836
FILLER_27_116,VPWR,li1,59.5700,84.3200,1.799839
FILLER_27_113,VPWR,li1,58.1900,84.3200,1.799839
FILLER_27_98,VPWR,li1,50.8300,84.3200,1.799852
FILLER_27_95,VPWR,li1,49.9100,84.3200,1.799857
FILLER_27_92,VPWR,li1,48.5300,84.3200,1.799857
FILLER_27_89,VPWR,li1,47.1500,84.3200,1.799860
FILLER_27_86,VPWR,li1,45.7700,84.3200,1.799865
FILLER_27_83,VPWR,li1,44.3900,84.3200,1.799865
FILLER_27_66,VPWR,li1,36.3400,84.3200,1.799891
FILLER_27_63,VPWR,li1,35.1900,84.3200,1.799891
FILLER_27_60,VPWR,li1,33.8100,84.3200,1.799899
FILLER_27_57,VPWR,li1,32.4300,84.3200,1.799899
FILLER_27_53,VPWR,li1,30.5900,84.3200,1.799905
FILLER_27_20,VPWR,li1,14.9500,84.3200,1.799938
FILLER_27_3,VPWR,li1,7.3600,84.3200,1.799936
FILLER_26_220,VPWR,li1,107.4100,84.3200,1.799775
FILLER_26_200,VPWR,li1,97.7500,84.3200,1.799786
FILLER_26_197,VPWR,li1,96.8300,84.3200,1.799786
FILLER_26_194,VPWR,li1,95.2200,84.3200,1.799788
FILLER_26_191,VPWR,li1,94.0700,84.3200,1.799791
FILLER_26_188,VPWR,li1,92.6900,84.3200,1.799791
FILLER_26_185,VPWR,li1,91.3100,84.3200,1.799793
FILLER_26_182,VPWR,li1,89.9300,84.3200,1.799796
FILLER_26_179,VPWR,li1,88.5500,84.3200,1.799796
FILLER_26_176,VPWR,li1,87.1700,84.3200,1.799799
FILLER_26_173,VPWR,li1,85.7900,84.3200,1.799801
FILLER_26_170,VPWR,li1,84.4100,84.3200,1.799801
FILLER_26_167,VPWR,li1,83.0300,84.3200,1.799804
FILLER_26_164,VPWR,li1,81.6500,84.3200,1.799807
FILLER_26_161,VPWR,li1,80.2700,84.3200,1.799807
FILLER_26_158,VPWR,li1,78.8900,84.3200,1.799810
FILLER_26_155,VPWR,li1,77.5100,84.3200,1.799810
FILLER_26_144,VPWR,li1,71.9900,84.3200,1.799818
FILLER_26_141,VPWR,li1,71.0700,84.3200,1.799821
FILLER_26_138,VPWR,li1,69.4600,84.3200,1.799824
FILLER_26_135,VPWR,li1,68.3100,84.3200,1.799824
FILLER_26_132,VPWR,li1,66.9300,84.3200,1.799826
FILLER_26_129,VPWR,li1,65.5500,84.3200,1.799830
FILLER_26_126,VPWR,li1,64.1700,84.3200,1.799830
FILLER_26_123,VPWR,li1,62.7900,84.3200,1.799833
FILLER_26_120,VPWR,li1,61.4100,84.3200,1.799836
FILLER_26_117,VPWR,li1,60.0300,84.3200,1.799836
FILLER_26_114,VPWR,li1,58.6500,84.3200,1.799839
FILLER_26_111,VPWR,li1,57.2700,84.3200,1.799843
FILLER_26_108,VPWR,li1,55.8900,84.3200,1.799843
FILLER_26_94,VPWR,li1,49.2200,84.3200,1.799857
FILLER_26_91,VPWR,li1,48.0700,84.3200,1.799860
FILLER_26_88,VPWR,li1,46.6900,84.3200,1.799860
FILLER_26_85,VPWR,li1,45.3100,84.3200,1.799865
FILLER_26_82,VPWR,li1,43.7000,84.3200,1.799869
FILLER_26_79,VPWR,li1,42.5500,84.3200,1.799869
FILLER_26_62,VPWR,li1,34.7300,84.3200,1.799891
FILLER_26_44,VPWR,li1,26.4500,84.3200,1.799925
FILLER_26_41,VPWR,li1,25.0700,84.3200,1.799925
FILLER_26_38,VPWR,li1,23.6900,84.3200,1.799934
FILLER_26_27,VPWR,li1,18.1700,84.3200,1.799939
FILLER_26_24,VPWR,li1,17.2500,84.3200,1.799939
FILLER_26_21,VPWR,li1,15.8700,84.3200,1.799938
FILLER_26_18,VPWR,li1,14.4900,84.3200,1.799938
FILLER_25_225,VPWR,li1,109.7100,78.8800,1.799532
FILLER_25_223,VPWR,li1,108.3300,78.8800,1.799534
FILLER_25_175,VPWR,li1,86.2500,78.8800,1.799585
FILLER_25_172,VPWR,li1,85.3300,78.8800,1.799592
FILLER_25_169,VPWR,li1,83.9500,78.8800,1.799592
FILLER_25_167,VPWR,li1,82.5700,78.8800,1.799601
FILLER_25_164,VPWR,li1,81.6500,78.8800,1.799601
FILLER_25_161,VPWR,li1,80.2700,78.8800,1.799611
FILLER_25_158,VPWR,li1,78.8900,78.8800,1.799611
FILLER_25_155,VPWR,li1,77.5100,78.8800,1.799622
FILLER_25_152,VPWR,li1,76.1300,78.8800,1.799622
FILLER_25_149,VPWR,li1,74.7500,78.8800,1.799635
FILLER_25_146,VPWR,li1,73.3700,78.8800,1.799635
FILLER_25_143,VPWR,li1,71.9900,78.8800,1.799646
FILLER_25_140,VPWR,li1,70.6100,78.8800,1.799655
FILLER_25_137,VPWR,li1,69.2300,78.8800,1.799655
FILLER_25_134,VPWR,li1,67.8500,78.8800,1.799664
FILLER_25_131,VPWR,li1,66.4700,78.8800,1.799675
FILLER_25_128,VPWR,li1,65.0900,78.8800,1.799675
FILLER_25_125,VPWR,li1,63.7100,78.8800,1.799684
FILLER_25_122,VPWR,li1,62.3300,78.8800,1.799695
FILLER_25_119,VPWR,li1,60.9500,78.8800,1.799695
FILLER_25_116,VPWR,li1,59.5700,78.8800,1.799704
FILLER_25_113,VPWR,li1,58.1900,78.8800,1.799713
FILLER_25_109,VPWR,li1,56.3500,78.8800,1.799724
FILLER_25_96,VPWR,li1,50.3700,78.8800,1.799752
FILLER_25_93,VPWR,li1,48.9900,78.8800,1.799761
FILLER_25_90,VPWR,li1,47.6100,78.8800,1.799761
FILLER_25_87,VPWR,li1,46.2300,78.8800,1.799773
FILLER_25_84,VPWR,li1,44.8500,78.8800,1.799783
FILLER_25_81,VPWR,li1,43.4700,78.8800,1.799783
FILLER_25_78,VPWR,li1,42.0900,78.8800,1.799797
FILLER_25_75,VPWR,li1,40.7100,78.8800,1.799797
FILLER_25_72,VPWR,li1,39.3300,78.8800,1.799811
FILLER_25_54,VPWR,li1,30.8200,78.8800,1.799850
FILLER_25_47,VPWR,li1,27.3700,78.8800,1.799878
FILLER_25_44,VPWR,li1,26.4500,78.8800,1.799878
FILLER_25_41,VPWR,li1,25.0700,78.8800,1.799894
FILLER_25_38,VPWR,li1,23.6900,78.8800,1.799894
FILLER_25_35,VPWR,li1,22.3100,78.8800,1.799911
FILLER_25_32,VPWR,li1,20.9300,78.8800,1.799911
FILLER_25_29,VPWR,li1,19.5500,78.8800,1.799905
FILLER_25_26,VPWR,li1,18.1700,78.8800,1.799900
FILLER_25_23,VPWR,li1,16.7900,78.8800,1.799900
FILLER_25_15,VPWR,li1,12.8800,78.8800,1.799891
FILLER_25_12,VPWR,li1,11.7300,78.8800,1.799887
FILLER_24_242,VPWR,li1,117.5300,78.8800,1.799528
FILLER_24_225,VPWR,li1,109.2500,78.8800,1.799532
FILLER_24_193,VPWR,li1,94.9900,78.8800,1.799560
FILLER_24_190,VPWR,li1,93.6100,78.8800,1.799560
FILLER_24_176,VPWR,li1,87.1700,78.8800,1.799585
FILLER_24_173,VPWR,li1,85.7900,78.8800,1.799585
FILLER_24_170,VPWR,li1,84.4100,78.8800,1.799592
FILLER_24_167,VPWR,li1,83.0300,78.8800,1.799601
FILLER_24_164,VPWR,li1,81.6500,78.8800,1.799601
FILLER_24_161,VPWR,li1,80.2700,78.8800,1.799611
FILLER_24_144,VPWR,li1,71.9900,78.8800,1.799646
FILLER_24_141,VPWR,li1,71.0700,78.8800,1.799646
FILLER_24_139,VPWR,li1,69.6900,78.8800,1.799655
FILLER_24_136,VPWR,li1,68.7700,78.8800,1.799664
FILLER_24_133,VPWR,li1,67.3900,78.8800,1.799664
FILLER_24_130,VPWR,li1,66.0100,78.8800,1.799675
FILLER_24_127,VPWR,li1,64.6300,78.8800,1.799684
FILLER_24_124,VPWR,li1,63.2500,78.8800,1.799684
FILLER_24_121,VPWR,li1,61.8700,78.8800,1.799695
FILLER_24_118,VPWR,li1,60.4900,78.8800,1.799704
FILLER_24_115,VPWR,li1,59.1100,78.8800,1.799704
FILLER_24_112,VPWR,li1,57.7300,78.8800,1.799713
FILLER_24_109,VPWR,li1,56.3500,78.8800,1.799724
FILLER_24_106,VPWR,li1,54.9700,78.8800,1.799724
FILLER_24_103,VPWR,li1,53.5900,78.8800,1.799737
FILLER_24_100,VPWR,li1,52.2100,78.8800,1.799737
FILLER_24_97,VPWR,li1,50.8300,78.8800,1.799752
FILLER_24_94,VPWR,li1,49.4500,78.8800,1.799752
FILLER_24_91,VPWR,li1,48.0700,78.8800,1.799761
FILLER_24_88,VPWR,li1,46.6900,78.8800,1.799773
FILLER_24_85,VPWR,li1,45.3100,78.8800,1.799773
FILLER_24_81,VPWR,li1,43.4700,78.8800,1.799783
FILLER_24_78,VPWR,li1,42.0900,78.8800,1.799797
FILLER_24_75,VPWR,li1,40.7100,78.8800,1.799797
FILLER_24_72,VPWR,li1,39.3300,78.8800,1.799811
FILLER_24_69,VPWR,li1,37.9500,78.8800,1.799811
FILLER_24_44,VPWR,li1,26.2200,78.8800,1.799878
FILLER_24_41,VPWR,li1,25.0700,78.8800,1.799894
FILLER_24_38,VPWR,li1,23.6900,78.8800,1.799894
FILLER_24_35,VPWR,li1,22.3100,78.8800,1.799911
FILLER_24_32,VPWR,li1,20.9300,78.8800,1.799911
FILLER_24_29,VPWR,li1,19.5500,78.8800,1.799905
FILLER_24_11,VPWR,li1,11.0400,78.8800,1.799887
FILLER_23_214,VPWR,li1,104.6500,73.4400,1.799638
FILLER_23_194,VPWR,li1,95.4500,73.4400,1.799657
FILLER_23_191,VPWR,li1,94.0700,73.4400,1.799657
FILLER_23_188,VPWR,li1,92.6900,73.4400,1.799664
FILLER_23_185,VPWR,li1,91.3100,73.4400,1.799664
FILLER_23_175,VPWR,li1,86.2500,73.4400,1.799682
FILLER_23_172,VPWR,li1,85.3300,73.4400,1.799682
FILLER_23_169,VPWR,li1,83.9500,73.4400,1.799691
FILLER_23_167,VPWR,li1,82.5700,73.4400,1.799691
FILLER_23_143,VPWR,li1,71.9900,73.4400,1.799739
FILLER_23_140,VPWR,li1,70.6100,73.4400,1.799739
FILLER_23_137,VPWR,li1,69.2300,73.4400,1.799747
FILLER_23_134,VPWR,li1,67.8500,73.4400,1.799756
FILLER_23_131,VPWR,li1,66.4700,73.4400,1.799756
FILLER_23_128,VPWR,li1,65.0900,73.4400,1.799764
FILLER_23_125,VPWR,li1,63.7100,73.4400,1.799773
FILLER_23_122,VPWR,li1,62.3300,73.4400,1.799773
FILLER_23_119,VPWR,li1,60.9500,73.4400,1.799781
FILLER_23_116,VPWR,li1,59.5700,73.4400,1.799790
FILLER_23_113,VPWR,li1,58.1900,73.4400,1.799790
FILLER_23_109,VPWR,li1,56.3500,73.4400,1.799798
FILLER_23_106,VPWR,li1,54.9700,73.4400,1.799809
FILLER_23_103,VPWR,li1,53.5900,73.4400,1.799809
FILLER_23_100,VPWR,li1,52.2100,73.4400,1.799821
FILLER_23_97,VPWR,li1,50.8300,73.4400,1.799821
FILLER_23_94,VPWR,li1,49.4500,73.4400,1.799832
FILLER_23_91,VPWR,li1,48.0700,73.4400,1.799832
FILLER_23_88,VPWR,li1,46.6900,73.4400,1.799843
FILLER_23_85,VPWR,li1,45.3100,73.4400,1.799843
FILLER_23_82,VPWR,li1,43.9300,73.4400,1.799851
FILLER_23_79,VPWR,li1,42.5500,73.4400,1.799861
FILLER_23_76,VPWR,li1,41.1700,73.4400,1.799861
FILLER_23_73,VPWR,li1,39.7900,73.4400,1.799868
FILLER_23_70,VPWR,li1,38.4100,73.4400,1.799878
FILLER_23_67,VPWR,li1,37.0300,73.4400,1.799878
FILLER_23_64,VPWR,li1,35.6500,73.4400,1.799885
FILLER_23_44,VPWR,li1,26.4500,73.4400,1.799925
FILLER_23_41,VPWR,li1,25.0700,73.4400,1.799936
FILLER_23_38,VPWR,li1,23.6900,73.4400,1.799936
FILLER_23_35,VPWR,li1,22.3100,73.4400,1.799944
FILLER_23_9,VPWR,li1,9.8900,73.4400,1.799936
FILLER_23_6,VPWR,li1,8.9700,73.4400,1.799936
FILLER_23_3,VPWR,li1,7.5900,73.4400,1.799936
FILLER_22_236,VPWR,li1,114.3100,73.4400,1.799629
FILLER_22_214,VPWR,li1,104.6500,73.4400,1.799638
FILLER_22_194,VPWR,li1,95.2200,73.4400,1.799657
FILLER_22_173,VPWR,li1,85.7900,73.4400,1.799682
FILLER_22_144,VPWR,li1,72.2200,73.4400,1.799739
FILLER_22_141,VPWR,li1,71.0700,73.4400,1.799739
FILLER_22_139,VPWR,li1,69.6900,73.4400,1.799747
FILLER_22_136,VPWR,li1,68.7700,73.4400,1.799747
FILLER_22_133,VPWR,li1,67.3900,73.4400,1.799756
FILLER_22_130,VPWR,li1,66.0100,73.4400,1.799764
FILLER_22_127,VPWR,li1,64.6300,73.4400,1.799764
FILLER_22_124,VPWR,li1,63.2500,73.4400,1.799773
FILLER_22_121,VPWR,li1,61.8700,73.4400,1.799781
FILLER_22_118,VPWR,li1,60.4900,73.4400,1.799781
FILLER_22_115,VPWR,li1,59.1100,73.4400,1.799790
FILLER_22_112,VPWR,li1,57.7300,73.4400,1.799798
FILLER_22_109,VPWR,li1,56.3500,73.4400,1.799798
FILLER_22_106,VPWR,li1,54.9700,73.4400,1.799809
FILLER_22_103,VPWR,li1,53.5900,73.4400,1.799809
FILLER_22_100,VPWR,li1,52.2100,73.4400,1.799821
FILLER_22_97,VPWR,li1,50.8300,73.4400,1.799821
FILLER_22_94,VPWR,li1,49.4500,73.4400,1.799832
FILLER_22_91,VPWR,li1,48.0700,73.4400,1.799832
FILLER_22_88,VPWR,li1,46.6900,73.4400,1.799843
FILLER_22_85,VPWR,li1,45.3100,73.4400,1.799843
FILLER_22_81,VPWR,li1,43.4700,73.4400,1.799851
FILLER_22_78,VPWR,li1,42.0900,73.4400,1.799861
FILLER_22_75,VPWR,li1,40.7100,73.4400,1.799868
FILLER_22_72,VPWR,li1,39.3300,73.4400,1.799868
FILLER_22_69,VPWR,li1,37.9500,73.4400,1.799878
FILLER_22_66,VPWR,li1,36.5700,73.4400,1.799885
FILLER_22_63,VPWR,li1,35.1900,73.4400,1.799885
FILLER_22_60,VPWR,li1,33.8100,73.4400,1.799893
FILLER_22_52,VPWR,li1,30.1300,73.4400,1.799913
FILLER_22_49,VPWR,li1,28.7500,73.4400,1.799913
FILLER_22_46,VPWR,li1,27.3700,73.4400,1.799925
FILLER_22_43,VPWR,li1,25.9900,73.4400,1.799925
FILLER_22_40,VPWR,li1,24.6100,73.4400,1.799936
FILLER_22_37,VPWR,li1,23.2300,73.4400,1.799944
FILLER_22_34,VPWR,li1,21.8500,73.4400,1.799944
FILLER_22_26,VPWR,li1,17.9400,73.4400,1.799940
FILLER_21_225,VPWR,li1,109.2500,68.0000,1.799388
FILLER_21_223,VPWR,li1,108.3300,68.0000,1.799388
FILLER_21_207,VPWR,li1,101.4300,68.0000,1.799411
FILLER_21_195,VPWR,li1,95.6800,68.0000,1.799434
FILLER_21_187,VPWR,li1,91.7700,68.0000,1.799458
FILLER_21_184,VPWR,li1,90.8500,68.0000,1.799458
FILLER_21_181,VPWR,li1,89.4700,68.0000,1.799472
FILLER_21_178,VPWR,li1,88.0900,68.0000,1.799472
FILLER_21_175,VPWR,li1,86.7100,68.0000,1.799486
FILLER_21_172,VPWR,li1,85.3300,68.0000,1.799486
FILLER_21_169,VPWR,li1,83.9500,68.0000,1.799502
FILLER_21_166,VPWR,li1,82.3400,68.0000,1.799502
FILLER_21_163,VPWR,li1,81.1900,68.0000,1.799515
FILLER_21_160,VPWR,li1,79.8100,68.0000,1.799515
FILLER_21_151,VPWR,li1,75.6700,68.0000,1.799544
FILLER_21_148,VPWR,li1,74.2900,68.0000,1.799544
FILLER_21_140,VPWR,li1,70.1500,68.0000,1.799569
FILLER_21_137,VPWR,li1,69.2300,68.0000,1.799583
FILLER_21_134,VPWR,li1,67.8500,68.0000,1.799583
FILLER_21_131,VPWR,li1,66.4700,68.0000,1.799597
FILLER_21_128,VPWR,li1,65.0900,68.0000,1.799609
FILLER_21_125,VPWR,li1,63.7100,68.0000,1.799609
FILLER_21_122,VPWR,li1,62.3300,68.0000,1.799627
FILLER_21_119,VPWR,li1,60.9500,68.0000,1.799627
FILLER_21_116,VPWR,li1,59.5700,68.0000,1.799642
FILLER_21_113,VPWR,li1,58.1900,68.0000,1.799656
FILLER_21_111,VPWR,li1,56.8100,68.0000,1.799656
FILLER_21_108,VPWR,li1,55.8900,68.0000,1.799669
FILLER_21_105,VPWR,li1,54.5100,68.0000,1.799682
FILLER_21_102,VPWR,li1,53.1300,68.0000,1.799682
FILLER_21_99,VPWR,li1,51.7500,68.0000,1.799698
FILLER_21_96,VPWR,li1,50.3700,68.0000,1.799710
FILLER_21_93,VPWR,li1,48.9900,68.0000,1.799710
FILLER_21_90,VPWR,li1,47.6100,68.0000,1.799726
FILLER_21_87,VPWR,li1,46.2300,68.0000,1.799739
FILLER_21_84,VPWR,li1,44.8500,68.0000,1.799739
FILLER_21_81,VPWR,li1,43.4700,68.0000,1.799752
FILLER_21_78,VPWR,li1,42.0900,68.0000,1.799768
FILLER_21_75,VPWR,li1,40.7100,68.0000,1.799768
FILLER_21_72,VPWR,li1,39.3300,68.0000,1.799781
FILLER_21_69,VPWR,li1,37.9500,68.0000,1.799797
FILLER_21_66,VPWR,li1,36.5700,68.0000,1.799797
FILLER_21_63,VPWR,li1,35.1900,68.0000,1.799816
FILLER_21_60,VPWR,li1,33.8100,68.0000,1.799816
FILLER_21_57,VPWR,li1,32.4300,68.0000,1.799833
FILLER_21_53,VPWR,li1,30.5900,68.0000,1.799850
FILLER_21_50,VPWR,li1,29.2100,68.0000,1.799850
FILLER_21_47,VPWR,li1,27.8300,68.0000,1.799870
FILLER_21_44,VPWR,li1,26.4500,68.0000,1.799870
FILLER_21_41,VPWR,li1,25.0700,68.0000,1.799891
FILLER_21_38,VPWR,li1,23.6900,68.0000,1.799891
FILLER_21_35,VPWR,li1,22.3100,68.0000,1.799911
FILLER_21_32,VPWR,li1,20.9300,68.0000,1.799911
FILLER_21_29,VPWR,li1,19.5500,68.0000,1.799908
FILLER_21_26,VPWR,li1,18.1700,68.0000,1.799905
FILLER_21_23,VPWR,li1,16.7900,68.0000,1.799905
FILLER_21_20,VPWR,li1,15.4100,68.0000,1.799901
FILLER_21_17,VPWR,li1,14.0300,68.0000,1.799901
FILLER_21_14,VPWR,li1,12.6500,68.0000,1.799897
FILLER_21_11,VPWR,li1,11.2700,68.0000,1.799897
FILLER_20_242,VPWR,li1,117.5300,68.0000,1.799373
FILLER_20_213,VPWR,li1,103.9600,68.0000,1.799404
FILLER_20_210,VPWR,li1,102.8100,68.0000,1.799411
FILLER_20_187,VPWR,li1,92.2300,68.0000,1.799458
FILLER_20_184,VPWR,li1,90.8500,68.0000,1.799458
FILLER_20_181,VPWR,li1,89.4700,68.0000,1.799472
FILLER_20_178,VPWR,li1,88.0900,68.0000,1.799472
FILLER_20_175,VPWR,li1,86.7100,68.0000,1.799486
FILLER_20_172,VPWR,li1,85.3300,68.0000,1.799486
FILLER_20_169,VPWR,li1,83.9500,68.0000,1.799502
FILLER_20_166,VPWR,li1,82.5700,68.0000,1.799502
FILLER_20_163,VPWR,li1,81.1900,68.0000,1.799515
FILLER_20_160,VPWR,li1,79.8100,68.0000,1.799515
FILLER_20_157,VPWR,li1,78.4300,68.0000,1.799529
FILLER_20_154,VPWR,li1,77.0500,68.0000,1.799529
FILLER_20_144,VPWR,li1,71.9900,68.0000,1.799558
FILLER_20_141,VPWR,li1,71.0700,68.0000,1.799569
FILLER_20_138,VPWR,li1,69.4600,68.0000,1.799583
FILLER_20_135,VPWR,li1,68.3100,68.0000,1.799583
FILLER_20_115,VPWR,li1,58.8800,68.0000,1.799642
FILLER_20_112,VPWR,li1,57.7300,68.0000,1.799656
FILLER_20_109,VPWR,li1,56.3500,68.0000,1.799669
FILLER_20_106,VPWR,li1,54.9700,68.0000,1.799669
FILLER_20_103,VPWR,li1,53.5900,68.0000,1.799682
FILLER_20_100,VPWR,li1,52.2100,68.0000,1.799698
FILLER_20_97,VPWR,li1,50.8300,68.0000,1.799698
FILLER_20_94,VPWR,li1,49.4500,68.0000,1.799710
FILLER_20_91,VPWR,li1,48.0700,68.0000,1.799726
FILLER_20_88,VPWR,li1,46.6900,68.0000,1.799726
FILLER_20_85,VPWR,li1,45.3100,68.0000,1.799739
FILLER_20_83,VPWR,li1,43.9300,68.0000,1.799752
FILLER_20_80,VPWR,li1,43.0100,68.0000,1.799752
FILLER_20_77,VPWR,li1,41.6300,68.0000,1.799768
FILLER_20_74,VPWR,li1,40.2500,68.0000,1.799781
FILLER_20_71,VPWR,li1,38.8700,68.0000,1.799781
FILLER_20_56,VPWR,li1,31.7400,68.0000,1.799833
FILLER_20_53,VPWR,li1,30.5900,68.0000,1.799850
FILLER_20_50,VPWR,li1,29.2100,68.0000,1.799850
FILLER_20_47,VPWR,li1,27.8300,68.0000,1.799870
FILLER_20_44,VPWR,li1,26.4500,68.0000,1.799870
FILLER_20_41,VPWR,li1,25.0700,68.0000,1.799891
FILLER_20_38,VPWR,li1,23.6900,68.0000,1.799891
FILLER_20_35,VPWR,li1,22.3100,68.0000,1.799911
FILLER_20_32,VPWR,li1,20.9300,68.0000,1.799911
FILLER_20_29,VPWR,li1,19.5500,68.0000,1.799908
FILLER_20_19,VPWR,li1,14.9500,68.0000,1.799901
FILLER_20_9,VPWR,li1,9.8900,68.0000,1.799897
FILLER_20_6,VPWR,li1,8.9700,68.0000,1.799897
FILLER_20_3,VPWR,li1,7.5900,68.0000,1.799897
FILLER_19_225,VPWR,li1,109.7100,62.5600,1.799304
FILLER_19_218,VPWR,li1,106.2600,62.5600,1.799312
FILLER_19_209,VPWR,li1,101.8900,62.5600,1.799336
FILLER_19_203,VPWR,li1,99.1300,62.5600,1.799349
FILLER_19_196,VPWR,li1,96.1400,62.5600,1.799358
FILLER_19_193,VPWR,li1,94.9900,62.5600,1.799369
FILLER_19_190,VPWR,li1,93.6100,62.5600,1.799369
FILLER_19_187,VPWR,li1,92.2300,62.5600,1.799383
FILLER_19_184,VPWR,li1,90.8500,62.5600,1.799383
FILLER_19_181,VPWR,li1,89.4700,62.5600,1.799397
FILLER_19_178,VPWR,li1,88.0900,62.5600,1.799397
FILLER_19_175,VPWR,li1,86.7100,62.5600,1.799411
FILLER_19_172,VPWR,li1,85.3300,62.5600,1.799411
FILLER_19_169,VPWR,li1,83.9500,62.5600,1.799426
FILLER_19_166,VPWR,li1,82.3400,62.5600,1.799426
FILLER_19_163,VPWR,li1,81.1900,62.5600,1.799439
FILLER_19_160,VPWR,li1,79.8100,62.5600,1.799439
FILLER_19_137,VPWR,li1,68.7700,62.5600,1.799501
FILLER_19_134,VPWR,li1,67.8500,62.5600,1.799516
FILLER_19_131,VPWR,li1,66.4700,62.5600,1.799516
FILLER_19_128,VPWR,li1,65.0900,62.5600,1.799528
FILLER_19_125,VPWR,li1,63.7100,62.5600,1.799544
FILLER_19_122,VPWR,li1,62.3300,62.5600,1.799544
FILLER_19_119,VPWR,li1,60.9500,62.5600,1.799558
FILLER_19_116,VPWR,li1,59.5700,62.5600,1.799573
FILLER_19_113,VPWR,li1,58.1900,62.5600,1.799573
FILLER_19_109,VPWR,li1,56.3500,62.5600,1.799587
FILLER_19_106,VPWR,li1,54.9700,62.5600,1.799604
FILLER_19_103,VPWR,li1,53.5900,62.5600,1.799617
FILLER_19_100,VPWR,li1,52.2100,62.5600,1.799617
FILLER_19_97,VPWR,li1,50.8300,62.5600,1.799633
FILLER_19_94,VPWR,li1,49.4500,62.5600,1.799650
FILLER_19_91,VPWR,li1,48.0700,62.5600,1.799650
FILLER_19_88,VPWR,li1,46.6900,62.5600,1.799670
FILLER_19_85,VPWR,li1,45.3100,62.5600,1.799670
FILLER_19_82,VPWR,li1,43.9300,62.5600,1.799687
FILLER_19_79,VPWR,li1,42.5500,62.5600,1.799701
FILLER_19_76,VPWR,li1,41.1700,62.5600,1.799701
FILLER_19_73,VPWR,li1,39.7900,62.5600,1.799722
FILLER_19_57,VPWR,li1,31.9700,62.5600,1.799787
FILLER_19_54,VPWR,li1,30.8200,62.5600,1.799787
FILLER_19_51,VPWR,li1,29.6700,62.5600,1.799809
FILLER_19_48,VPWR,li1,28.2900,62.5600,1.799809
FILLER_19_45,VPWR,li1,26.9100,62.5600,1.799833
FILLER_19_42,VPWR,li1,25.5300,62.5600,1.799833
FILLER_19_39,VPWR,li1,24.1500,62.5600,1.799860
FILLER_19_36,VPWR,li1,22.7700,62.5600,1.799860
FILLER_19_33,VPWR,li1,21.3900,62.5600,1.799882
FILLER_18_235,VPWR,li1,113.8500,62.5600,1.799288
FILLER_18_210,VPWR,li1,102.5800,62.5600,1.799327
FILLER_18_193,VPWR,li1,94.9900,62.5600,1.799369
FILLER_18_190,VPWR,li1,93.6100,62.5600,1.799369
FILLER_18_187,VPWR,li1,92.2300,62.5600,1.799383
FILLER_18_184,VPWR,li1,90.8500,62.5600,1.799383
FILLER_18_181,VPWR,li1,89.4700,62.5600,1.799397
FILLER_18_178,VPWR,li1,88.0900,62.5600,1.799397
FILLER_18_175,VPWR,li1,86.7100,62.5600,1.799411
FILLER_18_172,VPWR,li1,85.3300,62.5600,1.799411
FILLER_18_169,VPWR,li1,83.9500,62.5600,1.799426
FILLER_18_166,VPWR,li1,82.5700,62.5600,1.799426
FILLER_18_163,VPWR,li1,81.1900,62.5600,1.799439
FILLER_18_160,VPWR,li1,79.8100,62.5600,1.799439
FILLER_18_147,VPWR,li1,73.8300,62.5600,1.799470
FILLER_18_141,VPWR,li1,70.6100,62.5600,1.799489
FILLER_18_139,VPWR,li1,69.6900,62.5600,1.799501
FILLER_18_136,VPWR,li1,68.7700,62.5600,1.799501
FILLER_18_128,VPWR,li1,64.6300,62.5600,1.799528
FILLER_18_113,VPWR,li1,57.9600,62.5600,1.799587
FILLER_18_110,VPWR,li1,56.8100,62.5600,1.799587
FILLER_18_107,VPWR,li1,55.4300,62.5600,1.799604
FILLER_18_104,VPWR,li1,54.0500,62.5600,1.799604
FILLER_18_101,VPWR,li1,52.6700,62.5600,1.799617
FILLER_18_91,VPWR,li1,47.8400,62.5600,1.799650
FILLER_18_88,VPWR,li1,46.6900,62.5600,1.799670
FILLER_18_85,VPWR,li1,45.3100,62.5600,1.799670
FILLER_18_83,VPWR,li1,43.9300,62.5600,1.799687
FILLER_18_80,VPWR,li1,43.0100,62.5600,1.799687
FILLER_18_77,VPWR,li1,41.6300,62.5600,1.799701
FILLER_18_18,VPWR,li1,14.2600,62.5600,1.799868
FILLER_18_3,VPWR,li1,7.3600,62.5600,1.799862
FILLER_17_225,VPWR,li1,109.7100,57.1200,1.799579
FILLER_17_210,VPWR,li1,102.3500,57.1200,1.799599
FILLER_17_207,VPWR,li1,101.4300,57.1200,1.799599
FILLER_17_196,VPWR,li1,95.9100,57.1200,1.799614
FILLER_17_193,VPWR,li1,94.9900,57.1200,1.799620
FILLER_17_190,VPWR,li1,93.6100,57.1200,1.799626
FILLER_17_187,VPWR,li1,92.2300,57.1200,1.799626
FILLER_17_184,VPWR,li1,90.8500,57.1200,1.799633
FILLER_17_181,VPWR,li1,89.4700,57.1200,1.799639
FILLER_17_178,VPWR,li1,88.0900,57.1200,1.799639
FILLER_17_175,VPWR,li1,86.7100,57.1200,1.799646
FILLER_17_172,VPWR,li1,85.3300,57.1200,1.799652
FILLER_17_169,VPWR,li1,83.9500,57.1200,1.799652
FILLER_17_166,VPWR,li1,82.3400,57.1200,1.799660
FILLER_17_163,VPWR,li1,81.1900,57.1200,1.799666
FILLER_17_160,VPWR,li1,79.8100,57.1200,1.799666
FILLER_17_143,VPWR,li1,71.7600,57.1200,1.799698
FILLER_17_140,VPWR,li1,70.6100,57.1200,1.799698
FILLER_17_137,VPWR,li1,69.2300,57.1200,1.799705
FILLER_17_134,VPWR,li1,67.8500,57.1200,1.799714
FILLER_17_131,VPWR,li1,66.4700,57.1200,1.799714
FILLER_17_128,VPWR,li1,65.0900,57.1200,1.799721
FILLER_17_125,VPWR,li1,63.7100,57.1200,1.799730
FILLER_17_122,VPWR,li1,62.3300,57.1200,1.799730
FILLER_17_101,VPWR,li1,52.6700,57.1200,1.799772
FILLER_17_93,VPWR,li1,48.5300,57.1200,1.799791
FILLER_17_90,VPWR,li1,47.6100,57.1200,1.799799
FILLER_17_87,VPWR,li1,46.2300,57.1200,1.799799
FILLER_17_84,VPWR,li1,44.8500,57.1200,1.799808
FILLER_17_81,VPWR,li1,43.4700,57.1200,1.799819
FILLER_17_78,VPWR,li1,42.0900,57.1200,1.799819
FILLER_17_75,VPWR,li1,40.7100,57.1200,1.799830
FILLER_17_69,VPWR,li1,37.4900,57.1200,1.799840
FILLER_17_66,VPWR,li1,36.5700,57.1200,1.799849
FILLER_17_50,VPWR,li1,28.7500,57.1200,1.799889
FILLER_17_47,VPWR,li1,27.8300,57.1200,1.799889
FILLER_17_44,VPWR,li1,26.4500,57.1200,1.799899
FILLER_17_35,VPWR,li1,21.8500,57.1200,1.799925
FILLER_17_25,VPWR,li1,17.2500,57.1200,1.799918
FILLER_16_244,VPWR,li1,117.9900,57.1200,1.799571
FILLER_16_241,VPWR,li1,117.0700,57.1200,1.799571
FILLER_16_238,VPWR,li1,115.6900,57.1200,1.799571
FILLER_16_227,VPWR,li1,110.4000,57.1200,1.799579
FILLER_16_212,VPWR,li1,103.5000,57.1200,1.799591
FILLER_16_209,VPWR,li1,102.3500,57.1200,1.799599
FILLER_16_206,VPWR,li1,100.9700,57.1200,1.799599
FILLER_16_203,VPWR,li1,99.5900,57.1200,1.799607
FILLER_16_200,VPWR,li1,98.2100,57.1200,1.799607
FILLER_16_197,VPWR,li1,96.8300,57.1200,1.799614
FILLER_16_194,VPWR,li1,95.2200,57.1200,1.799620
FILLER_16_191,VPWR,li1,94.0700,57.1200,1.799620
FILLER_16_188,VPWR,li1,92.6900,57.1200,1.799626
FILLER_16_185,VPWR,li1,91.3100,57.1200,1.799633
FILLER_16_182,VPWR,li1,89.9300,57.1200,1.799633
FILLER_16_179,VPWR,li1,88.5500,57.1200,1.799639
FILLER_16_176,VPWR,li1,87.1700,57.1200,1.799646
FILLER_16_173,VPWR,li1,85.7900,57.1200,1.799646
FILLER_16_170,VPWR,li1,84.4100,57.1200,1.799652
FILLER_16_167,VPWR,li1,83.0300,57.1200,1.799660
FILLER_16_164,VPWR,li1,81.6500,57.1200,1.799660
FILLER_16_141,VPWR,li1,70.8400,57.1200,1.799698
FILLER_16_139,VPWR,li1,69.6900,57.1200,1.799705
FILLER_16_136,VPWR,li1,68.7700,57.1200,1.799705
FILLER_16_133,VPWR,li1,67.3900,57.1200,1.799714
FILLER_16_130,VPWR,li1,66.0100,57.1200,1.799721
FILLER_16_127,VPWR,li1,64.6300,57.1200,1.799721
FILLER_16_124,VPWR,li1,63.2500,57.1200,1.799730
FILLER_16_109,VPWR,li1,56.1200,57.1200,1.799760
FILLER_16_106,VPWR,li1,54.9700,57.1200,1.799760
FILLER_16_103,VPWR,li1,53.5900,57.1200,1.799772
FILLER_16_100,VPWR,li1,52.2100,57.1200,1.799772
FILLER_16_97,VPWR,li1,50.8300,57.1200,1.799780
FILLER_16_94,VPWR,li1,49.4500,57.1200,1.799791
FILLER_16_91,VPWR,li1,48.0700,57.1200,1.799791
FILLER_16_88,VPWR,li1,46.6900,57.1200,1.799799
FILLER_16_85,VPWR,li1,45.3100,57.1200,1.799808
FILLER_16_82,VPWR,li1,43.7000,57.1200,1.799819
FILLER_16_79,VPWR,li1,42.5500,57.1200,1.799819
FILLER_16_76,VPWR,li1,41.1700,57.1200,1.799830
FILLER_16_73,VPWR,li1,39.7900,57.1200,1.799830
FILLER_16_70,VPWR,li1,38.4100,57.1200,1.799840
FILLER_16_67,VPWR,li1,37.0300,57.1200,1.799849
FILLER_16_64,VPWR,li1,35.6500,57.1200,1.799849
FILLER_16_61,VPWR,li1,34.2700,57.1200,1.799863
FILLER_16_58,VPWR,li1,32.8900,57.1200,1.799863
FILLER_16_55,VPWR,li1,31.5100,57.1200,1.799877
FILLER_16_52,VPWR,li1,30.1300,57.1200,1.799877
FILLER_16_49,VPWR,li1,28.7500,57.1200,1.799889
FILLER_16_46,VPWR,li1,27.3700,57.1200,1.799899
FILLER_16_43,VPWR,li1,25.9900,57.1200,1.799899
FILLER_16_40,VPWR,li1,24.6100,57.1200,1.799914
FILLER_16_37,VPWR,li1,23.2300,57.1200,1.799914
FILLER_16_29,VPWR,li1,19.5500,57.1200,1.799921
FILLER_16_27,VPWR,li1,18.1700,57.1200,1.799918
FILLER_16_21,VPWR,li1,15.4100,57.1200,1.799916
FILLER_16_18,VPWR,li1,14.4900,57.1200,1.799916
FILLER_16_3,VPWR,li1,7.3600,57.1200,1.799912
FILLER_15_225,VPWR,li1,109.7100,51.6800,1.799621
FILLER_15_211,VPWR,li1,102.8100,51.6800,1.799640
FILLER_15_208,VPWR,li1,101.8900,51.6800,1.799640
FILLER_15_205,VPWR,li1,100.5100,51.6800,1.799646
FILLER_15_202,VPWR,li1,99.1300,51.6800,1.799651
FILLER_15_199,VPWR,li1,97.7500,51.6800,1.799651
FILLER_15_196,VPWR,li1,96.3700,51.6800,1.799656
FILLER_15_193,VPWR,li1,94.9900,51.6800,1.799662
FILLER_15_190,VPWR,li1,93.6100,51.6800,1.799662
FILLER_15_187,VPWR,li1,92.2300,51.6800,1.799670
FILLER_15_184,VPWR,li1,90.8500,51.6800,1.799670
FILLER_15_181,VPWR,li1,89.4700,51.6800,1.799677
FILLER_15_178,VPWR,li1,88.0900,51.6800,1.799677
FILLER_15_175,VPWR,li1,86.7100,51.6800,1.799685
FILLER_15_172,VPWR,li1,85.3300,51.6800,1.799685
FILLER_15_169,VPWR,li1,83.9500,51.6800,1.799692
FILLER_15_165,VPWR,li1,82.1100,51.6800,1.799697
FILLER_15_162,VPWR,li1,80.7300,51.6800,1.799697
FILLER_15_143,VPWR,li1,71.7600,51.6800,1.799734
FILLER_15_140,VPWR,li1,70.6100,51.6800,1.799734
FILLER_15_137,VPWR,li1,69.2300,51.6800,1.799741
FILLER_15_134,VPWR,li1,67.8500,51.6800,1.799750
FILLER_15_131,VPWR,li1,66.4700,51.6800,1.799750
FILLER_15_128,VPWR,li1,65.0900,51.6800,1.799758
FILLER_15_125,VPWR,li1,63.7100,51.6800,1.799767
FILLER_15_122,VPWR,li1,62.3300,51.6800,1.799767
FILLER_15_119,VPWR,li1,60.9500,51.6800,1.799775
FILLER_15_113,VPWR,li1,57.7300,51.6800,1.799786
FILLER_15_111,VPWR,li1,56.8100,51.6800,1.799794
FILLER_15_108,VPWR,li1,55.8900,51.6800,1.799794
FILLER_15_105,VPWR,li1,54.5100,51.6800,1.799803
FILLER_15_102,VPWR,li1,53.1300,51.6800,1.799811
FILLER_15_99,VPWR,li1,51.7500,51.6800,1.799811
FILLER_15_96,VPWR,li1,50.3700,51.6800,1.799821
FILLER_15_93,VPWR,li1,48.9900,51.6800,1.799828
FILLER_15_90,VPWR,li1,47.6100,51.6800,1.799828
FILLER_15_87,VPWR,li1,46.2300,51.6800,1.799838
FILLER_15_84,VPWR,li1,44.8500,51.6800,1.799846
FILLER_15_81,VPWR,li1,43.4700,51.6800,1.799846
FILLER_15_78,VPWR,li1,42.0900,51.6800,1.799853
FILLER_15_75,VPWR,li1,40.7100,51.6800,1.799863
FILLER_15_72,VPWR,li1,39.3300,51.6800,1.799863
FILLER_15_69,VPWR,li1,37.9500,51.6800,1.799871
FILLER_15_66,VPWR,li1,36.5700,51.6800,1.799880
FILLER_15_63,VPWR,li1,35.1900,51.6800,1.799880
FILLER_15_60,VPWR,li1,33.8100,51.6800,1.799888
FILLER_15_57,VPWR,li1,32.4300,51.6800,1.799895
FILLER_15_53,VPWR,li1,30.5900,51.6800,1.799905
FILLER_15_50,VPWR,li1,29.2100,51.6800,1.799905
FILLER_15_47,VPWR,li1,27.8300,51.6800,1.799917
FILLER_15_44,VPWR,li1,26.4500,51.6800,1.799917
FILLER_15_41,VPWR,li1,25.0700,51.6800,1.799928
FILLER_15_38,VPWR,li1,23.6900,51.6800,1.799928
FILLER_15_35,VPWR,li1,22.3100,51.6800,1.799940
FILLER_15_32,VPWR,li1,20.9300,51.6800,1.799940
FILLER_15_29,VPWR,li1,19.5500,51.6800,1.799935
FILLER_15_26,VPWR,li1,18.1700,51.6800,1.799932
FILLER_15_23,VPWR,li1,16.7900,51.6800,1.799932
FILLER_15_20,VPWR,li1,15.4100,51.6800,1.799927
FILLER_14_218,VPWR,li1,106.4900,51.6800,1.799627
FILLER_14_215,VPWR,li1,105.1100,51.6800,1.799635
FILLER_14_212,VPWR,li1,103.7300,51.6800,1.799635
FILLER_14_209,VPWR,li1,102.3500,51.6800,1.799640
FILLER_14_206,VPWR,li1,100.9700,51.6800,1.799646
FILLER_14_203,VPWR,li1,99.5900,51.6800,1.799646
FILLER_14_200,VPWR,li1,98.2100,51.6800,1.799651
FILLER_14_197,VPWR,li1,96.8300,51.6800,1.799656
FILLER_14_193,VPWR,li1,94.9900,51.6800,1.799662
FILLER_14_190,VPWR,li1,93.6100,51.6800,1.799662
FILLER_14_187,VPWR,li1,92.2300,51.6800,1.799670
FILLER_14_184,VPWR,li1,90.8500,51.6800,1.799670
FILLER_14_181,VPWR,li1,89.4700,51.6800,1.799677
FILLER_14_178,VPWR,li1,88.0900,51.6800,1.799677
FILLER_14_175,VPWR,li1,86.7100,51.6800,1.799685
FILLER_14_172,VPWR,li1,85.3300,51.6800,1.799685
FILLER_14_169,VPWR,li1,83.9500,51.6800,1.799692
FILLER_14_166,VPWR,li1,82.5700,51.6800,1.799692
FILLER_14_147,VPWR,li1,73.3700,51.6800,1.799726
FILLER_14_144,VPWR,li1,72.4500,51.6800,1.799726
FILLER_14_141,VPWR,li1,71.0700,51.6800,1.799734
FILLER_14_139,VPWR,li1,69.6900,51.6800,1.799741
FILLER_14_136,VPWR,li1,68.7700,51.6800,1.799741
FILLER_14_133,VPWR,li1,67.3900,51.6800,1.799750
FILLER_14_130,VPWR,li1,66.0100,51.6800,1.799758
FILLER_14_127,VPWR,li1,64.6300,51.6800,1.799758
FILLER_14_124,VPWR,li1,63.2500,51.6800,1.799767
FILLER_14_121,VPWR,li1,61.8700,51.6800,1.799775
FILLER_14_118,VPWR,li1,60.4900,51.6800,1.799775
FILLER_14_115,VPWR,li1,59.1100,51.6800,1.799786
FILLER_14_112,VPWR,li1,57.7300,51.6800,1.799786
FILLER_14_109,VPWR,li1,56.3500,51.6800,1.799794
FILLER_14_106,VPWR,li1,54.9700,51.6800,1.799803
FILLER_14_103,VPWR,li1,53.5900,51.6800,1.799803
FILLER_14_100,VPWR,li1,52.2100,51.6800,1.799811
FILLER_14_97,VPWR,li1,50.8300,51.6800,1.799821
FILLER_14_94,VPWR,li1,49.4500,51.6800,1.799821
FILLER_14_91,VPWR,li1,48.0700,51.6800,1.799828
FILLER_14_88,VPWR,li1,46.6900,51.6800,1.799838
FILLER_14_85,VPWR,li1,45.3100,51.6800,1.799838
FILLER_14_83,VPWR,li1,43.9300,51.6800,1.799846
FILLER_14_80,VPWR,li1,43.0100,51.6800,1.799853
FILLER_14_77,VPWR,li1,41.6300,51.6800,1.799853
FILLER_14_74,VPWR,li1,40.2500,51.6800,1.799863
FILLER_14_71,VPWR,li1,38.8700,51.6800,1.799871
FILLER_14_68,VPWR,li1,37.4900,51.6800,1.799871
FILLER_14_65,VPWR,li1,36.1100,51.6800,1.799880
FILLER_14_62,VPWR,li1,34.7300,51.6800,1.799888
FILLER_14_59,VPWR,li1,33.3500,51.6800,1.799888
FILLER_14_56,VPWR,li1,31.9700,51.6800,1.799895
FILLER_14_53,VPWR,li1,30.5900,51.6800,1.799905
FILLER_14_50,VPWR,li1,29.2100,51.6800,1.799905
FILLER_14_47,VPWR,li1,27.8300,51.6800,1.799917
FILLER_14_44,VPWR,li1,26.4500,51.6800,1.799917
FILLER_14_41,VPWR,li1,25.0700,51.6800,1.799928
FILLER_14_38,VPWR,li1,23.6900,51.6800,1.799928
FILLER_14_35,VPWR,li1,22.3100,51.6800,1.799940
FILLER_14_32,VPWR,li1,20.9300,51.6800,1.799940
FILLER_14_29,VPWR,li1,19.5500,51.6800,1.799935
FILLER_14_26,VPWR,li1,17.9400,51.6800,1.799932
FILLER_14_23,VPWR,li1,16.7900,51.6800,1.799932
FILLER_14_20,VPWR,li1,15.4100,51.6800,1.799927
FILLER_14_17,VPWR,li1,14.0300,51.6800,1.799927
FILLER_14_14,VPWR,li1,12.6500,51.6800,1.799921
FILLER_14_11,VPWR,li1,11.2700,51.6800,1.799921
FILLER_13_228,VPWR,li1,110.6300,46.2400,1.799795
FILLER_13_225,VPWR,li1,109.7100,46.2400,1.799796
FILLER_13_211,VPWR,li1,102.8100,46.2400,1.799803
FILLER_13_208,VPWR,li1,101.8900,46.2400,1.799803
FILLER_13_205,VPWR,li1,100.5100,46.2400,1.799806
FILLER_13_202,VPWR,li1,99.1300,46.2400,1.799806
FILLER_13_199,VPWR,li1,97.7500,46.2400,1.799810
FILLER_13_196,VPWR,li1,96.3700,46.2400,1.799812
FILLER_13_193,VPWR,li1,94.9900,46.2400,1.799812
FILLER_13_190,VPWR,li1,93.6100,46.2400,1.799815
FILLER_13_187,VPWR,li1,92.2300,46.2400,1.799818
FILLER_13_184,VPWR,li1,90.8500,46.2400,1.799818
FILLER_13_181,VPWR,li1,89.4700,46.2400,1.799821
FILLER_13_178,VPWR,li1,88.0900,46.2400,1.799824
FILLER_13_175,VPWR,li1,86.7100,46.2400,1.799824
FILLER_13_172,VPWR,li1,85.3300,46.2400,1.799827
FILLER_13_169,VPWR,li1,83.9500,46.2400,1.799830
FILLER_13_166,VPWR,li1,82.3400,46.2400,1.799830
FILLER_13_163,VPWR,li1,81.1900,46.2400,1.799832
FILLER_13_160,VPWR,li1,79.8100,46.2400,1.799835
FILLER_13_157,VPWR,li1,78.4300,46.2400,1.799835
FILLER_13_146,VPWR,li1,72.9100,46.2400,1.799845
FILLER_13_143,VPWR,li1,71.9900,46.2400,1.799850
FILLER_13_140,VPWR,li1,70.6100,46.2400,1.799850
FILLER_13_137,VPWR,li1,69.2300,46.2400,1.799854
FILLER_13_134,VPWR,li1,67.8500,46.2400,1.799859
FILLER_13_131,VPWR,li1,66.4700,46.2400,1.799859
FILLER_13_128,VPWR,li1,65.0900,46.2400,1.799863
FILLER_13_125,VPWR,li1,63.7100,46.2400,1.799868
FILLER_13_122,VPWR,li1,62.3300,46.2400,1.799868
FILLER_13_119,VPWR,li1,60.9500,46.2400,1.799872
FILLER_13_116,VPWR,li1,59.5700,46.2400,1.799877
FILLER_13_113,VPWR,li1,58.1900,46.2400,1.799877
FILLER_13_111,VPWR,li1,56.8100,46.2400,1.799881
FILLER_13_108,VPWR,li1,55.8900,46.2400,1.799886
FILLER_13_105,VPWR,li1,54.5100,46.2400,1.799886
FILLER_13_102,VPWR,li1,53.1300,46.2400,1.799891
FILLER_13_99,VPWR,li1,51.7500,46.2400,1.799895
FILLER_13_96,VPWR,li1,50.3700,46.2400,1.799895
FILLER_13_93,VPWR,li1,48.9900,46.2400,1.799900
FILLER_13_90,VPWR,li1,47.6100,46.2400,1.799904
FILLER_13_87,VPWR,li1,46.2300,46.2400,1.799904
FILLER_13_84,VPWR,li1,44.8500,46.2400,1.799908
FILLER_13_81,VPWR,li1,43.4700,46.2400,1.799914
FILLER_13_78,VPWR,li1,42.0900,46.2400,1.799914
FILLER_13_75,VPWR,li1,40.7100,46.2400,1.799920
FILLER_13_72,VPWR,li1,39.3300,46.2400,1.799920
FILLER_13_69,VPWR,li1,37.9500,46.2400,1.799924
FILLER_13_66,VPWR,li1,36.5700,46.2400,1.799929
FILLER_13_63,VPWR,li1,35.1900,46.2400,1.799929
FILLER_13_60,VPWR,li1,33.8100,46.2400,1.799933
FILLER_13_57,VPWR,li1,32.4300,46.2400,1.799938
FILLER_13_54,VPWR,li1,30.8200,46.2400,1.799942
FILLER_13_51,VPWR,li1,29.6700,46.2400,1.799942
FILLER_13_48,VPWR,li1,28.2900,46.2400,1.799946
FILLER_13_45,VPWR,li1,26.9100,46.2400,1.799951
FILLER_13_42,VPWR,li1,25.5300,46.2400,1.799951
FILLER_13_39,VPWR,li1,24.1500,46.2400,1.799956
FILLER_13_36,VPWR,li1,22.7700,46.2400,1.799961
FILLER_13_33,VPWR,li1,21.3900,46.2400,1.799961
FILLER_13_30,VPWR,li1,20.0100,46.2400,1.799958
FILLER_13_27,VPWR,li1,18.6300,46.2400,1.799955
FILLER_13_24,VPWR,li1,17.2500,46.2400,1.799955
FILLER_13_21,VPWR,li1,15.8700,46.2400,1.799952
FILLER_13_18,VPWR,li1,14.4900,46.2400,1.799948
FILLER_13_15,VPWR,li1,13.1100,46.2400,1.799948
FILLER_12_203,VPWR,li1,99.3600,46.2400,1.799806
FILLER_12_200,VPWR,li1,98.2100,46.2400,1.799810
FILLER_12_197,VPWR,li1,96.8300,46.2400,1.799810
FILLER_12_194,VPWR,li1,95.2200,46.2400,1.799812
FILLER_12_191,VPWR,li1,94.0700,46.2400,1.799815
FILLER_12_188,VPWR,li1,92.6900,46.2400,1.799815
FILLER_12_185,VPWR,li1,91.3100,46.2400,1.799818
FILLER_12_182,VPWR,li1,89.9300,46.2400,1.799821
FILLER_12_179,VPWR,li1,88.5500,46.2400,1.799821
FILLER_12_176,VPWR,li1,87.1700,46.2400,1.799824
FILLER_12_173,VPWR,li1,85.7900,46.2400,1.799827
FILLER_12_170,VPWR,li1,84.4100,46.2400,1.799827
FILLER_12_167,VPWR,li1,83.0300,46.2400,1.799830
FILLER_12_164,VPWR,li1,81.6500,46.2400,1.799832
FILLER_12_161,VPWR,li1,80.2700,46.2400,1.799832
FILLER_12_141,VPWR,li1,70.8400,46.2400,1.799850
FILLER_12_139,VPWR,li1,69.6900,46.2400,1.799854
FILLER_12_136,VPWR,li1,68.7700,46.2400,1.799854
FILLER_12_133,VPWR,li1,67.3900,46.2400,1.799859
FILLER_12_130,VPWR,li1,66.0100,46.2400,1.799863
FILLER_12_127,VPWR,li1,64.6300,46.2400,1.799863
FILLER_12_124,VPWR,li1,63.2500,46.2400,1.799868
FILLER_12_121,VPWR,li1,61.8700,46.2400,1.799872
FILLER_12_118,VPWR,li1,60.4900,46.2400,1.799872
FILLER_12_115,VPWR,li1,59.1100,46.2400,1.799877
FILLER_12_112,VPWR,li1,57.7300,46.2400,1.799881
FILLER_12_109,VPWR,li1,56.3500,46.2400,1.799881
FILLER_12_106,VPWR,li1,54.9700,46.2400,1.799886
FILLER_12_103,VPWR,li1,53.5900,46.2400,1.799891
FILLER_12_100,VPWR,li1,52.2100,46.2400,1.799891
FILLER_12_97,VPWR,li1,50.8300,46.2400,1.799895
FILLER_12_94,VPWR,li1,49.4500,46.2400,1.799900
FILLER_12_91,VPWR,li1,48.0700,46.2400,1.799900
FILLER_12_88,VPWR,li1,46.6900,46.2400,1.799904
FILLER_12_85,VPWR,li1,45.3100,46.2400,1.799908
FILLER_12_81,VPWR,li1,43.4700,46.2400,1.799914
FILLER_12_74,VPWR,li1,40.2500,46.2400,1.799920
FILLER_12_71,VPWR,li1,38.8700,46.2400,1.799924
FILLER_12_68,VPWR,li1,37.4900,46.2400,1.799924
FILLER_12_65,VPWR,li1,36.1100,46.2400,1.799929
FILLER_12_62,VPWR,li1,34.7300,46.2400,1.799933
FILLER_12_59,VPWR,li1,33.3500,46.2400,1.799933
FILLER_12_56,VPWR,li1,31.9700,46.2400,1.799938
FILLER_12_53,VPWR,li1,30.5900,46.2400,1.799942
FILLER_12_50,VPWR,li1,29.2100,46.2400,1.799946
FILLER_12_47,VPWR,li1,27.8300,46.2400,1.799946
FILLER_12_44,VPWR,li1,26.4500,46.2400,1.799951
FILLER_12_41,VPWR,li1,25.0700,46.2400,1.799956
FILLER_12_38,VPWR,li1,23.6900,46.2400,1.799956
FILLER_12_35,VPWR,li1,22.3100,46.2400,1.799961
FILLER_12_32,VPWR,li1,20.9300,46.2400,1.799958
FILLER_12_29,VPWR,li1,19.5500,46.2400,1.799958
FILLER_12_26,VPWR,li1,17.9400,46.2400,1.799955
FILLER_12_23,VPWR,li1,16.7900,46.2400,1.799952
FILLER_12_20,VPWR,li1,15.4100,46.2400,1.799952
FILLER_12_17,VPWR,li1,14.0300,46.2400,1.799948
FILLER_12_14,VPWR,li1,12.6500,46.2400,1.799945
FILLER_12_11,VPWR,li1,11.2700,46.2400,1.799945
FILLER_11_242,VPWR,li1,117.5300,40.8000,1.799629
FILLER_11_205,VPWR,li1,100.5100,40.8000,1.799640
FILLER_11_202,VPWR,li1,99.1300,40.8000,1.799643
FILLER_11_199,VPWR,li1,97.7500,40.8000,1.799643
FILLER_11_196,VPWR,li1,96.3700,40.8000,1.799646
FILLER_11_193,VPWR,li1,94.9900,40.8000,1.799651
FILLER_11_190,VPWR,li1,93.6100,40.8000,1.799651
FILLER_11_187,VPWR,li1,92.2300,40.8000,1.799656
FILLER_11_184,VPWR,li1,90.8500,40.8000,1.799656
FILLER_11_181,VPWR,li1,89.4700,40.8000,1.799662
FILLER_11_178,VPWR,li1,88.0900,40.8000,1.799662
FILLER_11_175,VPWR,li1,86.7100,40.8000,1.799668
FILLER_11_172,VPWR,li1,85.3300,40.8000,1.799672
FILLER_11_169,VPWR,li1,83.9500,40.8000,1.799672
FILLER_11_165,VPWR,li1,82.1100,40.8000,1.799677
FILLER_11_132,VPWR,li1,66.7000,40.8000,1.799716
FILLER_11_129,VPWR,li1,65.5500,40.8000,1.799722
FILLER_11_122,VPWR,li1,61.8700,40.8000,1.799731
FILLER_11_119,VPWR,li1,60.9500,40.8000,1.799737
FILLER_11_116,VPWR,li1,59.5700,40.8000,1.799744
FILLER_11_113,VPWR,li1,58.1900,40.8000,1.799744
FILLER_11_109,VPWR,li1,56.3500,40.8000,1.799751
FILLER_11_106,VPWR,li1,54.9700,40.8000,1.799760
FILLER_11_103,VPWR,li1,53.5900,40.8000,1.799768
FILLER_11_100,VPWR,li1,52.2100,40.8000,1.799768
FILLER_11_97,VPWR,li1,50.8300,40.8000,1.799778
FILLER_11_94,VPWR,li1,49.4500,40.8000,1.799778
FILLER_11_91,VPWR,li1,48.0700,40.8000,1.799789
FILLER_11_88,VPWR,li1,46.6900,40.8000,1.799789
FILLER_11_74,VPWR,li1,40.0200,40.8000,1.799827
FILLER_11_71,VPWR,li1,38.8700,40.8000,1.799827
FILLER_11_68,VPWR,li1,37.4900,40.8000,1.799841
FILLER_11_50,VPWR,li1,28.7500,40.8000,1.799888
FILLER_11_47,VPWR,li1,27.8300,40.8000,1.799903
FILLER_11_44,VPWR,li1,26.4500,40.8000,1.799903
FILLER_11_41,VPWR,li1,25.0700,40.8000,1.799921
FILLER_11_38,VPWR,li1,23.6900,40.8000,1.799921
FILLER_11_35,VPWR,li1,22.3100,40.8000,1.799933
FILLER_11_32,VPWR,li1,20.9300,40.8000,1.799932
FILLER_11_29,VPWR,li1,19.5500,40.8000,1.799932
FILLER_11_26,VPWR,li1,18.1700,40.8000,1.799932
FILLER_11_23,VPWR,li1,16.7900,40.8000,1.799932
FILLER_11_20,VPWR,li1,15.4100,40.8000,1.799932
FILLER_11_17,VPWR,li1,14.0300,40.8000,1.799931
FILLER_11_14,VPWR,li1,12.6500,40.8000,1.799931
FILLER_11_11,VPWR,li1,11.2700,40.8000,1.799931
FILLER_10_243,VPWR,li1,117.7600,40.8000,1.799629
FILLER_10_240,VPWR,li1,116.6100,40.8000,1.799629
FILLER_10_220,VPWR,li1,107.4100,40.8000,1.799631
FILLER_10_211,VPWR,li1,103.0400,40.8000,1.799635
FILLER_10_197,VPWR,li1,96.3700,40.8000,1.799646
FILLER_10_179,VPWR,li1,88.0900,40.8000,1.799662
FILLER_10_176,VPWR,li1,87.1700,40.8000,1.799668
FILLER_10_173,VPWR,li1,85.7900,40.8000,1.799668
FILLER_10_170,VPWR,li1,84.4100,40.8000,1.799672
FILLER_10_167,VPWR,li1,83.0300,40.8000,1.799677
FILLER_10_164,VPWR,li1,81.6500,40.8000,1.799681
FILLER_10_161,VPWR,li1,80.2700,40.8000,1.799681
FILLER_10_158,VPWR,li1,78.8900,40.8000,1.799686
FILLER_10_155,VPWR,li1,77.5100,40.8000,1.799691
FILLER_10_152,VPWR,li1,76.1300,40.8000,1.799691
FILLER_10_141,VPWR,li1,70.8400,40.8000,1.799709
FILLER_10_138,VPWR,li1,69.4600,40.8000,1.799709
FILLER_10_135,VPWR,li1,68.3100,40.8000,1.799716
FILLER_10_107,VPWR,li1,55.2000,40.8000,1.799760
FILLER_10_104,VPWR,li1,54.0500,40.8000,1.799760
FILLER_10_101,VPWR,li1,52.6700,40.8000,1.799768
FILLER_10_81,VPWR,li1,43.4700,40.8000,1.799804
FILLER_10_69,VPWR,li1,37.7200,40.8000,1.799841
FILLER_10_47,VPWR,li1,27.8300,40.8000,1.799903
FILLER_10_44,VPWR,li1,26.4500,40.8000,1.799903
FILLER_10_41,VPWR,li1,25.0700,40.8000,1.799921
FILLER_10_38,VPWR,li1,23.6900,40.8000,1.799921
FILLER_10_35,VPWR,li1,22.3100,40.8000,1.799933
FILLER_10_32,VPWR,li1,20.9300,40.8000,1.799932
FILLER_10_29,VPWR,li1,19.5500,40.8000,1.799932
FILLER_10_27,VPWR,li1,18.1700,40.8000,1.799932
FILLER_10_24,VPWR,li1,17.2500,40.8000,1.799932
FILLER_10_21,VPWR,li1,15.8700,40.8000,1.799932
FILLER_10_18,VPWR,li1,14.4900,40.8000,1.799931
FILLER_10_15,VPWR,li1,13.1100,40.8000,1.799931
FILLER_10_12,VPWR,li1,11.7300,40.8000,1.799931
FILLER_10_9,VPWR,li1,10.3500,40.8000,1.799930
FILLER_10_6,VPWR,li1,8.9700,40.8000,1.799930
FILLER_10_3,VPWR,li1,7.5900,40.8000,1.799930
FILLER_9_235,VPWR,li1,113.8500,35.3600,1.799331
FILLER_9_232,VPWR,li1,112.9300,35.3600,1.799331
FILLER_9_223,VPWR,li1,108.3300,35.3600,1.799351
FILLER_9_206,VPWR,li1,100.9700,35.3600,1.799376
FILLER_9_203,VPWR,li1,99.5900,35.3600,1.799387
FILLER_9_200,VPWR,li1,98.2100,35.3600,1.799387
FILLER_9_197,VPWR,li1,96.8300,35.3600,1.799397
FILLER_9_194,VPWR,li1,95.4500,35.3600,1.799406
FILLER_9_191,VPWR,li1,94.0700,35.3600,1.799406
FILLER_9_188,VPWR,li1,92.6900,35.3600,1.799418
FILLER_9_185,VPWR,li1,91.3100,35.3600,1.799418
FILLER_9_182,VPWR,li1,89.9300,35.3600,1.799430
FILLER_9_179,VPWR,li1,88.5500,35.3600,1.799430
FILLER_9_176,VPWR,li1,87.1700,35.3600,1.799440
FILLER_9_173,VPWR,li1,85.7900,35.3600,1.799450
FILLER_9_165,VPWR,li1,82.1100,35.3600,1.799460
FILLER_9_162,VPWR,li1,80.7300,35.3600,1.799473
FILLER_9_159,VPWR,li1,79.3500,35.3600,1.799473
FILLER_9_137,VPWR,li1,68.7700,35.3600,1.799538
FILLER_9_134,VPWR,li1,67.8500,35.3600,1.799538
FILLER_9_131,VPWR,li1,66.4700,35.3600,1.799549
FILLER_9_109,VPWR,li1,56.3500,35.3600,1.799628
FILLER_9_106,VPWR,li1,54.9700,35.3600,1.799628
FILLER_9_103,VPWR,li1,53.5900,35.3600,1.799645
FILLER_9_100,VPWR,li1,52.2100,35.3600,1.799660
FILLER_9_97,VPWR,li1,50.8300,35.3600,1.799660
FILLER_9_94,VPWR,li1,49.4500,35.3600,1.799674
FILLER_9_70,VPWR,li1,38.1800,35.3600,1.799762
FILLER_9_67,VPWR,li1,37.0300,35.3600,1.799779
FILLER_9_57,VPWR,li1,32.2000,35.3600,1.799818
FILLER_9_42,VPWR,li1,25.0700,35.3600,1.799888
FILLER_9_39,VPWR,li1,24.1500,35.3600,1.799888
FILLER_9_36,VPWR,li1,22.7700,35.3600,1.799909
FILLER_9_33,VPWR,li1,21.3900,35.3600,1.799909
FILLER_9_30,VPWR,li1,20.0100,35.3600,1.799909
FILLER_9_27,VPWR,li1,18.6300,35.3600,1.799909
FILLER_9_24,VPWR,li1,17.2500,35.3600,1.799909
FILLER_9_21,VPWR,li1,15.8700,35.3600,1.799909
FILLER_9_18,VPWR,li1,14.4900,35.3600,1.799909
FILLER_9_15,VPWR,li1,13.1100,35.3600,1.799909
FILLER_9_12,VPWR,li1,11.7300,35.3600,1.799909
FILLER_9_9,VPWR,li1,10.3500,35.3600,1.799909
FILLER_9_6,VPWR,li1,8.9700,35.3600,1.799909
FILLER_9_3,VPWR,li1,7.5900,35.3600,1.799909
FILLER_8_210,VPWR,li1,102.3500,35.3600,1.799376
FILLER_8_207,VPWR,li1,101.4300,35.3600,1.799376
FILLER_8_197,VPWR,li1,96.3700,35.3600,1.799397
FILLER_8_194,VPWR,li1,95.2200,35.3600,1.799406
FILLER_8_191,VPWR,li1,94.0700,35.3600,1.799406
FILLER_8_188,VPWR,li1,92.6900,35.3600,1.799418
FILLER_8_185,VPWR,li1,91.3100,35.3600,1.799418
FILLER_8_182,VPWR,li1,89.9300,35.3600,1.799430
FILLER_8_179,VPWR,li1,88.5500,35.3600,1.799430
FILLER_8_141,VPWR,li1,70.8400,35.3600,1.799527
FILLER_8_139,VPWR,li1,69.6900,35.3600,1.799527
FILLER_8_136,VPWR,li1,68.7700,35.3600,1.799538
FILLER_8_133,VPWR,li1,67.3900,35.3600,1.799549
FILLER_8_130,VPWR,li1,66.0100,35.3600,1.799549
FILLER_8_113,VPWR,li1,58.1900,35.3600,1.799610
FILLER_8_104,VPWR,li1,53.8200,35.3600,1.799645
FILLER_8_101,VPWR,li1,52.6700,35.3600,1.799645
FILLER_8_85,VPWR,li1,45.3100,35.3600,1.799703
FILLER_8_83,VPWR,li1,43.9300,35.3600,1.799722
FILLER_8_80,VPWR,li1,43.0100,35.3600,1.799722
FILLER_8_77,VPWR,li1,41.6300,35.3600,1.799745
FILLER_8_74,VPWR,li1,40.2500,35.3600,1.799745
FILLER_8_71,VPWR,li1,38.8700,35.3600,1.799762
FILLER_8_68,VPWR,li1,37.4900,35.3600,1.799779
FILLER_8_65,VPWR,li1,36.1100,35.3600,1.799779
FILLER_8_56,VPWR,li1,31.7400,35.3600,1.799818
FILLER_8_47,VPWR,li1,27.6000,35.3600,1.799863
FILLER_8_44,VPWR,li1,26.4500,35.3600,1.799863
FILLER_8_41,VPWR,li1,25.0700,35.3600,1.799888
FILLER_8_38,VPWR,li1,23.6900,35.3600,1.799888
FILLER_8_35,VPWR,li1,22.3100,35.3600,1.799909
FILLER_8_32,VPWR,li1,20.9300,35.3600,1.799909
FILLER_8_29,VPWR,li1,19.5500,35.3600,1.799909
FILLER_8_27,VPWR,li1,18.1700,35.3600,1.799909
FILLER_8_24,VPWR,li1,17.2500,35.3600,1.799909
FILLER_8_21,VPWR,li1,15.8700,35.3600,1.799909
FILLER_8_18,VPWR,li1,14.4900,35.3600,1.799909
FILLER_8_15,VPWR,li1,13.1100,35.3600,1.799909
FILLER_8_12,VPWR,li1,11.7300,35.3600,1.799909
FILLER_8_9,VPWR,li1,10.3500,35.3600,1.799909
FILLER_8_6,VPWR,li1,8.9700,35.3600,1.799909
FILLER_8_3,VPWR,li1,7.5900,35.3600,1.799909
FILLER_7_244,VPWR,li1,117.9900,29.9200,1.799609
FILLER_7_225,VPWR,li1,109.2500,29.9200,1.799614
FILLER_7_214,VPWR,li1,104.6500,29.9200,1.799621
FILLER_7_211,VPWR,li1,103.2700,29.9200,1.799621
FILLER_7_208,VPWR,li1,101.8900,29.9200,1.799624
FILLER_7_205,VPWR,li1,100.5100,29.9200,1.799628
FILLER_7_202,VPWR,li1,99.1300,29.9200,1.799628
FILLER_7_199,VPWR,li1,97.7500,29.9200,1.799633
FILLER_7_196,VPWR,li1,96.3700,29.9200,1.799636
FILLER_7_193,VPWR,li1,94.9900,29.9200,1.799636
FILLER_7_190,VPWR,li1,93.6100,29.9200,1.799642
FILLER_7_187,VPWR,li1,92.2300,29.9200,1.799642
FILLER_7_184,VPWR,li1,90.8500,29.9200,1.799647
FILLER_7_167,VPWR,li1,82.5700,29.9200,1.799663
FILLER_7_138,VPWR,li1,69.6900,29.9200,1.799701
FILLER_7_135,VPWR,li1,68.3100,29.9200,1.799711
FILLER_7_132,VPWR,li1,66.9300,29.9200,1.799711
FILLER_7_129,VPWR,li1,65.5500,29.9200,1.799720
FILLER_7_103,VPWR,li1,53.1300,29.9200,1.799768
FILLER_7_100,VPWR,li1,52.2100,29.9200,1.799777
FILLER_7_97,VPWR,li1,50.8300,29.9200,1.799777
FILLER_7_94,VPWR,li1,49.4500,29.9200,1.799786
FILLER_7_85,VPWR,li1,45.0800,29.9200,1.799808
FILLER_7_82,VPWR,li1,43.9300,29.9200,1.799817
FILLER_7_79,VPWR,li1,42.5500,29.9200,1.799817
FILLER_7_69,VPWR,li1,37.9500,29.9200,1.799846
FILLER_7_66,VPWR,li1,36.5700,29.9200,1.799856
FILLER_7_63,VPWR,li1,35.1900,29.9200,1.799856
FILLER_7_60,VPWR,li1,33.8100,29.9200,1.799866
FILLER_7_57,VPWR,li1,32.4300,29.9200,1.799877
FILLER_7_48,VPWR,li1,27.8300,29.9200,1.799899
FILLER_7_45,VPWR,li1,26.9100,29.9200,1.799913
FILLER_7_42,VPWR,li1,25.5300,29.9200,1.799913
FILLER_7_39,VPWR,li1,24.1500,29.9200,1.799925
FILLER_7_36,VPWR,li1,22.7700,29.9200,1.799939
FILLER_7_33,VPWR,li1,21.3900,29.9200,1.799939
FILLER_7_30,VPWR,li1,20.0100,29.9200,1.799939
FILLER_7_27,VPWR,li1,18.6300,29.9200,1.799939
FILLER_7_24,VPWR,li1,17.2500,29.9200,1.799939
FILLER_7_21,VPWR,li1,15.8700,29.9200,1.799939
FILLER_7_18,VPWR,li1,14.4900,29.9200,1.799939
FILLER_7_15,VPWR,li1,13.1100,29.9200,1.799939
FILLER_7_12,VPWR,li1,11.7300,29.9200,1.799939
FILLER_7_9,VPWR,li1,10.3500,29.9200,1.799939
FILLER_7_6,VPWR,li1,8.9700,29.9200,1.799939
FILLER_7_3,VPWR,li1,7.5900,29.9200,1.799939
FILLER_6_244,VPWR,li1,117.9900,29.9200,1.799609
FILLER_6_221,VPWR,li1,107.8700,29.9200,1.799616
FILLER_6_218,VPWR,li1,106.4900,29.9200,1.799619
FILLER_6_215,VPWR,li1,105.1100,29.9200,1.799619
FILLER_6_200,VPWR,li1,97.9800,29.9200,1.799633
FILLER_6_197,VPWR,li1,96.8300,29.9200,1.799633
FILLER_6_194,VPWR,li1,95.2200,29.9200,1.799636
FILLER_6_187,VPWR,li1,92.0000,29.9200,1.799642
FILLER_6_184,VPWR,li1,90.8500,29.9200,1.799647
FILLER_6_181,VPWR,li1,89.4700,29.9200,1.799647
FILLER_6_178,VPWR,li1,88.0900,29.9200,1.799653
FILLER_6_175,VPWR,li1,86.7100,29.9200,1.799653
FILLER_6_155,VPWR,li1,77.5100,29.9200,1.799676
FILLER_6_152,VPWR,li1,76.1300,29.9200,1.799684
FILLER_6_149,VPWR,li1,74.7500,29.9200,1.799684
FILLER_6_141,VPWR,li1,71.0700,29.9200,1.799701
FILLER_6_127,VPWR,li1,64.6300,29.9200,1.799720
FILLER_6_124,VPWR,li1,63.2500,29.9200,1.799728
FILLER_6_102,VPWR,li1,52.9000,29.9200,1.799768
FILLER_6_99,VPWR,li1,51.7500,29.9200,1.799777
FILLER_6_96,VPWR,li1,50.3700,29.9200,1.799786
FILLER_6_93,VPWR,li1,48.9900,29.9200,1.799786
FILLER_6_85,VPWR,li1,45.3100,29.9200,1.799808
FILLER_6_67,VPWR,li1,37.0300,29.9200,1.799846
FILLER_6_53,VPWR,li1,30.1300,29.9200,1.799888
FILLER_6_50,VPWR,li1,29.2100,29.9200,1.799899
FILLER_6_47,VPWR,li1,27.8300,29.9200,1.799899
FILLER_6_44,VPWR,li1,26.4500,29.9200,1.799913
FILLER_6_41,VPWR,li1,25.0700,29.9200,1.799925
FILLER_6_38,VPWR,li1,23.6900,29.9200,1.799925
FILLER_6_35,VPWR,li1,22.3100,29.9200,1.799939
FILLER_6_32,VPWR,li1,20.9300,29.9200,1.799939
FILLER_6_29,VPWR,li1,19.5500,29.9200,1.799939
FILLER_6_27,VPWR,li1,18.1700,29.9200,1.799939
FILLER_6_24,VPWR,li1,17.2500,29.9200,1.799939
FILLER_6_21,VPWR,li1,15.8700,29.9200,1.799939
FILLER_6_18,VPWR,li1,14.4900,29.9200,1.799939
FILLER_6_15,VPWR,li1,13.1100,29.9200,1.799939
FILLER_6_12,VPWR,li1,11.7300,29.9200,1.799939
FILLER_6_9,VPWR,li1,10.3500,29.9200,1.799939
FILLER_6_6,VPWR,li1,8.9700,29.9200,1.799939
FILLER_6_3,VPWR,li1,7.5900,29.9200,1.799939
FILLER_5_243,VPWR,li1,117.7600,24.4800,1.799562
FILLER_5_240,VPWR,li1,116.6100,24.4800,1.799562
FILLER_5_237,VPWR,li1,115.2300,24.4800,1.799562
FILLER_5_234,VPWR,li1,113.8500,24.4800,1.799562
FILLER_5_231,VPWR,li1,112.4700,24.4800,1.799562
FILLER_5_228,VPWR,li1,111.0900,24.4800,1.799562
FILLER_5_225,VPWR,li1,109.7100,24.4800,1.799562
FILLER_5_223,VPWR,li1,108.3300,24.4800,1.799562
FILLER_5_220,VPWR,li1,107.4100,24.4800,1.799562
FILLER_5_217,VPWR,li1,106.0300,24.4800,1.799563
FILLER_5_214,VPWR,li1,104.6500,24.4800,1.799563
FILLER_5_194,VPWR,li1,95.4500,24.4800,1.799570
FILLER_5_183,VPWR,li1,90.1600,24.4800,1.799578
FILLER_5_180,VPWR,li1,89.0100,24.4800,1.799583
FILLER_5_177,VPWR,li1,87.6300,24.4800,1.799583
FILLER_5_174,VPWR,li1,86.2500,24.4800,1.799588
FILLER_5_162,VPWR,li1,80.5000,24.4800,1.799600
FILLER_5_131,VPWR,li1,66.4700,24.4800,1.799653
FILLER_5_128,VPWR,li1,65.0900,24.4800,1.799653
FILLER_5_125,VPWR,li1,63.7100,24.4800,1.799664
FILLER_5_122,VPWR,li1,62.3300,24.4800,1.799664
FILLER_5_119,VPWR,li1,60.9500,24.4800,1.799678
FILLER_5_116,VPWR,li1,59.5700,24.4800,1.799678
FILLER_5_113,VPWR,li1,58.1900,24.4800,1.799691
FILLER_5_110,VPWR,li1,56.5800,24.4800,1.799691
FILLER_5_93,VPWR,li1,48.9900,24.4800,1.799737
FILLER_5_90,VPWR,li1,47.6100,24.4800,1.799737
FILLER_5_54,VPWR,li1,30.8200,24.4800,1.799852
FILLER_5_51,VPWR,li1,29.6700,24.4800,1.799852
FILLER_5_42,VPWR,li1,25.3000,24.4800,1.799886
FILLER_5_39,VPWR,li1,24.1500,24.4800,1.799903
FILLER_5_36,VPWR,li1,22.7700,24.4800,1.799918
FILLER_5_33,VPWR,li1,21.3900,24.4800,1.799918
FILLER_5_30,VPWR,li1,20.0100,24.4800,1.799918
FILLER_5_27,VPWR,li1,18.6300,24.4800,1.799918
FILLER_5_24,VPWR,li1,17.2500,24.4800,1.799918
FILLER_5_21,VPWR,li1,15.8700,24.4800,1.799918
FILLER_5_18,VPWR,li1,14.4900,24.4800,1.799918
FILLER_5_15,VPWR,li1,13.1100,24.4800,1.799918
FILLER_5_12,VPWR,li1,11.7300,24.4800,1.799918
FILLER_5_9,VPWR,li1,10.3500,24.4800,1.799918
FILLER_5_6,VPWR,li1,8.9700,24.4800,1.799918
FILLER_5_3,VPWR,li1,7.5900,24.4800,1.799918
FILLER_4_244,VPWR,li1,117.9900,24.4800,1.799562
FILLER_4_241,VPWR,li1,117.0700,24.4800,1.799562
FILLER_4_238,VPWR,li1,115.6900,24.4800,1.799562
FILLER_4_235,VPWR,li1,114.3100,24.4800,1.799562
FILLER_4_232,VPWR,li1,112.9300,24.4800,1.799562
FILLER_4_229,VPWR,li1,111.5500,24.4800,1.799562
FILLER_4_226,VPWR,li1,110.1700,24.4800,1.799562
FILLER_4_197,VPWR,li1,96.6000,24.4800,1.799570
FILLER_4_176,VPWR,li1,87.1700,24.4800,1.799588
FILLER_4_173,VPWR,li1,85.7900,24.4800,1.799588
FILLER_4_158,VPWR,li1,78.6600,24.4800,1.799605
FILLER_4_155,VPWR,li1,77.5100,24.4800,1.799613
FILLER_4_152,VPWR,li1,76.1300,24.4800,1.799613
FILLER_4_144,VPWR,li1,71.9900,24.4800,1.799626
FILLER_4_141,VPWR,li1,71.0700,24.4800,1.799633
FILLER_4_137,VPWR,li1,69.2300,24.4800,1.799642
FILLER_4_134,VPWR,li1,67.8500,24.4800,1.799642
FILLER_4_131,VPWR,li1,66.4700,24.4800,1.799653
FILLER_4_116,VPWR,li1,59.3400,24.4800,1.799678
FILLER_4_113,VPWR,li1,58.1900,24.4800,1.799691
FILLER_4_90,VPWR,li1,47.1500,24.4800,1.799747
FILLER_4_42,VPWR,li1,25.3000,24.4800,1.799886
FILLER_4_32,VPWR,li1,20.9300,24.4800,1.799918
FILLER_4_29,VPWR,li1,19.5500,24.4800,1.799918
FILLER_4_27,VPWR,li1,18.1700,24.4800,1.799918
FILLER_4_24,VPWR,li1,17.2500,24.4800,1.799918
FILLER_4_21,VPWR,li1,15.8700,24.4800,1.799918
FILLER_4_18,VPWR,li1,14.4900,24.4800,1.799918
FILLER_4_15,VPWR,li1,13.1100,24.4800,1.799918
FILLER_4_12,VPWR,li1,11.7300,24.4800,1.799918
FILLER_4_9,VPWR,li1,10.3500,24.4800,1.799918
FILLER_4_6,VPWR,li1,8.9700,24.4800,1.799918
FILLER_4_3,VPWR,li1,7.5900,24.4800,1.799918
FILLER_3_243,VPWR,li1,117.7600,19.0400,1.799245
FILLER_3_240,VPWR,li1,116.6100,19.0400,1.799245
FILLER_3_237,VPWR,li1,115.2300,19.0400,1.799245
FILLER_3_234,VPWR,li1,113.8500,19.0400,1.799245
FILLER_3_231,VPWR,li1,112.4700,19.0400,1.799245
FILLER_3_228,VPWR,li1,111.0900,19.0400,1.799245
FILLER_3_225,VPWR,li1,109.7100,19.0400,1.799245
FILLER_3_221,VPWR,li1,107.8700,19.0400,1.799245
FILLER_3_212,VPWR,li1,103.2700,19.0400,1.799247
FILLER_3_185,VPWR,li1,91.3100,19.0400,1.799271
FILLER_3_169,VPWR,li1,83.7200,19.0400,1.799305
FILLER_3_130,VPWR,li1,66.0100,19.0400,1.799430
FILLER_3_109,VPWR,li1,56.3500,19.0400,1.799499
FILLER_3_55,VPWR,li1,31.0500,19.0400,1.799753
FILLER_3_27,VPWR,li1,18.6300,19.0400,1.799864
FILLER_3_24,VPWR,li1,17.2500,19.0400,1.799864
FILLER_3_21,VPWR,li1,15.8700,19.0400,1.799864
FILLER_3_18,VPWR,li1,14.4900,19.0400,1.799864
FILLER_3_15,VPWR,li1,13.1100,19.0400,1.799864
FILLER_3_12,VPWR,li1,11.7300,19.0400,1.799864
FILLER_3_9,VPWR,li1,10.3500,19.0400,1.799864
FILLER_3_6,VPWR,li1,8.9700,19.0400,1.799864
FILLER_3_3,VPWR,li1,7.5900,19.0400,1.799864
FILLER_2_242,VPWR,li1,117.5300,19.0400,1.799245
FILLER_2_239,VPWR,li1,116.1500,19.0400,1.799245
FILLER_2_236,VPWR,li1,114.7700,19.0400,1.799245
FILLER_2_233,VPWR,li1,113.3900,19.0400,1.799245
FILLER_2_171,VPWR,li1,84.6400,19.0400,1.799305
FILLER_2_160,VPWR,li1,79.8100,19.0400,1.799328
FILLER_2_123,VPWR,li1,62.7900,19.0400,1.799449
FILLER_2_40,VPWR,li1,24.1500,19.0400,1.799835
FILLER_2_29,VPWR,li1,19.5500,19.0400,1.799864
FILLER_2_21,VPWR,li1,15.6400,19.0400,1.799864
FILLER_2_18,VPWR,li1,14.4900,19.0400,1.799864
FILLER_2_15,VPWR,li1,13.1100,19.0400,1.799864
FILLER_2_12,VPWR,li1,11.7300,19.0400,1.799864
FILLER_2_9,VPWR,li1,10.3500,19.0400,1.799864
FILLER_2_6,VPWR,li1,8.9700,19.0400,1.799864
FILLER_2_3,VPWR,li1,7.5900,19.0400,1.799864
FILLER_1_242,VPWR,li1,117.5300,13.6000,1.799109
FILLER_1_239,VPWR,li1,116.1500,13.6000,1.799109
FILLER_1_236,VPWR,li1,114.7700,13.6000,1.799109
FILLER_1_233,VPWR,li1,113.3900,13.6000,1.799109
FILLER_1_223,VPWR,li1,108.3300,13.6000,1.799110
FILLER_1_213,VPWR,li1,103.7300,13.6000,1.799115
FILLER_1_194,VPWR,li1,95.2200,13.6000,1.799137
FILLER_1_149,VPWR,li1,74.5200,13.6000,1.799223
FILLER_1_116,VPWR,li1,59.3400,13.6000,1.799326
FILLER_1_113,VPWR,li1,58.1900,13.6000,1.799349
FILLER_1_70,VPWR,li1,37.9500,13.6000,1.799581
FILLER_1_30,VPWR,li1,19.5500,13.6000,1.799832
FILLER_1_27,VPWR,li1,18.6300,13.6000,1.799832
FILLER_1_24,VPWR,li1,17.2500,13.6000,1.799832
FILLER_1_21,VPWR,li1,15.8700,13.6000,1.799832
FILLER_1_18,VPWR,li1,14.4900,13.6000,1.799832
FILLER_1_15,VPWR,li1,13.1100,13.6000,1.799832
FILLER_1_12,VPWR,li1,11.7300,13.6000,1.799832
FILLER_1_9,VPWR,li1,10.3500,13.6000,1.799832
FILLER_1_6,VPWR,li1,8.9700,13.6000,1.799832
FILLER_1_3,VPWR,li1,7.5900,13.6000,1.799832
FILLER_0_242,VPWR,li1,117.5300,13.6000,1.799109
FILLER_0_239,VPWR,li1,116.1500,13.6000,1.799109
FILLER_0_236,VPWR,li1,114.7700,13.6000,1.799109
FILLER_0_233,VPWR,li1,113.3900,13.6000,1.799109
FILLER_0_222,VPWR,li1,108.1000,13.6000,1.799110
FILLER_0_172,VPWR,li1,84.8700,13.6000,1.799178
FILLER_0_169,VPWR,li1,83.9500,13.6000,1.799186
FILLER_0_167,VPWR,li1,82.5700,13.6000,1.799186
FILLER_0_141,VPWR,li1,70.8400,13.6000,1.799246
FILLER_0_94,VPWR,li1,49.2200,13.6000,1.799444
FILLER_0_57,VPWR,li1,32.2000,13.6000,1.799672
FILLER_0_29,VPWR,li1,19.0900,13.6000,1.799832
FILLER_0_27,VPWR,li1,18.1700,13.6000,1.799832
FILLER_0_24,VPWR,li1,17.2500,13.6000,1.799832
FILLER_0_21,VPWR,li1,15.8700,13.6000,1.799832
FILLER_0_18,VPWR,li1,14.4900,13.6000,1.799832
FILLER_0_15,VPWR,li1,13.1100,13.6000,1.799832
FILLER_0_12,VPWR,li1,11.7300,13.6000,1.799832
FILLER_0_9,VPWR,li1,10.3500,13.6000,1.799832
FILLER_0_6,VPWR,li1,8.9700,13.6000,1.799832
FILLER_0_3,VPWR,li1,7.5900,13.6000,1.799832
rebuffer227,VPWR,li1,43.2400,29.9200,1.799817
rebuffer226,VPWR,li1,43.2400,24.4800,1.799761
rebuffer225,VPWR,li1,34.7300,19.0400,1.799720
rebuffer224,VPWR,li1,43.4700,19.0400,1.799616
rebuffer182,VPWR,li1,36.3400,40.8000,1.799841
rebuffer181,VPWR,li1,41.8600,46.2400,1.799914
rebuffer180,VPWR,li1,63.4800,40.8000,1.799731
rebuffer179,VPWR,li1,76.5900,57.1200,1.799676
rebuffer178,VPWR,li1,100.0500,68.0000,1.799422
rebuffer177,VPWR,li1,111.5500,62.5600,1.799294
rebuffer167,VPWR,li1,24.3800,95.2000,1.799893
rebuffer149,VPWR,li1,36.3400,78.8800,1.799826
rebuffer148,VPWR,li1,102.5800,13.6000,1.799119
rebuffer147,VPWR,li1,88.7800,24.4800,1.799583
rebuffer146,VPWR,li1,107.6400,62.5600,1.799312
rebuffer145,VPWR,li1,97.0600,78.8800,1.799554
rebuffer144,VPWR,li1,107.1800,35.3600,1.799351
rebuffer143,VPWR,li1,97.0600,68.0000,1.799434
rebuffer142,VPWR,li1,88.7800,78.8800,1.799573
rebuffer141,VPWR,li1,113.1600,35.3600,1.799331
rebuffer140,VPWR,li1,84.1800,35.3600,1.799450
rebuffer139,VPWR,li1,73.6000,95.2000,1.799683
rebuffer138,VPWR,li1,47.3800,111.5200,1.799814
rebuffer137,VPWR,li1,103.0400,84.3200,1.799780
rebuffer136,VPWR,li1,42.7800,111.5200,1.799831
rebuffer135,VPWR,li1,69.4600,95.2000,1.799696
rebuffer134,VPWR,li1,83.7200,73.4400,1.799691
rebuffer133,VPWR,li1,45.5400,89.7600,1.799839
rebuffer132,VPWR,li1,80.9600,51.6800,1.799697
rebuffer131,VPWR,li1,77.7400,68.0000,1.799529
rebuffer130,VPWR,li1,81.8800,24.4800,1.799600
rebuffer129,VPWR,li1,75.4400,95.2000,1.799677
rebuffer128,VPWR,li1,26.2200,95.2000,1.799882
rebuffer127,VPWR,li1,39.5600,111.5200,1.799844
rebuffer126,VPWR,li1,78.6600,46.2400,1.799835
rebuffer125,VPWR,li1,72.2200,46.2400,1.799850
rebuffer124,VPWR,li1,26.9100,100.6400,1.799918
rebuffer123,VPWR,li1,37.4900,116.9600,1.799768
rebuffer122,VPWR,li1,23.4600,100.6400,1.799935
fanout121,VPWR,li1,73.1400,19.0400,1.799371
load_slew120,VPWR,li1,106.7200,78.8800,1.799534
fanout119,VPWR,li1,104.4200,84.3200,1.799777
load_slew118,VPWR,li1,106.9500,78.8800,1.799534
fanout117,VPWR,li1,103.2700,78.8800,1.799539
fanout116,VPWR,li1,103.9600,46.2400,1.799800
load_slew115,VPWR,li1,100.2800,19.0400,1.799249
load_slew114,VPWR,li1,94.7600,19.0400,1.799260
fanout113,VPWR,li1,92.9200,13.6000,1.799145
load_slew112,VPWR,li1,78.4300,19.0400,1.799342
fanout111,VPWR,li1,71.7600,13.6000,1.799246
wire110,VPWR,li1,39.7900,84.3200,1.799875
fanout109,VPWR,li1,28.9800,78.8800,1.799861
fanout108,VPWR,li1,17.0200,100.6400,1.799929
load_slew107,VPWR,li1,14.7200,78.8800,1.799895
fanout106,VPWR,li1,28.9800,78.8800,1.799861
fanout105,VPWR,li1,27.1400,24.4800,1.799871
fanout104,VPWR,li1,51.9800,13.6000,1.799414
load_slew103,VPWR,li1,50.3700,19.0400,1.799551
fanout102,VPWR,li1,46.6900,13.6000,1.799471
load_slew101,VPWR,li1,33.8100,24.4800,1.799821
fanout100,VPWR,li1,20.7000,19.0400,1.799864
max_cap99,VPWR,li1,67.8500,100.6400,1.799810
output98,VPWR,li1,12.1900,68.0000,1.799897
output97,VPWR,li1,105.5700,13.6000,1.799111
output96,VPWR,li1,98.2100,19.0400,1.799251
output95,VPWR,li1,86.2500,19.0400,1.799290
output94,VPWR,li1,63.7100,13.6000,1.799296
output93,VPWR,li1,59.5700,13.6000,1.799326
output92,VPWR,li1,67.8500,13.6000,1.799259
output91,VPWR,li1,9.6600,46.2400,1.799941
output90,VPWR,li1,8.9700,51.6800,1.799917
output89,VPWR,li1,8.9700,62.5600,1.799862
output88,VPWR,li1,34.7300,13.6000,1.799623
output87,VPWR,li1,116.1500,62.5600,1.799281
output86,VPWR,li1,112.9300,68.0000,1.799376
output85,VPWR,li1,115.9200,95.2000,1.799609
output84,VPWR,li1,87.8600,122.4000,1.799694
output83,VPWR,li1,74.9800,122.4000,1.799712
output82,VPWR,li1,71.3000,116.9600,1.799622
output81,VPWR,li1,42.0900,122.4000,1.799811
output80,VPWR,li1,37.2600,122.4000,1.799835
output79,VPWR,li1,38.6400,116.9600,1.799768
output78,VPWR,li1,9.2000,95.2000,1.799886
output77,VPWR,li1,30.5900,19.0400,1.799753
output76,VPWR,li1,58.8800,116.9600,1.799661
output75,VPWR,li1,61.6400,111.5200,1.799767
output74,VPWR,li1,8.9700,78.8800,1.799883
output73,VPWR,li1,16.3300,89.7600,1.799916
output72,VPWR,li1,115.9200,68.0000,1.799373
output71,VPWR,li1,116.1500,62.5600,1.799281
output70,VPWR,li1,112.9300,57.1200,1.799572
output69,VPWR,li1,116.1500,51.6800,1.799607
output68,VPWR,li1,116.1500,35.3600,1.799321
output67,VPWR,li1,116.1500,35.3600,1.799321
output66,VPWR,li1,21.1600,13.6000,1.799832
input65,VPWR,li1,22.5400,13.6000,1.799832
input64,VPWR,li1,110.8600,13.6000,1.799109
input63,VPWR,li1,97.9800,13.6000,1.799128
input62,VPWR,li1,92.9200,13.6000,1.799145
input61,VPWR,li1,67.6200,13.6000,1.799259
input60,VPWR,li1,38.6400,13.6000,1.799581
input59,VPWR,li1,51.5200,13.6000,1.799414
input58,VPWR,li1,29.4400,13.6000,1.799720
input57,VPWR,li1,8.7400,51.6800,1.799917
input56,VPWR,li1,16.5600,62.5600,1.799874
input55,VPWR,li1,8.7400,46.2400,1.799941
input54,VPWR,li1,55.2000,13.6000,1.799374
input53,VPWR,li1,112.2400,51.6800,1.799614
input52,VPWR,li1,116.3800,89.7600,1.799754
input51,VPWR,li1,97.9800,122.4000,1.799692
input50,VPWR,li1,85.1000,116.9600,1.799603
input49,VPWR,li1,72.2200,122.4000,1.799718
input48,VPWR,li1,54.7400,122.4000,1.799767
input47,VPWR,li1,59.3400,122.4000,1.799753
input46,VPWR,li1,8.7400,111.5200,1.799935
input45,VPWR,li1,8.7400,100.6400,1.799924
input44,VPWR,li1,33.5800,19.0400,1.799720
input43,VPWR,li1,63.0200,122.4000,1.799744
input42,VPWR,li1,12.4200,73.4400,1.799937
input41,VPWR,li1,8.7400,68.0000,1.799897
input40,VPWR,li1,8.7400,95.2000,1.799886
input39,VPWR,li1,116.3800,89.7600,1.799754
input38,VPWR,li1,116.3800,73.4400,1.799628
input37,VPWR,li1,116.3800,84.3200,1.799770
input36,VPWR,li1,112.2400,62.5600,1.799294
input35,VPWR,li1,109.0200,51.6800,1.799621
input34,VPWR,li1,112.7000,51.6800,1.799614
input33,VPWR,li1,25.3000,13.6000,1.799766
input32,VPWR,li1,110.8600,13.6000,1.799109
input31,VPWR,li1,101.6600,13.6000,1.799119
input30,VPWR,li1,82.3400,19.0400,1.799317
input29,VPWR,li1,80.5000,13.6000,1.799195
input28,VPWR,li1,46.4600,19.0400,1.799587
input27,VPWR,li1,42.3200,13.6000,1.799525
input26,VPWR,li1,47.3800,19.0400,1.799587
input25,VPWR,li1,12.8800,51.6800,1.799921
input24,VPWR,li1,12.8800,62.5600,1.799868
input23,VPWR,li1,8.7400,40.8000,1.799930
input22,VPWR,li1,60.2600,19.0400,1.799471
input21,VPWR,li1,116.3800,51.6800,1.799607
input20,VPWR,li1,116.3800,95.2000,1.799609
input19,VPWR,li1,93.3800,122.4000,1.799693
input18,VPWR,li1,85.1000,122.4000,1.799698
input17,VPWR,li1,68.0800,122.4000,1.799729
input16,VPWR,li1,47.3800,122.4000,1.799792
input15,VPWR,li1,61.6400,116.9600,1.799647
input14,VPWR,li1,27.1400,122.4000,1.799900
input13,VPWR,li1,8.7400,106.0800,1.799946
input12,VPWR,li1,40.0200,13.6000,1.799554
input11,VPWR,li1,51.0600,122.4000,1.799779
input10,VPWR,li1,8.7400,78.8800,1.799883
input9,VPWR,li1,8.7400,73.4400,1.799936
input8,VPWR,li1,8.7400,84.3200,1.799936
input7,VPWR,li1,116.3800,84.3200,1.799770
input6,VPWR,li1,116.3800,78.8800,1.799528
input5,VPWR,li1,116.3800,68.0000,1.799373
input4,VPWR,li1,116.3800,57.1200,1.799571
input3,VPWR,li1,106.7200,46.2400,1.799798
input2,VPWR,li1,109.9400,40.8000,1.799630
input1,VPWR,li1,22.0800,19.0400,1.799865
TAP_TAPCELL_ROW_40_253,VPWR,li1,108.7900,122.0930,1.799692
TAP_TAPCELL_ROW_40_252,VPWR,li1,95.9100,122.0930,1.799692
TAP_TAPCELL_ROW_40_251,VPWR,li1,83.0300,122.0930,1.799700
TAP_TAPCELL_ROW_40_250,VPWR,li1,70.1500,122.0930,1.799723
TAP_TAPCELL_ROW_40_249,VPWR,li1,57.2700,122.0930,1.799760
TAP_TAPCELL_ROW_40_248,VPWR,li1,44.3900,122.0930,1.799803
TAP_TAPCELL_ROW_40_247,VPWR,li1,31.5100,122.0930,1.799872
TAP_TAPCELL_ROW_40_246,VPWR,li1,18.6300,122.0930,1.799934
TAP_TAPCELL_ROW_39_245,VPWR,li1,108.7900,117.2660,1.799600
TAP_TAPCELL_ROW_39_244,VPWR,li1,83.0300,117.2660,1.799604
TAP_TAPCELL_ROW_39_243,VPWR,li1,57.2700,117.2660,1.799661
TAP_TAPCELL_ROW_39_242,VPWR,li1,31.5100,117.2660,1.799825
TAP_TAPCELL_ROW_38_241,VPWR,li1,95.9100,116.6530,1.799600
TAP_TAPCELL_ROW_38_240,VPWR,li1,70.1500,116.6530,1.799622
TAP_TAPCELL_ROW_38_239,VPWR,li1,44.3900,116.6530,1.799726
TAP_TAPCELL_ROW_38_238,VPWR,li1,18.6300,116.6530,1.799903
TAP_TAPCELL_ROW_37_237,VPWR,li1,108.7900,111.8260,1.799740
TAP_TAPCELL_ROW_37_236,VPWR,li1,83.0300,111.8260,1.799743
TAP_TAPCELL_ROW_37_235,VPWR,li1,57.2700,111.8260,1.799785
TAP_TAPCELL_ROW_37_234,VPWR,li1,31.5100,111.8260,1.799890
TAP_TAPCELL_ROW_36_233,VPWR,li1,95.9100,111.2130,1.799740
TAP_TAPCELL_ROW_36_232,VPWR,li1,70.1500,111.2130,1.799755
TAP_TAPCELL_ROW_36_231,VPWR,li1,44.3900,111.2130,1.799831
TAP_TAPCELL_ROW_36_230,VPWR,li1,18.6300,111.2130,1.799937
TAP_TAPCELL_ROW_35_229,VPWR,li1,108.7900,106.3860,1.799787
TAP_TAPCELL_ROW_35_228,VPWR,li1,83.0300,106.3860,1.799789
TAP_TAPCELL_ROW_35_227,VPWR,li1,57.2700,106.3860,1.799832
TAP_TAPCELL_ROW_35_226,VPWR,li1,31.5100,106.3860,1.799912
TAP_TAPCELL_ROW_34_225,VPWR,li1,95.9100,105.7730,1.799787
TAP_TAPCELL_ROW_34_224,VPWR,li1,70.1500,105.7730,1.799806
TAP_TAPCELL_ROW_34_223,VPWR,li1,44.3900,105.7730,1.799866
TAP_TAPCELL_ROW_34_222,VPWR,li1,18.6300,105.7730,1.799948
TAP_TAPCELL_ROW_33_221,VPWR,li1,108.7900,100.9460,1.799796
TAP_TAPCELL_ROW_33_220,VPWR,li1,83.0300,100.9460,1.799798
TAP_TAPCELL_ROW_33_219,VPWR,li1,57.2700,100.9460,1.799832
TAP_TAPCELL_ROW_33_218,VPWR,li1,31.5100,100.9460,1.799901
TAP_TAPCELL_ROW_32_217,VPWR,li1,95.9100,100.3330,1.799796
TAP_TAPCELL_ROW_32_216,VPWR,li1,70.1500,100.3330,1.799807
TAP_TAPCELL_ROW_32_215,VPWR,li1,44.3900,100.3330,1.799864
TAP_TAPCELL_ROW_32_214,VPWR,li1,18.6300,100.3330,1.799929
TAP_TAPCELL_ROW_31_213,VPWR,li1,108.7900,95.5060,1.799618
TAP_TAPCELL_ROW_31_212,VPWR,li1,83.0300,95.5060,1.799658
TAP_TAPCELL_ROW_31_211,VPWR,li1,57.2700,95.5060,1.799735
TAP_TAPCELL_ROW_31_210,VPWR,li1,31.5100,95.5060,1.799851
TAP_TAPCELL_ROW_30_209,VPWR,li1,95.9100,94.8930,1.799634
TAP_TAPCELL_ROW_30_208,VPWR,li1,70.1500,94.8930,1.799696
TAP_TAPCELL_ROW_30_207,VPWR,li1,44.3900,94.8930,1.799785
TAP_TAPCELL_ROW_30_206,VPWR,li1,18.6300,94.8930,1.799901
TAP_TAPCELL_ROW_29_205,VPWR,li1,108.7900,90.0660,1.799756
TAP_TAPCELL_ROW_29_204,VPWR,li1,83.0300,90.0660,1.799772
TAP_TAPCELL_ROW_29_203,VPWR,li1,57.2700,90.0660,1.799813
TAP_TAPCELL_ROW_29_202,VPWR,li1,31.5100,90.0660,1.799889
TAP_TAPCELL_ROW_28_201,VPWR,li1,95.9100,89.4530,1.799763
TAP_TAPCELL_ROW_28_200,VPWR,li1,70.1500,89.4530,1.799791
TAP_TAPCELL_ROW_28_199,VPWR,li1,44.3900,89.4530,1.799845
TAP_TAPCELL_ROW_28_198,VPWR,li1,18.6300,89.4530,1.799922
TAP_TAPCELL_ROW_27_197,VPWR,li1,108.7900,84.6260,1.799775
TAP_TAPCELL_ROW_27_196,VPWR,li1,83.0300,84.6260,1.799804
TAP_TAPCELL_ROW_27_195,VPWR,li1,57.2700,84.6260,1.799843
TAP_TAPCELL_ROW_27_194,VPWR,li1,31.5100,84.6260,1.799905
TAP_TAPCELL_ROW_26_193,VPWR,li1,95.9100,84.0130,1.799788
TAP_TAPCELL_ROW_26_192,VPWR,li1,70.1500,84.0130,1.799821
TAP_TAPCELL_ROW_26_191,VPWR,li1,44.3900,84.0130,1.799865
TAP_TAPCELL_ROW_26_190,VPWR,li1,18.6300,84.0130,1.799939
TAP_TAPCELL_ROW_25_189,VPWR,li1,108.7900,79.1860,1.799532
TAP_TAPCELL_ROW_25_188,VPWR,li1,83.0300,79.1860,1.799601
TAP_TAPCELL_ROW_25_187,VPWR,li1,57.2700,79.1860,1.799713
TAP_TAPCELL_ROW_25_186,VPWR,li1,31.5100,79.1860,1.799850
TAP_TAPCELL_ROW_24_185,VPWR,li1,95.9100,78.5730,1.799554
TAP_TAPCELL_ROW_24_184,VPWR,li1,70.1500,78.5730,1.799655
TAP_TAPCELL_ROW_24_183,VPWR,li1,44.3900,78.5730,1.799783
TAP_TAPCELL_ROW_24_182,VPWR,li1,18.6300,78.5730,1.799905
TAP_TAPCELL_ROW_23_181,VPWR,li1,108.7900,73.7460,1.799633
TAP_TAPCELL_ROW_23_180,VPWR,li1,83.0300,73.7460,1.799691
TAP_TAPCELL_ROW_23_179,VPWR,li1,57.2700,73.7460,1.799798
TAP_TAPCELL_ROW_23_178,VPWR,li1,31.5100,73.7460,1.799901
TAP_TAPCELL_ROW_22_177,VPWR,li1,95.9100,73.1330,1.799653
TAP_TAPCELL_ROW_22_176,VPWR,li1,70.1500,73.1330,1.799747
TAP_TAPCELL_ROW_22_175,VPWR,li1,44.3900,73.1330,1.799851
TAP_TAPCELL_ROW_22_174,VPWR,li1,18.6300,73.1330,1.799940
TAP_TAPCELL_ROW_21_173,VPWR,li1,108.7900,68.3060,1.799388
TAP_TAPCELL_ROW_21_172,VPWR,li1,83.0300,68.3060,1.799502
TAP_TAPCELL_ROW_21_171,VPWR,li1,57.2700,68.3060,1.799656
TAP_TAPCELL_ROW_21_170,VPWR,li1,31.5100,68.3060,1.799833
TAP_TAPCELL_ROW_20_169,VPWR,li1,95.9100,67.6930,1.799434
TAP_TAPCELL_ROW_20_168,VPWR,li1,70.1500,67.6930,1.799569
TAP_TAPCELL_ROW_20_167,VPWR,li1,44.3900,67.6930,1.799752
TAP_TAPCELL_ROW_20_166,VPWR,li1,18.6300,67.6930,1.799908
TAP_TAPCELL_ROW_19_165,VPWR,li1,108.7900,62.8660,1.799304
TAP_TAPCELL_ROW_19_164,VPWR,li1,83.0300,62.8660,1.799426
TAP_TAPCELL_ROW_19_163,VPWR,li1,57.2700,62.8660,1.799587
TAP_TAPCELL_ROW_19_162,VPWR,li1,31.5100,62.8660,1.799787
TAP_TAPCELL_ROW_18_161,VPWR,li1,95.9100,62.2530,1.799358
TAP_TAPCELL_ROW_18_160,VPWR,li1,70.1500,62.2530,1.799501
TAP_TAPCELL_ROW_18_159,VPWR,li1,44.3900,62.2530,1.799687
TAP_TAPCELL_ROW_18_158,VPWR,li1,18.6300,62.2530,1.799878
TAP_TAPCELL_ROW_17_157,VPWR,li1,108.7900,57.4260,1.799579
TAP_TAPCELL_ROW_17_156,VPWR,li1,83.0300,57.4260,1.799660
TAP_TAPCELL_ROW_17_155,VPWR,li1,57.2700,57.4260,1.799750
TAP_TAPCELL_ROW_17_154,VPWR,li1,31.5100,57.4260,1.799877
TAP_TAPCELL_ROW_16_153,VPWR,li1,95.9100,56.8130,1.799614
TAP_TAPCELL_ROW_16_152,VPWR,li1,70.1500,56.8130,1.799705
TAP_TAPCELL_ROW_16_151,VPWR,li1,44.3900,56.8130,1.799808
TAP_TAPCELL_ROW_16_150,VPWR,li1,18.6300,56.8130,1.799921
TAP_TAPCELL_ROW_15_149,VPWR,li1,108.7900,51.9860,1.799621
TAP_TAPCELL_ROW_15_148,VPWR,li1,83.0300,51.9860,1.799692
TAP_TAPCELL_ROW_15_147,VPWR,li1,57.2700,51.9860,1.799794
TAP_TAPCELL_ROW_15_146,VPWR,li1,31.5100,51.9860,1.799895
TAP_TAPCELL_ROW_14_145,VPWR,li1,95.9100,51.3730,1.799656
TAP_TAPCELL_ROW_14_144,VPWR,li1,70.1500,51.3730,1.799741
TAP_TAPCELL_ROW_14_143,VPWR,li1,44.3900,51.3730,1.799846
TAP_TAPCELL_ROW_14_142,VPWR,li1,18.6300,51.3730,1.799935
TAP_TAPCELL_ROW_13_141,VPWR,li1,108.7900,46.5460,1.799796
TAP_TAPCELL_ROW_13_140,VPWR,li1,83.0300,46.5460,1.799830
TAP_TAPCELL_ROW_13_139,VPWR,li1,57.2700,46.5460,1.799881
TAP_TAPCELL_ROW_13_138,VPWR,li1,31.5100,46.5460,1.799938
TAP_TAPCELL_ROW_12_137,VPWR,li1,95.9100,45.9330,1.799812
TAP_TAPCELL_ROW_12_136,VPWR,li1,70.1500,45.9330,1.799854
TAP_TAPCELL_ROW_12_135,VPWR,li1,44.3900,45.9330,1.799908
TAP_TAPCELL_ROW_12_134,VPWR,li1,18.6300,45.9330,1.799955
TAP_TAPCELL_ROW_11_133,VPWR,li1,108.7900,41.1060,1.799631
TAP_TAPCELL_ROW_11_132,VPWR,li1,83.0300,41.1060,1.799677
TAP_TAPCELL_ROW_11_131,VPWR,li1,57.2700,41.1060,1.799751
TAP_TAPCELL_ROW_11_130,VPWR,li1,31.5100,41.1060,1.799870
TAP_TAPCELL_ROW_10_129,VPWR,li1,95.9100,40.4930,1.799646
TAP_TAPCELL_ROW_10_128,VPWR,li1,70.1500,40.4930,1.799709
TAP_TAPCELL_ROW_10_127,VPWR,li1,44.3900,40.4930,1.799804
TAP_TAPCELL_ROW_10_126,VPWR,li1,18.6300,40.4930,1.799932
TAP_TAPCELL_ROW_9_125,VPWR,li1,108.7900,35.6660,1.799351
TAP_TAPCELL_ROW_9_124,VPWR,li1,83.0300,35.6660,1.799460
TAP_TAPCELL_ROW_9_123,VPWR,li1,57.2700,35.6660,1.799610
TAP_TAPCELL_ROW_9_122,VPWR,li1,31.5100,35.6660,1.799818
TAP_TAPCELL_ROW_8_121,VPWR,li1,95.9100,35.0530,1.799397
TAP_TAPCELL_ROW_8_120,VPWR,li1,70.1500,35.0530,1.799527
TAP_TAPCELL_ROW_8_119,VPWR,li1,44.3900,35.0530,1.799722
TAP_TAPCELL_ROW_8_118,VPWR,li1,18.6300,35.0530,1.799909
TAP_TAPCELL_ROW_7_117,VPWR,li1,108.7900,30.2260,1.799614
TAP_TAPCELL_ROW_7_116,VPWR,li1,83.0300,30.2260,1.799663
TAP_TAPCELL_ROW_7_115,VPWR,li1,57.2700,30.2260,1.799749
TAP_TAPCELL_ROW_7_114,VPWR,li1,31.5100,30.2260,1.799877
TAP_TAPCELL_ROW_6_113,VPWR,li1,95.9100,29.6130,1.799636
TAP_TAPCELL_ROW_6_112,VPWR,li1,70.1500,29.6130,1.799701
TAP_TAPCELL_ROW_6_111,VPWR,li1,44.3900,29.6130,1.799808
TAP_TAPCELL_ROW_6_110,VPWR,li1,18.6300,29.6130,1.799939
TAP_TAPCELL_ROW_5_109,VPWR,li1,108.7900,24.7860,1.799562
TAP_TAPCELL_ROW_5_108,VPWR,li1,83.0300,24.7860,1.799594
TAP_TAPCELL_ROW_5_107,VPWR,li1,57.2700,24.7860,1.799691
TAP_TAPCELL_ROW_5_106,VPWR,li1,31.5100,24.7860,1.799838
TAP_TAPCELL_ROW_4_105,VPWR,li1,95.9100,24.1730,1.799570
TAP_TAPCELL_ROW_4_104,VPWR,li1,70.1500,24.1730,1.799633
TAP_TAPCELL_ROW_4_103,VPWR,li1,44.3900,24.1730,1.799761
TAP_TAPCELL_ROW_4_102,VPWR,li1,18.6300,24.1730,1.799918
TAP_TAPCELL_ROW_3_101,VPWR,li1,108.7900,19.3460,1.799245
TAP_TAPCELL_ROW_3_100,VPWR,li1,83.0300,19.3460,1.799317
TAP_TAPCELL_ROW_3_99,VPWR,li1,57.2700,19.3460,1.799499
TAP_TAPCELL_ROW_3_98,VPWR,li1,31.5100,19.3460,1.799753
TAP_TAPCELL_ROW_2_97,VPWR,li1,95.9100,18.7330,1.799260
TAP_TAPCELL_ROW_2_96,VPWR,li1,70.1500,18.7330,1.799391
TAP_TAPCELL_ROW_2_95,VPWR,li1,44.3900,18.7330,1.799616
TAP_TAPCELL_ROW_2_94,VPWR,li1,18.6300,18.7330,1.799864
TAP_TAPCELL_ROW_1_93,VPWR,li1,108.7900,13.9060,1.799110
TAP_TAPCELL_ROW_1_92,VPWR,li1,83.0300,13.9060,1.799186
TAP_TAPCELL_ROW_1_91,VPWR,li1,57.2700,13.9060,1.799349
TAP_TAPCELL_ROW_1_90,VPWR,li1,31.5100,13.9060,1.799672
TAP_TAPCELL_ROW_0_89,VPWR,li1,108.7900,13.2930,1.799110
TAP_TAPCELL_ROW_0_88,VPWR,li1,95.9100,13.2930,1.799137
TAP_TAPCELL_ROW_0_87,VPWR,li1,83.0300,13.2930,1.799186
TAP_TAPCELL_ROW_0_86,VPWR,li1,70.1500,13.2930,1.799246
TAP_TAPCELL_ROW_0_85,VPWR,li1,57.2700,13.2930,1.799349
TAP_TAPCELL_ROW_0_84,VPWR,li1,44.3900,13.2930,1.799500
TAP_TAPCELL_ROW_0_83,VPWR,li1,31.5100,13.2930,1.799672
TAP_TAPCELL_ROW_0_82,VPWR,li1,18.6300,13.2930,1.799832
PHY_EDGE_ROW_40_Left_81,VPWR,li1,6.2100,122.4000,1.799934
PHY_EDGE_ROW_39_Left_80,VPWR,li1,6.2100,116.9600,1.799903
PHY_EDGE_ROW_38_Left_79,VPWR,li1,6.2100,116.9600,1.799903
PHY_EDGE_ROW_37_Left_78,VPWR,li1,6.2100,111.5200,1.799935
PHY_EDGE_ROW_36_Left_77,VPWR,li1,6.2100,111.5200,1.799935
PHY_EDGE_ROW_35_Left_76,VPWR,li1,6.2100,106.0800,1.799946
PHY_EDGE_ROW_34_Left_75,VPWR,li1,6.2100,106.0800,1.799946
PHY_EDGE_ROW_33_Left_74,VPWR,li1,6.2100,100.6400,1.799924
PHY_EDGE_ROW_32_Left_73,VPWR,li1,6.2100,100.6400,1.799924
PHY_EDGE_ROW_31_Left_72,VPWR,li1,6.2100,95.2000,1.799886
PHY_EDGE_ROW_30_Left_71,VPWR,li1,6.2100,95.2000,1.799886
PHY_EDGE_ROW_29_Left_70,VPWR,li1,6.2100,89.7600,1.799913
PHY_EDGE_ROW_28_Left_69,VPWR,li1,6.2100,89.7600,1.799913
PHY_EDGE_ROW_27_Left_68,VPWR,li1,6.2100,84.3200,1.799936
PHY_EDGE_ROW_26_Left_67,VPWR,li1,6.2100,84.3200,1.799936
PHY_EDGE_ROW_25_Left_66,VPWR,li1,6.2100,78.8800,1.799883
PHY_EDGE_ROW_24_Left_65,VPWR,li1,6.2100,78.8800,1.799883
PHY_EDGE_ROW_23_Left_64,VPWR,li1,6.2100,73.4400,1.799936
PHY_EDGE_ROW_22_Left_63,VPWR,li1,6.2100,73.4400,1.799936
PHY_EDGE_ROW_21_Left_62,VPWR,li1,6.2100,68.0000,1.799897
PHY_EDGE_ROW_20_Left_61,VPWR,li1,6.2100,68.0000,1.799897
PHY_EDGE_ROW_19_Left_60,VPWR,li1,6.2100,62.5600,1.799862
PHY_EDGE_ROW_18_Left_59,VPWR,li1,6.2100,62.5600,1.799862
PHY_EDGE_ROW_17_Left_58,VPWR,li1,6.2100,57.1200,1.799912
PHY_EDGE_ROW_16_Left_57,VPWR,li1,6.2100,57.1200,1.799912
PHY_EDGE_ROW_15_Left_56,VPWR,li1,6.2100,51.6800,1.799917
PHY_EDGE_ROW_14_Left_55,VPWR,li1,6.2100,51.6800,1.799917
PHY_EDGE_ROW_13_Left_54,VPWR,li1,6.2100,46.2400,1.799941
PHY_EDGE_ROW_12_Left_53,VPWR,li1,6.2100,46.2400,1.799941
PHY_EDGE_ROW_11_Left_52,VPWR,li1,6.2100,40.8000,1.799930
PHY_EDGE_ROW_10_Left_51,VPWR,li1,6.2100,40.8000,1.799930
PHY_EDGE_ROW_9_Left_50,VPWR,li1,6.2100,35.3600,1.799909
PHY_EDGE_ROW_8_Left_49,VPWR,li1,6.2100,35.3600,1.799909
PHY_EDGE_ROW_7_Left_48,VPWR,li1,6.2100,29.9200,1.799939
PHY_EDGE_ROW_6_Left_47,VPWR,li1,6.2100,29.9200,1.799939
PHY_EDGE_ROW_5_Left_46,VPWR,li1,6.2100,24.4800,1.799918
PHY_EDGE_ROW_4_Left_45,VPWR,li1,6.2100,24.4800,1.799918
PHY_EDGE_ROW_3_Left_44,VPWR,li1,6.2100,19.0400,1.799864
PHY_EDGE_ROW_2_Left_43,VPWR,li1,6.2100,19.0400,1.799864
PHY_EDGE_ROW_1_Left_42,VPWR,li1,6.2100,13.6000,1.799832
PHY_EDGE_ROW_0_Left_41,VPWR,li1,6.2100,13.6000,1.799832
PHY_EDGE_ROW_40_Right_40,VPWR,li1,118.9100,122.4000,1.799692
PHY_EDGE_ROW_39_Right_39,VPWR,li1,118.9100,116.9600,1.799600
PHY_EDGE_ROW_38_Right_38,VPWR,li1,118.9100,116.9600,1.799600
PHY_EDGE_ROW_37_Right_37,VPWR,li1,118.9100,111.5200,1.799740
PHY_EDGE_ROW_36_Right_36,VPWR,li1,118.9100,111.5200,1.799740
PHY_EDGE_ROW_35_Right_35,VPWR,li1,118.9100,106.0800,1.799787
PHY_EDGE_ROW_34_Right_34,VPWR,li1,118.9100,106.0800,1.799787
PHY_EDGE_ROW_33_Right_33,VPWR,li1,118.9100,100.6400,1.799796
PHY_EDGE_ROW_32_Right_32,VPWR,li1,118.9100,100.6400,1.799796
PHY_EDGE_ROW_31_Right_31,VPWR,li1,118.9100,95.2000,1.799609
PHY_EDGE_ROW_30_Right_30,VPWR,li1,118.9100,95.2000,1.799609
PHY_EDGE_ROW_29_Right_29,VPWR,li1,118.9100,89.7600,1.799754
PHY_EDGE_ROW_28_Right_28,VPWR,li1,118.9100,89.7600,1.799754
PHY_EDGE_ROW_27_Right_27,VPWR,li1,118.9100,84.3200,1.799770
PHY_EDGE_ROW_26_Right_26,VPWR,li1,118.9100,84.3200,1.799770
PHY_EDGE_ROW_25_Right_25,VPWR,li1,118.9100,78.8800,1.799528
PHY_EDGE_ROW_24_Right_24,VPWR,li1,118.9100,78.8800,1.799528
PHY_EDGE_ROW_23_Right_23,VPWR,li1,118.9100,73.4400,1.799628
PHY_EDGE_ROW_22_Right_22,VPWR,li1,118.9100,73.4400,1.799628
PHY_EDGE_ROW_21_Right_21,VPWR,li1,118.9100,68.0000,1.799373
PHY_EDGE_ROW_20_Right_20,VPWR,li1,118.9100,68.0000,1.799373
PHY_EDGE_ROW_19_Right_19,VPWR,li1,118.9100,62.5600,1.799281
PHY_EDGE_ROW_18_Right_18,VPWR,li1,118.9100,62.5600,1.799281
PHY_EDGE_ROW_17_Right_17,VPWR,li1,118.9100,57.1200,1.799571
PHY_EDGE_ROW_16_Right_16,VPWR,li1,118.9100,57.1200,1.799571
PHY_EDGE_ROW_15_Right_15,VPWR,li1,118.9100,51.6800,1.799607
PHY_EDGE_ROW_14_Right_14,VPWR,li1,118.9100,51.6800,1.799607
PHY_EDGE_ROW_13_Right_13,VPWR,li1,118.9100,46.2400,1.799793
PHY_EDGE_ROW_12_Right_12,VPWR,li1,118.9100,46.2400,1.799793
PHY_EDGE_ROW_11_Right_11,VPWR,li1,118.9100,40.8000,1.799629
PHY_EDGE_ROW_10_Right_10,VPWR,li1,118.9100,40.8000,1.799629
PHY_EDGE_ROW_9_Right_9,VPWR,li1,118.9100,35.3600,1.799321
PHY_EDGE_ROW_8_Right_8,VPWR,li1,118.9100,35.3600,1.799321
PHY_EDGE_ROW_7_Right_7,VPWR,li1,118.9100,29.9200,1.799609
PHY_EDGE_ROW_6_Right_6,VPWR,li1,118.9100,29.9200,1.799609
PHY_EDGE_ROW_5_Right_5,VPWR,li1,118.9100,24.4800,1.799562
PHY_EDGE_ROW_4_Right_4,VPWR,li1,118.9100,24.4800,1.799562
PHY_EDGE_ROW_3_Right_3,VPWR,li1,118.9100,19.0400,1.799245
PHY_EDGE_ROW_2_Right_2,VPWR,li1,118.9100,19.0400,1.799245
PHY_EDGE_ROW_1_Right_1,VPWR,li1,118.9100,13.6000,1.799109
PHY_EDGE_ROW_0_Right_0,VPWR,li1,118.9100,13.6000,1.799109
_730_,VPWR,li1,77.5100,19.0400,1.799342
_729_,VPWR,li1,74.9800,13.6000,1.799223
_728_,VPWR,li1,81.4200,13.6000,1.799195
_727_,VPWR,li1,84.4100,13.6000,1.799178
_726_,VPWR,li1,77.5100,13.6000,1.799208
_725_,VPWR,li1,98.6700,35.3600,1.799387
_724_,VPWR,li1,107.4100,35.3600,1.799351
_723_,VPWR,li1,103.9600,35.3600,1.799363
_722_,VPWR,li1,106.9500,29.9200,1.799616
_721_,VPWR,li1,106.0300,46.2400,1.799798
_720_,VPWR,li1,112.0100,46.2400,1.799795
_719_,VPWR,li1,101.4300,46.2400,1.799803
_718_,VPWR,li1,110.6300,35.3600,1.799339
_717_,VPWR,li1,105.1100,40.8000,1.799633
_716_,VPWR,li1,110.6300,29.9200,1.799612
_715_,VPWR,li1,106.4900,40.8000,1.799633
_714_,VPWR,li1,114.0800,40.8000,1.799629
_713_,VPWR,li1,114.5400,46.2400,1.799793
_712_,VPWR,li1,110.1700,40.8000,1.799630
_711_,VPWR,li1,113.8500,40.8000,1.799629
_710_,VPWR,li1,116.6100,46.2400,1.799793
_709_,VPWR,li1,100.0500,24.4800,1.799565
_708_,VPWR,li1,98.9000,24.4800,1.799565
_707_,VPWR,li1,93.6100,29.9200,1.799642
_706_,VPWR,li1,87.1700,19.0400,1.799290
_705_,VPWR,li1,92.6900,24.4800,1.799573
_704_,VPWR,li1,88.3200,13.6000,1.799164
_703_,VPWR,li1,87.6300,13.6000,1.799164
_702_,VPWR,li1,81.6500,19.0400,1.799317
_701_,VPWR,li1,89.4700,19.0400,1.799278
_700_,VPWR,li1,101.4300,19.0400,1.799249
_699_,VPWR,li1,105.5700,24.4800,1.799563
_698_,VPWR,li1,106.0300,13.6000,1.799111
_697_,VPWR,li1,106.0300,19.0400,1.799246
_696_,VPWR,li1,105.3400,19.0400,1.799246
_695_,VPWR,li1,111.0900,19.0400,1.799245
_694_,VPWR,li1,108.3300,24.4800,1.799562
_693_,VPWR,li1,88.5500,73.4400,1.799671
_692_,VPWR,li1,92.6900,73.4400,1.799664
_691_,VPWR,li1,94.3000,68.0000,1.799444
_690_,VPWR,li1,98.4400,73.4400,1.799648
_689_,VPWR,li1,100.5100,62.5600,1.799336
_688_,VPWR,li1,102.3500,73.4400,1.799641
_687_,VPWR,li1,109.2500,68.0000,1.799388
_686_,VPWR,li1,112.4700,57.1200,1.799572
_685_,VPWR,li1,89.4700,78.8800,1.799573
_684_,VPWR,li1,88.5500,73.4400,1.799671
_683_,VPWR,li1,94.0700,78.8800,1.799560
_682_,VPWR,li1,91.3100,78.8800,1.799566
_681_,VPWR,li1,112.4700,78.8800,1.799529
_680_,VPWR,li1,101.4300,78.8800,1.799542
_679_,VPWR,li1,98.4400,68.0000,1.799422
_678_,VPWR,li1,98.4400,73.4400,1.799648
_677_,VPWR,li1,103.9600,62.5600,1.799327
_676_,VPWR,li1,106.0300,68.0000,1.799395
_675_,VPWR,li1,106.9500,51.6800,1.799627
_674_,VPWR,li1,103.2700,68.0000,1.799404
_673_,VPWR,li1,113.1600,68.0000,1.799376
_672_,VPWR,li1,104.1900,51.6800,1.799635
_671_,VPWR,li1,113.1600,78.8800,1.799529
_670_,VPWR,li1,112.4700,73.4400,1.799630
_669_,VPWR,li1,110.6300,68.0000,1.799382
_668_,VPWR,li1,106.9500,73.4400,1.799634
_667_,VPWR,li1,117.0700,73.4400,1.799628
_666_,VPWR,li1,102.3500,73.4400,1.799641
_665_,VPWR,li1,96.8300,78.8800,1.799554
_664_,VPWR,li1,100.0500,84.3200,1.799783
_663_,VPWR,li1,99.5900,78.8800,1.799546
_662_,VPWR,li1,112.4700,84.3200,1.799771
_661_,VPWR,li1,112.9300,84.3200,1.799771
_660_,VPWR,li1,109.2500,84.3200,1.799773
_659_,VPWR,li1,20.9300,89.7600,1.799927
_658_,VPWR,li1,11.2700,84.3200,1.799936
_657_,VPWR,li1,11.7300,89.7600,1.799913
_656_,VPWR,li1,8.5100,89.7600,1.799913
_655_,VPWR,li1,12.1900,84.3200,1.799936
_654_,VPWR,li1,11.0400,89.7600,1.799913
_653_,VPWR,li1,54.9700,19.0400,1.799523
_652_,VPWR,li1,92.0000,40.8000,1.799656
_651_,VPWR,li1,11.9600,57.1200,1.799912
_650_,VPWR,li1,112.0100,73.4400,1.799630
_649_,VPWR,li1,107.6400,73.4400,1.799634
_648_,VPWR,li1,106.2600,68.0000,1.799395
_647_,VPWR,li1,99.1300,62.5600,1.799349
_646_,VPWR,li1,93.6100,68.0000,1.799444
_645_,VPWR,li1,98.4400,57.1200,1.799607
_644_,VPWR,li1,105.5700,57.1200,1.799585
_643_,VPWR,li1,106.2600,62.5600,1.799312
_642_,VPWR,li1,106.9500,57.1200,1.799585
_641_,VPWR,li1,97.7500,62.5600,1.799349
_640_,VPWR,li1,76.1300,51.6800,1.799711
_639_,VPWR,li1,114.7700,29.9200,1.799609
_638_,VPWR,li1,110.1700,29.9200,1.799614
_637_,VPWR,li1,114.7700,29.9200,1.799609
_636_,VPWR,li1,101.4300,29.9200,1.799624
_635_,VPWR,li1,98.6700,13.6000,1.799128
_634_,VPWR,li1,92.4600,19.0400,1.799271
_633_,VPWR,li1,92.6900,24.4800,1.799573
_632_,VPWR,li1,76.3600,35.3600,1.799492
_631_,VPWR,li1,82.1100,24.4800,1.799600
_630_,VPWR,li1,70.8400,24.4800,1.799633
_629_,VPWR,li1,62.7900,13.6000,1.799296
_628_,VPWR,li1,59.8000,19.0400,1.799471
_627_,VPWR,li1,62.7900,24.4800,1.799664
_626_,VPWR,li1,62.1000,35.3600,1.799574
_625_,VPWR,li1,62.7900,35.3600,1.799574
_624_,VPWR,li1,64.6300,40.8000,1.799722
_623_,VPWR,li1,34.2700,40.8000,1.799853
_622_,VPWR,li1,34.5000,35.3600,1.799798
_621_,VPWR,li1,33.8100,35.3600,1.799798
_620_,VPWR,li1,33.3500,29.9200,1.799866
_619_,VPWR,li1,39.1000,24.4800,1.799785
_618_,VPWR,li1,39.1000,24.4800,1.799785
_617_,VPWR,li1,34.7300,13.6000,1.799623
_616_,VPWR,li1,26.4500,19.0400,1.799806
_615_,VPWR,li1,28.2900,13.6000,1.799720
_614_,VPWR,li1,25.9900,62.5600,1.799833
_613_,VPWR,li1,16.7900,57.1200,1.799918
_612_,VPWR,li1,21.3900,57.1200,1.799925
_611_,VPWR,li1,30.1300,57.1200,1.799877
_610_,VPWR,li1,33.8100,57.1200,1.799863
_609_,VPWR,li1,23.9200,57.1200,1.799914
_608_,VPWR,li1,50.1400,62.5600,1.799633
_607_,VPWR,li1,10.8100,57.1200,1.799912
_606_,VPWR,li1,10.8100,62.5600,1.799864
_605_,VPWR,li1,33.8100,62.5600,1.799764
_604_,VPWR,li1,35.1900,68.0000,1.799816
_603_,VPWR,li1,39.3300,62.5600,1.799722
_602_,VPWR,li1,36.1100,62.5600,1.799741
_601_,VPWR,li1,38.4100,62.5600,1.799722
_600_,VPWR,li1,50.3700,57.1200,1.799780
_599_,VPWR,li1,38.8700,57.1200,1.799840
_598_,VPWR,li1,61.4100,68.0000,1.799627
_597_,VPWR,li1,60.2600,62.5600,1.799558
_596_,VPWR,li1,33.3500,62.5600,1.799764
_595_,VPWR,li1,19.5500,57.1200,1.799921
_594_,VPWR,li1,16.5600,62.5600,1.799874
_593_,VPWR,li1,20.4700,62.5600,1.799882
_592_,VPWR,li1,17.0200,68.0000,1.799905
_591_,VPWR,li1,19.5500,62.5600,1.799878
_590_,VPWR,li1,77.5100,62.5600,1.799454
_589_,VPWR,li1,74.2900,62.5600,1.799470
_588_,VPWR,li1,74.2900,68.0000,1.799544
_587_,VPWR,li1,63.2500,62.5600,1.799544
_586_,VPWR,li1,59.5700,57.1200,1.799740
_585_,VPWR,li1,55.2000,57.1200,1.799760
_584_,VPWR,li1,58.1900,57.1200,1.799750
_583_,VPWR,li1,61.1800,57.1200,1.799740
_582_,VPWR,li1,59.1100,51.6800,1.799786
_581_,VPWR,li1,70.8400,62.5600,1.799489
_580_,VPWR,li1,66.4700,62.5600,1.799516
_579_,VPWR,li1,71.9900,68.0000,1.799558
_578_,VPWR,li1,74.5200,84.3200,1.799814
_577_,VPWR,li1,65.5500,68.0000,1.799597
_576_,VPWR,li1,81.1900,89.7600,1.799774
_575_,VPWR,li1,76.8200,89.7600,1.799779
_574_,VPWR,li1,77.5100,73.4400,1.799711
_573_,VPWR,li1,71.9900,89.7600,1.799787
_572_,VPWR,li1,89.0100,95.2000,1.799644
_571_,VPWR,li1,81.8800,100.6400,1.799798
_570_,VPWR,li1,71.9900,62.5600,1.799489
_569_,VPWR,li1,72.9100,57.1200,1.799689
_568_,VPWR,li1,76.8200,62.5600,1.799454
_567_,VPWR,li1,74.2900,57.1200,1.799689
_566_,VPWR,li1,77.7400,57.1200,1.799676
_565_,VPWR,li1,79.8100,57.1200,1.799666
_564_,VPWR,li1,89.9300,95.2000,1.799644
_563_,VPWR,li1,87.1700,95.2000,1.799648
_562_,VPWR,li1,88.5500,100.6400,1.799796
_561_,VPWR,li1,92.2300,95.2000,1.799638
_560_,VPWR,li1,89.0100,111.5200,1.799740
_559_,VPWR,li1,78.4300,95.2000,1.799669
_558_,VPWR,li1,78.8900,106.0800,1.799793
_557_,VPWR,li1,93.1500,95.2000,1.799638
_556_,VPWR,li1,99.5900,89.7600,1.799759
_555_,VPWR,li1,98.9000,89.7600,1.799759
_554_,VPWR,li1,102.3500,89.7600,1.799758
_553_,VPWR,li1,101.4300,95.2000,1.799626
_552_,VPWR,li1,85.3300,111.5200,1.799741
_551_,VPWR,li1,84.8700,106.0800,1.799788
_550_,VPWR,li1,85.3300,106.0800,1.799788
_549_,VPWR,li1,88.7800,106.0800,1.799787
_548_,VPWR,li1,91.7700,111.5200,1.799740
_547_,VPWR,li1,91.7700,116.9600,1.799600
_546_,VPWR,li1,93.3800,116.9600,1.799600
_545_,VPWR,li1,90.8500,116.9600,1.799601
_544_,VPWR,li1,82.1100,106.0800,1.799791
_543_,VPWR,li1,77.9700,116.9600,1.799609
_542_,VPWR,li1,79.3500,106.0800,1.799793
_541_,VPWR,li1,77.0500,100.6400,1.799800
_540_,VPWR,li1,71.9900,116.9600,1.799618
_539_,VPWR,li1,71.9900,111.5200,1.799751
_538_,VPWR,li1,72.4500,111.5200,1.799751
_537_,VPWR,li1,81.6500,116.9600,1.799606
_536_,VPWR,li1,80.7300,111.5200,1.799744
_535_,VPWR,li1,81.1900,122.4000,1.799703
_534_,VPWR,li1,80.9600,116.9600,1.799606
_533_,VPWR,li1,85.3300,116.9600,1.799603
_532_,VPWR,li1,88.0900,116.9600,1.799602
_531_,VPWR,li1,68.5400,106.0800,1.799810
_530_,VPWR,li1,72.6800,100.6400,1.799804
_529_,VPWR,li1,72.9100,106.0800,1.799803
_528_,VPWR,li1,72.4500,100.6400,1.799804
_527_,VPWR,li1,68.7700,111.5200,1.799755
_526_,VPWR,li1,67.8500,111.5200,1.799758
_525_,VPWR,li1,67.8500,116.9600,1.799628
_524_,VPWR,li1,68.5400,116.9600,1.799628
_523_,VPWR,li1,64.6300,116.9600,1.799641
_522_,VPWR,li1,65.3200,116.9600,1.799635
_521_,VPWR,li1,64.6300,111.5200,1.799763
_520_,VPWR,li1,75.4400,73.4400,1.799719
_519_,VPWR,li1,67.3900,95.2000,1.799705
_518_,VPWR,li1,67.6200,89.7600,1.799795
_517_,VPWR,li1,45.3100,95.2000,1.799785
_516_,VPWR,li1,46.9200,100.6400,1.799854
_515_,VPWR,li1,35.6500,100.6400,1.799886
_514_,VPWR,li1,43.4700,100.6400,1.799864
_513_,VPWR,li1,46.2300,116.9600,1.799715
_512_,VPWR,li1,47.6100,116.9600,1.799715
_511_,VPWR,li1,41.8600,116.9600,1.799741
_510_,VPWR,li1,37.2600,111.5200,1.799856
_509_,VPWR,li1,40.7100,111.5200,1.799844
_508_,VPWR,li1,34.9600,106.0800,1.799902
_507_,VPWR,li1,43.4700,111.5200,1.799831
_506_,VPWR,li1,42.7800,116.9600,1.799741
_505_,VPWR,li1,47.6100,106.0800,1.799859
_504_,VPWR,li1,44.3900,106.0800,1.799866
_503_,VPWR,li1,46.6900,106.0800,1.799859
_502_,VPWR,li1,49.9100,106.0800,1.799850
_501_,VPWR,li1,54.9700,106.0800,1.799836
_500_,VPWR,li1,53.8200,100.6400,1.799838
_499_,VPWR,li1,54.9700,106.0800,1.799836
_498_,VPWR,li1,59.5700,106.0800,1.799826
_497_,VPWR,li1,33.8100,116.9600,1.799798
_496_,VPWR,li1,33.3500,111.5200,1.799881
_495_,VPWR,li1,36.8000,111.5200,1.799856
_494_,VPWR,li1,37.0300,106.0800,1.799891
_493_,VPWR,li1,53.5900,111.5200,1.799792
_492_,VPWR,li1,50.6000,116.9600,1.799693
_491_,VPWR,li1,56.1200,116.9600,1.799672
_490_,VPWR,li1,61.4100,116.9600,1.799647
_489_,VPWR,li1,59.1100,111.5200,1.799776
_488_,VPWR,li1,54.9700,116.9600,1.799672
_487_,VPWR,li1,32.2000,116.9600,1.799825
_486_,VPWR,li1,34.2700,111.5200,1.799869
_485_,VPWR,li1,31.0500,106.0800,1.799912
_484_,VPWR,li1,21.6200,106.0800,1.799949
_483_,VPWR,li1,25.7600,111.5200,1.799914
_482_,VPWR,li1,28.7500,100.6400,1.799908
_481_,VPWR,li1,25.0700,106.0800,1.799940
_480_,VPWR,li1,28.9800,95.2000,1.799865
_479_,VPWR,li1,22.5400,100.6400,1.799935
_478_,VPWR,li1,27.3700,106.0800,1.799927
_477_,VPWR,li1,22.3100,111.5200,1.799938
_476_,VPWR,li1,21.3900,111.5200,1.799938
_475_,VPWR,li1,24.6100,116.9600,1.799884
_474_,VPWR,li1,23.9200,116.9600,1.799884
_473_,VPWR,li1,20.4700,116.9600,1.799903
_472_,VPWR,li1,20.0100,116.9600,1.799903
_471_,VPWR,li1,23.4600,95.2000,1.799910
_470_,VPWR,li1,40.4800,95.2000,1.799805
_469_,VPWR,li1,39.7900,89.7600,1.799855
_468_,VPWR,li1,29.4400,84.3200,1.799912
_467_,VPWR,li1,36.5700,89.7600,1.799866
_466_,VPWR,li1,43.0100,89.7600,1.799845
_465_,VPWR,li1,41.6300,95.2000,1.799797
_464_,VPWR,li1,35.6500,89.7600,1.799872
_463_,VPWR,li1,20.9300,100.6400,1.799931
_462_,VPWR,li1,13.3400,95.2000,1.799894
_461_,VPWR,li1,12.6500,100.6400,1.799926
_460_,VPWR,li1,11.2700,100.6400,1.799925
_459_,VPWR,li1,15.4100,100.6400,1.799927
_458_,VPWR,li1,14.0300,106.0800,1.799947
_457_,VPWR,li1,53.5900,89.7600,1.799820
_456_,VPWR,li1,50.1400,89.7600,1.799830
_455_,VPWR,li1,51.0600,89.7600,1.799825
_454_,VPWR,li1,43.0100,89.7600,1.799845
_453_,VPWR,li1,54.9700,95.2000,1.799746
_452_,VPWR,li1,39.7900,95.2000,1.799805
_451_,VPWR,li1,49.9100,95.2000,1.799766
_450_,VPWR,li1,58.1900,95.2000,1.799735
_449_,VPWR,li1,58.8800,95.2000,1.799735
_448_,VPWR,li1,55.8900,95.2000,1.799746
_447_,VPWR,li1,52.4400,84.3200,1.799852
_446_,VPWR,li1,40.2500,84.3200,1.799875
_445_,VPWR,li1,54.0500,84.3200,1.799845
_444_,VPWR,li1,53.3600,78.8800,1.799737
_443_,VPWR,li1,28.5200,84.3200,1.799912
_442_,VPWR,li1,25.9900,84.3200,1.799925
_441_,VPWR,li1,23.0000,84.3200,1.799934
_440_,VPWR,li1,36.5700,84.3200,1.799885
_439_,VPWR,li1,35.1900,78.8800,1.799826
_438_,VPWR,li1,33.3500,78.8800,1.799836
_437_,VPWR,li1,32.8900,84.3200,1.799899
_436_,VPWR,li1,31.9700,73.4400,1.799901
_435_,VPWR,li1,33.3500,73.4400,1.799893
_434_,VPWR,li1,29.2100,73.4400,1.799913
_433_,VPWR,li1,18.1700,84.3200,1.799939
_432_,VPWR,li1,20.7000,89.7600,1.799927
_431_,VPWR,li1,20.9300,84.3200,1.799943
_430_,VPWR,li1,14.9500,78.8800,1.799895
_429_,VPWR,li1,17.9400,73.4400,1.799940
_428_,VPWR,li1,20.0100,73.4400,1.799942
_427_,VPWR,li1,15.8700,73.4400,1.799939
_426_,VPWR,li1,12.1900,73.4400,1.799937
_425_,VPWR,li1,25.0700,89.7600,1.799908
_424_,VPWR,li1,75.9000,78.8800,1.799622
_423_,VPWR,li1,75.4400,46.2400,1.799839
_422_,VPWR,li1,80.2700,73.4400,1.799699
_421_,VPWR,li1,75.4400,46.2400,1.799839
_420_,VPWR,li1,78.2000,40.8000,1.799686
_419_,VPWR,li1,48.3000,40.8000,1.799789
_418_,VPWR,li1,41.6300,40.8000,1.799813
_417_,VPWR,li1,40.2500,29.9200,1.799830
_416_,VPWR,li1,40.0200,29.9200,1.799830
_415_,VPWR,li1,76.8200,51.6800,1.799711
_414_,VPWR,li1,99.5900,40.8000,1.799640
_413_,VPWR,li1,102.8100,40.8000,1.799635
_412_,VPWR,li1,102.3500,24.4800,1.799563
_411_,VPWR,li1,75.4400,35.3600,1.799492
_410_,VPWR,li1,71.0700,40.8000,1.799709
_409_,VPWR,li1,72.9100,29.9200,1.799690
_408_,VPWR,li1,77.2800,24.4800,1.799613
_407_,VPWR,li1,73.8300,24.4800,1.799620
_406_,VPWR,li1,67.6200,29.9200,1.799711
_405_,VPWR,li1,40.4800,40.8000,1.799827
_404_,VPWR,li1,44.3900,40.8000,1.799804
_403_,VPWR,li1,45.3100,35.3600,1.799703
_402_,VPWR,li1,40.2500,35.3600,1.799745
_401_,VPWR,li1,48.9900,35.3600,1.799674
_400_,VPWR,li1,47.1500,29.9200,1.799794
_399_,VPWR,li1,47.1500,29.9200,1.799794
_398_,VPWR,li1,29.6700,29.9200,1.799888
_397_,VPWR,li1,28.2900,35.3600,1.799846
_396_,VPWR,li1,31.9700,40.8000,1.799870
_395_,VPWR,li1,29.6700,35.3600,1.799846
_394_,VPWR,li1,30.1300,40.8000,1.799888
_393_,VPWR,li1,33.8100,24.4800,1.799821
_392_,VPWR,li1,28.5200,19.0400,1.799779
_391_,VPWR,li1,24.1500,19.0400,1.799835
_390_,VPWR,li1,30.1300,24.4800,1.799852
_389_,VPWR,li1,27.3700,24.4800,1.799871
_388_,VPWR,li1,17.2500,19.0400,1.799864
_387_,VPWR,li1,23.2300,24.4800,1.799903
_386_,VPWR,li1,38.4100,19.0400,1.799668
_385_,VPWR,li1,40.4800,19.0400,1.799646
_384_,VPWR,li1,43.4700,24.4800,1.799761
_383_,VPWR,li1,45.7700,24.4800,1.799747
_382_,VPWR,li1,53.5900,19.0400,1.799523
_381_,VPWR,li1,45.7700,24.4800,1.799747
_380_,VPWR,li1,48.9900,13.6000,1.799444
_379_,VPWR,li1,44.3900,13.6000,1.799500
_378_,VPWR,li1,70.6100,35.3600,1.799527
_377_,VPWR,li1,73.3700,40.8000,1.799698
_376_,VPWR,li1,74.7500,29.9200,1.799684
_375_,VPWR,li1,80.7300,29.9200,1.799669
_374_,VPWR,li1,83.0300,35.3600,1.799460
_373_,VPWR,li1,80.0400,29.9200,1.799669
_372_,VPWR,li1,83.9500,29.9200,1.799663
_371_,VPWR,li1,86.7100,29.9200,1.799653
_370_,VPWR,li1,86.2500,35.3600,1.799440
_369_,VPWR,li1,84.4100,24.4800,1.799594
_368_,VPWR,li1,60.0300,40.8000,1.799737
_367_,VPWR,li1,59.5700,29.9200,1.799739
_366_,VPWR,li1,55.2000,29.9200,1.799757
_365_,VPWR,li1,63.2500,29.9200,1.799728
_364_,VPWR,li1,60.9500,29.9200,1.799739
_363_,VPWR,li1,55.8900,35.3600,1.799628
_362_,VPWR,li1,58.6500,35.3600,1.799610
_361_,VPWR,li1,57.0400,40.8000,1.799751
_360_,VPWR,li1,71.5300,19.0400,1.799391
_359_,VPWR,li1,53.5900,24.4800,1.799705
_358_,VPWR,li1,56.5800,19.0400,1.799499
_357_,VPWR,li1,51.2900,24.4800,1.799717
_356_,VPWR,li1,56.3500,29.9200,1.799757
_355_,VPWR,li1,54.9700,13.6000,1.799374
_354_,VPWR,li1,54.5100,24.4800,1.799705
_353_,VPWR,li1,48.5300,24.4800,1.799737
_352_,VPWR,li1,63.7100,19.0400,1.799449
_351_,VPWR,li1,51.7500,19.0400,1.799551
_350_,VPWR,li1,65.0900,19.0400,1.799430
_349_,VPWR,li1,68.3100,19.0400,1.799405
