Instance,Terminal,Layer,X location,Y location,Voltage
FILLER_40_243,VGND,li1,117.7600,119.6800,0.000515
FILLER_40_240,VGND,li1,116.6100,119.6800,0.000515
FILLER_40_237,VGND,li1,115.2300,119.6800,0.000515
FILLER_40_234,VGND,li1,113.8500,119.6800,0.000515
FILLER_40_231,VGND,li1,112.4700,119.6800,0.000515
FILLER_40_228,VGND,li1,111.0900,119.6800,0.000515
FILLER_40_225,VGND,li1,109.7100,119.6800,0.000515
FILLER_40_223,VGND,li1,108.3300,119.6800,0.000515
FILLER_40_220,VGND,li1,107.4100,119.6800,0.000515
FILLER_40_217,VGND,li1,106.0300,119.6800,0.000515
FILLER_40_214,VGND,li1,104.6500,119.6800,0.000515
FILLER_40_211,VGND,li1,103.2700,119.6800,0.000515
FILLER_40_208,VGND,li1,101.8900,119.6800,0.000515
FILLER_40_205,VGND,li1,100.5100,119.6800,0.000515
FILLER_40_195,VGND,li1,95.4500,119.6800,0.000515
FILLER_40_184,VGND,li1,90.8500,119.6800,0.000513
FILLER_40_181,VGND,li1,89.4700,119.6800,0.000512
FILLER_40_159,VGND,li1,79.1200,119.6800,0.000496
FILLER_40_156,VGND,li1,77.9700,119.6800,0.000492
FILLER_40_153,VGND,li1,76.5900,119.6800,0.000492
FILLER_40_129,VGND,li1,65.5500,119.6800,0.000455
FILLER_40_111,VGND,li1,56.8100,119.6800,0.000413
FILLER_40_85,VGND,li1,45.0800,119.6800,0.000332
FILLER_40_60,VGND,li1,33.8100,119.6800,0.000234
FILLER_40_57,VGND,li1,32.4300,119.6800,0.000206
FILLER_40_54,VGND,li1,30.8200,119.6800,0.000179
FILLER_40_51,VGND,li1,29.6700,119.6800,0.000179
FILLER_40_41,VGND,li1,24.8400,119.6800,0.000126
FILLER_40_38,VGND,li1,23.6900,119.6800,0.000127
FILLER_40_35,VGND,li1,22.3100,119.6800,0.000127
FILLER_40_32,VGND,li1,20.9300,119.6800,0.000128
FILLER_40_29,VGND,li1,19.5500,119.6800,0.000128
FILLER_40_27,VGND,li1,18.1700,119.6800,0.000128
FILLER_40_24,VGND,li1,17.2500,119.6800,0.000128
FILLER_40_21,VGND,li1,15.8700,119.6800,0.000128
FILLER_40_18,VGND,li1,14.4900,119.6800,0.000128
FILLER_40_15,VGND,li1,13.1100,119.6800,0.000128
FILLER_40_12,VGND,li1,11.7300,119.6800,0.000128
FILLER_40_9,VGND,li1,10.3500,119.6800,0.000128
FILLER_40_6,VGND,li1,8.9700,119.6800,0.000128
FILLER_40_3,VGND,li1,7.5900,119.6800,0.000128
FILLER_39_243,VGND,li1,117.7600,119.6800,0.000515
FILLER_39_240,VGND,li1,116.6100,119.6800,0.000515
FILLER_39_237,VGND,li1,115.2300,119.6800,0.000515
FILLER_39_234,VGND,li1,113.8500,119.6800,0.000515
FILLER_39_231,VGND,li1,112.4700,119.6800,0.000515
FILLER_39_228,VGND,li1,111.0900,119.6800,0.000515
FILLER_39_225,VGND,li1,109.7100,119.6800,0.000515
FILLER_39_221,VGND,li1,107.8700,119.6800,0.000515
FILLER_39_218,VGND,li1,106.4900,119.6800,0.000515
FILLER_39_215,VGND,li1,105.1100,119.6800,0.000515
FILLER_39_212,VGND,li1,103.7300,119.6800,0.000515
FILLER_39_209,VGND,li1,102.3500,119.6800,0.000515
FILLER_39_206,VGND,li1,100.9700,119.6800,0.000515
FILLER_39_203,VGND,li1,99.5900,119.6800,0.000515
FILLER_39_200,VGND,li1,98.2100,119.6800,0.000515
FILLER_39_197,VGND,li1,96.8300,119.6800,0.000515
FILLER_39_194,VGND,li1,95.4500,119.6800,0.000515
FILLER_39_182,VGND,li1,89.4700,119.6800,0.000512
FILLER_39_157,VGND,li1,78.4300,119.6800,0.000496
FILLER_39_154,VGND,li1,77.0500,119.6800,0.000492
FILLER_39_151,VGND,li1,75.6700,119.6800,0.000487
FILLER_39_148,VGND,li1,74.2900,119.6800,0.000487
FILLER_39_145,VGND,li1,72.9100,119.6800,0.000481
FILLER_39_124,VGND,li1,63.2500,119.6800,0.000445
FILLER_39_102,VGND,li1,52.6700,119.6800,0.000388
FILLER_39_93,VGND,li1,48.5300,119.6800,0.000361
FILLER_39_53,VGND,li1,30.5900,119.6800,0.000179
FILLER_39_50,VGND,li1,29.2100,119.6800,0.000179
FILLER_39_47,VGND,li1,27.8300,119.6800,0.000154
FILLER_39_44,VGND,li1,26.4500,119.6800,0.000126
FILLER_39_27,VGND,li1,18.4000,119.6800,0.000128
FILLER_39_24,VGND,li1,17.2500,119.6800,0.000128
FILLER_39_21,VGND,li1,15.8700,119.6800,0.000128
FILLER_39_18,VGND,li1,14.4900,119.6800,0.000128
FILLER_39_15,VGND,li1,13.1100,119.6800,0.000128
FILLER_39_12,VGND,li1,11.7300,119.6800,0.000128
FILLER_39_9,VGND,li1,10.3500,119.6800,0.000128
FILLER_39_6,VGND,li1,8.9700,119.6800,0.000128
FILLER_39_3,VGND,li1,7.5900,119.6800,0.000128
FILLER_38_242,VGND,li1,117.5300,114.2400,0.000307
FILLER_38_239,VGND,li1,116.1500,114.2400,0.000307
FILLER_38_236,VGND,li1,114.7700,114.2400,0.000307
FILLER_38_233,VGND,li1,113.3900,114.2400,0.000307
FILLER_38_230,VGND,li1,112.0100,114.2400,0.000307
FILLER_38_227,VGND,li1,110.6300,114.2400,0.000307
FILLER_38_224,VGND,li1,109.2500,114.2400,0.000307
FILLER_38_221,VGND,li1,107.8700,114.2400,0.000307
FILLER_38_218,VGND,li1,106.4900,114.2400,0.000307
FILLER_38_215,VGND,li1,105.1100,114.2400,0.000307
FILLER_38_212,VGND,li1,103.7300,114.2400,0.000307
FILLER_38_209,VGND,li1,102.3500,114.2400,0.000307
FILLER_38_206,VGND,li1,100.9700,114.2400,0.000307
FILLER_38_203,VGND,li1,99.5900,114.2400,0.000307
FILLER_38_200,VGND,li1,98.2100,114.2400,0.000307
FILLER_38_197,VGND,li1,96.8300,114.2400,0.000307
FILLER_38_195,VGND,li1,95.4500,114.2400,0.000307
FILLER_38_192,VGND,li1,94.5300,114.2400,0.000307
FILLER_38_180,VGND,li1,89.0100,114.2400,0.000306
FILLER_38_177,VGND,li1,87.6300,114.2400,0.000306
FILLER_38_153,VGND,li1,76.1300,114.2400,0.000298
FILLER_38_150,VGND,li1,75.2100,114.2400,0.000296
FILLER_38_147,VGND,li1,73.8300,114.2400,0.000296
FILLER_38_141,VGND,li1,70.6100,114.2400,0.000290
FILLER_38_101,VGND,li1,52.2100,114.2400,0.000233
FILLER_38_98,VGND,li1,51.2900,114.2400,0.000233
FILLER_38_64,VGND,li1,35.1900,114.2400,0.000153
FILLER_38_49,VGND,li1,28.7500,114.2400,0.000109
FILLER_38_27,VGND,li1,18.1700,114.2400,0.000079
FILLER_38_24,VGND,li1,17.2500,114.2400,0.000079
FILLER_38_21,VGND,li1,15.8700,114.2400,0.000079
FILLER_38_18,VGND,li1,14.4900,114.2400,0.000080
FILLER_38_15,VGND,li1,13.1100,114.2400,0.000080
FILLER_38_12,VGND,li1,11.7300,114.2400,0.000080
FILLER_38_9,VGND,li1,10.3500,114.2400,0.000081
FILLER_38_6,VGND,li1,8.9700,114.2400,0.000081
FILLER_38_3,VGND,li1,7.5900,114.2400,0.000081
FILLER_37_243,VGND,li1,117.7600,114.2400,0.000307
FILLER_37_240,VGND,li1,116.6100,114.2400,0.000307
FILLER_37_237,VGND,li1,115.2300,114.2400,0.000307
FILLER_37_234,VGND,li1,113.8500,114.2400,0.000307
FILLER_37_231,VGND,li1,112.4700,114.2400,0.000307
FILLER_37_228,VGND,li1,111.0900,114.2400,0.000307
FILLER_37_225,VGND,li1,109.7100,114.2400,0.000307
FILLER_37_222,VGND,li1,108.1000,114.2400,0.000307
FILLER_37_219,VGND,li1,106.9500,114.2400,0.000307
FILLER_37_216,VGND,li1,105.5700,114.2400,0.000307
FILLER_37_213,VGND,li1,104.1900,114.2400,0.000307
FILLER_37_210,VGND,li1,102.8100,114.2400,0.000307
FILLER_37_207,VGND,li1,101.4300,114.2400,0.000307
FILLER_37_204,VGND,li1,100.0500,114.2400,0.000307
FILLER_37_201,VGND,li1,98.6700,114.2400,0.000307
FILLER_37_198,VGND,li1,97.2900,114.2400,0.000307
FILLER_37_195,VGND,li1,95.9100,114.2400,0.000307
FILLER_37_192,VGND,li1,94.5300,114.2400,0.000307
FILLER_37_181,VGND,li1,89.2400,114.2400,0.000306
FILLER_37_178,VGND,li1,88.0900,114.2400,0.000306
FILLER_37_175,VGND,li1,86.7100,114.2400,0.000305
FILLER_37_172,VGND,li1,85.3300,114.2400,0.000305
FILLER_37_169,VGND,li1,83.9500,114.2400,0.000304
FILLER_37_167,VGND,li1,82.5700,114.2400,0.000304
FILLER_37_159,VGND,li1,78.8900,114.2400,0.000301
FILLER_37_156,VGND,li1,77.9700,114.2400,0.000301
FILLER_37_153,VGND,li1,76.5900,114.2400,0.000298
FILLER_37_150,VGND,li1,75.2100,114.2400,0.000296
FILLER_37_140,VGND,li1,70.1500,114.2400,0.000290
FILLER_37_124,VGND,li1,63.0200,114.2400,0.000274
FILLER_37_94,VGND,li1,49.4500,114.2400,0.000225
FILLER_37_91,VGND,li1,48.0700,114.2400,0.000217
FILLER_37_88,VGND,li1,46.6900,114.2400,0.000206
FILLER_37_85,VGND,li1,45.3100,114.2400,0.000206
FILLER_37_63,VGND,li1,34.9600,114.2400,0.000142
FILLER_37_57,VGND,li1,31.9700,114.2400,0.000126
FILLER_37_54,VGND,li1,30.8200,114.2400,0.000126
FILLER_37_51,VGND,li1,29.6700,114.2400,0.000109
FILLER_37_48,VGND,li1,28.2900,114.2400,0.000109
FILLER_37_38,VGND,li1,23.4600,114.2400,0.000077
FILLER_37_29,VGND,li1,19.3200,114.2400,0.000078
FILLER_37_26,VGND,li1,18.1700,114.2400,0.000079
FILLER_37_23,VGND,li1,16.7900,114.2400,0.000079
FILLER_37_20,VGND,li1,15.4100,114.2400,0.000079
FILLER_37_17,VGND,li1,14.0300,114.2400,0.000080
FILLER_37_14,VGND,li1,12.6500,114.2400,0.000080
FILLER_37_11,VGND,li1,11.2700,114.2400,0.000080
FILLER_36_242,VGND,li1,117.5300,108.8000,0.000184
FILLER_36_239,VGND,li1,116.1500,108.8000,0.000184
FILLER_36_236,VGND,li1,114.7700,108.8000,0.000184
FILLER_36_233,VGND,li1,113.3900,108.8000,0.000184
FILLER_36_230,VGND,li1,112.0100,108.8000,0.000184
FILLER_36_227,VGND,li1,110.6300,108.8000,0.000184
FILLER_36_224,VGND,li1,109.2500,108.8000,0.000184
FILLER_36_221,VGND,li1,107.8700,108.8000,0.000184
FILLER_36_218,VGND,li1,106.4900,108.8000,0.000184
FILLER_36_215,VGND,li1,105.1100,108.8000,0.000184
FILLER_36_212,VGND,li1,103.7300,108.8000,0.000184
FILLER_36_209,VGND,li1,102.3500,108.8000,0.000184
FILLER_36_206,VGND,li1,100.9700,108.8000,0.000184
FILLER_36_203,VGND,li1,99.5900,108.8000,0.000184
FILLER_36_200,VGND,li1,98.2100,108.8000,0.000184
FILLER_36_197,VGND,li1,96.8300,108.8000,0.000184
FILLER_36_195,VGND,li1,95.4500,108.8000,0.000184
FILLER_36_192,VGND,li1,94.5300,108.8000,0.000184
FILLER_36_189,VGND,li1,93.1500,108.8000,0.000184
FILLER_36_186,VGND,li1,91.7700,108.8000,0.000184
FILLER_36_176,VGND,li1,86.7100,108.8000,0.000182
FILLER_36_169,VGND,li1,83.7200,108.8000,0.000180
FILLER_36_166,VGND,li1,82.5700,108.8000,0.000178
FILLER_36_163,VGND,li1,81.1900,108.8000,0.000178
FILLER_36_160,VGND,li1,79.8100,108.8000,0.000174
FILLER_36_157,VGND,li1,78.4300,108.8000,0.000174
FILLER_36_154,VGND,li1,77.0500,108.8000,0.000170
FILLER_36_151,VGND,li1,75.6700,108.8000,0.000170
FILLER_36_148,VGND,li1,74.2900,108.8000,0.000167
FILLER_36_132,VGND,li1,66.9300,108.8000,0.000156
FILLER_36_129,VGND,li1,65.5500,108.8000,0.000153
FILLER_36_126,VGND,li1,64.1700,108.8000,0.000148
FILLER_36_123,VGND,li1,62.7900,108.8000,0.000148
FILLER_36_120,VGND,li1,61.4100,108.8000,0.000145
FILLER_36_117,VGND,li1,60.0300,108.8000,0.000140
FILLER_36_114,VGND,li1,58.6500,108.8000,0.000140
FILLER_36_111,VGND,li1,57.2700,108.8000,0.000136
FILLER_36_108,VGND,li1,55.8900,108.8000,0.000133
FILLER_36_105,VGND,li1,54.5100,108.8000,0.000129
FILLER_36_102,VGND,li1,53.1300,108.8000,0.000129
FILLER_36_99,VGND,li1,51.7500,108.8000,0.000125
FILLER_36_96,VGND,li1,50.3700,108.8000,0.000119
FILLER_36_93,VGND,li1,48.9900,108.8000,0.000119
FILLER_36_88,VGND,li1,46.2300,108.8000,0.000113
FILLER_36_85,VGND,li1,45.3100,108.8000,0.000107
FILLER_36_83,VGND,li1,43.9300,108.8000,0.000107
FILLER_36_76,VGND,li1,41.1700,108.8000,0.000100
FILLER_36_58,VGND,li1,32.8900,108.8000,0.000070
FILLER_36_55,VGND,li1,31.5100,108.8000,0.000062
FILLER_36_52,VGND,li1,30.1300,108.8000,0.000062
FILLER_36_49,VGND,li1,28.7500,108.8000,0.000051
FILLER_36_46,VGND,li1,27.3700,108.8000,0.000051
FILLER_36_43,VGND,li1,25.9900,108.8000,0.000041
FILLER_36_40,VGND,li1,24.6100,108.8000,0.000041
FILLER_36_32,VGND,li1,20.4700,108.8000,0.000042
FILLER_36_29,VGND,li1,19.5500,108.8000,0.000042
FILLER_36_27,VGND,li1,18.1700,108.8000,0.000042
FILLER_36_24,VGND,li1,17.2500,108.8000,0.000042
FILLER_36_21,VGND,li1,15.8700,108.8000,0.000042
FILLER_36_18,VGND,li1,14.4900,108.8000,0.000042
FILLER_36_15,VGND,li1,13.1100,108.8000,0.000042
FILLER_36_12,VGND,li1,11.7300,108.8000,0.000042
FILLER_36_9,VGND,li1,10.3500,108.8000,0.000042
FILLER_36_6,VGND,li1,8.9700,108.8000,0.000042
FILLER_36_3,VGND,li1,7.5900,108.8000,0.000042
FILLER_35_243,VGND,li1,117.7600,108.8000,0.000184
FILLER_35_240,VGND,li1,116.6100,108.8000,0.000184
FILLER_35_237,VGND,li1,115.2300,108.8000,0.000184
FILLER_35_234,VGND,li1,113.8500,108.8000,0.000184
FILLER_35_231,VGND,li1,112.4700,108.8000,0.000184
FILLER_35_228,VGND,li1,111.0900,108.8000,0.000184
FILLER_35_225,VGND,li1,109.7100,108.8000,0.000184
FILLER_35_223,VGND,li1,108.3300,108.8000,0.000184
FILLER_35_220,VGND,li1,107.4100,108.8000,0.000184
FILLER_35_217,VGND,li1,106.0300,108.8000,0.000184
FILLER_35_214,VGND,li1,104.6500,108.8000,0.000184
FILLER_35_211,VGND,li1,103.2700,108.8000,0.000184
FILLER_35_208,VGND,li1,101.8900,108.8000,0.000184
FILLER_35_205,VGND,li1,100.5100,108.8000,0.000184
FILLER_35_202,VGND,li1,99.1300,108.8000,0.000184
FILLER_35_199,VGND,li1,97.7500,108.8000,0.000184
FILLER_35_196,VGND,li1,96.3700,108.8000,0.000184
FILLER_35_193,VGND,li1,94.9900,108.8000,0.000184
FILLER_35_190,VGND,li1,93.6100,108.8000,0.000184
FILLER_35_187,VGND,li1,92.2300,108.8000,0.000184
FILLER_35_184,VGND,li1,90.8500,108.8000,0.000184
FILLER_35_164,VGND,li1,81.1900,108.8000,0.000178
FILLER_35_152,VGND,li1,76.1300,108.8000,0.000170
FILLER_35_149,VGND,li1,74.7500,108.8000,0.000167
FILLER_35_146,VGND,li1,73.3700,108.8000,0.000167
FILLER_35_143,VGND,li1,71.9900,108.8000,0.000163
FILLER_35_140,VGND,li1,70.6100,108.8000,0.000163
FILLER_35_137,VGND,li1,69.2300,108.8000,0.000160
FILLER_35_134,VGND,li1,67.8500,108.8000,0.000156
FILLER_35_131,VGND,li1,66.4700,108.8000,0.000153
FILLER_35_128,VGND,li1,65.0900,108.8000,0.000153
FILLER_35_125,VGND,li1,63.7100,108.8000,0.000148
FILLER_35_122,VGND,li1,62.3300,108.8000,0.000145
FILLER_35_119,VGND,li1,60.9500,108.8000,0.000145
FILLER_35_116,VGND,li1,59.5700,108.8000,0.000140
FILLER_35_113,VGND,li1,58.1900,108.8000,0.000136
FILLER_35_111,VGND,li1,56.8100,108.8000,0.000136
FILLER_35_101,VGND,li1,52.6700,108.8000,0.000125
FILLER_35_98,VGND,li1,51.2900,108.8000,0.000125
FILLER_35_95,VGND,li1,49.9100,108.8000,0.000119
FILLER_35_80,VGND,li1,42.5500,108.8000,0.000100
FILLER_35_77,VGND,li1,41.6300,108.8000,0.000100
FILLER_35_74,VGND,li1,40.2500,108.8000,0.000093
FILLER_35_71,VGND,li1,38.8700,108.8000,0.000093
FILLER_35_63,VGND,li1,35.1900,108.8000,0.000077
FILLER_35_60,VGND,li1,33.8100,108.8000,0.000070
FILLER_35_57,VGND,li1,32.4300,108.8000,0.000070
FILLER_35_55,VGND,li1,31.0500,108.8000,0.000062
FILLER_35_52,VGND,li1,30.1300,108.8000,0.000062
FILLER_35_49,VGND,li1,28.7500,108.8000,0.000051
FILLER_35_46,VGND,li1,27.3700,108.8000,0.000051
FILLER_35_36,VGND,li1,22.7700,108.8000,0.000042
FILLER_35_33,VGND,li1,21.3900,108.8000,0.000042
FILLER_35_30,VGND,li1,20.0100,108.8000,0.000042
FILLER_35_27,VGND,li1,18.6300,108.8000,0.000042
FILLER_35_24,VGND,li1,17.2500,108.8000,0.000042
FILLER_35_21,VGND,li1,15.8700,108.8000,0.000042
FILLER_35_18,VGND,li1,14.4900,108.8000,0.000042
FILLER_35_15,VGND,li1,13.1100,108.8000,0.000042
FILLER_35_12,VGND,li1,11.7300,108.8000,0.000042
FILLER_35_9,VGND,li1,10.3500,108.8000,0.000042
FILLER_35_6,VGND,li1,8.9700,108.8000,0.000042
FILLER_35_3,VGND,li1,7.5900,108.8000,0.000042
FILLER_34_242,VGND,li1,117.5300,103.3600,0.000171
FILLER_34_239,VGND,li1,116.1500,103.3600,0.000171
FILLER_34_236,VGND,li1,114.7700,103.3600,0.000171
FILLER_34_233,VGND,li1,113.3900,103.3600,0.000171
FILLER_34_230,VGND,li1,112.0100,103.3600,0.000171
FILLER_34_227,VGND,li1,110.6300,103.3600,0.000171
FILLER_34_224,VGND,li1,109.2500,103.3600,0.000171
FILLER_34_221,VGND,li1,107.8700,103.3600,0.000171
FILLER_34_218,VGND,li1,106.4900,103.3600,0.000171
FILLER_34_215,VGND,li1,105.1100,103.3600,0.000171
FILLER_34_212,VGND,li1,103.7300,103.3600,0.000171
FILLER_34_209,VGND,li1,102.3500,103.3600,0.000171
FILLER_34_206,VGND,li1,100.9700,103.3600,0.000171
FILLER_34_203,VGND,li1,99.5900,103.3600,0.000171
FILLER_34_200,VGND,li1,98.2100,103.3600,0.000171
FILLER_34_197,VGND,li1,96.8300,103.3600,0.000171
FILLER_34_195,VGND,li1,95.4500,103.3600,0.000171
FILLER_34_192,VGND,li1,94.5300,103.3600,0.000171
FILLER_34_189,VGND,li1,93.1500,103.3600,0.000171
FILLER_34_186,VGND,li1,91.7700,103.3600,0.000171
FILLER_34_183,VGND,li1,90.3900,103.3600,0.000171
FILLER_34_180,VGND,li1,89.0100,103.3600,0.000171
FILLER_34_177,VGND,li1,87.6300,103.3600,0.000171
FILLER_34_165,VGND,li1,82.1100,103.3600,0.000170
FILLER_34_153,VGND,li1,76.5900,103.3600,0.000168
FILLER_34_150,VGND,li1,75.2100,103.3600,0.000166
FILLER_34_141,VGND,li1,70.8400,103.3600,0.000162
FILLER_34_132,VGND,li1,66.7000,103.3600,0.000155
FILLER_34_129,VGND,li1,65.5500,103.3600,0.000155
FILLER_34_126,VGND,li1,64.1700,103.3600,0.000151
FILLER_34_123,VGND,li1,62.7900,103.3600,0.000151
FILLER_34_120,VGND,li1,61.4100,103.3600,0.000148
FILLER_34_85,VGND,li1,44.8500,103.3600,0.000116
FILLER_34_81,VGND,li1,43.4700,103.3600,0.000111
FILLER_34_78,VGND,li1,42.0900,103.3600,0.000111
FILLER_34_75,VGND,li1,40.7100,103.3600,0.000103
FILLER_34_72,VGND,li1,39.3300,103.3600,0.000103
FILLER_34_69,VGND,li1,37.9500,103.3600,0.000096
FILLER_34_51,VGND,li1,29.2100,103.3600,0.000073
FILLER_34_42,VGND,li1,25.3000,103.3600,0.000056
FILLER_34_39,VGND,li1,24.1500,103.3600,0.000056
FILLER_34_29,VGND,li1,19.3200,103.3600,0.000063
FILLER_34_25,VGND,li1,17.7100,103.3600,0.000065
FILLER_34_22,VGND,li1,16.3300,103.3600,0.000067
FILLER_34_14,VGND,li1,12.1900,103.3600,0.000070
FILLER_34_11,VGND,li1,11.2700,103.3600,0.000070
FILLER_33_243,VGND,li1,117.7600,103.3600,0.000171
FILLER_33_240,VGND,li1,116.6100,103.3600,0.000171
FILLER_33_237,VGND,li1,115.2300,103.3600,0.000171
FILLER_33_234,VGND,li1,113.8500,103.3600,0.000171
FILLER_33_231,VGND,li1,112.4700,103.3600,0.000171
FILLER_33_228,VGND,li1,111.0900,103.3600,0.000171
FILLER_33_225,VGND,li1,109.7100,103.3600,0.000171
FILLER_33_223,VGND,li1,108.3300,103.3600,0.000171
FILLER_33_220,VGND,li1,107.4100,103.3600,0.000171
FILLER_33_217,VGND,li1,106.0300,103.3600,0.000171
FILLER_33_214,VGND,li1,104.6500,103.3600,0.000171
FILLER_33_211,VGND,li1,103.2700,103.3600,0.000171
FILLER_33_208,VGND,li1,101.8900,103.3600,0.000171
FILLER_33_205,VGND,li1,100.5100,103.3600,0.000171
FILLER_33_202,VGND,li1,99.1300,103.3600,0.000171
FILLER_33_199,VGND,li1,97.7500,103.3600,0.000171
FILLER_33_196,VGND,li1,96.3700,103.3600,0.000171
FILLER_33_193,VGND,li1,94.9900,103.3600,0.000171
FILLER_33_190,VGND,li1,93.6100,103.3600,0.000171
FILLER_33_187,VGND,li1,92.2300,103.3600,0.000171
FILLER_33_184,VGND,li1,90.8500,103.3600,0.000171
FILLER_33_181,VGND,li1,89.4700,103.3600,0.000171
FILLER_33_178,VGND,li1,88.0900,103.3600,0.000171
FILLER_33_175,VGND,li1,86.7100,103.3600,0.000171
FILLER_33_172,VGND,li1,85.3300,103.3600,0.000171
FILLER_33_169,VGND,li1,83.9500,103.3600,0.000170
FILLER_33_166,VGND,li1,82.3400,103.3600,0.000170
FILLER_33_163,VGND,li1,81.1900,103.3600,0.000170
FILLER_33_160,VGND,li1,79.8100,103.3600,0.000169
FILLER_33_149,VGND,li1,74.5200,103.3600,0.000166
FILLER_33_140,VGND,li1,70.3800,103.3600,0.000162
FILLER_33_137,VGND,li1,69.2300,103.3600,0.000159
FILLER_33_134,VGND,li1,67.8500,103.3600,0.000159
FILLER_33_131,VGND,li1,66.4700,103.3600,0.000155
FILLER_33_128,VGND,li1,65.0900,103.3600,0.000155
FILLER_33_125,VGND,li1,63.7100,103.3600,0.000151
FILLER_33_122,VGND,li1,62.3300,103.3600,0.000148
FILLER_33_119,VGND,li1,60.9500,103.3600,0.000148
FILLER_33_116,VGND,li1,59.5700,103.3600,0.000144
FILLER_33_113,VGND,li1,58.1900,103.3600,0.000144
FILLER_33_109,VGND,li1,56.3500,103.3600,0.000141
FILLER_33_99,VGND,li1,51.5200,103.3600,0.000132
FILLER_33_96,VGND,li1,50.3700,103.3600,0.000127
FILLER_33_93,VGND,li1,48.9900,103.3600,0.000127
FILLER_33_69,VGND,li1,37.9500,103.3600,0.000096
FILLER_33_66,VGND,li1,36.5700,103.3600,0.000096
FILLER_33_63,VGND,li1,35.1900,103.3600,0.000088
FILLER_33_60,VGND,li1,33.8100,103.3600,0.000088
FILLER_33_57,VGND,li1,32.4300,103.3600,0.000080
FILLER_33_55,VGND,li1,31.0500,103.3600,0.000080
FILLER_33_43,VGND,li1,25.9900,103.3600,0.000063
FILLER_33_30,VGND,li1,19.5500,103.3600,0.000063
FILLER_33_27,VGND,li1,18.6300,103.3600,0.000065
FILLER_33_22,VGND,li1,15.8700,103.3600,0.000067
FILLER_33_19,VGND,li1,14.9500,103.3600,0.000067
FILLER_33_11,VGND,li1,10.8100,103.3600,0.000070
FILLER_32_242,VGND,li1,117.5300,97.9200,0.000354
FILLER_32_239,VGND,li1,116.1500,97.9200,0.000354
FILLER_32_236,VGND,li1,114.7700,97.9200,0.000351
FILLER_32_233,VGND,li1,113.3900,97.9200,0.000349
FILLER_32_230,VGND,li1,112.0100,97.9200,0.000349
FILLER_32_227,VGND,li1,110.6300,97.9200,0.000347
FILLER_32_224,VGND,li1,109.2500,97.9200,0.000345
FILLER_32_221,VGND,li1,107.8700,97.9200,0.000345
FILLER_32_218,VGND,li1,106.4900,97.9200,0.000343
FILLER_32_215,VGND,li1,105.1100,97.9200,0.000341
FILLER_32_212,VGND,li1,103.7300,97.9200,0.000341
FILLER_32_209,VGND,li1,102.3500,97.9200,0.000339
FILLER_32_206,VGND,li1,100.9700,97.9200,0.000336
FILLER_32_203,VGND,li1,99.5900,97.9200,0.000336
FILLER_32_200,VGND,li1,98.2100,97.9200,0.000334
FILLER_32_197,VGND,li1,96.8300,97.9200,0.000332
FILLER_32_194,VGND,li1,95.2200,97.9200,0.000330
FILLER_32_191,VGND,li1,94.0700,97.9200,0.000330
FILLER_32_188,VGND,li1,92.6900,97.9200,0.000327
FILLER_32_185,VGND,li1,91.3100,97.9200,0.000327
FILLER_32_173,VGND,li1,85.7900,97.9200,0.000319
FILLER_32_157,VGND,li1,78.2000,97.9200,0.000302
FILLER_32_154,VGND,li1,77.0500,97.9200,0.000302
FILLER_32_151,VGND,li1,75.6700,97.9200,0.000298
FILLER_32_128,VGND,li1,65.0900,97.9200,0.000270
FILLER_32_125,VGND,li1,63.7100,97.9200,0.000260
FILLER_32_122,VGND,li1,62.3300,97.9200,0.000260
FILLER_32_119,VGND,li1,60.9500,97.9200,0.000250
FILLER_32_116,VGND,li1,59.5700,97.9200,0.000250
FILLER_32_113,VGND,li1,58.1900,97.9200,0.000241
FILLER_32_110,VGND,li1,56.8100,97.9200,0.000234
FILLER_32_107,VGND,li1,55.4300,97.9200,0.000234
FILLER_32_104,VGND,li1,54.0500,97.9200,0.000225
FILLER_32_101,VGND,li1,52.6700,97.9200,0.000218
FILLER_32_98,VGND,li1,51.2900,97.9200,0.000218
FILLER_32_95,VGND,li1,49.9100,97.9200,0.000209
FILLER_32_83,VGND,li1,43.9300,97.9200,0.000188
FILLER_32_80,VGND,li1,43.0100,97.9200,0.000178
FILLER_32_77,VGND,li1,41.6300,97.9200,0.000178
FILLER_32_74,VGND,li1,40.2500,97.9200,0.000170
FILLER_32_54,VGND,li1,31.0500,97.9200,0.000128
FILLER_32_51,VGND,li1,29.6700,97.9200,0.000118
FILLER_32_29,VGND,li1,19.3200,97.9200,0.000098
FILLER_32_27,VGND,li1,18.1700,97.9200,0.000102
FILLER_32_24,VGND,li1,17.2500,97.9200,0.000102
FILLER_32_3,VGND,li1,7.5900,97.9200,0.000115
FILLER_31_243,VGND,li1,117.7600,97.9200,0.000354
FILLER_31_234,VGND,li1,113.8500,97.9200,0.000351
FILLER_31_231,VGND,li1,112.4700,97.9200,0.000349
FILLER_31_228,VGND,li1,111.0900,97.9200,0.000347
FILLER_31_225,VGND,li1,109.7100,97.9200,0.000347
FILLER_31_223,VGND,li1,108.3300,97.9200,0.000345
FILLER_31_220,VGND,li1,107.4100,97.9200,0.000343
FILLER_31_217,VGND,li1,106.0300,97.9200,0.000343
FILLER_31_214,VGND,li1,104.6500,97.9200,0.000341
FILLER_31_211,VGND,li1,103.2700,97.9200,0.000339
FILLER_31_208,VGND,li1,101.8900,97.9200,0.000339
FILLER_31_205,VGND,li1,100.5100,97.9200,0.000336
FILLER_31_202,VGND,li1,99.1300,97.9200,0.000334
FILLER_31_199,VGND,li1,97.7500,97.9200,0.000334
FILLER_31_196,VGND,li1,96.3700,97.9200,0.000332
FILLER_31_193,VGND,li1,94.9900,97.9200,0.000330
FILLER_31_190,VGND,li1,93.6100,97.9200,0.000330
FILLER_31_172,VGND,li1,85.3300,97.9200,0.000316
FILLER_31_169,VGND,li1,83.9500,97.9200,0.000316
FILLER_31_165,VGND,li1,82.1100,97.9200,0.000312
FILLER_31_150,VGND,li1,74.9800,97.9200,0.000298
FILLER_31_144,VGND,li1,72.2200,97.9200,0.000291
FILLER_31_141,VGND,li1,71.0700,97.9200,0.000286
FILLER_31_134,VGND,li1,67.8500,97.9200,0.000281
FILLER_31_131,VGND,li1,66.4700,97.9200,0.000270
FILLER_31_128,VGND,li1,65.0900,97.9200,0.000270
FILLER_31_125,VGND,li1,63.7100,97.9200,0.000260
FILLER_31_122,VGND,li1,62.3300,97.9200,0.000260
FILLER_31_119,VGND,li1,60.9500,97.9200,0.000250
FILLER_31_105,VGND,li1,54.2800,97.9200,0.000225
FILLER_31_102,VGND,li1,53.1300,97.9200,0.000225
FILLER_31_99,VGND,li1,51.7500,97.9200,0.000218
FILLER_31_96,VGND,li1,50.3700,97.9200,0.000209
FILLER_31_93,VGND,li1,48.9900,97.9200,0.000209
FILLER_31_90,VGND,li1,47.6100,97.9200,0.000201
FILLER_31_80,VGND,li1,43.0100,97.9200,0.000178
FILLER_31_69,VGND,li1,37.9500,97.9200,0.000161
FILLER_31_66,VGND,li1,36.5700,97.9200,0.000150
FILLER_31_63,VGND,li1,35.1900,97.9200,0.000141
FILLER_31_60,VGND,li1,33.8100,97.9200,0.000141
FILLER_31_57,VGND,li1,32.4300,97.9200,0.000128
FILLER_31_53,VGND,li1,30.5900,97.9200,0.000118
FILLER_31_50,VGND,li1,29.2100,97.9200,0.000118
FILLER_31_27,VGND,li1,18.1700,97.9200,0.000102
FILLER_31_24,VGND,li1,17.2500,97.9200,0.000102
FILLER_31_21,VGND,li1,15.8700,97.9200,0.000105
FILLER_31_11,VGND,li1,11.0400,97.9200,0.000113
FILLER_31_3,VGND,li1,7.3600,97.9200,0.000115
FILLER_30_235,VGND,li1,114.0800,92.4800,0.000321
FILLER_30_232,VGND,li1,112.9300,92.4800,0.000321
FILLER_30_229,VGND,li1,111.5500,92.4800,0.000320
FILLER_30_226,VGND,li1,110.1700,92.4800,0.000320
FILLER_30_223,VGND,li1,108.7900,92.4800,0.000320
FILLER_30_220,VGND,li1,107.4100,92.4800,0.000319
FILLER_30_217,VGND,li1,106.0300,92.4800,0.000319
FILLER_30_214,VGND,li1,104.6500,92.4800,0.000318
FILLER_30_211,VGND,li1,103.2700,92.4800,0.000318
FILLER_30_203,VGND,li1,99.5900,92.4800,0.000317
FILLER_30_200,VGND,li1,98.2100,92.4800,0.000315
FILLER_30_197,VGND,li1,96.8300,92.4800,0.000315
FILLER_30_175,VGND,li1,86.7100,92.4800,0.000304
FILLER_30_172,VGND,li1,85.3300,92.4800,0.000304
FILLER_30_169,VGND,li1,83.9500,92.4800,0.000300
FILLER_30_166,VGND,li1,82.5700,92.4800,0.000300
FILLER_30_163,VGND,li1,81.1900,92.4800,0.000296
FILLER_30_160,VGND,li1,79.8100,92.4800,0.000296
FILLER_30_157,VGND,li1,78.4300,92.4800,0.000291
FILLER_30_154,VGND,li1,77.0500,92.4800,0.000291
FILLER_30_147,VGND,li1,73.8300,92.4800,0.000284
FILLER_30_144,VGND,li1,72.4500,92.4800,0.000277
FILLER_30_141,VGND,li1,71.0700,92.4800,0.000277
FILLER_30_137,VGND,li1,69.2300,92.4800,0.000272
FILLER_30_129,VGND,li1,65.5500,92.4800,0.000262
FILLER_30_126,VGND,li1,64.1700,92.4800,0.000257
FILLER_30_123,VGND,li1,62.7900,92.4800,0.000251
FILLER_30_120,VGND,li1,61.4100,92.4800,0.000251
FILLER_30_117,VGND,li1,60.0300,92.4800,0.000246
FILLER_30_102,VGND,li1,52.6700,92.4800,0.000223
FILLER_30_99,VGND,li1,51.7500,92.4800,0.000223
FILLER_30_91,VGND,li1,48.0700,92.4800,0.000207
FILLER_30_88,VGND,li1,46.6900,92.4800,0.000200
FILLER_30_85,VGND,li1,45.3100,92.4800,0.000200
FILLER_30_67,VGND,li1,36.5700,92.4800,0.000160
FILLER_30_64,VGND,li1,35.6500,92.4800,0.000147
FILLER_30_61,VGND,li1,34.2700,92.4800,0.000147
FILLER_30_58,VGND,li1,32.8900,92.4800,0.000137
FILLER_30_55,VGND,li1,31.5100,92.4800,0.000124
FILLER_30_38,VGND,li1,23.2300,92.4800,0.000101
FILLER_30_35,VGND,li1,22.3100,92.4800,0.000108
FILLER_30_32,VGND,li1,20.9300,92.4800,0.000108
FILLER_30_29,VGND,li1,19.5500,92.4800,0.000114
FILLER_30_26,VGND,li1,17.9400,92.4800,0.000119
FILLER_30_23,VGND,li1,16.7900,92.4800,0.000119
FILLER_30_20,VGND,li1,15.4100,92.4800,0.000121
FILLER_30_17,VGND,li1,14.0300,92.4800,0.000121
FILLER_30_14,VGND,li1,12.6500,92.4800,0.000122
FILLER_30_11,VGND,li1,11.2700,92.4800,0.000122
FILLER_29_234,VGND,li1,113.8500,92.4800,0.000321
FILLER_29_231,VGND,li1,112.4700,92.4800,0.000321
FILLER_29_228,VGND,li1,111.0900,92.4800,0.000320
FILLER_29_225,VGND,li1,109.7100,92.4800,0.000320
FILLER_29_223,VGND,li1,108.3300,92.4800,0.000320
FILLER_29_220,VGND,li1,107.4100,92.4800,0.000319
FILLER_29_217,VGND,li1,106.0300,92.4800,0.000319
FILLER_29_214,VGND,li1,104.6500,92.4800,0.000318
FILLER_29_196,VGND,li1,96.3700,92.4800,0.000314
FILLER_29_193,VGND,li1,94.9900,92.4800,0.000314
FILLER_29_190,VGND,li1,93.6100,92.4800,0.000313
FILLER_29_187,VGND,li1,92.2300,92.4800,0.000310
FILLER_29_184,VGND,li1,90.8500,92.4800,0.000310
FILLER_29_181,VGND,li1,89.4700,92.4800,0.000307
FILLER_29_178,VGND,li1,88.0900,92.4800,0.000307
FILLER_29_175,VGND,li1,86.7100,92.4800,0.000304
FILLER_29_172,VGND,li1,85.3300,92.4800,0.000304
FILLER_29_169,VGND,li1,83.9500,92.4800,0.000300
FILLER_29_138,VGND,li1,69.4600,92.4800,0.000272
FILLER_29_131,VGND,li1,66.0100,92.4800,0.000262
FILLER_29_128,VGND,li1,65.0900,92.4800,0.000257
FILLER_29_125,VGND,li1,63.7100,92.4800,0.000257
FILLER_29_122,VGND,li1,62.3300,92.4800,0.000251
FILLER_29_119,VGND,li1,60.9500,92.4800,0.000246
FILLER_29_116,VGND,li1,59.5700,92.4800,0.000246
FILLER_29_113,VGND,li1,58.1900,92.4800,0.000240
FILLER_29_110,VGND,li1,56.5800,92.4800,0.000235
FILLER_29_107,VGND,li1,55.4300,92.4800,0.000235
FILLER_29_89,VGND,li1,47.1500,92.4800,0.000207
FILLER_29_63,VGND,li1,34.7300,92.4800,0.000147
FILLER_29_60,VGND,li1,33.8100,92.4800,0.000137
FILLER_29_57,VGND,li1,32.4300,92.4800,0.000137
FILLER_29_55,VGND,li1,31.0500,92.4800,0.000124
FILLER_29_52,VGND,li1,30.1300,92.4800,0.000124
FILLER_29_49,VGND,li1,28.7500,92.4800,0.000108
FILLER_29_46,VGND,li1,27.3700,92.4800,0.000108
FILLER_29_43,VGND,li1,25.9900,92.4800,0.000095
FILLER_29_40,VGND,li1,24.6100,92.4800,0.000101
FILLER_29_37,VGND,li1,23.2300,92.4800,0.000101
FILLER_29_28,VGND,li1,18.6300,92.4800,0.000114
FILLER_29_18,VGND,li1,14.0300,92.4800,0.000121
FILLER_29_3,VGND,li1,7.1300,92.4800,0.000123
FILLER_28_236,VGND,li1,114.3100,87.0400,0.000139
FILLER_28_233,VGND,li1,113.3900,87.0400,0.000138
FILLER_28_230,VGND,li1,112.0100,87.0400,0.000138
FILLER_28_227,VGND,li1,110.6300,87.0400,0.000137
FILLER_28_224,VGND,li1,109.2500,87.0400,0.000136
FILLER_28_221,VGND,li1,107.8700,87.0400,0.000136
FILLER_28_218,VGND,li1,106.4900,87.0400,0.000136
FILLER_28_215,VGND,li1,105.1100,87.0400,0.000135
FILLER_28_212,VGND,li1,103.7300,87.0400,0.000135
FILLER_28_209,VGND,li1,102.3500,87.0400,0.000134
FILLER_28_197,VGND,li1,96.8300,87.0400,0.000131
FILLER_28_195,VGND,li1,95.4500,87.0400,0.000129
FILLER_28_192,VGND,li1,94.5300,87.0400,0.000128
FILLER_28_189,VGND,li1,93.1500,87.0400,0.000128
FILLER_28_186,VGND,li1,91.7700,87.0400,0.000126
FILLER_28_183,VGND,li1,90.3900,87.0400,0.000125
FILLER_28_180,VGND,li1,89.0100,87.0400,0.000125
FILLER_28_177,VGND,li1,87.6300,87.0400,0.000123
FILLER_28_174,VGND,li1,86.2500,87.0400,0.000122
FILLER_28_171,VGND,li1,84.8700,87.0400,0.000122
FILLER_28_168,VGND,li1,83.4900,87.0400,0.000120
FILLER_28_165,VGND,li1,82.1100,87.0400,0.000119
FILLER_28_162,VGND,li1,80.7300,87.0400,0.000119
FILLER_28_159,VGND,li1,79.3500,87.0400,0.000117
FILLER_28_156,VGND,li1,77.9700,87.0400,0.000115
FILLER_28_153,VGND,li1,76.5900,87.0400,0.000115
FILLER_28_150,VGND,li1,75.2100,87.0400,0.000114
FILLER_28_147,VGND,li1,73.8300,87.0400,0.000112
FILLER_28_144,VGND,li1,72.4500,87.0400,0.000112
FILLER_28_141,VGND,li1,71.0700,87.0400,0.000111
FILLER_28_139,VGND,li1,69.6900,87.0400,0.000110
FILLER_28_136,VGND,li1,68.7700,87.0400,0.000110
FILLER_28_133,VGND,li1,67.3900,87.0400,0.000108
FILLER_28_130,VGND,li1,66.0100,87.0400,0.000106
FILLER_28_127,VGND,li1,64.6300,87.0400,0.000106
FILLER_28_124,VGND,li1,63.2500,87.0400,0.000105
FILLER_28_121,VGND,li1,61.8700,87.0400,0.000103
FILLER_28_118,VGND,li1,60.4900,87.0400,0.000103
FILLER_28_115,VGND,li1,59.1100,87.0400,0.000102
FILLER_28_112,VGND,li1,57.7300,87.0400,0.000100
FILLER_28_109,VGND,li1,56.3500,87.0400,0.000100
FILLER_28_106,VGND,li1,54.9700,87.0400,0.000098
FILLER_28_103,VGND,li1,53.5900,87.0400,0.000098
FILLER_28_94,VGND,li1,48.9900,87.0400,0.000092
FILLER_28_91,VGND,li1,48.0700,87.0400,0.000090
FILLER_28_88,VGND,li1,46.6900,87.0400,0.000087
FILLER_28_85,VGND,li1,45.3100,87.0400,0.000087
FILLER_28_77,VGND,li1,41.4000,87.0400,0.000080
FILLER_28_74,VGND,li1,40.2500,87.0400,0.000080
FILLER_28_55,VGND,li1,31.2800,87.0400,0.000060
FILLER_28_52,VGND,li1,30.1300,87.0400,0.000055
FILLER_28_49,VGND,li1,28.7500,87.0400,0.000055
FILLER_28_29,VGND,li1,19.3200,87.0400,0.000054
FILLER_28_26,VGND,li1,17.9400,87.0400,0.000055
FILLER_28_23,VGND,li1,16.7900,87.0400,0.000055
FILLER_28_20,VGND,li1,15.4100,87.0400,0.000056
FILLER_28_3,VGND,li1,7.1300,87.0400,0.000058
FILLER_27_228,VGND,li1,110.8600,87.0400,0.000137
FILLER_27_225,VGND,li1,109.7100,87.0400,0.000137
FILLER_27_223,VGND,li1,108.3300,87.0400,0.000136
FILLER_27_220,VGND,li1,107.4100,87.0400,0.000136
FILLER_27_217,VGND,li1,106.0300,87.0400,0.000136
FILLER_27_214,VGND,li1,104.6500,87.0400,0.000135
FILLER_27_208,VGND,li1,101.6600,87.0400,0.000134
FILLER_27_205,VGND,li1,100.5100,87.0400,0.000132
FILLER_27_202,VGND,li1,99.1300,87.0400,0.000132
FILLER_27_199,VGND,li1,97.7500,87.0400,0.000131
FILLER_27_196,VGND,li1,96.3700,87.0400,0.000129
FILLER_27_193,VGND,li1,94.9900,87.0400,0.000129
FILLER_27_190,VGND,li1,93.6100,87.0400,0.000128
FILLER_27_187,VGND,li1,92.2300,87.0400,0.000126
FILLER_27_184,VGND,li1,90.8500,87.0400,0.000126
FILLER_27_181,VGND,li1,89.4700,87.0400,0.000125
FILLER_27_178,VGND,li1,88.0900,87.0400,0.000123
FILLER_27_175,VGND,li1,86.7100,87.0400,0.000123
FILLER_27_172,VGND,li1,85.3300,87.0400,0.000122
FILLER_27_169,VGND,li1,83.9500,87.0400,0.000120
FILLER_27_167,VGND,li1,82.5700,87.0400,0.000120
FILLER_27_164,VGND,li1,81.6500,87.0400,0.000119
FILLER_27_161,VGND,li1,80.2700,87.0400,0.000117
FILLER_27_158,VGND,li1,78.8900,87.0400,0.000117
FILLER_27_155,VGND,li1,77.5100,87.0400,0.000115
FILLER_27_152,VGND,li1,76.1300,87.0400,0.000114
FILLER_27_149,VGND,li1,74.7500,87.0400,0.000114
FILLER_27_146,VGND,li1,73.3700,87.0400,0.000112
FILLER_27_143,VGND,li1,71.9900,87.0400,0.000111
FILLER_27_140,VGND,li1,70.6100,87.0400,0.000111
FILLER_27_137,VGND,li1,69.2300,87.0400,0.000110
FILLER_27_134,VGND,li1,67.8500,87.0400,0.000108
FILLER_27_131,VGND,li1,66.4700,87.0400,0.000108
FILLER_27_128,VGND,li1,65.0900,87.0400,0.000106
FILLER_27_125,VGND,li1,63.7100,87.0400,0.000105
FILLER_27_122,VGND,li1,62.3300,87.0400,0.000105
FILLER_27_119,VGND,li1,60.9500,87.0400,0.000103
FILLER_27_116,VGND,li1,59.5700,87.0400,0.000102
FILLER_27_113,VGND,li1,58.1900,87.0400,0.000102
FILLER_27_98,VGND,li1,50.8300,87.0400,0.000095
FILLER_27_95,VGND,li1,49.9100,87.0400,0.000092
FILLER_27_92,VGND,li1,48.5300,87.0400,0.000090
FILLER_27_89,VGND,li1,47.1500,87.0400,0.000090
FILLER_27_86,VGND,li1,45.7700,87.0400,0.000087
FILLER_27_83,VGND,li1,44.3900,87.0400,0.000084
FILLER_27_66,VGND,li1,36.3400,87.0400,0.000070
FILLER_27_63,VGND,li1,35.1900,87.0400,0.000070
FILLER_27_60,VGND,li1,33.8100,87.0400,0.000064
FILLER_27_57,VGND,li1,32.4300,87.0400,0.000064
FILLER_27_53,VGND,li1,30.5900,87.0400,0.000060
FILLER_27_20,VGND,li1,14.9500,87.0400,0.000056
FILLER_27_3,VGND,li1,7.3600,87.0400,0.000058
FILLER_26_220,VGND,li1,107.4100,81.6000,0.000393
FILLER_26_200,VGND,li1,97.7500,81.6000,0.000377
FILLER_26_197,VGND,li1,96.8300,81.6000,0.000373
FILLER_26_194,VGND,li1,95.2200,81.6000,0.000369
FILLER_26_191,VGND,li1,94.0700,81.6000,0.000369
FILLER_26_188,VGND,li1,92.6900,81.6000,0.000362
FILLER_26_185,VGND,li1,91.3100,81.6000,0.000362
FILLER_26_182,VGND,li1,89.9300,81.6000,0.000354
FILLER_26_179,VGND,li1,88.5500,81.6000,0.000354
FILLER_26_176,VGND,li1,87.1700,81.6000,0.000347
FILLER_26_173,VGND,li1,85.7900,81.6000,0.000340
FILLER_26_170,VGND,li1,84.4100,81.6000,0.000340
FILLER_26_167,VGND,li1,83.0300,81.6000,0.000334
FILLER_26_164,VGND,li1,81.6500,81.6000,0.000326
FILLER_26_161,VGND,li1,80.2700,81.6000,0.000326
FILLER_26_158,VGND,li1,78.8900,81.6000,0.000317
FILLER_26_155,VGND,li1,77.5100,81.6000,0.000317
FILLER_26_144,VGND,li1,71.9900,81.6000,0.000297
FILLER_26_141,VGND,li1,71.0700,81.6000,0.000291
FILLER_26_138,VGND,li1,69.4600,81.6000,0.000284
FILLER_26_135,VGND,li1,68.3100,81.6000,0.000284
FILLER_26_132,VGND,li1,66.9300,81.6000,0.000277
FILLER_26_129,VGND,li1,65.5500,81.6000,0.000269
FILLER_26_126,VGND,li1,64.1700,81.6000,0.000269
FILLER_26_123,VGND,li1,62.7900,81.6000,0.000262
FILLER_26_120,VGND,li1,61.4100,81.6000,0.000253
FILLER_26_117,VGND,li1,60.0300,81.6000,0.000253
FILLER_26_114,VGND,li1,58.6500,81.6000,0.000247
FILLER_26_111,VGND,li1,57.2700,81.6000,0.000238
FILLER_26_108,VGND,li1,55.8900,81.6000,0.000238
FILLER_26_94,VGND,li1,49.2200,81.6000,0.000207
FILLER_26_91,VGND,li1,48.0700,81.6000,0.000207
FILLER_26_88,VGND,li1,46.6900,81.6000,0.000199
FILLER_26_85,VGND,li1,45.3100,81.6000,0.000191
FILLER_26_82,VGND,li1,43.7000,81.6000,0.000182
FILLER_26_79,VGND,li1,42.5500,81.6000,0.000182
FILLER_26_62,VGND,li1,34.7300,81.6000,0.000148
FILLER_26_44,VGND,li1,26.4500,81.6000,0.000103
FILLER_26_41,VGND,li1,25.0700,81.6000,0.000087
FILLER_26_38,VGND,li1,23.6900,81.6000,0.000087
FILLER_26_27,VGND,li1,18.1700,81.6000,0.000104
FILLER_26_24,VGND,li1,17.2500,81.6000,0.000104
FILLER_26_21,VGND,li1,15.8700,81.6000,0.000110
FILLER_26_18,VGND,li1,14.4900,81.6000,0.000110
FILLER_25_225,VGND,li1,109.7100,81.6000,0.000396
FILLER_25_223,VGND,li1,108.3300,81.6000,0.000393
FILLER_25_175,VGND,li1,86.2500,81.6000,0.000347
FILLER_25_172,VGND,li1,85.3300,81.6000,0.000340
FILLER_25_169,VGND,li1,83.9500,81.6000,0.000334
FILLER_25_167,VGND,li1,82.5700,81.6000,0.000334
FILLER_25_164,VGND,li1,81.6500,81.6000,0.000326
FILLER_25_161,VGND,li1,80.2700,81.6000,0.000326
FILLER_25_158,VGND,li1,78.8900,81.6000,0.000317
FILLER_25_155,VGND,li1,77.5100,81.6000,0.000317
FILLER_25_152,VGND,li1,76.1300,81.6000,0.000307
FILLER_25_149,VGND,li1,74.7500,81.6000,0.000307
FILLER_25_146,VGND,li1,73.3700,81.6000,0.000297
FILLER_25_143,VGND,li1,71.9900,81.6000,0.000297
FILLER_25_140,VGND,li1,70.6100,81.6000,0.000291
FILLER_25_137,VGND,li1,69.2300,81.6000,0.000284
FILLER_25_134,VGND,li1,67.8500,81.6000,0.000277
FILLER_25_131,VGND,li1,66.4700,81.6000,0.000277
FILLER_25_128,VGND,li1,65.0900,81.6000,0.000269
FILLER_25_125,VGND,li1,63.7100,81.6000,0.000262
FILLER_25_122,VGND,li1,62.3300,81.6000,0.000262
FILLER_25_119,VGND,li1,60.9500,81.6000,0.000253
FILLER_25_116,VGND,li1,59.5700,81.6000,0.000247
FILLER_25_113,VGND,li1,58.1900,81.6000,0.000247
FILLER_25_109,VGND,li1,56.3500,81.6000,0.000238
FILLER_25_96,VGND,li1,50.3700,81.6000,0.000217
FILLER_25_93,VGND,li1,48.9900,81.6000,0.000207
FILLER_25_90,VGND,li1,47.6100,81.6000,0.000199
FILLER_25_87,VGND,li1,46.2300,81.6000,0.000199
FILLER_25_84,VGND,li1,44.8500,81.6000,0.000191
FILLER_25_81,VGND,li1,43.4700,81.6000,0.000182
FILLER_25_78,VGND,li1,42.0900,81.6000,0.000182
FILLER_25_75,VGND,li1,40.7100,81.6000,0.000170
FILLER_25_72,VGND,li1,39.3300,81.6000,0.000170
FILLER_25_54,VGND,li1,30.8200,81.6000,0.000127
FILLER_25_47,VGND,li1,27.3700,81.6000,0.000103
FILLER_25_44,VGND,li1,26.4500,81.6000,0.000103
FILLER_25_41,VGND,li1,25.0700,81.6000,0.000087
FILLER_25_38,VGND,li1,23.6900,81.6000,0.000087
FILLER_25_35,VGND,li1,22.3100,81.6000,0.000094
FILLER_25_32,VGND,li1,20.9300,81.6000,0.000094
FILLER_25_29,VGND,li1,19.5500,81.6000,0.000100
FILLER_25_26,VGND,li1,18.1700,81.6000,0.000104
FILLER_25_23,VGND,li1,16.7900,81.6000,0.000104
FILLER_25_15,VGND,li1,12.8800,81.6000,0.000116
FILLER_25_12,VGND,li1,11.7300,81.6000,0.000116
FILLER_24_242,VGND,li1,117.5300,76.1600,0.000365
FILLER_24_225,VGND,li1,109.2500,76.1600,0.000362
FILLER_24_193,VGND,li1,94.9900,76.1600,0.000338
FILLER_24_190,VGND,li1,93.6100,76.1600,0.000338
FILLER_24_176,VGND,li1,87.1700,76.1600,0.000321
FILLER_24_173,VGND,li1,85.7900,76.1600,0.000316
FILLER_24_170,VGND,li1,84.4100,76.1600,0.000316
FILLER_24_167,VGND,li1,83.0300,76.1600,0.000311
FILLER_24_164,VGND,li1,81.6500,76.1600,0.000305
FILLER_24_161,VGND,li1,80.2700,76.1600,0.000305
FILLER_24_144,VGND,li1,71.9900,76.1600,0.000270
FILLER_24_141,VGND,li1,71.0700,76.1600,0.000270
FILLER_24_139,VGND,li1,69.6900,76.1600,0.000262
FILLER_24_136,VGND,li1,68.7700,76.1600,0.000254
FILLER_24_133,VGND,li1,67.3900,76.1600,0.000254
FILLER_24_130,VGND,li1,66.0100,76.1600,0.000244
FILLER_24_127,VGND,li1,64.6300,76.1600,0.000237
FILLER_24_124,VGND,li1,63.2500,76.1600,0.000237
FILLER_24_121,VGND,li1,61.8700,76.1600,0.000227
FILLER_24_118,VGND,li1,60.4900,76.1600,0.000219
FILLER_24_115,VGND,li1,59.1100,76.1600,0.000219
FILLER_24_112,VGND,li1,57.7300,76.1600,0.000211
FILLER_24_109,VGND,li1,56.3500,76.1600,0.000201
FILLER_24_106,VGND,li1,54.9700,76.1600,0.000201
FILLER_24_103,VGND,li1,53.5900,76.1600,0.000189
FILLER_24_100,VGND,li1,52.2100,76.1600,0.000189
FILLER_24_97,VGND,li1,50.8300,76.1600,0.000177
FILLER_24_94,VGND,li1,49.4500,76.1600,0.000177
FILLER_24_91,VGND,li1,48.0700,76.1600,0.000165
FILLER_24_88,VGND,li1,46.6900,76.1600,0.000165
FILLER_24_85,VGND,li1,45.3100,76.1600,0.000154
FILLER_24_81,VGND,li1,43.4700,76.1600,0.000146
FILLER_24_78,VGND,li1,42.0900,76.1600,0.000146
FILLER_24_75,VGND,li1,40.7100,76.1600,0.000136
FILLER_24_72,VGND,li1,39.3300,76.1600,0.000128
FILLER_24_69,VGND,li1,37.9500,76.1600,0.000128
FILLER_24_44,VGND,li1,26.2200,76.1600,0.000073
FILLER_24_41,VGND,li1,25.0700,76.1600,0.000060
FILLER_24_38,VGND,li1,23.6900,76.1600,0.000060
FILLER_24_35,VGND,li1,22.3100,76.1600,0.000063
FILLER_24_32,VGND,li1,20.9300,76.1600,0.000063
FILLER_24_29,VGND,li1,19.5500,76.1600,0.000066
FILLER_24_11,VGND,li1,11.0400,76.1600,0.000069
FILLER_23_214,VGND,li1,104.6500,76.1600,0.000358
FILLER_23_194,VGND,li1,95.4500,76.1600,0.000342
FILLER_23_191,VGND,li1,94.0700,76.1600,0.000338
FILLER_23_188,VGND,li1,92.6900,76.1600,0.000333
FILLER_23_185,VGND,li1,91.3100,76.1600,0.000333
FILLER_23_175,VGND,li1,86.2500,76.1600,0.000321
FILLER_23_172,VGND,li1,85.3300,76.1600,0.000316
FILLER_23_169,VGND,li1,83.9500,76.1600,0.000311
FILLER_23_167,VGND,li1,82.5700,76.1600,0.000311
FILLER_23_143,VGND,li1,71.9900,76.1600,0.000270
FILLER_23_140,VGND,li1,70.6100,76.1600,0.000262
FILLER_23_137,VGND,li1,69.2300,76.1600,0.000262
FILLER_23_134,VGND,li1,67.8500,76.1600,0.000254
FILLER_23_131,VGND,li1,66.4700,76.1600,0.000244
FILLER_23_128,VGND,li1,65.0900,76.1600,0.000244
FILLER_23_125,VGND,li1,63.7100,76.1600,0.000237
FILLER_23_122,VGND,li1,62.3300,76.1600,0.000227
FILLER_23_119,VGND,li1,60.9500,76.1600,0.000227
FILLER_23_116,VGND,li1,59.5700,76.1600,0.000219
FILLER_23_113,VGND,li1,58.1900,76.1600,0.000211
FILLER_23_109,VGND,li1,56.3500,76.1600,0.000201
FILLER_23_106,VGND,li1,54.9700,76.1600,0.000201
FILLER_23_103,VGND,li1,53.5900,76.1600,0.000189
FILLER_23_100,VGND,li1,52.2100,76.1600,0.000189
FILLER_23_97,VGND,li1,50.8300,76.1600,0.000177
FILLER_23_94,VGND,li1,49.4500,76.1600,0.000177
FILLER_23_91,VGND,li1,48.0700,76.1600,0.000165
FILLER_23_88,VGND,li1,46.6900,76.1600,0.000165
FILLER_23_85,VGND,li1,45.3100,76.1600,0.000154
FILLER_23_82,VGND,li1,43.9300,76.1600,0.000154
FILLER_23_79,VGND,li1,42.5500,76.1600,0.000146
FILLER_23_76,VGND,li1,41.1700,76.1600,0.000136
FILLER_23_73,VGND,li1,39.7900,76.1600,0.000136
FILLER_23_70,VGND,li1,38.4100,76.1600,0.000128
FILLER_23_67,VGND,li1,37.0300,76.1600,0.000118
FILLER_23_64,VGND,li1,35.6500,76.1600,0.000118
FILLER_23_44,VGND,li1,26.4500,76.1600,0.000073
FILLER_23_41,VGND,li1,25.0700,76.1600,0.000060
FILLER_23_38,VGND,li1,23.6900,76.1600,0.000060
FILLER_23_35,VGND,li1,22.3100,76.1600,0.000063
FILLER_23_9,VGND,li1,9.8900,76.1600,0.000069
FILLER_23_6,VGND,li1,8.9700,76.1600,0.000069
FILLER_23_3,VGND,li1,7.5900,76.1600,0.000069
FILLER_22_236,VGND,li1,114.3100,70.7200,0.000355
FILLER_22_214,VGND,li1,104.6500,70.7200,0.000345
FILLER_22_194,VGND,li1,95.2200,70.7200,0.000329
FILLER_22_173,VGND,li1,85.7900,70.7200,0.000302
FILLER_22_144,VGND,li1,72.2200,70.7200,0.000249
FILLER_22_141,VGND,li1,71.0700,70.7200,0.000249
FILLER_22_139,VGND,li1,69.6900,70.7200,0.000240
FILLER_22_136,VGND,li1,68.7700,70.7200,0.000240
FILLER_22_133,VGND,li1,67.3900,70.7200,0.000230
FILLER_22_130,VGND,li1,66.0100,70.7200,0.000222
FILLER_22_127,VGND,li1,64.6300,70.7200,0.000222
FILLER_22_124,VGND,li1,63.2500,70.7200,0.000213
FILLER_22_121,VGND,li1,61.8700,70.7200,0.000205
FILLER_22_118,VGND,li1,60.4900,70.7200,0.000205
FILLER_22_115,VGND,li1,59.1100,70.7200,0.000195
FILLER_22_112,VGND,li1,57.7300,70.7200,0.000188
FILLER_22_109,VGND,li1,56.3500,70.7200,0.000188
FILLER_22_106,VGND,li1,54.9700,70.7200,0.000180
FILLER_22_103,VGND,li1,53.5900,70.7200,0.000170
FILLER_22_100,VGND,li1,52.2100,70.7200,0.000170
FILLER_22_97,VGND,li1,50.8300,70.7200,0.000163
FILLER_22_94,VGND,li1,49.4500,70.7200,0.000153
FILLER_22_91,VGND,li1,48.0700,70.7200,0.000153
FILLER_22_88,VGND,li1,46.6900,70.7200,0.000145
FILLER_22_85,VGND,li1,45.3100,70.7200,0.000138
FILLER_22_81,VGND,li1,43.4700,70.7200,0.000128
FILLER_22_78,VGND,li1,42.0900,70.7200,0.000128
FILLER_22_75,VGND,li1,40.7100,70.7200,0.000117
FILLER_22_72,VGND,li1,39.3300,70.7200,0.000117
FILLER_22_69,VGND,li1,37.9500,70.7200,0.000105
FILLER_22_66,VGND,li1,36.5700,70.7200,0.000105
FILLER_22_63,VGND,li1,35.1900,70.7200,0.000094
FILLER_22_60,VGND,li1,33.8100,70.7200,0.000094
FILLER_22_52,VGND,li1,30.1300,70.7200,0.000078
FILLER_22_49,VGND,li1,28.7500,70.7200,0.000068
FILLER_22_46,VGND,li1,27.3700,70.7200,0.000061
FILLER_22_43,VGND,li1,25.9900,70.7200,0.000061
FILLER_22_40,VGND,li1,24.6100,70.7200,0.000051
FILLER_22_37,VGND,li1,23.2300,70.7200,0.000052
FILLER_22_34,VGND,li1,21.8500,70.7200,0.000052
FILLER_22_26,VGND,li1,17.9400,70.7200,0.000055
FILLER_21_225,VGND,li1,109.2500,70.7200,0.000351
FILLER_21_223,VGND,li1,108.3300,70.7200,0.000351
FILLER_21_207,VGND,li1,101.4300,70.7200,0.000342
FILLER_21_195,VGND,li1,95.6800,70.7200,0.000329
FILLER_21_187,VGND,li1,91.7700,70.7200,0.000319
FILLER_21_184,VGND,li1,90.8500,70.7200,0.000319
FILLER_21_181,VGND,li1,89.4700,70.7200,0.000311
FILLER_21_178,VGND,li1,88.0900,70.7200,0.000311
FILLER_21_175,VGND,li1,86.7100,70.7200,0.000302
FILLER_21_172,VGND,li1,85.3300,70.7200,0.000302
FILLER_21_169,VGND,li1,83.9500,70.7200,0.000292
FILLER_21_166,VGND,li1,82.3400,70.7200,0.000292
FILLER_21_163,VGND,li1,81.1900,70.7200,0.000283
FILLER_21_160,VGND,li1,79.8100,70.7200,0.000283
FILLER_21_151,VGND,li1,75.6700,70.7200,0.000262
FILLER_21_148,VGND,li1,74.2900,70.7200,0.000262
FILLER_21_140,VGND,li1,70.1500,70.7200,0.000240
FILLER_21_137,VGND,li1,69.2300,70.7200,0.000240
FILLER_21_134,VGND,li1,67.8500,70.7200,0.000230
FILLER_21_131,VGND,li1,66.4700,70.7200,0.000230
FILLER_21_128,VGND,li1,65.0900,70.7200,0.000222
FILLER_21_125,VGND,li1,63.7100,70.7200,0.000213
FILLER_21_122,VGND,li1,62.3300,70.7200,0.000213
FILLER_21_119,VGND,li1,60.9500,70.7200,0.000205
FILLER_21_116,VGND,li1,59.5700,70.7200,0.000195
FILLER_21_113,VGND,li1,58.1900,70.7200,0.000195
FILLER_21_111,VGND,li1,56.8100,70.7200,0.000188
FILLER_21_108,VGND,li1,55.8900,70.7200,0.000180
FILLER_21_105,VGND,li1,54.5100,70.7200,0.000180
FILLER_21_102,VGND,li1,53.1300,70.7200,0.000170
FILLER_21_99,VGND,li1,51.7500,70.7200,0.000163
FILLER_21_96,VGND,li1,50.3700,70.7200,0.000163
FILLER_21_93,VGND,li1,48.9900,70.7200,0.000153
FILLER_21_90,VGND,li1,47.6100,70.7200,0.000145
FILLER_21_87,VGND,li1,46.2300,70.7200,0.000145
FILLER_21_84,VGND,li1,44.8500,70.7200,0.000138
FILLER_21_81,VGND,li1,43.4700,70.7200,0.000128
FILLER_21_78,VGND,li1,42.0900,70.7200,0.000128
FILLER_21_75,VGND,li1,40.7100,70.7200,0.000117
FILLER_21_72,VGND,li1,39.3300,70.7200,0.000117
FILLER_21_69,VGND,li1,37.9500,70.7200,0.000105
FILLER_21_66,VGND,li1,36.5700,70.7200,0.000105
FILLER_21_63,VGND,li1,35.1900,70.7200,0.000094
FILLER_21_60,VGND,li1,33.8100,70.7200,0.000094
FILLER_21_57,VGND,li1,32.4300,70.7200,0.000086
FILLER_21_53,VGND,li1,30.5900,70.7200,0.000078
FILLER_21_50,VGND,li1,29.2100,70.7200,0.000068
FILLER_21_47,VGND,li1,27.8300,70.7200,0.000068
FILLER_21_44,VGND,li1,26.4500,70.7200,0.000061
FILLER_21_41,VGND,li1,25.0700,70.7200,0.000051
FILLER_21_38,VGND,li1,23.6900,70.7200,0.000051
FILLER_21_35,VGND,li1,22.3100,70.7200,0.000052
FILLER_21_32,VGND,li1,20.9300,70.7200,0.000054
FILLER_21_29,VGND,li1,19.5500,70.7200,0.000055
FILLER_21_26,VGND,li1,18.1700,70.7200,0.000055
FILLER_21_23,VGND,li1,16.7900,70.7200,0.000057
FILLER_21_20,VGND,li1,15.4100,70.7200,0.000058
FILLER_21_17,VGND,li1,14.0300,70.7200,0.000058
FILLER_21_14,VGND,li1,12.6500,70.7200,0.000060
FILLER_21_11,VGND,li1,11.2700,70.7200,0.000060
FILLER_20_242,VGND,li1,117.5300,65.2800,0.000738
FILLER_20_213,VGND,li1,103.9600,65.2800,0.000698
FILLER_20_210,VGND,li1,102.8100,65.2800,0.000689
FILLER_20_187,VGND,li1,92.2300,65.2800,0.000630
FILLER_20_184,VGND,li1,90.8500,65.2800,0.000630
FILLER_20_181,VGND,li1,89.4700,65.2800,0.000614
FILLER_20_178,VGND,li1,88.0900,65.2800,0.000614
FILLER_20_175,VGND,li1,86.7100,65.2800,0.000598
FILLER_20_172,VGND,li1,85.3300,65.2800,0.000598
FILLER_20_169,VGND,li1,83.9500,65.2800,0.000581
FILLER_20_166,VGND,li1,82.5700,65.2800,0.000581
FILLER_20_163,VGND,li1,81.1900,65.2800,0.000566
FILLER_20_160,VGND,li1,79.8100,65.2800,0.000566
FILLER_20_157,VGND,li1,78.4300,65.2800,0.000550
FILLER_20_154,VGND,li1,77.0500,65.2800,0.000550
FILLER_20_144,VGND,li1,71.9900,65.2800,0.000518
FILLER_20_141,VGND,li1,71.0700,65.2800,0.000506
FILLER_20_138,VGND,li1,69.4600,65.2800,0.000489
FILLER_20_135,VGND,li1,68.3100,65.2800,0.000489
FILLER_20_115,VGND,li1,58.8800,65.2800,0.000406
FILLER_20_112,VGND,li1,57.7300,65.2800,0.000406
FILLER_20_109,VGND,li1,56.3500,65.2800,0.000388
FILLER_20_106,VGND,li1,54.9700,65.2800,0.000388
FILLER_20_103,VGND,li1,53.5900,65.2800,0.000365
FILLER_20_100,VGND,li1,52.2100,65.2800,0.000365
FILLER_20_97,VGND,li1,50.8300,65.2800,0.000342
FILLER_20_94,VGND,li1,49.4500,65.2800,0.000342
FILLER_20_91,VGND,li1,48.0700,65.2800,0.000320
FILLER_20_88,VGND,li1,46.6900,65.2800,0.000320
FILLER_20_85,VGND,li1,45.3100,65.2800,0.000301
FILLER_20_83,VGND,li1,43.9300,65.2800,0.000286
FILLER_20_80,VGND,li1,43.0100,65.2800,0.000286
FILLER_20_77,VGND,li1,41.6300,65.2800,0.000267
FILLER_20_74,VGND,li1,40.2500,65.2800,0.000267
FILLER_20_71,VGND,li1,38.8700,65.2800,0.000252
FILLER_20_56,VGND,li1,31.7400,65.2800,0.000192
FILLER_20_53,VGND,li1,30.5900,65.2800,0.000175
FILLER_20_50,VGND,li1,29.2100,65.2800,0.000158
FILLER_20_47,VGND,li1,27.8300,65.2800,0.000158
FILLER_20_44,VGND,li1,26.4500,65.2800,0.000137
FILLER_20_41,VGND,li1,25.0700,65.2800,0.000120
FILLER_20_38,VGND,li1,23.6900,65.2800,0.000120
FILLER_20_35,VGND,li1,22.3100,65.2800,0.000127
FILLER_20_32,VGND,li1,20.9300,65.2800,0.000132
FILLER_20_29,VGND,li1,19.5500,65.2800,0.000132
FILLER_20_19,VGND,li1,14.9500,65.2800,0.000145
FILLER_20_9,VGND,li1,9.8900,65.2800,0.000155
FILLER_20_6,VGND,li1,8.9700,65.2800,0.000155
FILLER_20_3,VGND,li1,7.5900,65.2800,0.000155
FILLER_19_225,VGND,li1,109.7100,65.2800,0.000718
FILLER_19_218,VGND,li1,106.2600,65.2800,0.000707
FILLER_19_209,VGND,li1,101.8900,65.2800,0.000689
FILLER_19_203,VGND,li1,99.1300,65.2800,0.000669
FILLER_19_196,VGND,li1,96.1400,65.2800,0.000659
FILLER_19_193,VGND,li1,94.9900,65.2800,0.000646
FILLER_19_190,VGND,li1,93.6100,65.2800,0.000646
FILLER_19_187,VGND,li1,92.2300,65.2800,0.000630
FILLER_19_184,VGND,li1,90.8500,65.2800,0.000630
FILLER_19_181,VGND,li1,89.4700,65.2800,0.000614
FILLER_19_178,VGND,li1,88.0900,65.2800,0.000614
FILLER_19_175,VGND,li1,86.7100,65.2800,0.000598
FILLER_19_172,VGND,li1,85.3300,65.2800,0.000598
FILLER_19_169,VGND,li1,83.9500,65.2800,0.000581
FILLER_19_166,VGND,li1,82.3400,65.2800,0.000581
FILLER_19_163,VGND,li1,81.1900,65.2800,0.000566
FILLER_19_160,VGND,li1,79.8100,65.2800,0.000566
FILLER_19_137,VGND,li1,68.7700,65.2800,0.000489
FILLER_19_134,VGND,li1,67.8500,65.2800,0.000489
FILLER_19_131,VGND,li1,66.4700,65.2800,0.000473
FILLER_19_128,VGND,li1,65.0900,65.2800,0.000458
FILLER_19_125,VGND,li1,63.7100,65.2800,0.000458
FILLER_19_122,VGND,li1,62.3300,65.2800,0.000440
FILLER_19_119,VGND,li1,60.9500,65.2800,0.000425
FILLER_19_116,VGND,li1,59.5700,65.2800,0.000425
FILLER_19_113,VGND,li1,58.1900,65.2800,0.000406
FILLER_19_109,VGND,li1,56.3500,65.2800,0.000388
FILLER_19_106,VGND,li1,54.9700,65.2800,0.000388
FILLER_19_103,VGND,li1,53.5900,65.2800,0.000365
FILLER_19_100,VGND,li1,52.2100,65.2800,0.000365
FILLER_19_97,VGND,li1,50.8300,65.2800,0.000342
FILLER_19_94,VGND,li1,49.4500,65.2800,0.000342
FILLER_19_91,VGND,li1,48.0700,65.2800,0.000320
FILLER_19_88,VGND,li1,46.6900,65.2800,0.000320
FILLER_19_85,VGND,li1,45.3100,65.2800,0.000301
FILLER_19_82,VGND,li1,43.9300,65.2800,0.000286
FILLER_19_79,VGND,li1,42.5500,65.2800,0.000286
FILLER_19_76,VGND,li1,41.1700,65.2800,0.000267
FILLER_19_73,VGND,li1,39.7900,65.2800,0.000252
FILLER_19_57,VGND,li1,31.9700,65.2800,0.000192
FILLER_19_54,VGND,li1,30.8200,65.2800,0.000175
FILLER_19_51,VGND,li1,29.6700,65.2800,0.000175
FILLER_19_48,VGND,li1,28.2900,65.2800,0.000158
FILLER_19_45,VGND,li1,26.9100,65.2800,0.000137
FILLER_19_42,VGND,li1,25.5300,65.2800,0.000137
FILLER_19_39,VGND,li1,24.1500,65.2800,0.000120
FILLER_19_36,VGND,li1,22.7700,65.2800,0.000127
FILLER_19_33,VGND,li1,21.3900,65.2800,0.000127
FILLER_18_235,VGND,li1,113.8500,59.8400,0.000559
FILLER_18_210,VGND,li1,102.5800,59.8400,0.000526
FILLER_18_193,VGND,li1,94.9900,59.8400,0.000495
FILLER_18_190,VGND,li1,93.6100,59.8400,0.000495
FILLER_18_187,VGND,li1,92.2300,59.8400,0.000484
FILLER_18_184,VGND,li1,90.8500,59.8400,0.000484
FILLER_18_181,VGND,li1,89.4700,59.8400,0.000472
FILLER_18_178,VGND,li1,88.0900,59.8400,0.000472
FILLER_18_175,VGND,li1,86.7100,59.8400,0.000461
FILLER_18_172,VGND,li1,85.3300,59.8400,0.000461
FILLER_18_169,VGND,li1,83.9500,59.8400,0.000448
FILLER_18_166,VGND,li1,82.5700,59.8400,0.000448
FILLER_18_163,VGND,li1,81.1900,59.8400,0.000438
FILLER_18_160,VGND,li1,79.8100,59.8400,0.000438
FILLER_18_147,VGND,li1,73.8300,59.8400,0.000412
FILLER_18_141,VGND,li1,70.6100,59.8400,0.000397
FILLER_18_139,VGND,li1,69.6900,59.8400,0.000388
FILLER_18_136,VGND,li1,68.7700,59.8400,0.000388
FILLER_18_128,VGND,li1,64.6300,59.8400,0.000368
FILLER_18_113,VGND,li1,57.9600,59.8400,0.000329
FILLER_18_110,VGND,li1,56.8100,59.8400,0.000317
FILLER_18_107,VGND,li1,55.4300,59.8400,0.000317
FILLER_18_104,VGND,li1,54.0500,59.8400,0.000302
FILLER_18_101,VGND,li1,52.6700,59.8400,0.000302
FILLER_18_91,VGND,li1,47.8400,59.8400,0.000265
FILLER_18_88,VGND,li1,46.6900,59.8400,0.000265
FILLER_18_85,VGND,li1,45.3100,59.8400,0.000254
FILLER_18_83,VGND,li1,43.9300,59.8400,0.000242
FILLER_18_80,VGND,li1,43.0100,59.8400,0.000242
FILLER_18_77,VGND,li1,41.6300,59.8400,0.000227
FILLER_18_18,VGND,li1,14.2600,59.8400,0.000114
FILLER_18_3,VGND,li1,7.3600,59.8400,0.000117
FILLER_17_225,VGND,li1,109.7100,59.8400,0.000548
FILLER_17_210,VGND,li1,102.3500,59.8400,0.000526
FILLER_17_207,VGND,li1,101.4300,59.8400,0.000526
FILLER_17_196,VGND,li1,95.9100,59.8400,0.000505
FILLER_17_193,VGND,li1,94.9900,59.8400,0.000495
FILLER_17_190,VGND,li1,93.6100,59.8400,0.000495
FILLER_17_187,VGND,li1,92.2300,59.8400,0.000484
FILLER_17_184,VGND,li1,90.8500,59.8400,0.000484
FILLER_17_181,VGND,li1,89.4700,59.8400,0.000472
FILLER_17_178,VGND,li1,88.0900,59.8400,0.000472
FILLER_17_175,VGND,li1,86.7100,59.8400,0.000461
FILLER_17_172,VGND,li1,85.3300,59.8400,0.000461
FILLER_17_169,VGND,li1,83.9500,59.8400,0.000448
FILLER_17_166,VGND,li1,82.3400,59.8400,0.000448
FILLER_17_163,VGND,li1,81.1900,59.8400,0.000438
FILLER_17_160,VGND,li1,79.8100,59.8400,0.000438
FILLER_17_143,VGND,li1,71.7600,59.8400,0.000397
FILLER_17_140,VGND,li1,70.6100,59.8400,0.000397
FILLER_17_137,VGND,li1,69.2300,59.8400,0.000388
FILLER_17_134,VGND,li1,67.8500,59.8400,0.000377
FILLER_17_131,VGND,li1,66.4700,59.8400,0.000377
FILLER_17_128,VGND,li1,65.0900,59.8400,0.000368
FILLER_17_125,VGND,li1,63.7100,59.8400,0.000356
FILLER_17_122,VGND,li1,62.3300,59.8400,0.000356
FILLER_17_101,VGND,li1,52.6700,59.8400,0.000302
FILLER_17_93,VGND,li1,48.5300,59.8400,0.000277
FILLER_17_90,VGND,li1,47.6100,59.8400,0.000265
FILLER_17_87,VGND,li1,46.2300,59.8400,0.000254
FILLER_17_84,VGND,li1,44.8500,59.8400,0.000254
FILLER_17_81,VGND,li1,43.4700,59.8400,0.000242
FILLER_17_78,VGND,li1,42.0900,59.8400,0.000227
FILLER_17_75,VGND,li1,40.7100,59.8400,0.000227
FILLER_17_69,VGND,li1,37.4900,59.8400,0.000199
FILLER_17_66,VGND,li1,36.5700,59.8400,0.000199
FILLER_17_50,VGND,li1,28.7500,59.8400,0.000135
FILLER_17_47,VGND,li1,27.8300,59.8400,0.000135
FILLER_17_44,VGND,li1,26.4500,59.8400,0.000120
FILLER_17_35,VGND,li1,21.8500,59.8400,0.000108
FILLER_17_25,VGND,li1,17.2500,59.8400,0.000113
FILLER_16_244,VGND,li1,117.9900,54.4000,0.000497
FILLER_16_241,VGND,li1,117.0700,54.4000,0.000497
FILLER_16_238,VGND,li1,115.6900,54.4000,0.000497
FILLER_16_227,VGND,li1,110.4000,54.4000,0.000480
FILLER_16_212,VGND,li1,103.5000,54.4000,0.000454
FILLER_16_209,VGND,li1,102.3500,54.4000,0.000454
FILLER_16_206,VGND,li1,100.9700,54.4000,0.000444
FILLER_16_203,VGND,li1,99.5900,54.4000,0.000444
FILLER_16_200,VGND,li1,98.2100,54.4000,0.000437
FILLER_16_197,VGND,li1,96.8300,54.4000,0.000429
FILLER_16_194,VGND,li1,95.2200,54.4000,0.000422
FILLER_16_191,VGND,li1,94.0700,54.4000,0.000422
FILLER_16_188,VGND,li1,92.6900,54.4000,0.000415
FILLER_16_185,VGND,li1,91.3100,54.4000,0.000405
FILLER_16_182,VGND,li1,89.9300,54.4000,0.000405
FILLER_16_179,VGND,li1,88.5500,54.4000,0.000398
FILLER_16_176,VGND,li1,87.1700,54.4000,0.000389
FILLER_16_173,VGND,li1,85.7900,54.4000,0.000389
FILLER_16_170,VGND,li1,84.4100,54.4000,0.000381
FILLER_16_167,VGND,li1,83.0300,54.4000,0.000372
FILLER_16_164,VGND,li1,81.6500,54.4000,0.000372
FILLER_16_141,VGND,li1,70.8400,54.4000,0.000316
FILLER_16_139,VGND,li1,69.6900,54.4000,0.000316
FILLER_16_136,VGND,li1,68.7700,54.4000,0.000307
FILLER_16_133,VGND,li1,67.3900,54.4000,0.000307
FILLER_16_130,VGND,li1,66.0100,54.4000,0.000295
FILLER_16_127,VGND,li1,64.6300,54.4000,0.000286
FILLER_16_124,VGND,li1,63.2500,54.4000,0.000286
FILLER_16_109,VGND,li1,56.1200,54.4000,0.000241
FILLER_16_106,VGND,li1,54.9700,54.4000,0.000241
FILLER_16_103,VGND,li1,53.5900,54.4000,0.000228
FILLER_16_100,VGND,li1,52.2100,54.4000,0.000228
FILLER_16_97,VGND,li1,50.8300,54.4000,0.000218
FILLER_16_94,VGND,li1,49.4500,54.4000,0.000206
FILLER_16_91,VGND,li1,48.0700,54.4000,0.000206
FILLER_16_88,VGND,li1,46.6900,54.4000,0.000196
FILLER_16_85,VGND,li1,45.3100,54.4000,0.000186
FILLER_16_82,VGND,li1,43.7000,54.4000,0.000173
FILLER_16_79,VGND,li1,42.5500,54.4000,0.000173
FILLER_16_76,VGND,li1,41.1700,54.4000,0.000161
FILLER_16_73,VGND,li1,39.7900,54.4000,0.000161
FILLER_16_70,VGND,li1,38.4100,54.4000,0.000151
FILLER_16_67,VGND,li1,37.0300,54.4000,0.000139
FILLER_16_64,VGND,li1,35.6500,54.4000,0.000139
FILLER_16_61,VGND,li1,34.2700,54.4000,0.000129
FILLER_16_58,VGND,li1,32.8900,54.4000,0.000116
FILLER_16_55,VGND,li1,31.5100,54.4000,0.000116
FILLER_16_52,VGND,li1,30.1300,54.4000,0.000104
FILLER_16_49,VGND,li1,28.7500,54.4000,0.000094
FILLER_16_46,VGND,li1,27.3700,54.4000,0.000094
FILLER_16_43,VGND,li1,25.9900,54.4000,0.000081
FILLER_16_40,VGND,li1,24.6100,54.4000,0.000086
FILLER_16_37,VGND,li1,23.2300,54.4000,0.000086
FILLER_16_29,VGND,li1,19.5500,54.4000,0.000100
FILLER_16_27,VGND,li1,18.1700,54.4000,0.000100
FILLER_16_21,VGND,li1,15.4100,54.4000,0.000106
FILLER_16_18,VGND,li1,14.4900,54.4000,0.000112
FILLER_16_3,VGND,li1,7.3600,54.4000,0.000119
FILLER_15_225,VGND,li1,109.7100,54.4000,0.000480
FILLER_15_211,VGND,li1,102.8100,54.4000,0.000454
FILLER_15_208,VGND,li1,101.8900,54.4000,0.000454
FILLER_15_205,VGND,li1,100.5100,54.4000,0.000444
FILLER_15_202,VGND,li1,99.1300,54.4000,0.000437
FILLER_15_199,VGND,li1,97.7500,54.4000,0.000437
FILLER_15_196,VGND,li1,96.3700,54.4000,0.000429
FILLER_15_193,VGND,li1,94.9900,54.4000,0.000422
FILLER_15_190,VGND,li1,93.6100,54.4000,0.000415
FILLER_15_187,VGND,li1,92.2300,54.4000,0.000415
FILLER_15_184,VGND,li1,90.8500,54.4000,0.000405
FILLER_15_181,VGND,li1,89.4700,54.4000,0.000398
FILLER_15_178,VGND,li1,88.0900,54.4000,0.000398
FILLER_15_175,VGND,li1,86.7100,54.4000,0.000389
FILLER_15_172,VGND,li1,85.3300,54.4000,0.000381
FILLER_15_169,VGND,li1,83.9500,54.4000,0.000381
FILLER_15_165,VGND,li1,82.1100,54.4000,0.000372
FILLER_15_162,VGND,li1,80.7300,54.4000,0.000365
FILLER_15_143,VGND,li1,71.7600,54.4000,0.000329
FILLER_15_140,VGND,li1,70.6100,54.4000,0.000316
FILLER_15_137,VGND,li1,69.2300,54.4000,0.000316
FILLER_15_134,VGND,li1,67.8500,54.4000,0.000307
FILLER_15_131,VGND,li1,66.4700,54.4000,0.000295
FILLER_15_128,VGND,li1,65.0900,54.4000,0.000295
FILLER_15_125,VGND,li1,63.7100,54.4000,0.000286
FILLER_15_122,VGND,li1,62.3300,54.4000,0.000274
FILLER_15_119,VGND,li1,60.9500,54.4000,0.000274
FILLER_15_113,VGND,li1,57.7300,54.4000,0.000253
FILLER_15_111,VGND,li1,56.8100,54.4000,0.000253
FILLER_15_108,VGND,li1,55.8900,54.4000,0.000241
FILLER_15_105,VGND,li1,54.5100,54.4000,0.000241
FILLER_15_102,VGND,li1,53.1300,54.4000,0.000228
FILLER_15_99,VGND,li1,51.7500,54.4000,0.000218
FILLER_15_96,VGND,li1,50.3700,54.4000,0.000218
FILLER_15_93,VGND,li1,48.9900,54.4000,0.000206
FILLER_15_90,VGND,li1,47.6100,54.4000,0.000196
FILLER_15_87,VGND,li1,46.2300,54.4000,0.000196
FILLER_15_84,VGND,li1,44.8500,54.4000,0.000186
FILLER_15_81,VGND,li1,43.4700,54.4000,0.000173
FILLER_15_78,VGND,li1,42.0900,54.4000,0.000173
FILLER_15_75,VGND,li1,40.7100,54.4000,0.000161
FILLER_15_72,VGND,li1,39.3300,54.4000,0.000151
FILLER_15_69,VGND,li1,37.9500,54.4000,0.000151
FILLER_15_66,VGND,li1,36.5700,54.4000,0.000139
FILLER_15_63,VGND,li1,35.1900,54.4000,0.000129
FILLER_15_60,VGND,li1,33.8100,54.4000,0.000129
FILLER_15_57,VGND,li1,32.4300,54.4000,0.000116
FILLER_15_53,VGND,li1,30.5900,54.4000,0.000104
FILLER_15_50,VGND,li1,29.2100,54.4000,0.000104
FILLER_15_47,VGND,li1,27.8300,54.4000,0.000094
FILLER_15_44,VGND,li1,26.4500,54.4000,0.000081
FILLER_15_41,VGND,li1,25.0700,54.4000,0.000081
FILLER_15_38,VGND,li1,23.6900,54.4000,0.000086
FILLER_15_35,VGND,li1,22.3100,54.4000,0.000093
FILLER_15_32,VGND,li1,20.9300,54.4000,0.000093
FILLER_15_29,VGND,li1,19.5500,54.4000,0.000100
FILLER_15_26,VGND,li1,18.1700,54.4000,0.000100
FILLER_15_23,VGND,li1,16.7900,54.4000,0.000106
FILLER_15_20,VGND,li1,15.4100,54.4000,0.000106
FILLER_14_218,VGND,li1,106.4900,48.9600,0.000226
FILLER_14_215,VGND,li1,105.1100,48.9600,0.000223
FILLER_14_212,VGND,li1,103.7300,48.9600,0.000223
FILLER_14_209,VGND,li1,102.3500,48.9600,0.000220
FILLER_14_206,VGND,li1,100.9700,48.9600,0.000217
FILLER_14_203,VGND,li1,99.5900,48.9600,0.000217
FILLER_14_200,VGND,li1,98.2100,48.9600,0.000214
FILLER_14_197,VGND,li1,96.8300,48.9600,0.000211
FILLER_14_193,VGND,li1,94.9900,48.9600,0.000208
FILLER_14_190,VGND,li1,93.6100,48.9600,0.000208
FILLER_14_187,VGND,li1,92.2300,48.9600,0.000204
FILLER_14_184,VGND,li1,90.8500,48.9600,0.000204
FILLER_14_181,VGND,li1,89.4700,48.9600,0.000200
FILLER_14_178,VGND,li1,88.0900,48.9600,0.000200
FILLER_14_175,VGND,li1,86.7100,48.9600,0.000196
FILLER_14_172,VGND,li1,85.3300,48.9600,0.000196
FILLER_14_169,VGND,li1,83.9500,48.9600,0.000192
FILLER_14_166,VGND,li1,82.5700,48.9600,0.000189
FILLER_14_147,VGND,li1,73.3700,48.9600,0.000170
FILLER_14_144,VGND,li1,72.4500,48.9600,0.000170
FILLER_14_141,VGND,li1,71.0700,48.9600,0.000164
FILLER_14_139,VGND,li1,69.6900,48.9600,0.000164
FILLER_14_136,VGND,li1,68.7700,48.9600,0.000159
FILLER_14_133,VGND,li1,67.3900,48.9600,0.000154
FILLER_14_130,VGND,li1,66.0100,48.9600,0.000154
FILLER_14_127,VGND,li1,64.6300,48.9600,0.000148
FILLER_14_124,VGND,li1,63.2500,48.9600,0.000143
FILLER_14_121,VGND,li1,61.8700,48.9600,0.000143
FILLER_14_118,VGND,li1,60.4900,48.9600,0.000137
FILLER_14_115,VGND,li1,59.1100,48.9600,0.000132
FILLER_14_112,VGND,li1,57.7300,48.9600,0.000132
FILLER_14_109,VGND,li1,56.3500,48.9600,0.000128
FILLER_14_106,VGND,li1,54.9700,48.9600,0.000121
FILLER_14_103,VGND,li1,53.5900,48.9600,0.000121
FILLER_14_100,VGND,li1,52.2100,48.9600,0.000116
FILLER_14_97,VGND,li1,50.8300,48.9600,0.000110
FILLER_14_94,VGND,li1,49.4500,48.9600,0.000110
FILLER_14_91,VGND,li1,48.0700,48.9600,0.000105
FILLER_14_88,VGND,li1,46.6900,48.9600,0.000099
FILLER_14_85,VGND,li1,45.3100,48.9600,0.000099
FILLER_14_83,VGND,li1,43.9300,48.9600,0.000094
FILLER_14_80,VGND,li1,43.0100,48.9600,0.000090
FILLER_14_77,VGND,li1,41.6300,48.9600,0.000090
FILLER_14_74,VGND,li1,40.2500,48.9600,0.000083
FILLER_14_71,VGND,li1,38.8700,48.9600,0.000079
FILLER_14_68,VGND,li1,37.4900,48.9600,0.000079
FILLER_14_65,VGND,li1,36.1100,48.9600,0.000072
FILLER_14_62,VGND,li1,34.7300,48.9600,0.000067
FILLER_14_59,VGND,li1,33.3500,48.9600,0.000067
FILLER_14_56,VGND,li1,31.9700,48.9600,0.000063
FILLER_14_53,VGND,li1,30.5900,48.9600,0.000058
FILLER_14_50,VGND,li1,29.2100,48.9600,0.000053
FILLER_14_47,VGND,li1,27.8300,48.9600,0.000053
FILLER_14_44,VGND,li1,26.4500,48.9600,0.000047
FILLER_14_41,VGND,li1,25.0700,48.9600,0.000042
FILLER_14_38,VGND,li1,23.6900,48.9600,0.000042
FILLER_14_35,VGND,li1,22.3100,48.9600,0.000045
FILLER_14_32,VGND,li1,20.9300,48.9600,0.000048
FILLER_14_29,VGND,li1,19.5500,48.9600,0.000048
FILLER_14_26,VGND,li1,17.9400,48.9600,0.000051
FILLER_14_23,VGND,li1,16.7900,48.9600,0.000054
FILLER_14_20,VGND,li1,15.4100,48.9600,0.000054
FILLER_14_17,VGND,li1,14.0300,48.9600,0.000058
FILLER_14_14,VGND,li1,12.6500,48.9600,0.000060
FILLER_14_11,VGND,li1,11.2700,48.9600,0.000060
FILLER_13_228,VGND,li1,110.6300,48.9600,0.000230
FILLER_13_225,VGND,li1,109.7100,48.9600,0.000229
FILLER_13_211,VGND,li1,102.8100,48.9600,0.000220
FILLER_13_208,VGND,li1,101.8900,48.9600,0.000220
FILLER_13_205,VGND,li1,100.5100,48.9600,0.000217
FILLER_13_202,VGND,li1,99.1300,48.9600,0.000214
FILLER_13_199,VGND,li1,97.7500,48.9600,0.000214
FILLER_13_196,VGND,li1,96.3700,48.9600,0.000211
FILLER_13_193,VGND,li1,94.9900,48.9600,0.000208
FILLER_13_190,VGND,li1,93.6100,48.9600,0.000208
FILLER_13_187,VGND,li1,92.2300,48.9600,0.000204
FILLER_13_184,VGND,li1,90.8500,48.9600,0.000204
FILLER_13_181,VGND,li1,89.4700,48.9600,0.000200
FILLER_13_178,VGND,li1,88.0900,48.9600,0.000200
FILLER_13_175,VGND,li1,86.7100,48.9600,0.000196
FILLER_13_172,VGND,li1,85.3300,48.9600,0.000196
FILLER_13_169,VGND,li1,83.9500,48.9600,0.000192
FILLER_13_166,VGND,li1,82.3400,48.9600,0.000189
FILLER_13_163,VGND,li1,81.1900,48.9600,0.000189
FILLER_13_160,VGND,li1,79.8100,48.9600,0.000185
FILLER_13_157,VGND,li1,78.4300,48.9600,0.000185
FILLER_13_146,VGND,li1,72.9100,48.9600,0.000170
FILLER_13_143,VGND,li1,71.9900,48.9600,0.000170
FILLER_13_140,VGND,li1,70.6100,48.9600,0.000164
FILLER_13_137,VGND,li1,69.2300,48.9600,0.000159
FILLER_13_134,VGND,li1,67.8500,48.9600,0.000159
FILLER_13_131,VGND,li1,66.4700,48.9600,0.000154
FILLER_13_128,VGND,li1,65.0900,48.9600,0.000148
FILLER_13_125,VGND,li1,63.7100,48.9600,0.000148
FILLER_13_122,VGND,li1,62.3300,48.9600,0.000143
FILLER_13_119,VGND,li1,60.9500,48.9600,0.000137
FILLER_13_116,VGND,li1,59.5700,48.9600,0.000137
FILLER_13_113,VGND,li1,58.1900,48.9600,0.000132
FILLER_13_111,VGND,li1,56.8100,48.9600,0.000128
FILLER_13_108,VGND,li1,55.8900,48.9600,0.000128
FILLER_13_105,VGND,li1,54.5100,48.9600,0.000121
FILLER_13_102,VGND,li1,53.1300,48.9600,0.000116
FILLER_13_99,VGND,li1,51.7500,48.9600,0.000116
FILLER_13_96,VGND,li1,50.3700,48.9600,0.000110
FILLER_13_93,VGND,li1,48.9900,48.9600,0.000105
FILLER_13_90,VGND,li1,47.6100,48.9600,0.000105
FILLER_13_87,VGND,li1,46.2300,48.9600,0.000099
FILLER_13_84,VGND,li1,44.8500,48.9600,0.000094
FILLER_13_81,VGND,li1,43.4700,48.9600,0.000094
FILLER_13_78,VGND,li1,42.0900,48.9600,0.000090
FILLER_13_75,VGND,li1,40.7100,48.9600,0.000083
FILLER_13_72,VGND,li1,39.3300,48.9600,0.000083
FILLER_13_69,VGND,li1,37.9500,48.9600,0.000079
FILLER_13_66,VGND,li1,36.5700,48.9600,0.000072
FILLER_13_63,VGND,li1,35.1900,48.9600,0.000072
FILLER_13_60,VGND,li1,33.8100,48.9600,0.000067
FILLER_13_57,VGND,li1,32.4300,48.9600,0.000063
FILLER_13_54,VGND,li1,30.8200,48.9600,0.000058
FILLER_13_51,VGND,li1,29.6700,48.9600,0.000058
FILLER_13_48,VGND,li1,28.2900,48.9600,0.000053
FILLER_13_45,VGND,li1,26.9100,48.9600,0.000047
FILLER_13_42,VGND,li1,25.5300,48.9600,0.000047
FILLER_13_39,VGND,li1,24.1500,48.9600,0.000042
FILLER_13_36,VGND,li1,22.7700,48.9600,0.000045
FILLER_13_33,VGND,li1,21.3900,48.9600,0.000045
FILLER_13_30,VGND,li1,20.0100,48.9600,0.000048
FILLER_13_27,VGND,li1,18.6300,48.9600,0.000051
FILLER_13_24,VGND,li1,17.2500,48.9600,0.000051
FILLER_13_21,VGND,li1,15.8700,48.9600,0.000054
FILLER_13_18,VGND,li1,14.4900,48.9600,0.000058
FILLER_13_15,VGND,li1,13.1100,48.9600,0.000058
FILLER_12_203,VGND,li1,99.3600,43.5200,0.000199
FILLER_12_200,VGND,li1,98.2100,43.5200,0.000199
FILLER_12_197,VGND,li1,96.8300,43.5200,0.000196
FILLER_12_194,VGND,li1,95.2200,43.5200,0.000193
FILLER_12_191,VGND,li1,94.0700,43.5200,0.000193
FILLER_12_188,VGND,li1,92.6900,43.5200,0.000191
FILLER_12_185,VGND,li1,91.3100,43.5200,0.000187
FILLER_12_182,VGND,li1,89.9300,43.5200,0.000187
FILLER_12_179,VGND,li1,88.5500,43.5200,0.000185
FILLER_12_176,VGND,li1,87.1700,43.5200,0.000181
FILLER_12_173,VGND,li1,85.7900,43.5200,0.000181
FILLER_12_170,VGND,li1,84.4100,43.5200,0.000179
FILLER_12_167,VGND,li1,83.0300,43.5200,0.000176
FILLER_12_164,VGND,li1,81.6500,43.5200,0.000173
FILLER_12_161,VGND,li1,80.2700,43.5200,0.000173
FILLER_12_141,VGND,li1,70.8400,43.5200,0.000158
FILLER_12_139,VGND,li1,69.6900,43.5200,0.000154
FILLER_12_136,VGND,li1,68.7700,43.5200,0.000154
FILLER_12_133,VGND,li1,67.3900,43.5200,0.000150
FILLER_12_130,VGND,li1,66.0100,43.5200,0.000146
FILLER_12_127,VGND,li1,64.6300,43.5200,0.000146
FILLER_12_124,VGND,li1,63.2500,43.5200,0.000142
FILLER_12_121,VGND,li1,61.8700,43.5200,0.000137
FILLER_12_118,VGND,li1,60.4900,43.5200,0.000137
FILLER_12_115,VGND,li1,59.1100,43.5200,0.000132
FILLER_12_112,VGND,li1,57.7300,43.5200,0.000128
FILLER_12_109,VGND,li1,56.3500,43.5200,0.000128
FILLER_12_106,VGND,li1,54.9700,43.5200,0.000121
FILLER_12_103,VGND,li1,53.5900,43.5200,0.000121
FILLER_12_100,VGND,li1,52.2100,43.5200,0.000115
FILLER_12_97,VGND,li1,50.8300,43.5200,0.000115
FILLER_12_94,VGND,li1,49.4500,43.5200,0.000109
FILLER_12_91,VGND,li1,48.0700,43.5200,0.000109
FILLER_12_88,VGND,li1,46.6900,43.5200,0.000102
FILLER_12_85,VGND,li1,45.3100,43.5200,0.000102
FILLER_12_81,VGND,li1,43.4700,43.5200,0.000098
FILLER_12_74,VGND,li1,40.2500,43.5200,0.000086
FILLER_12_71,VGND,li1,38.8700,43.5200,0.000086
FILLER_12_68,VGND,li1,37.4900,43.5200,0.000078
FILLER_12_65,VGND,li1,36.1100,43.5200,0.000078
FILLER_12_62,VGND,li1,34.7300,43.5200,0.000071
FILLER_12_59,VGND,li1,33.3500,43.5200,0.000071
FILLER_12_56,VGND,li1,31.9700,43.5200,0.000062
FILLER_12_53,VGND,li1,30.5900,43.5200,0.000062
FILLER_12_50,VGND,li1,29.2100,43.5200,0.000055
FILLER_12_47,VGND,li1,27.8300,43.5200,0.000048
FILLER_12_44,VGND,li1,26.4500,43.5200,0.000048
FILLER_12_41,VGND,li1,25.0700,43.5200,0.000038
FILLER_12_38,VGND,li1,23.6900,43.5200,0.000038
FILLER_12_35,VGND,li1,22.3100,43.5200,0.000039
FILLER_12_32,VGND,li1,20.9300,43.5200,0.000039
FILLER_12_29,VGND,li1,19.5500,43.5200,0.000040
FILLER_12_26,VGND,li1,17.9400,43.5200,0.000041
FILLER_12_23,VGND,li1,16.7900,43.5200,0.000041
FILLER_12_20,VGND,li1,15.4100,43.5200,0.000042
FILLER_12_17,VGND,li1,14.0300,43.5200,0.000042
FILLER_12_14,VGND,li1,12.6500,43.5200,0.000043
FILLER_12_11,VGND,li1,11.2700,43.5200,0.000043
FILLER_11_242,VGND,li1,117.5300,43.5200,0.000214
FILLER_11_205,VGND,li1,100.5100,43.5200,0.000203
FILLER_11_202,VGND,li1,99.1300,43.5200,0.000199
FILLER_11_199,VGND,li1,97.7500,43.5200,0.000199
FILLER_11_196,VGND,li1,96.3700,43.5200,0.000196
FILLER_11_193,VGND,li1,94.9900,43.5200,0.000193
FILLER_11_190,VGND,li1,93.6100,43.5200,0.000191
FILLER_11_187,VGND,li1,92.2300,43.5200,0.000191
FILLER_11_184,VGND,li1,90.8500,43.5200,0.000187
FILLER_11_181,VGND,li1,89.4700,43.5200,0.000185
FILLER_11_178,VGND,li1,88.0900,43.5200,0.000185
FILLER_11_175,VGND,li1,86.7100,43.5200,0.000181
FILLER_11_172,VGND,li1,85.3300,43.5200,0.000179
FILLER_11_169,VGND,li1,83.9500,43.5200,0.000179
FILLER_11_165,VGND,li1,82.1100,43.5200,0.000176
FILLER_11_132,VGND,li1,66.7000,43.5200,0.000150
FILLER_11_129,VGND,li1,65.5500,43.5200,0.000146
FILLER_11_122,VGND,li1,61.8700,43.5200,0.000137
FILLER_11_119,VGND,li1,60.9500,43.5200,0.000137
FILLER_11_116,VGND,li1,59.5700,43.5200,0.000132
FILLER_11_113,VGND,li1,58.1900,43.5200,0.000132
FILLER_11_109,VGND,li1,56.3500,43.5200,0.000128
FILLER_11_106,VGND,li1,54.9700,43.5200,0.000121
FILLER_11_103,VGND,li1,53.5900,43.5200,0.000121
FILLER_11_100,VGND,li1,52.2100,43.5200,0.000115
FILLER_11_97,VGND,li1,50.8300,43.5200,0.000115
FILLER_11_94,VGND,li1,49.4500,43.5200,0.000109
FILLER_11_91,VGND,li1,48.0700,43.5200,0.000109
FILLER_11_88,VGND,li1,46.6900,43.5200,0.000102
FILLER_11_74,VGND,li1,40.0200,43.5200,0.000086
FILLER_11_71,VGND,li1,38.8700,43.5200,0.000086
FILLER_11_68,VGND,li1,37.4900,43.5200,0.000078
FILLER_11_50,VGND,li1,28.7500,43.5200,0.000055
FILLER_11_47,VGND,li1,27.8300,43.5200,0.000048
FILLER_11_44,VGND,li1,26.4500,43.5200,0.000048
FILLER_11_41,VGND,li1,25.0700,43.5200,0.000038
FILLER_11_38,VGND,li1,23.6900,43.5200,0.000038
FILLER_11_35,VGND,li1,22.3100,43.5200,0.000039
FILLER_11_32,VGND,li1,20.9300,43.5200,0.000039
FILLER_11_29,VGND,li1,19.5500,43.5200,0.000040
FILLER_11_26,VGND,li1,18.1700,43.5200,0.000041
FILLER_11_23,VGND,li1,16.7900,43.5200,0.000041
FILLER_11_20,VGND,li1,15.4100,43.5200,0.000042
FILLER_11_17,VGND,li1,14.0300,43.5200,0.000042
FILLER_11_14,VGND,li1,12.6500,43.5200,0.000043
FILLER_11_11,VGND,li1,11.2700,43.5200,0.000043
FILLER_10_243,VGND,li1,117.7600,38.0800,0.000523
FILLER_10_240,VGND,li1,116.6100,38.0800,0.000523
FILLER_10_220,VGND,li1,107.4100,38.0800,0.000508
FILLER_10_211,VGND,li1,103.0400,38.0800,0.000499
FILLER_10_197,VGND,li1,96.3700,38.0800,0.000479
FILLER_10_179,VGND,li1,88.0900,38.0800,0.000449
FILLER_10_176,VGND,li1,87.1700,38.0800,0.000449
FILLER_10_173,VGND,li1,85.7900,38.0800,0.000438
FILLER_10_170,VGND,li1,84.4100,38.0800,0.000438
FILLER_10_167,VGND,li1,83.0300,38.0800,0.000428
FILLER_10_164,VGND,li1,81.6500,38.0800,0.000428
FILLER_10_161,VGND,li1,80.2700,38.0800,0.000420
FILLER_10_158,VGND,li1,78.8900,38.0800,0.000413
FILLER_10_155,VGND,li1,77.5100,38.0800,0.000413
FILLER_10_152,VGND,li1,76.1300,38.0800,0.000405
FILLER_10_141,VGND,li1,70.8400,38.0800,0.000383
FILLER_10_138,VGND,li1,69.4600,38.0800,0.000375
FILLER_10_135,VGND,li1,68.3100,38.0800,0.000375
FILLER_10_107,VGND,li1,55.2000,38.0800,0.000306
FILLER_10_104,VGND,li1,54.0500,38.0800,0.000293
FILLER_10_101,VGND,li1,52.6700,38.0800,0.000293
FILLER_10_81,VGND,li1,43.4700,38.0800,0.000234
FILLER_10_69,VGND,li1,37.7200,38.0800,0.000183
FILLER_10_47,VGND,li1,27.8300,38.0800,0.000105
FILLER_10_44,VGND,li1,26.4500,38.0800,0.000105
FILLER_10_41,VGND,li1,25.0700,38.0800,0.000082
FILLER_10_38,VGND,li1,23.6900,38.0800,0.000082
FILLER_10_35,VGND,li1,22.3100,38.0800,0.000082
FILLER_10_32,VGND,li1,20.9300,38.0800,0.000082
FILLER_10_29,VGND,li1,19.5500,38.0800,0.000082
FILLER_10_27,VGND,li1,18.1700,38.0800,0.000082
FILLER_10_24,VGND,li1,17.2500,38.0800,0.000082
FILLER_10_21,VGND,li1,15.8700,38.0800,0.000082
FILLER_10_18,VGND,li1,14.4900,38.0800,0.000082
FILLER_10_15,VGND,li1,13.1100,38.0800,0.000082
FILLER_10_12,VGND,li1,11.7300,38.0800,0.000082
FILLER_10_9,VGND,li1,10.3500,38.0800,0.000082
FILLER_10_6,VGND,li1,8.9700,38.0800,0.000082
FILLER_10_3,VGND,li1,7.5900,38.0800,0.000082
FILLER_9_235,VGND,li1,113.8500,38.0800,0.000518
FILLER_9_232,VGND,li1,112.9300,38.0800,0.000518
FILLER_9_223,VGND,li1,108.3300,38.0800,0.000508
FILLER_9_206,VGND,li1,100.9700,38.0800,0.000493
FILLER_9_203,VGND,li1,99.5900,38.0800,0.000486
FILLER_9_200,VGND,li1,98.2100,38.0800,0.000486
FILLER_9_197,VGND,li1,96.8300,38.0800,0.000479
FILLER_9_194,VGND,li1,95.4500,38.0800,0.000473
FILLER_9_191,VGND,li1,94.0700,38.0800,0.000473
FILLER_9_188,VGND,li1,92.6900,38.0800,0.000467
FILLER_9_185,VGND,li1,91.3100,38.0800,0.000459
FILLER_9_182,VGND,li1,89.9300,38.0800,0.000459
FILLER_9_179,VGND,li1,88.5500,38.0800,0.000449
FILLER_9_176,VGND,li1,87.1700,38.0800,0.000449
FILLER_9_173,VGND,li1,85.7900,38.0800,0.000438
FILLER_9_165,VGND,li1,82.1100,38.0800,0.000428
FILLER_9_162,VGND,li1,80.7300,38.0800,0.000420
FILLER_9_159,VGND,li1,79.3500,38.0800,0.000420
FILLER_9_137,VGND,li1,68.7700,38.0800,0.000375
FILLER_9_134,VGND,li1,67.8500,38.0800,0.000367
FILLER_9_131,VGND,li1,66.4700,38.0800,0.000367
FILLER_9_109,VGND,li1,56.3500,38.0800,0.000306
FILLER_9_106,VGND,li1,54.9700,38.0800,0.000306
FILLER_9_103,VGND,li1,53.5900,38.0800,0.000293
FILLER_9_100,VGND,li1,52.2100,38.0800,0.000282
FILLER_9_97,VGND,li1,50.8300,38.0800,0.000282
FILLER_9_94,VGND,li1,49.4500,38.0800,0.000267
FILLER_9_70,VGND,li1,38.1800,38.0800,0.000197
FILLER_9_67,VGND,li1,37.0300,38.0800,0.000183
FILLER_9_57,VGND,li1,32.2000,38.0800,0.000146
FILLER_9_42,VGND,li1,25.0700,38.0800,0.000082
FILLER_9_39,VGND,li1,24.1500,38.0800,0.000082
FILLER_9_36,VGND,li1,22.7700,38.0800,0.000082
FILLER_9_33,VGND,li1,21.3900,38.0800,0.000082
FILLER_9_30,VGND,li1,20.0100,38.0800,0.000082
FILLER_9_27,VGND,li1,18.6300,38.0800,0.000082
FILLER_9_24,VGND,li1,17.2500,38.0800,0.000082
FILLER_9_21,VGND,li1,15.8700,38.0800,0.000082
FILLER_9_18,VGND,li1,14.4900,38.0800,0.000082
FILLER_9_15,VGND,li1,13.1100,38.0800,0.000082
FILLER_9_12,VGND,li1,11.7300,38.0800,0.000082
FILLER_9_9,VGND,li1,10.3500,38.0800,0.000082
FILLER_9_6,VGND,li1,8.9700,38.0800,0.000082
FILLER_9_3,VGND,li1,7.5900,38.0800,0.000082
FILLER_8_210,VGND,li1,102.3500,32.6400,0.000512
FILLER_8_207,VGND,li1,101.4300,32.6400,0.000507
FILLER_8_197,VGND,li1,96.3700,32.6400,0.000490
FILLER_8_194,VGND,li1,95.2200,32.6400,0.000490
FILLER_8_191,VGND,li1,94.0700,32.6400,0.000483
FILLER_8_188,VGND,li1,92.6900,32.6400,0.000483
FILLER_8_185,VGND,li1,91.3100,32.6400,0.000477
FILLER_8_182,VGND,li1,89.9300,32.6400,0.000470
FILLER_8_179,VGND,li1,88.5500,32.6400,0.000470
FILLER_8_141,VGND,li1,70.8400,32.6400,0.000392
FILLER_8_139,VGND,li1,69.6900,32.6400,0.000392
FILLER_8_136,VGND,li1,68.7700,32.6400,0.000380
FILLER_8_133,VGND,li1,67.3900,32.6400,0.000380
FILLER_8_130,VGND,li1,66.0100,32.6400,0.000370
FILLER_8_113,VGND,li1,58.1900,32.6400,0.000321
FILLER_8_104,VGND,li1,53.8200,32.6400,0.000291
FILLER_8_101,VGND,li1,52.6700,32.6400,0.000291
FILLER_8_85,VGND,li1,45.3100,32.6400,0.000235
FILLER_8_83,VGND,li1,43.9300,32.6400,0.000222
FILLER_8_80,VGND,li1,43.0100,32.6400,0.000222
FILLER_8_77,VGND,li1,41.6300,32.6400,0.000205
FILLER_8_74,VGND,li1,40.2500,32.6400,0.000205
FILLER_8_71,VGND,li1,38.8700,32.6400,0.000188
FILLER_8_68,VGND,li1,37.4900,32.6400,0.000175
FILLER_8_65,VGND,li1,36.1100,32.6400,0.000175
FILLER_8_56,VGND,li1,31.7400,32.6400,0.000141
FILLER_8_47,VGND,li1,27.6000,32.6400,0.000111
FILLER_8_44,VGND,li1,26.4500,32.6400,0.000094
FILLER_8_41,VGND,li1,25.0700,32.6400,0.000080
FILLER_8_38,VGND,li1,23.6900,32.6400,0.000080
FILLER_8_35,VGND,li1,22.3100,32.6400,0.000080
FILLER_8_32,VGND,li1,20.9300,32.6400,0.000080
FILLER_8_29,VGND,li1,19.5500,32.6400,0.000080
FILLER_8_27,VGND,li1,18.1700,32.6400,0.000080
FILLER_8_24,VGND,li1,17.2500,32.6400,0.000080
FILLER_8_21,VGND,li1,15.8700,32.6400,0.000080
FILLER_8_18,VGND,li1,14.4900,32.6400,0.000080
FILLER_8_15,VGND,li1,13.1100,32.6400,0.000080
FILLER_8_12,VGND,li1,11.7300,32.6400,0.000080
FILLER_8_9,VGND,li1,10.3500,32.6400,0.000080
FILLER_8_6,VGND,li1,8.9700,32.6400,0.000080
FILLER_8_3,VGND,li1,7.5900,32.6400,0.000080
FILLER_7_244,VGND,li1,117.9900,32.6400,0.000544
FILLER_7_225,VGND,li1,109.2500,32.6400,0.000530
FILLER_7_214,VGND,li1,104.6500,32.6400,0.000519
FILLER_7_211,VGND,li1,103.2700,32.6400,0.000512
FILLER_7_208,VGND,li1,101.8900,32.6400,0.000507
FILLER_7_205,VGND,li1,100.5100,32.6400,0.000507
FILLER_7_202,VGND,li1,99.1300,32.6400,0.000499
FILLER_7_199,VGND,li1,97.7500,32.6400,0.000499
FILLER_7_196,VGND,li1,96.3700,32.6400,0.000490
FILLER_7_193,VGND,li1,94.9900,32.6400,0.000490
FILLER_7_190,VGND,li1,93.6100,32.6400,0.000483
FILLER_7_187,VGND,li1,92.2300,32.6400,0.000477
FILLER_7_184,VGND,li1,90.8500,32.6400,0.000477
FILLER_7_167,VGND,li1,82.5700,32.6400,0.000449
FILLER_7_138,VGND,li1,69.6900,32.6400,0.000392
FILLER_7_135,VGND,li1,68.3100,32.6400,0.000380
FILLER_7_132,VGND,li1,66.9300,32.6400,0.000370
FILLER_7_129,VGND,li1,65.5500,32.6400,0.000370
FILLER_7_103,VGND,li1,53.1300,32.6400,0.000291
FILLER_7_100,VGND,li1,52.2100,32.6400,0.000279
FILLER_7_97,VGND,li1,50.8300,32.6400,0.000279
FILLER_7_94,VGND,li1,49.4500,32.6400,0.000267
FILLER_7_85,VGND,li1,45.0800,32.6400,0.000235
FILLER_7_82,VGND,li1,43.9300,32.6400,0.000222
FILLER_7_79,VGND,li1,42.5500,32.6400,0.000222
FILLER_7_69,VGND,li1,37.9500,32.6400,0.000188
FILLER_7_66,VGND,li1,36.5700,32.6400,0.000175
FILLER_7_63,VGND,li1,35.1900,32.6400,0.000158
FILLER_7_60,VGND,li1,33.8100,32.6400,0.000158
FILLER_7_57,VGND,li1,32.4300,32.6400,0.000141
FILLER_7_48,VGND,li1,27.8300,32.6400,0.000111
FILLER_7_45,VGND,li1,26.9100,32.6400,0.000094
FILLER_7_42,VGND,li1,25.5300,32.6400,0.000094
FILLER_7_39,VGND,li1,24.1500,32.6400,0.000080
FILLER_7_36,VGND,li1,22.7700,32.6400,0.000080
FILLER_7_33,VGND,li1,21.3900,32.6400,0.000080
FILLER_7_30,VGND,li1,20.0100,32.6400,0.000080
FILLER_7_27,VGND,li1,18.6300,32.6400,0.000080
FILLER_7_24,VGND,li1,17.2500,32.6400,0.000080
FILLER_7_21,VGND,li1,15.8700,32.6400,0.000080
FILLER_7_18,VGND,li1,14.4900,32.6400,0.000080
FILLER_7_15,VGND,li1,13.1100,32.6400,0.000080
FILLER_7_12,VGND,li1,11.7300,32.6400,0.000080
FILLER_7_9,VGND,li1,10.3500,32.6400,0.000080
FILLER_7_6,VGND,li1,8.9700,32.6400,0.000080
FILLER_7_3,VGND,li1,7.5900,32.6400,0.000080
FILLER_6_244,VGND,li1,117.9900,27.2000,0.000367
FILLER_6_221,VGND,li1,107.8700,27.2000,0.000363
FILLER_6_218,VGND,li1,106.4900,27.2000,0.000363
FILLER_6_215,VGND,li1,105.1100,27.2000,0.000362
FILLER_6_200,VGND,li1,97.9800,27.2000,0.000356
FILLER_6_197,VGND,li1,96.8300,27.2000,0.000352
FILLER_6_194,VGND,li1,95.2200,27.2000,0.000352
FILLER_6_187,VGND,li1,92.0000,27.2000,0.000348
FILLER_6_184,VGND,li1,90.8500,27.2000,0.000344
FILLER_6_181,VGND,li1,89.4700,27.2000,0.000340
FILLER_6_178,VGND,li1,88.0900,27.2000,0.000340
FILLER_6_175,VGND,li1,86.7100,27.2000,0.000337
FILLER_6_155,VGND,li1,77.5100,27.2000,0.000317
FILLER_6_152,VGND,li1,76.1300,27.2000,0.000310
FILLER_6_149,VGND,li1,74.7500,27.2000,0.000310
FILLER_6_141,VGND,li1,71.0700,27.2000,0.000297
FILLER_6_127,VGND,li1,64.6300,27.2000,0.000270
FILLER_6_124,VGND,li1,63.2500,27.2000,0.000270
FILLER_6_102,VGND,li1,52.9000,27.2000,0.000221
FILLER_6_99,VGND,li1,51.7500,27.2000,0.000221
FILLER_6_96,VGND,li1,50.3700,27.2000,0.000211
FILLER_6_93,VGND,li1,48.9900,27.2000,0.000211
FILLER_6_85,VGND,li1,45.3100,27.2000,0.000194
FILLER_6_67,VGND,li1,37.0300,27.2000,0.000151
FILLER_6_53,VGND,li1,30.1300,27.2000,0.000103
FILLER_6_50,VGND,li1,29.2100,27.2000,0.000103
FILLER_6_47,VGND,li1,27.8300,27.2000,0.000085
FILLER_6_44,VGND,li1,26.4500,27.2000,0.000085
FILLER_6_41,VGND,li1,25.0700,27.2000,0.000066
FILLER_6_38,VGND,li1,23.6900,27.2000,0.000066
FILLER_6_35,VGND,li1,22.3100,27.2000,0.000066
FILLER_6_32,VGND,li1,20.9300,27.2000,0.000066
FILLER_6_29,VGND,li1,19.5500,27.2000,0.000066
FILLER_6_27,VGND,li1,18.1700,27.2000,0.000066
FILLER_6_24,VGND,li1,17.2500,27.2000,0.000066
FILLER_6_21,VGND,li1,15.8700,27.2000,0.000066
FILLER_6_18,VGND,li1,14.4900,27.2000,0.000066
FILLER_6_15,VGND,li1,13.1100,27.2000,0.000066
FILLER_6_12,VGND,li1,11.7300,27.2000,0.000066
FILLER_6_9,VGND,li1,10.3500,27.2000,0.000066
FILLER_6_6,VGND,li1,8.9700,27.2000,0.000066
FILLER_6_3,VGND,li1,7.5900,27.2000,0.000066
FILLER_5_243,VGND,li1,117.7600,27.2000,0.000367
FILLER_5_240,VGND,li1,116.6100,27.2000,0.000367
FILLER_5_237,VGND,li1,115.2300,27.2000,0.000367
FILLER_5_234,VGND,li1,113.8500,27.2000,0.000366
FILLER_5_231,VGND,li1,112.4700,27.2000,0.000366
FILLER_5_228,VGND,li1,111.0900,27.2000,0.000365
FILLER_5_225,VGND,li1,109.7100,27.2000,0.000364
FILLER_5_223,VGND,li1,108.3300,27.2000,0.000364
FILLER_5_220,VGND,li1,107.4100,27.2000,0.000363
FILLER_5_217,VGND,li1,106.0300,27.2000,0.000362
FILLER_5_214,VGND,li1,104.6500,27.2000,0.000362
FILLER_5_194,VGND,li1,95.4500,27.2000,0.000352
FILLER_5_183,VGND,li1,90.1600,27.2000,0.000344
FILLER_5_180,VGND,li1,89.0100,27.2000,0.000340
FILLER_5_177,VGND,li1,87.6300,27.2000,0.000337
FILLER_5_174,VGND,li1,86.2500,27.2000,0.000337
FILLER_5_162,VGND,li1,80.5000,27.2000,0.000324
FILLER_5_131,VGND,li1,66.4700,27.2000,0.000277
FILLER_5_128,VGND,li1,65.0900,27.2000,0.000277
FILLER_5_125,VGND,li1,63.7100,27.2000,0.000270
FILLER_5_122,VGND,li1,62.3300,27.2000,0.000262
FILLER_5_119,VGND,li1,60.9500,27.2000,0.000262
FILLER_5_116,VGND,li1,59.5700,27.2000,0.000251
FILLER_5_113,VGND,li1,58.1900,27.2000,0.000251
FILLER_5_110,VGND,li1,56.5800,27.2000,0.000243
FILLER_5_93,VGND,li1,48.9900,27.2000,0.000211
FILLER_5_90,VGND,li1,47.6100,27.2000,0.000202
FILLER_5_54,VGND,li1,30.8200,27.2000,0.000103
FILLER_5_51,VGND,li1,29.6700,27.2000,0.000103
FILLER_5_42,VGND,li1,25.3000,27.2000,0.000066
FILLER_5_39,VGND,li1,24.1500,27.2000,0.000066
FILLER_5_36,VGND,li1,22.7700,27.2000,0.000066
FILLER_5_33,VGND,li1,21.3900,27.2000,0.000066
FILLER_5_30,VGND,li1,20.0100,27.2000,0.000066
FILLER_5_27,VGND,li1,18.6300,27.2000,0.000066
FILLER_5_24,VGND,li1,17.2500,27.2000,0.000066
FILLER_5_21,VGND,li1,15.8700,27.2000,0.000066
FILLER_5_18,VGND,li1,14.4900,27.2000,0.000066
FILLER_5_15,VGND,li1,13.1100,27.2000,0.000066
FILLER_5_12,VGND,li1,11.7300,27.2000,0.000066
FILLER_5_9,VGND,li1,10.3500,27.2000,0.000066
FILLER_5_6,VGND,li1,8.9700,27.2000,0.000066
FILLER_5_3,VGND,li1,7.5900,27.2000,0.000066
FILLER_4_244,VGND,li1,117.9900,21.7600,0.000563
FILLER_4_241,VGND,li1,117.0700,21.7600,0.000563
FILLER_4_238,VGND,li1,115.6900,21.7600,0.000563
FILLER_4_235,VGND,li1,114.3100,21.7600,0.000563
FILLER_4_232,VGND,li1,112.9300,21.7600,0.000563
FILLER_4_229,VGND,li1,111.5500,21.7600,0.000563
FILLER_4_226,VGND,li1,110.1700,21.7600,0.000563
FILLER_4_197,VGND,li1,96.6000,21.7600,0.000556
FILLER_4_176,VGND,li1,87.1700,21.7600,0.000533
FILLER_4_173,VGND,li1,85.7900,21.7600,0.000533
FILLER_4_158,VGND,li1,78.6600,21.7600,0.000500
FILLER_4_155,VGND,li1,77.5100,21.7600,0.000488
FILLER_4_152,VGND,li1,76.1300,21.7600,0.000488
FILLER_4_144,VGND,li1,71.9900,21.7600,0.000467
FILLER_4_141,VGND,li1,71.0700,21.7600,0.000457
FILLER_4_137,VGND,li1,69.2300,21.7600,0.000443
FILLER_4_134,VGND,li1,67.8500,21.7600,0.000443
FILLER_4_131,VGND,li1,66.4700,21.7600,0.000433
FILLER_4_116,VGND,li1,59.3400,21.7600,0.000384
FILLER_4_113,VGND,li1,58.1900,21.7600,0.000384
FILLER_4_90,VGND,li1,47.1500,21.7600,0.000295
FILLER_4_42,VGND,li1,25.3000,21.7600,0.000108
FILLER_4_32,VGND,li1,20.9300,21.7600,0.000110
FILLER_4_29,VGND,li1,19.5500,21.7600,0.000110
FILLER_4_27,VGND,li1,18.1700,21.7600,0.000110
FILLER_4_24,VGND,li1,17.2500,21.7600,0.000110
FILLER_4_21,VGND,li1,15.8700,21.7600,0.000110
FILLER_4_18,VGND,li1,14.4900,21.7600,0.000110
FILLER_4_15,VGND,li1,13.1100,21.7600,0.000110
FILLER_4_12,VGND,li1,11.7300,21.7600,0.000110
FILLER_4_9,VGND,li1,10.3500,21.7600,0.000110
FILLER_4_6,VGND,li1,8.9700,21.7600,0.000110
FILLER_4_3,VGND,li1,7.5900,21.7600,0.000110
FILLER_3_243,VGND,li1,117.7600,21.7600,0.000563
FILLER_3_240,VGND,li1,116.6100,21.7600,0.000563
FILLER_3_237,VGND,li1,115.2300,21.7600,0.000563
FILLER_3_234,VGND,li1,113.8500,21.7600,0.000563
FILLER_3_231,VGND,li1,112.4700,21.7600,0.000563
FILLER_3_228,VGND,li1,111.0900,21.7600,0.000563
FILLER_3_225,VGND,li1,109.7100,21.7600,0.000563
FILLER_3_221,VGND,li1,107.8700,21.7600,0.000563
FILLER_3_212,VGND,li1,103.2700,21.7600,0.000562
FILLER_3_185,VGND,li1,91.3100,21.7600,0.000547
FILLER_3_169,VGND,li1,83.7200,21.7600,0.000524
FILLER_3_130,VGND,li1,66.0100,21.7600,0.000433
FILLER_3_109,VGND,li1,56.3500,21.7600,0.000372
FILLER_3_55,VGND,li1,31.0500,21.7600,0.000158
FILLER_3_27,VGND,li1,18.6300,21.7600,0.000110
FILLER_3_24,VGND,li1,17.2500,21.7600,0.000110
FILLER_3_21,VGND,li1,15.8700,21.7600,0.000110
FILLER_3_18,VGND,li1,14.4900,21.7600,0.000110
FILLER_3_15,VGND,li1,13.1100,21.7600,0.000110
FILLER_3_12,VGND,li1,11.7300,21.7600,0.000110
FILLER_3_9,VGND,li1,10.3500,21.7600,0.000110
FILLER_3_6,VGND,li1,8.9700,21.7600,0.000110
FILLER_3_3,VGND,li1,7.5900,21.7600,0.000110
FILLER_2_242,VGND,li1,117.5300,16.3200,0.000661
FILLER_2_239,VGND,li1,116.1500,16.3200,0.000661
FILLER_2_236,VGND,li1,114.7700,16.3200,0.000661
FILLER_2_233,VGND,li1,113.3900,16.3200,0.000661
FILLER_2_171,VGND,li1,84.6400,16.3200,0.000597
FILLER_2_160,VGND,li1,79.8100,16.3200,0.000575
FILLER_2_123,VGND,li1,62.7900,16.3200,0.000473
FILLER_2_40,VGND,li1,24.1500,16.3200,0.000124
FILLER_2_29,VGND,li1,19.5500,16.3200,0.000126
FILLER_2_21,VGND,li1,15.6400,16.3200,0.000126
FILLER_2_18,VGND,li1,14.4900,16.3200,0.000126
FILLER_2_15,VGND,li1,13.1100,16.3200,0.000126
FILLER_2_12,VGND,li1,11.7300,16.3200,0.000126
FILLER_2_9,VGND,li1,10.3500,16.3200,0.000126
FILLER_2_6,VGND,li1,8.9700,16.3200,0.000126
FILLER_2_3,VGND,li1,7.5900,16.3200,0.000126
FILLER_1_242,VGND,li1,117.5300,16.3200,0.000661
FILLER_1_239,VGND,li1,116.1500,16.3200,0.000661
FILLER_1_236,VGND,li1,114.7700,16.3200,0.000661
FILLER_1_233,VGND,li1,113.3900,16.3200,0.000661
FILLER_1_223,VGND,li1,108.3300,16.3200,0.000660
FILLER_1_213,VGND,li1,103.7300,16.3200,0.000657
FILLER_1_194,VGND,li1,95.2200,16.3200,0.000642
FILLER_1_149,VGND,li1,74.5200,16.3200,0.000539
FILLER_1_116,VGND,li1,59.3400,16.3200,0.000449
FILLER_1_113,VGND,li1,58.1900,16.3200,0.000434
FILLER_1_70,VGND,li1,37.9500,16.3200,0.000271
FILLER_1_30,VGND,li1,19.5500,16.3200,0.000126
FILLER_1_27,VGND,li1,18.6300,16.3200,0.000126
FILLER_1_24,VGND,li1,17.2500,16.3200,0.000126
FILLER_1_21,VGND,li1,15.8700,16.3200,0.000126
FILLER_1_18,VGND,li1,14.4900,16.3200,0.000126
FILLER_1_15,VGND,li1,13.1100,16.3200,0.000126
FILLER_1_12,VGND,li1,11.7300,16.3200,0.000126
FILLER_1_9,VGND,li1,10.3500,16.3200,0.000126
FILLER_1_6,VGND,li1,8.9700,16.3200,0.000126
FILLER_1_3,VGND,li1,7.5900,16.3200,0.000126
FILLER_0_242,VGND,li1,117.5300,10.8800,0.000574
FILLER_0_239,VGND,li1,116.1500,10.8800,0.000574
FILLER_0_236,VGND,li1,114.7700,10.8800,0.000574
FILLER_0_233,VGND,li1,113.3900,10.8800,0.000574
FILLER_0_222,VGND,li1,108.1000,10.8800,0.000574
FILLER_0_172,VGND,li1,84.8700,10.8800,0.000528
FILLER_0_169,VGND,li1,83.9500,10.8800,0.000522
FILLER_0_167,VGND,li1,82.5700,10.8800,0.000522
FILLER_0_141,VGND,li1,70.8400,10.8800,0.000487
FILLER_0_94,VGND,li1,49.2200,10.8800,0.000351
FILLER_0_57,VGND,li1,32.2000,10.8800,0.000189
FILLER_0_29,VGND,li1,19.0900,10.8800,0.000122
FILLER_0_27,VGND,li1,18.1700,10.8800,0.000122
FILLER_0_24,VGND,li1,17.2500,10.8800,0.000122
FILLER_0_21,VGND,li1,15.8700,10.8800,0.000122
FILLER_0_18,VGND,li1,14.4900,10.8800,0.000122
FILLER_0_15,VGND,li1,13.1100,10.8800,0.000122
FILLER_0_12,VGND,li1,11.7300,10.8800,0.000122
FILLER_0_9,VGND,li1,10.3500,10.8800,0.000122
FILLER_0_6,VGND,li1,8.9700,10.8800,0.000122
FILLER_0_3,VGND,li1,7.5900,10.8800,0.000122
rebuffer227,VGND,li1,43.2400,27.2000,0.000184
rebuffer226,VGND,li1,43.2400,21.7600,0.000275
rebuffer225,VGND,li1,34.7300,16.3200,0.000241
rebuffer224,VGND,li1,43.4700,21.7600,0.000275
rebuffer182,VGND,li1,36.3400,38.0800,0.000183
rebuffer181,VGND,li1,41.8600,43.5200,0.000093
rebuffer180,VGND,li1,63.4800,43.5200,0.000142
rebuffer179,VGND,li1,76.5900,54.4000,0.000349
rebuffer178,VGND,li1,100.0500,65.2800,0.000681
rebuffer177,VGND,li1,111.5500,59.8400,0.000555
rebuffer167,VGND,li1,24.3800,92.4800,0.000101
rebuffer149,VGND,li1,36.3400,76.1600,0.000118
rebuffer148,VGND,li1,102.5800,16.3200,0.000655
rebuffer147,VGND,li1,88.7800,21.7600,0.000541
rebuffer146,VGND,li1,107.6400,65.2800,0.000707
rebuffer145,VGND,li1,97.0600,76.1600,0.000342
rebuffer144,VGND,li1,107.1800,38.0800,0.000508
rebuffer143,VGND,li1,97.0600,65.2800,0.000659
rebuffer142,VGND,li1,88.7800,76.1600,0.000327
rebuffer141,VGND,li1,113.1600,32.6400,0.000539
rebuffer140,VGND,li1,84.1800,38.0800,0.000438
rebuffer139,VGND,li1,73.6000,97.9200,0.000291
rebuffer138,VGND,li1,47.3800,108.8000,0.000113
rebuffer137,VGND,li1,103.0400,87.0400,0.000134
rebuffer136,VGND,li1,42.7800,108.8000,0.000100
rebuffer135,VGND,li1,69.4600,97.9200,0.000281
rebuffer134,VGND,li1,83.7200,70.7200,0.000292
rebuffer133,VGND,li1,45.5400,92.4800,0.000200
rebuffer132,VGND,li1,80.9600,48.9600,0.000189
rebuffer131,VGND,li1,77.7400,70.7200,0.000275
rebuffer130,VGND,li1,81.8800,27.2000,0.000329
rebuffer129,VGND,li1,75.4400,92.4800,0.000284
rebuffer128,VGND,li1,26.2200,92.4800,0.000095
rebuffer127,VGND,li1,39.5600,108.8000,0.000093
rebuffer126,VGND,li1,78.6600,43.5200,0.000170
rebuffer125,VGND,li1,72.2200,43.5200,0.000158
rebuffer124,VGND,li1,26.9100,97.9200,0.000107
rebuffer123,VGND,li1,37.4900,114.2400,0.000166
rebuffer122,VGND,li1,23.4600,97.9200,0.000088
fanout121,VGND,li1,73.1400,16.3200,0.000539
load_slew120,VGND,li1,106.7200,81.6000,0.000393
fanout119,VGND,li1,104.4200,81.6000,0.000388
load_slew118,VGND,li1,106.9500,76.1600,0.000360
fanout117,VGND,li1,103.2700,81.6000,0.000388
fanout116,VGND,li1,103.9600,48.9600,0.000223
load_slew115,VGND,li1,100.2800,21.7600,0.000559
load_slew114,VGND,li1,94.7600,21.7600,0.000554
fanout113,VGND,li1,92.9200,10.8800,0.000548
load_slew112,VGND,li1,78.4300,21.7600,0.000500
fanout111,VGND,li1,71.7600,16.3200,0.000521
wire110,VGND,li1,39.7900,81.6000,0.000170
fanout109,VGND,li1,28.9800,76.1600,0.000087
fanout108,VGND,li1,17.0200,103.3600,0.000065
load_slew107,VGND,li1,14.7200,81.6000,0.000110
fanout106,VGND,li1,28.9800,81.6000,0.000118
fanout105,VGND,li1,27.1400,21.7600,0.000129
fanout104,VGND,li1,51.9800,16.3200,0.000394
load_slew103,VGND,li1,50.3700,16.3200,0.000370
fanout102,VGND,li1,46.6900,10.8800,0.000330
load_slew101,VGND,li1,33.8100,27.2000,0.000130
fanout100,VGND,li1,20.7000,21.7600,0.000110
max_cap99,VGND,li1,67.8500,97.9200,0.000281
output98,VGND,li1,12.1900,65.2800,0.000152
output97,VGND,li1,105.5700,10.8800,0.000574
output96,VGND,li1,98.2100,16.3200,0.000652
output95,VGND,li1,86.2500,21.7600,0.000533
output94,VGND,li1,63.7100,10.8800,0.000454
output93,VGND,li1,59.5700,10.8800,0.000435
output92,VGND,li1,67.8500,10.8800,0.000480
output91,VGND,li1,9.6600,48.9600,0.000064
output90,VGND,li1,8.9700,54.4000,0.000119
output89,VGND,li1,8.9700,65.2800,0.000155
output88,VGND,li1,34.7300,10.8800,0.000223
output87,VGND,li1,116.1500,65.2800,0.000738
output86,VGND,li1,112.9300,65.2800,0.000730
output85,VGND,li1,115.9200,97.9200,0.000354
output84,VGND,li1,87.8600,119.6800,0.000512
output83,VGND,li1,74.9800,119.6800,0.000487
output82,VGND,li1,71.3000,119.6800,0.000475
output81,VGND,li1,42.0900,119.6800,0.000315
output80,VGND,li1,37.2600,119.6800,0.000274
output79,VGND,li1,38.6400,119.6800,0.000274
output78,VGND,li1,9.2000,97.9200,0.000115
output77,VGND,li1,30.5900,16.3200,0.000198
output76,VGND,li1,58.8800,119.6800,0.000426
output75,VGND,li1,61.6400,114.2400,0.000274
output74,VGND,li1,8.9700,81.6000,0.000122
output73,VGND,li1,16.3300,92.4800,0.000119
output72,VGND,li1,115.9200,65.2800,0.000738
output71,VGND,li1,116.1500,59.8400,0.000563
output70,VGND,li1,112.9300,54.4000,0.000492
output69,VGND,li1,116.1500,54.4000,0.000497
output68,VGND,li1,116.1500,38.0800,0.000523
output67,VGND,li1,116.1500,32.6400,0.000544
output66,VGND,li1,21.1600,10.8800,0.000122
input65,VGND,li1,22.5400,16.3200,0.000125
input64,VGND,li1,110.8600,16.3200,0.000661
input63,VGND,li1,97.9800,10.8800,0.000559
input62,VGND,li1,92.9200,16.3200,0.000632
input61,VGND,li1,67.6200,16.3200,0.000506
input60,VGND,li1,38.6400,10.8800,0.000259
input59,VGND,li1,51.5200,10.8800,0.000371
input58,VGND,li1,29.4400,10.8800,0.000167
input57,VGND,li1,8.7400,48.9600,0.000064
input56,VGND,li1,16.5600,65.2800,0.000145
input55,VGND,li1,8.7400,43.5200,0.000044
input54,VGND,li1,55.2000,10.8800,0.000401
input53,VGND,li1,112.2400,54.4000,0.000492
input52,VGND,li1,116.3800,92.4800,0.000322
input51,VGND,li1,97.9800,119.6800,0.000515
input50,VGND,li1,85.1000,119.6800,0.000508
input49,VGND,li1,72.2200,119.6800,0.000481
input48,VGND,li1,54.7400,119.6800,0.000401
input47,VGND,li1,59.3400,119.6800,0.000426
input46,VGND,li1,8.7400,114.2400,0.000081
input45,VGND,li1,8.7400,103.3600,0.000071
input44,VGND,li1,33.5800,21.7600,0.000191
input43,VGND,li1,63.0200,119.6800,0.000437
input42,VGND,li1,12.4200,70.7200,0.000060
input41,VGND,li1,8.7400,70.7200,0.000061
input40,VGND,li1,8.7400,92.4800,0.000123
input39,VGND,li1,116.3800,87.0400,0.000139
input38,VGND,li1,116.3800,70.7200,0.000356
input37,VGND,li1,116.3800,81.6000,0.000401
input36,VGND,li1,112.2400,65.2800,0.000730
input35,VGND,li1,109.0200,48.9600,0.000229
input34,VGND,li1,112.7000,48.9600,0.000232
input33,VGND,li1,25.3000,10.8800,0.000119
input32,VGND,li1,110.8600,10.8800,0.000574
input31,VGND,li1,101.6600,10.8800,0.000567
input30,VGND,li1,82.3400,16.3200,0.000587
input29,VGND,li1,80.5000,10.8800,0.000517
input28,VGND,li1,46.4600,16.3200,0.000348
input27,VGND,li1,42.3200,10.8800,0.000292
input26,VGND,li1,47.3800,21.7600,0.000295
input25,VGND,li1,12.8800,54.4000,0.000112
input24,VGND,li1,12.8800,65.2800,0.000152
input23,VGND,li1,8.7400,43.5200,0.000044
input22,VGND,li1,60.2600,16.3200,0.000449
input21,VGND,li1,116.3800,48.9600,0.000233
input20,VGND,li1,116.3800,92.4800,0.000322
input19,VGND,li1,93.3800,119.6800,0.000514
input18,VGND,li1,85.1000,119.6800,0.000508
input17,VGND,li1,68.0800,119.6800,0.000467
input16,VGND,li1,47.3800,119.6800,0.000345
input15,VGND,li1,61.6400,114.2400,0.000274
input14,VGND,li1,27.1400,119.6800,0.000154
input13,VGND,li1,8.7400,103.3600,0.000071
input12,VGND,li1,40.0200,16.3200,0.000291
input11,VGND,li1,51.0600,119.6800,0.000375
input10,VGND,li1,8.7400,76.1600,0.000069
input9,VGND,li1,8.7400,70.7200,0.000061
input8,VGND,li1,8.7400,81.6000,0.000122
input7,VGND,li1,116.3800,87.0400,0.000139
input6,VGND,li1,116.3800,81.6000,0.000401
input5,VGND,li1,116.3800,70.7200,0.000356
input4,VGND,li1,116.3800,59.8400,0.000563
input3,VGND,li1,106.7200,48.9600,0.000226
input2,VGND,li1,109.9400,38.0800,0.000513
input1,VGND,li1,22.0800,16.3200,0.000125
TAP_TAPCELL_ROW_40_253,VGND,li1,108.7900,119.9710,0.000515
TAP_TAPCELL_ROW_40_252,VGND,li1,95.9100,119.9710,0.000515
TAP_TAPCELL_ROW_40_251,VGND,li1,83.0300,119.9710,0.000504
TAP_TAPCELL_ROW_40_250,VGND,li1,70.1500,119.9710,0.000475
TAP_TAPCELL_ROW_40_249,VGND,li1,57.2700,119.9710,0.000413
TAP_TAPCELL_ROW_40_248,VGND,li1,44.3900,119.9710,0.000332
TAP_TAPCELL_ROW_40_247,VGND,li1,31.5100,119.9710,0.000206
TAP_TAPCELL_ROW_40_246,VGND,li1,18.6300,119.9710,0.000128
TAP_TAPCELL_ROW_39_245,VGND,li1,108.7900,119.3880,0.000515
TAP_TAPCELL_ROW_39_244,VGND,li1,83.0300,119.3880,0.000504
TAP_TAPCELL_ROW_39_243,VGND,li1,57.2700,119.3880,0.000413
TAP_TAPCELL_ROW_39_242,VGND,li1,31.5100,119.3880,0.000206
TAP_TAPCELL_ROW_38_241,VGND,li1,95.9100,114.5310,0.000307
TAP_TAPCELL_ROW_38_240,VGND,li1,70.1500,114.5310,0.000290
TAP_TAPCELL_ROW_38_239,VGND,li1,44.3900,114.5310,0.000197
TAP_TAPCELL_ROW_38_238,VGND,li1,18.6300,114.5310,0.000079
TAP_TAPCELL_ROW_37_237,VGND,li1,108.7900,113.9480,0.000307
TAP_TAPCELL_ROW_37_236,VGND,li1,83.0300,113.9480,0.000304
TAP_TAPCELL_ROW_37_235,VGND,li1,57.2700,113.9480,0.000254
TAP_TAPCELL_ROW_37_234,VGND,li1,31.5100,113.9480,0.000126
TAP_TAPCELL_ROW_36_233,VGND,li1,95.9100,109.0910,0.000184
TAP_TAPCELL_ROW_36_232,VGND,li1,70.1500,109.0910,0.000160
TAP_TAPCELL_ROW_36_231,VGND,li1,44.3900,109.0910,0.000107
TAP_TAPCELL_ROW_36_230,VGND,li1,18.6300,109.0910,0.000042
TAP_TAPCELL_ROW_35_229,VGND,li1,108.7900,108.5080,0.000184
TAP_TAPCELL_ROW_35_228,VGND,li1,83.0300,108.5080,0.000180
TAP_TAPCELL_ROW_35_227,VGND,li1,57.2700,108.5080,0.000136
TAP_TAPCELL_ROW_35_226,VGND,li1,31.5100,108.5080,0.000062
TAP_TAPCELL_ROW_34_225,VGND,li1,95.9100,103.6510,0.000171
TAP_TAPCELL_ROW_34_224,VGND,li1,70.1500,103.6510,0.000162
TAP_TAPCELL_ROW_34_223,VGND,li1,44.3900,103.6510,0.000116
TAP_TAPCELL_ROW_34_222,VGND,li1,18.6300,103.6510,0.000065
TAP_TAPCELL_ROW_33_221,VGND,li1,108.7900,103.0680,0.000171
TAP_TAPCELL_ROW_33_220,VGND,li1,83.0300,103.0680,0.000170
TAP_TAPCELL_ROW_33_219,VGND,li1,57.2700,103.0680,0.000141
TAP_TAPCELL_ROW_33_218,VGND,li1,31.5100,103.0680,0.000080
TAP_TAPCELL_ROW_32_217,VGND,li1,95.9100,98.2110,0.000332
TAP_TAPCELL_ROW_32_216,VGND,li1,70.1500,98.2110,0.000286
TAP_TAPCELL_ROW_32_215,VGND,li1,44.3900,98.2110,0.000188
TAP_TAPCELL_ROW_32_214,VGND,li1,18.6300,98.2110,0.000102
TAP_TAPCELL_ROW_31_213,VGND,li1,108.7900,97.6280,0.000345
TAP_TAPCELL_ROW_31_212,VGND,li1,83.0300,97.6280,0.000312
TAP_TAPCELL_ROW_31_211,VGND,li1,57.2700,97.6280,0.000241
TAP_TAPCELL_ROW_31_210,VGND,li1,31.5100,97.6280,0.000128
TAP_TAPCELL_ROW_30_209,VGND,li1,95.9100,92.7710,0.000314
TAP_TAPCELL_ROW_30_208,VGND,li1,70.1500,92.7710,0.000272
TAP_TAPCELL_ROW_30_207,VGND,li1,44.3900,92.7710,0.000191
TAP_TAPCELL_ROW_30_206,VGND,li1,18.6300,92.7710,0.000114
TAP_TAPCELL_ROW_29_205,VGND,li1,108.7900,92.1880,0.000320
TAP_TAPCELL_ROW_29_204,VGND,li1,83.0300,92.1880,0.000300
TAP_TAPCELL_ROW_29_203,VGND,li1,57.2700,92.1880,0.000240
TAP_TAPCELL_ROW_29_202,VGND,li1,31.5100,92.1880,0.000124
TAP_TAPCELL_ROW_28_201,VGND,li1,95.9100,87.3310,0.000129
TAP_TAPCELL_ROW_28_200,VGND,li1,70.1500,87.3310,0.000110
TAP_TAPCELL_ROW_28_199,VGND,li1,44.3900,87.3310,0.000084
TAP_TAPCELL_ROW_28_198,VGND,li1,18.6300,87.3310,0.000054
TAP_TAPCELL_ROW_27_197,VGND,li1,108.7900,86.7480,0.000136
TAP_TAPCELL_ROW_27_196,VGND,li1,83.0300,86.7480,0.000120
TAP_TAPCELL_ROW_27_195,VGND,li1,57.2700,86.7480,0.000100
TAP_TAPCELL_ROW_27_194,VGND,li1,31.5100,86.7480,0.000060
TAP_TAPCELL_ROW_26_193,VGND,li1,95.9100,81.8910,0.000373
TAP_TAPCELL_ROW_26_192,VGND,li1,70.1500,81.8910,0.000291
TAP_TAPCELL_ROW_26_191,VGND,li1,44.3900,81.8910,0.000191
TAP_TAPCELL_ROW_26_190,VGND,li1,18.6300,81.8910,0.000100
TAP_TAPCELL_ROW_25_189,VGND,li1,108.7900,81.3080,0.000396
TAP_TAPCELL_ROW_25_188,VGND,li1,83.0300,81.3080,0.000334
TAP_TAPCELL_ROW_25_187,VGND,li1,57.2700,81.3080,0.000238
TAP_TAPCELL_ROW_25_186,VGND,li1,31.5100,81.3080,0.000127
TAP_TAPCELL_ROW_24_185,VGND,li1,95.9100,76.4510,0.000342
TAP_TAPCELL_ROW_24_184,VGND,li1,70.1500,76.4510,0.000262
TAP_TAPCELL_ROW_24_183,VGND,li1,44.3900,76.4510,0.000154
TAP_TAPCELL_ROW_24_182,VGND,li1,18.6300,76.4510,0.000066
TAP_TAPCELL_ROW_23_181,VGND,li1,108.7900,75.8680,0.000362
TAP_TAPCELL_ROW_23_180,VGND,li1,83.0300,75.8680,0.000311
TAP_TAPCELL_ROW_23_179,VGND,li1,57.2700,75.8680,0.000211
TAP_TAPCELL_ROW_23_178,VGND,li1,31.5100,75.8680,0.000099
TAP_TAPCELL_ROW_22_177,VGND,li1,95.9100,71.0110,0.000329
TAP_TAPCELL_ROW_22_176,VGND,li1,70.1500,71.0110,0.000240
TAP_TAPCELL_ROW_22_175,VGND,li1,44.3900,71.0110,0.000138
TAP_TAPCELL_ROW_22_174,VGND,li1,18.6300,71.0110,0.000055
TAP_TAPCELL_ROW_21_173,VGND,li1,108.7900,70.4280,0.000351
TAP_TAPCELL_ROW_21_172,VGND,li1,83.0300,70.4280,0.000292
TAP_TAPCELL_ROW_21_171,VGND,li1,57.2700,70.4280,0.000188
TAP_TAPCELL_ROW_21_170,VGND,li1,31.5100,70.4280,0.000078
TAP_TAPCELL_ROW_20_169,VGND,li1,95.9100,65.5710,0.000659
TAP_TAPCELL_ROW_20_168,VGND,li1,70.1500,65.5710,0.000506
TAP_TAPCELL_ROW_20_167,VGND,li1,44.3900,65.5710,0.000301
TAP_TAPCELL_ROW_20_166,VGND,li1,18.6300,65.5710,0.000139
TAP_TAPCELL_ROW_19_165,VGND,li1,108.7900,64.9880,0.000718
TAP_TAPCELL_ROW_19_164,VGND,li1,83.0300,64.9880,0.000581
TAP_TAPCELL_ROW_19_163,VGND,li1,57.2700,64.9880,0.000406
TAP_TAPCELL_ROW_19_162,VGND,li1,31.5100,64.9880,0.000192
TAP_TAPCELL_ROW_18_161,VGND,li1,95.9100,60.1310,0.000505
TAP_TAPCELL_ROW_18_160,VGND,li1,70.1500,60.1310,0.000388
TAP_TAPCELL_ROW_18_159,VGND,li1,44.3900,60.1310,0.000242
TAP_TAPCELL_ROW_18_158,VGND,li1,18.6300,60.1310,0.000110
TAP_TAPCELL_ROW_17_157,VGND,li1,108.7900,59.5480,0.000548
TAP_TAPCELL_ROW_17_156,VGND,li1,83.0300,59.5480,0.000448
TAP_TAPCELL_ROW_17_155,VGND,li1,57.2700,59.5480,0.000329
TAP_TAPCELL_ROW_17_154,VGND,li1,31.5100,59.5480,0.000152
TAP_TAPCELL_ROW_16_153,VGND,li1,95.9100,54.6910,0.000429
TAP_TAPCELL_ROW_16_152,VGND,li1,70.1500,54.6910,0.000316
TAP_TAPCELL_ROW_16_151,VGND,li1,44.3900,54.6910,0.000186
TAP_TAPCELL_ROW_16_150,VGND,li1,18.6300,54.6910,0.000100
TAP_TAPCELL_ROW_15_149,VGND,li1,108.7900,54.1080,0.000480
TAP_TAPCELL_ROW_15_148,VGND,li1,83.0300,54.1080,0.000372
TAP_TAPCELL_ROW_15_147,VGND,li1,57.2700,54.1080,0.000253
TAP_TAPCELL_ROW_15_146,VGND,li1,31.5100,54.1080,0.000116
TAP_TAPCELL_ROW_14_145,VGND,li1,95.9100,49.2510,0.000211
TAP_TAPCELL_ROW_14_144,VGND,li1,70.1500,49.2510,0.000164
TAP_TAPCELL_ROW_14_143,VGND,li1,44.3900,49.2510,0.000094
TAP_TAPCELL_ROW_14_142,VGND,li1,18.6300,49.2510,0.000051
TAP_TAPCELL_ROW_13_141,VGND,li1,108.7900,48.6680,0.000229
TAP_TAPCELL_ROW_13_140,VGND,li1,83.0300,48.6680,0.000192
TAP_TAPCELL_ROW_13_139,VGND,li1,57.2700,48.6680,0.000128
TAP_TAPCELL_ROW_13_138,VGND,li1,31.5100,48.6680,0.000063
TAP_TAPCELL_ROW_12_137,VGND,li1,95.9100,43.8110,0.000196
TAP_TAPCELL_ROW_12_136,VGND,li1,70.1500,43.8110,0.000154
TAP_TAPCELL_ROW_12_135,VGND,li1,44.3900,43.8110,0.000098
TAP_TAPCELL_ROW_12_134,VGND,li1,18.6300,43.8110,0.000040
TAP_TAPCELL_ROW_11_133,VGND,li1,108.7900,43.2280,0.000211
TAP_TAPCELL_ROW_11_132,VGND,li1,83.0300,43.2280,0.000176
TAP_TAPCELL_ROW_11_131,VGND,li1,57.2700,43.2280,0.000128
TAP_TAPCELL_ROW_11_130,VGND,li1,31.5100,43.2280,0.000062
TAP_TAPCELL_ROW_10_129,VGND,li1,95.9100,38.3710,0.000479
TAP_TAPCELL_ROW_10_128,VGND,li1,70.1500,38.3710,0.000383
TAP_TAPCELL_ROW_10_127,VGND,li1,44.3900,38.3710,0.000234
TAP_TAPCELL_ROW_10_126,VGND,li1,18.6300,38.3710,0.000082
TAP_TAPCELL_ROW_9_125,VGND,li1,108.7900,37.7880,0.000508
TAP_TAPCELL_ROW_9_124,VGND,li1,83.0300,37.7880,0.000428
TAP_TAPCELL_ROW_9_123,VGND,li1,57.2700,37.7880,0.000318
TAP_TAPCELL_ROW_9_122,VGND,li1,31.5100,37.7880,0.000146
TAP_TAPCELL_ROW_8_121,VGND,li1,95.9100,32.9310,0.000490
TAP_TAPCELL_ROW_8_120,VGND,li1,70.1500,32.9310,0.000392
TAP_TAPCELL_ROW_8_119,VGND,li1,44.3900,32.9310,0.000235
TAP_TAPCELL_ROW_8_118,VGND,li1,18.6300,32.9310,0.000080
TAP_TAPCELL_ROW_7_117,VGND,li1,108.7900,32.3480,0.000530
TAP_TAPCELL_ROW_7_116,VGND,li1,83.0300,32.3480,0.000449
TAP_TAPCELL_ROW_7_115,VGND,li1,57.2700,32.3480,0.000321
TAP_TAPCELL_ROW_7_114,VGND,li1,31.5100,32.3480,0.000141
TAP_TAPCELL_ROW_6_113,VGND,li1,95.9100,27.4910,0.000352
TAP_TAPCELL_ROW_6_112,VGND,li1,70.1500,27.4910,0.000297
TAP_TAPCELL_ROW_6_111,VGND,li1,44.3900,27.4910,0.000184
TAP_TAPCELL_ROW_6_110,VGND,li1,18.6300,27.4910,0.000066
TAP_TAPCELL_ROW_5_109,VGND,li1,108.7900,26.9080,0.000364
TAP_TAPCELL_ROW_5_108,VGND,li1,83.0300,26.9080,0.000329
TAP_TAPCELL_ROW_5_107,VGND,li1,57.2700,26.9080,0.000243
TAP_TAPCELL_ROW_5_106,VGND,li1,31.5100,26.9080,0.000118
TAP_TAPCELL_ROW_4_105,VGND,li1,95.9100,22.0510,0.000554
TAP_TAPCELL_ROW_4_104,VGND,li1,70.1500,22.0510,0.000457
TAP_TAPCELL_ROW_4_103,VGND,li1,44.3900,22.0510,0.000275
TAP_TAPCELL_ROW_4_102,VGND,li1,18.6300,22.0510,0.000110
TAP_TAPCELL_ROW_3_101,VGND,li1,108.7900,21.4680,0.000563
TAP_TAPCELL_ROW_3_100,VGND,li1,83.0300,21.4680,0.000515
TAP_TAPCELL_ROW_3_99,VGND,li1,57.2700,21.4680,0.000372
TAP_TAPCELL_ROW_3_98,VGND,li1,31.5100,21.4680,0.000158
TAP_TAPCELL_ROW_2_97,VGND,li1,95.9100,16.6110,0.000642
TAP_TAPCELL_ROW_2_96,VGND,li1,70.1500,16.6110,0.000521
TAP_TAPCELL_ROW_2_95,VGND,li1,44.3900,16.6110,0.000330
TAP_TAPCELL_ROW_2_94,VGND,li1,18.6300,16.6110,0.000126
TAP_TAPCELL_ROW_1_93,VGND,li1,108.7900,16.0280,0.000660
TAP_TAPCELL_ROW_1_92,VGND,li1,83.0300,16.0280,0.000587
TAP_TAPCELL_ROW_1_91,VGND,li1,57.2700,16.0280,0.000434
TAP_TAPCELL_ROW_1_90,VGND,li1,31.5100,16.0280,0.000198
TAP_TAPCELL_ROW_0_89,VGND,li1,108.7900,11.1710,0.000574
TAP_TAPCELL_ROW_0_88,VGND,li1,95.9100,11.1710,0.000555
TAP_TAPCELL_ROW_0_87,VGND,li1,83.0300,11.1710,0.000522
TAP_TAPCELL_ROW_0_86,VGND,li1,70.1500,11.1710,0.000487
TAP_TAPCELL_ROW_0_85,VGND,li1,57.2700,11.1710,0.000417
TAP_TAPCELL_ROW_0_84,VGND,li1,44.3900,11.1710,0.000310
TAP_TAPCELL_ROW_0_83,VGND,li1,31.5100,11.1710,0.000189
TAP_TAPCELL_ROW_0_82,VGND,li1,18.6300,11.1710,0.000122
PHY_EDGE_ROW_40_Left_81,VGND,li1,6.2100,119.6800,0.000128
PHY_EDGE_ROW_39_Left_80,VGND,li1,6.2100,119.6800,0.000128
PHY_EDGE_ROW_38_Left_79,VGND,li1,6.2100,114.2400,0.000081
PHY_EDGE_ROW_37_Left_78,VGND,li1,6.2100,114.2400,0.000081
PHY_EDGE_ROW_36_Left_77,VGND,li1,6.2100,108.8000,0.000042
PHY_EDGE_ROW_35_Left_76,VGND,li1,6.2100,108.8000,0.000042
PHY_EDGE_ROW_34_Left_75,VGND,li1,6.2100,103.3600,0.000071
PHY_EDGE_ROW_33_Left_74,VGND,li1,6.2100,103.3600,0.000071
PHY_EDGE_ROW_32_Left_73,VGND,li1,6.2100,97.9200,0.000115
PHY_EDGE_ROW_31_Left_72,VGND,li1,6.2100,97.9200,0.000115
PHY_EDGE_ROW_30_Left_71,VGND,li1,6.2100,92.4800,0.000123
PHY_EDGE_ROW_29_Left_70,VGND,li1,6.2100,92.4800,0.000123
PHY_EDGE_ROW_28_Left_69,VGND,li1,6.2100,87.0400,0.000058
PHY_EDGE_ROW_27_Left_68,VGND,li1,6.2100,87.0400,0.000058
PHY_EDGE_ROW_26_Left_67,VGND,li1,6.2100,81.6000,0.000122
PHY_EDGE_ROW_25_Left_66,VGND,li1,6.2100,81.6000,0.000122
PHY_EDGE_ROW_24_Left_65,VGND,li1,6.2100,76.1600,0.000069
PHY_EDGE_ROW_23_Left_64,VGND,li1,6.2100,76.1600,0.000069
PHY_EDGE_ROW_22_Left_63,VGND,li1,6.2100,70.7200,0.000061
PHY_EDGE_ROW_21_Left_62,VGND,li1,6.2100,70.7200,0.000061
PHY_EDGE_ROW_20_Left_61,VGND,li1,6.2100,65.2800,0.000155
PHY_EDGE_ROW_19_Left_60,VGND,li1,6.2100,65.2800,0.000155
PHY_EDGE_ROW_18_Left_59,VGND,li1,6.2100,59.8400,0.000117
PHY_EDGE_ROW_17_Left_58,VGND,li1,6.2100,59.8400,0.000117
PHY_EDGE_ROW_16_Left_57,VGND,li1,6.2100,54.4000,0.000119
PHY_EDGE_ROW_15_Left_56,VGND,li1,6.2100,54.4000,0.000119
PHY_EDGE_ROW_14_Left_55,VGND,li1,6.2100,48.9600,0.000064
PHY_EDGE_ROW_13_Left_54,VGND,li1,6.2100,48.9600,0.000064
PHY_EDGE_ROW_12_Left_53,VGND,li1,6.2100,43.5200,0.000044
PHY_EDGE_ROW_11_Left_52,VGND,li1,6.2100,43.5200,0.000044
PHY_EDGE_ROW_10_Left_51,VGND,li1,6.2100,38.0800,0.000082
PHY_EDGE_ROW_9_Left_50,VGND,li1,6.2100,38.0800,0.000082
PHY_EDGE_ROW_8_Left_49,VGND,li1,6.2100,32.6400,0.000080
PHY_EDGE_ROW_7_Left_48,VGND,li1,6.2100,32.6400,0.000080
PHY_EDGE_ROW_6_Left_47,VGND,li1,6.2100,27.2000,0.000066
PHY_EDGE_ROW_5_Left_46,VGND,li1,6.2100,27.2000,0.000066
PHY_EDGE_ROW_4_Left_45,VGND,li1,6.2100,21.7600,0.000110
PHY_EDGE_ROW_3_Left_44,VGND,li1,6.2100,21.7600,0.000110
PHY_EDGE_ROW_2_Left_43,VGND,li1,6.2100,16.3200,0.000126
PHY_EDGE_ROW_1_Left_42,VGND,li1,6.2100,16.3200,0.000126
PHY_EDGE_ROW_0_Left_41,VGND,li1,6.2100,10.8800,0.000122
PHY_EDGE_ROW_40_Right_40,VGND,li1,118.9100,119.6800,0.000515
PHY_EDGE_ROW_39_Right_39,VGND,li1,118.9100,119.6800,0.000515
PHY_EDGE_ROW_38_Right_38,VGND,li1,118.9100,114.2400,0.000307
PHY_EDGE_ROW_37_Right_37,VGND,li1,118.9100,114.2400,0.000307
PHY_EDGE_ROW_36_Right_36,VGND,li1,118.9100,108.8000,0.000184
PHY_EDGE_ROW_35_Right_35,VGND,li1,118.9100,108.8000,0.000184
PHY_EDGE_ROW_34_Right_34,VGND,li1,118.9100,103.3600,0.000171
PHY_EDGE_ROW_33_Right_33,VGND,li1,118.9100,103.3600,0.000171
PHY_EDGE_ROW_32_Right_32,VGND,li1,118.9100,97.9200,0.000354
PHY_EDGE_ROW_31_Right_31,VGND,li1,118.9100,97.9200,0.000354
PHY_EDGE_ROW_30_Right_30,VGND,li1,118.9100,92.4800,0.000322
PHY_EDGE_ROW_29_Right_29,VGND,li1,118.9100,92.4800,0.000322
PHY_EDGE_ROW_28_Right_28,VGND,li1,118.9100,87.0400,0.000139
PHY_EDGE_ROW_27_Right_27,VGND,li1,118.9100,87.0400,0.000139
PHY_EDGE_ROW_26_Right_26,VGND,li1,118.9100,81.6000,0.000401
PHY_EDGE_ROW_25_Right_25,VGND,li1,118.9100,81.6000,0.000401
PHY_EDGE_ROW_24_Right_24,VGND,li1,118.9100,76.1600,0.000365
PHY_EDGE_ROW_23_Right_23,VGND,li1,118.9100,76.1600,0.000365
PHY_EDGE_ROW_22_Right_22,VGND,li1,118.9100,70.7200,0.000356
PHY_EDGE_ROW_21_Right_21,VGND,li1,118.9100,70.7200,0.000356
PHY_EDGE_ROW_20_Right_20,VGND,li1,118.9100,65.2800,0.000738
PHY_EDGE_ROW_19_Right_19,VGND,li1,118.9100,65.2800,0.000738
PHY_EDGE_ROW_18_Right_18,VGND,li1,118.9100,59.8400,0.000563
PHY_EDGE_ROW_17_Right_17,VGND,li1,118.9100,59.8400,0.000563
PHY_EDGE_ROW_16_Right_16,VGND,li1,118.9100,54.4000,0.000497
PHY_EDGE_ROW_15_Right_15,VGND,li1,118.9100,54.4000,0.000497
PHY_EDGE_ROW_14_Right_14,VGND,li1,118.9100,48.9600,0.000233
PHY_EDGE_ROW_13_Right_13,VGND,li1,118.9100,48.9600,0.000233
PHY_EDGE_ROW_12_Right_12,VGND,li1,118.9100,43.5200,0.000214
PHY_EDGE_ROW_11_Right_11,VGND,li1,118.9100,43.5200,0.000214
PHY_EDGE_ROW_10_Right_10,VGND,li1,118.9100,38.0800,0.000523
PHY_EDGE_ROW_9_Right_9,VGND,li1,118.9100,38.0800,0.000523
PHY_EDGE_ROW_8_Right_8,VGND,li1,118.9100,32.6400,0.000544
PHY_EDGE_ROW_7_Right_7,VGND,li1,118.9100,32.6400,0.000544
PHY_EDGE_ROW_6_Right_6,VGND,li1,118.9100,27.2000,0.000367
PHY_EDGE_ROW_5_Right_5,VGND,li1,118.9100,27.2000,0.000367
PHY_EDGE_ROW_4_Right_4,VGND,li1,118.9100,21.7600,0.000563
PHY_EDGE_ROW_3_Right_3,VGND,li1,118.9100,21.7600,0.000563
PHY_EDGE_ROW_2_Right_2,VGND,li1,118.9100,16.3200,0.000661
PHY_EDGE_ROW_1_Right_1,VGND,li1,118.9100,16.3200,0.000661
PHY_EDGE_ROW_0_Right_0,VGND,li1,118.9100,10.8800,0.000574
_730_,VGND,li1,77.5100,16.3200,0.000563
_729_,VGND,li1,74.9800,10.8800,0.000502
_728_,VGND,li1,81.4200,16.3200,0.000575
_727_,VGND,li1,84.4100,16.3200,0.000597
_726_,VGND,li1,77.5100,16.3200,0.000563
_725_,VGND,li1,98.6700,32.6400,0.000499
_724_,VGND,li1,107.4100,32.6400,0.000525
_723_,VGND,li1,103.9600,38.0800,0.000499
_722_,VGND,li1,106.9500,32.6400,0.000525
_721_,VGND,li1,106.0300,43.5200,0.000209
_720_,VGND,li1,112.0100,43.5200,0.000213
_719_,VGND,li1,101.4300,43.5200,0.000203
_718_,VGND,li1,110.6300,38.0800,0.000513
_717_,VGND,li1,105.1100,38.0800,0.000503
_716_,VGND,li1,110.6300,32.6400,0.000534
_715_,VGND,li1,106.4900,43.5200,0.000209
_714_,VGND,li1,114.0800,43.5200,0.000214
_713_,VGND,li1,114.5400,48.9600,0.000232
_712_,VGND,li1,110.1700,43.5200,0.000211
_711_,VGND,li1,113.8500,38.0800,0.000518
_710_,VGND,li1,116.6100,43.5200,0.000214
_709_,VGND,li1,100.0500,27.2000,0.000359
_708_,VGND,li1,98.9000,21.7600,0.000559
_707_,VGND,li1,93.6100,27.2000,0.000348
_706_,VGND,li1,87.1700,16.3200,0.000610
_705_,VGND,li1,92.6900,27.2000,0.000348
_704_,VGND,li1,88.3200,16.3200,0.000610
_703_,VGND,li1,87.6300,10.8800,0.000536
_702_,VGND,li1,81.6500,21.7600,0.000515
_701_,VGND,li1,89.4700,21.7600,0.000541
_700_,VGND,li1,101.4300,16.3200,0.000655
_699_,VGND,li1,105.5700,21.7600,0.000563
_698_,VGND,li1,106.0300,16.3200,0.000659
_697_,VGND,li1,106.0300,16.3200,0.000659
_696_,VGND,li1,105.3400,21.7600,0.000563
_695_,VGND,li1,111.0900,16.3200,0.000661
_694_,VGND,li1,108.3300,21.7600,0.000563
_693_,VGND,li1,88.5500,70.7200,0.000311
_692_,VGND,li1,92.6900,70.7200,0.000324
_691_,VGND,li1,94.3000,65.2800,0.000646
_690_,VGND,li1,98.4400,70.7200,0.000337
_689_,VGND,li1,100.5100,65.2800,0.000681
_688_,VGND,li1,102.3500,76.1600,0.000354
_687_,VGND,li1,109.2500,65.2800,0.000718
_686_,VGND,li1,112.4700,59.8400,0.000555
_685_,VGND,li1,89.4700,81.6000,0.000354
_684_,VGND,li1,88.5500,76.1600,0.000327
_683_,VGND,li1,94.0700,81.6000,0.000369
_682_,VGND,li1,91.3100,76.1600,0.000333
_681_,VGND,li1,112.4700,81.6000,0.000399
_680_,VGND,li1,101.4300,76.1600,0.000354
_679_,VGND,li1,98.4400,70.7200,0.000337
_678_,VGND,li1,98.4400,76.1600,0.000348
_677_,VGND,li1,103.9600,65.2800,0.000698
_676_,VGND,li1,106.0300,65.2800,0.000707
_675_,VGND,li1,106.9500,54.4000,0.000474
_674_,VGND,li1,103.2700,70.7200,0.000345
_673_,VGND,li1,113.1600,70.7200,0.000355
_672_,VGND,li1,104.1900,54.4000,0.000463
_671_,VGND,li1,113.1600,76.1600,0.000365
_670_,VGND,li1,112.4700,76.1600,0.000365
_669_,VGND,li1,110.6300,70.7200,0.000353
_668_,VGND,li1,106.9500,76.1600,0.000360
_667_,VGND,li1,117.0700,76.1600,0.000365
_666_,VGND,li1,102.3500,70.7200,0.000342
_665_,VGND,li1,96.8300,81.6000,0.000373
_664_,VGND,li1,100.0500,81.6000,0.000382
_663_,VGND,li1,99.5900,81.6000,0.000382
_662_,VGND,li1,112.4700,81.6000,0.000399
_661_,VGND,li1,112.9300,87.0400,0.000138
_660_,VGND,li1,109.2500,81.6000,0.000396
_659_,VGND,li1,20.9300,87.0400,0.000052
_658_,VGND,li1,11.2700,87.0400,0.000058
_657_,VGND,li1,11.7300,92.4800,0.000122
_656_,VGND,li1,8.5100,92.4800,0.000123
_655_,VGND,li1,12.1900,81.6000,0.000116
_654_,VGND,li1,11.0400,87.0400,0.000058
_653_,VGND,li1,54.9700,21.7600,0.000353
_652_,VGND,li1,92.0000,38.0800,0.000467
_651_,VGND,li1,11.9600,59.8400,0.000117
_650_,VGND,li1,112.0100,70.7200,0.000353
_649_,VGND,li1,107.6400,70.7200,0.000349
_648_,VGND,li1,106.2600,70.7200,0.000349
_647_,VGND,li1,99.1300,59.8400,0.000516
_646_,VGND,li1,93.6100,70.7200,0.000324
_645_,VGND,li1,98.4400,59.8400,0.000516
_644_,VGND,li1,105.5700,59.8400,0.000540
_643_,VGND,li1,106.2600,59.8400,0.000540
_642_,VGND,li1,106.9500,54.4000,0.000474
_641_,VGND,li1,97.7500,65.2800,0.000669
_640_,VGND,li1,76.1300,54.4000,0.000349
_639_,VGND,li1,114.7700,32.6400,0.000539
_638_,VGND,li1,110.1700,27.2000,0.000365
_637_,VGND,li1,114.7700,27.2000,0.000367
_636_,VGND,li1,101.4300,27.2000,0.000359
_635_,VGND,li1,98.6700,16.3200,0.000652
_634_,VGND,li1,92.4600,16.3200,0.000632
_633_,VGND,li1,92.6900,21.7600,0.000547
_632_,VGND,li1,76.3600,32.6400,0.000419
_631_,VGND,li1,82.1100,21.7600,0.000515
_630_,VGND,li1,70.8400,27.2000,0.000297
_629_,VGND,li1,62.7900,16.3200,0.000473
_628_,VGND,li1,59.8000,21.7600,0.000384
_627_,VGND,li1,62.7900,21.7600,0.000413
_626_,VGND,li1,62.1000,32.6400,0.000352
_625_,VGND,li1,62.7900,38.0800,0.000349
_624_,VGND,li1,64.6300,38.0800,0.000359
_623_,VGND,li1,34.2700,43.5200,0.000071
_622_,VGND,li1,34.5000,38.0800,0.000169
_621_,VGND,li1,33.8100,32.6400,0.000158
_620_,VGND,li1,33.3500,27.2000,0.000130
_619_,VGND,li1,39.1000,27.2000,0.000163
_618_,VGND,li1,39.1000,21.7600,0.000235
_617_,VGND,li1,34.7300,16.3200,0.000241
_616_,VGND,li1,26.4500,16.3200,0.000151
_615_,VGND,li1,28.2900,16.3200,0.000172
_614_,VGND,li1,25.9900,59.8400,0.000120
_613_,VGND,li1,16.7900,54.4000,0.000106
_612_,VGND,li1,21.3900,54.4000,0.000093
_611_,VGND,li1,30.1300,59.8400,0.000152
_610_,VGND,li1,33.8100,59.8400,0.000180
_609_,VGND,li1,23.9200,59.8400,0.000103
_608_,VGND,li1,50.1400,59.8400,0.000277
_607_,VGND,li1,10.8100,54.4000,0.000116
_606_,VGND,li1,10.8100,59.8400,0.000117
_605_,VGND,li1,33.8100,59.8400,0.000180
_604_,VGND,li1,35.1900,65.2800,0.000226
_603_,VGND,li1,39.3300,59.8400,0.000215
_602_,VGND,li1,36.1100,65.2800,0.000226
_601_,VGND,li1,38.4100,65.2800,0.000252
_600_,VGND,li1,50.3700,59.8400,0.000289
_599_,VGND,li1,38.8700,59.8400,0.000215
_598_,VGND,li1,61.4100,65.2800,0.000440
_597_,VGND,li1,60.2600,59.8400,0.000342
_596_,VGND,li1,33.3500,65.2800,0.000209
_595_,VGND,li1,19.5500,59.8400,0.000110
_594_,VGND,li1,16.5600,59.8400,0.000113
_593_,VGND,li1,20.4700,59.8400,0.000108
_592_,VGND,li1,17.0200,65.2800,0.000139
_591_,VGND,li1,19.5500,65.2800,0.000132
_590_,VGND,li1,77.5100,65.2800,0.000550
_589_,VGND,li1,74.2900,65.2800,0.000533
_588_,VGND,li1,74.2900,65.2800,0.000533
_587_,VGND,li1,63.2500,59.8400,0.000356
_586_,VGND,li1,59.5700,59.8400,0.000342
_585_,VGND,li1,55.2000,59.8400,0.000317
_584_,VGND,li1,58.1900,54.4000,0.000253
_583_,VGND,li1,61.1800,54.4000,0.000274
_582_,VGND,li1,59.1100,54.4000,0.000265
_581_,VGND,li1,70.8400,65.2800,0.000506
_580_,VGND,li1,66.4700,59.8400,0.000377
_579_,VGND,li1,71.9900,70.7200,0.000249
_578_,VGND,li1,74.5200,81.6000,0.000307
_577_,VGND,li1,65.5500,65.2800,0.000473
_576_,VGND,li1,81.1900,92.4800,0.000296
_575_,VGND,li1,76.8200,92.4800,0.000291
_574_,VGND,li1,77.5100,70.7200,0.000275
_573_,VGND,li1,71.9900,92.4800,0.000277
_572_,VGND,li1,89.0100,92.4800,0.000307
_571_,VGND,li1,81.8800,97.9200,0.000312
_570_,VGND,li1,71.9900,59.8400,0.000397
_569_,VGND,li1,72.9100,54.4000,0.000329
_568_,VGND,li1,76.8200,59.8400,0.000425
_567_,VGND,li1,74.2900,59.8400,0.000412
_566_,VGND,li1,77.7400,59.8400,0.000425
_565_,VGND,li1,79.8100,54.4000,0.000365
_564_,VGND,li1,89.9300,97.9200,0.000324
_563_,VGND,li1,87.1700,97.9200,0.000319
_562_,VGND,li1,88.5500,97.9200,0.000324
_561_,VGND,li1,92.2300,97.9200,0.000327
_560_,VGND,li1,89.0100,108.8000,0.000184
_559_,VGND,li1,78.4300,97.9200,0.000302
_558_,VGND,li1,78.8900,108.8000,0.000174
_557_,VGND,li1,93.1500,92.4800,0.000313
_556_,VGND,li1,99.5900,87.0400,0.000132
_555_,VGND,li1,98.9000,92.4800,0.000317
_554_,VGND,li1,102.3500,92.4800,0.000318
_553_,VGND,li1,101.4300,92.4800,0.000318
_552_,VGND,li1,85.3300,108.8000,0.000182
_551_,VGND,li1,84.8700,103.3600,0.000171
_550_,VGND,li1,85.3300,108.8000,0.000182
_549_,VGND,li1,88.7800,108.8000,0.000184
_548_,VGND,li1,91.7700,114.2400,0.000307
_547_,VGND,li1,91.7700,114.2400,0.000307
_546_,VGND,li1,93.3800,119.6800,0.000514
_545_,VGND,li1,90.8500,119.6800,0.000513
_544_,VGND,li1,82.1100,108.8000,0.000178
_543_,VGND,li1,77.9700,114.2400,0.000301
_542_,VGND,li1,79.3500,103.3600,0.000169
_541_,VGND,li1,77.0500,103.3600,0.000168
_540_,VGND,li1,71.9900,114.2400,0.000293
_539_,VGND,li1,71.9900,108.8000,0.000163
_538_,VGND,li1,72.4500,114.2400,0.000293
_537_,VGND,li1,81.6500,114.2400,0.000303
_536_,VGND,li1,80.7300,114.2400,0.000303
_535_,VGND,li1,81.1900,119.6800,0.000501
_534_,VGND,li1,80.9600,119.6800,0.000501
_533_,VGND,li1,85.3300,114.2400,0.000305
_532_,VGND,li1,88.0900,119.6800,0.000512
_531_,VGND,li1,68.5400,103.3600,0.000159
_530_,VGND,li1,72.6800,97.9200,0.000291
_529_,VGND,li1,72.9100,103.3600,0.000165
_528_,VGND,li1,72.4500,103.3600,0.000165
_527_,VGND,li1,68.7700,108.8000,0.000160
_526_,VGND,li1,67.8500,114.2400,0.000287
_525_,VGND,li1,67.8500,114.2400,0.000287
_524_,VGND,li1,68.5400,119.6800,0.000467
_523_,VGND,li1,64.6300,114.2400,0.000280
_522_,VGND,li1,65.3200,119.6800,0.000455
_521_,VGND,li1,64.6300,114.2400,0.000280
_520_,VGND,li1,75.4400,76.1600,0.000289
_519_,VGND,li1,67.3900,92.4800,0.000267
_518_,VGND,li1,67.6200,92.4800,0.000267
_517_,VGND,li1,45.3100,97.9200,0.000188
_516_,VGND,li1,46.9200,97.9200,0.000201
_515_,VGND,li1,35.6500,97.9200,0.000150
_514_,VGND,li1,43.4700,103.3600,0.000111
_513_,VGND,li1,46.2300,119.6800,0.000345
_512_,VGND,li1,47.6100,114.2400,0.000217
_511_,VGND,li1,41.8600,114.2400,0.000184
_510_,VGND,li1,37.2600,114.2400,0.000166
_509_,VGND,li1,40.7100,114.2400,0.000184
_508_,VGND,li1,34.9600,103.3600,0.000088
_507_,VGND,li1,43.4700,114.2400,0.000197
_506_,VGND,li1,42.7800,119.6800,0.000315
_505_,VGND,li1,47.6100,108.8000,0.000113
_504_,VGND,li1,44.3900,108.8000,0.000107
_503_,VGND,li1,46.6900,103.3600,0.000122
_502_,VGND,li1,49.9100,103.3600,0.000127
_501_,VGND,li1,54.9700,103.3600,0.000137
_500_,VGND,li1,53.8200,103.3600,0.000137
_499_,VGND,li1,54.9700,108.8000,0.000133
_498_,VGND,li1,59.5700,103.3600,0.000144
_497_,VGND,li1,33.8100,119.6800,0.000234
_496_,VGND,li1,33.3500,114.2400,0.000142
_495_,VGND,li1,36.8000,108.8000,0.000086
_494_,VGND,li1,37.0300,108.8000,0.000086
_493_,VGND,li1,53.5900,114.2400,0.000243
_492_,VGND,li1,50.6000,119.6800,0.000375
_491_,VGND,li1,56.1200,114.2400,0.000254
_490_,VGND,li1,61.4100,119.6800,0.000437
_489_,VGND,li1,59.1100,114.2400,0.000265
_488_,VGND,li1,54.9700,119.6800,0.000401
_487_,VGND,li1,32.2000,114.2400,0.000126
_486_,VGND,li1,34.2700,108.8000,0.000077
_485_,VGND,li1,31.0500,103.3600,0.000080
_484_,VGND,li1,21.6200,103.3600,0.000060
_483_,VGND,li1,25.7600,114.2400,0.000093
_482_,VGND,li1,28.7500,103.3600,0.000073
_481_,VGND,li1,25.0700,108.8000,0.000041
_480_,VGND,li1,28.9800,92.4800,0.000108
_479_,VGND,li1,22.5400,103.3600,0.000060
_478_,VGND,li1,27.3700,103.3600,0.000063
_477_,VGND,li1,22.3100,108.8000,0.000042
_476_,VGND,li1,21.3900,114.2400,0.000078
_475_,VGND,li1,24.6100,114.2400,0.000077
_474_,VGND,li1,23.9200,119.6800,0.000127
_473_,VGND,li1,20.4700,119.6800,0.000128
_472_,VGND,li1,20.0100,114.2400,0.000078
_471_,VGND,li1,23.4600,97.9200,0.000088
_470_,VGND,li1,40.4800,92.4800,0.000177
_469_,VGND,li1,39.7900,92.4800,0.000177
_468_,VGND,li1,29.4400,81.6000,0.000118
_467_,VGND,li1,36.5700,92.4800,0.000160
_466_,VGND,li1,43.0100,92.4800,0.000191
_465_,VGND,li1,41.6300,97.9200,0.000178
_464_,VGND,li1,35.6500,87.0400,0.000070
_463_,VGND,li1,20.9300,97.9200,0.000098
_462_,VGND,li1,13.3400,97.9200,0.000109
_461_,VGND,li1,12.6500,103.3600,0.000069
_460_,VGND,li1,11.2700,97.9200,0.000113
_459_,VGND,li1,15.4100,97.9200,0.000105
_458_,VGND,li1,14.0300,103.3600,0.000069
_457_,VGND,li1,53.5900,92.4800,0.000229
_456_,VGND,li1,50.1400,92.4800,0.000217
_455_,VGND,li1,51.0600,87.0400,0.000095
_454_,VGND,li1,43.0100,87.0400,0.000084
_453_,VGND,li1,54.9700,92.4800,0.000229
_452_,VGND,li1,39.7900,97.9200,0.000170
_451_,VGND,li1,49.9100,92.4800,0.000217
_450_,VGND,li1,58.1900,92.4800,0.000240
_449_,VGND,li1,58.8800,97.9200,0.000241
_448_,VGND,li1,55.8900,97.9200,0.000234
_447_,VGND,li1,52.4400,81.6000,0.000225
_446_,VGND,li1,40.2500,87.0400,0.000080
_445_,VGND,li1,54.0500,87.0400,0.000098
_444_,VGND,li1,53.3600,81.6000,0.000225
_443_,VGND,li1,28.5200,87.0400,0.000055
_442_,VGND,li1,25.9900,87.0400,0.000046
_441_,VGND,li1,23.0000,87.0400,0.000049
_440_,VGND,li1,36.5700,81.6000,0.000157
_439_,VGND,li1,35.1900,81.6000,0.000148
_438_,VGND,li1,33.3500,76.1600,0.000108
_437_,VGND,li1,32.8900,81.6000,0.000138
_436_,VGND,li1,31.9700,70.7200,0.000086
_435_,VGND,li1,33.3500,76.1600,0.000108
_434_,VGND,li1,29.2100,76.1600,0.000087
_433_,VGND,li1,18.1700,87.0400,0.000055
_432_,VGND,li1,20.7000,92.4800,0.000108
_431_,VGND,li1,20.9300,81.6000,0.000094
_430_,VGND,li1,14.9500,76.1600,0.000068
_429_,VGND,li1,17.9400,76.1600,0.000066
_428_,VGND,li1,20.0100,70.7200,0.000054
_427_,VGND,li1,15.8700,70.7200,0.000057
_426_,VGND,li1,12.1900,76.1600,0.000069
_425_,VGND,li1,25.0700,87.0400,0.000046
_424_,VGND,li1,75.9000,76.1600,0.000289
_423_,VGND,li1,75.4400,48.9600,0.000180
_422_,VGND,li1,80.2700,76.1600,0.000305
_421_,VGND,li1,75.4400,43.5200,0.000166
_420_,VGND,li1,78.2000,43.5200,0.000170
_419_,VGND,li1,48.3000,38.0800,0.000267
_418_,VGND,li1,41.6300,43.5200,0.000093
_417_,VGND,li1,40.2500,32.6400,0.000205
_416_,VGND,li1,40.0200,27.2000,0.000163
_415_,VGND,li1,76.8200,48.9600,0.000180
_414_,VGND,li1,99.5900,38.0800,0.000486
_413_,VGND,li1,102.8100,43.5200,0.000206
_412_,VGND,li1,102.3500,21.7600,0.000562
_411_,VGND,li1,75.4400,38.0800,0.000405
_410_,VGND,li1,71.0700,43.5200,0.000158
_409_,VGND,li1,72.9100,27.2000,0.000305
_408_,VGND,li1,77.2800,27.2000,0.000317
_407_,VGND,li1,73.8300,21.7600,0.000476
_406_,VGND,li1,67.6200,27.2000,0.000287
_405_,VGND,li1,40.4800,38.0800,0.000212
_404_,VGND,li1,44.3900,43.5200,0.000098
_403_,VGND,li1,45.3100,38.0800,0.000247
_402_,VGND,li1,40.2500,38.0800,0.000212
_401_,VGND,li1,48.9900,32.6400,0.000267
_400_,VGND,li1,47.1500,27.2000,0.000202
_399_,VGND,li1,47.1500,32.6400,0.000254
_398_,VGND,li1,29.6700,32.6400,0.000127
_397_,VGND,li1,28.2900,38.0800,0.000120
_396_,VGND,li1,31.9700,38.0800,0.000146
_395_,VGND,li1,29.6700,32.6400,0.000127
_394_,VGND,li1,30.1300,43.5200,0.000055
_393_,VGND,li1,33.8100,21.7600,0.000191
_392_,VGND,li1,28.5200,21.7600,0.000129
_391_,VGND,li1,24.1500,21.7600,0.000109
_390_,VGND,li1,30.1300,21.7600,0.000158
_389_,VGND,li1,27.3700,27.2000,0.000085
_388_,VGND,li1,17.2500,16.3200,0.000126
_387_,VGND,li1,23.2300,21.7600,0.000109
_386_,VGND,li1,38.4100,21.7600,0.000235
_385_,VGND,li1,40.4800,16.3200,0.000291
_384_,VGND,li1,43.4700,27.2000,0.000184
_383_,VGND,li1,45.7700,27.2000,0.000194
_382_,VGND,li1,53.5900,16.3200,0.000394
_381_,VGND,li1,45.7700,21.7600,0.000295
_380_,VGND,li1,48.9900,16.3200,0.000370
_379_,VGND,li1,44.3900,16.3200,0.000330
_378_,VGND,li1,70.6100,38.0800,0.000383
_377_,VGND,li1,73.3700,38.0800,0.000397
_376_,VGND,li1,74.7500,32.6400,0.000419
_375_,VGND,li1,80.7300,32.6400,0.000443
_374_,VGND,li1,83.0300,32.6400,0.000449
_373_,VGND,li1,80.0400,27.2000,0.000324
_372_,VGND,li1,83.9500,27.2000,0.000333
_371_,VGND,li1,86.7100,32.6400,0.000463
_370_,VGND,li1,86.2500,32.6400,0.000463
_369_,VGND,li1,84.4100,27.2000,0.000333
_368_,VGND,li1,60.0300,38.0800,0.000335
_367_,VGND,li1,59.5700,32.6400,0.000336
_366_,VGND,li1,55.2000,32.6400,0.000308
_365_,VGND,li1,63.2500,32.6400,0.000352
_364_,VGND,li1,60.9500,27.2000,0.000262
_363_,VGND,li1,55.8900,32.6400,0.000308
_362_,VGND,li1,58.6500,38.0800,0.000318
_361_,VGND,li1,57.0400,38.0800,0.000318
_360_,VGND,li1,71.5300,21.7600,0.000457
_359_,VGND,li1,53.5900,21.7600,0.000353
_358_,VGND,li1,56.5800,16.3200,0.000417
_357_,VGND,li1,51.2900,27.2000,0.000221
_356_,VGND,li1,56.3500,27.2000,0.000243
_355_,VGND,li1,54.9700,16.3200,0.000417
_354_,VGND,li1,54.5100,27.2000,0.000235
_353_,VGND,li1,48.5300,21.7600,0.000316
_352_,VGND,li1,63.7100,21.7600,0.000413
_351_,VGND,li1,51.7500,21.7600,0.000340
_350_,VGND,li1,65.0900,16.3200,0.000489
_349_,VGND,li1,68.3100,16.3200,0.000506
